signal_bar,entry_bar,exit_bar,direction,entry_price,exit_price,outcome,pnl_pip,sl_pip,bars_held
193,194,197,short,1384.3,1380.673675,win,32.96324999999952,24.17550000000011,3
198,199,203,long,1379.5,1383.126325,win,32.96324999999952,24.17550000000011,4
215,216,233,short,1383.45,1379.823675,win,32.96324999999952,24.17550000000011,17
260,261,262,long,1378.35,1375.9324499999998,loss,-27.475500000001194,24.17550000000011,1
312,313,315,short,1379.55,1375.923675,win,32.96324999999952,24.17550000000011,2
324,325,333,long,1374.2,1371.78245,loss,-27.475500000001194,24.17550000000011,8
417,418,429,long,1356.95,1354.53245,loss,-27.475500000001194,24.17550000000011,11
438,439,439,short,1374.6,1377.01755,loss,-27.475500000001194,24.17550000000011,0
456,457,464,short,1368.85,1371.26755,loss,-27.475500000001194,24.17550000000011,7
679,680,687,short,1384.15,1386.5675500000002,loss,-27.475500000001194,24.17550000000011,7
802,803,805,short,1391.9,1388.2736750000001,win,32.96324999999952,24.17550000000011,2
869,870,872,long,1375.2,1372.78245,loss,-27.475500000001194,24.17550000000011,2
1597,1598,1599,long,1330.4,1334.026325,win,32.96324999999952,24.17550000000011,1
1664,1665,1666,long,1339.2,1336.78245,loss,-27.475500000001194,24.17550000000011,1
1776,1777,1778,short,1329.5,1331.9175500000001,loss,-27.475500000001194,24.17550000000011,1
2121,2122,2125,long,1329.45,1333.076325,win,32.96324999999952,24.17550000000011,3
2151,2152,2153,short,1351.6,1354.01755,loss,-27.475500000001194,24.17550000000011,1
2466,2467,2506,long,1362.3,1365.926325,win,32.96324999999952,24.17550000000011,39
2668,2669,2679,long,1363.6,1361.1824499999998,loss,-27.475500000001194,24.17550000000011,10
2691,2692,2694,long,1362.5,1366.126325,win,32.96324999999952,24.17550000000011,2
2759,2760,2787,short,1359.05,1361.46755,loss,-27.475500000001194,24.17550000000011,27
2962,2963,2970,long,1371.35,1374.9763249999999,win,32.96324999999952,24.17550000000011,7
3050,3051,3065,short,1378.35,1380.76755,loss,-27.475500000001194,24.17550000000011,14
3293,3294,3296,long,1401.65,1399.23245,loss,-27.475500000001194,24.17550000000011,2
3306,3307,3307,long,1399.5,1397.0824499999999,loss,-27.475500000001194,24.17550000000011,0
3311,3312,3314,long,1394.05,1397.676325,win,32.96324999999952,24.17550000000011,2
3322,3323,3324,long,1399.65,1403.276325,win,32.96324999999952,24.17550000000011,1
3431,3432,3435,short,1413.95,1416.3675500000002,loss,-27.475500000001194,24.17550000000011,3
3435,3436,3439,short,1415.15,1411.5236750000001,win,32.96324999999952,24.17550000000011,3
3482,3483,3487,long,1408.75,1412.376325,win,32.96324999999952,24.17550000000011,4
3579,3580,3586,short,1408.3,1404.673675,win,32.96324999999952,24.17550000000011,6
3586,3587,3587,short,1404.8,1401.173675,win,32.96324999999952,24.17550000000011,0
3769,3770,3777,short,1413.35,1415.76755,loss,-27.475500000001194,24.17550000000011,7
3786,3787,3790,short,1421.85,1418.223675,win,32.96324999999952,24.17550000000011,3
3850,3851,3871,long,1429.9,1433.526325,win,32.96324999999952,24.17550000000011,20
3873,3874,3881,short,1432.6,1435.01755,loss,-27.475500000001194,24.17550000000011,7
4075,4076,4091,short,1430.55,1426.923675,win,32.96324999999952,24.17550000000011,15
4155,4156,4162,short,1442.6,1438.973675,win,32.96324999999952,24.17550000000011,6
4241,4242,4255,short,1434.7,1431.073675,win,32.96324999999952,24.17550000000011,13
4430,4431,4433,long,1420.6,1418.1824499999998,loss,-27.475500000001194,24.17550000000011,2
4630,4631,4633,long,1422.4,1426.026325,win,32.96324999999952,24.17550000000011,2
4637,4638,4644,long,1422.8,1426.426325,win,32.96324999999952,24.17550000000011,6
4692,4693,4695,long,1416.2,1413.78245,loss,-27.475500000001194,24.17550000000011,2
5051,5052,5064,long,1426.7,1430.326325,win,32.96324999999952,24.17550000000011,12
5064,5065,5068,short,1431.1,1433.51755,loss,-27.475500000001194,24.17550000000011,3
5362,5363,5365,long,1431.95,1429.53245,loss,-27.475500000001194,24.17550000000011,2
5500,5501,5510,long,1418.8,1416.3824499999998,loss,-27.475500000001194,24.17550000000011,9
5530,5531,5532,short,1419.0,1421.4175500000001,loss,-27.475500000001194,24.17550000000011,1
5532,5533,5538,short,1422.75,1419.123675,win,32.96324999999952,24.17550000000011,5
5585,5586,5594,short,1420.15,1416.5236750000001,win,32.96324999999952,24.17550000000011,8
5705,5706,5709,short,1428.95,1425.323675,win,32.96324999999952,24.17550000000011,3
5715,5716,5716,long,1414.75,1412.3324499999999,loss,-27.475500000001194,24.17550000000011,0
5758,5759,5775,short,1425.5,1427.9175500000001,loss,-27.475500000001194,24.17550000000011,16
5779,5780,5784,short,1427.1,1429.51755,loss,-27.475500000001194,24.17550000000011,4
5789,5790,5791,short,1427.9,1430.3175500000002,loss,-27.475500000001194,24.17550000000011,1
5960,5961,5977,short,1433.85,1436.26755,loss,-27.475500000001194,24.17550000000011,16
6087,6088,6093,short,1447.75,1450.1675500000001,loss,-27.475500000001194,24.17550000000011,5
6149,6150,6154,short,1458.35,1454.723675,win,32.96324999999952,24.17550000000011,4
6245,6246,6263,short,1459.0,1455.373675,win,32.96324999999952,24.17550000000011,17
6349,6350,6355,short,1472.0,1468.373675,win,32.96324999999952,24.17550000000011,5
6359,6360,6364,long,1467.25,1470.876325,win,32.96324999999952,24.17550000000011,4
6545,6546,6546,long,1459.7,1457.28245,loss,-27.475500000001194,24.17550000000011,0
6550,6551,6551,long,1449.1,1446.6824499999998,loss,-27.475500000001194,24.17550000000011,0
6742,6743,6760,short,1472.55,1474.96755,loss,-27.475500000001194,24.17550000000011,17
6762,6763,6769,short,1476.8,1479.21755,loss,-27.475500000001194,24.17550000000011,6
6787,6788,6793,long,1473.85,1477.4763249999999,win,32.96324999999952,24.17550000000011,5
6887,6888,6904,short,1485.5,1481.873675,win,32.96324999999952,24.17550000000011,16
6989,6990,7003,short,1495.95,1492.323675,win,32.96324999999952,24.17550000000011,13
7008,7009,7009,long,1491.85,1489.4324499999998,loss,-27.475500000001194,24.17550000000011,0
7011,7012,7016,long,1491.65,1495.276325,win,32.96324999999952,24.17550000000011,4
7093,7094,7105,long,1500.7,1504.326325,win,32.96324999999952,24.17550000000011,11
7167,7168,7169,long,1503.7,1507.326325,win,32.96324999999952,24.17550000000011,1
7351,7352,7361,short,1503.4,1505.8175500000002,loss,-27.475500000001194,24.17550000000011,9
7362,7363,7368,short,1505.25,1501.623675,win,32.96324999999952,24.17550000000011,5
7373,7374,7374,short,1503.1,1505.51755,loss,-27.475500000001194,24.17550000000011,0
7379,7380,7381,long,1499.2,1496.78245,loss,-27.475500000001194,24.17550000000011,1
7426,7427,7434,short,1506.1,1508.51755,loss,-27.475500000001194,24.17550000000011,7
7438,7439,7447,long,1508.25,1505.8324499999999,loss,-27.475500000001194,24.17550000000011,8
7496,7497,7510,short,1529.3,1525.673675,win,32.96324999999952,24.17550000000011,13
7517,7518,7523,long,1528.65,1526.23245,loss,-27.475500000001194,24.17550000000011,5
7534,7535,7541,short,1529.75,1532.1675500000001,loss,-27.475500000001194,24.17550000000011,6
7544,7545,7560,short,1531.2,1527.573675,win,32.96324999999952,24.17550000000011,15
7643,7644,7651,short,1536.1,1538.51755,loss,-27.475500000001194,24.17550000000011,7
7673,7674,7674,short,1555.9,1558.3175500000002,loss,-27.475500000001194,24.17550000000011,0
7691,7692,7692,short,1555.35,1551.723675,win,32.96324999999952,24.17550000000011,0
7699,7700,7700,long,1545.75,1549.376325,win,32.96324999999952,24.17550000000011,0
7774,7775,7781,long,1544.15,1541.73245,loss,-27.475500000001194,24.17550000000011,6
7836,7837,7838,long,1538.75,1542.376325,win,32.96324999999952,24.17550000000011,1
7943,7944,7945,long,1523.15,1520.73245,loss,-27.475500000001194,24.17550000000011,1
8016,8017,8018,long,1500.75,1498.3324499999999,loss,-27.475500000001194,24.17550000000011,1
8077,8078,8089,short,1487.6,1483.973675,win,32.96324999999952,24.17550000000011,11
8097,8098,8101,long,1479.4,1476.98245,loss,-27.475500000001194,24.17550000000011,3
8101,8102,8102,long,1476.7,1480.326325,win,32.96324999999952,24.17550000000011,0
8395,8396,8399,long,1512.5,1510.0824499999999,loss,-27.475500000001194,24.17550000000011,3
8400,8401,8402,long,1508.8,1506.3824499999998,loss,-27.475500000001194,24.17550000000011,1
8409,8410,8410,long,1503.05,1500.6324499999998,loss,-27.475500000001194,24.17550000000011,0
8460,8461,8462,short,1504.25,1500.623675,win,32.96324999999952,24.17550000000011,1
8465,8466,8468,long,1492.0,1495.626325,win,32.96324999999952,24.17550000000011,2
8469,8470,8473,long,1493.35,1490.9324499999998,loss,-27.475500000001194,24.17550000000011,3
8490,8491,8491,long,1488.95,1492.576325,win,32.96324999999952,24.17550000000011,0
8557,8558,8561,short,1509.55,1511.96755,loss,-27.475500000001194,24.17550000000011,3
8561,8562,8569,short,1514.05,1510.423675,win,32.96324999999952,24.17550000000011,7
8570,8571,8576,short,1514.1,1510.473675,win,32.96324999999952,24.17550000000011,5
8600,8601,8604,long,1491.3,1494.926325,win,32.96324999999952,24.17550000000011,3
8615,8616,8616,long,1492.65,1490.23245,loss,-27.475500000001194,24.17550000000011,0
8646,8647,8648,long,1492.85,1490.4324499999998,loss,-27.475500000001194,24.17550000000011,1
8768,8769,8774,long,1478.6,1482.2263249999999,win,32.96324999999952,24.17550000000011,5
8824,8825,8839,short,1491.55,1493.96755,loss,-27.475500000001194,24.17550000000011,14
9027,9028,9039,short,1503.65,1500.0236750000001,win,32.96324999999952,24.17550000000011,11
9041,9042,9045,long,1494.65,1498.276325,win,32.96324999999952,24.17550000000011,3
9312,9313,9335,short,1526.75,1529.1675500000001,loss,-27.475500000001194,24.17550000000011,22
9399,9400,9402,long,1524.35,1521.9324499999998,loss,-27.475500000001194,24.17550000000011,2
9639,9640,9658,long,1534.8,1538.426325,win,32.96324999999952,24.17550000000011,18
9783,9784,9787,short,1549.4,1545.7736750000001,win,32.96324999999952,24.17550000000011,3
9789,9790,9791,short,1545.15,1541.5236750000001,win,32.96324999999952,24.17550000000011,1
9877,9878,9880,long,1523.9,1527.526325,win,32.96324999999952,24.17550000000011,2
9937,9938,9942,long,1529.25,1532.876325,win,32.96324999999952,24.17550000000011,4
9950,9951,9954,long,1525.9,1529.526325,win,32.96324999999952,24.17550000000011,3
10148,10149,10151,long,1543.65,1547.276325,win,32.96324999999952,24.17550000000011,2
10165,10166,10189,long,1544.1,1541.6824499999998,loss,-27.475500000001194,24.17550000000011,23
10195,10196,10216,long,1538.85,1536.4324499999998,loss,-27.475500000001194,24.17550000000011,20
10221,10222,10228,long,1536.65,1534.23245,loss,-27.475500000001194,24.17550000000011,6
10341,10342,10346,short,1547.75,1544.123675,win,32.96324999999952,24.17550000000011,4
10346,10347,10349,short,1544.4,1540.7736750000001,win,32.96324999999952,24.17550000000011,2
10371,10372,10373,short,1542.35,1544.76755,loss,-27.475500000001194,24.17550000000011,1
10400,10401,10410,long,1543.15,1540.73245,loss,-27.475500000001194,24.17550000000011,9
10423,10424,10426,long,1527.85,1531.4763249999999,win,32.96324999999952,24.17550000000011,2
10600,10601,10607,long,1515.9,1519.526325,win,32.96324999999952,24.17550000000011,6
10677,10678,10685,long,1521.55,1519.1324499999998,loss,-27.475500000001194,24.17550000000011,7
10881,10882,10891,short,1528.6,1531.01755,loss,-27.475500000001194,24.17550000000011,9
10902,10903,10915,short,1536.75,1539.1675500000001,loss,-27.475500000001194,24.17550000000011,12
11166,11167,11168,short,1549.55,1551.96755,loss,-27.475500000001194,24.17550000000011,1
11402,11403,11412,long,1501.8,1499.3824499999998,loss,-27.475500000001194,24.17550000000011,9
12214,12215,12217,short,1589.0,1591.4175500000001,loss,-27.475500000001194,24.17550000000011,2
12419,12420,12425,short,1596.45,1598.8675500000002,loss,-27.475500000001194,24.17550000000011,5
12503,12504,12516,short,1619.7,1616.073675,win,32.96324999999952,24.17550000000011,12
12517,12518,12523,short,1618.15,1614.5236750000001,win,32.96324999999952,24.17550000000011,5
12525,12526,12531,long,1614.6,1612.1824499999998,loss,-27.475500000001194,24.17550000000011,5
12858,12859,12867,long,1613.25,1610.8324499999999,loss,-27.475500000001194,24.17550000000011,8
12892,12893,12895,short,1629.35,1631.76755,loss,-27.475500000001194,24.17550000000011,2
12898,12899,12899,short,1624.0,1626.4175500000001,loss,-27.475500000001194,24.17550000000011,0
13048,13049,13052,short,1623.9,1626.3175500000002,loss,-27.475500000001194,24.17550000000011,3
13072,13073,13073,short,1637.05,1639.46755,loss,-27.475500000001194,24.17550000000011,0
13145,13146,13148,short,1671.15,1667.5236750000001,win,32.96324999999952,24.17550000000011,2
13166,13167,13168,long,1662.4,1666.026325,win,32.96324999999952,24.17550000000011,1
13275,13276,13276,long,1647.55,1651.176325,win,32.96324999999952,24.17550000000011,0
13352,13353,13353,long,1651.2,1654.826325,win,32.96324999999952,24.17550000000011,0
13454,13455,13455,long,1704.3,1707.926325,win,32.96324999999952,24.17550000000011,0
13458,13459,13460,short,1709.9,1712.3175500000002,loss,-27.475500000001194,24.17550000000011,1
13465,13466,13467,short,1719.2,1715.573675,win,32.96324999999952,24.17550000000011,1
13550,13551,13551,long,1741.25,1738.8324499999999,loss,-27.475500000001194,24.17550000000011,0
13632,13633,13633,short,1769.9,1766.2736750000001,win,32.96324999999952,24.17550000000011,0
13667,13668,13668,short,1810.2,1806.573675,win,32.96324999999952,24.17550000000011,0
13715,13716,13716,long,1775.15,1778.776325,win,32.96324999999952,24.17550000000011,0
13717,13718,13718,long,1779.2,1782.826325,win,32.96324999999952,24.17550000000011,0
13779,13780,13781,long,1767.05,1764.6324499999998,loss,-27.475500000001194,24.17550000000011,1
13786,13787,13788,short,1759.75,1762.1675500000001,loss,-27.475500000001194,24.17550000000011,1
13980,13981,13982,short,1773.05,1775.46755,loss,-27.475500000001194,24.17550000000011,1
13984,13985,13987,short,1777.35,1779.76755,loss,-27.475500000001194,24.17550000000011,2
13990,13991,13991,short,1779.4,1775.7736750000001,win,32.96324999999952,24.17550000000011,0
14382,14383,14383,short,1884.75,1887.1675500000001,loss,-27.475500000001194,24.17550000000011,0
14390,14391,14391,short,1886.75,1889.1675500000001,loss,-27.475500000001194,24.17550000000011,0
14425,14426,14430,short,1897.95,1900.3675500000002,loss,-27.475500000001194,24.17550000000011,4
14509,14510,14510,long,1843.3,1840.8824499999998,loss,-27.475500000001194,24.17550000000011,0
14544,14545,14545,short,1853.35,1849.723675,win,32.96324999999952,24.17550000000011,0
14564,14565,14565,long,1782.15,1779.73245,loss,-27.475500000001194,24.17550000000011,0
14596,14597,14597,long,1752.25,1749.8324499999999,loss,-27.475500000001194,24.17550000000011,0
14620,14621,14621,long,1733.9,1731.48245,loss,-27.475500000001194,24.17550000000011,0
14726,14727,14727,short,1790.9,1787.2736750000001,win,32.96324999999952,24.17550000000011,0
14787,14788,14788,short,1816.55,1812.923675,win,32.96324999999952,24.17550000000011,0
14800,14801,14802,long,1821.15,1818.73245,loss,-27.475500000001194,24.17550000000011,1
14808,14809,14809,short,1820.05,1816.423675,win,32.96324999999952,24.17550000000011,0
14833,14834,14835,short,1821.8,1818.173675,win,32.96324999999952,24.17550000000011,1
14842,14843,14843,long,1782.05,1779.6324499999998,loss,-27.475500000001194,24.17550000000011,0
14927,14928,14928,short,1821.1,1823.51755,loss,-27.475500000001194,24.17550000000011,0
15188,15189,15189,short,1852.45,1854.8675500000002,loss,-27.475500000001194,24.17550000000011,0
15209,15210,15210,short,1875.35,1877.76755,loss,-27.475500000001194,24.17550000000011,0
15227,15228,15230,short,1873.95,1876.3675500000002,loss,-27.475500000001194,24.17550000000011,2
15511,15512,15512,long,1816.35,1813.9324499999998,loss,-27.475500000001194,24.17550000000011,0
15516,15517,15517,short,1831.05,1833.46755,loss,-27.475500000001194,24.17550000000011,0
15647,15648,15648,long,1830.5,1828.0824499999999,loss,-27.475500000001194,24.17550000000011,0
15789,15790,15790,short,1819.0,1821.4175500000001,loss,-27.475500000001194,24.17550000000011,0
15800,15801,15808,short,1831.65,1834.0675500000002,loss,-27.475500000001194,24.17550000000011,7
15828,15829,15829,long,1806.6,1810.2263249999999,win,32.96324999999952,24.17550000000011,0
16062,16063,16063,short,1788.15,1790.5675500000002,loss,-27.475500000001194,24.17550000000011,0
16069,16070,16070,short,1785.75,1782.123675,win,32.96324999999952,24.17550000000011,0
16074,16075,16075,long,1778.8,1776.3824499999998,loss,-27.475500000001194,24.17550000000011,0
16080,16081,16081,long,1770.3,1767.8824499999998,loss,-27.475500000001194,24.17550000000011,0
16085,16086,16088,long,1765.75,1769.376325,win,32.96324999999952,24.17550000000011,2
16088,16089,16092,long,1767.0,1770.626325,win,32.96324999999952,24.17550000000011,3
16100,16101,16101,short,1776.2,1778.6175500000002,loss,-27.475500000001194,24.17550000000011,0
16112,16113,16113,short,1786.1,1788.51755,loss,-27.475500000001194,24.17550000000011,0
16116,16117,16117,short,1788.8,1785.173675,win,32.96324999999952,24.17550000000011,0
16118,16119,16119,short,1782.4,1784.8175500000002,loss,-27.475500000001194,24.17550000000011,0
16220,16221,16221,long,1783.35,1786.9763249999999,win,32.96324999999952,24.17550000000011,0
16230,16231,16231,long,1772.95,1770.53245,loss,-27.475500000001194,24.17550000000011,0
16232,16233,16234,long,1774.05,1771.6324499999998,loss,-27.475500000001194,24.17550000000011,1
16261,16262,16265,short,1783.25,1779.623675,win,32.96324999999952,24.17550000000011,3
16414,16415,16416,short,1807.4,1809.8175500000002,loss,-27.475500000001194,24.17550000000011,1
16544,16545,16548,short,1745.6,1741.973675,win,32.96324999999952,24.17550000000011,3
16552,16553,16553,long,1738.1,1735.6824499999998,loss,-27.475500000001194,24.17550000000011,0
16561,16562,16562,long,1744.4,1741.98245,loss,-27.475500000001194,24.17550000000011,0
16579,16580,16580,long,1707.15,1704.73245,loss,-27.475500000001194,24.17550000000011,0
16594,16595,16595,long,1677.0,1674.5824499999999,loss,-27.475500000001194,24.17550000000011,0
16616,16617,16617,long,1652.55,1650.1324499999998,loss,-27.475500000001194,24.17550000000011,0
16620,16621,16621,long,1634.65,1638.276325,win,32.96324999999952,24.17550000000011,0
16624,16625,16625,short,1651.05,1653.46755,loss,-27.475500000001194,24.17550000000011,0
16626,16627,16627,short,1655.95,1658.3675500000002,loss,-27.475500000001194,24.17550000000011,0
16642,16643,16643,long,1625.85,1623.4324499999998,loss,-27.475500000001194,24.17550000000011,0
16649,16650,16650,long,1574.4,1571.98245,loss,-27.475500000001194,24.17550000000011,0
16660,16661,16661,long,1610.85,1608.4324499999998,loss,-27.475500000001194,24.17550000000011,0
16923,16924,16924,short,1617.75,1620.1675500000001,loss,-27.475500000001194,24.17550000000011,0
16926,16927,16928,short,1615.5,1617.9175500000001,loss,-27.475500000001194,24.17550000000011,1
16945,16946,16948,long,1617.5,1615.0824499999999,loss,-27.475500000001194,24.17550000000011,2
16950,16951,16951,long,1603.8,1607.426325,win,32.96324999999952,24.17550000000011,0
16952,16953,16953,long,1610.2,1613.826325,win,32.96324999999952,24.17550000000011,0
17054,17055,17055,long,1618.95,1622.576325,win,32.96324999999952,24.17550000000011,0
17244,17245,17245,long,1612.2,1615.826325,win,32.96324999999952,24.17550000000011,0
17247,17248,17248,long,1622.45,1620.03245,loss,-27.475500000001194,24.17550000000011,0
17266,17267,17268,short,1623.65,1626.0675500000002,loss,-27.475500000001194,24.17550000000011,1
17275,17276,17276,short,1630.05,1632.46755,loss,-27.475500000001194,24.17550000000011,0
17288,17289,17292,short,1628.65,1625.0236750000001,win,32.96324999999952,24.17550000000011,3
17293,17294,17294,short,1629.5,1625.873675,win,32.96324999999952,24.17550000000011,0
17300,17301,17301,long,1624.15,1627.776325,win,32.96324999999952,24.17550000000011,0
17309,17310,17310,long,1618.6,1616.1824499999998,loss,-27.475500000001194,24.17550000000011,0
17322,17323,17325,long,1612.8,1610.3824499999998,loss,-27.475500000001194,24.17550000000011,2
17402,17403,17403,short,1651.3,1653.71755,loss,-27.475500000001194,24.17550000000011,0
17681,17682,17682,long,1660.75,1658.3324499999999,loss,-27.475500000001194,24.17550000000011,0
17685,17686,17690,long,1662.7,1660.28245,loss,-27.475500000001194,24.17550000000011,4
17804,17805,17806,long,1674.35,1677.9763249999999,win,32.96324999999952,24.17550000000011,1
17808,17809,17813,long,1681.3,1678.8824499999998,loss,-27.475500000001194,24.17550000000011,4
17922,17923,17927,short,1666.7,1663.073675,win,32.96324999999952,24.17550000000011,4
17927,17928,17929,long,1663.85,1661.4324499999998,loss,-27.475500000001194,24.17550000000011,1
18050,18051,18056,short,1694.0,1690.373675,win,32.96324999999952,24.17550000000011,5
18151,18152,18157,long,1657.0,1654.5824499999999,loss,-27.475500000001194,24.17550000000011,5
18493,18494,18497,short,1643.0,1645.4175500000001,loss,-27.475500000001194,24.17550000000011,3
18636,18637,18637,short,1686.95,1689.3675500000002,loss,-27.475500000001194,24.17550000000011,0
18714,18715,18715,long,1707.5,1705.0824499999999,loss,-27.475500000001194,24.17550000000011,0
18808,18809,18809,short,1724.7,1727.1175500000002,loss,-27.475500000001194,24.17550000000011,0
18825,18826,18826,short,1741.9,1744.3175500000002,loss,-27.475500000001194,24.17550000000011,0
18876,18877,18879,long,1741.9,1739.48245,loss,-27.475500000001194,24.17550000000011,2
18953,18954,18955,long,1713.55,1711.1324499999998,loss,-27.475500000001194,24.17550000000011,1
18955,18956,18957,long,1708.2,1711.826325,win,32.96324999999952,24.17550000000011,1
18983,18984,18986,short,1717.6,1720.01755,loss,-27.475500000001194,24.17550000000011,2
18988,18989,18991,short,1722.6,1725.01755,loss,-27.475500000001194,24.17550000000011,2
18995,18996,18996,short,1723.5,1719.873675,win,32.96324999999952,24.17550000000011,0
19074,19075,19075,long,1707.55,1705.1324499999998,loss,-27.475500000001194,24.17550000000011,0
19099,19100,19100,long,1700.7,1698.28245,loss,-27.475500000001194,24.17550000000011,0
19135,19136,19136,short,1724.6,1727.01755,loss,-27.475500000001194,24.17550000000011,0
19488,19489,19522,short,1792.15,1788.5236750000001,win,32.96324999999952,24.17550000000011,33
19571,19572,19573,long,1781.6,1785.2263249999999,win,32.96324999999952,24.17550000000011,1
19733,19734,19734,long,1744.7,1742.28245,loss,-27.475500000001194,24.17550000000011,0
19736,19737,19737,long,1745.3,1748.926325,win,32.96324999999952,24.17550000000011,0
19824,19825,19828,short,1775.5,1777.9175500000001,loss,-27.475500000001194,24.17550000000011,3
19877,19878,19878,long,1790.3,1787.8824499999998,loss,-27.475500000001194,24.17550000000011,0
19882,19883,19884,long,1781.3,1784.926325,win,32.96324999999952,24.17550000000011,1
20002,20003,20005,short,1783.8,1780.173675,win,32.96324999999952,24.17550000000011,2
20073,20074,20076,short,1772.95,1775.3675500000002,loss,-27.475500000001194,24.17550000000011,2
20082,20083,20086,short,1776.15,1778.5675500000002,loss,-27.475500000001194,24.17550000000011,3
20089,20090,20091,short,1772.3,1768.673675,win,32.96324999999952,24.17550000000011,1
20095,20096,20096,long,1759.75,1757.3324499999999,loss,-27.475500000001194,24.17550000000011,0
20115,20116,20117,short,1773.95,1770.323675,win,32.96324999999952,24.17550000000011,1
20140,20141,20151,long,1759.3,1762.926325,win,32.96324999999952,24.17550000000011,10
20161,20162,20164,short,1764.15,1760.5236750000001,win,32.96324999999952,24.17550000000011,2
20178,20179,20179,long,1743.85,1741.4324499999998,loss,-27.475500000001194,24.17550000000011,0
20251,20252,20252,short,1720.3,1722.71755,loss,-27.475500000001194,24.17550000000011,0
20419,20420,20422,short,1685.5,1681.873675,win,32.96324999999952,24.17550000000011,2
20426,20427,20428,short,1680.3,1682.71755,loss,-27.475500000001194,24.17550000000011,1
20630,20631,20633,short,1697.5,1699.9175500000001,loss,-27.475500000001194,24.17550000000011,2
20745,20746,20746,short,1684.45,1686.8675500000002,loss,-27.475500000001194,24.17550000000011,0
20993,20994,20994,short,1744.2,1746.6175500000002,loss,-27.475500000001194,24.17550000000011,0
21006,21007,21008,short,1743.4,1745.8175500000002,loss,-27.475500000001194,24.17550000000011,1
21273,21274,21277,short,1745.75,1742.123675,win,32.96324999999952,24.17550000000011,3
21293,21294,21294,long,1723.85,1721.4324499999998,loss,-27.475500000001194,24.17550000000011,0
21332,21333,21336,long,1715.85,1713.4324499999998,loss,-27.475500000001194,24.17550000000011,3
21344,21345,21346,short,1716.75,1719.1675500000001,loss,-27.475500000001194,24.17550000000011,1
21386,21387,21388,short,1728.8,1731.21755,loss,-27.475500000001194,24.17550000000011,1
21397,21398,21400,short,1728.2,1730.6175500000002,loss,-27.475500000001194,24.17550000000011,2
21402,21403,21428,short,1728.8,1731.21755,loss,-27.475500000001194,24.17550000000011,25
21432,21433,21441,short,1729.25,1731.6675500000001,loss,-27.475500000001194,24.17550000000011,8
21550,21551,21551,long,1715.7,1719.326325,win,32.96324999999952,24.17550000000011,0
21776,21777,21779,long,1653.0,1656.626325,win,32.96324999999952,24.17550000000011,2
21833,21834,21834,long,1659.0,1656.5824499999999,loss,-27.475500000001194,24.17550000000011,0
21849,21850,21850,long,1634.85,1638.4763249999999,win,32.96324999999952,24.17550000000011,0
21919,21920,21920,long,1617.65,1615.23245,loss,-27.475500000001194,24.17550000000011,0
21991,21992,21993,short,1583.35,1579.723675,win,32.96324999999952,24.17550000000011,1
22205,22206,22207,long,1588.55,1592.176325,win,32.96324999999952,24.17550000000011,1
22373,22374,22374,long,1621.0,1618.5824499999999,loss,-27.475500000001194,24.17550000000011,0
22754,22755,22758,long,1571.09,1568.6724499999998,loss,-27.475500000001194,24.17550000000011,3
22776,22777,22782,long,1553.32,1556.946325,win,32.96324999999952,24.17550000000011,5
22794,22795,22810,long,1554.57,1552.1524499999998,loss,-27.475500000001194,24.17550000000011,15
22812,22813,22813,long,1551.91,1549.49245,loss,-27.475500000001194,24.17550000000011,0
22830,22831,22831,long,1530.87,1528.4524499999998,loss,-27.475500000001194,24.17550000000011,0
22859,22860,22860,short,1539.36,1541.77755,loss,-27.475500000001194,24.17550000000011,0
22876,22877,22879,short,1547.6,1550.01755,loss,-27.475500000001194,24.17550000000011,2
23087,23088,23092,long,1598.58,1602.2063249999999,win,32.96324999999952,24.17550000000011,4
23096,23097,23097,short,1610.91,1613.3275500000002,loss,-27.475500000001194,24.17550000000011,0
23203,23204,23207,long,1608.17,1611.796325,win,32.96324999999952,24.17550000000011,3
23213,23214,23214,long,1600.13,1597.71245,loss,-27.475500000001194,24.17550000000011,0
23282,23283,23293,long,1622.13,1619.71245,loss,-27.475500000001194,24.17550000000011,10
23311,23312,23312,long,1610.73,1614.356325,win,32.96324999999952,24.17550000000011,0
23375,23376,23383,short,1622.24,1618.613675,win,32.96324999999952,24.17550000000011,7
23458,23459,23465,short,1621.03,1617.403675,win,32.96324999999952,24.17550000000011,6
23465,23466,23467,short,1616.99,1619.4075500000001,loss,-27.475500000001194,24.17550000000011,1
23504,23505,23507,short,1633.91,1630.2836750000001,win,32.96324999999952,24.17550000000011,2
23509,23510,23539,long,1632.32,1635.946325,win,32.96324999999952,24.17550000000011,29
23572,23573,23578,long,1635.93,1639.556325,win,32.96324999999952,24.17550000000011,5
23668,23669,23672,short,1656.82,1653.193675,win,32.96324999999952,24.17550000000011,3
23696,23697,23698,long,1644.41,1648.036325,win,32.96324999999952,24.17550000000011,1
23737,23738,23745,long,1646.96,1644.54245,loss,-27.475500000001194,24.17550000000011,7
23746,23747,23747,short,1647.21,1643.583675,win,32.96324999999952,24.17550000000011,0
23910,23911,23915,short,1655.84,1658.25755,loss,-27.475500000001194,24.17550000000011,4
23929,23930,23935,short,1660.98,1663.3975500000001,loss,-27.475500000001194,24.17550000000011,5
23940,23941,23941,short,1661.71,1664.1275500000002,loss,-27.475500000001194,24.17550000000011,0
23954,23955,23962,long,1657.8,1661.426325,win,32.96324999999952,24.17550000000011,7
24017,24018,24021,short,1658.79,1655.163675,win,32.96324999999952,24.17550000000011,3
24023,24024,24026,long,1648.12,1651.7463249999998,win,32.96324999999952,24.17550000000011,2
24059,24060,24064,short,1661.07,1657.443675,win,32.96324999999952,24.17550000000011,4
24219,24220,24228,long,1646.77,1650.396325,win,32.96324999999952,24.17550000000011,8
24236,24237,24238,short,1661.85,1658.223675,win,32.96324999999952,24.17550000000011,1
24239,24240,24241,short,1657.8,1660.21755,loss,-27.475500000001194,24.17550000000011,1
24243,24244,24252,short,1665.78,1662.153675,win,32.96324999999952,24.17550000000011,8
24264,24265,24273,long,1663.55,1667.176325,win,32.96324999999952,24.17550000000011,8
24387,24388,24394,long,1676.41,1673.99245,loss,-27.475500000001194,24.17550000000011,6
24493,24494,24496,long,1659.77,1657.3524499999999,loss,-27.475500000001194,24.17550000000011,2
24518,24519,24522,short,1661.04,1657.413675,win,32.96324999999952,24.17550000000011,3
24525,24526,24526,short,1690.47,1692.8875500000001,loss,-27.475500000001194,24.17550000000011,0
24594,24595,24600,short,1716.51,1718.92755,loss,-27.475500000001194,24.17550000000011,5
24768,24769,24769,long,1719.87,1717.4524499999998,loss,-27.475500000001194,24.17550000000011,0
24770,24771,24773,long,1720.62,1718.2024499999998,loss,-27.475500000001194,24.17550000000011,2
24795,24796,24796,short,1732.93,1729.303675,win,32.96324999999952,24.17550000000011,0
24956,24957,24960,short,1747.39,1743.7636750000001,win,32.96324999999952,24.17550000000011,3
24967,24968,24968,short,1748.54,1750.95755,loss,-27.475500000001194,24.17550000000011,0
25072,25073,25073,short,1754.23,1756.6475500000001,loss,-27.475500000001194,24.17550000000011,0
25230,25231,25231,long,1721.33,1718.9124499999998,loss,-27.475500000001194,24.17550000000011,0
25236,25237,25241,long,1717.05,1720.676325,win,32.96324999999952,24.17550000000011,4
25249,25250,25252,long,1715.58,1719.2063249999999,win,32.96324999999952,24.17550000000011,2
25259,25260,25280,short,1723.42,1719.7936750000001,win,32.96324999999952,24.17550000000011,20
25336,25337,25340,long,1711.84,1715.4663249999999,win,32.96324999999952,24.17550000000011,3
25503,25504,25504,long,1732.74,1730.32245,loss,-27.475500000001194,24.17550000000011,0
25594,25595,25595,long,1722.94,1720.52245,loss,-27.475500000001194,24.17550000000011,0
25602,25603,25604,long,1720.49,1718.07245,loss,-27.475500000001194,24.17550000000011,1
25625,25626,25626,long,1716.92,1720.546325,win,32.96324999999952,24.17550000000011,0
25654,25655,25657,short,1725.51,1721.883675,win,32.96324999999952,24.17550000000011,2
25715,25716,25716,long,1718.94,1722.566325,win,32.96324999999952,24.17550000000011,0
26011,26012,26032,short,1729.45,1731.8675500000002,loss,-27.475500000001194,24.17550000000011,20
26379,26380,26380,short,1781.51,1777.883675,win,32.96324999999952,24.17550000000011,0
26635,26636,26638,short,1772.16,1768.5336750000001,win,32.96324999999952,24.17550000000011,2
26641,26642,26643,short,1775.74,1778.1575500000001,loss,-27.475500000001194,24.17550000000011,1
26649,26650,26651,short,1772.42,1774.8375500000002,loss,-27.475500000001194,24.17550000000011,1
26653,26654,26658,short,1773.25,1769.623675,win,32.96324999999952,24.17550000000011,4
26658,26659,26661,long,1769.27,1766.8524499999999,loss,-27.475500000001194,24.17550000000011,2
26831,26832,26832,long,1714.15,1717.776325,win,32.96324999999952,24.17550000000011,0
26862,26863,26864,short,1712.32,1714.73755,loss,-27.475500000001194,24.17550000000011,1
26895,26896,26898,short,1723.25,1719.623675,win,32.96324999999952,24.17550000000011,2
27007,27008,27010,long,1712.16,1709.74245,loss,-27.475500000001194,24.17550000000011,2
27080,27081,27083,long,1696.96,1694.54245,loss,-27.475500000001194,24.17550000000011,2
27096,27097,27100,long,1702.9,1706.526325,win,32.96324999999952,24.17550000000011,3
27178,27179,27183,long,1685.04,1688.666325,win,32.96324999999952,24.17550000000011,4
27186,27187,27189,long,1690.55,1688.1324499999998,loss,-27.475500000001194,24.17550000000011,2
27242,27243,27256,short,1678.1,1674.473675,win,32.96324999999952,24.17550000000011,13
27271,27272,27283,short,1681.98,1678.353675,win,32.96324999999952,24.17550000000011,11
27355,27356,27360,short,1694.45,1696.8675500000002,loss,-27.475500000001194,24.17550000000011,4
27374,27375,27377,short,1697.58,1699.99755,loss,-27.475500000001194,24.17550000000011,2
27479,27480,27480,short,1712.13,1708.5036750000002,win,32.96324999999952,24.17550000000011,0
27484,27485,27487,short,1710.0,1712.4175500000001,loss,-27.475500000001194,24.17550000000011,2
27487,27488,27495,short,1711.61,1714.02755,loss,-27.475500000001194,24.17550000000011,7
27534,27535,27546,long,1704.45,1708.076325,win,32.96324999999952,24.17550000000011,11
27635,27636,27643,long,1696.89,1694.47245,loss,-27.475500000001194,24.17550000000011,7
27727,27728,27731,long,1665.96,1663.54245,loss,-27.475500000001194,24.17550000000011,3
27741,27742,27742,long,1655.33,1652.9124499999998,loss,-27.475500000001194,24.17550000000011,0
27748,27749,27749,long,1646.79,1650.416325,win,32.96324999999952,24.17550000000011,0
27857,27858,27863,short,1661.61,1657.983675,win,32.96324999999952,24.17550000000011,5
27921,27922,27925,long,1646.88,1644.46245,loss,-27.475500000001194,24.17550000000011,3
27973,27974,27987,short,1664.54,1660.913675,win,32.96324999999952,24.17550000000011,13
27993,27994,27997,short,1662.68,1659.053675,win,32.96324999999952,24.17550000000011,3
28000,28001,28002,long,1656.24,1653.82245,loss,-27.475500000001194,24.17550000000011,1
28009,28010,28016,long,1653.68,1657.306325,win,32.96324999999952,24.17550000000011,6
28016,28017,28017,long,1657.05,1654.6324499999998,loss,-27.475500000001194,24.17550000000011,0
28027,28028,28028,short,1662.54,1664.95755,loss,-27.475500000001194,24.17550000000011,0
28280,28281,28283,long,1634.51,1638.136325,win,32.96324999999952,24.17550000000011,2
28479,28480,28482,short,1681.5,1677.873675,win,32.96324999999952,24.17550000000011,2
28786,28787,28827,short,1661.65,1664.0675500000002,loss,-27.475500000001194,24.17550000000011,40
28828,28829,28831,short,1665.71,1662.083675,win,32.96324999999952,24.17550000000011,2
28839,28840,28846,short,1666.12,1668.53755,loss,-27.475500000001194,24.17550000000011,6
28946,28947,28947,short,1674.07,1676.48755,loss,-27.475500000001194,24.17550000000011,0
28950,28951,28963,short,1681.34,1677.713675,win,32.96324999999952,24.17550000000011,12
29018,29019,29031,long,1675.18,1672.76245,loss,-27.475500000001194,24.17550000000011,12
29059,29060,29060,long,1639.3,1642.926325,win,32.96324999999952,24.17550000000011,0
29391,29392,29394,long,1645.72,1643.30245,loss,-27.475500000001194,24.17550000000011,2
29409,29410,29413,long,1644.01,1641.5924499999999,loss,-27.475500000001194,24.17550000000011,3
29417,29418,29421,long,1638.71,1642.336325,win,32.96324999999952,24.17550000000011,3
29598,29599,29600,short,1671.38,1673.7975500000002,loss,-27.475500000001194,24.17550000000011,1
29785,29786,29786,short,1648.15,1650.5675500000002,loss,-27.475500000001194,24.17550000000011,0
29857,29858,29862,short,1652.31,1654.72755,loss,-27.475500000001194,24.17550000000011,4
29864,29865,29870,short,1655.2,1651.573675,win,32.96324999999952,24.17550000000011,5
29938,29939,29942,short,1653.73,1650.103675,win,32.96324999999952,24.17550000000011,3
29950,29951,29957,long,1646.81,1644.3924499999998,loss,-27.475500000001194,24.17550000000011,6
29958,29959,29960,long,1643.94,1641.52245,loss,-27.475500000001194,24.17550000000011,1
30052,30053,30055,long,1633.93,1631.51245,loss,-27.475500000001194,24.17550000000011,2
30128,30129,30131,short,1643.76,1646.17755,loss,-27.475500000001194,24.17550000000011,2
30133,30134,30147,long,1641.97,1645.596325,win,32.96324999999952,24.17550000000011,13
30220,30221,30235,long,1633.23,1630.81245,loss,-27.475500000001194,24.17550000000011,14
30262,30263,30263,short,1634.35,1636.76755,loss,-27.475500000001194,24.17550000000011,0
30267,30268,30306,short,1637.61,1633.983675,win,32.96324999999952,24.17550000000011,38
30312,30313,30329,long,1637.25,1640.876325,win,32.96324999999952,24.17550000000011,16
30509,30510,30514,short,1646.9,1649.3175500000002,loss,-27.475500000001194,24.17550000000011,4
30561,30562,30583,long,1655.93,1653.51245,loss,-27.475500000001194,24.17550000000011,21
30592,30593,30611,long,1654.62,1658.2463249999998,win,32.96324999999952,24.17550000000011,18
30613,30614,30615,short,1664.53,1666.94755,loss,-27.475500000001194,24.17550000000011,1
30654,30655,30701,long,1663.27,1660.8524499999999,loss,-27.475500000001194,24.17550000000011,46
30793,30794,30794,short,1664.82,1667.23755,loss,-27.475500000001194,24.17550000000011,0
31064,31065,31073,long,1630.37,1633.9963249999998,win,32.96324999999952,24.17550000000011,8
31078,31079,31080,short,1643.55,1645.96755,loss,-27.475500000001194,24.17550000000011,1
31232,31233,31234,long,1634.07,1631.6524499999998,loss,-27.475500000001194,24.17550000000011,1
31236,31237,31237,long,1630.5,1628.0824499999999,loss,-27.475500000001194,24.17550000000011,0
31239,31240,31240,long,1629.3,1626.8824499999998,loss,-27.475500000001194,24.17550000000011,0
31263,31264,31267,long,1601.87,1599.4524499999998,loss,-27.475500000001194,24.17550000000011,3
31331,31332,31333,long,1592.05,1589.6324499999998,loss,-27.475500000001194,24.17550000000011,1
31480,31481,31485,long,1593.92,1591.50245,loss,-27.475500000001194,24.17550000000011,4
31490,31491,31491,long,1587.38,1584.96245,loss,-27.475500000001194,24.17550000000011,0
31493,31494,31507,long,1586.78,1584.3624499999999,loss,-27.475500000001194,24.17550000000011,13
31610,31611,31612,long,1567.04,1564.6224499999998,loss,-27.475500000001194,24.17550000000011,1
31612,31613,31621,long,1561.75,1559.3324499999999,loss,-27.475500000001194,24.17550000000011,8
31731,31732,31733,long,1552.23,1555.856325,win,32.96324999999952,24.17550000000011,1
31749,31750,31765,long,1543.29,1540.8724499999998,loss,-27.475500000001194,24.17550000000011,15
31823,31824,31824,short,1546.43,1542.803675,win,32.96324999999952,24.17550000000011,0
31832,31833,31834,long,1536.62,1534.2024499999998,loss,-27.475500000001194,24.17550000000011,1
31885,31886,31887,short,1547.25,1549.6675500000001,loss,-27.475500000001194,24.17550000000011,1
31891,31892,31898,short,1549.81,1546.183675,win,32.96324999999952,24.17550000000011,6
31919,31920,31923,short,1577.64,1574.0136750000001,win,32.96324999999952,24.17550000000011,3
31966,31967,31970,long,1574.24,1571.82245,loss,-27.475500000001194,24.17550000000011,3
31980,31981,31982,short,1576.63,1579.0475500000002,loss,-27.475500000001194,24.17550000000011,1
31982,31983,31983,short,1588.91,1585.2836750000001,win,32.96324999999952,24.17550000000011,0
32099,32100,32101,short,1593.93,1590.303675,win,32.96324999999952,24.17550000000011,1
32170,32171,32171,long,1578.13,1575.71245,loss,-27.475500000001194,24.17550000000011,0
32179,32180,32185,long,1578.76,1576.3424499999999,loss,-27.475500000001194,24.17550000000011,5
32199,32200,32203,short,1582.42,1578.7936750000001,win,32.96324999999952,24.17550000000011,3
32203,32204,32204,long,1578.29,1575.8724499999998,loss,-27.475500000001194,24.17550000000011,0
32254,32255,32258,long,1557.57,1561.196325,win,32.96324999999952,24.17550000000011,3
32258,32259,32260,short,1561.34,1557.713675,win,32.96324999999952,24.17550000000011,1
32260,32261,32261,long,1554.54,1552.1224499999998,loss,-27.475500000001194,24.17550000000011,0
32284,32285,32285,long,1546.55,1544.1324499999998,loss,-27.475500000001194,24.17550000000011,0
32316,32317,32320,short,1562.25,1558.623675,win,32.96324999999952,24.17550000000011,3
32323,32324,32327,short,1559.93,1562.3475500000002,loss,-27.475500000001194,24.17550000000011,3
32362,32363,32368,short,1567.5,1569.9175500000001,loss,-27.475500000001194,24.17550000000011,5
32372,32373,32374,short,1575.57,1571.943675,win,32.96324999999952,24.17550000000011,1
32389,32390,32390,long,1562.01,1559.5924499999999,loss,-27.475500000001194,24.17550000000011,0
32407,32408,32411,long,1558.99,1556.57245,loss,-27.475500000001194,24.17550000000011,3
32412,32413,32414,long,1555.12,1558.7463249999998,win,32.96324999999952,24.17550000000011,1
32415,32416,32421,short,1559.23,1555.603675,win,32.96324999999952,24.17550000000011,5
32440,32441,32441,short,1558.39,1560.8075500000002,loss,-27.475500000001194,24.17550000000011,0
32450,32451,32453,short,1562.73,1559.103675,win,32.96324999999952,24.17550000000011,2
32462,32463,32463,long,1561.09,1558.6724499999998,loss,-27.475500000001194,24.17550000000011,0
32742,32743,32748,short,1563.65,1566.0675500000002,loss,-27.475500000001194,24.17550000000011,5
32809,32810,32811,short,1568.48,1564.853675,win,32.96324999999952,24.17550000000011,1
32812,32813,32817,short,1565.78,1562.153675,win,32.96324999999952,24.17550000000011,4
32889,32890,32890,short,1557.54,1559.95755,loss,-27.475500000001194,24.17550000000011,0
32916,32917,32917,short,1598.79,1601.20755,loss,-27.475500000001194,24.17550000000011,0
33055,33056,33063,short,1622.38,1618.7536750000002,win,32.96324999999952,24.17550000000011,7
33074,33075,33077,long,1615.83,1613.4124499999998,loss,-27.475500000001194,24.17550000000011,2
33079,33080,33084,long,1613.24,1616.866325,win,32.96324999999952,24.17550000000011,4
33085,33086,33093,long,1618.1,1615.6824499999998,loss,-27.475500000001194,24.17550000000011,7
33257,33258,33262,long,1621.74,1619.32245,loss,-27.475500000001194,24.17550000000011,4
33263,33264,33265,short,1621.57,1623.98755,loss,-27.475500000001194,24.17550000000011,1
33275,33276,33277,long,1617.18,1614.76245,loss,-27.475500000001194,24.17550000000011,1
33295,33296,33296,long,1587.23,1584.81245,loss,-27.475500000001194,24.17550000000011,0
33333,33334,33335,long,1584.96,1582.54245,loss,-27.475500000001194,24.17550000000011,1
33538,33539,33541,long,1589.53,1593.156325,win,32.96324999999952,24.17550000000011,2
33574,33575,33575,short,1612.74,1615.1575500000001,loss,-27.475500000001194,24.17550000000011,0
33944,33945,33945,long,1621.89,1625.516325,win,32.96324999999952,24.17550000000011,0
33947,33948,33949,short,1627.94,1624.313675,win,32.96324999999952,24.17550000000011,1
34103,34104,34114,long,1617.65,1615.23245,loss,-27.475500000001194,24.17550000000011,10
34122,34123,34123,long,1607.35,1604.9324499999998,loss,-27.475500000001194,24.17550000000011,0
34130,34131,34132,long,1598.75,1602.376325,win,32.96324999999952,24.17550000000011,1
34221,34222,34222,long,1582.66,1580.24245,loss,-27.475500000001194,24.17550000000011,0
34229,34230,34232,long,1572.38,1569.96245,loss,-27.475500000001194,24.17550000000011,2
34263,34264,34267,short,1566.57,1562.943675,win,32.96324999999952,24.17550000000011,3
34415,34416,34416,short,1582.33,1584.74755,loss,-27.475500000001194,24.17550000000011,0
34435,34436,34437,short,1584.25,1586.6675500000001,loss,-27.475500000001194,24.17550000000011,1
34461,34462,34494,long,1583.74,1581.32245,loss,-27.475500000001194,24.17550000000011,32
34504,34505,34505,long,1570.65,1568.23245,loss,-27.475500000001194,24.17550000000011,0
34556,34557,34564,short,1572.05,1568.423675,win,32.96324999999952,24.17550000000011,7
34662,34663,34663,long,1571.65,1569.23245,loss,-27.475500000001194,24.17550000000011,0
34670,34671,34676,long,1567.41,1571.036325,win,32.96324999999952,24.17550000000011,5
34738,34739,34742,short,1566.95,1563.323675,win,32.96324999999952,24.17550000000011,3
34745,34746,34746,short,1565.63,1568.0475500000002,loss,-27.475500000001194,24.17550000000011,0
34816,34817,34817,long,1597.65,1595.23245,loss,-27.475500000001194,24.17550000000011,0
34852,34853,34855,short,1596.29,1592.663675,win,32.96324999999952,24.17550000000011,2
34856,34857,34862,long,1590.92,1588.50245,loss,-27.475500000001194,24.17550000000011,5
34862,34863,34866,long,1588.09,1591.7163249999999,win,32.96324999999952,24.17550000000011,3
34937,34938,34954,short,1609.19,1611.6075500000002,loss,-27.475500000001194,24.17550000000011,16
35001,35002,35005,long,1618.21,1615.79245,loss,-27.475500000001194,24.17550000000011,3
35014,35015,35030,short,1617.61,1613.983675,win,32.96324999999952,24.17550000000011,15
35129,35130,35130,long,1598.83,1602.4563249999999,win,32.96324999999952,24.17550000000011,0
35146,35147,35159,long,1606.14,1603.72245,loss,-27.475500000001194,24.17550000000011,12
35177,35178,35190,short,1606.38,1602.7536750000002,win,32.96324999999952,24.17550000000011,12
35393,35394,35395,short,1589.7,1592.1175500000002,loss,-27.475500000001194,24.17550000000011,1
35395,35396,35400,short,1593.38,1595.7975500000002,loss,-27.475500000001194,24.17550000000011,4
35413,35414,35414,short,1592.7,1589.073675,win,32.96324999999952,24.17550000000011,0
35500,35501,35502,long,1574.97,1572.55245,loss,-27.475500000001194,24.17550000000011,1
35586,35587,35591,long,1564.29,1561.8724499999998,loss,-27.475500000001194,24.17550000000011,4
35673,35674,35678,short,1579.94,1582.3575500000002,loss,-27.475500000001194,24.17550000000011,4
35688,35689,35690,short,1580.47,1582.8875500000001,loss,-27.475500000001194,24.17550000000011,1
35870,35871,35872,long,1589.4,1586.98245,loss,-27.475500000001194,24.17550000000011,1
35872,35873,35876,long,1587.02,1584.6024499999999,loss,-27.475500000001194,24.17550000000011,3
35904,35905,35918,short,1582.96,1585.3775500000002,loss,-27.475500000001194,24.17550000000011,13
35943,35944,35951,short,1582.97,1579.343675,win,32.96324999999952,24.17550000000011,7
35951,35952,35962,short,1579.52,1575.893675,win,32.96324999999952,24.17550000000011,10
36256,36257,36265,short,1579.42,1575.7936750000001,win,32.96324999999952,24.17550000000011,8
36386,36387,36405,short,1583.91,1580.2836750000001,win,32.96324999999952,24.17550000000011,18
36428,36429,36430,short,1604.35,1600.723675,win,32.96324999999952,24.17550000000011,1
36435,36436,36440,short,1600.81,1603.22755,loss,-27.475500000001194,24.17550000000011,4
36515,36516,36516,short,1620.25,1616.623675,win,32.96324999999952,24.17550000000011,0
36598,36599,36599,short,1621.52,1617.893675,win,32.96324999999952,24.17550000000011,0
36823,36824,36824,long,1617.0,1614.5824499999999,loss,-27.475500000001194,24.17550000000011,0
36895,36896,36896,long,1599.59,1597.1724499999998,loss,-27.475500000001194,24.17550000000011,0
37045,37046,37056,short,1589.24,1591.6575500000001,loss,-27.475500000001194,24.17550000000011,10
37360,37361,37378,short,1614.65,1611.0236750000001,win,32.96324999999952,24.17550000000011,17
37457,37458,37504,short,1615.98,1612.353675,win,32.96324999999952,24.17550000000011,46
37549,37550,37550,short,1623.62,1626.03755,loss,-27.475500000001194,24.17550000000011,0
37723,37724,37727,long,1611.44,1609.02245,loss,-27.475500000001194,24.17550000000011,3
37871,37872,37887,short,1605.87,1602.243675,win,32.96324999999952,24.17550000000011,15
37977,37978,37992,long,1615.65,1619.276325,win,32.96324999999952,24.17550000000011,14
38105,38106,38109,long,1616.9,1620.526325,win,32.96324999999952,24.17550000000011,3
38109,38110,38165,short,1620.81,1623.22755,loss,-27.475500000001194,24.17550000000011,55
38184,38185,38188,short,1624.36,1626.77755,loss,-27.475500000001194,24.17550000000011,3
38226,38227,38258,short,1637.75,1640.1675500000001,loss,-27.475500000001194,24.17550000000011,31
38267,38268,38271,short,1644.49,1640.863675,win,32.96324999999952,24.17550000000011,3
38277,38278,38282,long,1637.8,1641.426325,win,32.96324999999952,24.17550000000011,4
38311,38312,38330,short,1655.37,1657.78755,loss,-27.475500000001194,24.17550000000011,18
38350,38351,38353,short,1663.27,1665.68755,loss,-27.475500000001194,24.17550000000011,2
38372,38373,38375,long,1658.52,1662.146325,win,32.96324999999952,24.17550000000011,2
38375,38376,38377,long,1661.67,1665.296325,win,32.96324999999952,24.17550000000011,1
38379,38380,38382,short,1665.55,1667.96755,loss,-27.475500000001194,24.17550000000011,2
38382,38383,38384,short,1669.48,1671.8975500000001,loss,-27.475500000001194,24.17550000000011,1
38390,38391,38418,short,1671.85,1668.223675,win,32.96324999999952,24.17550000000011,27
38589,38590,38605,long,1663.78,1661.3624499999999,loss,-27.475500000001194,24.17550000000011,15
38606,38607,38612,long,1659.87,1657.4524499999998,loss,-27.475500000001194,24.17550000000011,5
38616,38617,38639,long,1660.29,1663.916325,win,32.96324999999952,24.17550000000011,22
38830,38831,38838,long,1656.17,1659.796325,win,32.96324999999952,24.17550000000011,7
38943,38944,38944,short,1675.65,1678.0675500000002,loss,-27.475500000001194,24.17550000000011,0
39185,39186,39192,long,1691.67,1689.25245,loss,-27.475500000001194,24.17550000000011,6
39263,39264,39268,short,1703.52,1705.93755,loss,-27.475500000001194,24.17550000000011,4
39269,39270,39270,short,1708.7,1711.1175500000002,loss,-27.475500000001194,24.17550000000011,0
39365,39366,39380,short,1696.73,1699.1475500000001,loss,-27.475500000001194,24.17550000000011,14
39666,39667,39667,long,1729.71,1727.29245,loss,-27.475500000001194,24.17550000000011,0
39676,39677,39729,long,1731.12,1728.7024499999998,loss,-27.475500000001194,24.17550000000011,52
39770,39771,39775,short,1769.42,1765.7936750000001,win,32.96324999999952,24.17550000000011,4
40028,40029,40029,short,1762.38,1764.7975500000002,loss,-27.475500000001194,24.17550000000011,0
40090,40091,40092,short,1773.92,1776.3375500000002,loss,-27.475500000001194,24.17550000000011,1
40120,40121,40121,long,1767.95,1771.576325,win,32.96324999999952,24.17550000000011,0
40196,40197,40199,long,1763.38,1760.96245,loss,-27.475500000001194,24.17550000000011,2
40377,40378,40379,short,1762.56,1758.933675,win,32.96324999999952,24.17550000000011,1
40503,40504,40504,long,1763.99,1761.57245,loss,-27.475500000001194,24.17550000000011,0
40507,40508,40514,long,1764.2,1761.78245,loss,-27.475500000001194,24.17550000000011,6
40514,40515,40535,long,1759.46,1763.086325,win,32.96324999999952,24.17550000000011,20
40540,40541,40576,short,1764.4,1760.7736750000001,win,32.96324999999952,24.17550000000011,35
40688,40689,40689,short,1776.7,1779.1175500000002,loss,-27.475500000001194,24.17550000000011,0
40708,40709,40724,short,1777.45,1779.8675500000002,loss,-27.475500000001194,24.17550000000011,15
40859,40860,40860,short,1788.3,1784.673675,win,32.96324999999952,24.17550000000011,0
41219,41220,41225,long,1789.89,1787.47245,loss,-27.475500000001194,24.17550000000011,5
41391,41392,41405,long,1772.1,1775.7263249999999,win,32.96324999999952,24.17550000000011,13
41406,41407,41411,long,1775.23,1772.81245,loss,-27.475500000001194,24.17550000000011,4
41583,41584,41586,short,1768.75,1771.1675500000001,loss,-27.475500000001194,24.17550000000011,2
41706,41707,41719,long,1753.81,1751.3924499999998,loss,-27.475500000001194,24.17550000000011,12
41732,41733,41756,long,1744.21,1747.836325,win,32.96324999999952,24.17550000000011,23
41770,41771,41776,short,1746.75,1743.123675,win,32.96324999999952,24.17550000000011,5
41782,41783,41783,long,1735.97,1733.55245,loss,-27.475500000001194,24.17550000000011,0
41957,41958,41962,short,1751.15,1747.5236750000001,win,32.96324999999952,24.17550000000011,4
42030,42031,42033,short,1750.78,1747.153675,win,32.96324999999952,24.17550000000011,2
42048,42049,42053,long,1741.9,1739.48245,loss,-27.475500000001194,24.17550000000011,4
42108,42109,42129,long,1736.18,1733.76245,loss,-27.475500000001194,24.17550000000011,20
42200,42201,42233,short,1724.6,1727.01755,loss,-27.475500000001194,24.17550000000011,32
42239,42240,42244,short,1725.04,1727.45755,loss,-27.475500000001194,24.17550000000011,4
42319,42320,42322,long,1712.7,1710.28245,loss,-27.475500000001194,24.17550000000011,2
42322,42323,42325,long,1708.02,1711.646325,win,32.96324999999952,24.17550000000011,2
42396,42397,42398,long,1707.66,1711.286325,win,32.96324999999952,24.17550000000011,1
42404,42405,42406,long,1708.88,1706.46245,loss,-27.475500000001194,24.17550000000011,1
42407,42408,42417,long,1708.87,1706.4524499999998,loss,-27.475500000001194,24.17550000000011,9
42610,42611,42612,short,1714.25,1716.6675500000001,loss,-27.475500000001194,24.17550000000011,1
42641,42642,42644,long,1711.55,1715.176325,win,32.96324999999952,24.17550000000011,2
42646,42647,42668,short,1714.55,1716.96755,loss,-27.475500000001194,24.17550000000011,21
43098,43099,43102,long,1679.44,1683.066325,win,32.96324999999952,24.17550000000011,3
43111,43112,43131,long,1679.12,1676.7024499999998,loss,-27.475500000001194,24.17550000000011,19
43135,43136,43138,long,1674.36,1677.9863249999999,win,32.96324999999952,24.17550000000011,2
43147,43148,43148,short,1680.67,1683.0875500000002,loss,-27.475500000001194,24.17550000000011,0
43150,43151,43157,short,1680.52,1682.93755,loss,-27.475500000001194,24.17550000000011,6
43261,43262,43262,short,1713.95,1716.3675500000002,loss,-27.475500000001194,24.17550000000011,0
43327,43328,43332,short,1725.79,1722.163675,win,32.96324999999952,24.17550000000011,4
43342,43343,43343,long,1719.5,1717.0824499999999,loss,-27.475500000001194,24.17550000000011,0
43411,43412,43416,short,1719.7,1716.073675,win,32.96324999999952,24.17550000000011,4
43456,43457,43462,short,1734.19,1730.563675,win,32.96324999999952,24.17550000000011,5
43462,43463,43468,short,1731.03,1733.44755,loss,-27.475500000001194,24.17550000000011,5
43498,43499,43502,long,1731.78,1735.406325,win,32.96324999999952,24.17550000000011,3
43627,43628,43629,long,1728.61,1726.1924499999998,loss,-27.475500000001194,24.17550000000011,1
43629,43630,43633,long,1727.8,1731.426325,win,32.96324999999952,24.17550000000011,3
43708,43709,43709,long,1721.13,1718.71245,loss,-27.475500000001194,24.17550000000011,0
43779,43780,43785,long,1726.37,1723.9524499999998,loss,-27.475500000001194,24.17550000000011,5
44075,44076,44080,short,1731.19,1727.563675,win,32.96324999999952,24.17550000000011,4
44493,44494,44495,long,1748.37,1745.9524499999998,loss,-27.475500000001194,24.17550000000011,1
44709,44710,44711,long,1720.79,1718.3724499999998,loss,-27.475500000001194,24.17550000000011,1
44731,44732,44754,short,1722.41,1718.7836750000001,win,32.96324999999952,24.17550000000011,22
44778,44779,44782,short,1723.9,1726.3175500000002,loss,-27.475500000001194,24.17550000000011,3
44782,44783,44786,short,1726.25,1722.623675,win,32.96324999999952,24.17550000000011,3
44887,44888,44888,long,1718.43,1716.01245,loss,-27.475500000001194,24.17550000000011,0
44896,44897,44897,long,1712.55,1710.1324499999998,loss,-27.475500000001194,24.17550000000011,0
44956,44957,44960,long,1718.4,1715.98245,loss,-27.475500000001194,24.17550000000011,3
45154,45155,45156,long,1697.92,1695.50245,loss,-27.475500000001194,24.17550000000011,1
45156,45157,45157,long,1695.51,1693.0924499999999,loss,-27.475500000001194,24.17550000000011,0
45203,45204,45212,short,1693.64,1690.0136750000001,win,32.96324999999952,24.17550000000011,8
45213,45214,45217,long,1689.36,1686.9424499999998,loss,-27.475500000001194,24.17550000000011,3
45329,45330,45338,long,1696.42,1694.00245,loss,-27.475500000001194,24.17550000000011,8
45481,45482,45483,long,1709.77,1707.3524499999999,loss,-27.475500000001194,24.17550000000011,1
45686,45687,45688,long,1699.35,1696.9324499999998,loss,-27.475500000001194,24.17550000000011,1
45695,45696,45697,long,1694.88,1692.46245,loss,-27.475500000001194,24.17550000000011,1
45697,45698,45710,long,1692.47,1690.05245,loss,-27.475500000001194,24.17550000000011,12
45983,45984,45990,long,1696.85,1694.4324499999998,loss,-27.475500000001194,24.17550000000011,6
45996,45997,45997,long,1677.55,1675.1324499999998,loss,-27.475500000001194,24.17550000000011,0
46169,46170,46170,long,1652.32,1655.946325,win,32.96324999999952,24.17550000000011,0
46243,46244,46249,short,1651.07,1647.443675,win,32.96324999999952,24.17550000000011,5
46360,46361,46371,long,1658.89,1656.47245,loss,-27.475500000001194,24.17550000000011,10
46406,46407,46432,short,1661.09,1657.463675,win,32.96324999999952,24.17550000000011,25
46662,46663,46663,short,1664.27,1660.643675,win,32.96324999999952,24.17550000000011,0
46665,46666,46671,long,1658.56,1662.186325,win,32.96324999999952,24.17550000000011,5
46837,46838,46840,long,1678.08,1675.6624499999998,loss,-27.475500000001194,24.17550000000011,2
46904,46905,46907,short,1653.35,1649.723675,win,32.96324999999952,24.17550000000011,2
47002,47003,47003,long,1655.34,1652.9224499999998,loss,-27.475500000001194,24.17550000000011,0
47020,47021,47022,long,1657.84,1655.4224499999998,loss,-27.475500000001194,24.17550000000011,1
47189,47190,47202,short,1665.16,1661.5336750000001,win,32.96324999999952,24.17550000000011,12
47217,47218,47219,long,1654.15,1657.776325,win,32.96324999999952,24.17550000000011,1
47306,47307,47308,short,1675.03,1677.44755,loss,-27.475500000001194,24.17550000000011,1
47842,47843,47855,long,1689.24,1692.866325,win,32.96324999999952,24.17550000000011,12
48006,48007,48021,long,1690.91,1688.49245,loss,-27.475500000001194,24.17550000000011,14
48278,48279,48293,short,1671.04,1667.413675,win,32.96324999999952,24.17550000000011,14
48301,48302,48303,long,1662.28,1659.8624499999999,loss,-27.475500000001194,24.17550000000011,1
48311,48312,48312,long,1662.53,1660.1124499999999,loss,-27.475500000001194,24.17550000000011,0
48313,48314,48316,long,1661.11,1658.6924499999998,loss,-27.475500000001194,24.17550000000011,2
48377,48378,48382,long,1656.21,1653.79245,loss,-27.475500000001194,24.17550000000011,4
48382,48383,48390,long,1653.45,1657.076325,win,32.96324999999952,24.17550000000011,7
48390,48391,48393,long,1657.36,1654.9424499999998,loss,-27.475500000001194,24.17550000000011,2
48472,48473,48477,short,1660.41,1662.8275500000002,loss,-27.475500000001194,24.17550000000011,4
48576,48577,48577,long,1664.4,1668.026325,win,32.96324999999952,24.17550000000011,0
48666,48667,48667,long,1675.21,1672.79245,loss,-27.475500000001194,24.17550000000011,0
48668,48669,48669,long,1671.75,1675.376325,win,32.96324999999952,24.17550000000011,0
48838,48839,48846,long,1664.7,1662.28245,loss,-27.475500000001194,24.17550000000011,7
48857,48858,48862,short,1667.05,1669.46755,loss,-27.475500000001194,24.17550000000011,4
48880,48881,48894,short,1674.55,1670.923675,win,32.96324999999952,24.17550000000011,13
48953,48954,48954,long,1670.44,1668.02245,loss,-27.475500000001194,24.17550000000011,0
48967,48968,49015,long,1672.49,1670.07245,loss,-27.475500000001194,24.17550000000011,47
49033,49034,49035,short,1674.03,1676.44755,loss,-27.475500000001194,24.17550000000011,1
49039,49040,49041,short,1674.68,1677.0975500000002,loss,-27.475500000001194,24.17550000000011,1
49041,49042,49055,short,1676.84,1679.25755,loss,-27.475500000001194,24.17550000000011,13
49298,49299,49302,long,1662.19,1659.77245,loss,-27.475500000001194,24.17550000000011,3
49306,49307,49312,long,1655.92,1653.50245,loss,-27.475500000001194,24.17550000000011,5
49484,49485,49498,long,1646.63,1650.256325,win,32.96324999999952,24.17550000000011,13
49563,49564,49581,long,1643.07,1646.696325,win,32.96324999999952,24.17550000000011,17
49689,49690,49690,long,1605.48,1603.06245,loss,-27.475500000001194,24.17550000000011,0
49758,49759,49761,long,1613.45,1611.03245,loss,-27.475500000001194,24.17550000000011,2
49932,49933,49933,long,1594.34,1591.9224499999998,loss,-27.475500000001194,24.17550000000011,0
50097,50098,50106,short,1586.26,1582.633675,win,32.96324999999952,24.17550000000011,8
50108,50109,50113,short,1583.3,1579.673675,win,32.96324999999952,24.17550000000011,4
50121,50122,50127,long,1579.75,1577.3324499999999,loss,-27.475500000001194,24.17550000000011,5
50127,50128,50130,long,1574.78,1572.3624499999999,loss,-27.475500000001194,24.17550000000011,2
50130,50131,50132,long,1572.54,1570.1224499999998,loss,-27.475500000001194,24.17550000000011,1
50220,50221,50222,long,1588.73,1586.31245,loss,-27.475500000001194,24.17550000000011,1
50231,50232,50238,long,1591.0,1588.5824499999999,loss,-27.475500000001194,24.17550000000011,6
50247,50248,50250,short,1596.84,1593.213675,win,32.96324999999952,24.17550000000011,2
50290,50291,50292,long,1595.75,1599.376325,win,32.96324999999952,24.17550000000011,1
50323,50324,50324,short,1614.8,1611.173675,win,32.96324999999952,24.17550000000011,0
50391,50392,50393,long,1610.31,1607.8924499999998,loss,-27.475500000001194,24.17550000000011,1
50468,50469,50476,short,1602.27,1598.643675,win,32.96324999999952,24.17550000000011,7
50476,50477,50479,long,1597.99,1595.57245,loss,-27.475500000001194,24.17550000000011,2
50561,50562,50567,long,1580.28,1577.8624499999999,loss,-27.475500000001194,24.17550000000011,5
50573,50574,50574,long,1567.66,1565.24245,loss,-27.475500000001194,24.17550000000011,0
50577,50578,50579,long,1569.61,1567.1924499999998,loss,-27.475500000001194,24.17550000000011,1
50581,50582,50586,long,1567.49,1571.116325,win,32.96324999999952,24.17550000000011,4
50588,50589,50589,short,1580.34,1582.75755,loss,-27.475500000001194,24.17550000000011,0
50615,50616,50623,long,1575.67,1579.296325,win,32.96324999999952,24.17550000000011,7
50657,50658,50661,long,1575.39,1572.97245,loss,-27.475500000001194,24.17550000000011,3
50724,50725,50736,short,1577.58,1579.99755,loss,-27.475500000001194,24.17550000000011,11
50744,50745,50761,short,1581.13,1583.5475500000002,loss,-27.475500000001194,24.17550000000011,16
50816,50817,50844,short,1579.15,1575.5236750000001,win,32.96324999999952,24.17550000000011,27
50847,50848,50864,long,1574.9,1578.526325,win,32.96324999999952,24.17550000000011,16
50864,50865,50865,short,1578.41,1574.7836750000001,win,32.96324999999952,24.17550000000011,0
50938,50939,50945,short,1583.44,1579.813675,win,32.96324999999952,24.17550000000011,6
51037,51038,51050,short,1577.11,1573.483675,win,32.96324999999952,24.17550000000011,12
51229,51230,51231,short,1597.65,1594.0236750000001,win,32.96324999999952,24.17550000000011,1
51256,51257,51308,short,1593.83,1590.203675,win,32.96324999999952,24.17550000000011,51
51605,51606,51607,short,1603.42,1605.8375500000002,loss,-27.475500000001194,24.17550000000011,1
51651,51652,51673,short,1605.45,1601.823675,win,32.96324999999952,24.17550000000011,21
51695,51696,51699,short,1609.99,1612.4075500000001,loss,-27.475500000001194,24.17550000000011,3
51699,51700,51705,short,1613.07,1615.48755,loss,-27.475500000001194,24.17550000000011,5
52049,52050,52050,long,1596.56,1594.1424499999998,loss,-27.475500000001194,24.17550000000011,0
52094,52095,52106,short,1604.66,1601.0336750000001,win,32.96324999999952,24.17550000000011,11
52221,52222,52229,long,1594.71,1592.29245,loss,-27.475500000001194,24.17550000000011,7
52237,52238,52241,short,1598.55,1600.96755,loss,-27.475500000001194,24.17550000000011,3
52241,52242,52243,short,1602.2,1604.6175500000002,loss,-27.475500000001194,24.17550000000011,1
52503,52504,52512,long,1597.31,1594.8924499999998,loss,-27.475500000001194,24.17550000000011,8
52513,52514,52514,long,1591.8,1589.3824499999998,loss,-27.475500000001194,24.17550000000011,0
52516,52517,52520,long,1582.07,1579.6524499999998,loss,-27.475500000001194,24.17550000000011,3
52530,52531,52560,long,1574.95,1572.53245,loss,-27.475500000001194,24.17550000000011,29
52561,52562,52564,long,1564.27,1567.896325,win,32.96324999999952,24.17550000000011,2
52617,52618,52620,long,1567.55,1565.1324499999998,loss,-27.475500000001194,24.17550000000011,2
52671,52672,52672,short,1552.61,1555.02755,loss,-27.475500000001194,24.17550000000011,0
52679,52680,52680,long,1543.37,1540.9524499999998,loss,-27.475500000001194,24.17550000000011,0
52778,52779,52786,short,1555.18,1557.5975500000002,loss,-27.475500000001194,24.17550000000011,7
52855,52856,52859,long,1576.84,1580.4663249999999,win,32.96324999999952,24.17550000000011,3
52861,52862,52880,short,1579.45,1575.823675,win,32.96324999999952,24.17550000000011,18
52890,52891,52893,long,1570.07,1567.6524499999998,loss,-27.475500000001194,24.17550000000011,2
52981,52982,52983,short,1586.25,1588.6675500000001,loss,-27.475500000001194,24.17550000000011,1
53051,53052,53060,long,1580.66,1578.24245,loss,-27.475500000001194,24.17550000000011,8
53075,53076,53082,long,1568.63,1566.21245,loss,-27.475500000001194,24.17550000000011,6
53127,53128,53134,short,1560.23,1556.603675,win,32.96324999999952,24.17550000000011,6
53136,53137,53142,long,1556.38,1560.006325,win,32.96324999999952,24.17550000000011,5
53222,53223,53229,short,1563.03,1559.403675,win,32.96324999999952,24.17550000000011,6
53231,53232,53236,long,1556.94,1554.52245,loss,-27.475500000001194,24.17550000000011,4
53238,53239,53246,long,1547.04,1544.6224499999998,loss,-27.475500000001194,24.17550000000011,7
53248,53249,53249,long,1540.75,1538.3324499999999,loss,-27.475500000001194,24.17550000000011,0
53256,53257,53257,long,1534.25,1531.8324499999999,loss,-27.475500000001194,24.17550000000011,0
53259,53260,53260,long,1504.45,1502.03245,loss,-27.475500000001194,24.17550000000011,0
53261,53262,53262,long,1501.25,1498.8324499999999,loss,-27.475500000001194,24.17550000000011,0
53440,53441,53441,short,1376.7,1379.1175500000002,loss,-27.475500000001194,24.17550000000011,0
53585,53586,53591,long,1365.4,1369.026325,win,32.96324999999952,24.17550000000011,5
53591,53592,53592,short,1372.65,1375.0675500000002,loss,-27.475500000001194,24.17550000000011,0
53745,53746,53752,short,1408.05,1404.423675,win,32.96324999999952,24.17550000000011,6
53756,53757,53757,short,1415.22,1417.6375500000001,loss,-27.475500000001194,24.17550000000011,0
53776,53777,53778,short,1419.01,1421.42755,loss,-27.475500000001194,24.17550000000011,1
53861,53862,53864,long,1423.33,1426.9563249999999,win,32.96324999999952,24.17550000000011,2
54040,54041,54041,short,1443.37,1445.78755,loss,-27.475500000001194,24.17550000000011,0
54058,54059,54065,short,1444.39,1446.8075500000002,loss,-27.475500000001194,24.17550000000011,6
54142,54143,54144,short,1472.94,1475.3575500000002,loss,-27.475500000001194,24.17550000000011,1
54150,54151,54151,long,1467.25,1464.8324499999999,loss,-27.475500000001194,24.17550000000011,0
54169,54170,54171,long,1465.66,1469.286325,win,32.96324999999952,24.17550000000011,1
54177,54178,54178,short,1477.02,1479.43755,loss,-27.475500000001194,24.17550000000011,0
54222,54223,54227,short,1471.31,1467.683675,win,32.96324999999952,24.17550000000011,4
54229,54230,54241,short,1469.47,1471.8875500000001,loss,-27.475500000001194,24.17550000000011,11
54455,54456,54456,long,1445.35,1442.9324499999998,loss,-27.475500000001194,24.17550000000011,0
54516,54517,54518,short,1455.14,1457.5575500000002,loss,-27.475500000001194,24.17550000000011,1
54523,54524,54534,short,1455.38,1457.7975500000002,loss,-27.475500000001194,24.17550000000011,10
54631,54632,54632,long,1462.25,1465.876325,win,32.96324999999952,24.17550000000011,0
54634,54635,54637,long,1465.25,1468.876325,win,32.96324999999952,24.17550000000011,2
54701,54702,54714,long,1472.97,1476.596325,win,32.96324999999952,24.17550000000011,12
54821,54822,54822,long,1441.77,1445.396325,win,32.96324999999952,24.17550000000011,0
54874,54875,54884,short,1454.41,1456.8275500000002,loss,-27.475500000001194,24.17550000000011,9
55002,55003,55004,long,1461.72,1465.346325,win,32.96324999999952,24.17550000000011,1
55015,55016,55021,long,1469.62,1467.2024499999998,loss,-27.475500000001194,24.17550000000011,5
55076,55077,55078,long,1446.73,1450.356325,win,32.96324999999952,24.17550000000011,1
55079,55080,55084,long,1447.16,1444.74245,loss,-27.475500000001194,24.17550000000011,4
55104,55105,55105,long,1423.5,1427.126325,win,32.96324999999952,24.17550000000011,0
55156,55157,55160,long,1436.7,1434.28245,loss,-27.475500000001194,24.17550000000011,3
55160,55161,55162,short,1434.51,1430.883675,win,32.96324999999952,24.17550000000011,1
55188,55189,55190,long,1429.95,1433.576325,win,32.96324999999952,24.17550000000011,1
55254,55255,55261,long,1438.52,1436.1024499999999,loss,-27.475500000001194,24.17550000000011,6
55345,55346,55346,long,1411.0,1414.626325,win,32.96324999999952,24.17550000000011,0
55347,55348,55356,long,1410.27,1413.896325,win,32.96324999999952,24.17550000000011,8
55436,55437,55437,long,1391.22,1388.80245,loss,-27.475500000001194,24.17550000000011,0
55496,55497,55501,long,1384.74,1388.366325,win,32.96324999999952,24.17550000000011,4
55722,55723,55725,long,1378.03,1381.656325,win,32.96324999999952,24.17550000000011,2
55739,55740,55740,long,1366.89,1370.516325,win,32.96324999999952,24.17550000000011,0
55745,55746,55746,long,1370.79,1368.3724499999998,loss,-27.475500000001194,24.17550000000011,0
55747,55748,55748,long,1371.55,1375.176325,win,32.96324999999952,24.17550000000011,0
55805,55806,55812,short,1387.64,1384.0136750000001,win,32.96324999999952,24.17550000000011,6
55896,55897,55897,short,1375.71,1378.1275500000002,loss,-27.475500000001194,24.17550000000011,0
55898,55899,55899,short,1376.13,1378.5475500000002,loss,-27.475500000001194,24.17550000000011,0
55908,55909,55910,short,1386.72,1389.1375500000001,loss,-27.475500000001194,24.17550000000011,1
55924,55925,55925,short,1384.55,1386.96755,loss,-27.475500000001194,24.17550000000011,0
55931,55932,55933,long,1379.54,1383.166325,win,32.96324999999952,24.17550000000011,1
55986,55987,55988,long,1388.87,1392.4963249999998,win,32.96324999999952,24.17550000000011,1
56252,56253,56264,long,1385.16,1382.74245,loss,-27.475500000001194,24.17550000000011,11
56502,56503,56504,short,1395.32,1397.73755,loss,-27.475500000001194,24.17550000000011,1
56509,56510,56522,short,1394.0,1396.4175500000001,loss,-27.475500000001194,24.17550000000011,12
56537,56538,56542,short,1397.48,1393.853675,win,32.96324999999952,24.17550000000011,4
56561,56562,56564,short,1412.4,1414.8175500000002,loss,-27.475500000001194,24.17550000000011,2
56596,56597,56611,short,1413.22,1409.593675,win,32.96324999999952,24.17550000000011,14
56674,56675,56692,short,1399.47,1401.8875500000001,loss,-27.475500000001194,24.17550000000011,17
56710,56711,56713,short,1403.23,1399.603675,win,32.96324999999952,24.17550000000011,2
56713,56714,56722,long,1399.78,1397.3624499999999,loss,-27.475500000001194,24.17550000000011,8
56730,56731,56733,long,1398.72,1402.346325,win,32.96324999999952,24.17550000000011,2
56734,56735,56736,short,1405.13,1401.5036750000002,win,32.96324999999952,24.17550000000011,1
57045,57046,57049,long,1378.95,1382.576325,win,32.96324999999952,24.17550000000011,3
57095,57096,57109,short,1367.36,1369.77755,loss,-27.475500000001194,24.17550000000011,13
57127,57128,57156,long,1366.93,1370.556325,win,32.96324999999952,24.17550000000011,28
57185,57186,57186,long,1358.72,1362.346325,win,32.96324999999952,24.17550000000011,0
57234,57235,57235,long,1310.56,1314.186325,win,32.96324999999952,24.17550000000011,0
57239,57240,57240,long,1306.27,1303.8524499999999,loss,-27.475500000001194,24.17550000000011,0
57245,57246,57246,long,1299.56,1303.186325,win,32.96324999999952,24.17550000000011,0
57247,57248,57248,long,1303.43,1301.01245,loss,-27.475500000001194,24.17550000000011,0
57260,57261,57263,long,1298.02,1295.6024499999999,loss,-27.475500000001194,24.17550000000011,2
57264,57265,57266,short,1296.18,1292.553675,win,32.96324999999952,24.17550000000011,1
57267,57268,57271,long,1291.48,1289.06245,loss,-27.475500000001194,24.17550000000011,3
57317,57318,57320,short,1296.76,1299.17755,loss,-27.475500000001194,24.17550000000011,2
57322,57323,57323,short,1299.3,1295.673675,win,32.96324999999952,24.17550000000011,0
57336,57337,57341,long,1293.12,1296.7463249999998,win,32.96324999999952,24.17550000000011,4
57354,57355,57356,long,1289.51,1293.136325,win,32.96324999999952,24.17550000000011,1
57359,57360,57361,long,1290.26,1293.886325,win,32.96324999999952,24.17550000000011,1
57427,57428,57430,long,1284.02,1281.6024499999999,loss,-27.475500000001194,24.17550000000011,2
57436,57437,57437,short,1286.75,1289.1675500000001,loss,-27.475500000001194,24.17550000000011,0
57782,57783,57785,short,1266.37,1262.743675,win,32.96324999999952,24.17550000000011,2
58229,58230,58238,short,1255.47,1251.843675,win,32.96324999999952,24.17550000000011,8
58252,58253,58255,long,1249.92,1253.546325,win,32.96324999999952,24.17550000000011,2
58379,58380,58380,short,1288.66,1285.0336750000001,win,32.96324999999952,24.17550000000011,0
58428,58429,58434,long,1282.42,1286.046325,win,32.96324999999952,24.17550000000011,5
58562,58563,58566,short,1291.96,1288.333675,win,32.96324999999952,24.17550000000011,3
58572,58573,58573,short,1287.39,1289.8075500000002,loss,-27.475500000001194,24.17550000000011,0
58602,58603,58605,long,1283.13,1280.71245,loss,-27.475500000001194,24.17550000000011,2
58622,58623,58639,short,1286.72,1283.093675,win,32.96324999999952,24.17550000000011,16
58710,58711,58712,short,1289.59,1292.00755,loss,-27.475500000001194,24.17550000000011,1
58967,58968,58978,short,1289.29,1291.70755,loss,-27.475500000001194,24.17550000000011,10
59115,59116,59142,short,1336.54,1332.913675,win,32.96324999999952,24.17550000000011,26
59149,59150,59151,short,1336.36,1332.733675,win,32.96324999999952,24.17550000000011,1
59213,59214,59217,short,1343.22,1345.6375500000001,loss,-27.475500000001194,24.17550000000011,3
59225,59226,59242,long,1340.49,1344.116325,win,32.96324999999952,24.17550000000011,16
59255,59256,59261,short,1343.95,1340.323675,win,32.96324999999952,24.17550000000011,5
59294,59295,59299,long,1322.99,1320.57245,loss,-27.475500000001194,24.17550000000011,4
59327,59328,59331,short,1321.81,1318.183675,win,32.96324999999952,24.17550000000011,3
59331,59332,59333,short,1319.45,1321.8675500000002,loss,-27.475500000001194,24.17550000000011,1
59333,59334,59337,short,1323.0,1319.373675,win,32.96324999999952,24.17550000000011,3
59342,59343,59344,long,1311.36,1308.9424499999998,loss,-27.475500000001194,24.17550000000011,1
59450,59451,59453,long,1325.76,1329.386325,win,32.96324999999952,24.17550000000011,2
59520,59521,59525,long,1325.67,1329.296325,win,32.96324999999952,24.17550000000011,4
59541,59542,59549,short,1329.17,1331.5875500000002,loss,-27.475500000001194,24.17550000000011,7
59573,59574,59577,long,1326.89,1324.47245,loss,-27.475500000001194,24.17550000000011,3
59581,59582,59605,long,1328.35,1325.9324499999998,loss,-27.475500000001194,24.17550000000011,23
59732,59733,59737,long,1308.73,1312.356325,win,32.96324999999952,24.17550000000011,4
59737,59738,59740,long,1310.95,1308.53245,loss,-27.475500000001194,24.17550000000011,2
59741,59742,59745,long,1310.61,1308.1924499999998,loss,-27.475500000001194,24.17550000000011,3
59803,59804,59815,short,1325.33,1327.74755,loss,-27.475500000001194,24.17550000000011,11
59879,59880,59880,long,1287.21,1284.79245,loss,-27.475500000001194,24.17550000000011,0
59979,59980,59987,long,1314.29,1311.8724499999998,loss,-27.475500000001194,24.17550000000011,7
59990,59991,59994,long,1311.12,1308.7024499999998,loss,-27.475500000001194,24.17550000000011,3
60000,60001,60003,long,1305.03,1308.656325,win,32.96324999999952,24.17550000000011,2
60005,60006,60006,long,1309.59,1307.1724499999998,loss,-27.475500000001194,24.17550000000011,0
60052,60053,60053,long,1295.12,1292.7024499999998,loss,-27.475500000001194,24.17550000000011,0
60060,60061,60064,long,1291.55,1289.1324499999998,loss,-27.475500000001194,24.17550000000011,3
60065,60066,60072,long,1289.52,1293.146325,win,32.96324999999952,24.17550000000011,6
60074,60075,60081,short,1292.95,1295.3675500000002,loss,-27.475500000001194,24.17550000000011,6
60085,60086,60087,short,1294.86,1291.233675,win,32.96324999999952,24.17550000000011,1
60223,60224,60229,long,1283.72,1287.346325,win,32.96324999999952,24.17550000000011,5
60246,60247,60252,short,1295.62,1291.993675,win,32.96324999999952,24.17550000000011,5
60284,60285,60286,short,1305.14,1307.5575500000002,loss,-27.475500000001194,24.17550000000011,1
60463,60464,60464,short,1336.4,1338.8175500000002,loss,-27.475500000001194,24.17550000000011,0
60752,60753,60754,short,1339.63,1342.0475500000002,loss,-27.475500000001194,24.17550000000011,1
60755,60756,60756,short,1366.36,1362.733675,win,32.96324999999952,24.17550000000011,0
60964,60965,60967,short,1369.12,1365.493675,win,32.96324999999952,24.17550000000011,2
60986,60987,60989,long,1357.58,1355.1624499999998,loss,-27.475500000001194,24.17550000000011,2
61122,61123,61124,short,1369.79,1372.20755,loss,-27.475500000001194,24.17550000000011,1
61127,61128,61128,short,1369.78,1366.153675,win,32.96324999999952,24.17550000000011,0
61134,61135,61143,short,1367.54,1363.913675,win,32.96324999999952,24.17550000000011,8
61148,61149,61151,long,1357.03,1360.656325,win,32.96324999999952,24.17550000000011,2
61173,61174,61178,short,1363.3,1365.71755,loss,-27.475500000001194,24.17550000000011,4
61193,61194,61196,short,1368.93,1371.3475500000002,loss,-27.475500000001194,24.17550000000011,2
61540,61541,61541,short,1431.77,1428.143675,win,32.96324999999952,24.17550000000011,0
61945,61946,61986,short,1412.68,1409.053675,win,32.96324999999952,24.17550000000011,40
62075,62076,62077,long,1391.96,1389.54245,loss,-27.475500000001194,24.17550000000011,1
62077,62078,62078,long,1385.95,1383.53245,loss,-27.475500000001194,24.17550000000011,0
62093,62094,62098,long,1392.89,1396.516325,win,32.96324999999952,24.17550000000011,4
62409,62410,62430,short,1365.13,1361.5036750000002,win,32.96324999999952,24.17550000000011,20
62612,62613,62616,long,1328.37,1325.9524499999998,loss,-27.475500000001194,24.17550000000011,3
62617,62618,62628,short,1326.99,1323.363675,win,32.96324999999952,24.17550000000011,10
62632,62633,62634,long,1310.67,1314.296325,win,32.96324999999952,24.17550000000011,1
62695,62696,62698,short,1333.53,1329.903675,win,32.96324999999952,24.17550000000011,2
62858,62859,62860,long,1306.32,1309.946325,win,32.96324999999952,24.17550000000011,1
62862,62863,62881,long,1310.18,1307.76245,loss,-27.475500000001194,24.17550000000011,18
62915,62916,62916,short,1303.87,1306.28755,loss,-27.475500000001194,24.17550000000011,0
62918,62919,62923,short,1304.9,1301.2736750000001,win,32.96324999999952,24.17550000000011,4
62929,62930,62935,short,1300.31,1302.72755,loss,-27.475500000001194,24.17550000000011,5
62939,62940,62941,long,1297.99,1301.616325,win,32.96324999999952,24.17550000000011,1
62957,62958,62958,short,1320.21,1322.6275500000002,loss,-27.475500000001194,24.17550000000011,0
62964,62965,62965,short,1362.48,1364.8975500000001,loss,-27.475500000001194,24.17550000000011,0
63023,63024,63026,short,1368.12,1364.493675,win,32.96324999999952,24.17550000000011,2
63130,63131,63132,long,1335.32,1338.946325,win,32.96324999999952,24.17550000000011,1
63135,63136,63136,long,1338.05,1335.6324499999998,loss,-27.475500000001194,24.17550000000011,0
63285,63286,63286,long,1321.41,1318.99245,loss,-27.475500000001194,24.17550000000011,0
63312,63313,63325,long,1314.19,1317.816325,win,32.96324999999952,24.17550000000011,12
63327,63328,63371,short,1325.14,1327.5575500000002,loss,-27.475500000001194,24.17550000000011,43
63408,63409,63428,short,1336.05,1332.423675,win,32.96324999999952,24.17550000000011,19
63676,63677,63677,long,1326.03,1323.6124499999999,loss,-27.475500000001194,24.17550000000011,0
63742,63743,63745,short,1336.18,1332.553675,win,32.96324999999952,24.17550000000011,2
63765,63766,63766,long,1310.27,1307.8524499999999,loss,-27.475500000001194,24.17550000000011,0
63882,63883,63900,short,1316.67,1313.0436750000001,win,32.96324999999952,24.17550000000011,17
64129,64130,64132,short,1316.86,1319.27755,loss,-27.475500000001194,24.17550000000011,2
64132,64133,64138,short,1318.68,1321.0975500000002,loss,-27.475500000001194,24.17550000000011,5
64230,64231,64231,short,1324.92,1327.3375500000002,loss,-27.475500000001194,24.17550000000011,0
64287,64288,64302,long,1317.85,1321.4763249999999,win,32.96324999999952,24.17550000000011,14
64485,64486,64488,long,1290.12,1287.7024499999998,loss,-27.475500000001194,24.17550000000011,2
64488,64489,64499,long,1284.8,1288.426325,win,32.96324999999952,24.17550000000011,10
64588,64589,64593,short,1283.53,1285.94755,loss,-27.475500000001194,24.17550000000011,4
64593,64594,64597,short,1286.39,1282.7636750000001,win,32.96324999999952,24.17550000000011,3
64601,64602,64604,short,1283.5,1285.9175500000001,loss,-27.475500000001194,24.17550000000011,2
64607,64608,64612,short,1280.07,1276.443675,win,32.96324999999952,24.17550000000011,4
64618,64619,64623,long,1277.44,1275.02245,loss,-27.475500000001194,24.17550000000011,4
64644,64645,64647,long,1271.57,1275.196325,win,32.96324999999952,24.17550000000011,2
64714,64715,64720,short,1280.67,1283.0875500000002,loss,-27.475500000001194,24.17550000000011,5
64724,64725,64730,short,1278.47,1274.843675,win,32.96324999999952,24.17550000000011,5
64748,64749,64753,short,1279.76,1282.17755,loss,-27.475500000001194,24.17550000000011,4
64796,64797,64799,long,1280.21,1277.79245,loss,-27.475500000001194,24.17550000000011,2
64842,64843,64844,long,1278.59,1276.1724499999998,loss,-27.475500000001194,24.17550000000011,1
64845,64846,64848,long,1277.91,1275.49245,loss,-27.475500000001194,24.17550000000011,2
65134,65135,65140,long,1311.63,1315.256325,win,32.96324999999952,24.17550000000011,5
65156,65157,65157,short,1336.46,1338.8775500000002,loss,-27.475500000001194,24.17550000000011,0
65311,65312,65314,short,1340.33,1336.703675,win,32.96324999999952,24.17550000000011,2
65316,65317,65318,short,1335.37,1337.78755,loss,-27.475500000001194,24.17550000000011,1
65396,65397,65399,long,1344.82,1342.4024499999998,loss,-27.475500000001194,24.17550000000011,2
65443,65444,65444,short,1349.94,1352.3575500000002,loss,-27.475500000001194,24.17550000000011,0
65474,65475,65491,long,1351.66,1349.24245,loss,-27.475500000001194,24.17550000000011,16
65501,65502,65518,short,1352.75,1349.123675,win,32.96324999999952,24.17550000000011,16
65667,65668,65674,short,1344.37,1346.78755,loss,-27.475500000001194,24.17550000000011,6
65674,65675,65684,short,1347.28,1349.69755,loss,-27.475500000001194,24.17550000000011,9
65805,65806,65806,long,1321.82,1319.4024499999998,loss,-27.475500000001194,24.17550000000011,0
65808,65809,65857,long,1323.55,1327.176325,win,32.96324999999952,24.17550000000011,48
65873,65874,65879,long,1315.06,1312.6424499999998,loss,-27.475500000001194,24.17550000000011,5
65889,65890,65893,long,1309.02,1306.6024499999999,loss,-27.475500000001194,24.17550000000011,3
65895,65896,65896,long,1311.23,1308.81245,loss,-27.475500000001194,24.17550000000011,0
65898,65899,65902,long,1315.7,1313.28245,loss,-27.475500000001194,24.17550000000011,3
65970,65971,65971,short,1318.39,1320.8075500000002,loss,-27.475500000001194,24.17550000000011,0
66013,66014,66045,long,1315.81,1313.3924499999998,loss,-27.475500000001194,24.17550000000011,31
66048,66049,66057,long,1310.52,1314.146325,win,32.96324999999952,24.17550000000011,8
66065,66066,66069,short,1317.52,1313.893675,win,32.96324999999952,24.17550000000011,3
66322,66323,66325,long,1307.97,1311.596325,win,32.96324999999952,24.17550000000011,2
66348,66349,66349,long,1285.58,1283.1624499999998,loss,-27.475500000001194,24.17550000000011,0
66553,66554,66570,long,1266.41,1270.036325,win,32.96324999999952,24.17550000000011,16
66613,66614,66616,long,1271.37,1274.9963249999998,win,32.96324999999952,24.17550000000011,2
66686,66687,66691,short,1283.94,1286.3575500000002,loss,-27.475500000001194,24.17550000000011,4
66693,66694,66707,short,1284.85,1281.223675,win,32.96324999999952,24.17550000000011,13
66713,66714,66716,short,1285.56,1281.933675,win,32.96324999999952,24.17550000000011,2
66784,66785,66790,long,1284.12,1281.7024499999998,loss,-27.475500000001194,24.17550000000011,5
67551,67552,67556,long,1242.97,1240.55245,loss,-27.475500000001194,24.17550000000011,4
67855,67856,67863,long,1221.82,1225.446325,win,32.96324999999952,24.17550000000011,7
67864,67865,67868,short,1224.64,1221.0136750000001,win,32.96324999999952,24.17550000000011,3
67977,67978,67981,short,1225.95,1228.3675500000002,loss,-27.475500000001194,24.17550000000011,3
67993,67994,67994,short,1236.29,1238.70755,loss,-27.475500000001194,24.17550000000011,0
68299,68300,68306,short,1238.23,1240.6475500000001,loss,-27.475500000001194,24.17550000000011,6
68335,68336,68345,short,1248.07,1250.48755,loss,-27.475500000001194,24.17550000000011,9
68351,68352,68356,short,1264.41,1260.7836750000001,win,32.96324999999952,24.17550000000011,4
68370,68371,68375,long,1260.35,1263.9763249999999,win,32.96324999999952,24.17550000000011,4
68381,68382,68386,long,1261.97,1259.55245,loss,-27.475500000001194,24.17550000000011,4
68515,68516,68516,long,1244.16,1241.74245,loss,-27.475500000001194,24.17550000000011,0
68524,68525,68525,long,1239.33,1236.9124499999998,loss,-27.475500000001194,24.17550000000011,0
68580,68581,68598,short,1227.28,1229.69755,loss,-27.475500000001194,24.17550000000011,17
68732,68733,68740,short,1246.53,1242.903675,win,32.96324999999952,24.17550000000011,7
68778,68779,68787,short,1246.83,1243.203675,win,32.96324999999952,24.17550000000011,8
68794,68795,68806,long,1237.59,1235.1724499999998,loss,-27.475500000001194,24.17550000000011,11
68929,68930,68931,long,1217.72,1221.346325,win,32.96324999999952,24.17550000000011,1
68988,68989,68992,long,1205.0,1202.5824499999999,loss,-27.475500000001194,24.17550000000011,3
69176,69177,69180,long,1202.75,1200.3324499999999,loss,-27.475500000001194,24.17550000000011,3
69222,69223,69251,long,1197.02,1200.646325,win,32.96324999999952,24.17550000000011,28
69351,69352,69377,long,1210.35,1213.9763249999999,win,32.96324999999952,24.17550000000011,25
69378,69379,69393,short,1213.59,1209.963675,win,32.96324999999952,24.17550000000011,14
69395,69396,69406,long,1211.34,1214.9663249999999,win,32.96324999999952,24.17550000000011,10
69555,69556,69557,short,1198.58,1194.953675,win,32.96324999999952,24.17550000000011,1
69562,69563,69573,short,1198.83,1201.24755,loss,-27.475500000001194,24.17550000000011,10
69573,69574,69579,short,1202.0,1204.4175500000001,loss,-27.475500000001194,24.17550000000011,5
69582,69583,69587,short,1202.32,1198.693675,win,32.96324999999952,24.17550000000011,4
69590,69591,69592,long,1188.14,1185.72245,loss,-27.475500000001194,24.17550000000011,1
69734,69735,69743,short,1235.91,1238.3275500000002,loss,-27.475500000001194,24.17550000000011,8
69822,69823,69823,short,1245.08,1247.49755,loss,-27.475500000001194,24.17550000000011,0
69935,69936,69952,short,1230.6,1226.973675,win,32.96324999999952,24.17550000000011,16
69969,69970,69980,long,1226.76,1224.3424499999999,loss,-27.475500000001194,24.17550000000011,10
70088,70089,70094,short,1230.06,1226.433675,win,32.96324999999952,24.17550000000011,5
70175,70176,70184,long,1232.7,1230.28245,loss,-27.475500000001194,24.17550000000011,8
70279,70280,70284,short,1248.54,1250.95755,loss,-27.475500000001194,24.17550000000011,4
70285,70286,70295,short,1251.2,1253.6175500000002,loss,-27.475500000001194,24.17550000000011,9
70296,70297,70347,short,1254.0,1250.373675,win,32.96324999999952,24.17550000000011,50
70373,70374,70376,short,1254.73,1251.103675,win,32.96324999999952,24.17550000000011,2
70531,70532,70550,long,1237.84,1241.4663249999999,win,32.96324999999952,24.17550000000011,18
70644,70645,70652,short,1249.57,1251.98755,loss,-27.475500000001194,24.17550000000011,7
70652,70653,70654,short,1251.99,1254.4075500000001,loss,-27.475500000001194,24.17550000000011,1
70672,70673,70676,short,1253.15,1255.5675500000002,loss,-27.475500000001194,24.17550000000011,3
70808,70809,70809,long,1244.17,1241.75245,loss,-27.475500000001194,24.17550000000011,0
70974,70975,70979,short,1237.37,1239.78755,loss,-27.475500000001194,24.17550000000011,4
70980,70981,70989,short,1247.03,1249.44755,loss,-27.475500000001194,24.17550000000011,8
70990,70991,70994,short,1247.89,1250.3075500000002,loss,-27.475500000001194,24.17550000000011,3
71001,71002,71004,short,1263.64,1260.0136750000001,win,32.96324999999952,24.17550000000011,2
71011,71012,71017,short,1262.3,1264.71755,loss,-27.475500000001194,24.17550000000011,5
71078,71079,71079,short,1266.19,1268.6075500000002,loss,-27.475500000001194,24.17550000000011,0
71155,71156,71157,long,1268.58,1266.1624499999998,loss,-27.475500000001194,24.17550000000011,1
71175,71176,71178,long,1264.24,1261.82245,loss,-27.475500000001194,24.17550000000011,2
71256,71257,71271,long,1254.5,1258.126325,win,32.96324999999952,24.17550000000011,14
71352,71353,71356,short,1257.38,1259.7975500000002,loss,-27.475500000001194,24.17550000000011,3
71450,71451,71453,long,1255.29,1252.8724499999998,loss,-27.475500000001194,24.17550000000011,2
71539,71540,71542,short,1247.49,1249.9075500000001,loss,-27.475500000001194,24.17550000000011,2
71546,71547,71553,short,1252.66,1249.0336750000001,win,32.96324999999952,24.17550000000011,6
71630,71631,71634,short,1246.22,1248.6375500000001,loss,-27.475500000001194,24.17550000000011,3
71905,71906,71914,short,1261.43,1257.803675,win,32.96324999999952,24.17550000000011,8
71921,71922,71924,long,1255.94,1253.52245,loss,-27.475500000001194,24.17550000000011,2
71942,71943,71960,short,1257.17,1259.5875500000002,loss,-27.475500000001194,24.17550000000011,17
71963,71964,71968,short,1260.31,1262.72755,loss,-27.475500000001194,24.17550000000011,4
71974,71975,71984,short,1260.78,1263.19755,loss,-27.475500000001194,24.17550000000011,9
72141,72142,72147,short,1283.66,1286.0775500000002,loss,-27.475500000001194,24.17550000000011,5
72147,72148,72153,short,1286.67,1283.0436750000001,win,32.96324999999952,24.17550000000011,5
72162,72163,72188,short,1284.76,1287.17755,loss,-27.475500000001194,24.17550000000011,25
72198,72199,72199,short,1284.85,1287.26755,loss,-27.475500000001194,24.17550000000011,0
72252,72253,72256,short,1285.6,1288.01755,loss,-27.475500000001194,24.17550000000011,3
72375,72376,72379,short,1293.56,1295.97755,loss,-27.475500000001194,24.17550000000011,3
72379,72380,72386,short,1295.64,1298.0575500000002,loss,-27.475500000001194,24.17550000000011,6
72590,72591,72598,long,1323.25,1320.8324499999999,loss,-27.475500000001194,24.17550000000011,7
72603,72604,72605,long,1320.73,1318.31245,loss,-27.475500000001194,24.17550000000011,1
72638,72639,72655,short,1321.52,1323.93755,loss,-27.475500000001194,24.17550000000011,16
72692,72693,72702,long,1314.9,1318.526325,win,32.96324999999952,24.17550000000011,9
72708,72709,72722,short,1321.42,1317.7936750000001,win,32.96324999999952,24.17550000000011,13
72757,72758,72770,long,1309.99,1313.616325,win,32.96324999999952,24.17550000000011,12
72862,72863,72890,short,1318.9,1321.3175500000002,loss,-27.475500000001194,24.17550000000011,27
72910,72911,72922,short,1323.79,1320.163675,win,32.96324999999952,24.17550000000011,11
72993,72994,72994,short,1333.75,1336.1675500000001,loss,-27.475500000001194,24.17550000000011,0
72999,73000,73006,short,1332.72,1329.093675,win,32.96324999999952,24.17550000000011,6
73139,73140,73157,long,1338.41,1342.036325,win,32.96324999999952,24.17550000000011,17
73158,73159,73173,short,1344.12,1340.493675,win,32.96324999999952,24.17550000000011,14
73183,73184,73185,long,1336.55,1334.1324499999998,loss,-27.475500000001194,24.17550000000011,1
73203,73204,73220,long,1326.74,1330.366325,win,32.96324999999952,24.17550000000011,16
73225,73226,73230,short,1330.49,1326.863675,win,32.96324999999952,24.17550000000011,4
73230,73231,73236,short,1329.62,1325.993675,win,32.96324999999952,24.17550000000011,5
73236,73237,73264,long,1325.86,1329.4863249999999,win,32.96324999999952,24.17550000000011,27
73411,73412,73418,short,1341.54,1343.95755,loss,-27.475500000001194,24.17550000000011,6
73450,73451,73459,short,1342.91,1345.3275500000002,loss,-27.475500000001194,24.17550000000011,8
73465,73466,73469,short,1347.09,1349.50755,loss,-27.475500000001194,24.17550000000011,3
73469,73470,73471,short,1349.77,1352.18755,loss,-27.475500000001194,24.17550000000011,1
73505,73506,73507,long,1348.48,1352.106325,win,32.96324999999952,24.17550000000011,1
73757,73758,73759,short,1348.83,1351.24755,loss,-27.475500000001194,24.17550000000011,1
73946,73947,73972,short,1338.79,1341.20755,loss,-27.475500000001194,24.17550000000011,25
73976,73977,73978,short,1340.59,1343.00755,loss,-27.475500000001194,24.17550000000011,1
73989,73990,73997,short,1343.26,1345.67755,loss,-27.475500000001194,24.17550000000011,7
74027,74028,74028,long,1345.85,1343.4324499999998,loss,-27.475500000001194,24.17550000000011,0
74038,74039,74063,short,1348.66,1351.0775500000002,loss,-27.475500000001194,24.17550000000011,24
74146,74147,74153,long,1365.3,1368.926325,win,32.96324999999952,24.17550000000011,6
74160,74161,74172,short,1372.93,1369.303675,win,32.96324999999952,24.17550000000011,11
74291,74292,74292,short,1376.6,1379.01755,loss,-27.475500000001194,24.17550000000011,0
74358,74359,74368,short,1383.58,1379.953675,win,32.96324999999952,24.17550000000011,9
74375,74376,74379,long,1379.71,1377.29245,loss,-27.475500000001194,24.17550000000011,3
74398,74399,74405,long,1370.91,1368.49245,loss,-27.475500000001194,24.17550000000011,6
74406,74407,74407,long,1365.39,1362.97245,loss,-27.475500000001194,24.17550000000011,0
74427,74428,74429,short,1367.37,1363.743675,win,32.96324999999952,24.17550000000011,1
74451,74452,74456,short,1361.97,1358.343675,win,32.96324999999952,24.17550000000011,4
74475,74476,74481,long,1352.17,1355.796325,win,32.96324999999952,24.17550000000011,5
74495,74496,74502,short,1359.5,1355.873675,win,32.96324999999952,24.17550000000011,6
74540,74541,74545,long,1355.18,1352.76245,loss,-27.475500000001194,24.17550000000011,4
74655,74656,74659,long,1321.0,1324.626325,win,32.96324999999952,24.17550000000011,3
75036,75037,75054,long,1302.28,1299.8624499999999,loss,-27.475500000001194,24.17550000000011,17
75103,75104,75105,long,1296.72,1294.30245,loss,-27.475500000001194,24.17550000000011,1
75105,75106,75113,long,1294.61,1292.1924499999998,loss,-27.475500000001194,24.17550000000011,7
75116,75117,75118,long,1294.79,1292.3724499999998,loss,-27.475500000001194,24.17550000000011,1
75181,75182,75184,short,1293.46,1295.8775500000002,loss,-27.475500000001194,24.17550000000011,2
75193,75194,75207,short,1296.19,1292.563675,win,32.96324999999952,24.17550000000011,13
75210,75211,75212,long,1287.4,1291.026325,win,32.96324999999952,24.17550000000011,1
75562,75563,75573,long,1286.98,1284.56245,loss,-27.475500000001194,24.17550000000011,10
75573,75574,75586,long,1282.84,1286.4663249999999,win,32.96324999999952,24.17550000000011,12
75651,75652,75654,short,1289.31,1291.72755,loss,-27.475500000001194,24.17550000000011,2
75773,75774,75775,short,1300.95,1297.323675,win,32.96324999999952,24.17550000000011,1
75829,75830,75840,short,1308.4,1310.8175500000002,loss,-27.475500000001194,24.17550000000011,10
75842,75843,75859,short,1313.05,1309.423675,win,32.96324999999952,24.17550000000011,16
75942,75943,75951,long,1303.3,1300.8824499999998,loss,-27.475500000001194,24.17550000000011,8
75956,75957,75968,long,1306.14,1303.72245,loss,-27.475500000001194,24.17550000000011,11
76108,76109,76121,long,1315.88,1319.506325,win,32.96324999999952,24.17550000000011,12
76246,76247,76270,short,1326.87,1323.243675,win,32.96324999999952,24.17550000000011,23
76274,76275,76277,long,1321.68,1319.26245,loss,-27.475500000001194,24.17550000000011,2
76282,76283,76290,long,1320.36,1317.9424499999998,loss,-27.475500000001194,24.17550000000011,7
76542,76543,76545,short,1300.05,1296.423675,win,32.96324999999952,24.17550000000011,2
76606,76607,76610,short,1286.62,1289.03755,loss,-27.475500000001194,24.17550000000011,3
76691,76692,76695,long,1280.71,1278.29245,loss,-27.475500000001194,24.17550000000011,3
76695,76696,76706,long,1279.53,1283.156325,win,32.96324999999952,24.17550000000011,10
76706,76707,76730,long,1283.0,1286.626325,win,32.96324999999952,24.17550000000011,23
76738,76739,76768,short,1284.68,1287.0975500000002,loss,-27.475500000001194,24.17550000000011,29
76925,76926,76948,long,1291.81,1295.436325,win,32.96324999999952,24.17550000000011,22
76958,76959,76961,short,1302.28,1298.653675,win,32.96324999999952,24.17550000000011,2
77115,77116,77119,long,1295.04,1292.6224499999998,loss,-27.475500000001194,24.17550000000011,3
77694,77695,77701,long,1302.57,1300.1524499999998,loss,-27.475500000001194,24.17550000000011,6
77936,77937,77959,short,1291.01,1293.42755,loss,-27.475500000001194,24.17550000000011,22
78015,78016,78026,short,1297.0,1293.373675,win,32.96324999999952,24.17550000000011,10
78317,78318,78339,long,1292.65,1290.23245,loss,-27.475500000001194,24.17550000000011,21
78448,78449,78477,long,1294.03,1291.6124499999999,loss,-27.475500000001194,24.17550000000011,28
78717,78718,78781,short,1295.86,1293.65,win,18.79999999999809,24.17550000000011,63
78941,78942,78946,long,1285.73,1283.31245,loss,-27.475500000001194,24.17550000000011,4
79005,79006,79011,long,1263.44,1261.02245,loss,-27.475500000001194,24.17550000000011,5
79031,79032,79046,short,1263.94,1266.3575500000002,loss,-27.475500000001194,24.17550000000011,14
79128,79129,79151,long,1252.21,1255.836325,win,32.96324999999952,24.17550000000011,22
79304,79305,79308,long,1245.23,1242.81245,loss,-27.475500000001194,24.17550000000011,3
79314,79315,79341,long,1245.39,1249.016325,win,32.96324999999952,24.17550000000011,26
79355,79356,79402,long,1242.83,1246.4563249999999,win,32.96324999999952,24.17550000000011,46
79405,79406,79422,short,1245.02,1247.43755,loss,-27.475500000001194,24.17550000000011,16
79771,79772,79789,short,1253.82,1256.23755,loss,-27.475500000001194,24.17550000000011,17
79807,79808,79834,long,1252.85,1250.4324499999998,loss,-27.475500000001194,24.17550000000011,26
79875,79876,79886,long,1253.42,1257.046325,win,32.96324999999952,24.17550000000011,10
80132,80133,80140,long,1272.76,1276.386325,win,32.96324999999952,24.17550000000011,7
80140,80141,80191,short,1274.45,1276.8675500000002,loss,-27.475500000001194,24.17550000000011,50
80261,80262,80283,long,1273.9,1271.48245,loss,-27.475500000001194,24.17550000000011,21
80316,80317,80347,long,1263.87,1261.4524499999998,loss,-27.475500000001194,24.17550000000011,30
80400,80401,80421,long,1269.19,1266.77245,loss,-27.475500000001194,24.17550000000011,20
80532,80533,80534,short,1288.88,1291.2975500000002,loss,-27.475500000001194,24.17550000000011,1
80535,80536,80540,short,1293.15,1295.5675500000002,loss,-27.475500000001194,24.17550000000011,4
80613,80614,80628,long,1310.86,1314.4863249999999,win,32.96324999999952,24.17550000000011,14
80659,80660,80669,long,1313.33,1310.9124499999998,loss,-27.475500000001194,24.17550000000011,9
80689,80690,80692,short,1313.18,1315.5975500000002,loss,-27.475500000001194,24.17550000000011,2
80692,80693,80704,short,1316.73,1313.103675,win,32.96324999999952,24.17550000000011,11
80706,80707,80716,long,1311.8,1315.426325,win,32.96324999999952,24.17550000000011,9
80793,80794,80805,short,1324.69,1321.063675,win,32.96324999999952,24.17550000000011,11
80914,80915,80933,short,1321.89,1318.2636750000001,win,32.96324999999952,24.17550000000011,18
81052,81053,81062,short,1320.97,1317.343675,win,32.96324999999952,24.17550000000011,9
81072,81073,81076,long,1313.65,1317.276325,win,32.96324999999952,24.17550000000011,3
81094,81095,81112,short,1319.69,1316.063675,win,32.96324999999952,24.17550000000011,17
81123,81124,81159,long,1315.68,1313.26245,loss,-27.475500000001194,24.17550000000011,35
81196,81197,81221,short,1327.12,1329.53755,loss,-27.475500000001194,24.17550000000011,24
81422,81423,81427,long,1323.16,1320.74245,loss,-27.475500000001194,24.17550000000011,4
81682,81683,81705,long,1317.47,1321.096325,win,32.96324999999952,24.17550000000011,22
81882,81883,81883,short,1338.66,1341.0775500000002,loss,-27.475500000001194,24.17550000000011,0
81940,81941,81990,short,1337.26,1333.633675,win,32.96324999999952,24.17550000000011,49
82043,82044,82051,long,1331.7,1329.28245,loss,-27.475500000001194,24.17550000000011,7
82059,82060,82074,long,1320.84,1318.4224499999998,loss,-27.475500000001194,24.17550000000011,14
82118,82119,82155,short,1308.12,1310.53755,loss,-27.475500000001194,24.17550000000011,36
82328,82329,82339,short,1307.28,1303.653675,win,32.96324999999952,24.17550000000011,10
82351,82352,82352,long,1302.58,1300.1624499999998,loss,-27.475500000001194,24.17550000000011,0
82544,82545,82599,long,1311.43,1309.01245,loss,-27.475500000001194,24.17550000000011,54
82600,82601,82605,long,1307.65,1305.23245,loss,-27.475500000001194,24.17550000000011,4
82611,82612,82616,long,1304.9,1308.526325,win,32.96324999999952,24.17550000000011,4
82898,82899,82917,short,1294.72,1297.1375500000001,loss,-27.475500000001194,24.17550000000011,18
83073,83074,83077,short,1311.39,1307.7636750000001,win,32.96324999999952,24.17550000000011,3
83097,83098,83098,long,1299.82,1297.4024499999998,loss,-27.475500000001194,24.17550000000011,0
83183,83184,83184,long,1294.51,1298.136325,win,32.96324999999952,24.17550000000011,0
83369,83370,83371,short,1293.54,1295.95755,loss,-27.475500000001194,24.17550000000011,1
83371,83372,83373,short,1295.09,1291.463675,win,32.96324999999952,24.17550000000011,1
83373,83374,83437,short,1294.04,1293.87,loss,-1.5999999999992722,24.17550000000011,63
83551,83552,83553,long,1287.94,1285.52245,loss,-27.475500000001194,24.17550000000011,1
83557,83558,83571,long,1283.6,1287.2263249999999,win,32.96324999999952,24.17550000000011,13
83571,83572,83573,long,1286.97,1290.596325,win,32.96324999999952,24.17550000000011,1
83577,83578,83641,short,1290.65,1293.0675500000002,loss,-27.475500000001194,24.17550000000011,63
83643,83644,83645,short,1301.7,1304.1175500000002,loss,-27.475500000001194,24.17550000000011,1
83801,83802,83803,short,1319.42,1321.8375500000002,loss,-27.475500000001194,24.17550000000011,1
83813,83814,83825,short,1316.83,1313.203675,win,32.96324999999952,24.17550000000011,11
83992,83993,84010,short,1311.34,1313.75755,loss,-27.475500000001194,24.17550000000011,17
84078,84079,84083,short,1310.99,1307.363675,win,32.96324999999952,24.17550000000011,4
84286,84287,84287,long,1302.63,1300.21245,loss,-27.475500000001194,24.17550000000011,0
84351,84352,84378,short,1301.23,1297.603675,win,32.96324999999952,24.17550000000011,26
84378,84379,84442,long,1297.11,1299.9,win,24.60000000000191,24.17550000000011,63
84476,84477,84540,long,1295.11,1295.95,win,5.100000000001455,24.17550000000011,63
84725,84726,84738,short,1279.79,1282.20755,loss,-27.475500000001194,24.17550000000011,12
84755,84756,84757,long,1275.17,1278.796325,win,32.96324999999952,24.17550000000011,1
84908,84909,84919,short,1289.69,1286.063675,win,32.96324999999952,24.17550000000011,10
85008,85009,85031,short,1285.09,1281.463675,win,32.96324999999952,24.17550000000011,22
85275,85276,85330,short,1288.31,1284.683675,win,32.96324999999952,24.17550000000011,54
85621,85622,85642,short,1263.16,1265.5775500000002,loss,-27.475500000001194,24.17550000000011,20
85648,85649,85651,short,1264.02,1266.43755,loss,-27.475500000001194,24.17550000000011,2
85736,85737,85748,long,1264.76,1262.3424499999999,loss,-27.475500000001194,24.17550000000011,11
85749,85750,85753,long,1258.22,1255.80245,loss,-27.475500000001194,24.17550000000011,3
85908,85909,85912,long,1254.81,1252.3924499999998,loss,-27.475500000001194,24.17550000000011,3
85918,85919,85924,long,1253.57,1251.1524499999998,loss,-27.475500000001194,24.17550000000011,5
86016,86017,86021,long,1242.96,1246.586325,win,32.96324999999952,24.17550000000011,4
86023,86024,86025,long,1243.13,1240.71245,loss,-27.475500000001194,24.17550000000011,1
86114,86115,86119,long,1233.22,1230.80245,loss,-27.475500000001194,24.17550000000011,4
86119,86120,86123,long,1228.06,1231.686325,win,32.96324999999952,24.17550000000011,3
86183,86184,86199,short,1234.98,1237.3975500000001,loss,-27.475500000001194,24.17550000000011,15
86203,86204,86251,long,1233.33,1236.9563249999999,win,32.96324999999952,24.17550000000011,47
86300,86301,86308,long,1233.44,1237.066325,win,32.96324999999952,24.17550000000011,7
86309,86310,86313,short,1239.22,1235.593675,win,32.96324999999952,24.17550000000011,3
86374,86375,86387,long,1235.0,1238.626325,win,32.96324999999952,24.17550000000011,12
86422,86423,86429,long,1217.79,1221.416325,win,32.96324999999952,24.17550000000011,6
86488,86489,86525,short,1225.61,1221.983675,win,32.96324999999952,24.17550000000011,36
86526,86527,86533,long,1219.93,1223.556325,win,32.96324999999952,24.17550000000011,6
87055,87056,87061,long,1214.45,1218.076325,win,32.96324999999952,24.17550000000011,5
87074,87075,87104,short,1217.68,1220.0975500000002,loss,-27.475500000001194,24.17550000000011,29
87208,87209,87209,long,1207.07,1204.6524499999998,loss,-27.475500000001194,24.17550000000011,0
87346,87347,87358,long,1213.29,1216.916325,win,32.96324999999952,24.17550000000011,11
87361,87362,87376,short,1220.67,1217.0436750000001,win,32.96324999999952,24.17550000000011,14
87645,87646,87653,long,1205.86,1209.4863249999999,win,32.96324999999952,24.17550000000011,7
87655,87656,87661,short,1211.67,1208.0436750000001,win,32.96324999999952,24.17550000000011,5
87719,87720,87721,long,1209.61,1213.2363249999999,win,32.96324999999952,24.17550000000011,1
87752,87753,87773,short,1218.17,1214.5436750000001,win,32.96324999999952,24.17550000000011,20
87775,87776,87778,long,1210.38,1207.96245,loss,-27.475500000001194,24.17550000000011,2
87794,87795,87795,short,1219.22,1221.6375500000001,loss,-27.475500000001194,24.17550000000011,0
87806,87807,87817,short,1222.37,1224.78755,loss,-27.475500000001194,24.17550000000011,10
88038,88039,88042,long,1227.99,1225.57245,loss,-27.475500000001194,24.17550000000011,3
88075,88076,88113,short,1235.95,1232.323675,win,32.96324999999952,24.17550000000011,37
88113,88114,88132,long,1232.78,1236.406325,win,32.96324999999952,24.17550000000011,18
88133,88134,88138,short,1236.34,1232.713675,win,32.96324999999952,24.17550000000011,4
88227,88228,88228,short,1233.82,1236.23755,loss,-27.475500000001194,24.17550000000011,0
88481,88482,88497,short,1241.49,1243.9075500000001,loss,-27.475500000001194,24.17550000000011,15
88501,88502,88502,short,1245.87,1248.28755,loss,-27.475500000001194,24.17550000000011,0
88503,88504,88551,short,1245.45,1247.8675500000002,loss,-27.475500000001194,24.17550000000011,47
88768,88769,88775,long,1238.72,1236.30245,loss,-27.475500000001194,24.17550000000011,6
88808,88809,88872,short,1232.46,1232.49,loss,-3.599999999999727,24.17550000000011,63
89009,89010,89017,long,1227.56,1231.186325,win,32.96324999999952,24.17550000000011,7
89139,89140,89147,long,1227.07,1224.6524499999998,loss,-27.475500000001194,24.17550000000011,7
89148,89149,89152,long,1222.02,1225.646325,win,32.96324999999952,24.17550000000011,3
89164,89165,89169,long,1223.97,1221.55245,loss,-27.475500000001194,24.17550000000011,4
89174,89175,89183,long,1209.64,1213.266325,win,32.96324999999952,24.17550000000011,8
89303,89304,89305,long,1187.13,1184.71245,loss,-27.475500000001194,24.17550000000011,1
89309,89310,89311,long,1170.18,1173.806325,win,32.96324999999952,24.17550000000011,1
89580,89581,89588,long,1148.19,1145.77245,loss,-27.475500000001194,24.17550000000011,7
89829,89830,89833,short,1169.31,1171.72755,loss,-27.475500000001194,24.17550000000011,3
90039,90040,90045,short,1167.64,1164.0136750000001,win,32.96324999999952,24.17550000000011,5
90061,90062,90065,long,1161.83,1165.4563249999999,win,32.96324999999952,24.17550000000011,3
90130,90131,90134,short,1161.31,1157.683675,win,32.96324999999952,24.17550000000011,3
90172,90173,90175,short,1167.43,1163.803675,win,32.96324999999952,24.17550000000011,2
90180,90181,90218,long,1159.38,1156.96245,loss,-27.475500000001194,24.17550000000011,37
90259,90260,90260,short,1175.6,1178.01755,loss,-27.475500000001194,24.17550000000011,0
90419,90420,90421,short,1196.32,1198.73755,loss,-27.475500000001194,24.17550000000011,1
90605,90606,90608,short,1192.93,1195.3475500000002,loss,-27.475500000001194,24.17550000000011,2
90615,90616,90617,short,1192.32,1188.693675,win,32.96324999999952,24.17550000000011,1
90786,90787,90799,long,1195.89,1193.47245,loss,-27.475500000001194,24.17550000000011,12
90976,90977,90990,long,1196.19,1199.816325,win,32.96324999999952,24.17550000000011,13
91043,91044,91046,long,1186.67,1190.296325,win,32.96324999999952,24.17550000000011,2
91103,91104,91105,long,1187.68,1185.26245,loss,-27.475500000001194,24.17550000000011,1
91105,91106,91115,long,1185.67,1183.25245,loss,-27.475500000001194,24.17550000000011,9
91177,91178,91178,long,1151.91,1149.49245,loss,-27.475500000001194,24.17550000000011,0
91234,91235,91236,short,1180.63,1183.0475500000002,loss,-27.475500000001194,24.17550000000011,1
91272,91273,91278,long,1204.82,1208.446325,win,32.96324999999952,24.17550000000011,5
91280,91281,91296,long,1205.46,1209.086325,win,32.96324999999952,24.17550000000011,15
91666,91667,91672,long,1193.09,1196.7163249999999,win,32.96324999999952,24.17550000000011,5
91790,91791,91791,short,1221.47,1223.8875500000001,loss,-27.475500000001194,24.17550000000011,0
91869,91870,91872,long,1228.36,1225.9424499999998,loss,-27.475500000001194,24.17550000000011,2
91875,91876,91876,long,1230.42,1234.046325,win,32.96324999999952,24.17550000000011,0
92198,92199,92204,long,1196.31,1193.8924499999998,loss,-27.475500000001194,24.17550000000011,5
92206,92207,92212,short,1195.89,1198.3075500000002,loss,-27.475500000001194,24.17550000000011,5
92255,92256,92256,long,1191.34,1194.9663249999999,win,32.96324999999952,24.17550000000011,0
92297,92298,92315,short,1198.45,1200.8675500000002,loss,-27.475500000001194,24.17550000000011,17
92594,92595,92616,long,1196.68,1194.26245,loss,-27.475500000001194,24.17550000000011,21
92628,92629,92630,long,1179.95,1177.53245,loss,-27.475500000001194,24.17550000000011,1
92647,92648,92650,long,1176.38,1173.96245,loss,-27.475500000001194,24.17550000000011,2
92656,92657,92671,short,1177.14,1179.5575500000002,loss,-27.475500000001194,24.17550000000011,14
92786,92787,92798,long,1176.81,1174.3924499999998,loss,-27.475500000001194,24.17550000000011,11
92941,92942,92942,long,1185.05,1182.6324499999998,loss,-27.475500000001194,24.17550000000011,0
93260,93261,93262,short,1199.43,1201.8475500000002,loss,-27.475500000001194,24.17550000000011,1
93281,93282,93293,short,1205.19,1201.563675,win,32.96324999999952,24.17550000000011,11
93535,93536,93548,short,1215.69,1212.063675,win,32.96324999999952,24.17550000000011,12
93748,93749,93757,short,1232.6,1235.01755,loss,-27.475500000001194,24.17550000000011,8
93946,93947,93961,long,1229.89,1227.47245,loss,-27.475500000001194,24.17550000000011,14
93980,93981,93981,short,1252.57,1254.98755,loss,-27.475500000001194,24.17550000000011,0
94081,94082,94087,short,1267.12,1269.53755,loss,-27.475500000001194,24.17550000000011,5
94087,94088,94088,short,1273.99,1276.4075500000001,loss,-27.475500000001194,24.17550000000011,0
94095,94096,94100,short,1278.33,1274.703675,win,32.96324999999952,24.17550000000011,4
94100,94101,94101,short,1273.67,1276.0875500000002,loss,-27.475500000001194,24.17550000000011,0
94231,94232,94233,short,1291.29,1293.70755,loss,-27.475500000001194,24.17550000000011,1
94349,94350,94350,long,1286.57,1290.196325,win,32.96324999999952,24.17550000000011,0
94405,94406,94406,long,1286.2,1283.78245,loss,-27.475500000001194,24.17550000000011,0
94409,94410,94429,long,1286.26,1283.8424499999999,loss,-27.475500000001194,24.17550000000011,19
94437,94438,94438,short,1301.99,1298.363675,win,32.96324999999952,24.17550000000011,0
94520,94521,94532,short,1297.42,1293.7936750000001,win,32.96324999999952,24.17550000000011,11
94600,94601,94605,long,1281.73,1285.356325,win,32.96324999999952,24.17550000000011,4
94611,94612,94613,long,1277.37,1280.9963249999998,win,32.96324999999952,24.17550000000011,1
94613,94614,94616,long,1281.32,1284.946325,win,32.96324999999952,24.17550000000011,2
94657,94658,94658,long,1275.63,1273.21245,loss,-27.475500000001194,24.17550000000011,0
94769,94770,94777,long,1290.37,1287.9524499999998,loss,-27.475500000001194,24.17550000000011,7
94960,94961,94961,short,1260.74,1263.1575500000001,loss,-27.475500000001194,24.17550000000011,0
95031,95032,95057,long,1279.47,1277.05245,loss,-27.475500000001194,24.17550000000011,25
95151,95152,95160,short,1283.06,1279.433675,win,32.96324999999952,24.17550000000011,8
95164,95165,95165,long,1279.12,1276.7024499999998,loss,-27.475500000001194,24.17550000000011,0
95214,95215,95223,long,1259.07,1262.696325,win,32.96324999999952,24.17550000000011,8
95447,95448,95448,long,1246.47,1244.05245,loss,-27.475500000001194,24.17550000000011,0
95617,95618,95622,long,1237.54,1235.1224499999998,loss,-27.475500000001194,24.17550000000011,4
95634,95635,95638,long,1233.85,1237.4763249999999,win,32.96324999999952,24.17550000000011,3
95702,95703,95710,long,1236.59,1234.1724499999998,loss,-27.475500000001194,24.17550000000011,7
95887,95888,95898,long,1225.85,1223.4324499999998,loss,-27.475500000001194,24.17550000000011,10
95938,95939,95955,long,1229.22,1232.846325,win,32.96324999999952,24.17550000000011,16
95958,95959,95974,short,1232.86,1235.27755,loss,-27.475500000001194,24.17550000000011,15
95978,95979,96031,short,1232.98,1229.353675,win,32.96324999999952,24.17550000000011,52
96118,96119,96154,long,1207.86,1205.4424499999998,loss,-27.475500000001194,24.17550000000011,35
96263,96264,96270,long,1209.08,1212.7063249999999,win,32.96324999999952,24.17550000000011,6
96396,96397,96407,short,1202.14,1204.5575500000002,loss,-27.475500000001194,24.17550000000011,10
96411,96412,96421,short,1203.27,1199.643675,win,32.96324999999952,24.17550000000011,9
96447,96448,96448,short,1204.26,1206.67755,loss,-27.475500000001194,24.17550000000011,0
96493,96494,96507,long,1201.5,1199.0824499999999,loss,-27.475500000001194,24.17550000000011,13
96513,96514,96516,long,1198.3,1195.8824499999998,loss,-27.475500000001194,24.17550000000011,2
96517,96518,96525,long,1194.92,1198.546325,win,32.96324999999952,24.17550000000011,7
96531,96532,96535,short,1200.73,1197.103675,win,32.96324999999952,24.17550000000011,3
96589,96590,96597,short,1208.57,1210.98755,loss,-27.475500000001194,24.17550000000011,7
96604,96605,96613,long,1209.08,1206.6624499999998,loss,-27.475500000001194,24.17550000000011,8
96677,96678,96689,short,1209.01,1211.42755,loss,-27.475500000001194,24.17550000000011,11
96722,96723,96723,long,1211.6,1209.1824499999998,loss,-27.475500000001194,24.17550000000011,0
96813,96814,96819,short,1215.85,1218.26755,loss,-27.475500000001194,24.17550000000011,5
96882,96883,96885,long,1217.71,1215.29245,loss,-27.475500000001194,24.17550000000011,2
97004,97005,97037,long,1202.46,1206.086325,win,32.96324999999952,24.17550000000011,32
97063,97064,97071,long,1205.04,1202.6224499999998,loss,-27.475500000001194,24.17550000000011,7
97154,97155,97165,long,1200.1,1197.6824499999998,loss,-27.475500000001194,24.17550000000011,10
97168,97169,97176,long,1199.96,1203.586325,win,32.96324999999952,24.17550000000011,7
97194,97195,97196,long,1200.47,1198.05245,loss,-27.475500000001194,24.17550000000011,1
97207,97208,97251,long,1198.16,1195.74245,loss,-27.475500000001194,24.17550000000011,43
97276,97277,97283,long,1175.0,1172.5824499999999,loss,-27.475500000001194,24.17550000000011,6
97379,97380,97414,long,1167.25,1164.8324499999999,loss,-27.475500000001194,24.17550000000011,34
97419,97420,97435,long,1161.35,1158.9324499999998,loss,-27.475500000001194,24.17550000000011,15
97447,97448,97450,long,1162.14,1165.766325,win,32.96324999999952,24.17550000000011,2
97450,97451,97452,short,1165.21,1167.6275500000002,loss,-27.475500000001194,24.17550000000011,1
97471,97472,97491,long,1158.94,1162.566325,win,32.96324999999952,24.17550000000011,19
97530,97531,97534,long,1162.12,1159.7024499999998,loss,-27.475500000001194,24.17550000000011,3
97538,97539,97552,long,1157.09,1154.6724499999998,loss,-27.475500000001194,24.17550000000011,13
97579,97580,97594,short,1155.22,1151.593675,win,32.96324999999952,24.17550000000011,14
97595,97596,97608,long,1150.28,1153.906325,win,32.96324999999952,24.17550000000011,12
97616,97617,97620,short,1165.27,1161.643675,win,32.96324999999952,24.17550000000011,3
97686,97687,97690,short,1157.82,1160.23755,loss,-27.475500000001194,24.17550000000011,3
97701,97702,97717,short,1159.32,1155.693675,win,32.96324999999952,24.17550000000011,15
97839,97840,97903,long,1154.1,1155.36,win,9.299999999999908,24.17550000000011,63
97983,97984,98000,long,1148.26,1151.886325,win,32.96324999999952,24.17550000000011,16
98007,98008,98017,short,1148.26,1150.67755,loss,-27.475500000001194,24.17550000000011,9
98026,98027,98028,short,1150.92,1153.3375500000002,loss,-27.475500000001194,24.17550000000011,1
98204,98205,98206,short,1184.48,1186.8975500000001,loss,-27.475500000001194,24.17550000000011,1
98358,98359,98366,short,1190.75,1193.1675500000001,loss,-27.475500000001194,24.17550000000011,7
98366,98367,98374,short,1193.6,1189.973675,win,32.96324999999952,24.17550000000011,7
98380,98381,98392,long,1189.09,1192.7163249999999,win,32.96324999999952,24.17550000000011,11
98517,98518,98532,short,1198.42,1200.8375500000002,loss,-27.475500000001194,24.17550000000011,14
98538,98539,98539,short,1204.58,1206.99755,loss,-27.475500000001194,24.17550000000011,0
98559,98560,98607,short,1204.8,1201.173675,win,32.96324999999952,24.17550000000011,47
98816,98817,98826,long,1179.29,1182.916325,win,32.96324999999952,24.17550000000011,9
98827,98828,98833,short,1185.2,1187.6175500000002,loss,-27.475500000001194,24.17550000000011,5
98835,98836,98851,short,1188.67,1185.0436750000001,win,32.96324999999952,24.17550000000011,15
98858,98859,98879,long,1182.59,1186.2163249999999,win,32.96324999999952,24.17550000000011,20
98905,98906,98911,long,1184.98,1182.56245,loss,-27.475500000001194,24.17550000000011,5
98930,98931,98932,short,1196.87,1199.28755,loss,-27.475500000001194,24.17550000000011,1
99178,99179,99185,short,1213.97,1210.343675,win,32.96324999999952,24.17550000000011,6
99264,99265,99290,short,1210.83,1207.203675,win,32.96324999999952,24.17550000000011,25
99380,99381,99383,short,1199.49,1201.9075500000001,loss,-27.475500000001194,24.17550000000011,2
99383,99384,99388,short,1201.56,1197.933675,win,32.96324999999952,24.17550000000011,4
99388,99389,99452,short,1196.23,1195.2,win,6.999999999999727,24.17550000000011,63
99545,99546,99551,long,1204.37,1201.9524499999998,loss,-27.475500000001194,24.17550000000011,5
99553,99554,99556,long,1200.1,1197.6824499999998,loss,-27.475500000001194,24.17550000000011,2
99558,99559,99569,long,1197.91,1201.536325,win,32.96324999999952,24.17550000000011,10
99570,99571,99572,long,1203.14,1206.766325,win,32.96324999999952,24.17550000000011,1
99635,99636,99637,long,1195.71,1193.29245,loss,-27.475500000001194,24.17550000000011,1
99640,99641,99644,long,1194.68,1192.26245,loss,-27.475500000001194,24.17550000000011,3
99813,99814,99821,long,1200.97,1204.596325,win,32.96324999999952,24.17550000000011,7
99823,99824,99827,long,1204.8,1208.426325,win,32.96324999999952,24.17550000000011,3
99827,99828,99848,short,1207.76,1204.133675,win,32.96324999999952,24.17550000000011,20
99889,99890,99892,long,1201.12,1198.7024499999998,loss,-27.475500000001194,24.17550000000011,2
99892,99893,99913,long,1198.58,1202.2063249999999,win,32.96324999999952,24.17550000000011,20
99918,99919,99938,short,1205.39,1201.7636750000001,win,32.96324999999952,24.17550000000011,19
100029,100030,100033,long,1197.27,1194.8524499999999,loss,-27.475500000001194,24.17550000000011,3
100035,100036,100037,long,1197.32,1194.9024499999998,loss,-27.475500000001194,24.17550000000011,1
100037,100038,100064,long,1192.99,1196.616325,win,32.96324999999952,24.17550000000011,26
100072,100073,100109,short,1195.15,1197.5675500000002,loss,-27.475500000001194,24.17550000000011,36
100189,100190,100193,short,1204.07,1200.443675,win,32.96324999999952,24.17550000000011,3
100222,100223,100228,long,1187.51,1191.136325,win,32.96324999999952,24.17550000000011,5
100239,100240,100262,long,1186.81,1184.3924499999998,loss,-27.475500000001194,24.17550000000011,22
100269,100270,100302,short,1188.68,1191.0975500000002,loss,-27.475500000001194,24.17550000000011,32
100361,100362,100377,long,1191.75,1195.376325,win,32.96324999999952,24.17550000000011,15
100466,100467,100483,short,1180.95,1183.3675500000002,loss,-27.475500000001194,24.17550000000011,16
100550,100551,100577,long,1200.29,1203.916325,win,32.96324999999952,24.17550000000011,26
100769,100770,100770,long,1186.52,1184.1024499999999,loss,-27.475500000001194,24.17550000000011,0
100952,100953,100969,short,1191.25,1187.623675,win,32.96324999999952,24.17550000000011,16
101047,101048,101048,short,1198.8,1195.173675,win,32.96324999999952,24.17550000000011,0
101051,101052,101058,short,1196.39,1192.7636750000001,win,32.96324999999952,24.17550000000011,6
101079,101080,101097,short,1194.04,1196.45755,loss,-27.475500000001194,24.17550000000011,17
101114,101115,101115,long,1193.56,1191.1424499999998,loss,-27.475500000001194,24.17550000000011,0
101121,101122,101127,long,1190.99,1188.57245,loss,-27.475500000001194,24.17550000000011,5
101127,101128,101133,long,1189.14,1192.766325,win,32.96324999999952,24.17550000000011,5
101202,101203,101204,long,1184.97,1182.55245,loss,-27.475500000001194,24.17550000000011,1
101388,101389,101407,long,1184.61,1188.2363249999999,win,32.96324999999952,24.17550000000011,18
101454,101455,101491,short,1184.12,1186.53755,loss,-27.475500000001194,24.17550000000011,36
101599,101600,101600,short,1211.26,1213.67755,loss,-27.475500000001194,24.17550000000011,0
101785,101786,101797,short,1223.66,1226.0775500000002,loss,-27.475500000001194,24.17550000000011,11
101819,101820,101843,long,1223.92,1227.546325,win,32.96324999999952,24.17550000000011,23
101843,101844,101845,short,1229.37,1231.78755,loss,-27.475500000001194,24.17550000000011,1
101862,101863,101867,short,1228.93,1225.303675,win,32.96324999999952,24.17550000000011,4
102030,102031,102033,long,1203.82,1207.446325,win,32.96324999999952,24.17550000000011,2
102382,102383,102393,long,1196.56,1194.1424499999998,loss,-27.475500000001194,24.17550000000011,10
102594,102595,102595,long,1181.71,1185.336325,win,32.96324999999952,24.17550000000011,0
102752,102753,102775,long,1186.14,1189.766325,win,32.96324999999952,24.17550000000011,22
102840,102841,102857,long,1188.12,1191.7463249999998,win,32.96324999999952,24.17550000000011,16
102953,102954,102957,short,1192.38,1188.7536750000002,win,32.96324999999952,24.17550000000011,3
103027,103028,103031,long,1180.45,1184.076325,win,32.96324999999952,24.17550000000011,3
103091,103092,103134,short,1177.29,1173.663675,win,32.96324999999952,24.17550000000011,42
103137,103138,103141,long,1174.37,1171.9524499999998,loss,-27.475500000001194,24.17550000000011,3
103144,103145,103147,long,1163.53,1167.156325,win,32.96324999999952,24.17550000000011,2
103155,103156,103168,long,1168.34,1171.9663249999999,win,32.96324999999952,24.17550000000011,12
103183,103184,103186,short,1172.09,1174.50755,loss,-27.475500000001194,24.17550000000011,2
103395,103396,103407,short,1184.31,1186.72755,loss,-27.475500000001194,24.17550000000011,11
103432,103433,103495,short,1186.29,1182.663675,win,32.96324999999952,24.17550000000011,62
103495,103496,103500,long,1180.98,1178.56245,loss,-27.475500000001194,24.17550000000011,4
103643,103644,103673,short,1182.83,1179.203675,win,32.96324999999952,24.17550000000011,29
103688,103689,103689,long,1177.83,1181.4563249999999,win,32.96324999999952,24.17550000000011,0
103692,103693,103696,long,1179.83,1183.4563249999999,win,32.96324999999952,24.17550000000011,3
103696,103697,103699,short,1181.18,1183.5975500000002,loss,-27.475500000001194,24.17550000000011,2
103706,103707,103731,short,1188.91,1185.2836750000001,win,32.96324999999952,24.17550000000011,24
103732,103733,103765,long,1185.73,1183.31245,loss,-27.475500000001194,24.17550000000011,32
103823,103824,103854,short,1181.88,1178.2536750000002,win,32.96324999999952,24.17550000000011,30
103950,103951,103951,short,1190.99,1193.4075500000001,loss,-27.475500000001194,24.17550000000011,0
104199,104200,104226,short,1187.21,1183.583675,win,32.96324999999952,24.17550000000011,26
104294,104295,104316,long,1176.6,1174.1824499999998,loss,-27.475500000001194,24.17550000000011,21
104676,104677,104695,long,1176.29,1173.8724499999998,loss,-27.475500000001194,24.17550000000011,18
104719,104720,104721,short,1178.13,1174.5036750000002,win,32.96324999999952,24.17550000000011,1
105060,105061,105073,short,1166.34,1168.75755,loss,-27.475500000001194,24.17550000000011,12
105082,105083,105135,short,1169.67,1166.0436750000001,win,32.96324999999952,24.17550000000011,52
105154,105155,105155,long,1153.48,1151.06245,loss,-27.475500000001194,24.17550000000011,0
105231,105232,105235,short,1154.97,1157.3875500000001,loss,-27.475500000001194,24.17550000000011,3
105235,105236,105242,short,1156.94,1159.3575500000002,loss,-27.475500000001194,24.17550000000011,6
105272,105273,105304,long,1157.67,1161.296325,win,32.96324999999952,24.17550000000011,31
105305,105306,105306,short,1163.45,1165.8675500000002,loss,-27.475500000001194,24.17550000000011,0
105703,105704,105710,long,1147.39,1144.97245,loss,-27.475500000001194,24.17550000000011,6
105889,105890,105890,long,1134.1,1131.6824499999998,loss,-27.475500000001194,24.17550000000011,0
106270,106271,106272,long,1095.77,1093.3524499999999,loss,-27.475500000001194,24.17550000000011,1
106293,106294,106298,long,1090.92,1088.50245,loss,-27.475500000001194,24.17550000000011,4
106367,106368,106368,short,1101.39,1097.7636750000001,win,32.96324999999952,24.17550000000011,0
106371,106372,106372,short,1097.0,1099.4175500000001,loss,-27.475500000001194,24.17550000000011,0
106381,106382,106392,short,1095.76,1098.17755,loss,-27.475500000001194,24.17550000000011,10
106413,106414,106422,short,1104.27,1100.643675,win,32.96324999999952,24.17550000000011,8
106435,106436,106438,long,1089.61,1093.2363249999999,win,32.96324999999952,24.17550000000011,2
106480,106481,106501,long,1093.43,1097.056325,win,32.96324999999952,24.17550000000011,20
106626,106627,106632,long,1092.74,1096.366325,win,32.96324999999952,24.17550000000011,5
106670,106671,106686,long,1092.94,1090.52245,loss,-27.475500000001194,24.17550000000011,15
106686,106687,106687,long,1088.4,1085.98245,loss,-27.475500000001194,24.17550000000011,0
106698,106699,106711,long,1086.52,1084.1024499999999,loss,-27.475500000001194,24.17550000000011,12
106726,106727,106758,short,1090.24,1086.613675,win,32.96324999999952,24.17550000000011,31
106807,106808,106808,short,1100.22,1102.6375500000001,loss,-27.475500000001194,24.17550000000011,0
106961,106962,106962,short,1086.34,1088.75755,loss,-27.475500000001194,24.17550000000011,0
107208,107209,107241,long,1089.76,1093.386325,win,32.96324999999952,24.17550000000011,32
107251,107252,107264,short,1092.06,1088.433675,win,32.96324999999952,24.17550000000011,12
107328,107329,107363,short,1096.49,1098.9075500000001,loss,-27.475500000001194,24.17550000000011,34
107754,107755,107789,short,1115.48,1117.8975500000001,loss,-27.475500000001194,24.17550000000011,34
107795,107796,107816,short,1117.56,1119.97755,loss,-27.475500000001194,24.17550000000011,20
107911,107912,107913,long,1113.3,1110.8824499999998,loss,-27.475500000001194,24.17550000000011,1
107977,107978,108000,short,1121.77,1124.18755,loss,-27.475500000001194,24.17550000000011,22
108076,108077,108090,long,1136.51,1140.136325,win,32.96324999999952,24.17550000000011,13
108108,108109,108129,short,1152.58,1154.99755,loss,-27.475500000001194,24.17550000000011,20
108170,108171,108177,long,1150.73,1154.356325,win,32.96324999999952,24.17550000000011,6
108199,108200,108218,short,1159.0,1161.4175500000001,loss,-27.475500000001194,24.17550000000011,18
108407,108408,108408,short,1142.46,1144.8775500000002,loss,-27.475500000001194,24.17550000000011,0
108439,108440,108448,short,1137.81,1134.183675,win,32.96324999999952,24.17550000000011,8
108479,108480,108488,long,1125.4,1122.98245,loss,-27.475500000001194,24.17550000000011,8
108492,108493,108507,short,1124.15,1126.5675500000002,loss,-27.475500000001194,24.17550000000011,14
108557,108558,108560,long,1118.76,1122.386325,win,32.96324999999952,24.17550000000011,2
108650,108651,108651,short,1137.6,1140.01755,loss,-27.475500000001194,24.17550000000011,0
108667,108668,108689,short,1133.77,1130.143675,win,32.96324999999952,24.17550000000011,21
108704,108705,108734,short,1133.66,1130.0336750000001,win,32.96324999999952,24.17550000000011,29
109012,109013,109016,long,1122.94,1126.566325,win,32.96324999999952,24.17550000000011,3
109255,109256,109271,long,1119.59,1123.2163249999999,win,32.96324999999952,24.17550000000011,15
109348,109349,109363,long,1121.41,1118.99245,loss,-27.475500000001194,24.17550000000011,14
109363,109364,109365,long,1119.66,1117.24245,loss,-27.475500000001194,24.17550000000011,1
109546,109547,109552,long,1105.7,1103.28245,loss,-27.475500000001194,24.17550000000011,5
109553,109554,109563,long,1100.51,1104.136325,win,32.96324999999952,24.17550000000011,9
109563,109564,109575,long,1104.34,1107.9663249999999,win,32.96324999999952,24.17550000000011,11
109613,109614,109637,short,1107.65,1104.0236750000001,win,32.96324999999952,24.17550000000011,23
109654,109655,109718,short,1108.88,1105.2536750000002,win,32.96324999999952,24.17550000000011,63
109830,109831,109835,short,1117.86,1120.27755,loss,-27.475500000001194,24.17550000000011,4
110004,110005,110007,short,1136.69,1133.063675,win,32.96324999999952,24.17550000000011,2
110181,110182,110186,long,1130.27,1127.8524499999999,loss,-27.475500000001194,24.17550000000011,4
110188,110189,110194,long,1126.93,1124.51245,loss,-27.475500000001194,24.17550000000011,5
110203,110204,110227,long,1126.19,1123.77245,loss,-27.475500000001194,24.17550000000011,23
110261,110262,110281,short,1126.43,1128.8475500000002,loss,-27.475500000001194,24.17550000000011,19
110337,110338,110354,short,1134.71,1137.1275500000002,loss,-27.475500000001194,24.17550000000011,16
110365,110366,110376,short,1134.73,1137.1475500000001,loss,-27.475500000001194,24.17550000000011,10
110381,110382,110382,short,1148.76,1151.17755,loss,-27.475500000001194,24.17550000000011,0
110504,110505,110537,long,1144.68,1142.26245,loss,-27.475500000001194,24.17550000000011,32
110538,110539,110551,long,1136.98,1134.56245,loss,-27.475500000001194,24.17550000000011,12
110658,110659,110671,short,1133.45,1129.823675,win,32.96324999999952,24.17550000000011,12
110672,110673,110700,long,1127.5,1125.0824499999999,loss,-27.475500000001194,24.17550000000011,27
110703,110704,110739,long,1124.28,1121.8624499999999,loss,-27.475500000001194,24.17550000000011,35
110803,110804,110811,long,1114.94,1112.52245,loss,-27.475500000001194,24.17550000000011,7
110919,110920,110928,long,1105.78,1109.406325,win,32.96324999999952,24.17550000000011,8
110928,110929,110929,short,1110.03,1112.44755,loss,-27.475500000001194,24.17550000000011,0
111020,111021,111024,short,1136.49,1138.9075500000001,loss,-27.475500000001194,24.17550000000011,3
111024,111025,111026,short,1139.35,1141.76755,loss,-27.475500000001194,24.17550000000011,1
111129,111130,111177,short,1147.2,1149.6175500000002,loss,-27.475500000001194,24.17550000000011,47
111185,111186,111203,short,1148.68,1151.0975500000002,loss,-27.475500000001194,24.17550000000011,17
111275,111276,111296,short,1143.86,1140.233675,win,32.96324999999952,24.17550000000011,20
111383,111384,111390,short,1154.24,1156.6575500000001,loss,-27.475500000001194,24.17550000000011,6
111458,111459,111473,short,1165.38,1167.7975500000002,loss,-27.475500000001194,24.17550000000011,14
111554,111555,111561,short,1158.06,1154.433675,win,32.96324999999952,24.17550000000011,6
111577,111578,111582,short,1164.07,1166.48755,loss,-27.475500000001194,24.17550000000011,4
111631,111632,111644,short,1172.02,1174.43755,loss,-27.475500000001194,24.17550000000011,12
111697,111698,111717,short,1185.85,1182.223675,win,32.96324999999952,24.17550000000011,19
111723,111724,111756,long,1183.83,1187.4563249999999,win,32.96324999999952,24.17550000000011,32
111821,111822,111841,long,1176.91,1180.536325,win,32.96324999999952,24.17550000000011,19
112013,112014,112027,short,1173.75,1176.1675500000001,loss,-27.475500000001194,24.17550000000011,13
112130,112131,112132,long,1167.15,1164.73245,loss,-27.475500000001194,24.17550000000011,1
112368,112369,112393,short,1164.66,1167.0775500000002,loss,-27.475500000001194,24.17550000000011,24
112393,112394,112421,short,1167.65,1164.0236750000001,win,32.96324999999952,24.17550000000011,27
112609,112610,112610,long,1152.74,1156.366325,win,32.96324999999952,24.17550000000011,0
112666,112667,112673,short,1160.43,1156.803675,win,32.96324999999952,24.17550000000011,6
112677,112678,112679,long,1153.3,1156.926325,win,32.96324999999952,24.17550000000011,1
112679,112680,112680,long,1153.49,1151.07245,loss,-27.475500000001194,24.17550000000011,0
112686,112687,112687,long,1152.22,1149.80245,loss,-27.475500000001194,24.17550000000011,0
112937,112938,112941,long,1133.75,1131.3324499999999,loss,-27.475500000001194,24.17550000000011,3
113041,113042,113046,long,1118.75,1116.3324499999999,loss,-27.475500000001194,24.17550000000011,4
113110,113111,113126,long,1109.31,1106.8924499999998,loss,-27.475500000001194,24.17550000000011,15
113200,113201,113230,short,1109.26,1105.633675,win,32.96324999999952,24.17550000000011,29
113485,113486,113503,long,1089.24,1086.82245,loss,-27.475500000001194,24.17550000000011,17
113594,113595,113596,long,1081.93,1079.51245,loss,-27.475500000001194,24.17550000000011,1
113688,113689,113717,long,1080.97,1084.596325,win,32.96324999999952,24.17550000000011,28
113776,113777,113778,long,1087.7,1085.28245,loss,-27.475500000001194,24.17550000000011,1
113794,113795,113801,long,1084.51,1082.0924499999999,loss,-27.475500000001194,24.17550000000011,6
113836,113837,113857,long,1078.26,1081.886325,win,32.96324999999952,24.17550000000011,20
113880,113881,113883,long,1066.16,1069.786325,win,32.96324999999952,24.17550000000011,2
113888,113889,113908,long,1070.28,1067.8624499999999,loss,-27.475500000001194,24.17550000000011,19
113926,113927,113945,long,1068.48,1072.106325,win,32.96324999999952,24.17550000000011,18
113955,113956,113959,long,1069.46,1067.04245,loss,-27.475500000001194,24.17550000000011,3
114046,114047,114051,long,1073.89,1071.47245,loss,-27.475500000001194,24.17550000000011,4
114123,114124,114129,long,1080.18,1083.806325,win,32.96324999999952,24.17550000000011,5
114401,114402,114417,long,1073.27,1070.8524499999999,loss,-27.475500000001194,24.17550000000011,15
114418,114419,114421,long,1071.09,1068.6724499999998,loss,-27.475500000001194,24.17550000000011,2
114426,114427,114449,long,1071.62,1069.2024499999998,loss,-27.475500000001194,24.17550000000011,22
114543,114544,114571,long,1068.28,1065.8624499999999,loss,-27.475500000001194,24.17550000000011,27
114697,114698,114710,short,1064.0,1066.4175500000001,loss,-27.475500000001194,24.17550000000011,12
114828,114829,114848,long,1068.23,1065.81245,loss,-27.475500000001194,24.17550000000011,19
114855,114856,114865,long,1056.07,1053.6524499999998,loss,-27.475500000001194,24.17550000000011,9
115015,115016,115033,long,1060.17,1063.796325,win,32.96324999999952,24.17550000000011,17
115039,115040,115040,short,1077.02,1079.43755,loss,-27.475500000001194,24.17550000000011,0
115193,115194,115210,short,1074.44,1070.813675,win,32.96324999999952,24.17550000000011,16
115373,115374,115404,long,1073.1,1070.6824499999998,loss,-27.475500000001194,24.17550000000011,30
115467,115468,115477,short,1071.02,1067.393675,win,32.96324999999952,24.17550000000011,9
115597,115598,115613,long,1063.93,1061.51245,loss,-27.475500000001194,24.17550000000011,15
115624,115625,115647,long,1064.91,1062.49245,loss,-27.475500000001194,24.17550000000011,22
115765,115766,115769,short,1072.83,1075.24755,loss,-27.475500000001194,24.17550000000011,3
115859,115860,115860,long,1054.65,1052.23245,loss,-27.475500000001194,24.17550000000011,0
115871,115872,115896,long,1050.32,1053.946325,win,32.96324999999952,24.17550000000011,24
116078,116079,116130,long,1077.2,1074.78245,loss,-27.475500000001194,24.17550000000011,51
116194,116195,116203,short,1075.4,1071.7736750000001,win,32.96324999999952,24.17550000000011,8
116212,116213,116227,long,1071.75,1069.3324499999999,loss,-27.475500000001194,24.17550000000011,14
116271,116272,116318,short,1073.02,1075.43755,loss,-27.475500000001194,24.17550000000011,46
116318,116319,116379,short,1074.74,1071.113675,win,32.96324999999952,24.17550000000011,60
116402,116403,116411,long,1069.43,1067.01245,loss,-27.475500000001194,24.17550000000011,8
116449,116450,116470,short,1071.83,1074.24755,loss,-27.475500000001194,24.17550000000011,20
116627,116628,116665,short,1062.87,1059.243675,win,32.96324999999952,24.17550000000011,37
116807,116808,116829,short,1078.07,1080.48755,loss,-27.475500000001194,24.17550000000011,21
116908,116909,116910,short,1081.73,1084.1475500000001,loss,-27.475500000001194,24.17550000000011,1
116918,116919,116919,short,1085.24,1087.6575500000001,loss,-27.475500000001194,24.17550000000011,0
116928,116929,116932,short,1085.62,1088.03755,loss,-27.475500000001194,24.17550000000011,3
117187,117188,117190,long,1099.44,1103.066325,win,32.96324999999952,24.17550000000011,2
117470,117471,117476,short,1091.71,1088.083675,win,32.96324999999952,24.17550000000011,5
117503,117504,117508,long,1074.92,1078.546325,win,32.96324999999952,24.17550000000011,4
117510,117511,117532,long,1077.23,1080.856325,win,32.96324999999952,24.17550000000011,21
117560,117561,117568,short,1081.8,1084.21755,loss,-27.475500000001194,24.17550000000011,7
117573,117574,117575,short,1094.0,1096.4175500000001,loss,-27.475500000001194,24.17550000000011,1
117722,117723,117729,long,1087.54,1085.1224499999998,loss,-27.475500000001194,24.17550000000011,6
117894,117895,117901,short,1102.75,1099.123675,win,32.96324999999952,24.17550000000011,6
117908,117909,117915,long,1097.48,1101.106325,win,32.96324999999952,24.17550000000011,6
117944,117945,117963,short,1101.64,1098.0136750000001,win,32.96324999999952,24.17550000000011,18
117987,117988,118013,long,1097.1,1094.6824499999998,loss,-27.475500000001194,24.17550000000011,25
118178,118179,118197,short,1114.18,1110.553675,win,32.96324999999952,24.17550000000011,18
118201,118202,118203,short,1115.45,1117.8675500000002,loss,-27.475500000001194,24.17550000000011,1
118210,118211,118216,short,1119.11,1121.52755,loss,-27.475500000001194,24.17550000000011,5
118221,118222,118236,short,1122.05,1118.423675,win,32.96324999999952,24.17550000000011,14
118244,118245,118260,long,1120.65,1118.23245,loss,-27.475500000001194,24.17550000000011,15
118311,118312,118324,short,1127.53,1123.903675,win,32.96324999999952,24.17550000000011,12
118347,118348,118348,long,1119.76,1117.3424499999999,loss,-27.475500000001194,24.17550000000011,0
118357,118358,118371,long,1118.13,1121.756325,win,32.96324999999952,24.17550000000011,13
118719,118720,118721,long,1127.31,1124.8924499999998,loss,-27.475500000001194,24.17550000000011,1
118730,118731,118743,short,1129.14,1131.5575500000002,loss,-27.475500000001194,24.17550000000011,12
118764,118765,118767,short,1143.67,1140.0436750000001,win,32.96324999999952,24.17550000000011,2
118807,118808,118819,long,1142.49,1146.116325,win,32.96324999999952,24.17550000000011,11
118931,118932,118936,long,1147.08,1150.7063249999999,win,32.96324999999952,24.17550000000011,4
118939,118940,118944,long,1154.37,1157.9963249999998,win,32.96324999999952,24.17550000000011,4
119024,119025,119025,short,1197.48,1193.853675,win,32.96324999999952,24.17550000000011,0
119032,119033,119035,short,1192.42,1194.8375500000002,loss,-27.475500000001194,24.17550000000011,2
119188,119189,119202,long,1181.96,1185.586325,win,32.96324999999952,24.17550000000011,13
119203,119204,119206,long,1187.66,1191.286325,win,32.96324999999952,24.17550000000011,2
119271,119272,119273,short,1207.67,1210.0875500000002,loss,-27.475500000001194,24.17550000000011,1
119283,119284,119285,short,1223.83,1226.24755,loss,-27.475500000001194,24.17550000000011,1
119287,119288,119288,short,1227.47,1229.8875500000001,loss,-27.475500000001194,24.17550000000011,0
119363,119364,119366,short,1242.93,1239.303675,win,32.96324999999952,24.17550000000011,2
119508,119509,119512,long,1195.95,1193.53245,loss,-27.475500000001194,24.17550000000011,3
119526,119527,119527,long,1201.87,1199.4524499999998,loss,-27.475500000001194,24.17550000000011,0
119537,119538,119538,short,1210.23,1212.6475500000001,loss,-27.475500000001194,24.17550000000011,0
119543,119544,119548,short,1215.54,1211.913675,win,32.96324999999952,24.17550000000011,4
119554,119555,119556,short,1212.35,1208.723675,win,32.96324999999952,24.17550000000011,1
119592,119593,119594,long,1196.85,1200.4763249999999,win,32.96324999999952,24.17550000000011,1
119620,119621,119624,short,1209.74,1206.113675,win,32.96324999999952,24.17550000000011,3
119625,119626,119628,long,1203.91,1201.49245,loss,-27.475500000001194,24.17550000000011,2
119731,119732,119740,short,1207.17,1209.5875500000002,loss,-27.475500000001194,24.17550000000011,8
119743,119744,119744,short,1211.66,1214.0775500000002,loss,-27.475500000001194,24.17550000000011,0
119818,119819,119821,long,1223.84,1227.4663249999999,win,32.96324999999952,24.17550000000011,2
119821,119822,119822,short,1230.12,1232.53755,loss,-27.475500000001194,24.17550000000011,0
119971,119972,119976,short,1220.84,1217.213675,win,32.96324999999952,24.17550000000011,4
120084,120085,120086,long,1228.87,1232.4963249999998,win,32.96324999999952,24.17550000000011,1
120189,120190,120191,long,1233.69,1237.316325,win,32.96324999999952,24.17550000000011,1
120195,120196,120197,long,1228.0,1231.626325,win,32.96324999999952,24.17550000000011,1
120293,120294,120294,long,1221.52,1219.1024499999999,loss,-27.475500000001194,24.17550000000011,0
120323,120324,120325,short,1223.74,1226.1575500000001,loss,-27.475500000001194,24.17550000000011,1
120443,120444,120445,long,1239.45,1237.03245,loss,-27.475500000001194,24.17550000000011,1
120445,120446,120448,long,1238.91,1242.536325,win,32.96324999999952,24.17550000000011,2
120458,120459,120464,short,1245.05,1247.46755,loss,-27.475500000001194,24.17550000000011,5
120543,120544,120556,short,1230.83,1233.24755,loss,-27.475500000001194,24.17550000000011,12
120658,120659,120662,short,1255.87,1258.28755,loss,-27.475500000001194,24.17550000000011,3
120686,120687,120692,short,1260.81,1257.183675,win,32.96324999999952,24.17550000000011,5
120723,120724,120724,short,1269.42,1271.8375500000002,loss,-27.475500000001194,24.17550000000011,0
120740,120741,120741,short,1263.15,1259.5236750000001,win,32.96324999999952,24.17550000000011,0
120846,120847,120850,long,1260.84,1264.4663249999999,win,32.96324999999952,24.17550000000011,3
120854,120855,120865,short,1267.64,1264.0136750000001,win,32.96324999999952,24.17550000000011,10
121019,121020,121020,long,1243.63,1247.256325,win,32.96324999999952,24.17550000000011,0
121030,121031,121033,short,1255.77,1258.18755,loss,-27.475500000001194,24.17550000000011,2
121033,121034,121037,short,1257.83,1254.203675,win,32.96324999999952,24.17550000000011,3
121076,121077,121082,long,1247.52,1245.1024499999999,loss,-27.475500000001194,24.17550000000011,5
121109,121110,121110,short,1261.28,1257.653675,win,32.96324999999952,24.17550000000011,0
121112,121113,121113,short,1263.62,1266.03755,loss,-27.475500000001194,24.17550000000011,0
121162,121163,121167,short,1270.7,1273.1175500000002,loss,-27.475500000001194,24.17550000000011,4
121168,121169,121172,short,1274.79,1271.163675,win,32.96324999999952,24.17550000000011,3
121261,121262,121264,short,1256.14,1252.5136750000001,win,32.96324999999952,24.17550000000011,2
121278,121279,121284,short,1256.88,1253.2536750000002,win,32.96324999999952,24.17550000000011,5
121312,121313,121315,long,1234.76,1232.3424499999999,loss,-27.475500000001194,24.17550000000011,2
121316,121317,121326,long,1232.96,1236.586325,win,32.96324999999952,24.17550000000011,9
121497,121498,121503,short,1260.45,1262.8675500000002,loss,-27.475500000001194,24.17550000000011,5
121567,121568,121587,long,1263.24,1260.82245,loss,-27.475500000001194,24.17550000000011,19
121640,121641,121651,long,1255.19,1252.77245,loss,-27.475500000001194,24.17550000000011,10
121652,121653,121654,long,1250.87,1248.4524499999998,loss,-27.475500000001194,24.17550000000011,1
121682,121683,121719,short,1253.79,1250.163675,win,32.96324999999952,24.17550000000011,36
121820,121821,121823,short,1257.98,1254.353675,win,32.96324999999952,24.17550000000011,2
121919,121920,121928,short,1234.57,1230.943675,win,32.96324999999952,24.17550000000011,8
121936,121937,121939,long,1216.85,1220.4763249999999,win,32.96324999999952,24.17550000000011,2
121956,121957,121959,short,1224.68,1221.053675,win,32.96324999999952,24.17550000000011,2
122059,122060,122068,long,1214.36,1211.9424499999998,loss,-27.475500000001194,24.17550000000011,8
122092,122093,122096,short,1215.31,1217.72755,loss,-27.475500000001194,24.17550000000011,3
122474,122475,122477,long,1214.86,1212.4424499999998,loss,-27.475500000001194,24.17550000000011,2
122477,122478,122479,long,1211.35,1214.9763249999999,win,32.96324999999952,24.17550000000011,1
122512,122513,122519,long,1220.32,1217.9024499999998,loss,-27.475500000001194,24.17550000000011,6
122519,122520,122562,long,1216.65,1220.276325,win,32.96324999999952,24.17550000000011,42
122611,122612,122613,short,1223.51,1225.92755,loss,-27.475500000001194,24.17550000000011,1
122646,122647,122648,short,1231.19,1233.6075500000002,loss,-27.475500000001194,24.17550000000011,1
123099,123100,123106,short,1261.43,1257.803675,win,32.96324999999952,24.17550000000011,6
123108,123109,123110,short,1256.37,1258.78755,loss,-27.475500000001194,24.17550000000011,1
123125,123126,123127,long,1254.37,1257.9963249999998,win,32.96324999999952,24.17550000000011,1
123283,123284,123287,short,1243.07,1239.443675,win,32.96324999999952,24.17550000000011,3
123292,123293,123298,short,1239.15,1235.5236750000001,win,32.96324999999952,24.17550000000011,5
123308,123309,123311,long,1231.51,1229.0924499999999,loss,-27.475500000001194,24.17550000000011,2
123311,123312,123313,long,1227.61,1225.1924499999998,loss,-27.475500000001194,24.17550000000011,1
123321,123322,123355,long,1226.16,1229.786325,win,32.96324999999952,24.17550000000011,33
123552,123553,123572,short,1244.13,1246.5475500000002,loss,-27.475500000001194,24.17550000000011,19
123683,123684,123684,long,1245.44,1243.02245,loss,-27.475500000001194,24.17550000000011,0
123688,123689,123703,long,1243.98,1247.606325,win,32.96324999999952,24.17550000000011,14
123880,123881,123883,short,1234.76,1237.17755,loss,-27.475500000001194,24.17550000000011,2
123916,123917,123936,short,1239.86,1236.233675,win,32.96324999999952,24.17550000000011,19
123940,123941,123957,long,1237.08,1240.7063249999999,win,32.96324999999952,24.17550000000011,16
124005,124006,124010,short,1243.06,1239.433675,win,32.96324999999952,24.17550000000011,4
124167,124168,124171,short,1255.37,1257.78755,loss,-27.475500000001194,24.17550000000011,3
124173,124174,124186,short,1256.88,1259.2975500000002,loss,-27.475500000001194,24.17550000000011,12
124186,124187,124196,short,1255.95,1258.3675500000002,loss,-27.475500000001194,24.17550000000011,9
124287,124288,124288,short,1289.8,1292.21755,loss,-27.475500000001194,24.17550000000011,0
124302,124303,124305,short,1290.21,1292.6275500000002,loss,-27.475500000001194,24.17550000000011,2
124321,124322,124322,short,1293.25,1295.6675500000001,loss,-27.475500000001194,24.17550000000011,0
124525,124526,124535,long,1280.46,1284.086325,win,32.96324999999952,24.17550000000011,9
124622,124623,124627,short,1279.81,1276.183675,win,32.96324999999952,24.17550000000011,4
124627,124628,124642,long,1276.07,1279.696325,win,32.96324999999952,24.17550000000011,14
124691,124692,124692,short,1278.68,1275.053675,win,32.96324999999952,24.17550000000011,0
125074,125075,125092,long,1272.17,1269.75245,loss,-27.475500000001194,24.17550000000011,17
125111,125112,125114,short,1278.88,1275.2536750000002,win,32.96324999999952,24.17550000000011,2
125166,125167,125171,short,1271.56,1273.97755,loss,-27.475500000001194,24.17550000000011,4
125197,125198,125198,long,1268.57,1266.1524499999998,loss,-27.475500000001194,24.17550000000011,0
125310,125311,125312,long,1274.2,1271.78245,loss,-27.475500000001194,24.17550000000011,1
125312,125313,125332,long,1271.89,1275.516325,win,32.96324999999952,24.17550000000011,19
125332,125333,125338,short,1275.87,1278.28755,loss,-27.475500000001194,24.17550000000011,5
125338,125339,125343,short,1278.01,1280.42755,loss,-27.475500000001194,24.17550000000011,4
125348,125349,125356,short,1278.88,1275.2536750000002,win,32.96324999999952,24.17550000000011,7
125364,125365,125366,long,1273.36,1270.9424499999998,loss,-27.475500000001194,24.17550000000011,1
125372,125373,125382,long,1271.55,1269.1324499999998,loss,-27.475500000001194,24.17550000000011,9
125468,125469,125473,short,1274.34,1270.713675,win,32.96324999999952,24.17550000000011,4
125547,125548,125560,long,1255.2,1252.78245,loss,-27.475500000001194,24.17550000000011,12
125586,125587,125603,short,1254.05,1256.46755,loss,-27.475500000001194,24.17550000000011,16
125609,125610,125629,short,1256.25,1252.623675,win,32.96324999999952,24.17550000000011,19
125630,125631,125643,long,1253.32,1256.946325,win,32.96324999999952,24.17550000000011,12
125723,125724,125749,long,1250.08,1247.6624499999998,loss,-27.475500000001194,24.17550000000011,25
125756,125757,125768,long,1246.38,1250.006325,win,32.96324999999952,24.17550000000011,11
125772,125773,125793,short,1251.31,1247.683675,win,32.96324999999952,24.17550000000011,20
125793,125794,125794,long,1248.61,1246.1924499999998,loss,-27.475500000001194,24.17550000000011,0
125945,125946,125968,short,1223.52,1219.893675,win,32.96324999999952,24.17550000000011,22
126028,126029,126030,short,1230.73,1227.103675,win,32.96324999999952,24.17550000000011,1
126105,126106,126120,short,1219.84,1216.213675,win,32.96324999999952,24.17550000000011,14
126125,126126,126126,long,1215.13,1212.71245,loss,-27.475500000001194,24.17550000000011,0
126148,126149,126155,long,1210.97,1208.55245,loss,-27.475500000001194,24.17550000000011,6
126204,126205,126212,short,1209.98,1206.353675,win,32.96324999999952,24.17550000000011,7
126284,126285,126286,short,1213.32,1215.73755,loss,-27.475500000001194,24.17550000000011,1
126384,126385,126388,long,1206.76,1210.386325,win,32.96324999999952,24.17550000000011,3
126396,126397,126419,long,1211.3,1214.926325,win,32.96324999999952,24.17550000000011,22
126435,126436,126440,short,1214.73,1217.1475500000001,loss,-27.475500000001194,24.17550000000011,4
126618,126619,126645,long,1240.64,1244.266325,win,32.96324999999952,24.17550000000011,26
126655,126656,126662,short,1245.24,1241.613675,win,32.96324999999952,24.17550000000011,6
126743,126744,126757,long,1240.97,1244.596325,win,32.96324999999952,24.17550000000011,13
126927,126928,126928,short,1265.01,1267.42755,loss,-27.475500000001194,24.17550000000011,0
126931,126932,126962,short,1269.4,1265.7736750000001,win,32.96324999999952,24.17550000000011,30
126962,126963,126992,long,1265.69,1269.316325,win,32.96324999999952,24.17550000000011,29
127200,127201,127206,short,1287.66,1284.0336750000001,win,32.96324999999952,24.17550000000011,5
127399,127400,127400,long,1293.54,1291.1224499999998,loss,-27.475500000001194,24.17550000000011,0
127402,127403,127404,long,1285.32,1288.946325,win,32.96324999999952,24.17550000000011,1
127887,127888,127888,short,1279.7,1282.1175500000002,loss,-27.475500000001194,24.17550000000011,0
127893,127894,127894,short,1299.74,1296.113675,win,32.96324999999952,24.17550000000011,0
127937,127938,127938,short,1316.47,1318.8875500000001,loss,-27.475500000001194,24.17550000000011,0
127950,127951,127952,long,1315.84,1319.4663249999999,win,32.96324999999952,24.17550000000011,1
128121,128122,128122,short,1316.61,1312.983675,win,32.96324999999952,24.17550000000011,0
128211,128212,128213,short,1321.38,1317.7536750000002,win,32.96324999999952,24.17550000000011,1
128629,128630,128637,long,1366.44,1370.066325,win,32.96324999999952,24.17550000000011,7
128903,128904,128908,long,1362.84,1360.4224499999998,loss,-27.475500000001194,24.17550000000011,4
128933,128934,128936,long,1357.55,1355.1324499999998,loss,-27.475500000001194,24.17550000000011,2
128944,128945,128948,short,1358.66,1355.0336750000001,win,32.96324999999952,24.17550000000011,3
129040,129041,129045,long,1334.88,1332.46245,loss,-27.475500000001194,24.17550000000011,4
129061,129062,129067,long,1334.21,1331.79245,loss,-27.475500000001194,24.17550000000011,5
129073,129074,129074,short,1335.96,1338.3775500000002,loss,-27.475500000001194,24.17550000000011,0
129089,129090,129094,short,1340.87,1343.28755,loss,-27.475500000001194,24.17550000000011,4
129098,129099,129104,short,1340.63,1337.0036750000002,win,32.96324999999952,24.17550000000011,5
129178,129179,129183,long,1333.69,1331.27245,loss,-27.475500000001194,24.17550000000011,4
129225,129226,129238,short,1331.74,1334.1575500000001,loss,-27.475500000001194,24.17550000000011,12
129248,129249,129251,short,1333.97,1330.343675,win,32.96324999999952,24.17550000000011,2
129255,129256,129267,long,1327.6,1331.2263249999999,win,32.96324999999952,24.17550000000011,11
129403,129404,129418,short,1327.06,1329.47755,loss,-27.475500000001194,24.17550000000011,14
129448,129449,129464,short,1330.09,1332.50755,loss,-27.475500000001194,24.17550000000011,15
129582,129583,129600,long,1318.71,1316.29245,loss,-27.475500000001194,24.17550000000011,17
129640,129641,129647,short,1317.21,1319.6275500000002,loss,-27.475500000001194,24.17550000000011,6
129647,129648,129649,short,1318.73,1321.1475500000001,loss,-27.475500000001194,24.17550000000011,1
129652,129653,129658,short,1322.02,1318.393675,win,32.96324999999952,24.17550000000011,5
129661,129662,129664,short,1319.12,1321.53755,loss,-27.475500000001194,24.17550000000011,2
129713,129714,129717,long,1330.58,1328.1624499999998,loss,-27.475500000001194,24.17550000000011,3
129724,129725,129731,long,1327.94,1325.52245,loss,-27.475500000001194,24.17550000000011,6
130084,130085,130099,long,1337.14,1340.766325,win,32.96324999999952,24.17550000000011,14
130099,130100,130105,short,1339.89,1342.3075500000002,loss,-27.475500000001194,24.17550000000011,5
130136,130137,130138,long,1336.42,1334.00245,loss,-27.475500000001194,24.17550000000011,1
130165,130166,130169,short,1335.45,1337.8675500000002,loss,-27.475500000001194,24.17550000000011,3
130207,130208,130217,long,1333.57,1337.196325,win,32.96324999999952,24.17550000000011,9
130283,130284,130291,short,1346.74,1349.1575500000001,loss,-27.475500000001194,24.17550000000011,7
130376,130377,130379,short,1351.64,1354.0575500000002,loss,-27.475500000001194,24.17550000000011,2
130415,130416,130438,short,1365.66,1362.0336750000001,win,32.96324999999952,24.17550000000011,22
130446,130447,130455,long,1364.24,1361.82245,loss,-27.475500000001194,24.17550000000011,8
130500,130501,130511,long,1354.99,1358.616325,win,32.96324999999952,24.17550000000011,10
130549,130550,130552,long,1352.27,1349.8524499999999,loss,-27.475500000001194,24.17550000000011,2
130558,130559,130562,long,1352.57,1350.1524499999998,loss,-27.475500000001194,24.17550000000011,3
130660,130661,130676,short,1361.82,1358.193675,win,32.96324999999952,24.17550000000011,15
130678,130679,130679,long,1347.33,1344.9124499999998,loss,-27.475500000001194,24.17550000000011,0
130753,130754,130768,long,1331.46,1335.086325,win,32.96324999999952,24.17550000000011,14
130775,130776,130833,short,1335.63,1332.0036750000002,win,32.96324999999952,24.17550000000011,57
130867,130868,130875,short,1341.65,1338.0236750000001,win,32.96324999999952,24.17550000000011,7
130922,130923,130928,short,1352.47,1354.8875500000001,loss,-27.475500000001194,24.17550000000011,5
130929,130930,130952,short,1354.2,1356.6175500000002,loss,-27.475500000001194,24.17550000000011,22
130962,130963,131001,long,1344.57,1342.1524499999998,loss,-27.475500000001194,24.17550000000011,38
131069,131070,131071,long,1342.51,1340.0924499999999,loss,-27.475500000001194,24.17550000000011,1
131092,131093,131123,short,1339.73,1336.103675,win,32.96324999999952,24.17550000000011,30
131123,131124,131130,long,1336.29,1339.916325,win,32.96324999999952,24.17550000000011,6
131203,131204,131208,short,1339.5,1341.9175500000001,loss,-27.475500000001194,24.17550000000011,4
131388,131389,131390,long,1344.15,1341.73245,loss,-27.475500000001194,24.17550000000011,1
131491,131492,131498,long,1346.4,1350.026325,win,32.96324999999952,24.17550000000011,6
131499,131500,131513,long,1350.54,1348.1224499999998,loss,-27.475500000001194,24.17550000000011,13
131549,131550,131569,long,1346.7,1350.326325,win,32.96324999999952,24.17550000000011,19
131596,131597,131599,long,1337.92,1341.546325,win,32.96324999999952,24.17550000000011,2
131759,131760,131768,short,1342.43,1338.803675,win,32.96324999999952,24.17550000000011,8
131857,131858,131873,short,1339.75,1336.123675,win,32.96324999999952,24.17550000000011,15
131964,131965,131975,long,1319.55,1323.176325,win,32.96324999999952,24.17550000000011,10
131985,131986,132023,short,1321.72,1324.1375500000001,loss,-27.475500000001194,24.17550000000011,37
132050,132051,132051,short,1324.76,1327.17755,loss,-27.475500000001194,24.17550000000011,0
132291,132292,132333,short,1314.98,1311.353675,win,32.96324999999952,24.17550000000011,41
132335,132336,132374,long,1307.89,1305.47245,loss,-27.475500000001194,24.17550000000011,38
132401,132402,132405,long,1307.75,1305.3324499999999,loss,-27.475500000001194,24.17550000000011,3
132409,132410,132425,long,1305.54,1303.1224499999998,loss,-27.475500000001194,24.17550000000011,15
132432,132433,132435,short,1312.31,1314.72755,loss,-27.475500000001194,24.17550000000011,2
132609,132610,132632,short,1325.73,1328.1475500000001,loss,-27.475500000001194,24.17550000000011,22
132707,132708,132738,short,1349.13,1351.5475500000002,loss,-27.475500000001194,24.17550000000011,30
132882,132883,132883,long,1338.31,1335.8924499999998,loss,-27.475500000001194,24.17550000000011,0
132913,132914,132936,long,1337.12,1334.7024499999998,loss,-27.475500000001194,24.17550000000011,22
133123,133124,133138,long,1328.04,1325.6224499999998,loss,-27.475500000001194,24.17550000000011,14
133182,133183,133183,long,1320.77,1318.3524499999999,loss,-27.475500000001194,24.17550000000011,0
133208,133209,133224,short,1320.92,1323.3375500000002,loss,-27.475500000001194,24.17550000000011,15
133316,133317,133328,long,1321.26,1324.886325,win,32.96324999999952,24.17550000000011,11
133333,133334,133337,long,1311.32,1314.946325,win,32.96324999999952,24.17550000000011,3
133595,133596,133608,long,1314.63,1312.21245,loss,-27.475500000001194,24.17550000000011,12
133666,133667,133668,long,1311.39,1315.016325,win,32.96324999999952,24.17550000000011,1
133671,133672,133676,short,1319.35,1321.76755,loss,-27.475500000001194,24.17550000000011,4
133695,133696,133696,short,1327.02,1329.43755,loss,-27.475500000001194,24.17550000000011,0
133711,133712,133718,short,1326.77,1329.18755,loss,-27.475500000001194,24.17550000000011,6
133813,133814,133842,long,1336.55,1334.1324499999998,loss,-27.475500000001194,24.17550000000011,28
133850,133851,133871,long,1334.54,1338.166325,win,32.96324999999952,24.17550000000011,20
134076,134077,134095,long,1326.52,1324.1024499999999,loss,-27.475500000001194,24.17550000000011,18
134122,134123,134130,short,1323.82,1320.193675,win,32.96324999999952,24.17550000000011,7
134163,134164,134187,short,1325.32,1321.693675,win,32.96324999999952,24.17550000000011,23
134286,134287,134302,short,1326.42,1322.7936750000001,win,32.96324999999952,24.17550000000011,15
134303,134304,134305,long,1322.4,1326.026325,win,32.96324999999952,24.17550000000011,1
134488,134489,134489,long,1295.23,1292.81245,loss,-27.475500000001194,24.17550000000011,0
134651,134652,134664,long,1263.42,1267.046325,win,32.96324999999952,24.17550000000011,12
134674,134675,134675,long,1256.26,1253.8424499999999,loss,-27.475500000001194,24.17550000000011,0
134695,134696,134709,long,1251.82,1255.446325,win,32.96324999999952,24.17550000000011,13
134715,134716,134719,short,1256.04,1258.45755,loss,-27.475500000001194,24.17550000000011,3
134728,134729,134736,long,1254.35,1251.9324499999998,loss,-27.475500000001194,24.17550000000011,7
134776,134777,134777,long,1244.77,1242.3524499999999,loss,-27.475500000001194,24.17550000000011,0
135146,135147,135168,long,1258.43,1256.01245,loss,-27.475500000001194,24.17550000000011,21
135753,135754,135768,short,1265.79,1268.20755,loss,-27.475500000001194,24.17550000000011,14
135832,135833,135842,short,1266.57,1268.98755,loss,-27.475500000001194,24.17550000000011,9
135929,135930,135944,short,1274.67,1271.0436750000001,win,32.96324999999952,24.17550000000011,14
136017,136018,136043,short,1268.24,1270.6575500000001,loss,-27.475500000001194,24.17550000000011,25
136141,136142,136147,short,1272.05,1268.423675,win,32.96324999999952,24.17550000000011,5
136157,136158,136159,short,1282.53,1278.903675,win,32.96324999999952,24.17550000000011,1
136171,136172,136178,short,1276.56,1278.97755,loss,-27.475500000001194,24.17550000000011,6
136202,136203,136210,short,1277.75,1274.123675,win,32.96324999999952,24.17550000000011,7
136309,136310,136314,short,1283.03,1285.44755,loss,-27.475500000001194,24.17550000000011,4
136442,136443,136458,long,1297.03,1300.656325,win,32.96324999999952,24.17550000000011,15
136466,136467,136467,short,1303.02,1305.43755,loss,-27.475500000001194,24.17550000000011,0
136484,136485,136485,short,1301.62,1297.993675,win,32.96324999999952,24.17550000000011,0
136577,136578,136595,short,1300.39,1302.8075500000002,loss,-27.475500000001194,24.17550000000011,17
136604,136605,136625,short,1302.64,1305.0575500000002,loss,-27.475500000001194,24.17550000000011,20
136791,136792,136795,long,1274.98,1278.606325,win,32.96324999999952,24.17550000000011,3
136827,136828,136828,short,1303.9,1306.3175500000002,loss,-27.475500000001194,24.17550000000011,0
136933,136934,136943,short,1286.68,1289.0975500000002,loss,-27.475500000001194,24.17550000000011,9
136946,136947,136949,short,1286.32,1282.693675,win,32.96324999999952,24.17550000000011,2
136967,136968,136968,long,1264.86,1268.4863249999999,win,32.96324999999952,24.17550000000011,0
137065,137066,137066,long,1228.26,1225.8424499999999,loss,-27.475500000001194,24.17550000000011,0
137069,137070,137070,long,1231.98,1235.606325,win,32.96324999999952,24.17550000000011,0
137071,137072,137072,long,1233.45,1231.03245,loss,-27.475500000001194,24.17550000000011,0
137190,137191,137194,short,1229.61,1225.983675,win,32.96324999999952,24.17550000000011,3
137196,137197,137210,short,1224.66,1227.0775500000002,loss,-27.475500000001194,24.17550000000011,13
137210,137211,137219,long,1226.79,1230.416325,win,32.96324999999952,24.17550000000011,8
137328,137329,137334,long,1225.31,1228.936325,win,32.96324999999952,24.17550000000011,5
137334,137335,137338,short,1229.66,1226.0336750000001,win,32.96324999999952,24.17550000000011,3
137443,137444,137445,long,1214.23,1211.81245,loss,-27.475500000001194,24.17550000000011,1
137513,137514,137514,short,1212.61,1215.02755,loss,-27.475500000001194,24.17550000000011,0
137516,137517,137519,short,1211.03,1213.44755,loss,-27.475500000001194,24.17550000000011,2
137521,137522,137524,short,1209.75,1206.123675,win,32.96324999999952,24.17550000000011,2
137559,137560,137583,short,1212.74,1215.1575500000001,loss,-27.475500000001194,24.17550000000011,23
137665,137666,137674,short,1217.2,1213.573675,win,32.96324999999952,24.17550000000011,8
137677,137678,137696,long,1216.61,1214.1924499999998,loss,-27.475500000001194,24.17550000000011,18
137697,137698,137699,long,1215.64,1213.22245,loss,-27.475500000001194,24.17550000000011,1
137736,137737,137788,short,1212.87,1209.243675,win,32.96324999999952,24.17550000000011,51
137791,137792,137793,long,1194.43,1192.01245,loss,-27.475500000001194,24.17550000000011,1
137943,137944,137944,short,1184.99,1187.4075500000001,loss,-27.475500000001194,24.17550000000011,0
137976,137977,137980,long,1181.04,1184.666325,win,32.96324999999952,24.17550000000011,3
138045,138046,138061,short,1190.15,1192.5675500000002,loss,-27.475500000001194,24.17550000000011,15
138335,138336,138337,short,1171.81,1174.22755,loss,-27.475500000001194,24.17550000000011,1
138490,138491,138498,long,1167.36,1164.9424499999998,loss,-27.475500000001194,24.17550000000011,7
138514,138515,138515,short,1169.34,1171.75755,loss,-27.475500000001194,24.17550000000011,0
138558,138559,138561,long,1171.93,1169.51245,loss,-27.475500000001194,24.17550000000011,2
138564,138565,138568,long,1170.43,1174.056325,win,32.96324999999952,24.17550000000011,3
138568,138569,138569,long,1172.99,1170.57245,loss,-27.475500000001194,24.17550000000011,0
138854,138855,138859,short,1169.01,1165.383675,win,32.96324999999952,24.17550000000011,4
139169,139170,139170,long,1144.75,1142.3324499999999,loss,-27.475500000001194,24.17550000000011,0
139209,139210,139212,long,1139.73,1137.31245,loss,-27.475500000001194,24.17550000000011,2
139221,139222,139224,long,1132.55,1130.1324499999998,loss,-27.475500000001194,24.17550000000011,2
139334,139335,139337,long,1129.64,1133.266325,win,32.96324999999952,24.17550000000011,2
139401,139402,139429,short,1139.66,1142.0775500000002,loss,-27.475500000001194,24.17550000000011,27
139757,139758,139795,short,1131.53,1133.94755,loss,-27.475500000001194,24.17550000000011,37
139880,139881,139885,long,1138.37,1135.9524499999998,loss,-27.475500000001194,24.17550000000011,4
139900,139901,139935,long,1139.49,1143.116325,win,32.96324999999952,24.17550000000011,34
139947,139948,139957,long,1141.17,1138.75245,loss,-27.475500000001194,24.17550000000011,9
140068,140069,140070,short,1149.41,1151.8275500000002,loss,-27.475500000001194,24.17550000000011,1
140070,140071,140081,short,1158.25,1154.623675,win,32.96324999999952,24.17550000000011,10
140214,140215,140218,short,1158.07,1154.443675,win,32.96324999999952,24.17550000000011,3
140220,140221,140223,long,1153.01,1150.5924499999999,loss,-27.475500000001194,24.17550000000011,2
140227,140228,140234,long,1148.44,1146.02245,loss,-27.475500000001194,24.17550000000011,6
140241,140242,140245,long,1150.69,1148.27245,loss,-27.475500000001194,24.17550000000011,3
140254,140255,140255,short,1159.92,1162.3375500000002,loss,-27.475500000001194,24.17550000000011,0
140313,140314,140317,short,1163.33,1165.74755,loss,-27.475500000001194,24.17550000000011,3
140412,140413,140427,long,1172.69,1176.316325,win,32.96324999999952,24.17550000000011,14
140434,140435,140437,short,1179.82,1182.23755,loss,-27.475500000001194,24.17550000000011,2
140459,140460,140470,long,1180.24,1177.82245,loss,-27.475500000001194,24.17550000000011,10
140801,140802,140806,long,1178.11,1181.7363249999999,win,32.96324999999952,24.17550000000011,4
140814,140815,140818,short,1196.6,1192.973675,win,32.96324999999952,24.17550000000011,3
140818,140819,140839,short,1192.94,1195.3575500000002,loss,-27.475500000001194,24.17550000000011,20
140867,140868,140886,short,1205.36,1201.733675,win,32.96324999999952,24.17550000000011,18
140982,140983,140983,long,1192.6,1190.1824499999998,loss,-27.475500000001194,24.17550000000011,0
141021,141022,141027,short,1200.57,1202.98755,loss,-27.475500000001194,24.17550000000011,5
141259,141260,141263,long,1209.36,1206.9424499999998,loss,-27.475500000001194,24.17550000000011,3
141289,141290,141304,long,1202.6,1200.1824499999998,loss,-27.475500000001194,24.17550000000011,14
141407,141408,141421,long,1199.74,1203.366325,win,32.96324999999952,24.17550000000011,13
141494,141495,141517,long,1211.88,1209.46245,loss,-27.475500000001194,24.17550000000011,22
141605,141606,141609,short,1213.94,1216.3575500000002,loss,-27.475500000001194,24.17550000000011,3
141627,141628,141658,long,1207.92,1205.50245,loss,-27.475500000001194,24.17550000000011,30
141701,141702,141705,long,1195.08,1198.7063249999999,win,32.96324999999952,24.17550000000011,3
141707,141708,141710,long,1197.25,1200.876325,win,32.96324999999952,24.17550000000011,2
141711,141712,141712,long,1199.58,1197.1624499999998,loss,-27.475500000001194,24.17550000000011,0
141735,141736,141743,short,1202.23,1198.603675,win,32.96324999999952,24.17550000000011,7
141756,141757,141762,long,1198.34,1195.9224499999998,loss,-27.475500000001194,24.17550000000011,5
141947,141948,141951,long,1191.94,1189.52245,loss,-27.475500000001194,24.17550000000011,3
142045,142046,142058,long,1197.53,1201.156325,win,32.96324999999952,24.17550000000011,12
142069,142070,142080,short,1213.39,1209.7636750000001,win,32.96324999999952,24.17550000000011,10
142198,142199,142209,short,1213.1,1215.51755,loss,-27.475500000001194,24.17550000000011,10
142213,142214,142230,short,1214.89,1217.3075500000002,loss,-27.475500000001194,24.17550000000011,16
142413,142414,142424,long,1222.86,1226.4863249999999,win,32.96324999999952,24.17550000000011,10
142425,142426,142431,short,1226.61,1229.02755,loss,-27.475500000001194,24.17550000000011,5
142436,142437,142453,short,1228.74,1231.1575500000001,loss,-27.475500000001194,24.17550000000011,16
142498,142499,142503,short,1233.0,1229.373675,win,32.96324999999952,24.17550000000011,4
142636,142637,142649,long,1237.73,1241.356325,win,32.96324999999952,24.17550000000011,12
142785,142786,142800,short,1225.34,1227.75755,loss,-27.475500000001194,24.17550000000011,14
142802,142803,142805,short,1225.44,1227.8575500000002,loss,-27.475500000001194,24.17550000000011,2
142815,142816,142821,short,1233.54,1235.95755,loss,-27.475500000001194,24.17550000000011,5
142868,142869,142892,short,1231.3,1227.673675,win,32.96324999999952,24.17550000000011,23
142894,142895,142897,long,1225.34,1222.9224499999998,loss,-27.475500000001194,24.17550000000011,2
142993,142994,142995,long,1222.23,1225.856325,win,32.96324999999952,24.17550000000011,1
142998,142999,143008,long,1225.21,1228.836325,win,32.96324999999952,24.17550000000011,9
143048,143049,143077,long,1225.74,1223.32245,loss,-27.475500000001194,24.17550000000011,28
143092,143093,143116,short,1231.65,1234.0675500000002,loss,-27.475500000001194,24.17550000000011,23
143141,143142,143147,long,1232.6,1236.2263249999999,win,32.96324999999952,24.17550000000011,5
143149,143150,143152,short,1236.3,1238.71755,loss,-27.475500000001194,24.17550000000011,2
143248,143249,143271,short,1242.11,1238.483675,win,32.96324999999952,24.17550000000011,22
143360,143361,143379,short,1237.44,1233.813675,win,32.96324999999952,24.17550000000011,18
143400,143401,143411,long,1233.56,1231.1424499999998,loss,-27.475500000001194,24.17550000000011,10
143491,143492,143504,long,1234.11,1237.7363249999999,win,32.96324999999952,24.17550000000011,12
143534,143535,143543,long,1232.46,1236.086325,win,32.96324999999952,24.17550000000011,8
143610,143611,143612,short,1243.17,1245.5875500000002,loss,-27.475500000001194,24.17550000000011,1
143688,143689,143704,short,1256.05,1258.46755,loss,-27.475500000001194,24.17550000000011,15
143808,143809,143816,short,1262.69,1259.063675,win,32.96324999999952,24.17550000000011,7
143937,143938,143941,long,1246.89,1244.47245,loss,-27.475500000001194,24.17550000000011,3
143996,143997,144000,short,1246.23,1248.6475500000001,loss,-27.475500000001194,24.17550000000011,3
144001,144002,144030,short,1249.53,1245.903675,win,32.96324999999952,24.17550000000011,28
144188,144189,144233,short,1235.19,1231.563675,win,32.96324999999952,24.17550000000011,44
144422,144423,144440,long,1213.03,1210.6124499999999,loss,-27.475500000001194,24.17550000000011,17
144629,144630,144630,short,1199.97,1202.3875500000001,loss,-27.475500000001194,24.17550000000011,0
144716,144717,144753,long,1204.25,1201.8324499999999,loss,-27.475500000001194,24.17550000000011,36
144875,144876,144892,short,1204.75,1201.123675,win,32.96324999999952,24.17550000000011,16
144926,144927,144929,short,1216.35,1218.76755,loss,-27.475500000001194,24.17550000000011,2
144929,144930,144944,short,1219.87,1222.28755,loss,-27.475500000001194,24.17550000000011,14
144976,144977,144991,short,1225.31,1227.72755,loss,-27.475500000001194,24.17550000000011,14
145225,145226,145232,long,1229.53,1227.1124499999999,loss,-27.475500000001194,24.17550000000011,6
145436,145437,145452,short,1247.12,1249.53755,loss,-27.475500000001194,24.17550000000011,15
145458,145459,145464,short,1248.82,1245.193675,win,32.96324999999952,24.17550000000011,5
145542,145543,145551,short,1245.65,1248.0675500000002,loss,-27.475500000001194,24.17550000000011,8
146107,146108,146136,short,1253.26,1255.67755,loss,-27.475500000001194,24.17550000000011,28
146306,146307,146308,short,1252.37,1254.78755,loss,-27.475500000001194,24.17550000000011,1
146423,146424,146427,short,1267.0,1263.373675,win,32.96324999999952,24.17550000000011,3
146487,146488,146490,long,1252.11,1255.7363249999999,win,32.96324999999952,24.17550000000011,2
146529,146530,146552,short,1254.63,1251.0036750000002,win,32.96324999999952,24.17550000000011,22
146571,146572,146575,short,1256.36,1252.733675,win,32.96324999999952,24.17550000000011,3
146635,146636,146647,short,1256.05,1258.46755,loss,-27.475500000001194,24.17550000000011,11
146653,146654,146658,short,1265.79,1268.20755,loss,-27.475500000001194,24.17550000000011,4
146741,146742,146744,short,1275.61,1271.983675,win,32.96324999999952,24.17550000000011,2
146771,146772,146788,short,1284.86,1287.27755,loss,-27.475500000001194,24.17550000000011,16
146830,146831,146837,short,1286.91,1283.2836750000001,win,32.96324999999952,24.17550000000011,6
146898,146899,146926,long,1288.15,1285.73245,loss,-27.475500000001194,24.17550000000011,27
146952,146953,147004,long,1282.33,1285.9563249999999,win,32.96324999999952,24.17550000000011,51
147084,147085,147093,long,1284.07,1281.6524499999998,loss,-27.475500000001194,24.17550000000011,8
147289,147290,147300,short,1283.62,1279.993675,win,32.96324999999952,24.17550000000011,10
147391,147392,147395,short,1271.07,1273.48755,loss,-27.475500000001194,24.17550000000011,3
147399,147400,147425,short,1274.7,1277.1175500000002,loss,-27.475500000001194,24.17550000000011,25
147433,147434,147454,long,1274.24,1271.82245,loss,-27.475500000001194,24.17550000000011,20
147462,147463,147475,long,1270.02,1267.6024499999999,loss,-27.475500000001194,24.17550000000011,12
147809,147810,147851,long,1263.15,1266.776325,win,32.96324999999952,24.17550000000011,41
147854,147855,147858,short,1264.02,1260.393675,win,32.96324999999952,24.17550000000011,3
147997,147998,148010,long,1255.48,1253.06245,loss,-27.475500000001194,24.17550000000011,12
148036,148037,148051,long,1247.02,1250.646325,win,32.96324999999952,24.17550000000011,14
148076,148077,148093,long,1241.13,1238.71245,loss,-27.475500000001194,24.17550000000011,16
148114,148115,148120,long,1233.43,1231.01245,loss,-27.475500000001194,24.17550000000011,5
148128,148129,148130,long,1231.96,1229.54245,loss,-27.475500000001194,24.17550000000011,1
148254,148255,148256,short,1234.56,1230.933675,win,32.96324999999952,24.17550000000011,1
148433,148434,148482,short,1223.14,1225.5575500000002,loss,-27.475500000001194,24.17550000000011,48
148556,148557,148587,short,1222.21,1224.6275500000002,loss,-27.475500000001194,24.17550000000011,30
148814,148815,148865,short,1234.51,1236.92755,loss,-27.475500000001194,24.17550000000011,50
148950,148951,148951,short,1251.53,1253.94755,loss,-27.475500000001194,24.17550000000011,0
148961,148962,148965,short,1255.44,1257.8575500000002,loss,-27.475500000001194,24.17550000000011,3
148973,148974,148978,short,1258.49,1260.9075500000001,loss,-27.475500000001194,24.17550000000011,4
149030,149031,149034,short,1262.08,1264.49755,loss,-27.475500000001194,24.17550000000011,3
149088,149089,149122,short,1250.43,1252.8475500000002,loss,-27.475500000001194,24.17550000000011,33
149320,149321,149323,short,1262.54,1258.913675,win,32.96324999999952,24.17550000000011,2
149901,149902,149915,long,1269.61,1267.1924499999998,loss,-27.475500000001194,24.17550000000011,13
150029,150030,150037,short,1262.71,1265.1275500000002,loss,-27.475500000001194,24.17550000000011,7
150047,150048,150071,short,1277.86,1280.27755,loss,-27.475500000001194,24.17550000000011,23
150184,150185,150194,short,1284.52,1286.93755,loss,-27.475500000001194,24.17550000000011,9
150195,150196,150200,short,1287.12,1289.53755,loss,-27.475500000001194,24.17550000000011,4
150305,150306,150320,long,1288.66,1292.286325,win,32.96324999999952,24.17550000000011,14
150379,150380,150391,short,1287.79,1284.163675,win,32.96324999999952,24.17550000000011,11
150391,150392,150409,long,1283.77,1281.3524499999999,loss,-27.475500000001194,24.17550000000011,17
150434,150435,150451,short,1278.32,1274.693675,win,32.96324999999952,24.17550000000011,16
150451,150452,150473,long,1274.79,1272.3724499999998,loss,-27.475500000001194,24.17550000000011,21
150473,150474,150497,long,1272.46,1270.04245,loss,-27.475500000001194,24.17550000000011,23
150686,150687,150689,short,1264.92,1267.3375500000002,loss,-27.475500000001194,24.17550000000011,2
150714,150715,150741,short,1267.26,1269.67755,loss,-27.475500000001194,24.17550000000011,26
150983,150984,151009,short,1246.79,1243.163675,win,32.96324999999952,24.17550000000011,25
151066,151067,151095,short,1245.6,1241.973675,win,32.96324999999952,24.17550000000011,28
151137,151138,151167,short,1249.85,1252.26755,loss,-27.475500000001194,24.17550000000011,29
151188,151189,151252,short,1256.24,1252.82,win,30.900000000000727,24.17550000000011,63
151340,151341,151345,short,1250.92,1253.3375500000002,loss,-27.475500000001194,24.17550000000011,4
151458,151459,151461,long,1240.31,1243.936325,win,32.96324999999952,24.17550000000011,2
151483,151484,151516,short,1246.58,1242.953675,win,32.96324999999952,24.17550000000011,32
151516,151517,151539,long,1243.19,1240.77245,loss,-27.475500000001194,24.17550000000011,22
151763,151764,151807,long,1224.07,1221.6524499999998,loss,-27.475500000001194,24.17550000000011,43
151810,151811,151816,long,1215.48,1213.06245,loss,-27.475500000001194,24.17550000000011,5
151888,151889,151952,short,1212.62,1210.03,win,22.59999999999918,24.17550000000011,63
152118,152119,152120,long,1219.99,1217.57245,loss,-27.475500000001194,24.17550000000011,1
152127,152128,152160,long,1217.93,1215.51245,loss,-27.475500000001194,24.17550000000011,32
152202,152203,152206,short,1222.22,1224.6375500000001,loss,-27.475500000001194,24.17550000000011,3
152282,152283,152325,short,1235.37,1237.78755,loss,-27.475500000001194,24.17550000000011,42
152342,152343,152370,short,1238.55,1240.96755,loss,-27.475500000001194,24.17550000000011,27
152461,152462,152463,short,1241.51,1243.92755,loss,-27.475500000001194,24.17550000000011,1
152468,152469,152532,short,1241.02,1239.39,win,12.999999999998817,24.17550000000011,63
152555,152556,152563,short,1240.96,1243.3775500000002,loss,-27.475500000001194,24.17550000000011,7
152770,152771,152783,short,1255.96,1252.333675,win,32.96324999999952,24.17550000000011,12
152784,152785,152791,long,1252.38,1249.96245,loss,-27.475500000001194,24.17550000000011,6
152800,152801,152802,long,1253.11,1250.6924499999998,loss,-27.475500000001194,24.17550000000011,1
153076,153077,153095,short,1272.45,1268.823675,win,32.96324999999952,24.17550000000011,18
153097,153098,153106,long,1269.4,1266.98245,loss,-27.475500000001194,24.17550000000011,8
153429,153430,153442,long,1259.99,1263.616325,win,32.96324999999952,24.17550000000011,12
153532,153533,153553,long,1274.8,1278.426325,win,32.96324999999952,24.17550000000011,20
153567,153568,153568,short,1281.53,1283.94755,loss,-27.475500000001194,24.17550000000011,0
153615,153616,153632,long,1287.5,1285.0824499999999,loss,-27.475500000001194,24.17550000000011,16
153665,153666,153673,short,1284.54,1280.913675,win,32.96324999999952,24.17550000000011,7
153698,153699,153717,long,1275.86,1273.4424499999998,loss,-27.475500000001194,24.17550000000011,18
153850,153851,153864,short,1281.31,1283.72755,loss,-27.475500000001194,24.17550000000011,13
153900,153901,153904,long,1286.28,1283.8624499999999,loss,-27.475500000001194,24.17550000000011,3
153910,153911,153920,long,1285.81,1289.436325,win,32.96324999999952,24.17550000000011,9
154242,154243,154306,short,1289.21,1289.81,loss,-9.299999999999091,24.17550000000011,63
154669,154670,154691,short,1336.91,1333.2836750000001,win,32.96324999999952,24.17550000000011,21
154715,154716,154719,short,1334.85,1337.26755,loss,-27.475500000001194,24.17550000000011,3
154788,154789,154791,short,1339.26,1341.67755,loss,-27.475500000001194,24.17550000000011,2
154791,154792,154811,short,1340.22,1336.593675,win,32.96324999999952,24.17550000000011,19
154990,154991,154991,long,1348.29,1345.8724499999998,loss,-27.475500000001194,24.17550000000011,0
155181,155182,155182,long,1323.98,1321.56245,loss,-27.475500000001194,24.17550000000011,0
155323,155324,155336,long,1329.53,1327.1124499999999,loss,-27.475500000001194,24.17550000000011,12
155338,155339,155345,long,1327.17,1324.75245,loss,-27.475500000001194,24.17550000000011,6
155495,155496,155559,short,1308.64,1306.53,win,17.800000000001273,24.17550000000011,63
155611,155612,155619,short,1312.28,1314.69755,loss,-27.475500000001194,24.17550000000011,7
155622,155623,155634,short,1315.62,1311.993675,win,32.96324999999952,24.17550000000011,11
155634,155635,155656,long,1312.2,1309.78245,loss,-27.475500000001194,24.17550000000011,21
155731,155732,155742,short,1308.56,1310.97755,loss,-27.475500000001194,24.17550000000011,10
155766,155767,155785,long,1309.96,1307.54245,loss,-27.475500000001194,24.17550000000011,18
155806,155807,155823,long,1299.18,1296.76245,loss,-27.475500000001194,24.17550000000011,16
156037,156038,156057,short,1276.06,1278.47755,loss,-27.475500000001194,24.17550000000011,19
156071,156072,156078,long,1274.4,1271.98245,loss,-27.475500000001194,24.17550000000011,6
156155,156156,156219,long,1268.88,1268.52,loss,-6.900000000001273,24.17550000000011,63
156227,156228,156230,long,1260.84,1264.4663249999999,win,32.96324999999952,24.17550000000011,2
156231,156232,156234,short,1272.45,1274.8675500000002,loss,-27.475500000001194,24.17550000000011,2
156234,156235,156256,short,1274.46,1276.8775500000002,loss,-27.475500000001194,24.17550000000011,21
156279,156280,156288,short,1282.25,1284.6675500000001,loss,-27.475500000001194,24.17550000000011,8
156418,156419,156482,long,1288.2,1290.63,win,21.000000000000636,24.17550000000011,63
156497,156498,156504,long,1285.13,1288.756325,win,32.96324999999952,24.17550000000011,6
156511,156512,156538,short,1292.67,1295.0875500000002,loss,-27.475500000001194,24.17550000000011,26
156659,156660,156665,long,1293.28,1290.8624499999999,loss,-27.475500000001194,24.17550000000011,5
156784,156785,156792,long,1291.83,1295.4563249999999,win,32.96324999999952,24.17550000000011,7
156918,156919,156925,long,1283.54,1281.1224499999998,loss,-27.475500000001194,24.17550000000011,6
156942,156943,156991,long,1279.82,1277.4024499999998,loss,-27.475500000001194,24.17550000000011,48
157014,157015,157024,short,1284.97,1287.3875500000001,loss,-27.475500000001194,24.17550000000011,9
157034,157035,157037,short,1284.52,1286.93755,loss,-27.475500000001194,24.17550000000011,2
157121,157122,157128,short,1283.9,1280.2736750000001,win,32.96324999999952,24.17550000000011,6
157219,157220,157230,long,1272.81,1276.436325,win,32.96324999999952,24.17550000000011,10
157232,157233,157292,short,1281.24,1277.613675,win,32.96324999999952,24.17550000000011,59
157296,157297,157316,long,1277.44,1275.02245,loss,-27.475500000001194,24.17550000000011,19
157329,157330,157334,short,1276.87,1279.28755,loss,-27.475500000001194,24.17550000000011,4
157480,157481,157491,long,1277.52,1275.1024499999999,loss,-27.475500000001194,24.17550000000011,10
157554,157555,157585,short,1267.46,1263.833675,win,32.96324999999952,24.17550000000011,30
157692,157693,157756,short,1277.31,1275.4,win,15.799999999998544,24.17550000000011,63
157841,157842,157848,short,1275.42,1277.8375500000002,loss,-27.475500000001194,24.17550000000011,6
157848,157849,157860,short,1278.71,1275.083675,win,32.96324999999952,24.17550000000011,11
157931,157932,157935,long,1278.23,1275.81245,loss,-27.475500000001194,24.17550000000011,3
157948,157949,157950,long,1276.42,1274.00245,loss,-27.475500000001194,24.17550000000011,1
157954,157955,157959,short,1276.29,1278.70755,loss,-27.475500000001194,24.17550000000011,4
158040,158041,158041,short,1275.71,1278.1275500000002,loss,-27.475500000001194,24.17550000000011,0
158043,158044,158049,short,1277.78,1274.153675,win,32.96324999999952,24.17550000000011,5
158050,158051,158067,long,1266.32,1269.946325,win,32.96324999999952,24.17550000000011,16
158146,158147,158147,short,1278.97,1281.3875500000001,loss,-27.475500000001194,24.17550000000011,0
158345,158346,158376,long,1280.73,1284.356325,win,32.96324999999952,24.17550000000011,30
158390,158391,158400,short,1283.44,1285.8575500000002,loss,-27.475500000001194,24.17550000000011,9
158762,158763,158776,short,1284.87,1287.28755,loss,-27.475500000001194,24.17550000000011,13
158785,158786,158789,long,1279.12,1276.7024499999998,loss,-27.475500000001194,24.17550000000011,3
158939,158940,158963,long,1281.63,1285.256325,win,32.96324999999952,24.17550000000011,23
159058,159059,159065,long,1286.23,1283.81245,loss,-27.475500000001194,24.17550000000011,6
159150,159151,159195,short,1282.58,1278.953675,win,32.96324999999952,24.17550000000011,44
159209,159210,159217,short,1282.94,1285.3575500000002,loss,-27.475500000001194,24.17550000000011,7
159281,159282,159313,long,1289.96,1287.54245,loss,-27.475500000001194,24.17550000000011,31
159317,159318,159381,short,1291.48,1290.3,win,8.500000000000636,24.17550000000011,63
159672,159673,159674,long,1285.67,1283.25245,loss,-27.475500000001194,24.17550000000011,1
159716,159717,159741,short,1284.4,1280.7736750000001,win,32.96324999999952,24.17550000000011,24
159777,159778,159786,long,1271.52,1275.146325,win,32.96324999999952,24.17550000000011,8
159794,159795,159835,short,1275.09,1277.50755,loss,-27.475500000001194,24.17550000000011,40
159863,159864,159864,short,1288.81,1285.183675,win,32.96324999999952,24.17550000000011,0
160043,160044,160047,long,1265.72,1263.30245,loss,-27.475500000001194,24.17550000000011,3
160190,160191,160192,long,1259.98,1257.56245,loss,-27.475500000001194,24.17550000000011,1
160192,160193,160208,long,1257.27,1254.8524499999999,loss,-27.475500000001194,24.17550000000011,15
160279,160280,160312,short,1248.68,1245.053675,win,32.96324999999952,24.17550000000011,32
160380,160381,160415,short,1249.6,1245.973675,win,32.96324999999952,24.17550000000011,34
160446,160447,160499,long,1243.6,1241.1824499999998,loss,-27.475500000001194,24.17550000000011,52
160575,160576,160588,long,1241.05,1244.676325,win,32.96324999999952,24.17550000000011,12
160779,160780,160816,long,1255.09,1252.6724499999998,loss,-27.475500000001194,24.17550000000011,36
160853,160854,160868,short,1258.37,1260.78755,loss,-27.475500000001194,24.17550000000011,14
160913,160914,160926,short,1261.41,1263.8275500000002,loss,-27.475500000001194,24.17550000000011,12
160939,160940,160971,short,1262.87,1259.243675,win,32.96324999999952,24.17550000000011,31
161138,161139,161167,long,1264.5,1268.126325,win,32.96324999999952,24.17550000000011,28
161209,161210,161235,short,1267.86,1270.27755,loss,-27.475500000001194,24.17550000000011,25
161242,161243,161266,short,1274.06,1276.47755,loss,-27.475500000001194,24.17550000000011,23
161333,161334,161369,long,1282.24,1285.866325,win,32.96324999999952,24.17550000000011,35
161445,161446,161474,short,1292.51,1288.883675,win,32.96324999999952,24.17550000000011,28
161571,161572,161585,short,1303.01,1305.42755,loss,-27.475500000001194,24.17550000000011,13
161586,161587,161589,short,1307.18,1303.553675,win,32.96324999999952,24.17550000000011,2
161676,161677,161714,long,1312.92,1316.546325,win,32.96324999999952,24.17550000000011,37
161728,161729,161742,short,1316.55,1312.923675,win,32.96324999999952,24.17550000000011,13
161806,161807,161811,short,1313.02,1315.43755,loss,-27.475500000001194,24.17550000000011,4
161817,161818,161820,short,1314.63,1317.0475500000002,loss,-27.475500000001194,24.17550000000011,2
162068,162069,162088,long,1314.41,1311.99245,loss,-27.475500000001194,24.17550000000011,19
162111,162112,162123,short,1314.62,1310.993675,win,32.96324999999952,24.17550000000011,11
162162,162163,162168,short,1314.85,1317.26755,loss,-27.475500000001194,24.17550000000011,5
162229,162230,162248,short,1320.03,1316.403675,win,32.96324999999952,24.17550000000011,18
162386,162387,162409,short,1338.68,1341.0975500000002,loss,-27.475500000001194,24.17550000000011,22
162587,162588,162592,long,1336.43,1334.01245,loss,-27.475500000001194,24.17550000000011,4
162625,162626,162635,short,1335.45,1331.823675,win,32.96324999999952,24.17550000000011,9
162649,162650,162665,long,1328.34,1325.9224499999998,loss,-27.475500000001194,24.17550000000011,15
162699,162700,162705,short,1328.06,1330.47755,loss,-27.475500000001194,24.17550000000011,5
162708,162709,162720,short,1329.19,1331.6075500000002,loss,-27.475500000001194,24.17550000000011,11
162828,162829,162836,long,1334.54,1332.1224499999998,loss,-27.475500000001194,24.17550000000011,7
162845,162846,162850,short,1334.71,1331.083675,win,32.96324999999952,24.17550000000011,4
163071,163072,163081,short,1350.15,1352.5675500000002,loss,-27.475500000001194,24.17550000000011,9
163091,163092,163101,short,1353.65,1356.0675500000002,loss,-27.475500000001194,24.17550000000011,9
163168,163169,163178,long,1359.15,1356.73245,loss,-27.475500000001194,24.17550000000011,9
163178,163179,163179,long,1356.07,1353.6524499999998,loss,-27.475500000001194,24.17550000000011,0
163199,163200,163200,long,1345.4,1342.98245,loss,-27.475500000001194,24.17550000000011,0
163213,163214,163217,long,1346.45,1350.076325,win,32.96324999999952,24.17550000000011,3
163439,163440,163453,short,1345.39,1347.8075500000002,loss,-27.475500000001194,24.17550000000011,13
163460,163461,163463,long,1341.44,1339.02245,loss,-27.475500000001194,24.17550000000011,2
163464,163465,163465,long,1337.68,1341.306325,win,32.96324999999952,24.17550000000011,0
163467,163468,163470,long,1339.06,1336.6424499999998,loss,-27.475500000001194,24.17550000000011,2
163517,163518,163561,short,1342.81,1339.183675,win,32.96324999999952,24.17550000000011,43
163570,163571,163586,short,1345.93,1342.303675,win,32.96324999999952,24.17550000000011,15
163663,163664,163700,short,1349.91,1346.2836750000001,win,32.96324999999952,24.17550000000011,36
163716,163717,163727,long,1345.28,1342.8624499999999,loss,-27.475500000001194,24.17550000000011,10
163733,163734,163735,long,1329.9,1327.48245,loss,-27.475500000001194,24.17550000000011,1
163917,163918,163920,long,1329.1,1326.6824499999998,loss,-27.475500000001194,24.17550000000011,2
163920,163921,163923,long,1328.15,1331.776325,win,32.96324999999952,24.17550000000011,2
163925,163926,163930,long,1328.83,1326.4124499999998,loss,-27.475500000001194,24.17550000000011,4
163949,163950,163960,long,1326.05,1329.676325,win,32.96324999999952,24.17550000000011,10
163982,163983,163993,long,1329.74,1327.32245,loss,-27.475500000001194,24.17550000000011,10
163996,163997,163998,long,1328.32,1325.9024499999998,loss,-27.475500000001194,24.17550000000011,1
164013,164014,164015,long,1322.35,1319.9324499999998,loss,-27.475500000001194,24.17550000000011,1
164023,164024,164030,long,1313.07,1316.696325,win,32.96324999999952,24.17550000000011,6
164069,164070,164074,long,1312.92,1310.50245,loss,-27.475500000001194,24.17550000000011,4
164077,164078,164090,long,1310.46,1308.04245,loss,-27.475500000001194,24.17550000000011,12
164095,164096,164106,short,1314.54,1316.95755,loss,-27.475500000001194,24.17550000000011,10
164110,164111,164114,short,1320.8,1317.173675,win,32.96324999999952,24.17550000000011,3
164114,164115,164119,short,1317.2,1319.6175500000002,loss,-27.475500000001194,24.17550000000011,4
164271,164272,164275,long,1320.52,1318.1024499999999,loss,-27.475500000001194,24.17550000000011,3
164277,164278,164284,long,1319.47,1323.096325,win,32.96324999999952,24.17550000000011,6
164375,164376,164379,long,1323.68,1327.306325,win,32.96324999999952,24.17550000000011,3
164380,164381,164406,long,1328.59,1332.2163249999999,win,32.96324999999952,24.17550000000011,25
164430,164431,164445,short,1334.52,1330.893675,win,32.96324999999952,24.17550000000011,14
164882,164883,164909,long,1326.87,1330.4963249999998,win,32.96324999999952,24.17550000000011,26
165002,165003,165005,short,1327.4,1329.8175500000002,loss,-27.475500000001194,24.17550000000011,2
165005,165006,165015,short,1329.5,1331.9175500000001,loss,-27.475500000001194,24.17550000000011,9
165084,165085,165096,short,1330.63,1327.0036750000002,win,32.96324999999952,24.17550000000011,11
165138,165139,165151,short,1335.99,1338.4075500000001,loss,-27.475500000001194,24.17550000000011,12
165164,165165,165169,short,1338.08,1340.49755,loss,-27.475500000001194,24.17550000000011,4
165172,165173,165180,long,1339.35,1336.9324499999998,loss,-27.475500000001194,24.17550000000011,7
165200,165201,165225,long,1332.38,1336.006325,win,32.96324999999952,24.17550000000011,24
165225,165226,165238,short,1335.99,1332.363675,win,32.96324999999952,24.17550000000011,12
165246,165247,165273,long,1333.27,1330.8524499999999,loss,-27.475500000001194,24.17550000000011,26
165284,165285,165287,long,1318.03,1315.6124499999999,loss,-27.475500000001194,24.17550000000011,2
165353,165354,165367,short,1320.57,1316.943675,win,32.96324999999952,24.17550000000011,13
165535,165536,165541,short,1317.19,1319.6075500000002,loss,-27.475500000001194,24.17550000000011,5
165649,165650,165664,long,1320.37,1317.9524499999998,loss,-27.475500000001194,24.17550000000011,14
165714,165715,165727,long,1322.11,1325.7363249999999,win,32.96324999999952,24.17550000000011,12
165728,165729,165733,short,1327.67,1330.0875500000002,loss,-27.475500000001194,24.17550000000011,4
165733,165734,165736,short,1329.25,1331.6675500000001,loss,-27.475500000001194,24.17550000000011,2
165896,165897,165914,short,1327.5,1323.873675,win,32.96324999999952,24.17550000000011,17
165924,165925,165959,long,1320.85,1318.4324499999998,loss,-27.475500000001194,24.17550000000011,34
166008,166009,166009,long,1317.39,1314.97245,loss,-27.475500000001194,24.17550000000011,0
166014,166015,166015,long,1316.09,1319.7163249999999,win,32.96324999999952,24.17550000000011,0
166099,166100,166105,long,1315.73,1319.356325,win,32.96324999999952,24.17550000000011,5
166126,166127,166141,short,1322.93,1325.3475500000002,loss,-27.475500000001194,24.17550000000011,14
166144,166145,166161,short,1324.19,1320.563675,win,32.96324999999952,24.17550000000011,16
166164,166165,166181,long,1319.51,1317.0924499999999,loss,-27.475500000001194,24.17550000000011,16
166362,166363,166377,long,1323.52,1321.1024499999999,loss,-27.475500000001194,24.17550000000011,14
166458,166459,166472,short,1320.15,1316.5236750000001,win,32.96324999999952,24.17550000000011,13
166737,166738,166747,short,1316.52,1318.93755,loss,-27.475500000001194,24.17550000000011,9
166815,166816,166822,long,1330.22,1333.846325,win,32.96324999999952,24.17550000000011,6
166874,166875,166881,short,1331.44,1333.8575500000002,loss,-27.475500000001194,24.17550000000011,6
166882,166883,166905,short,1337.21,1339.6275500000002,loss,-27.475500000001194,24.17550000000011,22
167023,167024,167025,short,1347.74,1350.1575500000001,loss,-27.475500000001194,24.17550000000011,1
167042,167043,167090,short,1354.28,1356.69755,loss,-27.475500000001194,24.17550000000011,47
167103,167104,167108,long,1348.65,1346.23245,loss,-27.475500000001194,24.17550000000011,4
167108,167109,167112,long,1345.14,1342.72245,loss,-27.475500000001194,24.17550000000011,3
167120,167121,167161,long,1342.79,1346.416325,win,32.96324999999952,24.17550000000011,40
167208,167209,167209,long,1335.4,1332.98245,loss,-27.475500000001194,24.17550000000011,0
167244,167245,167274,long,1326.6,1324.1824499999998,loss,-27.475500000001194,24.17550000000011,29
167435,167436,167437,long,1340.78,1338.3624499999999,loss,-27.475500000001194,24.17550000000011,1
167458,167459,167464,short,1340.66,1337.0336750000001,win,32.96324999999952,24.17550000000011,5
167491,167492,167497,long,1329.4,1333.026325,win,32.96324999999952,24.17550000000011,5
167500,167501,167503,long,1334.52,1332.1024499999999,loss,-27.475500000001194,24.17550000000011,2
167511,167512,167541,long,1331.55,1335.176325,win,32.96324999999952,24.17550000000011,29
167555,167556,167556,short,1339.55,1341.96755,loss,-27.475500000001194,24.17550000000011,0
167560,167561,167571,short,1343.41,1345.8275500000002,loss,-27.475500000001194,24.17550000000011,10
167587,167588,167617,long,1334.48,1332.06245,loss,-27.475500000001194,24.17550000000011,29
167660,167661,167665,short,1329.72,1326.093675,win,32.96324999999952,24.17550000000011,4
167734,167735,167737,long,1325.29,1322.8724499999998,loss,-27.475500000001194,24.17550000000011,2
167766,167767,167828,short,1332.96,1329.333675,win,32.96324999999952,24.17550000000011,61
167868,167869,167901,short,1336.66,1333.0336750000001,win,32.96324999999952,24.17550000000011,32
167923,167924,167944,short,1337.26,1339.67755,loss,-27.475500000001194,24.17550000000011,20
168028,168029,168034,short,1349.74,1352.1575500000001,loss,-27.475500000001194,24.17550000000011,5
168047,168048,168049,short,1361.25,1357.623675,win,32.96324999999952,24.17550000000011,1
168049,168050,168052,short,1357.75,1354.123675,win,32.96324999999952,24.17550000000011,2
168052,168053,168054,short,1355.8,1358.21755,loss,-27.475500000001194,24.17550000000011,1
168056,168057,168065,long,1349.04,1352.666325,win,32.96324999999952,24.17550000000011,8
168072,168073,168086,long,1352.04,1349.6224499999998,loss,-27.475500000001194,24.17550000000011,13
168090,168091,168094,long,1351.34,1348.9224499999998,loss,-27.475500000001194,24.17550000000011,3
168110,168111,168112,long,1348.75,1346.3324499999999,loss,-27.475500000001194,24.17550000000011,1
168187,168188,168195,short,1340.45,1336.823675,win,32.96324999999952,24.17550000000011,7
168222,168223,168224,short,1342.16,1344.5775500000002,loss,-27.475500000001194,24.17550000000011,1
168232,168233,168252,short,1346.01,1342.383675,win,32.96324999999952,24.17550000000011,19
168317,168318,168336,short,1349.68,1346.053675,win,32.96324999999952,24.17550000000011,18
168428,168429,168463,short,1346.47,1342.843675,win,32.96324999999952,24.17550000000011,34
168473,168474,168486,long,1343.83,1347.4563249999999,win,32.96324999999952,24.17550000000011,12
168493,168494,168498,short,1352.69,1355.1075500000002,loss,-27.475500000001194,24.17550000000011,4
168499,168500,168520,short,1352.03,1348.403675,win,32.96324999999952,24.17550000000011,20
168543,168544,168547,short,1348.77,1351.18755,loss,-27.475500000001194,24.17550000000011,3
168547,168548,168562,short,1351.33,1353.74755,loss,-27.475500000001194,24.17550000000011,14
168575,168576,168576,long,1348.65,1346.23245,loss,-27.475500000001194,24.17550000000011,0
168580,168581,168596,long,1347.74,1345.32245,loss,-27.475500000001194,24.17550000000011,15
168602,168603,168633,long,1345.38,1342.96245,loss,-27.475500000001194,24.17550000000011,30
168756,168757,168768,long,1328.93,1326.51245,loss,-27.475500000001194,24.17550000000011,11
168769,168770,168776,long,1325.21,1322.79245,loss,-27.475500000001194,24.17550000000011,6
169107,169108,169139,long,1317.7,1321.326325,win,32.96324999999952,24.17550000000011,31
169248,169249,169249,short,1317.38,1319.7975500000002,loss,-27.475500000001194,24.17550000000011,0
169385,169386,169393,short,1308.98,1311.3975500000001,loss,-27.475500000001194,24.17550000000011,7
169662,169663,169664,long,1314.54,1312.1224499999998,loss,-27.475500000001194,24.17550000000011,1
169689,169690,169731,long,1312.03,1315.656325,win,32.96324999999952,24.17550000000011,41
169869,169870,169870,short,1309.84,1312.25755,loss,-27.475500000001194,24.17550000000011,0
169976,169977,169979,short,1317.26,1319.67755,loss,-27.475500000001194,24.17550000000011,2
170039,170040,170046,short,1321.6,1324.01755,loss,-27.475500000001194,24.17550000000011,6
170046,170047,170068,short,1324.55,1320.923675,win,32.96324999999952,24.17550000000011,21
170155,170156,170169,long,1320.65,1318.23245,loss,-27.475500000001194,24.17550000000011,13
170243,170244,170245,long,1297.55,1295.1324499999998,loss,-27.475500000001194,24.17550000000011,1
170318,170319,170321,long,1293.69,1291.27245,loss,-27.475500000001194,24.17550000000011,2
170321,170322,170330,long,1291.63,1289.21245,loss,-27.475500000001194,24.17550000000011,8
170330,170331,170337,long,1287.15,1290.776325,win,32.96324999999952,24.17550000000011,6
170351,170352,170384,short,1291.65,1294.0675500000002,loss,-27.475500000001194,24.17550000000011,32
170554,170555,170575,long,1290.9,1288.48245,loss,-27.475500000001194,24.17550000000011,20
170576,170577,170585,long,1287.78,1285.3624499999999,loss,-27.475500000001194,24.17550000000011,8
170611,170612,170613,short,1287.05,1289.46755,loss,-27.475500000001194,24.17550000000011,1
170670,170671,170684,long,1289.5,1293.126325,win,32.96324999999952,24.17550000000011,13
170716,170717,170768,long,1292.36,1289.9424499999998,loss,-27.475500000001194,24.17550000000011,51
170893,170894,170932,short,1305.72,1302.093675,win,32.96324999999952,24.17550000000011,38
170977,170978,170978,short,1303.43,1305.8475500000002,loss,-27.475500000001194,24.17550000000011,0
171423,171424,171432,long,1292.38,1296.006325,win,32.96324999999952,24.17550000000011,8
171520,171521,171559,short,1294.53,1290.903675,win,32.96324999999952,24.17550000000011,38
171647,171648,171687,long,1296.84,1294.4224499999998,loss,-27.475500000001194,24.17550000000011,39
171688,171689,171700,long,1295.19,1298.816325,win,32.96324999999952,24.17550000000011,11
171767,171768,171788,short,1297.35,1299.76755,loss,-27.475500000001194,24.17550000000011,20
171853,171854,171863,long,1294.93,1298.556325,win,32.96324999999952,24.17550000000011,9
171953,171954,171962,long,1297.28,1294.8624499999999,loss,-27.475500000001194,24.17550000000011,8
172026,172027,172065,long,1298.64,1296.22245,loss,-27.475500000001194,24.17550000000011,38
172129,172130,172141,long,1295.14,1292.72245,loss,-27.475500000001194,24.17550000000011,11
172256,172257,172259,long,1301.97,1305.596325,win,32.96324999999952,24.17550000000011,2
172344,172345,172346,long,1288.36,1285.9424499999998,loss,-27.475500000001194,24.17550000000011,1
172501,172502,172512,long,1281.25,1278.8324499999999,loss,-27.475500000001194,24.17550000000011,10
172512,172513,172520,long,1278.69,1276.27245,loss,-27.475500000001194,24.17550000000011,7
172535,172536,172599,long,1273.99,1273.52,loss,-8.000000000000274,24.17550000000011,63
172664,172665,172667,long,1269.23,1266.81245,loss,-27.475500000001194,24.17550000000011,2
172733,172734,172797,short,1268.78,1268.79,loss,-3.399999999999909,24.17550000000011,63
172875,172876,172884,short,1270.24,1266.613675,win,32.96324999999952,24.17550000000011,8
172888,172889,172895,short,1269.65,1266.0236750000001,win,32.96324999999952,24.17550000000011,6
172972,172973,172994,long,1256.68,1260.306325,win,32.96324999999952,24.17550000000011,21
173055,173056,173080,short,1257.81,1254.183675,win,32.96324999999952,24.17550000000011,24
173210,173211,173231,short,1249.0,1251.4175500000001,loss,-27.475500000001194,24.17550000000011,20
173247,173248,173274,long,1250.31,1253.936325,win,32.96324999999952,24.17550000000011,26
173328,173329,173356,long,1249.12,1246.7024499999998,loss,-27.475500000001194,24.17550000000011,27
173370,173371,173422,long,1240.04,1243.666325,win,32.96324999999952,24.17550000000011,51
173434,173435,173444,short,1246.79,1249.20755,loss,-27.475500000001194,24.17550000000011,9
173445,173446,173449,short,1250.24,1252.6575500000001,loss,-27.475500000001194,24.17550000000011,3
173458,173459,173489,short,1255.17,1257.5875500000002,loss,-27.475500000001194,24.17550000000011,30
173493,173494,173530,short,1259.41,1255.7836750000001,win,32.96324999999952,24.17550000000011,36
173622,173623,173660,short,1258.11,1254.483675,win,32.96324999999952,24.17550000000011,37
173664,173665,173704,long,1254.23,1257.856325,win,32.96324999999952,24.17550000000011,39
173808,173809,173814,long,1261.14,1258.72245,loss,-27.475500000001194,24.17550000000011,5
173858,173859,173872,short,1258.33,1254.703675,win,32.96324999999952,24.17550000000011,13
173872,173873,173881,long,1254.37,1251.9524499999998,loss,-27.475500000001194,24.17550000000011,8
173883,173884,173888,long,1248.14,1251.766325,win,32.96324999999952,24.17550000000011,4
173931,173932,173934,long,1254.46,1252.04245,loss,-27.475500000001194,24.17550000000011,2
173990,173991,173999,long,1246.18,1243.76245,loss,-27.475500000001194,24.17550000000011,8
174040,174041,174074,short,1244.21,1246.6275500000002,loss,-27.475500000001194,24.17550000000011,33
174148,174149,174161,long,1240.57,1238.1524499999998,loss,-27.475500000001194,24.17550000000011,12
174278,174279,174303,long,1240.32,1237.9024499999998,loss,-27.475500000001194,24.17550000000011,24
174304,174305,174326,long,1239.59,1243.2163249999999,win,32.96324999999952,24.17550000000011,21
174339,174340,174349,short,1242.67,1239.0436750000001,win,32.96324999999952,24.17550000000011,9
174504,174505,174512,long,1223.03,1220.6124499999999,loss,-27.475500000001194,24.17550000000011,7
174513,174514,174520,long,1218.67,1216.25245,loss,-27.475500000001194,24.17550000000011,6
174538,174539,174550,long,1218.16,1221.786325,win,32.96324999999952,24.17550000000011,11
174551,174552,174552,short,1224.31,1226.72755,loss,-27.475500000001194,24.17550000000011,0
174585,174586,174593,long,1218.37,1221.9963249999998,win,32.96324999999952,24.17550000000011,7
174596,174597,174613,long,1222.06,1225.686325,win,32.96324999999952,24.17550000000011,16
174613,174614,174625,short,1225.52,1227.93755,loss,-27.475500000001194,24.17550000000011,11
174808,174809,174812,short,1225.03,1227.44755,loss,-27.475500000001194,24.17550000000011,3
174821,174822,174877,long,1224.31,1227.936325,win,32.96324999999952,24.17550000000011,55
174910,174911,174920,long,1228.61,1232.2363249999999,win,32.96324999999952,24.17550000000011,9
174965,174966,174972,long,1229.72,1227.30245,loss,-27.475500000001194,24.17550000000011,6
175072,175073,175084,long,1218.78,1222.406325,win,32.96324999999952,24.17550000000011,11
175237,175238,175248,short,1222.64,1219.0136750000001,win,32.96324999999952,24.17550000000011,10
175285,175286,175314,short,1225.98,1222.353675,win,32.96324999999952,24.17550000000011,28
175320,175321,175333,long,1222.62,1220.2024499999998,loss,-27.475500000001194,24.17550000000011,12
175370,175371,175382,long,1217.38,1221.006325,win,32.96324999999952,24.17550000000011,11
175446,175447,175464,long,1215.5,1213.0824499999999,loss,-27.475500000001194,24.17550000000011,17
175498,175499,175518,short,1209.71,1206.083675,win,32.96324999999952,24.17550000000011,19
175544,175545,175550,short,1215.2,1217.6175500000002,loss,-27.475500000001194,24.17550000000011,5
175615,175616,175627,long,1212.17,1209.75245,loss,-27.475500000001194,24.17550000000011,11
175628,175629,175666,long,1209.46,1207.04245,loss,-27.475500000001194,24.17550000000011,37
175708,175709,175712,short,1210.7,1213.1175500000002,loss,-27.475500000001194,24.17550000000011,3
175751,175752,175768,long,1208.81,1212.436325,win,32.96324999999952,24.17550000000011,16
175804,175805,175813,long,1212.72,1210.30245,loss,-27.475500000001194,24.17550000000011,8
175820,175821,175823,long,1206.97,1210.596325,win,32.96324999999952,24.17550000000011,2
175978,175979,175990,long,1206.69,1210.316325,win,32.96324999999952,24.17550000000011,11
176016,176017,176044,short,1212.38,1208.7536750000002,win,32.96324999999952,24.17550000000011,27
176090,176091,176100,long,1200.01,1197.5924499999999,loss,-27.475500000001194,24.17550000000011,9
176152,176153,176191,short,1195.2,1197.6175500000002,loss,-27.475500000001194,24.17550000000011,38
176340,176341,176343,short,1178.41,1174.7836750000001,win,32.96324999999952,24.17550000000011,2
176351,176352,176369,short,1179.74,1176.113675,win,32.96324999999952,24.17550000000011,17
176374,176375,176387,long,1178.55,1176.1324499999998,loss,-27.475500000001194,24.17550000000011,12
176658,176659,176673,short,1193.03,1195.44755,loss,-27.475500000001194,24.17550000000011,14
176673,176674,176710,short,1196.17,1192.5436750000001,win,32.96324999999952,24.17550000000011,36
176714,176715,176718,long,1193.78,1197.406325,win,32.96324999999952,24.17550000000011,3
176718,176719,176727,short,1197.21,1199.6275500000002,loss,-27.475500000001194,24.17550000000011,8
176729,176730,176739,short,1199.31,1195.683675,win,32.96324999999952,24.17550000000011,9
176741,176742,176776,long,1195.67,1193.25245,loss,-27.475500000001194,24.17550000000011,34
176777,176778,176785,long,1193.0,1190.5824499999999,loss,-27.475500000001194,24.17550000000011,7
176824,176825,176827,short,1192.21,1188.583675,win,32.96324999999952,24.17550000000011,2
176874,176875,176886,short,1185.84,1188.25755,loss,-27.475500000001194,24.17550000000011,11
176890,176891,176899,short,1187.86,1190.27755,loss,-27.475500000001194,24.17550000000011,8
176925,176926,176929,short,1205.97,1208.3875500000001,loss,-27.475500000001194,24.17550000000011,3
177017,177018,177047,short,1209.33,1211.74755,loss,-27.475500000001194,24.17550000000011,29
177069,177070,177078,long,1209.57,1213.196325,win,32.96324999999952,24.17550000000011,8
177119,177120,177152,long,1200.9,1204.526325,win,32.96324999999952,24.17550000000011,32
177167,177168,177218,short,1204.35,1206.76755,loss,-27.475500000001194,24.17550000000011,50
177259,177260,177262,long,1204.51,1202.0924499999999,loss,-27.475500000001194,24.17550000000011,2
177391,177392,177397,long,1200.83,1198.4124499999998,loss,-27.475500000001194,24.17550000000011,5
177458,177459,177511,long,1199.08,1196.6624499999998,loss,-27.475500000001194,24.17550000000011,52
177514,177515,177530,long,1194.95,1192.53245,loss,-27.475500000001194,24.17550000000011,15
177704,177705,177707,short,1202.29,1204.70755,loss,-27.475500000001194,24.17550000000011,2
177712,177713,177730,short,1205.15,1201.5236750000001,win,32.96324999999952,24.17550000000011,17
177735,177736,177764,long,1198.31,1201.936325,win,32.96324999999952,24.17550000000011,28
178052,178053,178072,long,1193.25,1196.876325,win,32.96324999999952,24.17550000000011,19
178104,178105,178155,short,1207.25,1203.623675,win,32.96324999999952,24.17550000000011,50
178160,178161,178176,short,1206.44,1208.8575500000002,loss,-27.475500000001194,24.17550000000011,15
178188,178189,178232,long,1201.9,1205.526325,win,32.96324999999952,24.17550000000011,43
178256,178257,178269,short,1206.21,1202.583675,win,32.96324999999952,24.17550000000011,12
178269,178270,178274,long,1201.89,1199.47245,loss,-27.475500000001194,24.17550000000011,4
178295,178296,178347,long,1194.06,1197.686325,win,32.96324999999952,24.17550000000011,51
178364,178365,178375,short,1204.65,1201.0236750000001,win,32.96324999999952,24.17550000000011,10
178511,178512,178539,short,1203.0,1205.4175500000001,loss,-27.475500000001194,24.17550000000011,27
178631,178632,178641,short,1207.47,1203.843675,win,32.96324999999952,24.17550000000011,9
178725,178726,178726,long,1195.81,1193.3924499999998,loss,-27.475500000001194,24.17550000000011,0
178768,178769,178804,short,1196.96,1199.3775500000002,loss,-27.475500000001194,24.17550000000011,35
178807,178808,178816,short,1199.84,1202.25755,loss,-27.475500000001194,24.17550000000011,8
178877,178878,178899,short,1198.92,1201.3375500000002,loss,-27.475500000001194,24.17550000000011,21
179085,179086,179088,long,1193.32,1190.9024499999998,loss,-27.475500000001194,24.17550000000011,2
179098,179099,179162,long,1182.24,1183.42,win,8.500000000000636,24.17550000000011,63
179191,179192,179222,short,1192.52,1188.893675,win,32.96324999999952,24.17550000000011,30
179250,179251,179254,long,1187.48,1185.06245,loss,-27.475500000001194,24.17550000000011,3
179363,179364,179365,short,1201.74,1204.1575500000001,loss,-27.475500000001194,24.17550000000011,1
179433,179434,179450,long,1203.75,1201.3324499999999,loss,-27.475500000001194,24.17550000000011,16
179456,179457,179463,short,1203.9,1200.2736750000001,win,32.96324999999952,24.17550000000011,6
179555,179556,179559,short,1202.18,1198.553675,win,32.96324999999952,24.17550000000011,3
179794,179795,179804,long,1189.52,1187.1024499999999,loss,-27.475500000001194,24.17550000000011,9
179805,179806,179821,long,1187.17,1184.75245,loss,-27.475500000001194,24.17550000000011,15
179982,179983,179987,short,1197.97,1200.3875500000001,loss,-27.475500000001194,24.17550000000011,4
179987,179988,179988,short,1200.41,1202.8275500000002,loss,-27.475500000001194,24.17550000000011,0
180003,180004,180005,short,1206.9,1209.3175500000002,loss,-27.475500000001194,24.17550000000011,1
180011,180012,180012,short,1215.38,1217.7975500000002,loss,-27.475500000001194,24.17550000000011,0
180063,180064,180068,short,1220.61,1216.983675,win,32.96324999999952,24.17550000000011,4
180091,180092,180093,short,1222.76,1219.133675,win,32.96324999999952,24.17550000000011,1
180165,180166,180167,short,1230.34,1232.75755,loss,-27.475500000001194,24.17550000000011,1
180706,180707,180711,short,1232.11,1234.52755,loss,-27.475500000001194,24.17550000000011,4
180736,180737,180744,long,1232.98,1230.56245,loss,-27.475500000001194,24.17550000000011,7
180751,180752,180815,long,1231.7,1230.13,loss,-18.999999999999364,24.17550000000011,63
180890,180891,180891,long,1234.77,1232.3524499999999,loss,-27.475500000001194,24.17550000000011,0
180896,180897,180915,long,1232.41,1229.99245,loss,-27.475500000001194,24.17550000000011,18
180950,180951,180978,short,1230.97,1233.3875500000001,loss,-27.475500000001194,24.17550000000011,27
181006,181007,181013,long,1233.74,1237.366325,win,32.96324999999952,24.17550000000011,6
181077,181078,181109,long,1229.15,1226.73245,loss,-27.475500000001194,24.17550000000011,31
181164,181165,181175,long,1224.63,1222.21245,loss,-27.475500000001194,24.17550000000011,10
181186,181187,181226,short,1225.44,1221.813675,win,32.96324999999952,24.17550000000011,39
181347,181348,181352,short,1223.6,1226.01755,loss,-27.475500000001194,24.17550000000011,4
181352,181353,181366,short,1225.87,1228.28755,loss,-27.475500000001194,24.17550000000011,13
181409,181410,181460,long,1232.85,1230.4324499999998,loss,-27.475500000001194,24.17550000000011,50
181615,181616,181626,long,1230.63,1234.256325,win,32.96324999999952,24.17550000000011,10
181626,181627,181647,short,1234.62,1230.993675,win,32.96324999999952,24.17550000000011,20
181690,181691,181697,long,1225.5,1229.126325,win,32.96324999999952,24.17550000000011,6
181748,181749,181783,long,1226.99,1224.57245,loss,-27.475500000001194,24.17550000000011,34
181945,181946,181980,long,1209.1,1206.6824499999998,loss,-27.475500000001194,24.17550000000011,34
181985,181986,182025,long,1204.66,1202.24245,loss,-27.475500000001194,24.17550000000011,39
182049,182050,182083,long,1202.85,1200.4324499999998,loss,-27.475500000001194,24.17550000000011,33
182083,182084,182086,long,1200.33,1197.9124499999998,loss,-27.475500000001194,24.17550000000011,2
182110,182111,182120,short,1204.1,1200.473675,win,32.96324999999952,24.17550000000011,9
182124,182125,182139,long,1199.94,1203.566325,win,32.96324999999952,24.17550000000011,14
182174,182175,182177,long,1200.58,1198.1624499999998,loss,-27.475500000001194,24.17550000000011,2
182188,182189,182193,long,1201.36,1198.9424499999998,loss,-27.475500000001194,24.17550000000011,4
182212,182213,182215,short,1214.09,1210.463675,win,32.96324999999952,24.17550000000011,2
182222,182223,182262,short,1211.22,1213.6375500000001,loss,-27.475500000001194,24.17550000000011,39
182451,182452,182484,short,1222.5,1224.9175500000001,loss,-27.475500000001194,24.17550000000011,32
182530,182531,182551,short,1224.02,1226.43755,loss,-27.475500000001194,24.17550000000011,20
182628,182629,182652,short,1224.71,1227.1275500000002,loss,-27.475500000001194,24.17550000000011,23
182791,182792,182809,long,1223.63,1221.21245,loss,-27.475500000001194,24.17550000000011,17
182996,182997,183001,long,1214.85,1212.4324499999998,loss,-27.475500000001194,24.17550000000011,4
183054,183055,183093,long,1212.99,1216.616325,win,32.96324999999952,24.17550000000011,38
183162,183163,183182,long,1224.77,1228.396325,win,32.96324999999952,24.17550000000011,19
183277,183278,183313,long,1221.96,1225.586325,win,32.96324999999952,24.17550000000011,35
183342,183343,183350,short,1228.22,1230.6375500000001,loss,-27.475500000001194,24.17550000000011,7
183406,183407,183423,short,1236.42,1238.8375500000002,loss,-27.475500000001194,24.17550000000011,16
183424,183425,183428,short,1238.54,1240.95755,loss,-27.475500000001194,24.17550000000011,3
183434,183435,183442,short,1238.73,1241.1475500000001,loss,-27.475500000001194,24.17550000000011,7
183619,183620,183629,long,1236.74,1240.366325,win,32.96324999999952,24.17550000000011,9
183631,183632,183644,short,1243.38,1239.7536750000002,win,32.96324999999952,24.17550000000011,12
183645,183646,183707,short,1238.79,1241.20755,loss,-27.475500000001194,24.17550000000011,61
183881,183882,183902,short,1248.61,1244.983675,win,32.96324999999952,24.17550000000011,20
184303,184304,184345,long,1246.21,1249.836325,win,32.96324999999952,24.17550000000011,41
184452,184453,184467,short,1255.68,1252.053675,win,32.96324999999952,24.17550000000011,14
184481,184482,184514,long,1244.48,1248.106325,win,32.96324999999952,24.17550000000011,32
184533,184534,184541,short,1256.37,1258.78755,loss,-27.475500000001194,24.17550000000011,7
184695,184696,184698,short,1262.72,1265.1375500000001,loss,-27.475500000001194,24.17550000000011,2
184704,184705,184708,long,1262.08,1259.6624499999998,loss,-27.475500000001194,24.17550000000011,3
184711,184712,184721,long,1260.28,1263.906325,win,32.96324999999952,24.17550000000011,9
184722,184723,184725,short,1264.48,1266.8975500000001,loss,-27.475500000001194,24.17550000000011,2
184731,184732,184737,short,1267.75,1270.1675500000001,loss,-27.475500000001194,24.17550000000011,5
184737,184738,184739,short,1271.0,1267.373675,win,32.96324999999952,24.17550000000011,1
184740,184741,184747,short,1267.2,1269.6175500000002,loss,-27.475500000001194,24.17550000000011,6
184807,184808,184809,short,1277.57,1273.943675,win,32.96324999999952,24.17550000000011,1
184816,184817,184821,long,1266.93,1264.51245,loss,-27.475500000001194,24.17550000000011,4
184883,184884,184886,short,1273.29,1275.70755,loss,-27.475500000001194,24.17550000000011,2
184965,184966,184998,long,1277.02,1280.646325,win,32.96324999999952,24.17550000000011,32
185045,185046,185074,short,1282.13,1278.5036750000002,win,32.96324999999952,24.17550000000011,28
185151,185152,185173,long,1284.45,1282.03245,loss,-27.475500000001194,24.17550000000011,21
185229,185230,185246,short,1288.15,1284.5236750000001,win,32.96324999999952,24.17550000000011,16
185322,185323,185339,long,1290.13,1287.71245,loss,-27.475500000001194,24.17550000000011,16
185343,185344,185344,long,1280.01,1277.5924499999999,loss,-27.475500000001194,24.17550000000011,0
185435,185436,185473,long,1287.89,1285.47245,loss,-27.475500000001194,24.17550000000011,37
185494,185495,185518,long,1282.21,1279.79245,loss,-27.475500000001194,24.17550000000011,23
185610,185611,185615,short,1284.26,1286.67755,loss,-27.475500000001194,24.17550000000011,4
185754,185755,185763,short,1291.39,1293.8075500000002,loss,-27.475500000001194,24.17550000000011,8
185770,185771,185797,short,1294.2,1290.573675,win,32.96324999999952,24.17550000000011,26
185991,185992,186017,long,1287.31,1290.936325,win,32.96324999999952,24.17550000000011,25
186044,186045,186073,long,1289.67,1293.296325,win,32.96324999999952,24.17550000000011,28
186396,186397,186422,short,1284.46,1280.833675,win,32.96324999999952,24.17550000000011,25
186521,186522,186538,long,1285.11,1282.6924499999998,loss,-27.475500000001194,24.17550000000011,16
186564,186565,186580,long,1281.5,1279.0824499999999,loss,-27.475500000001194,24.17550000000011,15
186603,186604,186617,short,1283.3,1279.673675,win,32.96324999999952,24.17550000000011,13
186662,186663,186669,short,1282.61,1285.02755,loss,-27.475500000001194,24.17550000000011,6
186698,186699,186702,short,1296.69,1299.1075500000002,loss,-27.475500000001194,24.17550000000011,3
186845,186846,186851,short,1306.01,1308.42755,loss,-27.475500000001194,24.17550000000011,5
186851,186852,186878,short,1309.16,1311.5775500000002,loss,-27.475500000001194,24.17550000000011,26
186987,186988,186988,short,1322.52,1318.893675,win,32.96324999999952,24.17550000000011,0
187140,187141,187147,short,1321.41,1317.7836750000001,win,32.96324999999952,24.17550000000011,6
187160,187161,187193,long,1316.61,1314.1924499999998,loss,-27.475500000001194,24.17550000000011,32
187310,187311,187326,long,1311.07,1314.696325,win,32.96324999999952,24.17550000000011,15
187517,187518,187581,short,1309.29,1309.31,loss,-3.499999999999818,24.17550000000011,63
187599,187600,187608,short,1312.86,1315.27755,loss,-27.475500000001194,24.17550000000011,8
187610,187611,187621,short,1313.16,1315.5775500000002,loss,-27.475500000001194,24.17550000000011,10
187702,187703,187757,short,1308.98,1311.3975500000001,loss,-27.475500000001194,24.17550000000011,54
187790,187791,187834,long,1309.04,1312.666325,win,32.96324999999952,24.17550000000011,43
187909,187910,187963,long,1306.98,1304.56245,loss,-27.475500000001194,24.17550000000011,53
187963,187964,187964,long,1304.64,1302.22245,loss,-27.475500000001194,24.17550000000011,0
188039,188040,188049,short,1315.18,1317.5975500000002,loss,-27.475500000001194,24.17550000000011,9
188050,188051,188066,short,1318.58,1314.953675,win,32.96324999999952,24.17550000000011,15
188067,188068,188078,long,1315.18,1318.806325,win,32.96324999999952,24.17550000000011,10
188163,188164,188202,short,1326.11,1328.52755,loss,-27.475500000001194,24.17550000000011,38
188243,188244,188266,short,1340.04,1342.45755,loss,-27.475500000001194,24.17550000000011,22
188325,188326,188337,short,1345.34,1341.713675,win,32.96324999999952,24.17550000000011,11
188337,188338,188387,long,1339.03,1336.6124499999999,loss,-27.475500000001194,24.17550000000011,49
188453,188454,188484,long,1324.98,1322.56245,loss,-27.475500000001194,24.17550000000011,30
188524,188525,188544,long,1327.65,1331.276325,win,32.96324999999952,24.17550000000011,19
188651,188652,188676,short,1327.61,1323.983675,win,32.96324999999952,24.17550000000011,24
188796,188797,188839,long,1318.92,1322.546325,win,32.96324999999952,24.17550000000011,42
188841,188842,188847,short,1322.9,1325.3175500000002,loss,-27.475500000001194,24.17550000000011,5
188851,188852,188863,short,1325.18,1321.553675,win,32.96324999999952,24.17550000000011,11
188969,188970,188975,long,1299.29,1296.8724499999998,loss,-27.475500000001194,24.17550000000011,5
188975,188976,188977,long,1295.97,1293.55245,loss,-27.475500000001194,24.17550000000011,1
188988,188989,189018,long,1295.16,1292.74245,loss,-27.475500000001194,24.17550000000011,29
189031,189032,189047,long,1287.14,1284.72245,loss,-27.475500000001194,24.17550000000011,15
189209,189210,189233,long,1286.0,1283.5824499999999,loss,-27.475500000001194,24.17550000000011,23
189383,189384,189393,short,1292.2,1294.6175500000002,loss,-27.475500000001194,24.17550000000011,9
189408,189409,189411,long,1293.2,1296.826325,win,32.96324999999952,24.17550000000011,2
189558,189559,189591,short,1295.74,1298.1575500000001,loss,-27.475500000001194,24.17550000000011,32
189669,189670,189708,short,1307.53,1309.94755,loss,-27.475500000001194,24.17550000000011,38
189734,189735,189742,long,1306.04,1303.6224499999998,loss,-27.475500000001194,24.17550000000011,7
189759,189760,189762,long,1302.22,1299.80245,loss,-27.475500000001194,24.17550000000011,2
189944,189945,189960,short,1303.81,1306.22755,loss,-27.475500000001194,24.17550000000011,15
190025,190026,190043,short,1306.09,1308.50755,loss,-27.475500000001194,24.17550000000011,17
190146,190147,190150,short,1308.93,1305.303675,win,32.96324999999952,24.17550000000011,3
190232,190233,190240,long,1315.31,1312.8924499999998,loss,-27.475500000001194,24.17550000000011,7
190250,190251,190256,long,1304.15,1307.776325,win,32.96324999999952,24.17550000000011,5
190256,190257,190305,long,1307.77,1311.396325,win,32.96324999999952,24.17550000000011,48
190690,190691,190692,long,1304.86,1302.4424499999998,loss,-27.475500000001194,24.17550000000011,1
190713,190714,190750,long,1291.9,1289.48245,loss,-27.475500000001194,24.17550000000011,36
190786,190787,190789,short,1295.86,1298.27755,loss,-27.475500000001194,24.17550000000011,2
190856,190857,190878,long,1289.25,1292.876325,win,32.96324999999952,24.17550000000011,21
190898,190899,190908,long,1289.32,1286.9024499999998,loss,-27.475500000001194,24.17550000000011,9
190933,190934,190966,short,1287.58,1289.99755,loss,-27.475500000001194,24.17550000000011,32
191151,191152,191154,long,1289.74,1287.32245,loss,-27.475500000001194,24.17550000000011,2
191352,191353,191408,short,1297.79,1300.20755,loss,-27.475500000001194,24.17550000000011,55
191496,191497,191519,short,1305.05,1301.423675,win,32.96324999999952,24.17550000000011,22
191558,191559,191574,long,1308.55,1306.1324499999998,loss,-27.475500000001194,24.17550000000011,15
191611,191612,191622,long,1297.03,1294.6124499999999,loss,-27.475500000001194,24.17550000000011,10
191655,191656,191719,short,1293.38,1291.13,win,19.2,24.17550000000011,63
191856,191857,191882,long,1284.23,1281.81245,loss,-27.475500000001194,24.17550000000011,25
191886,191887,191948,long,1274.74,1278.366325,win,32.96324999999952,24.17550000000011,61
192053,192054,192067,short,1277.46,1273.833675,win,32.96324999999952,24.17550000000011,13
192107,192108,192121,short,1276.45,1278.8675500000002,loss,-27.475500000001194,24.17550000000011,13
192136,192137,192151,short,1277.26,1279.67755,loss,-27.475500000001194,24.17550000000011,14
192172,192173,192236,long,1274.25,1273.22,loss,-13.599999999999728,24.17550000000011,63
192325,192326,192354,short,1272.77,1275.18755,loss,-27.475500000001194,24.17550000000011,28
192406,192407,192413,short,1274.82,1277.23755,loss,-27.475500000001194,24.17550000000011,6
192415,192416,192439,short,1277.55,1279.96755,loss,-27.475500000001194,24.17550000000011,23
192503,192504,192527,short,1281.73,1278.103675,win,32.96324999999952,24.17550000000011,23
192535,192536,192591,short,1287.53,1283.903675,win,32.96324999999952,24.17550000000011,55
192673,192674,192695,short,1282.87,1285.28755,loss,-27.475500000001194,24.17550000000011,21
192707,192708,192712,long,1281.62,1285.2463249999998,win,32.96324999999952,24.17550000000011,4
192767,192768,192803,long,1279.56,1283.186325,win,32.96324999999952,24.17550000000011,35
192984,192985,192986,short,1275.85,1278.26755,loss,-27.475500000001194,24.17550000000011,1
193114,193115,193161,short,1282.8,1279.173675,win,32.96324999999952,24.17550000000011,46
193262,193263,193268,long,1283.98,1281.56245,loss,-27.475500000001194,24.17550000000011,5
193526,193527,193527,short,1286.95,1289.3675500000002,loss,-27.475500000001194,24.17550000000011,0
193616,193617,193630,short,1298.89,1295.2636750000001,win,32.96324999999952,24.17550000000011,13
193680,193681,193696,long,1294.88,1298.506325,win,32.96324999999952,24.17550000000011,15
193717,193718,193720,long,1297.5,1295.0824499999999,loss,-27.475500000001194,24.17550000000011,2
193793,193794,193803,long,1294.03,1291.6124499999999,loss,-27.475500000001194,24.17550000000011,9
193819,193820,193883,long,1286.09,1285.11,loss,-13.100000000000183,24.17550000000011,63
193903,193904,193914,long,1277.18,1274.76245,loss,-27.475500000001194,24.17550000000011,10
194121,194122,194185,long,1273.88,1274.59,win,3.7999999999980902,24.17550000000011,63
194237,194238,194250,short,1274.78,1277.19755,loss,-27.475500000001194,24.17550000000011,12
194322,194323,194338,long,1283.59,1281.1724499999998,loss,-27.475500000001194,24.17550000000011,15
194473,194474,194515,long,1282.7,1280.28245,loss,-27.475500000001194,24.17550000000011,41
194709,194710,194710,short,1283.75,1286.1675500000001,loss,-27.475500000001194,24.17550000000011,0
194725,194726,194741,short,1288.02,1290.43755,loss,-27.475500000001194,24.17550000000011,15
194931,194932,194950,long,1323.54,1327.166325,win,32.96324999999952,24.17550000000011,18
195044,195045,195051,short,1333.2,1335.6175500000002,loss,-27.475500000001194,24.17550000000011,6
195062,195063,195063,short,1334.48,1336.8975500000001,loss,-27.475500000001194,24.17550000000011,0
195127,195128,195135,short,1331.2,1333.6175500000002,loss,-27.475500000001194,24.17550000000011,7
195229,195230,195247,short,1335.35,1337.76755,loss,-27.475500000001194,24.17550000000011,17
195342,195343,195355,short,1329.48,1325.853675,win,32.96324999999952,24.17550000000011,12
195405,195406,195409,long,1325.22,1322.80245,loss,-27.475500000001194,24.17550000000011,3
195482,195483,195494,short,1332.82,1335.23755,loss,-27.475500000001194,24.17550000000011,11
195509,195510,195519,short,1336.27,1332.643675,win,32.96324999999952,24.17550000000011,9
195521,195522,195523,long,1334.15,1331.73245,loss,-27.475500000001194,24.17550000000011,1
195528,195529,195538,long,1334.4,1331.98245,loss,-27.475500000001194,24.17550000000011,9
195631,195632,195635,short,1339.94,1342.3575500000002,loss,-27.475500000001194,24.17550000000011,3
195644,195645,195653,short,1342.06,1344.47755,loss,-27.475500000001194,24.17550000000011,8
195658,195659,195662,short,1343.01,1345.42755,loss,-27.475500000001194,24.17550000000011,3
195683,195684,195691,short,1356.05,1352.423675,win,32.96324999999952,24.17550000000011,7
195773,195774,195792,long,1335.15,1338.776325,win,32.96324999999952,24.17550000000011,18
195818,195819,195856,long,1338.9,1342.526325,win,32.96324999999952,24.17550000000011,37
196024,196025,196026,short,1377.21,1379.6275500000002,loss,-27.475500000001194,24.17550000000011,1
196062,196063,196067,long,1381.14,1384.766325,win,32.96324999999952,24.17550000000011,4
196067,196068,196068,short,1385.76,1382.133675,win,32.96324999999952,24.17550000000011,0
196082,196083,196083,short,1389.98,1386.353675,win,32.96324999999952,24.17550000000011,0
196141,196142,196143,long,1384.39,1388.016325,win,32.96324999999952,24.17550000000011,1
196171,196172,196173,short,1395.92,1398.3375500000002,loss,-27.475500000001194,24.17550000000011,1
196595,196596,196618,long,1413.14,1410.72245,loss,-27.475500000001194,24.17550000000011,22
196622,196623,196633,long,1411.33,1408.9124499999998,loss,-27.475500000001194,24.17550000000011,10
196710,196711,196711,short,1389.5,1391.9175500000001,loss,-27.475500000001194,24.17550000000011,0
196712,196713,196713,short,1393.57,1395.98755,loss,-27.475500000001194,24.17550000000011,0
196714,196715,196716,short,1393.22,1389.593675,win,32.96324999999952,24.17550000000011,1
196716,196717,196721,long,1389.19,1386.77245,loss,-27.475500000001194,24.17550000000011,4
196808,196809,196810,short,1402.89,1405.3075500000002,loss,-27.475500000001194,24.17550000000011,1
196838,196839,196839,short,1428.38,1430.7975500000002,loss,-27.475500000001194,24.17550000000011,0
196849,196850,196854,short,1423.41,1425.8275500000002,loss,-27.475500000001194,24.17550000000011,4
197006,197007,197010,short,1418.66,1415.0336750000001,win,32.96324999999952,24.17550000000011,3
197147,197148,197151,long,1401.16,1398.74245,loss,-27.475500000001194,24.17550000000011,3
197154,197155,197157,long,1398.36,1395.9424499999998,loss,-27.475500000001194,24.17550000000011,2
197393,197394,197395,long,1422.31,1419.8924499999998,loss,-27.475500000001194,24.17550000000011,1
197400,197401,197415,long,1420.43,1418.01245,loss,-27.475500000001194,24.17550000000011,14
197479,197480,197491,short,1407.9,1410.3175500000002,loss,-27.475500000001194,24.17550000000011,11
197498,197499,197501,long,1406.96,1404.54245,loss,-27.475500000001194,24.17550000000011,2
197501,197502,197507,long,1406.05,1409.676325,win,32.96324999999952,24.17550000000011,5
197512,197513,197515,long,1405.01,1408.636325,win,32.96324999999952,24.17550000000011,2
197555,197556,197560,long,1412.64,1410.22245,loss,-27.475500000001194,24.17550000000011,4
197569,197570,197581,long,1411.3,1414.926325,win,32.96324999999952,24.17550000000011,11
197582,197583,197600,short,1415.33,1411.703675,win,32.96324999999952,24.17550000000011,17
197630,197631,197634,short,1415.69,1418.1075500000002,loss,-27.475500000001194,24.17550000000011,3
197773,197774,197782,long,1401.28,1404.906325,win,32.96324999999952,24.17550000000011,8
197785,197786,197787,short,1406.05,1408.46755,loss,-27.475500000001194,24.17550000000011,1
197854,197855,197868,long,1421.98,1419.56245,loss,-27.475500000001194,24.17550000000011,13
197900,197901,197902,short,1435.95,1438.3675500000002,loss,-27.475500000001194,24.17550000000011,1
197935,197936,197944,short,1442.99,1439.363675,win,32.96324999999952,24.17550000000011,8
198103,198104,198120,long,1417.55,1415.1324499999998,loss,-27.475500000001194,24.17550000000011,16
198126,198127,198142,long,1417.31,1420.936325,win,32.96324999999952,24.17550000000011,15
198156,198157,198159,short,1425.39,1421.7636750000001,win,32.96324999999952,24.17550000000011,2
198169,198170,198176,long,1419.09,1416.6724499999998,loss,-27.475500000001194,24.17550000000011,6
198194,198195,198219,short,1420.35,1422.76755,loss,-27.475500000001194,24.17550000000011,24
198228,198229,198245,short,1426.46,1428.8775500000002,loss,-27.475500000001194,24.17550000000011,16
198258,198259,198270,long,1421.28,1424.906325,win,32.96324999999952,24.17550000000011,11
198274,198275,198287,short,1425.94,1422.313675,win,32.96324999999952,24.17550000000011,12
198326,198327,198328,short,1426.63,1429.0475500000002,loss,-27.475500000001194,24.17550000000011,1
198329,198330,198332,short,1431.57,1427.943675,win,32.96324999999952,24.17550000000011,2
198334,198335,198336,long,1423.76,1421.3424499999999,loss,-27.475500000001194,24.17550000000011,1
198580,198581,198591,short,1425.52,1427.93755,loss,-27.475500000001194,24.17550000000011,10
198674,198675,198700,short,1431.07,1433.48755,loss,-27.475500000001194,24.17550000000011,25
198711,198712,198712,long,1424.44,1422.02245,loss,-27.475500000001194,24.17550000000011,0
198718,198719,198719,long,1428.4,1425.98245,loss,-27.475500000001194,24.17550000000011,0
198804,198805,198807,short,1418.49,1420.9075500000001,loss,-27.475500000001194,24.17550000000011,2
198945,198946,198960,short,1458.42,1460.8375500000002,loss,-27.475500000001194,24.17550000000011,14
199073,199074,199078,short,1469.42,1471.8375500000002,loss,-27.475500000001194,24.17550000000011,4
199267,199268,199269,short,1506.84,1509.25755,loss,-27.475500000001194,24.17550000000011,1
199409,199410,199413,short,1502.75,1505.1675500000001,loss,-27.475500000001194,24.17550000000011,3
199414,199415,199420,short,1505.71,1508.1275500000002,loss,-27.475500000001194,24.17550000000011,5
199512,199513,199514,short,1526.69,1523.063675,win,32.96324999999952,24.17550000000011,1
199540,199541,199545,long,1500.58,1504.2063249999999,win,32.96324999999952,24.17550000000011,4
199550,199551,199563,long,1501.42,1499.00245,loss,-27.475500000001194,24.17550000000011,12
199782,199783,199797,long,1511.49,1515.116325,win,32.96324999999952,24.17550000000011,14
199797,199798,199799,short,1514.36,1510.733675,win,32.96324999999952,24.17550000000011,1
199799,199800,199800,short,1514.06,1510.433675,win,32.96324999999952,24.17550000000011,0
200070,200071,200086,short,1504.13,1506.5475500000002,loss,-27.475500000001194,24.17550000000011,15
200160,200161,200161,short,1500.09,1502.50755,loss,-27.475500000001194,24.17550000000011,0
200194,200195,200204,long,1497.56,1495.1424499999998,loss,-27.475500000001194,24.17550000000011,9
200257,200258,200258,short,1519.07,1521.48755,loss,-27.475500000001194,24.17550000000011,0
200297,200298,200298,short,1539.37,1541.78755,loss,-27.475500000001194,24.17550000000011,0
200300,200301,200305,long,1539.32,1542.946325,win,32.96324999999952,24.17550000000011,4
200310,200311,200313,long,1541.83,1539.4124499999998,loss,-27.475500000001194,24.17550000000011,2
200401,200402,200403,short,1531.43,1533.8475500000002,loss,-27.475500000001194,24.17550000000011,1
200494,200495,200496,long,1540.5,1538.0824499999999,loss,-27.475500000001194,24.17550000000011,1
200525,200526,200540,long,1536.8,1540.426325,win,32.96324999999952,24.17550000000011,14
200606,200607,200613,long,1536.91,1540.536325,win,32.96324999999952,24.17550000000011,6
200669,200670,200676,long,1524.27,1527.896325,win,32.96324999999952,24.17550000000011,6
200724,200725,200727,long,1517.45,1521.076325,win,32.96324999999952,24.17550000000011,2
200729,200730,200733,long,1525.36,1522.9424499999998,loss,-27.475500000001194,24.17550000000011,3
200734,200735,200746,short,1530.88,1527.2536750000002,win,32.96324999999952,24.17550000000011,11
200788,200789,200796,short,1524.97,1527.3875500000001,loss,-27.475500000001194,24.17550000000011,7
200828,200829,200842,long,1523.74,1527.366325,win,32.96324999999952,24.17550000000011,13
200857,200858,200864,short,1532.83,1529.203675,win,32.96324999999952,24.17550000000011,6
200867,200868,200870,short,1534.0,1536.4175500000001,loss,-27.475500000001194,24.17550000000011,2
200966,200967,200970,short,1548.57,1544.943675,win,32.96324999999952,24.17550000000011,3
200973,200974,200978,short,1547.06,1549.47755,loss,-27.475500000001194,24.17550000000011,4
201031,201032,201032,short,1547.8,1544.173675,win,32.96324999999952,24.17550000000011,0
201059,201060,201060,long,1513.96,1517.586325,win,32.96324999999952,24.17550000000011,0
201066,201067,201074,long,1517.26,1520.886325,win,32.96324999999952,24.17550000000011,7
201241,201242,201243,long,1498.77,1502.396325,win,32.96324999999952,24.17550000000011,1
201305,201306,201306,short,1493.64,1496.0575500000002,loss,-27.475500000001194,24.17550000000011,0
201321,201322,201324,short,1491.77,1494.18755,loss,-27.475500000001194,24.17550000000011,2
201331,201332,201335,short,1494.04,1496.45755,loss,-27.475500000001194,24.17550000000011,3
201385,201386,201388,short,1490.8,1493.21755,loss,-27.475500000001194,24.17550000000011,2
201395,201396,201401,short,1491.42,1493.8375500000002,loss,-27.475500000001194,24.17550000000011,5
201482,201483,201485,short,1496.66,1499.0775500000002,loss,-27.475500000001194,24.17550000000011,2
201499,201500,201505,short,1502.74,1505.1575500000001,loss,-27.475500000001194,24.17550000000011,5
201515,201516,201516,short,1505.65,1508.0675500000002,loss,-27.475500000001194,24.17550000000011,0
201852,201853,201874,long,1501.79,1505.416325,win,32.96324999999952,24.17550000000011,21
201882,201883,201884,short,1508.05,1510.46755,loss,-27.475500000001194,24.17550000000011,1
201892,201893,201893,short,1508.2,1510.6175500000002,loss,-27.475500000001194,24.17550000000011,0
202018,202019,202030,short,1503.68,1506.0975500000002,loss,-27.475500000001194,24.17550000000011,11
202052,202053,202060,long,1499.87,1503.4963249999998,win,32.96324999999952,24.17550000000011,7
202078,202079,202079,short,1510.92,1513.3375500000002,loss,-27.475500000001194,24.17550000000011,0
202081,202082,202083,short,1512.47,1514.8875500000001,loss,-27.475500000001194,24.17550000000011,1
202083,202084,202086,short,1515.72,1512.093675,win,32.96324999999952,24.17550000000011,2
202121,202122,202122,long,1514.07,1511.6524499999998,loss,-27.475500000001194,24.17550000000011,0
202125,202126,202127,short,1517.73,1520.1475500000001,loss,-27.475500000001194,24.17550000000011,1
202252,202253,202253,short,1532.24,1534.6575500000001,loss,-27.475500000001194,24.17550000000011,0
202339,202340,202341,long,1515.05,1512.6324499999998,loss,-27.475500000001194,24.17550000000011,1
202551,202552,202552,long,1492.85,1490.4324499999998,loss,-27.475500000001194,24.17550000000011,0
202640,202641,202644,long,1462.67,1460.25245,loss,-27.475500000001194,24.17550000000011,3
202652,202653,202657,short,1467.55,1469.96755,loss,-27.475500000001194,24.17550000000011,4
202662,202663,202663,short,1468.39,1464.7636750000001,win,32.96324999999952,24.17550000000011,0
202735,202736,202739,short,1482.3,1478.673675,win,32.96324999999952,24.17550000000011,3
202758,202759,202759,short,1494.02,1496.43755,loss,-27.475500000001194,24.17550000000011,0
202769,202770,202770,short,1498.29,1500.70755,loss,-27.475500000001194,24.17550000000011,0
203049,203050,203053,short,1506.15,1502.5236750000001,win,32.96324999999952,24.17550000000011,3
203084,203085,203088,short,1505.82,1508.23755,loss,-27.475500000001194,24.17550000000011,3
203088,203089,203096,short,1507.84,1504.213675,win,32.96324999999952,24.17550000000011,7
203129,203130,203131,long,1503.65,1501.23245,loss,-27.475500000001194,24.17550000000011,1
203140,203141,203145,long,1504.95,1508.576325,win,32.96324999999952,24.17550000000011,4
203145,203146,203159,short,1508.27,1504.643675,win,32.96324999999952,24.17550000000011,13
203308,203309,203314,long,1492.5,1490.0824499999999,loss,-27.475500000001194,24.17550000000011,5
203474,203475,203479,long,1489.47,1493.096325,win,32.96324999999952,24.17550000000011,4
203504,203505,203506,long,1483.35,1480.9324499999998,loss,-27.475500000001194,24.17550000000011,1
203565,203566,203568,long,1478.46,1482.086325,win,32.96324999999952,24.17550000000011,2
203926,203927,203934,short,1485.44,1487.8575500000002,loss,-27.475500000001194,24.17550000000011,7
204142,204143,204146,short,1499.82,1502.23755,loss,-27.475500000001194,24.17550000000011,3
204169,204170,204204,short,1502.48,1504.8975500000001,loss,-27.475500000001194,24.17550000000011,34
204230,204231,204232,short,1513.42,1515.8375500000002,loss,-27.475500000001194,24.17550000000011,1
204319,204320,204322,long,1497.86,1495.4424499999998,loss,-27.475500000001194,24.17550000000011,2
204478,204479,204495,short,1489.62,1492.03755,loss,-27.475500000001194,24.17550000000011,16
204590,204591,204594,short,1506.73,1509.1475500000001,loss,-27.475500000001194,24.17550000000011,3
204872,204873,204876,long,1492.31,1489.8924499999998,loss,-27.475500000001194,24.17550000000011,3
204876,204877,204877,long,1490.18,1487.76245,loss,-27.475500000001194,24.17550000000011,0
205063,205064,205065,long,1469.64,1467.22245,loss,-27.475500000001194,24.17550000000011,1
205141,205142,205146,long,1457.69,1461.316325,win,32.96324999999952,24.17550000000011,4
205156,205157,205160,short,1466.43,1462.803675,win,32.96324999999952,24.17550000000011,3
205216,205217,205232,short,1465.14,1461.5136750000001,win,32.96324999999952,24.17550000000011,15
205234,205235,205240,long,1460.53,1458.1124499999999,loss,-27.475500000001194,24.17550000000011,5
205243,205244,205244,long,1448.99,1452.616325,win,32.96324999999952,24.17550000000011,0
205307,205308,205326,long,1452.81,1450.3924499999998,loss,-27.475500000001194,24.17550000000011,18
205403,205404,205418,short,1465.83,1462.203675,win,32.96324999999952,24.17550000000011,14
205504,205505,205520,short,1468.02,1470.43755,loss,-27.475500000001194,24.17550000000011,15
205580,205581,205584,long,1466.27,1463.8524499999999,loss,-27.475500000001194,24.17550000000011,3
205675,205676,205689,long,1458.39,1462.016325,win,32.96324999999952,24.17550000000011,13
205690,205691,205692,short,1464.88,1467.2975500000002,loss,-27.475500000001194,24.17550000000011,1
205692,205693,205693,short,1466.94,1469.3575500000002,loss,-27.475500000001194,24.17550000000011,0
205780,205781,205784,long,1468.35,1465.9324499999998,loss,-27.475500000001194,24.17550000000011,3
205788,205789,205791,short,1470.26,1472.67755,loss,-27.475500000001194,24.17550000000011,2
205791,205792,205794,short,1473.2,1469.573675,win,32.96324999999952,24.17550000000011,2
205814,205815,205842,long,1472.19,1475.816325,win,32.96324999999952,24.17550000000011,27
206238,206239,206242,long,1455.05,1452.6324499999998,loss,-27.475500000001194,24.17550000000011,3
206245,206246,206249,long,1457.17,1460.796325,win,32.96324999999952,24.17550000000011,3
206258,206259,206298,short,1461.64,1458.0136750000001,win,32.96324999999952,24.17550000000011,39
206304,206305,206328,long,1459.33,1456.9124499999998,loss,-27.475500000001194,24.17550000000011,23
206504,206505,206507,short,1460.02,1462.43755,loss,-27.475500000001194,24.17550000000011,2
206576,206577,206583,short,1459.54,1461.95755,loss,-27.475500000001194,24.17550000000011,6
206655,206656,206668,short,1468.83,1471.24755,loss,-27.475500000001194,24.17550000000011,12
206828,206829,206851,short,1475.47,1477.8875500000001,loss,-27.475500000001194,24.17550000000011,22
206926,206927,206945,long,1474.78,1472.3624499999999,loss,-27.475500000001194,24.17550000000011,18
206949,206950,206975,long,1461.01,1458.5924499999999,loss,-27.475500000001194,24.17550000000011,25
206979,206980,207026,long,1460.41,1464.036325,win,32.96324999999952,24.17550000000011,46
207131,207132,207195,long,1464.04,1464.94,win,5.70000000000091,24.17550000000011,63
207298,207299,207308,long,1474.82,1478.446325,win,32.96324999999952,24.17550000000011,9
207309,207310,207311,short,1482.98,1485.3975500000001,loss,-27.475500000001194,24.17550000000011,1
207315,207316,207318,long,1466.42,1470.046325,win,32.96324999999952,24.17550000000011,2
207322,207323,207333,long,1467.88,1465.46245,loss,-27.475500000001194,24.17550000000011,10
207581,207582,207589,long,1476.63,1474.21245,loss,-27.475500000001194,24.17550000000011,7
207672,207673,207677,long,1472.1,1475.7263249999999,win,32.96324999999952,24.17550000000011,4
207704,207705,207768,long,1474.89,1476.26,win,10.399999999998908,24.17550000000011,63
207788,207789,207852,short,1479.86,1478.81,win,7.199999999999545,24.17550000000011,63
207943,207944,207963,long,1481.42,1485.046325,win,32.96324999999952,24.17550000000011,19
208046,208047,208066,short,1498.69,1501.1075500000002,loss,-27.475500000001194,24.17550000000011,19
208119,208120,208124,short,1511.96,1508.333675,win,32.96324999999952,24.17550000000011,4
208285,208286,208297,long,1511.07,1514.696325,win,32.96324999999952,24.17550000000011,11
208393,208394,208395,short,1524.28,1520.653675,win,32.96324999999952,24.17550000000011,1
208477,208478,208480,short,1528.12,1530.53755,loss,-27.475500000001194,24.17550000000011,2
208488,208489,208499,short,1525.03,1527.44755,loss,-27.475500000001194,24.17550000000011,10
208520,208521,208533,short,1539.89,1542.3075500000002,loss,-27.475500000001194,24.17550000000011,12
208772,208773,208773,short,1595.0,1597.4175500000001,loss,-27.475500000001194,24.17550000000011,0
209076,209077,209079,long,1552.68,1550.26245,loss,-27.475500000001194,24.17550000000011,2
209093,209094,209103,long,1553.58,1551.1624499999998,loss,-27.475500000001194,24.17550000000011,9
209173,209174,209191,short,1543.57,1545.98755,loss,-27.475500000001194,24.17550000000011,17
209198,209199,209211,long,1543.0,1546.626325,win,32.96324999999952,24.17550000000011,12
209348,209349,209368,long,1552.79,1556.416325,win,32.96324999999952,24.17550000000011,19
209468,209469,209471,short,1555.33,1557.74755,loss,-27.475500000001194,24.17550000000011,2
209582,209583,209587,short,1565.3,1567.71755,loss,-27.475500000001194,24.17550000000011,4
209609,209610,209611,long,1559.42,1557.00245,loss,-27.475500000001194,24.17550000000011,1
209631,209632,209632,long,1555.0,1552.5824499999999,loss,-27.475500000001194,24.17550000000011,0
209635,209636,209638,long,1549.93,1553.556325,win,32.96324999999952,24.17550000000011,2
209650,209651,209674,short,1557.9,1554.2736750000001,win,32.96324999999952,24.17550000000011,23
209674,209675,209680,long,1553.44,1551.02245,loss,-27.475500000001194,24.17550000000011,5
209687,209688,209703,long,1551.96,1555.586325,win,32.96324999999952,24.17550000000011,15
209713,209714,209723,short,1558.46,1554.833675,win,32.96324999999952,24.17550000000011,9
209725,209726,209758,short,1556.95,1559.3675500000002,loss,-27.475500000001194,24.17550000000011,32
209851,209852,209885,long,1561.25,1558.8324499999999,loss,-27.475500000001194,24.17550000000011,33
209913,209914,209914,short,1568.02,1570.43755,loss,-27.475500000001194,24.17550000000011,0
210163,210164,210185,short,1571.16,1573.5775500000002,loss,-27.475500000001194,24.17550000000011,21
210343,210344,210350,short,1578.11,1580.52755,loss,-27.475500000001194,24.17550000000011,6
210516,210517,210522,long,1571.2,1568.78245,loss,-27.475500000001194,24.17550000000011,5
210532,210533,210538,long,1570.7,1568.28245,loss,-27.475500000001194,24.17550000000011,5
210586,210587,210594,short,1554.75,1557.1675500000001,loss,-27.475500000001194,24.17550000000011,7
210616,210617,210617,long,1556.0,1553.5824499999999,loss,-27.475500000001194,24.17550000000011,0
210652,210653,210684,short,1557.7,1554.073675,win,32.96324999999952,24.17550000000011,31
210713,210714,210716,short,1564.04,1566.45755,loss,-27.475500000001194,24.17550000000011,2
210975,210976,210977,short,1569.39,1565.7636750000001,win,32.96324999999952,24.17550000000011,1
211006,211007,211007,long,1567.59,1565.1724499999998,loss,-27.475500000001194,24.17550000000011,0
211050,211051,211059,long,1567.85,1565.4324499999998,loss,-27.475500000001194,24.17550000000011,8
211063,211064,211071,long,1565.74,1563.32245,loss,-27.475500000001194,24.17550000000011,7
211079,211080,211097,short,1567.36,1563.733675,win,32.96324999999952,24.17550000000011,17
211446,211447,211447,short,1602.38,1604.7975500000002,loss,-27.475500000001194,24.17550000000011,0
211528,211529,211545,long,1604.66,1608.286325,win,32.96324999999952,24.17550000000011,16
211614,211615,211623,short,1617.28,1613.653675,win,32.96324999999952,24.17550000000011,8
211695,211696,211697,short,1633.09,1635.50755,loss,-27.475500000001194,24.17550000000011,1
211806,211807,211807,long,1672.93,1676.556325,win,32.96324999999952,24.17550000000011,0
211814,211815,211816,long,1674.17,1671.75245,loss,-27.475500000001194,24.17550000000011,1
211828,211829,211829,long,1659.68,1657.26245,loss,-27.475500000001194,24.17550000000011,0
211832,211833,211833,long,1660.67,1658.25245,loss,-27.475500000001194,24.17550000000011,0
211985,211986,211986,long,1632.13,1635.756325,win,32.96324999999952,24.17550000000011,0
211988,211989,211989,long,1627.13,1630.756325,win,32.96324999999952,24.17550000000011,0
211991,211992,211993,long,1637.21,1634.79245,loss,-27.475500000001194,24.17550000000011,1
211999,212000,212002,long,1641.82,1639.4024499999998,loss,-27.475500000001194,24.17550000000011,2
212002,212003,212004,long,1641.7,1645.326325,win,32.96324999999952,24.17550000000011,1
212207,212208,212208,short,1604.64,1601.0136750000001,win,32.96324999999952,24.17550000000011,0
212227,212228,212230,short,1603.41,1599.7836750000001,win,32.96324999999952,24.17550000000011,2
212261,212262,212263,long,1598.89,1596.47245,loss,-27.475500000001194,24.17550000000011,1
212789,212790,212792,long,1661.39,1658.97245,loss,-27.475500000001194,24.17550000000011,2
212810,212811,212811,long,1650.2,1653.826325,win,32.96324999999952,24.17550000000011,0
212987,212988,212988,long,1610.67,1608.25245,loss,-27.475500000001194,24.17550000000011,0
213010,213011,213011,long,1577.62,1575.2024499999998,loss,-27.475500000001194,24.17550000000011,0
213061,213062,213065,short,1586.12,1582.493675,win,32.96324999999952,24.17550000000011,3
213085,213086,213086,long,1563.33,1560.9124499999998,loss,-27.475500000001194,24.17550000000011,0
213179,213180,213180,long,1516.64,1514.22245,loss,-27.475500000001194,24.17550000000011,0
213184,213185,213185,short,1508.56,1510.97755,loss,-27.475500000001194,24.17550000000011,0
213216,213217,213217,short,1504.23,1506.6475500000001,loss,-27.475500000001194,24.17550000000011,0
213221,213222,213222,long,1491.87,1489.4524499999998,loss,-27.475500000001194,24.17550000000011,0
213267,213268,213268,short,1510.49,1512.9075500000001,loss,-27.475500000001194,24.17550000000011,0
213536,213537,213537,long,1496.03,1493.6124499999999,loss,-27.475500000001194,24.17550000000011,0
213550,213551,213551,long,1486.42,1484.00245,loss,-27.475500000001194,24.17550000000011,0
213563,213564,213565,long,1483.36,1486.9863249999999,win,32.96324999999952,24.17550000000011,1
213650,213651,213651,short,1554.03,1550.403675,win,32.96324999999952,24.17550000000011,0
213653,213654,213654,short,1547.05,1549.46755,loss,-27.475500000001194,24.17550000000011,0
213899,213900,213900,short,1619.17,1615.5436750000001,win,32.96324999999952,24.17550000000011,0
213922,213923,213923,short,1636.16,1638.5775500000002,loss,-27.475500000001194,24.17550000000011,0
213928,213929,213929,long,1626.36,1623.9424499999998,loss,-27.475500000001194,24.17550000000011,0
214227,214228,214231,short,1578.07,1580.48755,loss,-27.475500000001194,24.17550000000011,3
214348,214349,214349,short,1584.0,1586.4175500000001,loss,-27.475500000001194,24.17550000000011,0
214810,214811,214814,short,1663.19,1659.563675,win,32.96324999999952,24.17550000000011,3
214823,214824,214824,short,1682.44,1684.8575500000002,loss,-27.475500000001194,24.17550000000011,0
214922,214923,214926,short,1708.95,1711.3675500000002,loss,-27.475500000001194,24.17550000000011,3
214926,214927,214927,short,1712.34,1714.75755,loss,-27.475500000001194,24.17550000000011,0
215184,215185,215187,short,1736.58,1732.953675,win,32.96324999999952,24.17550000000011,2
215188,215189,215190,short,1724.91,1721.2836750000001,win,32.96324999999952,24.17550000000011,1
215437,215438,215445,short,1695.51,1691.883675,win,32.96324999999952,24.17550000000011,7
215447,215448,215448,long,1677.6,1675.1824499999998,loss,-27.475500000001194,24.17550000000011,0
215455,215456,215456,long,1665.33,1668.9563249999999,win,32.96324999999952,24.17550000000011,0
215463,215464,215464,long,1676.88,1680.506325,win,32.96324999999952,24.17550000000011,0
215471,215472,215472,short,1680.41,1676.7836750000001,win,32.96324999999952,24.17550000000011,0
215473,215474,215475,short,1679.25,1675.623675,win,32.96324999999952,24.17550000000011,1
215481,215482,215482,short,1677.28,1679.69755,loss,-27.475500000001194,24.17550000000011,0
215499,215500,215503,short,1687.59,1683.963675,win,32.96324999999952,24.17550000000011,3
215540,215541,215547,short,1702.0,1698.373675,win,32.96324999999952,24.17550000000011,6
215644,215645,215645,short,1724.11,1720.483675,win,32.96324999999952,24.17550000000011,0
215728,215729,215729,short,1735.57,1731.943675,win,32.96324999999952,24.17550000000011,0
215893,215894,215895,long,1702.32,1699.9024499999998,loss,-27.475500000001194,24.17550000000011,1
215919,215920,215920,short,1706.61,1702.983675,win,32.96324999999952,24.17550000000011,0
216164,216165,216165,long,1672.08,1675.7063249999999,win,32.96324999999952,24.17550000000011,0
216171,216172,216172,long,1673.89,1671.47245,loss,-27.475500000001194,24.17550000000011,0
216224,216225,216226,long,1693.05,1696.676325,win,32.96324999999952,24.17550000000011,1
216443,216444,216446,short,1706.01,1702.383675,win,32.96324999999952,24.17550000000011,2
216573,216574,216575,short,1715.99,1718.4075500000001,loss,-27.475500000001194,24.17550000000011,1
216600,216601,216601,long,1714.7,1718.326325,win,32.96324999999952,24.17550000000011,0
216605,216606,216607,long,1715.5,1719.126325,win,32.96324999999952,24.17550000000011,1
216614,216615,216617,long,1714.02,1717.646325,win,32.96324999999952,24.17550000000011,2
216620,216621,216622,short,1716.44,1718.8575500000002,loss,-27.475500000001194,24.17550000000011,1
216623,216624,216625,long,1717.59,1715.1724499999998,loss,-27.475500000001194,24.17550000000011,1
216790,216791,216797,short,1700.65,1703.0675500000002,loss,-27.475500000001194,24.17550000000011,6
216803,216804,216806,short,1699.59,1702.00755,loss,-27.475500000001194,24.17550000000011,2
217006,217007,217007,short,1733.34,1729.713675,win,32.96324999999952,24.17550000000011,0
217185,217186,217186,long,1735.12,1732.7024499999998,loss,-27.475500000001194,24.17550000000011,0
217195,217196,217196,long,1729.11,1732.7363249999999,win,32.96324999999952,24.17550000000011,0
217201,217202,217209,long,1732.02,1729.6024499999999,loss,-27.475500000001194,24.17550000000011,7
217222,217223,217225,short,1734.42,1736.8375500000002,loss,-27.475500000001194,24.17550000000011,2
217258,217259,217266,short,1737.56,1733.933675,win,32.96324999999952,24.17550000000011,7
217275,217276,217278,short,1739.31,1735.683675,win,32.96324999999952,24.17550000000011,2
217700,217701,217704,long,1722.35,1725.9763249999999,win,32.96324999999952,24.17550000000011,3
217704,217705,217707,long,1725.63,1723.21245,loss,-27.475500000001194,24.17550000000011,2
217775,217776,217799,long,1706.98,1704.56245,loss,-27.475500000001194,24.17550000000011,23
217826,217827,217837,short,1713.66,1710.0336750000001,win,32.96324999999952,24.17550000000011,10
217838,217839,217840,short,1707.44,1709.8575500000002,loss,-27.475500000001194,24.17550000000011,1
217846,217847,217853,long,1711.02,1714.646325,win,32.96324999999952,24.17550000000011,6
217858,217859,217863,short,1712.96,1715.3775500000002,loss,-27.475500000001194,24.17550000000011,4
218181,218182,218182,long,1729.87,1727.4524499999998,loss,-27.475500000001194,24.17550000000011,0
218220,218221,218226,short,1728.35,1724.723675,win,32.96324999999952,24.17550000000011,5
218237,218238,218242,long,1721.41,1718.99245,loss,-27.475500000001194,24.17550000000011,4
218266,218267,218267,long,1696.3,1693.8824499999998,loss,-27.475500000001194,24.17550000000011,0
218328,218329,218332,long,1699.71,1703.336325,win,32.96324999999952,24.17550000000011,3
218417,218418,218429,long,1709.52,1713.146325,win,32.96324999999952,24.17550000000011,11
218498,218499,218502,short,1688.84,1691.25755,loss,-27.475500000001194,24.17550000000011,3
218502,218503,218507,short,1690.55,1692.96755,loss,-27.475500000001194,24.17550000000011,4
218588,218589,218596,long,1694.82,1698.446325,win,32.96324999999952,24.17550000000011,7
218606,218607,218610,short,1704.67,1707.0875500000002,loss,-27.475500000001194,24.17550000000011,3
218641,218642,218658,short,1715.29,1711.663675,win,32.96324999999952,24.17550000000011,16
218660,218661,218665,long,1714.98,1712.56245,loss,-27.475500000001194,24.17550000000011,4
218817,218818,218820,short,1743.42,1739.7936750000001,win,32.96324999999952,24.17550000000011,2
219010,219011,219017,short,1727.41,1723.7836750000001,win,32.96324999999952,24.17550000000011,6
219029,219030,219030,short,1724.08,1726.49755,loss,-27.475500000001194,24.17550000000011,0
219031,219032,219037,long,1725.69,1729.316325,win,32.96324999999952,24.17550000000011,5
219054,219055,219057,long,1723.74,1727.366325,win,32.96324999999952,24.17550000000011,2
219158,219159,219160,long,1718.42,1716.00245,loss,-27.475500000001194,24.17550000000011,1
219160,219161,219162,long,1716.21,1713.79245,loss,-27.475500000001194,24.17550000000011,1
219191,219192,219201,short,1727.16,1729.5775500000002,loss,-27.475500000001194,24.17550000000011,9
219207,219208,219212,short,1726.73,1729.1475500000001,loss,-27.475500000001194,24.17550000000011,4
219262,219263,219264,long,1719.65,1723.276325,win,32.96324999999952,24.17550000000011,1
219285,219286,219319,short,1723.99,1726.4075500000001,loss,-27.475500000001194,24.17550000000011,33
219422,219423,219423,long,1747.7,1745.28245,loss,-27.475500000001194,24.17550000000011,0
219429,219430,219432,long,1749.1,1746.6824499999998,loss,-27.475500000001194,24.17550000000011,2
219435,219436,219439,long,1744.98,1748.606325,win,32.96324999999952,24.17550000000011,3
219439,219440,219442,long,1747.7,1745.28245,loss,-27.475500000001194,24.17550000000011,2
219443,219444,219444,short,1751.9,1754.3175500000002,loss,-27.475500000001194,24.17550000000011,0
219555,219556,219562,short,1766.4,1768.8175500000002,loss,-27.475500000001194,24.17550000000011,6
219818,219819,219820,long,1749.19,1752.816325,win,32.96324999999952,24.17550000000011,1
219825,219826,219828,short,1766.58,1768.99755,loss,-27.475500000001194,24.17550000000011,2
220001,220002,220002,short,1781.18,1783.5975500000002,loss,-27.475500000001194,24.17550000000011,0
220027,220028,220062,long,1781.72,1785.346325,win,32.96324999999952,24.17550000000011,34
220101,220102,220105,long,1770.54,1768.1224499999998,loss,-27.475500000001194,24.17550000000011,3
220177,220178,220178,long,1760.34,1757.9224499999998,loss,-27.475500000001194,24.17550000000011,0
220184,220185,220190,short,1777.64,1774.0136750000001,win,32.96324999999952,24.17550000000011,5
220218,220219,220220,long,1775.72,1773.30245,loss,-27.475500000001194,24.17550000000011,1
220440,220441,220442,short,1784.56,1786.97755,loss,-27.475500000001194,24.17550000000011,1
220489,220490,220510,long,1793.05,1796.676325,win,32.96324999999952,24.17550000000011,20
220591,220592,220603,short,1812.0,1814.4175500000001,loss,-27.475500000001194,24.17550000000011,11
220687,220688,220692,long,1796.76,1800.386325,win,32.96324999999952,24.17550000000011,4
220698,220699,220704,short,1805.89,1808.3075500000002,loss,-27.475500000001194,24.17550000000011,5
220708,220709,220712,short,1806.21,1808.6275500000002,loss,-27.475500000001194,24.17550000000011,3
220722,220723,220724,long,1800.47,1798.05245,loss,-27.475500000001194,24.17550000000011,1
220728,220729,220731,long,1794.74,1798.366325,win,32.96324999999952,24.17550000000011,2
220782,220783,220784,short,1805.3,1807.71755,loss,-27.475500000001194,24.17550000000011,1
221142,221143,221150,short,1799.33,1801.74755,loss,-27.475500000001194,24.17550000000011,7
221351,221352,221353,short,1835.74,1838.1575500000001,loss,-27.475500000001194,24.17550000000011,1
221516,221517,221517,short,1887.56,1883.933675,win,32.96324999999952,24.17550000000011,0
221598,221599,221602,short,1889.15,1891.5675500000002,loss,-27.475500000001194,24.17550000000011,3
221690,221691,221694,short,1934.64,1937.0575500000002,loss,-27.475500000001194,24.17550000000011,3
221706,221707,221709,short,1942.36,1938.733675,win,32.96324999999952,24.17550000000011,2
221720,221721,221723,short,1943.56,1939.933675,win,32.96324999999952,24.17550000000011,2
221753,221754,221754,short,1965.01,1961.383675,win,32.96324999999952,24.17550000000011,0
221758,221759,221759,short,1976.0,1978.4175500000001,loss,-27.475500000001194,24.17550000000011,0
221785,221786,221786,long,1913.0,1916.626325,win,32.96324999999952,24.17550000000011,0
221787,221788,221788,long,1923.15,1920.73245,loss,-27.475500000001194,24.17550000000011,0
221789,221790,221790,long,1931.07,1928.6524499999998,loss,-27.475500000001194,24.17550000000011,0
221815,221816,221818,short,1953.07,1949.443675,win,32.96324999999952,24.17550000000011,2
221960,221961,221965,long,1959.09,1956.6724499999998,loss,-27.475500000001194,24.17550000000011,4
221966,221967,221967,long,1954.02,1951.6024499999999,loss,-27.475500000001194,24.17550000000011,0
222269,222270,222270,short,1991.85,1994.26755,loss,-27.475500000001194,24.17550000000011,0
222365,222366,222366,short,2043.52,2039.893675,win,32.96324999999952,24.17550000000011,0
222367,222368,222368,long,2034.19,2037.816325,win,32.96324999999952,24.17550000000011,0
222596,222597,222598,long,2030.4,2034.026325,win,32.96324999999952,24.17550000000011,1
222630,222631,222631,short,2049.44,2045.813675,win,32.96324999999952,24.17550000000011,0
222648,222649,222649,long,2021.89,2019.47245,loss,-27.475500000001194,24.17550000000011,0
222655,222656,222664,long,2026.14,2029.766325,win,32.96324999999952,24.17550000000011,8
222665,222666,222666,long,2028.12,2025.7024499999998,loss,-27.475500000001194,24.17550000000011,0
222788,222789,222789,short,1930.54,1932.95755,loss,-27.475500000001194,24.17550000000011,0
222860,222861,222862,short,1936.12,1938.53755,loss,-27.475500000001194,24.17550000000011,1
222863,222864,222866,short,1936.17,1932.5436750000001,win,32.96324999999952,24.17550000000011,2
222868,222869,222869,short,1929.24,1925.613675,win,32.96324999999952,24.17550000000011,0
222883,222884,222885,long,1930.94,1934.566325,win,32.96324999999952,24.17550000000011,1
222901,222902,222902,short,1931.79,1928.163675,win,32.96324999999952,24.17550000000011,0
222904,222905,222905,short,1938.02,1940.43755,loss,-27.475500000001194,24.17550000000011,0
222916,222917,222917,short,1949.44,1951.8575500000002,loss,-27.475500000001194,24.17550000000011,0
223094,223095,223099,short,1986.53,1988.94755,loss,-27.475500000001194,24.17550000000011,4
223236,223237,223237,long,1986.78,1984.3624499999999,loss,-27.475500000001194,24.17550000000011,0
223240,223241,223241,long,1989.13,1986.71245,loss,-27.475500000001194,24.17550000000011,0
223243,223244,223244,long,1986.29,1989.916325,win,32.96324999999952,24.17550000000011,0
223274,223275,223275,long,1958.94,1956.52245,loss,-27.475500000001194,24.17550000000011,0
223541,223542,223542,long,1938.09,1941.7163249999999,win,32.96324999999952,24.17550000000011,0
223545,223546,223546,long,1930.53,1928.1124499999999,loss,-27.475500000001194,24.17550000000011,0
223571,223572,223572,long,1930.57,1928.1524499999998,loss,-27.475500000001194,24.17550000000011,0
223694,223695,223697,long,1918.86,1916.4424499999998,loss,-27.475500000001194,24.17550000000011,2
223699,223700,223700,long,1915.55,1919.176325,win,32.96324999999952,24.17550000000011,0
223704,223705,223707,long,1921.96,1919.54245,loss,-27.475500000001194,24.17550000000011,2
223724,223725,223725,short,1930.91,1933.3275500000002,loss,-27.475500000001194,24.17550000000011,0
223879,223880,223880,short,1942.9,1945.3175500000002,loss,-27.475500000001194,24.17550000000011,0
224093,224094,224094,long,1977.08,1974.6624499999998,loss,-27.475500000001194,24.17550000000011,0
224191,224192,224195,long,1934.7,1938.326325,win,32.96324999999952,24.17550000000011,3
224219,224220,224225,short,1944.58,1946.99755,loss,-27.475500000001194,24.17550000000011,5
224225,224226,224226,short,1948.08,1950.49755,loss,-27.475500000001194,24.17550000000011,0
224255,224256,224257,long,1934.74,1932.32245,loss,-27.475500000001194,24.17550000000011,1
224273,224274,224274,short,1943.17,1945.5875500000002,loss,-27.475500000001194,24.17550000000011,0
224514,224515,224515,long,1911.71,1915.336325,win,32.96324999999952,24.17550000000011,0
224540,224541,224541,short,1935.84,1938.25755,loss,-27.475500000001194,24.17550000000011,0
224596,224597,224599,short,1933.3,1929.673675,win,32.96324999999952,24.17550000000011,2
224618,224619,224619,short,1939.58,1941.99755,loss,-27.475500000001194,24.17550000000011,0
224753,224754,224755,long,1948.99,1946.57245,loss,-27.475500000001194,24.17550000000011,1
224817,224818,224818,long,1942.62,1940.2024499999998,loss,-27.475500000001194,24.17550000000011,0
224877,224878,224881,long,1941.69,1945.316325,win,32.96324999999952,24.17550000000011,3
224889,224890,224893,short,1956.01,1958.42755,loss,-27.475500000001194,24.17550000000011,3
224903,224904,224907,short,1957.8,1954.173675,win,32.96324999999952,24.17550000000011,3
224940,224941,224943,short,1962.64,1965.0575500000002,loss,-27.475500000001194,24.17550000000011,2
224946,224947,224952,short,1965.31,1967.72755,loss,-27.475500000001194,24.17550000000011,5
225046,225047,225049,short,1957.86,1960.27755,loss,-27.475500000001194,24.17550000000011,2
225052,225053,225054,short,1964.36,1966.77755,loss,-27.475500000001194,24.17550000000011,1
225054,225055,225066,short,1966.89,1963.2636750000001,win,32.96324999999952,24.17550000000011,11
225069,225070,225070,short,1963.16,1965.5775500000002,loss,-27.475500000001194,24.17550000000011,0
225332,225333,225333,long,1930.77,1928.3524499999999,loss,-27.475500000001194,24.17550000000011,0
225415,225416,225416,long,1902.38,1899.96245,loss,-27.475500000001194,24.17550000000011,0
225430,225431,225434,long,1904.69,1908.316325,win,32.96324999999952,24.17550000000011,3
225436,225437,225438,short,1911.36,1913.77755,loss,-27.475500000001194,24.17550000000011,1
225517,225518,225519,short,1888.79,1891.20755,loss,-27.475500000001194,24.17550000000011,1
225575,225576,225577,short,1867.33,1863.703675,win,32.96324999999952,24.17550000000011,1
225704,225705,225705,long,1860.76,1858.3424499999999,loss,-27.475500000001194,24.17550000000011,0
226142,226143,226143,short,1908.05,1910.46755,loss,-27.475500000001194,24.17550000000011,0
226253,226254,226254,short,1901.93,1904.3475500000002,loss,-27.475500000001194,24.17550000000011,0
226290,226291,226308,long,1911.89,1909.47245,loss,-27.475500000001194,24.17550000000011,17
226380,226381,226381,long,1882.11,1879.6924499999998,loss,-27.475500000001194,24.17550000000011,0
226459,226460,226461,long,1887.96,1885.54245,loss,-27.475500000001194,24.17550000000011,1
226586,226587,226598,short,1910.53,1906.903675,win,32.96324999999952,24.17550000000011,11
226630,226631,226637,short,1927.72,1924.093675,win,32.96324999999952,24.17550000000011,6
226786,226787,226788,short,1920.01,1922.42755,loss,-27.475500000001194,24.17550000000011,1
226912,226913,226923,long,1900.65,1904.276325,win,32.96324999999952,24.17550000000011,10
227199,227200,227214,long,1903.28,1900.8624499999999,loss,-27.475500000001194,24.17550000000011,14
227360,227361,227362,short,1929.89,1926.2636750000001,win,32.96324999999952,24.17550000000011,1
227426,227427,227440,short,1918.0,1914.373675,win,32.96324999999952,24.17550000000011,13
227449,227450,227451,long,1901.54,1899.1224499999998,loss,-27.475500000001194,24.17550000000011,1
227451,227452,227454,long,1896.8,1900.426325,win,32.96324999999952,24.17550000000011,2
227466,227467,227478,long,1903.58,1901.1624499999998,loss,-27.475500000001194,24.17550000000011,11
227488,227489,227496,long,1902.46,1906.086325,win,32.96324999999952,24.17550000000011,7
227503,227504,227516,long,1904.86,1908.4863249999999,win,32.96324999999952,24.17550000000011,12
227543,227544,227545,long,1899.21,1896.79245,loss,-27.475500000001194,24.17550000000011,1
227547,227548,227549,long,1898.55,1896.1324499999998,loss,-27.475500000001194,24.17550000000011,1
227553,227554,227555,long,1900.89,1904.516325,win,32.96324999999952,24.17550000000011,1
227574,227575,227581,long,1898.97,1896.55245,loss,-27.475500000001194,24.17550000000011,6
227702,227703,227714,long,1899.82,1903.446325,win,32.96324999999952,24.17550000000011,11
227802,227803,227803,long,1894.86,1892.4424499999998,loss,-27.475500000001194,24.17550000000011,0
227903,227904,227904,long,1864.99,1868.616325,win,32.96324999999952,24.17550000000011,0
228040,228041,228047,short,1884.24,1880.613675,win,32.96324999999952,24.17550000000011,6
228375,228376,228376,short,1943.16,1945.5775500000002,loss,-27.475500000001194,24.17550000000011,0
228402,228403,228405,long,1940.09,1943.7163249999999,win,32.96324999999952,24.17550000000011,2
228429,228430,228430,short,1947.79,1950.20755,loss,-27.475500000001194,24.17550000000011,0
228442,228443,228443,short,1953.86,1956.27755,loss,-27.475500000001194,24.17550000000011,0
228448,228449,228450,short,1950.1,1952.51755,loss,-27.475500000001194,24.17550000000011,1
228456,228457,228457,long,1946.72,1944.30245,loss,-27.475500000001194,24.17550000000011,0
228516,228517,228518,long,1955.05,1958.676325,win,32.96324999999952,24.17550000000011,1
228534,228535,228535,long,1909.65,1907.23245,loss,-27.475500000001194,24.17550000000011,0
228538,228539,228539,long,1895.73,1893.31245,loss,-27.475500000001194,24.17550000000011,0
228540,228541,228541,long,1877.41,1874.99245,loss,-27.475500000001194,24.17550000000011,0
228619,228620,228621,long,1872.73,1870.31245,loss,-27.475500000001194,24.17550000000011,1
228909,228910,228912,short,1894.73,1891.103675,win,32.96324999999952,24.17550000000011,2
228922,228923,228926,short,1891.57,1887.943675,win,32.96324999999952,24.17550000000011,3
228941,228942,228946,long,1890.34,1887.9224499999998,loss,-27.475500000001194,24.17550000000011,4
228948,228949,228963,short,1897.38,1893.7536750000002,win,32.96324999999952,24.17550000000011,14
228973,228974,228989,long,1891.62,1889.2024499999998,loss,-27.475500000001194,24.17550000000011,15
229053,229054,229056,long,1888.52,1886.1024499999999,loss,-27.475500000001194,24.17550000000011,2
229238,229239,229240,long,1867.74,1865.32245,loss,-27.475500000001194,24.17550000000011,1
229524,229525,229525,long,1827.0,1824.5824499999999,loss,-27.475500000001194,24.17550000000011,0
229526,229527,229530,short,1826.35,1822.723675,win,32.96324999999952,24.17550000000011,3
229535,229536,229536,long,1809.43,1807.01245,loss,-27.475500000001194,24.17550000000011,0
229543,229544,229544,long,1804.86,1808.4863249999999,win,32.96324999999952,24.17550000000011,0
229564,229565,229569,short,1807.5,1803.873675,win,32.96324999999952,24.17550000000011,4
229571,229572,229572,short,1805.26,1807.67755,loss,-27.475500000001194,24.17550000000011,0
229805,229806,229806,long,1778.46,1776.04245,loss,-27.475500000001194,24.17550000000011,0
229954,229955,229956,short,1791.86,1794.27755,loss,-27.475500000001194,24.17550000000011,1
229965,229966,229966,short,1806.8,1809.21755,loss,-27.475500000001194,24.17550000000011,0
230054,230055,230055,short,1828.97,1831.3875500000001,loss,-27.475500000001194,24.17550000000011,0
230067,230068,230068,short,1818.07,1814.443675,win,32.96324999999952,24.17550000000011,0
230071,230072,230073,long,1816.4,1820.026325,win,32.96324999999952,24.17550000000011,1
230135,230136,230136,short,1840.02,1842.43755,loss,-27.475500000001194,24.17550000000011,0
230319,230320,230323,long,1828.73,1832.356325,win,32.96324999999952,24.17550000000011,3
230324,230325,230329,long,1831.74,1829.32245,loss,-27.475500000001194,24.17550000000011,4
230344,230345,230345,short,1856.66,1859.0775500000002,loss,-27.475500000001194,24.17550000000011,0
230503,230504,230505,short,1863.37,1865.78755,loss,-27.475500000001194,24.17550000000011,1
230579,230580,230587,short,1839.98,1836.353675,win,32.96324999999952,24.17550000000011,7
230592,230593,230593,long,1837.46,1835.04245,loss,-27.475500000001194,24.17550000000011,0
230602,230603,230604,long,1831.73,1835.356325,win,32.96324999999952,24.17550000000011,1
230632,230633,230634,long,1830.63,1834.256325,win,32.96324999999952,24.17550000000011,1
230634,230635,230650,long,1833.67,1837.296325,win,32.96324999999952,24.17550000000011,15
230683,230684,230691,long,1833.69,1837.316325,win,32.96324999999952,24.17550000000011,7
230715,230716,230719,short,1846.47,1842.843675,win,32.96324999999952,24.17550000000011,3
230726,230727,230741,short,1839.32,1835.693675,win,32.96324999999952,24.17550000000011,14
230743,230744,230762,long,1836.3,1833.8824499999998,loss,-27.475500000001194,24.17550000000011,18
230855,230856,230861,short,1839.24,1841.6575500000001,loss,-27.475500000001194,24.17550000000011,5
230862,230863,230867,short,1843.01,1845.42755,loss,-27.475500000001194,24.17550000000011,4
230877,230878,230880,short,1843.94,1846.3575500000002,loss,-27.475500000001194,24.17550000000011,2
231124,231125,231133,long,1883.3,1880.8824499999998,loss,-27.475500000001194,24.17550000000011,8
231216,231217,231217,short,1899.82,1902.23755,loss,-27.475500000001194,24.17550000000011,0
231224,231225,231226,short,1899.45,1901.8675500000002,loss,-27.475500000001194,24.17550000000011,1
231227,231228,231228,short,1896.83,1893.203675,win,32.96324999999952,24.17550000000011,0
231231,231232,231233,short,1896.9,1893.2736750000001,win,32.96324999999952,24.17550000000011,1
231233,231234,231234,long,1894.02,1897.646325,win,32.96324999999952,24.17550000000011,0
231235,231236,231236,long,1895.21,1892.79245,loss,-27.475500000001194,24.17550000000011,0
231344,231345,231345,short,1878.75,1881.1675500000001,loss,-27.475500000001194,24.17550000000011,0
231572,231573,231574,short,1890.13,1886.5036750000002,win,32.96324999999952,24.17550000000011,1
231581,231582,231590,long,1883.4,1880.98245,loss,-27.475500000001194,24.17550000000011,8
231617,231618,231624,short,1876.94,1873.313675,win,32.96324999999952,24.17550000000011,6
231770,231771,231785,long,1879.09,1876.6724499999998,loss,-27.475500000001194,24.17550000000011,14
231918,231919,231922,short,1916.34,1918.75755,loss,-27.475500000001194,24.17550000000011,3
231934,231935,231939,short,1922.06,1924.47755,loss,-27.475500000001194,24.17550000000011,4
231942,231943,231946,short,1923.47,1925.8875500000001,loss,-27.475500000001194,24.17550000000011,3
232162,232163,232163,long,1901.21,1904.836325,win,32.96324999999952,24.17550000000011,0
232398,232399,232399,short,1846.91,1849.3275500000002,loss,-27.475500000001194,24.17550000000011,0
232400,232401,232401,short,1846.13,1848.5475500000002,loss,-27.475500000001194,24.17550000000011,0
232402,232403,232403,short,1854.73,1851.103675,win,32.96324999999952,24.17550000000011,0
232409,232410,232411,short,1848.54,1850.95755,loss,-27.475500000001194,24.17550000000011,1
232411,232412,232413,short,1848.02,1850.43755,loss,-27.475500000001194,24.17550000000011,1
232422,232423,232423,long,1839.22,1836.80245,loss,-27.475500000001194,24.17550000000011,0
232439,232440,232442,short,1848.51,1850.92755,loss,-27.475500000001194,24.17550000000011,2
232446,232447,232454,short,1847.77,1844.143675,win,32.96324999999952,24.17550000000011,7
232480,232481,232482,short,1849.07,1851.48755,loss,-27.475500000001194,24.17550000000011,1
232489,232490,232495,short,1859.92,1856.2936750000001,win,32.96324999999952,24.17550000000011,5
232518,232519,232519,long,1839.66,1843.286325,win,32.96324999999952,24.17550000000011,0
232541,232542,232546,short,1854.15,1856.5675500000002,loss,-27.475500000001194,24.17550000000011,4
232560,232561,232565,short,1862.02,1858.393675,win,32.96324999999952,24.17550000000011,4
232587,232588,232588,long,1856.63,1854.21245,loss,-27.475500000001194,24.17550000000011,0
232590,232591,232592,long,1849.85,1853.4763249999999,win,32.96324999999952,24.17550000000011,1
232594,232595,232596,long,1855.4,1852.98245,loss,-27.475500000001194,24.17550000000011,1
232596,232597,232602,long,1854.24,1851.82245,loss,-27.475500000001194,24.17550000000011,5
232799,232800,232801,long,1832.96,1830.54245,loss,-27.475500000001194,24.17550000000011,1
232837,232838,232848,long,1828.65,1832.276325,win,32.96324999999952,24.17550000000011,10
232848,232849,232849,short,1835.94,1838.3575500000002,loss,-27.475500000001194,24.17550000000011,0
232867,232868,232870,short,1832.61,1835.02755,loss,-27.475500000001194,24.17550000000011,2
232879,232880,232882,long,1833.36,1836.9863249999999,win,32.96324999999952,24.17550000000011,2
233040,233041,233042,long,1850.03,1847.6124499999999,loss,-27.475500000001194,24.17550000000011,1
233046,233047,233047,long,1834.95,1832.53245,loss,-27.475500000001194,24.17550000000011,0
233054,233055,233055,short,1861.73,1864.1475500000001,loss,-27.475500000001194,24.17550000000011,0
233081,233082,233090,short,1871.16,1867.5336750000001,win,32.96324999999952,24.17550000000011,8
233229,233230,233230,long,1843.3,1840.8824499999998,loss,-27.475500000001194,24.17550000000011,0
233288,233289,233304,long,1851.59,1855.2163249999999,win,32.96324999999952,24.17550000000011,15
233382,233383,233388,short,1855.3,1851.673675,win,32.96324999999952,24.17550000000011,5
233598,233599,233600,short,1859.32,1861.73755,loss,-27.475500000001194,24.17550000000011,1
233661,233662,233662,short,1850.11,1846.483675,win,32.96324999999952,24.17550000000011,0
233664,233665,233666,short,1846.4,1842.7736750000001,win,32.96324999999952,24.17550000000011,1
233733,233734,233744,short,1861.4,1857.7736750000001,win,32.96324999999952,24.17550000000011,10
233942,233943,233947,long,1835.66,1833.24245,loss,-27.475500000001194,24.17550000000011,4
233959,233960,233964,short,1839.66,1836.0336750000001,win,32.96324999999952,24.17550000000011,4
234022,234023,234024,long,1818.9,1822.526325,win,32.96324999999952,24.17550000000011,1
234028,234029,234030,long,1825.7,1823.28245,loss,-27.475500000001194,24.17550000000011,1
234057,234058,234058,long,1785.75,1789.376325,win,32.96324999999952,24.17550000000011,0
234098,234099,234100,short,1797.08,1793.453675,win,32.96324999999952,24.17550000000011,1
234232,234233,234234,short,1829.05,1831.46755,loss,-27.475500000001194,24.17550000000011,1
234247,234248,234250,short,1834.54,1830.913675,win,32.96324999999952,24.17550000000011,2
234260,234261,234268,long,1831.31,1828.8924499999998,loss,-27.475500000001194,24.17550000000011,7
234490,234491,234507,short,1843.01,1845.42755,loss,-27.475500000001194,24.17550000000011,16
234515,234516,234518,long,1839.4,1836.98245,loss,-27.475500000001194,24.17550000000011,2
234521,234522,234522,long,1829.92,1827.50245,loss,-27.475500000001194,24.17550000000011,0
234764,234765,234765,long,1799.65,1797.23245,loss,-27.475500000001194,24.17550000000011,0
234771,234772,234772,long,1809.47,1813.096325,win,32.96324999999952,24.17550000000011,0
235299,235300,235300,long,1804.51,1808.136325,win,32.96324999999952,24.17550000000011,0
235313,235314,235314,long,1790.54,1794.166325,win,32.96324999999952,24.17550000000011,0
235317,235318,235319,long,1785.54,1789.166325,win,32.96324999999952,24.17550000000011,1
235338,235339,235339,short,1797.79,1800.20755,loss,-27.475500000001194,24.17550000000011,0
235364,235365,235373,long,1795.89,1799.516325,win,32.96324999999952,24.17550000000011,8
235503,235504,235504,long,1728.14,1725.72245,loss,-27.475500000001194,24.17550000000011,0
235508,235509,235509,long,1723.24,1720.82245,loss,-27.475500000001194,24.17550000000011,0
235568,235569,235571,long,1746.52,1744.1024499999999,loss,-27.475500000001194,24.17550000000011,2
235576,235577,235578,long,1742.27,1745.896325,win,32.96324999999952,24.17550000000011,1
235579,235580,235580,long,1743.6,1741.1824499999998,loss,-27.475500000001194,24.17550000000011,0
235680,235681,235681,short,1722.67,1725.0875500000002,loss,-27.475500000001194,24.17550000000011,0
235684,235685,235685,long,1721.57,1725.196325,win,32.96324999999952,24.17550000000011,0
235738,235739,235744,long,1731.8,1735.426325,win,32.96324999999952,24.17550000000011,5
235746,235747,235750,long,1728.68,1726.26245,loss,-27.475500000001194,24.17550000000011,3
235843,235844,235845,long,1708.57,1712.196325,win,32.96324999999952,24.17550000000011,1
235881,235882,235882,long,1691.01,1694.636325,win,32.96324999999952,24.17550000000011,0
235923,235924,235928,short,1697.59,1700.00755,loss,-27.475500000001194,24.17550000000011,4
235930,235931,235933,short,1694.88,1691.2536750000002,win,32.96324999999952,24.17550000000011,2
236023,236024,236028,long,1690.06,1693.686325,win,32.96324999999952,24.17550000000011,4
236039,236040,236040,long,1693.71,1691.29245,loss,-27.475500000001194,24.17550000000011,0
236042,236043,236043,long,1695.39,1692.97245,loss,-27.475500000001194,24.17550000000011,0
236367,236368,236378,long,1718.18,1715.76245,loss,-27.475500000001194,24.17550000000011,10
236389,236390,236391,long,1706.29,1703.8724499999998,loss,-27.475500000001194,24.17550000000011,1
236419,236420,236420,short,1712.3,1714.71755,loss,-27.475500000001194,24.17550000000011,0
236447,236448,236450,short,1726.59,1729.00755,loss,-27.475500000001194,24.17550000000011,2
236468,236469,236481,long,1723.41,1727.036325,win,32.96324999999952,24.17550000000011,12
236565,236566,236566,long,1731.02,1728.6024499999999,loss,-27.475500000001194,24.17550000000011,0
236659,236660,236672,short,1734.58,1736.99755,loss,-27.475500000001194,24.17550000000011,12
236776,236777,236777,long,1724.61,1722.1924499999998,loss,-27.475500000001194,24.17550000000011,0
236781,236782,236786,long,1728.38,1732.006325,win,32.96324999999952,24.17550000000011,4
236794,236795,236806,short,1735.04,1737.45755,loss,-27.475500000001194,24.17550000000011,11
236817,236818,236827,long,1730.7,1734.326325,win,32.96324999999952,24.17550000000011,9
236839,236840,236844,short,1742.52,1744.93755,loss,-27.475500000001194,24.17550000000011,4
236975,236976,237002,short,1738.76,1735.133675,win,32.96324999999952,24.17550000000011,26
237023,237024,237038,short,1738.59,1741.00755,loss,-27.475500000001194,24.17550000000011,14
237053,237054,237054,long,1730.94,1728.52245,loss,-27.475500000001194,24.17550000000011,0
237058,237059,237068,long,1726.99,1724.57245,loss,-27.475500000001194,24.17550000000011,9
237236,237237,237237,short,1744.26,1740.633675,win,32.96324999999952,24.17550000000011,0
237296,237297,237312,short,1728.55,1730.96755,loss,-27.475500000001194,24.17550000000011,15
237510,237511,237512,long,1685.82,1683.4024499999998,loss,-27.475500000001194,24.17550000000011,1
237617,237618,237618,short,1711.84,1714.25755,loss,-27.475500000001194,24.17550000000011,0
237732,237733,237750,short,1727.94,1724.313675,win,32.96324999999952,24.17550000000011,17
237859,237860,237870,long,1730.78,1734.406325,win,32.96324999999952,24.17550000000011,10
237913,237914,237922,short,1742.93,1739.303675,win,32.96324999999952,24.17550000000011,8
237941,237942,237944,long,1737.56,1741.186325,win,32.96324999999952,24.17550000000011,2
238030,238031,238032,short,1739.5,1741.9175500000001,loss,-27.475500000001194,24.17550000000011,1
238032,238033,238040,short,1742.91,1745.3275500000002,loss,-27.475500000001194,24.17550000000011,7
238042,238043,238052,short,1743.93,1746.3475500000002,loss,-27.475500000001194,24.17550000000011,9
238160,238161,238174,long,1744.47,1742.05245,loss,-27.475500000001194,24.17550000000011,13
238210,238211,238215,long,1736.98,1740.606325,win,32.96324999999952,24.17550000000011,4
238218,238219,238222,short,1741.35,1737.723675,win,32.96324999999952,24.17550000000011,3
238274,238275,238286,short,1732.91,1729.2836750000001,win,32.96324999999952,24.17550000000011,11
238289,238290,238292,short,1733.15,1735.5675500000002,loss,-27.475500000001194,24.17550000000011,2
238293,238294,238297,short,1735.78,1732.153675,win,32.96324999999952,24.17550000000011,3
238299,238300,238304,long,1729.94,1727.52245,loss,-27.475500000001194,24.17550000000011,4
238307,238308,238318,long,1725.4,1729.026325,win,32.96324999999952,24.17550000000011,10
238336,238337,238339,short,1747.31,1743.683675,win,32.96324999999952,24.17550000000011,2
238353,238354,238378,short,1744.88,1747.2975500000002,loss,-27.475500000001194,24.17550000000011,24
238390,238391,238395,long,1743.81,1741.3924499999998,loss,-27.475500000001194,24.17550000000011,4
238495,238496,238514,short,1746.75,1749.1675500000001,loss,-27.475500000001194,24.17550000000011,18
238528,238529,238534,short,1769.29,1765.663675,win,32.96324999999952,24.17550000000011,5
238541,238542,238549,short,1766.88,1763.2536750000002,win,32.96324999999952,24.17550000000011,7
238600,238601,238601,short,1774.84,1777.25755,loss,-27.475500000001194,24.17550000000011,0
238649,238650,238650,short,1782.05,1778.423675,win,32.96324999999952,24.17550000000011,0
238698,238699,238699,long,1772.04,1769.6224499999998,loss,-27.475500000001194,24.17550000000011,0
238701,238702,238704,long,1773.57,1771.1524499999998,loss,-27.475500000001194,24.17550000000011,2
238705,238706,238708,long,1775.73,1773.31245,loss,-27.475500000001194,24.17550000000011,2
238711,238712,238712,long,1771.36,1768.9424499999998,loss,-27.475500000001194,24.17550000000011,0
238731,238732,238742,long,1770.27,1767.8524499999999,loss,-27.475500000001194,24.17550000000011,10
239059,239060,239061,short,1788.04,1790.45755,loss,-27.475500000001194,24.17550000000011,1
239061,239062,239063,short,1790.99,1793.4075500000001,loss,-27.475500000001194,24.17550000000011,1
239070,239071,239071,long,1779.7,1777.28245,loss,-27.475500000001194,24.17550000000011,0
239199,239200,239201,long,1778.72,1776.30245,loss,-27.475500000001194,24.17550000000011,1
239405,239406,239412,long,1778.31,1775.8924499999998,loss,-27.475500000001194,24.17550000000011,6
239497,239498,239501,short,1771.92,1768.2936750000001,win,32.96324999999952,24.17550000000011,3
239650,239651,239655,long,1791.17,1788.75245,loss,-27.475500000001194,24.17550000000011,4
239673,239674,239675,long,1787.06,1784.6424499999998,loss,-27.475500000001194,24.17550000000011,1
239706,239707,239707,short,1796.39,1792.7636750000001,win,32.96324999999952,24.17550000000011,0
239775,239776,239791,long,1776.46,1774.04245,loss,-27.475500000001194,24.17550000000011,15
240159,240160,240160,long,1821.2,1818.78245,loss,-27.475500000001194,24.17550000000011,0
240185,240186,240201,short,1837.65,1834.0236750000001,win,32.96324999999952,24.17550000000011,15
240208,240209,240210,long,1828.35,1825.9324499999998,loss,-27.475500000001194,24.17550000000011,1
240223,240224,240226,short,1832.37,1834.78755,loss,-27.475500000001194,24.17550000000011,2
240228,240229,240248,short,1833.53,1829.903675,win,32.96324999999952,24.17550000000011,19
240250,240251,240251,short,1837.27,1833.643675,win,32.96324999999952,24.17550000000011,0
240254,240255,240256,long,1830.0,1827.5824499999999,loss,-27.475500000001194,24.17550000000011,1
240354,240355,240357,short,1825.04,1827.45755,loss,-27.475500000001194,24.17550000000011,2
240407,240408,240409,short,1831.89,1834.3075500000002,loss,-27.475500000001194,24.17550000000011,1
240528,240529,240529,short,1860.68,1863.0975500000002,loss,-27.475500000001194,24.17550000000011,0
240691,240692,240694,long,1859.56,1857.1424499999998,loss,-27.475500000001194,24.17550000000011,2
240738,240739,240744,long,1868.99,1866.57245,loss,-27.475500000001194,24.17550000000011,5
240759,240760,240769,short,1877.27,1873.643675,win,32.96324999999952,24.17550000000011,9
240814,240815,240817,short,1882.0,1878.373675,win,32.96324999999952,24.17550000000011,2
240820,240821,240823,short,1873.71,1876.1275500000002,loss,-27.475500000001194,24.17550000000011,2
240836,240837,240843,long,1875.21,1872.79245,loss,-27.475500000001194,24.17550000000011,6
240855,240856,240864,short,1876.39,1872.7636750000001,win,32.96324999999952,24.17550000000011,8
240893,240894,240896,short,1877.06,1873.433675,win,32.96324999999952,24.17550000000011,2
240902,240903,240907,long,1871.05,1874.676325,win,32.96324999999952,24.17550000000011,4
240953,240954,240960,long,1881.64,1879.22245,loss,-27.475500000001194,24.17550000000011,6
240964,240965,240967,long,1878.31,1881.936325,win,32.96324999999952,24.17550000000011,2
240969,240970,240976,long,1881.74,1885.366325,win,32.96324999999952,24.17550000000011,6
241317,241318,241320,long,1891.01,1888.5924499999999,loss,-27.475500000001194,24.17550000000011,2
241325,241326,241328,long,1890.47,1894.096325,win,32.96324999999952,24.17550000000011,2
241328,241329,241341,short,1894.2,1890.573675,win,32.96324999999952,24.17550000000011,12
241366,241367,241371,short,1900.11,1902.52755,loss,-27.475500000001194,24.17550000000011,4
241414,241415,241426,long,1904.6,1902.1824499999998,loss,-27.475500000001194,24.17550000000011,11
241519,241520,241522,long,1898.79,1902.416325,win,32.96324999999952,24.17550000000011,2
241522,241523,241534,long,1902.47,1900.05245,loss,-27.475500000001194,24.17550000000011,11
241668,241669,241673,long,1896.64,1894.22245,loss,-27.475500000001194,24.17550000000011,4
241695,241696,241696,long,1876.56,1874.1424499999998,loss,-27.475500000001194,24.17550000000011,0
241822,241823,241830,short,1890.45,1886.823675,win,32.96324999999952,24.17550000000011,7
241928,241929,241938,long,1897.04,1894.6224499999998,loss,-27.475500000001194,24.17550000000011,9
241938,241939,241943,long,1895.88,1893.46245,loss,-27.475500000001194,24.17550000000011,4
241944,241945,241946,long,1893.54,1891.1224499999998,loss,-27.475500000001194,24.17550000000011,1
241960,241961,241961,short,1897.44,1899.8575500000002,loss,-27.475500000001194,24.17550000000011,0
242227,242228,242234,long,1891.69,1889.27245,loss,-27.475500000001194,24.17550000000011,6
242253,242254,242254,long,1880.15,1877.73245,loss,-27.475500000001194,24.17550000000011,0
242435,242436,242437,long,1854.46,1852.04245,loss,-27.475500000001194,24.17550000000011,1
242446,242447,242465,long,1857.37,1854.9524499999998,loss,-27.475500000001194,24.17550000000011,18
242473,242474,242480,long,1856.29,1859.916325,win,32.96324999999952,24.17550000000011,6
242544,242545,242545,long,1810.26,1807.8424499999999,loss,-27.475500000001194,24.17550000000011,0
242596,242597,242600,long,1797.12,1794.7024499999998,loss,-27.475500000001194,24.17550000000011,3
242600,242601,242601,long,1792.37,1789.9524499999998,loss,-27.475500000001194,24.17550000000011,0
242608,242609,242609,long,1785.96,1783.54245,loss,-27.475500000001194,24.17550000000011,0
242653,242654,242663,short,1784.49,1786.9075500000001,loss,-27.475500000001194,24.17550000000011,9
242993,242994,242995,long,1778.7,1776.28245,loss,-27.475500000001194,24.17550000000011,1
243010,243011,243016,long,1777.12,1774.7024499999998,loss,-27.475500000001194,24.17550000000011,5
243017,243018,243028,short,1777.38,1773.7536750000002,win,32.96324999999952,24.17550000000011,10
243031,243032,243043,long,1774.81,1778.436325,win,32.96324999999952,24.17550000000011,11
243077,243078,243089,long,1776.6,1774.1824499999998,loss,-27.475500000001194,24.17550000000011,11
243089,243090,243107,long,1773.9,1777.526325,win,32.96324999999952,24.17550000000011,17
243111,243112,243122,short,1779.22,1775.593675,win,32.96324999999952,24.17550000000011,10
243167,243168,243182,long,1776.42,1780.046325,win,32.96324999999952,24.17550000000011,14
243206,243207,243211,long,1779.31,1782.936325,win,32.96324999999952,24.17550000000011,4
243215,243216,243222,short,1783.94,1780.313675,win,32.96324999999952,24.17550000000011,6
243223,243224,243226,long,1775.72,1779.346325,win,32.96324999999952,24.17550000000011,2
243392,243393,243405,long,1758.05,1755.6324499999998,loss,-27.475500000001194,24.17550000000011,12
243442,243443,243446,short,1771.72,1768.093675,win,32.96324999999952,24.17550000000011,3
243446,243447,243452,short,1768.19,1770.6075500000002,loss,-27.475500000001194,24.17550000000011,5
243487,243488,243488,short,1773.28,1775.69755,loss,-27.475500000001194,24.17550000000011,0
243591,243592,243600,short,1782.61,1785.02755,loss,-27.475500000001194,24.17550000000011,8
243601,243602,243606,short,1787.03,1783.403675,win,32.96324999999952,24.17550000000011,4
243678,243679,243693,short,1792.79,1789.163675,win,32.96324999999952,24.17550000000011,14
243734,243735,243742,short,1798.25,1800.6675500000001,loss,-27.475500000001194,24.17550000000011,7
243746,243747,243753,short,1805.71,1808.1275500000002,loss,-27.475500000001194,24.17550000000011,6
243786,243787,243787,long,1792.7,1790.28245,loss,-27.475500000001194,24.17550000000011,0
243941,243942,243944,short,1813.35,1809.723675,win,32.96324999999952,24.17550000000011,2
243944,243945,243947,short,1811.57,1807.943675,win,32.96324999999952,24.17550000000011,2
243949,243950,243951,short,1817.31,1813.683675,win,32.96324999999952,24.17550000000011,1
243965,243966,243966,long,1801.49,1799.07245,loss,-27.475500000001194,24.17550000000011,0
243985,243986,244002,long,1802.1,1799.6824499999998,loss,-27.475500000001194,24.17550000000011,16
244099,244100,244108,long,1803.04,1800.6224499999998,loss,-27.475500000001194,24.17550000000011,8
244111,244112,244116,long,1800.14,1803.766325,win,32.96324999999952,24.17550000000011,4
244119,244120,244125,long,1804.01,1801.5924499999999,loss,-27.475500000001194,24.17550000000011,5
244205,244206,244210,short,1810.56,1806.933675,win,32.96324999999952,24.17550000000011,4
244475,244476,244482,long,1824.96,1822.54245,loss,-27.475500000001194,24.17550000000011,6
244488,244489,244491,long,1824.41,1821.99245,loss,-27.475500000001194,24.17550000000011,2
244568,244569,244578,long,1804.62,1802.2024499999998,loss,-27.475500000001194,24.17550000000011,9
244594,244595,244596,short,1812.33,1808.703675,win,32.96324999999952,24.17550000000011,1
244937,244938,244941,short,1807.45,1809.8675500000002,loss,-27.475500000001194,24.17550000000011,3
244955,244956,244956,long,1794.55,1792.1324499999998,loss,-27.475500000001194,24.17550000000011,0
244959,244960,244960,long,1796.88,1800.506325,win,32.96324999999952,24.17550000000011,0
245051,245052,245052,long,1801.88,1799.46245,loss,-27.475500000001194,24.17550000000011,0
245241,245242,245250,short,1800.09,1802.50755,loss,-27.475500000001194,24.17550000000011,8
245263,245264,245270,short,1806.65,1809.0675500000002,loss,-27.475500000001194,24.17550000000011,6
245272,245273,245278,short,1808.68,1811.0975500000002,loss,-27.475500000001194,24.17550000000011,5
245446,245447,245460,long,1813.9,1811.48245,loss,-27.475500000001194,24.17550000000011,13
245566,245567,245595,long,1810.23,1807.81245,loss,-27.475500000001194,24.17550000000011,28
245689,245690,245690,short,1827.0,1829.4175500000001,loss,-27.475500000001194,24.17550000000011,0
245698,245699,245704,long,1808.09,1811.7163249999999,win,32.96324999999952,24.17550000000011,5
245876,245877,245877,long,1769.38,1766.96245,loss,-27.475500000001194,24.17550000000011,0
245969,245970,245970,long,1729.69,1727.27245,loss,-27.475500000001194,24.17550000000011,0
246011,246012,246018,short,1735.06,1737.47755,loss,-27.475500000001194,24.17550000000011,6
246026,246027,246028,short,1734.15,1736.5675500000002,loss,-27.475500000001194,24.17550000000011,1
246031,246032,246036,short,1734.0,1730.373675,win,32.96324999999952,24.17550000000011,4
246064,246065,246093,short,1730.71,1727.083675,win,32.96324999999952,24.17550000000011,28
246114,246115,246118,short,1731.94,1734.3575500000002,loss,-27.475500000001194,24.17550000000011,3
246353,246354,246358,short,1776.8,1779.21755,loss,-27.475500000001194,24.17550000000011,4
246366,246367,246370,short,1778.8,1781.21755,loss,-27.475500000001194,24.17550000000011,3
246370,246371,246373,short,1781.74,1778.113675,win,32.96324999999952,24.17550000000011,2
246375,246376,246387,short,1777.77,1774.143675,win,32.96324999999952,24.17550000000011,11
246464,246465,246480,long,1785.12,1788.7463249999998,win,32.96324999999952,24.17550000000011,15
246481,246482,246486,short,1791.44,1793.8575500000002,loss,-27.475500000001194,24.17550000000011,4
246486,246487,246506,short,1794.2,1790.573675,win,32.96324999999952,24.17550000000011,19
246594,246595,246599,long,1784.98,1788.606325,win,32.96324999999952,24.17550000000011,4
246616,246617,246622,short,1783.85,1786.26755,loss,-27.475500000001194,24.17550000000011,5
246769,246770,246774,long,1782.46,1780.04245,loss,-27.475500000001194,24.17550000000011,4
246838,246839,246852,short,1787.88,1784.2536750000002,win,32.96324999999952,24.17550000000011,13
247065,247066,247069,long,1784.32,1787.946325,win,32.96324999999952,24.17550000000011,3
247121,247122,247125,long,1786.36,1783.9424499999998,loss,-27.475500000001194,24.17550000000011,3
247129,247130,247131,long,1786.94,1784.52245,loss,-27.475500000001194,24.17550000000011,1
247212,247213,247216,short,1801.95,1804.3675500000002,loss,-27.475500000001194,24.17550000000011,3
247222,247223,247232,short,1798.15,1794.5236750000001,win,32.96324999999952,24.17550000000011,9
247249,247250,247253,short,1807.57,1809.98755,loss,-27.475500000001194,24.17550000000011,3
247319,247320,247331,short,1816.29,1812.663675,win,32.96324999999952,24.17550000000011,11
247346,247347,247352,long,1810.12,1807.7024499999998,loss,-27.475500000001194,24.17550000000011,5
247374,247375,247383,short,1812.46,1814.8775500000002,loss,-27.475500000001194,24.17550000000011,8
247384,247385,247394,short,1815.0,1817.4175500000001,loss,-27.475500000001194,24.17550000000011,9
247495,247496,247511,long,1810.78,1814.406325,win,32.96324999999952,24.17550000000011,15
247676,247677,247694,long,1811.75,1815.376325,win,32.96324999999952,24.17550000000011,17
247706,247707,247708,short,1833.35,1829.723675,win,32.96324999999952,24.17550000000011,1
247718,247719,247734,short,1830.73,1827.103675,win,32.96324999999952,24.17550000000011,15
247742,247743,247766,long,1827.37,1824.9524499999998,loss,-27.475500000001194,24.17550000000011,23
247824,247825,247831,short,1822.92,1819.2936750000001,win,32.96324999999952,24.17550000000011,6
247927,247928,247931,long,1795.3,1798.926325,win,32.96324999999952,24.17550000000011,3
247959,247960,247961,long,1785.09,1788.7163249999999,win,32.96324999999952,24.17550000000011,1
248014,248015,248025,long,1788.32,1791.946325,win,32.96324999999952,24.17550000000011,10
248035,248036,248039,short,1795.46,1797.8775500000002,loss,-27.475500000001194,24.17550000000011,3
248127,248128,248128,long,1795.53,1793.1124499999999,loss,-27.475500000001194,24.17550000000011,0
248273,248274,248295,long,1790.75,1794.376325,win,32.96324999999952,24.17550000000011,21
248384,248385,248392,short,1802.65,1799.0236750000001,win,32.96324999999952,24.17550000000011,7
248419,248420,248466,long,1792.54,1790.1224499999998,loss,-27.475500000001194,24.17550000000011,46
248475,248476,248479,long,1785.33,1782.9124499999998,loss,-27.475500000001194,24.17550000000011,3
248497,248498,248498,long,1771.19,1768.77245,loss,-27.475500000001194,24.17550000000011,0
248499,248500,248500,long,1768.24,1765.82245,loss,-27.475500000001194,24.17550000000011,0
248574,248575,248576,short,1761.95,1764.3675500000002,loss,-27.475500000001194,24.17550000000011,1
248585,248586,248590,short,1761.62,1757.993675,win,32.96324999999952,24.17550000000011,4
248590,248591,248591,long,1758.02,1761.646325,win,32.96324999999952,24.17550000000011,0
248593,248594,248595,long,1752.94,1750.52245,loss,-27.475500000001194,24.17550000000011,1
248695,248696,248698,short,1760.53,1762.94755,loss,-27.475500000001194,24.17550000000011,2
248761,248762,248770,short,1766.38,1768.7975500000002,loss,-27.475500000001194,24.17550000000011,8
248836,248837,248847,short,1778.25,1774.623675,win,32.96324999999952,24.17550000000011,10
248847,248848,248861,long,1774.42,1772.00245,loss,-27.475500000001194,24.17550000000011,13
248862,248863,248868,long,1771.59,1775.2163249999999,win,32.96324999999952,24.17550000000011,5
248959,248960,248960,long,1754.47,1752.05245,loss,-27.475500000001194,24.17550000000011,0
248989,248990,249000,long,1744.31,1747.936325,win,32.96324999999952,24.17550000000011,10
249110,249111,249112,short,1756.23,1758.6475500000001,loss,-27.475500000001194,24.17550000000011,1
249121,249122,249125,long,1750.67,1748.25245,loss,-27.475500000001194,24.17550000000011,3
249147,249148,249182,short,1752.88,1749.2536750000002,win,32.96324999999952,24.17550000000011,34
249205,249206,249206,long,1740.76,1738.3424499999999,loss,-27.475500000001194,24.17550000000011,0
249327,249328,249328,long,1729.38,1726.96245,loss,-27.475500000001194,24.17550000000011,0
249347,249348,249362,long,1725.69,1729.316325,win,32.96324999999952,24.17550000000011,14
249412,249413,249413,short,1732.14,1734.5575500000002,loss,-27.475500000001194,24.17550000000011,0
249575,249576,249576,long,1752.53,1750.1124499999999,loss,-27.475500000001194,24.17550000000011,0
249578,249579,249586,long,1750.64,1748.22245,loss,-27.475500000001194,24.17550000000011,7
249587,249588,249589,long,1750.09,1753.7163249999999,win,32.96324999999952,24.17550000000011,1
249606,249607,249612,short,1768.95,1765.323675,win,32.96324999999952,24.17550000000011,5
249656,249657,249676,long,1757.4,1754.98245,loss,-27.475500000001194,24.17550000000011,19
249682,249683,249686,short,1759.14,1755.5136750000001,win,32.96324999999952,24.17550000000011,3
249746,249747,249748,long,1753.83,1751.4124499999998,loss,-27.475500000001194,24.17550000000011,1
249756,249757,249757,long,1750.08,1747.6624499999998,loss,-27.475500000001194,24.17550000000011,0
249844,249845,249847,short,1763.0,1765.4175500000001,loss,-27.475500000001194,24.17550000000011,2
249850,249851,249853,short,1764.65,1761.0236750000001,win,32.96324999999952,24.17550000000011,2
249934,249935,249938,short,1759.08,1755.453675,win,32.96324999999952,24.17550000000011,3
250002,250003,250013,long,1757.94,1755.52245,loss,-27.475500000001194,24.17550000000011,10
250055,250056,250066,short,1758.94,1755.313675,win,32.96324999999952,24.17550000000011,10
250112,250113,250121,short,1761.65,1758.0236750000001,win,32.96324999999952,24.17550000000011,8
250276,250277,250281,long,1790.8,1788.3824499999998,loss,-27.475500000001194,24.17550000000011,4
250315,250316,250319,short,1799.84,1796.213675,win,32.96324999999952,24.17550000000011,3
250319,250320,250322,short,1795.56,1797.97755,loss,-27.475500000001194,24.17550000000011,2
250400,250401,250402,long,1783.48,1781.06245,loss,-27.475500000001194,24.17550000000011,1
250417,250418,250418,long,1769.07,1766.6524499999998,loss,-27.475500000001194,24.17550000000011,0
250458,250459,250466,short,1771.3,1767.673675,win,32.96324999999952,24.17550000000011,7
250567,250568,250572,short,1777.41,1779.8275500000002,loss,-27.475500000001194,24.17550000000011,4
250593,250594,250595,long,1777.78,1781.406325,win,32.96324999999952,24.17550000000011,1
250661,250662,250670,short,1775.76,1778.17755,loss,-27.475500000001194,24.17550000000011,8
250876,250877,250880,short,1811.72,1808.093675,win,32.96324999999952,24.17550000000011,3
250882,250883,250883,long,1787.78,1785.3624499999999,loss,-27.475500000001194,24.17550000000011,0
250887,250888,250889,short,1797.3,1793.673675,win,32.96324999999952,24.17550000000011,1
251020,251021,251029,long,1804.33,1801.9124499999998,loss,-27.475500000001194,24.17550000000011,8
251058,251059,251064,long,1786.81,1790.436325,win,32.96324999999952,24.17550000000011,5
251064,251065,251078,long,1790.86,1794.4863249999999,win,32.96324999999952,24.17550000000011,13
251120,251121,251121,long,1788.35,1785.9324499999998,loss,-27.475500000001194,24.17550000000011,0
251330,251331,251331,long,1775.37,1772.9524499999998,loss,-27.475500000001194,24.17550000000011,0
251389,251390,251395,short,1782.89,1785.3075500000002,loss,-27.475500000001194,24.17550000000011,5
251603,251604,251604,long,1766.81,1764.3924499999998,loss,-27.475500000001194,24.17550000000011,0
251695,251696,251696,short,1795.67,1798.0875500000002,loss,-27.475500000001194,24.17550000000011,0
251794,251795,251795,short,1810.86,1807.233675,win,32.96324999999952,24.17550000000011,0
251797,251798,251806,short,1813.54,1815.95755,loss,-27.475500000001194,24.17550000000011,8
251812,251813,251823,short,1816.65,1813.0236750000001,win,32.96324999999952,24.17550000000011,10
252131,252132,252142,short,1861.34,1863.75755,loss,-27.475500000001194,24.17550000000011,10
252237,252238,252241,long,1853.01,1856.636325,win,32.96324999999952,24.17550000000011,3
252306,252307,252317,short,1861.64,1864.0575500000002,loss,-27.475500000001194,24.17550000000011,10
252440,252441,252442,long,1853.87,1851.4524499999998,loss,-27.475500000001194,24.17550000000011,1
252443,252444,252463,long,1850.04,1853.666325,win,32.96324999999952,24.17550000000011,19
252476,252477,252489,short,1853.8,1856.21755,loss,-27.475500000001194,24.17550000000011,12
252674,252675,252678,long,1856.98,1854.56245,loss,-27.475500000001194,24.17550000000011,3
252680,252681,252681,long,1852.51,1856.136325,win,32.96324999999952,24.17550000000011,0
252789,252790,252790,long,1817.7,1815.28245,loss,-27.475500000001194,24.17550000000011,0
252821,252822,252833,long,1809.43,1807.01245,loss,-27.475500000001194,24.17550000000011,11
252835,252836,252848,short,1809.79,1806.163675,win,32.96324999999952,24.17550000000011,12
252859,252860,252861,long,1800.85,1798.4324499999998,loss,-27.475500000001194,24.17550000000011,1
253150,253151,253151,long,1785.3,1782.8824499999998,loss,-27.475500000001194,24.17550000000011,0
253158,253159,253159,long,1785.15,1782.73245,loss,-27.475500000001194,24.17550000000011,0
253255,253256,253262,short,1786.43,1788.8475500000002,loss,-27.475500000001194,24.17550000000011,6
253276,253277,253278,short,1791.48,1793.8975500000001,loss,-27.475500000001194,24.17550000000011,1
253318,253319,253319,long,1784.42,1782.00245,loss,-27.475500000001194,24.17550000000011,0
253489,253490,253491,short,1780.27,1776.643675,win,32.96324999999952,24.17550000000011,1
253538,253539,253543,short,1770.47,1772.8875500000001,loss,-27.475500000001194,24.17550000000011,4
253544,253545,253561,short,1774.15,1770.5236750000001,win,32.96324999999952,24.17550000000011,16
253563,253564,253573,long,1768.33,1771.9563249999999,win,32.96324999999952,24.17550000000011,9
253573,253574,253584,long,1771.4,1768.98245,loss,-27.475500000001194,24.17550000000011,10
253740,253741,253747,short,1783.73,1780.103675,win,32.96324999999952,24.17550000000011,6
253884,253885,253888,short,1786.68,1783.053675,win,32.96324999999952,24.17550000000011,3
253895,253896,253935,long,1783.92,1781.50245,loss,-27.475500000001194,24.17550000000011,39
254039,254040,254041,short,1775.41,1777.8275500000002,loss,-27.475500000001194,24.17550000000011,1
254041,254042,254042,short,1778.01,1780.42755,loss,-27.475500000001194,24.17550000000011,0
254223,254224,254225,long,1767.63,1771.256325,win,32.96324999999952,24.17550000000011,1
254241,254242,254280,long,1771.84,1769.4224499999998,loss,-27.475500000001194,24.17550000000011,38
254372,254373,254375,short,1781.09,1783.50755,loss,-27.475500000001194,24.17550000000011,2
254517,254518,254525,long,1800.82,1798.4024499999998,loss,-27.475500000001194,24.17550000000011,7
254526,254527,254533,long,1798.74,1802.366325,win,32.96324999999952,24.17550000000011,6
254551,254552,254560,short,1802.65,1799.0236750000001,win,32.96324999999952,24.17550000000011,8
254686,254687,254703,long,1785.89,1789.516325,win,32.96324999999952,24.17550000000011,16
254711,254712,254750,short,1789.45,1785.823675,win,32.96324999999952,24.17550000000011,38
254961,254962,254970,short,1812.24,1808.613675,win,32.96324999999952,24.17550000000011,8
255016,255017,255019,short,1813.13,1815.5475500000002,loss,-27.475500000001194,24.17550000000011,2
255116,255117,255124,long,1802.13,1799.71245,loss,-27.475500000001194,24.17550000000011,7
255124,255125,255125,long,1798.65,1796.23245,loss,-27.475500000001194,24.17550000000011,0
255139,255140,255141,long,1790.38,1794.006325,win,32.96324999999952,24.17550000000011,1
255193,255194,255197,long,1800.94,1798.52245,loss,-27.475500000001194,24.17550000000011,3
255210,255211,255216,long,1801.6,1799.1824499999998,loss,-27.475500000001194,24.17550000000011,5
255221,255222,255228,short,1802.78,1799.153675,win,32.96324999999952,24.17550000000011,6
255388,255389,255394,long,1822.18,1825.806325,win,32.96324999999952,24.17550000000011,5
255394,255395,255402,short,1826.25,1822.623675,win,32.96324999999952,24.17550000000011,7
255410,255411,255411,long,1807.0,1810.626325,win,32.96324999999952,24.17550000000011,0
255502,255503,255503,short,1807.07,1809.48755,loss,-27.475500000001194,24.17550000000011,0
255849,255850,255851,short,1797.21,1799.6275500000002,loss,-27.475500000001194,24.17550000000011,1
255855,255856,255861,short,1799.82,1796.193675,win,32.96324999999952,24.17550000000011,5
255862,255863,255863,long,1791.76,1795.386325,win,32.96324999999952,24.17550000000011,0
255969,255970,255976,short,1815.85,1818.26755,loss,-27.475500000001194,24.17550000000011,6
256034,256035,256047,long,1816.17,1819.796325,win,32.96324999999952,24.17550000000011,12
256160,256161,256189,long,1821.65,1825.276325,win,32.96324999999952,24.17550000000011,28
256205,256206,256215,short,1827.42,1823.7936750000001,win,32.96324999999952,24.17550000000011,9
256224,256225,256232,long,1820.26,1823.886325,win,32.96324999999952,24.17550000000011,7
256300,256301,256327,short,1822.5,1818.873675,win,32.96324999999952,24.17550000000011,26
256327,256328,256362,long,1819.08,1816.6624499999998,loss,-27.475500000001194,24.17550000000011,34
256482,256483,256493,short,1818.86,1821.27755,loss,-27.475500000001194,24.17550000000011,10
256504,256505,256509,short,1839.97,1842.3875500000001,loss,-27.475500000001194,24.17550000000011,4
256531,256532,256536,long,1838.4,1842.026325,win,32.96324999999952,24.17550000000011,4
256543,256544,256571,long,1839.87,1837.4524499999998,loss,-27.475500000001194,24.17550000000011,27
256657,256658,256659,long,1833.27,1830.8524499999999,loss,-27.475500000001194,24.17550000000011,1
256679,256680,256684,short,1841.23,1837.603675,win,32.96324999999952,24.17550000000011,4
256699,256700,256704,long,1832.03,1829.6124499999999,loss,-27.475500000001194,24.17550000000011,4
256722,256723,256744,short,1837.12,1839.53755,loss,-27.475500000001194,24.17550000000011,21
256835,256836,256842,short,1840.7,1837.073675,win,32.96324999999952,24.17550000000011,6
256929,256930,256943,long,1845.77,1843.3524499999999,loss,-27.475500000001194,24.17550000000011,13
256954,256955,256955,long,1832.05,1835.676325,win,32.96324999999952,24.17550000000011,0
257110,257111,257112,long,1797.61,1795.1924499999998,loss,-27.475500000001194,24.17550000000011,1
257116,257117,257122,long,1790.93,1788.51245,loss,-27.475500000001194,24.17550000000011,5
257385,257386,257391,short,1799.65,1802.0675500000002,loss,-27.475500000001194,24.17550000000011,5
257401,257402,257405,short,1804.43,1806.8475500000002,loss,-27.475500000001194,24.17550000000011,3
257405,257406,257406,short,1803.23,1805.6475500000001,loss,-27.475500000001194,24.17550000000011,0
257418,257419,257434,short,1809.28,1805.653675,win,32.96324999999952,24.17550000000011,15
257434,257435,257452,long,1805.12,1808.7463249999998,win,32.96324999999952,24.17550000000011,17
257566,257567,257569,short,1806.61,1809.02755,loss,-27.475500000001194,24.17550000000011,2
257741,257742,257745,long,1820.09,1817.6724499999998,loss,-27.475500000001194,24.17550000000011,3
257755,257756,257764,long,1819.71,1817.29245,loss,-27.475500000001194,24.17550000000011,8
257935,257936,257954,long,1831.92,1829.50245,loss,-27.475500000001194,24.17550000000011,18
257962,257963,257963,short,1840.24,1836.613675,win,32.96324999999952,24.17550000000011,0
258021,258022,258024,long,1823.64,1827.266325,win,32.96324999999952,24.17550000000011,2
258027,258028,258041,short,1826.46,1828.8775500000002,loss,-27.475500000001194,24.17550000000011,13
258088,258089,258091,short,1857.86,1854.233675,win,32.96324999999952,24.17550000000011,2
258206,258207,258207,long,1864.24,1861.82245,loss,-27.475500000001194,24.17550000000011,0
258254,258255,258291,short,1852.88,1855.2975500000002,loss,-27.475500000001194,24.17550000000011,36
258333,258334,258340,short,1868.74,1871.1575500000001,loss,-27.475500000001194,24.17550000000011,6
258457,258458,258480,long,1890.4,1894.026325,win,32.96324999999952,24.17550000000011,22
258502,258503,258506,short,1898.72,1895.093675,win,32.96324999999952,24.17550000000011,3
258574,258575,258577,short,1894.88,1897.2975500000002,loss,-27.475500000001194,24.17550000000011,2
258587,258588,258593,short,1897.03,1893.403675,win,32.96324999999952,24.17550000000011,5
258817,258818,258818,short,1943.36,1945.77755,loss,-27.475500000001194,24.17550000000011,0
258860,258861,258861,long,1934.45,1938.076325,win,32.96324999999952,24.17550000000011,0
258942,258943,258944,long,1904.68,1902.26245,loss,-27.475500000001194,24.17550000000011,1
259048,259049,259052,long,1892.61,1896.2363249999999,win,32.96324999999952,24.17550000000011,3
259074,259075,259079,short,1906.78,1903.153675,win,32.96324999999952,24.17550000000011,4
259090,259091,259105,long,1905.06,1908.686325,win,32.96324999999952,24.17550000000011,14
259112,259113,259113,short,1916.07,1918.48755,loss,-27.475500000001194,24.17550000000011,0
259123,259124,259124,short,1920.71,1917.083675,win,32.96324999999952,24.17550000000011,0
259127,259128,259129,short,1914.92,1917.3375500000002,loss,-27.475500000001194,24.17550000000011,1
259180,259181,259186,long,1935.55,1933.1324499999998,loss,-27.475500000001194,24.17550000000011,5
259189,259190,259191,long,1933.93,1937.556325,win,32.96324999999952,24.17550000000011,1
259191,259192,259192,short,1937.42,1939.8375500000002,loss,-27.475500000001194,24.17550000000011,0
259193,259194,259194,short,1940.82,1943.23755,loss,-27.475500000001194,24.17550000000011,0
259300,259301,259303,short,1933.68,1936.0975500000002,loss,-27.475500000001194,24.17550000000011,2
259303,259304,259304,short,1936.14,1932.5136750000001,win,32.96324999999952,24.17550000000011,0
259412,259413,259413,short,1957.76,1960.17755,loss,-27.475500000001194,24.17550000000011,0
259461,259462,259462,long,1976.81,1980.436325,win,32.96324999999952,24.17550000000011,0
259534,259535,259535,long,1981.28,1984.906325,win,32.96324999999952,24.17550000000011,0
259536,259537,259540,long,1984.77,1988.396325,win,32.96324999999952,24.17550000000011,3
259542,259543,259548,long,1986.7,1990.326325,win,32.96324999999952,24.17550000000011,5
259557,259558,259558,short,2018.31,2014.683675,win,32.96324999999952,24.17550000000011,0
259574,259575,259575,short,2005.6,2008.01755,loss,-27.475500000001194,24.17550000000011,0
259580,259581,259581,long,2007.15,2004.73245,loss,-27.475500000001194,24.17550000000011,0
259591,259592,259592,short,2063.98,2066.39755,loss,-27.475500000001194,24.17550000000011,0
259660,259661,259661,long,2017.65,2015.23245,loss,-27.475500000001194,24.17550000000011,0
259676,259677,259677,long,1989.62,1987.2024499999998,loss,-27.475500000001194,24.17550000000011,0
259718,259719,259721,long,1973.35,1970.9324499999998,loss,-27.475500000001194,24.17550000000011,2
259758,259759,259761,short,2006.12,2002.493675,win,32.96324999999952,24.17550000000011,2
259839,259840,259843,long,1992.26,1989.8424499999999,loss,-27.475500000001194,24.17550000000011,3
260110,260111,260111,long,1918.0,1915.5824499999999,loss,-27.475500000001194,24.17550000000011,0
260178,260179,260179,short,1930.43,1932.8475500000002,loss,-27.475500000001194,24.17550000000011,0
260182,260183,260185,short,1933.88,1936.2975500000002,loss,-27.475500000001194,24.17550000000011,2
260185,260186,260197,short,1935.83,1932.203675,win,32.96324999999952,24.17550000000011,11
260200,260201,260205,long,1931.7,1935.326325,win,32.96324999999952,24.17550000000011,4
260413,260414,260415,short,1934.09,1936.50755,loss,-27.475500000001194,24.17550000000011,1
260484,260485,260489,long,1924.36,1927.9863249999999,win,32.96324999999952,24.17550000000011,4
260580,260581,260581,short,1929.28,1931.69755,loss,-27.475500000001194,24.17550000000011,0
260590,260591,260593,short,1926.38,1928.7975500000002,loss,-27.475500000001194,24.17550000000011,2
260646,260647,260648,long,1941.04,1938.6224499999998,loss,-27.475500000001194,24.17550000000011,1
260679,260680,260680,short,1951.89,1954.3075500000002,loss,-27.475500000001194,24.17550000000011,0
260838,260839,260840,long,1940.8,1938.3824499999998,loss,-27.475500000001194,24.17550000000011,1
260847,260848,260850,long,1934.13,1931.71245,loss,-27.475500000001194,24.17550000000011,2
260856,260857,260860,long,1932.1,1929.6824499999998,loss,-27.475500000001194,24.17550000000011,3
260864,260865,260865,long,1929.94,1933.566325,win,32.96324999999952,24.17550000000011,0
260894,260895,260895,long,1921.61,1919.1924499999998,loss,-27.475500000001194,24.17550000000011,0
260916,260917,260925,short,1926.35,1922.723675,win,32.96324999999952,24.17550000000011,8
260932,260933,260938,long,1922.64,1920.22245,loss,-27.475500000001194,24.17550000000011,5
261121,261122,261123,short,1928.58,1930.99755,loss,-27.475500000001194,24.17550000000011,1
261123,261124,261125,short,1932.46,1928.833675,win,32.96324999999952,24.17550000000011,1
261142,261143,261145,short,1933.23,1935.6475500000001,loss,-27.475500000001194,24.17550000000011,2
261146,261147,261148,short,1938.16,1940.5775500000002,loss,-27.475500000001194,24.17550000000011,1
261170,261171,261172,short,1940.54,1936.913675,win,32.96324999999952,24.17550000000011,1
261179,261180,261186,long,1935.29,1932.8724499999998,loss,-27.475500000001194,24.17550000000011,6
261222,261223,261225,long,1934.93,1932.51245,loss,-27.475500000001194,24.17550000000011,2
261301,261302,261305,short,1929.67,1932.0875500000002,loss,-27.475500000001194,24.17550000000011,3
261306,261307,261311,short,1930.23,1926.603675,win,32.96324999999952,24.17550000000011,4
261392,261393,261394,short,1932.44,1928.813675,win,32.96324999999952,24.17550000000011,1
261419,261420,261421,short,1943.22,1939.593675,win,32.96324999999952,24.17550000000011,1
261428,261429,261429,long,1920.59,1918.1724499999998,loss,-27.475500000001194,24.17550000000011,0
261437,261438,261460,long,1921.42,1919.00245,loss,-27.475500000001194,24.17550000000011,22
261461,261462,261467,long,1921.3,1924.926325,win,32.96324999999952,24.17550000000011,5
261470,261471,261481,short,1922.81,1919.183675,win,32.96324999999952,24.17550000000011,10
261483,261484,261484,long,1920.74,1918.32245,loss,-27.475500000001194,24.17550000000011,0
261493,261494,261496,short,1931.41,1927.7836750000001,win,32.96324999999952,24.17550000000011,2
261779,261780,261781,short,1965.4,1961.7736750000001,win,32.96324999999952,24.17550000000011,1
261785,261786,261789,long,1947.91,1951.536325,win,32.96324999999952,24.17550000000011,3
261796,261797,261798,long,1941.18,1944.806325,win,32.96324999999952,24.17550000000011,1
261801,261802,261805,long,1947.81,1951.436325,win,32.96324999999952,24.17550000000011,3
261828,261829,261832,short,1954.82,1957.23755,loss,-27.475500000001194,24.17550000000011,3
261852,261853,261856,long,1953.14,1950.72245,loss,-27.475500000001194,24.17550000000011,3
262146,262147,262147,short,1993.88,1996.2975500000002,loss,-27.475500000001194,24.17550000000011,0
262168,262169,262173,long,1978.04,1981.666325,win,32.96324999999952,24.17550000000011,4
262226,262227,262236,long,1975.55,1979.176325,win,32.96324999999952,24.17550000000011,9
262247,262248,262248,long,1951.88,1955.506325,win,32.96324999999952,24.17550000000011,0
262506,262507,262508,long,1932.42,1936.046325,win,32.96324999999952,24.17550000000011,1
262650,262651,262651,long,1898.34,1901.9663249999999,win,32.96324999999952,24.17550000000011,0
262849,262850,262851,long,1876.3,1873.8824499999998,loss,-27.475500000001194,24.17550000000011,1
262851,262852,262856,long,1874.44,1878.066325,win,32.96324999999952,24.17550000000011,4
262858,262859,262862,short,1885.9,1882.2736750000001,win,32.96324999999952,24.17550000000011,3
262863,262864,262867,short,1887.58,1889.99755,loss,-27.475500000001194,24.17550000000011,3
262867,262868,262870,short,1889.98,1886.353675,win,32.96324999999952,24.17550000000011,2
262973,262974,262975,long,1909.32,1906.9024499999998,loss,-27.475500000001194,24.17550000000011,1
263059,263060,263060,long,1865.22,1862.80245,loss,-27.475500000001194,24.17550000000011,0
263105,263106,263107,short,1863.39,1859.7636750000001,win,32.96324999999952,24.17550000000011,1
263107,263108,263112,long,1859.76,1863.386325,win,32.96324999999952,24.17550000000011,4
263116,263117,263120,long,1862.39,1859.97245,loss,-27.475500000001194,24.17550000000011,3
263168,263169,263175,short,1869.64,1866.0136750000001,win,32.96324999999952,24.17550000000011,6
263194,263195,263197,long,1865.68,1863.26245,loss,-27.475500000001194,24.17550000000011,2
263215,263216,263217,long,1864.48,1862.06245,loss,-27.475500000001194,24.17550000000011,1
263314,263315,263318,long,1892.52,1890.1024499999999,loss,-27.475500000001194,24.17550000000011,3
263324,263325,263334,long,1897.24,1900.866325,win,32.96324999999952,24.17550000000011,9
263336,263337,263338,short,1906.75,1903.123675,win,32.96324999999952,24.17550000000011,1
263345,263346,263346,long,1880.83,1878.4124499999998,loss,-27.475500000001194,24.17550000000011,0
263418,263419,263421,short,1882.9,1885.3175500000002,loss,-27.475500000001194,24.17550000000011,2
263422,263423,263426,short,1882.72,1885.1375500000001,loss,-27.475500000001194,24.17550000000011,3
263572,263573,263583,short,1864.2,1860.573675,win,32.96324999999952,24.17550000000011,10
263676,263677,263677,short,1844.02,1846.43755,loss,-27.475500000001194,24.17550000000011,0
263681,263682,263683,short,1850.57,1846.943675,win,32.96324999999952,24.17550000000011,1
263684,263685,263685,short,1851.48,1853.8975500000001,loss,-27.475500000001194,24.17550000000011,0
263687,263688,263689,short,1850.82,1853.23755,loss,-27.475500000001194,24.17550000000011,1
263864,263865,263867,short,1824.04,1820.413675,win,32.96324999999952,24.17550000000011,2
263884,263885,263885,long,1810.13,1807.71245,loss,-27.475500000001194,24.17550000000011,0
263890,263891,263892,long,1815.89,1813.47245,loss,-27.475500000001194,24.17550000000011,1
264028,264029,264035,long,1822.49,1826.116325,win,32.96324999999952,24.17550000000011,6
264077,264078,264080,long,1819.32,1822.946325,win,32.96324999999952,24.17550000000011,2
264085,264086,264087,long,1816.84,1814.4224499999998,loss,-27.475500000001194,24.17550000000011,1
264106,264107,264110,long,1816.61,1814.1924499999998,loss,-27.475500000001194,24.17550000000011,3
264236,264237,264241,short,1829.4,1831.8175500000002,loss,-27.475500000001194,24.17550000000011,4
264314,264315,264316,short,1845.8,1848.21755,loss,-27.475500000001194,24.17550000000011,1
264318,264319,264319,short,1846.37,1842.743675,win,32.96324999999952,24.17550000000011,0
264358,264359,264369,short,1843.73,1846.1475500000001,loss,-27.475500000001194,24.17550000000011,10
264370,264371,264379,short,1847.01,1849.42755,loss,-27.475500000001194,24.17550000000011,8
264402,264403,264406,short,1853.1,1855.51755,loss,-27.475500000001194,24.17550000000011,3
264443,264444,264445,long,1850.97,1848.55245,loss,-27.475500000001194,24.17550000000011,1
264482,264483,264486,short,1854.39,1856.8075500000002,loss,-27.475500000001194,24.17550000000011,3
264494,264495,264497,short,1851.6,1854.01755,loss,-27.475500000001194,24.17550000000011,2
264859,264860,264866,short,1861.55,1857.923675,win,32.96324999999952,24.17550000000011,6
264880,264881,264886,long,1854.25,1857.876325,win,32.96324999999952,24.17550000000011,5
264938,264939,264941,short,1852.83,1855.24755,loss,-27.475500000001194,24.17550000000011,2
264971,264972,264972,long,1846.31,1843.8924499999998,loss,-27.475500000001194,24.17550000000011,0
265128,265129,265130,short,1849.74,1852.1575500000001,loss,-27.475500000001194,24.17550000000011,1
265140,265141,265149,short,1856.43,1852.803675,win,32.96324999999952,24.17550000000011,8
265228,265229,265235,long,1863.44,1867.066325,win,32.96324999999952,24.17550000000011,6
265291,265292,265309,short,1855.4,1851.7736750000001,win,32.96324999999952,24.17550000000011,17
265576,265577,265581,short,1853.36,1849.733675,win,32.96324999999952,24.17550000000011,4
265675,265676,265685,long,1844.66,1842.24245,loss,-27.475500000001194,24.17550000000011,9
265708,265709,265710,short,1862.67,1865.0875500000002,loss,-27.475500000001194,24.17550000000011,1
265791,265792,265793,long,1826.3,1823.8824499999998,loss,-27.475500000001194,24.17550000000011,1
265855,265856,265856,short,1828.1,1830.51755,loss,-27.475500000001194,24.17550000000011,0
265858,265859,265863,short,1827.71,1824.083675,win,32.96324999999952,24.17550000000011,4
265863,265864,265869,long,1822.43,1820.01245,loss,-27.475500000001194,24.17550000000011,5
265872,265873,265874,long,1821.02,1818.6024499999999,loss,-27.475500000001194,24.17550000000011,1
265874,265875,265876,long,1816.99,1820.616325,win,32.96324999999952,24.17550000000011,1
265927,265928,265929,short,1816.56,1818.97755,loss,-27.475500000001194,24.17550000000011,1
265932,265933,265942,short,1815.29,1817.70755,loss,-27.475500000001194,24.17550000000011,9
265950,265951,265955,short,1820.56,1822.97755,loss,-27.475500000001194,24.17550000000011,4
265988,265989,265990,long,1818.18,1821.806325,win,32.96324999999952,24.17550000000011,1
265991,265992,265992,long,1820.33,1823.9563249999999,win,32.96324999999952,24.17550000000011,0
266073,266074,266076,short,1844.71,1847.1275500000002,loss,-27.475500000001194,24.17550000000011,2
266076,266077,266078,short,1848.68,1851.0975500000002,loss,-27.475500000001194,24.17550000000011,1
266104,266105,266107,long,1847.78,1845.3624499999999,loss,-27.475500000001194,24.17550000000011,2
266158,266159,266159,long,1841.87,1839.4524499999998,loss,-27.475500000001194,24.17550000000011,0
266163,266164,266165,long,1839.59,1843.2163249999999,win,32.96324999999952,24.17550000000011,1
266415,266416,266416,short,1842.85,1845.26755,loss,-27.475500000001194,24.17550000000011,0
266418,266419,266419,short,1840.52,1842.93755,loss,-27.475500000001194,24.17550000000011,0
266561,266562,266579,short,1824.48,1826.8975500000001,loss,-27.475500000001194,24.17550000000011,17
266584,266585,266588,short,1825.99,1828.4075500000001,loss,-27.475500000001194,24.17550000000011,3
266693,266694,266695,long,1827.24,1824.82245,loss,-27.475500000001194,24.17550000000011,1
266751,266752,266754,short,1825.4,1827.8175500000002,loss,-27.475500000001194,24.17550000000011,2
266871,266872,266875,short,1830.49,1826.863675,win,32.96324999999952,24.17550000000011,3
266935,266936,266944,long,1815.55,1813.1324499999998,loss,-27.475500000001194,24.17550000000011,8
267028,267029,267033,long,1797.2,1794.78245,loss,-27.475500000001194,24.17550000000011,4
267065,267066,267069,short,1807.09,1803.463675,win,32.96324999999952,24.17550000000011,3
267207,267208,267210,long,1803.1,1800.6824499999998,loss,-27.475500000001194,24.17550000000011,2
267215,267216,267220,long,1802.37,1799.9524499999998,loss,-27.475500000001194,24.17550000000011,4
267220,267221,267224,long,1798.44,1802.066325,win,32.96324999999952,24.17550000000011,3
267231,267232,267232,long,1774.26,1771.8424499999999,loss,-27.475500000001194,24.17550000000011,0
267327,267328,267330,long,1737.55,1735.1324499999998,loss,-27.475500000001194,24.17550000000011,2
267703,267704,267726,long,1725.65,1723.23245,loss,-27.475500000001194,24.17550000000011,22
267837,267838,267839,long,1726.75,1724.3324499999999,loss,-27.475500000001194,24.17550000000011,1
267877,267878,267879,long,1711.91,1709.49245,loss,-27.475500000001194,24.17550000000011,1
267885,267886,267914,long,1709.63,1713.256325,win,32.96324999999952,24.17550000000011,28
267924,267925,267932,long,1707.8,1705.3824499999998,loss,-27.475500000001194,24.17550000000011,7
267941,267942,267950,long,1701.98,1705.606325,win,32.96324999999952,24.17550000000011,8
268257,268258,268258,long,1698.21,1695.79245,loss,-27.475500000001194,24.17550000000011,0
268269,268270,268272,long,1694.77,1692.3524499999999,loss,-27.475500000001194,24.17550000000011,2
268322,268323,268323,short,1706.5,1708.9175500000001,loss,-27.475500000001194,24.17550000000011,0
268330,268331,268331,short,1711.54,1713.95755,loss,-27.475500000001194,24.17550000000011,0
268364,268365,268376,short,1717.12,1713.493675,win,32.96324999999952,24.17550000000011,11
268376,268377,268387,long,1713.44,1717.066325,win,32.96324999999952,24.17550000000011,10
268388,268389,268393,short,1719.11,1715.483675,win,32.96324999999952,24.17550000000011,4
268402,268403,268409,short,1724.13,1726.5475500000002,loss,-27.475500000001194,24.17550000000011,6
268410,268411,268412,short,1728.39,1724.7636750000001,win,32.96324999999952,24.17550000000011,1
268480,268481,268487,short,1727.81,1730.22755,loss,-27.475500000001194,24.17550000000011,6
268503,268504,268505,long,1723.2,1720.78245,loss,-27.475500000001194,24.17550000000011,1
268584,268585,268588,long,1718.65,1716.23245,loss,-27.475500000001194,24.17550000000011,3
268593,268594,268595,long,1720.21,1717.79245,loss,-27.475500000001194,24.17550000000011,1
268707,268708,268708,short,1723.94,1726.3575500000002,loss,-27.475500000001194,24.17550000000011,0
268710,268711,268711,short,1734.9,1737.3175500000002,loss,-27.475500000001194,24.17550000000011,0
268893,268894,268895,short,1765.89,1762.2636750000001,win,32.96324999999952,24.17550000000011,1
268938,268939,268941,short,1764.27,1766.68755,loss,-27.475500000001194,24.17550000000011,2
269033,269034,269039,long,1771.45,1775.076325,win,32.96324999999952,24.17550000000011,5
269043,269044,269044,short,1776.79,1779.20755,loss,-27.475500000001194,24.17550000000011,0
269077,269078,269083,long,1762.13,1759.71245,loss,-27.475500000001194,24.17550000000011,5
269089,269090,269095,long,1756.62,1760.2463249999998,win,32.96324999999952,24.17550000000011,5
269095,269096,269098,long,1760.84,1764.4663249999999,win,32.96324999999952,24.17550000000011,2
269206,269207,269210,short,1769.75,1772.1675500000001,loss,-27.475500000001194,24.17550000000011,3
269235,269236,269238,short,1777.51,1779.92755,loss,-27.475500000001194,24.17550000000011,2
269294,269295,269300,long,1791.62,1789.2024499999998,loss,-27.475500000001194,24.17550000000011,5
269391,269392,269392,short,1775.82,1778.23755,loss,-27.475500000001194,24.17550000000011,0
269478,269479,269480,long,1788.49,1786.07245,loss,-27.475500000001194,24.17550000000011,1
269578,269579,269584,long,1790.31,1793.936325,win,32.96324999999952,24.17550000000011,5
269686,269687,269687,short,1794.69,1797.1075500000002,loss,-27.475500000001194,24.17550000000011,0
269695,269696,269697,short,1795.27,1791.643675,win,32.96324999999952,24.17550000000011,1
269705,269706,269713,long,1789.31,1786.8924499999998,loss,-27.475500000001194,24.17550000000011,7
269724,269725,269740,long,1788.63,1786.21245,loss,-27.475500000001194,24.17550000000011,15
269767,269768,269780,long,1786.59,1790.2163249999999,win,32.96324999999952,24.17550000000011,12
269850,269851,269854,long,1786.72,1784.30245,loss,-27.475500000001194,24.17550000000011,3
269857,269858,269858,long,1780.2,1777.78245,loss,-27.475500000001194,24.17550000000011,0
269866,269867,269868,long,1774.93,1778.556325,win,32.96324999999952,24.17550000000011,1
270033,270034,270044,long,1773.99,1771.57245,loss,-27.475500000001194,24.17550000000011,10
270048,270049,270053,long,1767.97,1765.55245,loss,-27.475500000001194,24.17550000000011,4
270135,270136,270145,short,1770.03,1766.403675,win,32.96324999999952,24.17550000000011,9
270160,270161,270171,long,1757.08,1760.7063249999999,win,32.96324999999952,24.17550000000011,10
270182,270183,270189,long,1757.19,1754.77245,loss,-27.475500000001194,24.17550000000011,6
270303,270304,270306,long,1739.69,1737.27245,loss,-27.475500000001194,24.17550000000011,2
270308,270309,270310,long,1734.87,1732.4524499999998,loss,-27.475500000001194,24.17550000000011,1
270423,270424,270424,short,1753.28,1749.653675,win,32.96324999999952,24.17550000000011,0
270461,270462,270469,long,1746.35,1743.9324499999998,loss,-27.475500000001194,24.17550000000011,7
270495,270496,270498,short,1752.83,1749.203675,win,32.96324999999952,24.17550000000011,2
270498,270499,270501,short,1749.04,1745.413675,win,32.96324999999952,24.17550000000011,2
270504,270505,270516,long,1744.54,1748.166325,win,32.96324999999952,24.17550000000011,11
270683,270684,270689,long,1747.41,1744.99245,loss,-27.475500000001194,24.17550000000011,5
270699,270700,270700,short,1752.59,1748.963675,win,32.96324999999952,24.17550000000011,0
270709,270710,270713,long,1734.38,1738.006325,win,32.96324999999952,24.17550000000011,3
270782,270783,270783,short,1736.02,1738.43755,loss,-27.475500000001194,24.17550000000011,0
270942,270943,270948,short,1722.03,1718.403675,win,32.96324999999952,24.17550000000011,5
270950,270951,270952,long,1713.91,1711.49245,loss,-27.475500000001194,24.17550000000011,1
270952,270953,270958,long,1712.32,1709.9024499999998,loss,-27.475500000001194,24.17550000000011,5
270960,270961,270964,long,1714.49,1712.07245,loss,-27.475500000001194,24.17550000000011,3
270971,270972,270972,short,1717.13,1719.5475500000002,loss,-27.475500000001194,24.17550000000011,0
270977,270978,270981,short,1720.69,1717.063675,win,32.96324999999952,24.17550000000011,3
270996,270997,271000,long,1710.44,1708.02245,loss,-27.475500000001194,24.17550000000011,3
271003,271004,271009,long,1708.24,1705.82245,loss,-27.475500000001194,24.17550000000011,5
271018,271019,271030,long,1704.47,1708.096325,win,32.96324999999952,24.17550000000011,11
271158,271159,271161,short,1717.09,1713.463675,win,32.96324999999952,24.17550000000011,2
271272,271273,271273,short,1721.73,1724.1475500000001,loss,-27.475500000001194,24.17550000000011,0
271278,271279,271281,short,1717.29,1719.70755,loss,-27.475500000001194,24.17550000000011,2
271281,271282,271289,short,1719.6,1715.973675,win,32.96324999999952,24.17550000000011,7
271323,271324,271326,long,1708.8,1706.3824499999998,loss,-27.475500000001194,24.17550000000011,2
271457,271458,271459,short,1715.48,1717.8975500000001,loss,-27.475500000001194,24.17550000000011,1
271482,271483,271486,short,1720.31,1716.683675,win,32.96324999999952,24.17550000000011,3
271506,271507,271508,long,1711.54,1715.166325,win,32.96324999999952,24.17550000000011,1
271510,271511,271511,long,1706.88,1704.46245,loss,-27.475500000001194,24.17550000000011,0
271595,271596,271599,long,1719.24,1716.82245,loss,-27.475500000001194,24.17550000000011,3
271599,271600,271601,long,1714.52,1712.1024499999999,loss,-27.475500000001194,24.17550000000011,1
271650,271651,271661,long,1713.26,1716.886325,win,32.96324999999952,24.17550000000011,10
271663,271664,271666,short,1726.04,1722.413675,win,32.96324999999952,24.17550000000011,2
271667,271668,271670,short,1723.7,1726.1175500000002,loss,-27.475500000001194,24.17550000000011,2
271675,271676,271677,short,1724.95,1727.3675500000002,loss,-27.475500000001194,24.17550000000011,1
271752,271753,271762,short,1723.66,1726.0775500000002,loss,-27.475500000001194,24.17550000000011,9
271778,271779,271779,long,1697.8,1701.426325,win,32.96324999999952,24.17550000000011,0
272029,272030,272033,long,1659.92,1657.50245,loss,-27.475500000001194,24.17550000000011,3
272039,272040,272041,short,1664.12,1660.493675,win,32.96324999999952,24.17550000000011,1
272119,272120,272123,long,1660.25,1663.876325,win,32.96324999999952,24.17550000000011,3
272133,272134,272135,long,1664.89,1662.47245,loss,-27.475500000001194,24.17550000000011,1
272152,272153,272168,short,1671.8,1674.21755,loss,-27.475500000001194,24.17550000000011,15
272207,272208,272214,long,1673.42,1671.00245,loss,-27.475500000001194,24.17550000000011,6
272420,272421,272422,long,1671.96,1675.586325,win,32.96324999999952,24.17550000000011,1
272496,272497,272497,long,1657.77,1655.3524499999999,loss,-27.475500000001194,24.17550000000011,0
272650,272651,272652,short,1629.06,1631.47755,loss,-27.475500000001194,24.17550000000011,1
272780,272781,272783,short,1637.13,1639.5475500000002,loss,-27.475500000001194,24.17550000000011,2
272783,272784,272785,short,1645.11,1647.52755,loss,-27.475500000001194,24.17550000000011,1
272943,272944,272945,short,1671.09,1673.50755,loss,-27.475500000001194,24.17550000000011,1
273062,273063,273063,short,1691.41,1693.8275500000002,loss,-27.475500000001194,24.17550000000011,0
273073,273074,273076,short,1694.83,1697.24755,loss,-27.475500000001194,24.17550000000011,2
273099,273100,273108,short,1696.59,1699.00755,loss,-27.475500000001194,24.17550000000011,8
273115,273116,273117,long,1697.91,1701.536325,win,32.96324999999952,24.17550000000011,1
273119,273120,273120,short,1702.25,1704.6675500000001,loss,-27.475500000001194,24.17550000000011,0
273188,273189,273192,long,1722.13,1719.71245,loss,-27.475500000001194,24.17550000000011,3
273192,273193,273211,long,1719.39,1723.016325,win,32.96324999999952,24.17550000000011,18
273211,273212,273212,short,1722.83,1725.24755,loss,-27.475500000001194,24.17550000000011,0
273224,273225,273225,long,1709.84,1707.4224499999998,loss,-27.475500000001194,24.17550000000011,0
273228,273229,273230,long,1709.17,1712.796325,win,32.96324999999952,24.17550000000011,1
273558,273559,273560,long,1662.25,1665.876325,win,32.96324999999952,24.17550000000011,1
273639,273640,273642,long,1665.02,1662.6024499999999,loss,-27.475500000001194,24.17550000000011,2
273646,273647,273651,long,1664.14,1661.72245,loss,-27.475500000001194,24.17550000000011,4
273654,273655,273658,long,1664.8,1668.426325,win,32.96324999999952,24.17550000000011,3
273667,273668,273668,short,1672.53,1674.94755,loss,-27.475500000001194,24.17550000000011,0
273768,273769,273770,short,1673.71,1676.1275500000002,loss,-27.475500000001194,24.17550000000011,1
273778,273779,273780,short,1673.91,1676.3275500000002,loss,-27.475500000001194,24.17550000000011,1
273783,273784,273784,short,1673.99,1670.363675,win,32.96324999999952,24.17550000000011,0
273788,273789,273789,long,1643.77,1647.396325,win,32.96324999999952,24.17550000000011,0
273803,273804,273807,long,1670.13,1667.71245,loss,-27.475500000001194,24.17550000000011,3
273848,273849,273855,short,1669.51,1665.883675,win,32.96324999999952,24.17550000000011,6
273927,273928,273936,short,1650.0,1652.4175500000001,loss,-27.475500000001194,24.17550000000011,8
273986,273987,273989,long,1652.02,1649.6024499999999,loss,-27.475500000001194,24.17550000000011,2
273989,273990,273992,long,1649.48,1647.06245,loss,-27.475500000001194,24.17550000000011,2
274019,274020,274022,long,1650.28,1653.906325,win,32.96324999999952,24.17550000000011,2
274126,274127,274128,long,1638.42,1642.046325,win,32.96324999999952,24.17550000000011,1
274132,274133,274137,long,1641.55,1639.1324499999998,loss,-27.475500000001194,24.17550000000011,4
274210,274211,274214,short,1634.55,1630.923675,win,32.96324999999952,24.17550000000011,3
274375,274376,274388,short,1655.37,1657.78755,loss,-27.475500000001194,24.17550000000011,12
274389,274390,274391,long,1657.96,1655.54245,loss,-27.475500000001194,24.17550000000011,1
274397,274398,274398,short,1655.08,1657.49755,loss,-27.475500000001194,24.17550000000011,0
274411,274412,274424,long,1648.67,1646.25245,loss,-27.475500000001194,24.17550000000011,12
274516,274517,274517,short,1656.55,1658.96755,loss,-27.475500000001194,24.17550000000011,0
274536,274537,274555,short,1654.45,1650.823675,win,32.96324999999952,24.17550000000011,18
274766,274767,274770,long,1653.15,1650.73245,loss,-27.475500000001194,24.17550000000011,3
274941,274942,274944,short,1641.68,1644.0975500000002,loss,-27.475500000001194,24.17550000000011,2
274951,274952,274957,short,1647.07,1649.48755,loss,-27.475500000001194,24.17550000000011,5
275072,275073,275081,long,1645.96,1649.586325,win,32.96324999999952,24.17550000000011,8
275146,275147,275147,long,1620.68,1618.26245,loss,-27.475500000001194,24.17550000000011,0
275161,275162,275164,short,1631.02,1627.393675,win,32.96324999999952,24.17550000000011,2
275216,275217,275220,short,1646.97,1649.3875500000001,loss,-27.475500000001194,24.17550000000011,3
275225,275226,275226,short,1644.73,1647.1475500000001,loss,-27.475500000001194,24.17550000000011,0
275281,275282,275310,long,1672.11,1669.6924499999998,loss,-27.475500000001194,24.17550000000011,28
275310,275311,275315,long,1669.06,1672.686325,win,32.96324999999952,24.17550000000011,4
275435,275436,275436,short,1705.93,1708.3475500000002,loss,-27.475500000001194,24.17550000000011,0
275619,275620,275622,short,1750.72,1747.093675,win,32.96324999999952,24.17550000000011,2
275677,275678,275679,short,1757.75,1760.1675500000001,loss,-27.475500000001194,24.17550000000011,1
275679,275680,275682,short,1760.68,1757.053675,win,32.96324999999952,24.17550000000011,2
275834,275835,275835,long,1768.12,1771.7463249999998,win,32.96324999999952,24.17550000000011,0
275845,275846,275857,long,1771.11,1768.6924499999998,loss,-27.475500000001194,24.17550000000011,11
275860,275861,275861,short,1780.2,1782.6175500000002,loss,-27.475500000001194,24.17550000000011,0
275962,275963,275972,short,1783.11,1779.483675,win,32.96324999999952,24.17550000000011,9
275974,275975,275975,short,1778.53,1780.94755,loss,-27.475500000001194,24.17550000000011,0
275976,275977,275980,short,1779.88,1776.2536750000002,win,32.96324999999952,24.17550000000011,3
275996,275997,276004,long,1772.25,1775.876325,win,32.96324999999952,24.17550000000011,7
276044,276045,276047,short,1767.71,1770.1275500000002,loss,-27.475500000001194,24.17550000000011,2
276047,276048,276052,short,1769.34,1765.713675,win,32.96324999999952,24.17550000000011,4
276311,276312,276319,long,1741.34,1744.9663249999999,win,32.96324999999952,24.17550000000011,7
276375,276376,276392,long,1741.14,1738.72245,loss,-27.475500000001194,24.17550000000011,16
276395,276396,276404,long,1734.02,1737.646325,win,32.96324999999952,24.17550000000011,8
276409,276410,276412,short,1744.05,1740.423675,win,32.96324999999952,24.17550000000011,2
276565,276566,276571,short,1759.53,1755.903675,win,32.96324999999952,24.17550000000011,5
276580,276581,276587,long,1752.01,1749.5924499999999,loss,-27.475500000001194,24.17550000000011,6
276590,276591,276596,long,1753.08,1750.6624499999998,loss,-27.475500000001194,24.17550000000011,5
276605,276606,276616,long,1749.3,1752.926325,win,32.96324999999952,24.17550000000011,10
276678,276679,276680,short,1752.9,1755.3175500000002,loss,-27.475500000001194,24.17550000000011,1
276756,276757,276765,short,1754.77,1757.18755,loss,-27.475500000001194,24.17550000000011,8
276775,276776,276776,long,1748.17,1751.796325,win,32.96324999999952,24.17550000000011,0
276778,276779,276779,long,1753.19,1756.816325,win,32.96324999999952,24.17550000000011,0
276900,276901,276902,short,1772.14,1774.5575500000002,loss,-27.475500000001194,24.17550000000011,1
276930,276931,276933,short,1780.0,1776.373675,win,32.96324999999952,24.17550000000011,2
276955,276956,276956,short,1788.04,1790.45755,loss,-27.475500000001194,24.17550000000011,0
277018,277019,277028,long,1798.95,1802.576325,win,32.96324999999952,24.17550000000011,9
277110,277111,277118,long,1798.34,1795.9224499999998,loss,-27.475500000001194,24.17550000000011,7
277137,277138,277139,long,1792.51,1790.0924499999999,loss,-27.475500000001194,24.17550000000011,1
277174,277175,277178,long,1768.67,1772.296325,win,32.96324999999952,24.17550000000011,3
277201,277202,277205,long,1768.83,1772.4563249999999,win,32.96324999999952,24.17550000000011,3
277388,277389,277392,short,1785.77,1782.143675,win,32.96324999999952,24.17550000000011,3
277570,277571,277578,short,1790.09,1792.50755,loss,-27.475500000001194,24.17550000000011,7
277583,277584,277589,short,1794.0,1790.373675,win,32.96324999999952,24.17550000000011,5
277647,277648,277652,short,1781.82,1784.23755,loss,-27.475500000001194,24.17550000000011,4
277662,277663,277668,short,1786.53,1782.903675,win,32.96324999999952,24.17550000000011,5
277670,277671,277671,short,1782.49,1784.9075500000001,loss,-27.475500000001194,24.17550000000011,0
277689,277690,277690,short,1821.84,1824.25755,loss,-27.475500000001194,24.17550000000011,0
277723,277724,277728,short,1809.76,1812.17755,loss,-27.475500000001194,24.17550000000011,4
277746,277747,277752,long,1810.79,1808.3724499999998,loss,-27.475500000001194,24.17550000000011,5
277936,277937,277939,long,1778.43,1776.01245,loss,-27.475500000001194,24.17550000000011,2
278188,278189,278192,long,1817.36,1814.9424499999998,loss,-27.475500000001194,24.17550000000011,3
278328,278329,278330,long,1799.9,1797.48245,loss,-27.475500000001194,24.17550000000011,1
278511,278512,278512,short,1821.12,1823.53755,loss,-27.475500000001194,24.17550000000011,0
278576,278577,278578,long,1804.55,1802.1324499999998,loss,-27.475500000001194,24.17550000000011,1
278581,278582,278582,long,1799.96,1803.586325,win,32.96324999999952,24.17550000000011,0
278669,278670,278676,short,1809.72,1806.093675,win,32.96324999999952,24.17550000000011,6
278859,278860,278865,long,1832.53,1836.156325,win,32.96324999999952,24.17550000000011,5
278943,278944,278952,short,1859.95,1862.3675500000002,loss,-27.475500000001194,24.17550000000011,8
278967,278968,278968,long,1849.95,1853.576325,win,32.96324999999952,24.17550000000011,0
278969,278970,278977,long,1856.99,1854.57245,loss,-27.475500000001194,24.17550000000011,7
279094,279095,279099,long,1834.24,1837.866325,win,32.96324999999952,24.17550000000011,4
279217,279218,279232,long,1872.19,1875.816325,win,32.96324999999952,24.17550000000011,14
279232,279233,279235,short,1876.57,1878.98755,loss,-27.475500000001194,24.17550000000011,2
279237,279238,279238,short,1876.85,1879.26755,loss,-27.475500000001194,24.17550000000011,0
279385,279386,279390,short,1884.14,1880.5136750000001,win,32.96324999999952,24.17550000000011,4
279427,279428,279428,long,1869.93,1867.51245,loss,-27.475500000001194,24.17550000000011,0
279432,279433,279462,long,1875.1,1878.7263249999999,win,32.96324999999952,24.17550000000011,29
279578,279579,279579,short,1899.39,1901.8075500000002,loss,-27.475500000001194,24.17550000000011,0
279593,279594,279596,short,1902.15,1898.5236750000001,win,32.96324999999952,24.17550000000011,2
279633,279634,279640,short,1918.47,1920.8875500000001,loss,-27.475500000001194,24.17550000000011,6
279640,279641,279642,short,1921.0,1923.4175500000001,loss,-27.475500000001194,24.17550000000011,1
279645,279646,279646,short,1925.3,1927.71755,loss,-27.475500000001194,24.17550000000011,0
279647,279648,279655,short,1924.77,1921.143675,win,32.96324999999952,24.17550000000011,7
279667,279668,279670,long,1913.29,1910.8724499999998,loss,-27.475500000001194,24.17550000000011,2
279698,279699,279701,long,1915.83,1913.4124499999998,loss,-27.475500000001194,24.17550000000011,2
279843,279844,279849,short,1911.75,1914.1675500000001,loss,-27.475500000001194,24.17550000000011,5
279944,279945,279952,long,1907.54,1911.166325,win,32.96324999999952,24.17550000000011,7
279997,279998,279999,short,1930.35,1932.76755,loss,-27.475500000001194,24.17550000000011,1
280009,280010,280012,long,1927.43,1925.01245,loss,-27.475500000001194,24.17550000000011,2
280111,280112,280116,long,1920.58,1924.2063249999999,win,32.96324999999952,24.17550000000011,4
280116,280117,280117,long,1926.39,1923.97245,loss,-27.475500000001194,24.17550000000011,0
280121,280122,280130,long,1925.8,1923.3824499999998,loss,-27.475500000001194,24.17550000000011,8
280178,280179,280180,short,1932.33,1934.74755,loss,-27.475500000001194,24.17550000000011,1
280181,280182,280190,short,1935.68,1932.053675,win,32.96324999999952,24.17550000000011,8
280196,280197,280200,short,1934.85,1937.26755,loss,-27.475500000001194,24.17550000000011,3
280237,280238,280238,long,1934.84,1932.4224499999998,loss,-27.475500000001194,24.17550000000011,0
280253,280254,280278,short,1938.01,1934.383675,win,32.96324999999952,24.17550000000011,24
280278,280279,280285,long,1930.51,1928.0924499999999,loss,-27.475500000001194,24.17550000000011,6
280353,280354,280362,short,1946.66,1943.0336750000001,win,32.96324999999952,24.17550000000011,8
280362,280363,280364,short,1942.58,1944.99755,loss,-27.475500000001194,24.17550000000011,1
280491,280492,280495,short,1928.07,1930.48755,loss,-27.475500000001194,24.17550000000011,3
280508,280509,280510,long,1924.29,1927.916325,win,32.96324999999952,24.17550000000011,1
280512,280513,280513,long,1923.89,1921.47245,loss,-27.475500000001194,24.17550000000011,0
280682,280683,280683,long,1908.66,1906.24245,loss,-27.475500000001194,24.17550000000011,0
280805,280806,280807,short,1953.87,1950.243675,win,32.96324999999952,24.17550000000011,1
280914,280915,280936,short,1916.75,1913.123675,win,32.96324999999952,24.17550000000011,21
280940,280941,280947,long,1912.51,1910.0924499999999,loss,-27.475500000001194,24.17550000000011,6
280971,280972,280975,long,1866.11,1863.6924499999998,loss,-27.475500000001194,24.17550000000011,3
280985,280986,280990,long,1865.57,1863.1524499999998,loss,-27.475500000001194,24.17550000000011,4
280993,280994,280997,long,1865.27,1868.896325,win,32.96324999999952,24.17550000000011,3
280997,280998,280998,short,1869.73,1866.103675,win,32.96324999999952,24.17550000000011,0
280999,281000,281001,short,1870.5,1872.9175500000001,loss,-27.475500000001194,24.17550000000011,1
281340,281341,281341,long,1863.62,1867.2463249999998,win,32.96324999999952,24.17550000000011,0
281405,281406,281417,short,1862.84,1865.25755,loss,-27.475500000001194,24.17550000000011,11
281588,281589,281591,long,1855.72,1859.346325,win,32.96324999999952,24.17550000000011,2
281665,281666,281666,long,1835.5,1833.0824499999999,loss,-27.475500000001194,24.17550000000011,0
281793,281794,281796,short,1840.85,1843.26755,loss,-27.475500000001194,24.17550000000011,2
281836,281837,281846,long,1825.47,1823.05245,loss,-27.475500000001194,24.17550000000011,9
281846,281847,281849,long,1822.96,1826.586325,win,32.96324999999952,24.17550000000011,2
282115,282116,282125,long,1833.22,1836.846325,win,32.96324999999952,24.17550000000011,9
282179,282180,282199,long,1827.44,1831.066325,win,32.96324999999952,24.17550000000011,19
282202,282203,282209,short,1830.05,1826.423675,win,32.96324999999952,24.17550000000011,6
282230,282231,282232,short,1826.68,1829.0975500000002,loss,-27.475500000001194,24.17550000000011,1
282296,282297,282311,long,1821.97,1819.55245,loss,-27.475500000001194,24.17550000000011,14
282477,282478,282478,long,1807.76,1805.3424499999999,loss,-27.475500000001194,24.17550000000011,0
282507,282508,282508,short,1826.29,1822.663675,win,32.96324999999952,24.17550000000011,0
282572,282573,282574,short,1835.66,1832.0336750000001,win,32.96324999999952,24.17550000000011,1
282577,282578,282580,short,1831.81,1834.22755,loss,-27.475500000001194,24.17550000000011,2
282821,282822,282839,short,1854.44,1856.8575500000002,loss,-27.475500000001194,24.17550000000011,17
282940,282941,282948,long,1843.75,1841.3324499999999,loss,-27.475500000001194,24.17550000000011,7
282954,282955,282957,long,1834.4,1831.98245,loss,-27.475500000001194,24.17550000000011,2
282962,282963,282963,long,1821.64,1825.266325,win,32.96324999999952,24.17550000000011,0
283011,283012,283021,long,1810.63,1814.256325,win,32.96324999999952,24.17550000000011,9
283028,283029,283037,short,1813.23,1815.6475500000001,loss,-27.475500000001194,24.17550000000011,8
283144,283145,283145,short,1831.31,1833.72755,loss,-27.475500000001194,24.17550000000011,0
283201,283202,283209,long,1831.68,1835.306325,win,32.96324999999952,24.17550000000011,7
283235,283236,283237,short,1858.45,1860.8675500000002,loss,-27.475500000001194,24.17550000000011,1
283494,283495,283496,short,1907.24,1909.6575500000001,loss,-27.475500000001194,24.17550000000011,1
283521,283522,283523,short,1925.41,1927.8275500000002,loss,-27.475500000001194,24.17550000000011,1
283536,283537,283537,long,1917.42,1921.046325,win,32.96324999999952,24.17550000000011,0
283695,283696,283696,short,1961.31,1963.72755,loss,-27.475500000001194,24.17550000000011,0
283707,283708,283708,short,1971.36,1973.77755,loss,-27.475500000001194,24.17550000000011,0
283723,283724,283732,short,1977.24,1973.613675,win,32.96324999999952,24.17550000000011,8
283754,283755,283756,short,1990.05,1986.423675,win,32.96324999999952,24.17550000000011,1
283758,283759,283759,short,2005.99,2008.4075500000001,loss,-27.475500000001194,24.17550000000011,0
283761,283762,283762,short,2003.67,2000.0436750000001,win,32.96324999999952,24.17550000000011,0
283774,283775,283778,long,1980.89,1984.516325,win,32.96324999999952,24.17550000000011,3
283780,283781,283781,long,1974.42,1978.046325,win,32.96324999999952,24.17550000000011,0
283784,283785,283785,long,1977.89,1975.47245,loss,-27.475500000001194,24.17550000000011,0
283793,283794,283794,long,1978.47,1976.05245,loss,-27.475500000001194,24.17550000000011,0
283817,283818,283824,short,1978.23,1980.6475500000001,loss,-27.475500000001194,24.17550000000011,6
283847,283848,283849,long,1972.99,1976.616325,win,32.96324999999952,24.17550000000011,1
283942,283943,283944,long,1935.93,1939.556325,win,32.96324999999952,24.17550000000011,1
284110,284111,284122,long,1990.32,1987.9024499999998,loss,-27.475500000001194,24.17550000000011,11
284126,284127,284129,long,1987.54,1991.166325,win,32.96324999999952,24.17550000000011,2
284137,284138,284138,short,1999.17,1995.5436750000001,win,32.96324999999952,24.17550000000011,0
284316,284317,284321,long,1950.2,1953.826325,win,32.96324999999952,24.17550000000011,4
284321,284322,284327,long,1954.78,1958.406325,win,32.96324999999952,24.17550000000011,5
284329,284330,284330,short,1959.31,1961.72755,loss,-27.475500000001194,24.17550000000011,0
284335,284336,284338,short,1962.67,1959.0436750000001,win,32.96324999999952,24.17550000000011,2
284339,284340,284340,short,1965.88,1968.2975500000002,loss,-27.475500000001194,24.17550000000011,0
284347,284348,284350,short,1968.51,1970.92755,loss,-27.475500000001194,24.17550000000011,2
284354,284355,284357,short,1971.9,1974.3175500000002,loss,-27.475500000001194,24.17550000000011,2
284378,284379,284395,long,1967.28,1964.8624499999999,loss,-27.475500000001194,24.17550000000011,16
284396,284397,284398,long,1962.98,1960.56245,loss,-27.475500000001194,24.17550000000011,1
284400,284401,284401,long,1961.96,1959.54245,loss,-27.475500000001194,24.17550000000011,0
284408,284409,284411,long,1964.21,1967.836325,win,32.96324999999952,24.17550000000011,2
284489,284490,284493,short,1967.35,1969.76755,loss,-27.475500000001194,24.17550000000011,3
284500,284501,284507,short,1967.85,1970.26755,loss,-27.475500000001194,24.17550000000011,6
284519,284520,284522,long,1965.25,1968.876325,win,32.96324999999952,24.17550000000011,2
284578,284579,284582,short,1978.85,1981.26755,loss,-27.475500000001194,24.17550000000011,3
284680,284681,284685,short,1965.71,1968.1275500000002,loss,-27.475500000001194,24.17550000000011,4
284685,284686,284689,short,1970.14,1972.5575500000002,loss,-27.475500000001194,24.17550000000011,3
284707,284708,284713,short,1989.55,1985.923675,win,32.96324999999952,24.17550000000011,5
284744,284745,284763,long,1978.17,1981.796325,win,32.96324999999952,24.17550000000011,18
284951,284952,284963,short,2017.91,2020.3275500000002,loss,-27.475500000001194,24.17550000000011,11
285040,285041,285050,long,1995.77,1999.396325,win,32.96324999999952,24.17550000000011,9
285055,285056,285061,short,2001.91,1998.2836750000001,win,32.96324999999952,24.17550000000011,5
285061,285062,285063,short,1998.04,2000.45755,loss,-27.475500000001194,24.17550000000011,1
285067,285068,285069,long,1988.76,1986.3424499999999,loss,-27.475500000001194,24.17550000000011,1
285071,285072,285074,long,1986.09,1989.7163249999999,win,32.96324999999952,24.17550000000011,2
285232,285233,285246,long,2008.97,2006.55245,loss,-27.475500000001194,24.17550000000011,13
285323,285324,285339,short,2027.66,2030.0775500000002,loss,-27.475500000001194,24.17550000000011,15
285440,285441,285441,long,1998.44,1996.02245,loss,-27.475500000001194,24.17550000000011,0
285523,285524,285524,long,1996.59,1994.1724499999998,loss,-27.475500000001194,24.17550000000011,0
285534,285535,285536,long,1988.25,1991.876325,win,32.96324999999952,24.17550000000011,1
285536,285537,285537,long,1991.46,1995.086325,win,32.96324999999952,24.17550000000011,0
285586,285587,285588,short,1998.53,2000.94755,loss,-27.475500000001194,24.17550000000011,1
285687,285688,285688,long,1977.53,1981.156325,win,32.96324999999952,24.17550000000011,0
285865,285866,285869,long,1984.05,1987.676325,win,32.96324999999952,24.17550000000011,3
286034,286035,286040,short,1991.84,1994.25755,loss,-27.475500000001194,24.17550000000011,5
286066,286067,286067,long,1984.04,1987.666325,win,32.96324999999952,24.17550000000011,0
286081,286082,286086,short,1991.27,1993.68755,loss,-27.475500000001194,24.17550000000011,4
286088,286089,286089,short,1998.94,2001.3575500000002,loss,-27.475500000001194,24.17550000000011,0
286132,286133,286146,long,1996.06,1999.686325,win,32.96324999999952,24.17550000000011,13
286219,286220,286221,short,1999.3,2001.71755,loss,-27.475500000001194,24.17550000000011,1
286226,286227,286228,short,2000.49,2002.9075500000001,loss,-27.475500000001194,24.17550000000011,1
286421,286422,286425,short,1986.57,1988.98755,loss,-27.475500000001194,24.17550000000011,3
286495,286496,286498,short,1983.02,1985.43755,loss,-27.475500000001194,24.17550000000011,2
286499,286500,286504,long,1983.69,1981.27245,loss,-27.475500000001194,24.17550000000011,4
286531,286532,286532,short,2010.01,2012.42755,loss,-27.475500000001194,24.17550000000011,0
286650,286651,286651,short,2057.78,2060.1975500000003,loss,-27.475500000001194,24.17550000000011,0
286709,286710,286711,short,2035.81,2038.22755,loss,-27.475500000001194,24.17550000000011,1
286711,286712,286712,short,2040.73,2043.1475500000001,loss,-27.475500000001194,24.17550000000011,0
287037,287038,287043,long,2031.4,2028.98245,loss,-27.475500000001194,24.17550000000011,5
287045,287046,287055,long,2029.47,2027.05245,loss,-27.475500000001194,24.17550000000011,9
287135,287136,287139,long,2032.48,2030.06245,loss,-27.475500000001194,24.17550000000011,3
287139,287140,287141,long,2029.32,2026.9024499999998,loss,-27.475500000001194,24.17550000000011,1
287156,287157,287157,long,2028.96,2032.586325,win,32.96324999999952,24.17550000000011,0
287228,287229,287230,long,2009.44,2007.02245,loss,-27.475500000001194,24.17550000000011,1
287257,287258,287259,short,2017.64,2020.0575500000002,loss,-27.475500000001194,24.17550000000011,1
287275,287276,287285,short,2014.0,2010.373675,win,32.96324999999952,24.17550000000011,9
287314,287315,287315,short,2016.64,2019.0575500000002,loss,-27.475500000001194,24.17550000000011,0
287412,287413,287433,long,2007.06,2004.6424499999998,loss,-27.475500000001194,24.17550000000011,20
287453,287454,287454,long,1986.05,1989.676325,win,32.96324999999952,24.17550000000011,0
287457,287458,287479,long,1989.01,1992.636325,win,32.96324999999952,24.17550000000011,21
287510,287511,287513,long,1987.33,1984.9124499999998,loss,-27.475500000001194,24.17550000000011,2
287587,287588,287592,long,1979.87,1977.4524499999998,loss,-27.475500000001194,24.17550000000011,4
287609,287610,287613,long,1978.61,1976.1924499999998,loss,-27.475500000001194,24.17550000000011,3
287622,287623,287623,long,1959.88,1957.46245,loss,-27.475500000001194,24.17550000000011,0
287731,287732,287736,short,1981.27,1977.643675,win,32.96324999999952,24.17550000000011,4
287784,287785,287793,short,1980.68,1977.053675,win,32.96324999999952,24.17550000000011,8
287961,287962,287963,long,1971.78,1975.406325,win,32.96324999999952,24.17550000000011,1
287990,287991,287996,long,1968.47,1966.05245,loss,-27.475500000001194,24.17550000000011,5
287996,287997,287997,long,1962.97,1960.55245,loss,-27.475500000001194,24.17550000000011,0
288139,288140,288142,short,1950.88,1947.2536750000002,win,32.96324999999952,24.17550000000011,2
288143,288144,288147,short,1951.39,1953.8075500000002,loss,-27.475500000001194,24.17550000000011,3
288147,288148,288150,short,1956.02,1952.393675,win,32.96324999999952,24.17550000000011,2
288162,288163,288167,short,1952.57,1948.943675,win,32.96324999999952,24.17550000000011,4
288308,288309,288310,long,1934.9,1932.48245,loss,-27.475500000001194,24.17550000000011,1
288321,288322,288323,short,1946.05,1942.423675,win,32.96324999999952,24.17550000000011,1
288324,288325,288326,short,1947.54,1949.95755,loss,-27.475500000001194,24.17550000000011,1
288385,288386,288388,long,1956.68,1954.26245,loss,-27.475500000001194,24.17550000000011,2
288402,288403,288404,short,1964.37,1960.743675,win,32.96324999999952,24.17550000000011,1
288405,288406,288407,short,1962.18,1958.553675,win,32.96324999999952,24.17550000000011,1
288414,288415,288417,long,1955.3,1958.926325,win,32.96324999999952,24.17550000000011,2
288514,288515,288520,short,1966.6,1962.973675,win,32.96324999999952,24.17550000000011,5
288525,288526,288527,short,1973.0,1975.4175500000001,loss,-27.475500000001194,24.17550000000011,1
288529,288530,288531,short,1975.41,1977.8275500000002,loss,-27.475500000001194,24.17550000000011,1
288872,288873,288883,long,1962.97,1960.55245,loss,-27.475500000001194,24.17550000000011,10
288898,288899,288900,long,1947.12,1944.7024499999998,loss,-27.475500000001194,24.17550000000011,1
288982,288983,288984,short,1966.56,1968.97755,loss,-27.475500000001194,24.17550000000011,1
288989,288990,288992,short,1966.12,1968.53755,loss,-27.475500000001194,24.17550000000011,2
289051,289052,289060,long,1961.06,1964.686325,win,32.96324999999952,24.17550000000011,8
289137,289138,289139,short,1960.35,1962.76755,loss,-27.475500000001194,24.17550000000011,1
289152,289153,289156,short,1963.3,1965.71755,loss,-27.475500000001194,24.17550000000011,3
289156,289157,289160,short,1963.18,1959.553675,win,32.96324999999952,24.17550000000011,3
289167,289168,289172,long,1956.34,1953.9224499999998,loss,-27.475500000001194,24.17550000000011,4
289176,289177,289195,long,1955.46,1959.086325,win,32.96324999999952,24.17550000000011,18
289217,289218,289225,short,1960.81,1963.22755,loss,-27.475500000001194,24.17550000000011,7
289228,289229,289247,short,1963.96,1960.333675,win,32.96324999999952,24.17550000000011,18
289259,289260,289260,long,1950.71,1948.29245,loss,-27.475500000001194,24.17550000000011,0
289437,289438,289438,short,1945.63,1948.0475500000002,loss,-27.475500000001194,24.17550000000011,0
289528,289529,289529,long,1958.64,1962.266325,win,32.96324999999952,24.17550000000011,0
289610,289611,289612,long,1948.43,1952.056325,win,32.96324999999952,24.17550000000011,1
289699,289700,289701,long,1933.29,1930.8724499999998,loss,-27.475500000001194,24.17550000000011,1
289855,289856,289856,long,1931.15,1928.73245,loss,-27.475500000001194,24.17550000000011,0
289861,289862,289862,long,1930.93,1928.51245,loss,-27.475500000001194,24.17550000000011,0
289974,289975,289976,short,1934.18,1936.5975500000002,loss,-27.475500000001194,24.17550000000011,1
290020,290021,290032,short,1924.4,1926.8175500000002,loss,-27.475500000001194,24.17550000000011,11
290123,290124,290129,short,1926.5,1928.9175500000001,loss,-27.475500000001194,24.17550000000011,5
290150,290151,290151,long,1928.0,1925.5824499999999,loss,-27.475500000001194,24.17550000000011,0
290153,290154,290156,long,1927.21,1924.79245,loss,-27.475500000001194,24.17550000000011,2
290219,290220,290232,long,1910.0,1907.5824499999999,loss,-27.475500000001194,24.17550000000011,12
290403,290404,290408,long,1906.86,1904.4424499999998,loss,-27.475500000001194,24.17550000000011,4
290449,290450,290475,short,1919.31,1915.683675,win,32.96324999999952,24.17550000000011,25
290487,290488,290490,short,1919.1,1915.473675,win,32.96324999999952,24.17550000000011,2
290520,290521,290521,short,1925.96,1928.3775500000002,loss,-27.475500000001194,24.17550000000011,0
290522,290523,290523,short,1925.6,1928.01755,loss,-27.475500000001194,24.17550000000011,0
290626,290627,290664,long,1924.64,1922.22245,loss,-27.475500000001194,24.17550000000011,37
290937,290938,290960,long,1923.77,1921.3524499999999,loss,-27.475500000001194,24.17550000000011,22
291029,291030,291031,short,1935.29,1931.663675,win,32.96324999999952,24.17550000000011,1
291309,291310,291311,long,1954.52,1958.146325,win,32.96324999999952,24.17550000000011,1
291319,291320,291325,long,1956.19,1959.816325,win,32.96324999999952,24.17550000000011,5
291408,291409,291416,short,1959.28,1955.653675,win,32.96324999999952,24.17550000000011,7
291416,291417,291417,short,1955.75,1952.123675,win,32.96324999999952,24.17550000000011,0
291568,291569,291575,long,1974.78,1978.406325,win,32.96324999999952,24.17550000000011,6
291666,291667,291676,short,1980.64,1983.0575500000002,loss,-27.475500000001194,24.17550000000011,9
291677,291678,291679,long,1983.31,1980.8924499999998,loss,-27.475500000001194,24.17550000000011,1
291696,291697,291697,long,1979.23,1976.81245,loss,-27.475500000001194,24.17550000000011,0
291766,291767,291768,long,1964.29,1961.8724499999998,loss,-27.475500000001194,24.17550000000011,1
291770,291771,291781,long,1961.47,1965.096325,win,32.96324999999952,24.17550000000011,10
291782,291783,291785,long,1965.74,1963.32245,loss,-27.475500000001194,24.17550000000011,2
291921,291922,291923,short,1960.49,1962.9075500000001,loss,-27.475500000001194,24.17550000000011,1
291963,291964,291964,long,1960.78,1958.3624499999999,loss,-27.475500000001194,24.17550000000011,0
292031,292032,292033,short,1967.73,1970.1475500000001,loss,-27.475500000001194,24.17550000000011,1
292041,292042,292060,short,1972.1,1968.473675,win,32.96324999999952,24.17550000000011,18
292061,292062,292067,long,1965.74,1969.366325,win,32.96324999999952,24.17550000000011,5
292150,292151,292151,long,1960.22,1957.80245,loss,-27.475500000001194,24.17550000000011,0
292330,292331,292333,short,1965.49,1967.9075500000001,loss,-27.475500000001194,24.17550000000011,2
292346,292347,292353,short,1970.96,1967.333675,win,32.96324999999952,24.17550000000011,6
292520,292521,292532,long,1935.21,1938.836325,win,32.96324999999952,24.17550000000011,11
292581,292582,292583,long,1933.6,1931.1824499999998,loss,-27.475500000001194,24.17550000000011,1
292862,292863,292869,short,1934.84,1931.213675,win,32.96324999999952,24.17550000000011,6
292956,292957,292962,long,1927.6,1925.1824499999998,loss,-27.475500000001194,24.17550000000011,5
292967,292968,292975,long,1923.41,1927.036325,win,32.96324999999952,24.17550000000011,7
292975,292976,292976,long,1925.04,1922.6224499999998,loss,-27.475500000001194,24.17550000000011,0
293134,293135,293152,short,1917.77,1920.18755,loss,-27.475500000001194,24.17550000000011,17
293309,293310,293327,long,1904.43,1902.01245,loss,-27.475500000001194,24.17550000000011,17
293388,293389,293413,short,1904.59,1907.00755,loss,-27.475500000001194,24.17550000000011,24
293490,293491,293493,short,1893.21,1895.6275500000002,loss,-27.475500000001194,24.17550000000011,2
293494,293495,293504,short,1897.14,1893.5136750000001,win,32.96324999999952,24.17550000000011,9
293523,293524,293530,short,1895.72,1892.093675,win,32.96324999999952,24.17550000000011,6
293600,293601,293608,short,1895.26,1891.633675,win,32.96324999999952,24.17550000000011,7
293703,293704,293705,long,1888.48,1886.06245,loss,-27.475500000001194,24.17550000000011,1
293733,293734,293763,short,1894.95,1897.3675500000002,loss,-27.475500000001194,24.17550000000011,29
293768,293769,293778,short,1900.48,1902.8975500000001,loss,-27.475500000001194,24.17550000000011,9
293794,293795,293795,long,1890.18,1893.806325,win,32.96324999999952,24.17550000000011,0
293802,293803,293836,long,1897.67,1901.296325,win,32.96324999999952,24.17550000000011,33
293962,293963,293970,long,1919.58,1917.1624499999998,loss,-27.475500000001194,24.17550000000011,7
293970,293971,293971,long,1916.63,1914.21245,loss,-27.475500000001194,24.17550000000011,0
293977,293978,293979,long,1914.36,1917.9863249999999,win,32.96324999999952,24.17550000000011,1
294229,294230,294238,long,1923.13,1920.71245,loss,-27.475500000001194,24.17550000000011,8
294243,294244,294249,long,1916.18,1919.806325,win,32.96324999999952,24.17550000000011,5
294341,294342,294342,short,1944.18,1946.5975500000002,loss,-27.475500000001194,24.17550000000011,0
294351,294352,294384,short,1944.12,1946.53755,loss,-27.475500000001194,24.17550000000011,32
294389,294390,294431,short,1946.47,1942.843675,win,32.96324999999952,24.17550000000011,41
294527,294528,294528,long,1941.18,1938.76245,loss,-27.475500000001194,24.17550000000011,0
294539,294540,294562,long,1937.95,1941.576325,win,32.96324999999952,24.17550000000011,22
294598,294599,294612,long,1940.91,1938.49245,loss,-27.475500000001194,24.17550000000011,13
294765,294766,294773,long,1923.19,1926.816325,win,32.96324999999952,24.17550000000011,7
294852,294853,294869,long,1918.32,1921.946325,win,32.96324999999952,24.17550000000011,16
294951,294952,294968,long,1923.58,1921.1624499999998,loss,-27.475500000001194,24.17550000000011,16
294972,294973,294976,short,1928.56,1924.933675,win,32.96324999999952,24.17550000000011,3
295032,295033,295033,short,1927.82,1930.23755,loss,-27.475500000001194,24.17550000000011,0
295048,295049,295058,long,1925.68,1929.306325,win,32.96324999999952,24.17550000000011,9
295064,295065,295120,long,1922.46,1920.04245,loss,-27.475500000001194,24.17550000000011,55
295121,295122,295139,long,1919.14,1916.72245,loss,-27.475500000001194,24.17550000000011,17
295146,295147,295155,long,1909.9,1913.526325,win,32.96324999999952,24.17550000000011,8
295195,295196,295199,long,1911.75,1909.3324499999999,loss,-27.475500000001194,24.17550000000011,3
295222,295223,295239,short,1912.0,1908.373675,win,32.96324999999952,24.17550000000011,16
295329,295330,295331,short,1908.06,1904.433675,win,32.96324999999952,24.17550000000011,1
295495,295496,295517,long,1925.2,1922.78245,loss,-27.475500000001194,24.17550000000011,21
295531,295532,295592,short,1932.68,1935.0975500000002,loss,-27.475500000001194,24.17550000000011,60
295724,295725,295725,long,1932.93,1930.51245,loss,-27.475500000001194,24.17550000000011,0
295804,295805,295831,long,1919.42,1923.046325,win,32.96324999999952,24.17550000000011,26
295842,295843,295852,short,1922.5,1924.9175500000001,loss,-27.475500000001194,24.17550000000011,9
296036,296037,296041,long,1910.34,1913.9663249999999,win,32.96324999999952,24.17550000000011,4
296100,296101,296107,short,1901.41,1903.8275500000002,loss,-27.475500000001194,24.17550000000011,6
296188,296189,296198,long,1876.79,1874.3724499999998,loss,-27.475500000001194,24.17550000000011,9
296213,296214,296243,long,1874.96,1878.586325,win,32.96324999999952,24.17550000000011,29
296253,296254,296255,long,1859.86,1863.4863249999999,win,32.96324999999952,24.17550000000011,1
296342,296343,296345,long,1859.29,1856.8724499999998,loss,-27.475500000001194,24.17550000000011,2
296671,296672,296676,short,1826.48,1822.853675,win,32.96324999999952,24.17550000000011,4
296681,296682,296684,long,1822.06,1819.6424499999998,loss,-27.475500000001194,24.17550000000011,2
296703,296704,296704,long,1821.07,1818.6524499999998,loss,-27.475500000001194,24.17550000000011,0
296767,296768,296781,long,1818.91,1822.536325,win,32.96324999999952,24.17550000000011,13
296906,296907,296921,short,1862.13,1864.5475500000002,loss,-27.475500000001194,24.17550000000011,14
296922,296923,296926,short,1862.28,1864.69755,loss,-27.475500000001194,24.17550000000011,3
296930,296931,296941,short,1864.01,1860.383675,win,32.96324999999952,24.17550000000011,10
296944,296945,296945,long,1860.51,1858.0924499999999,loss,-27.475500000001194,24.17550000000011,0
297043,297044,297046,short,1866.67,1869.0875500000002,loss,-27.475500000001194,24.17550000000011,2
297046,297047,297054,short,1868.84,1871.25755,loss,-27.475500000001194,24.17550000000011,7
297054,297055,297063,short,1873.07,1869.443675,win,32.96324999999952,24.17550000000011,8
297069,297070,297075,short,1869.66,1872.0775500000002,loss,-27.475500000001194,24.17550000000011,5
297175,297176,297201,long,1869.08,1872.7063249999999,win,32.96324999999952,24.17550000000011,25
297205,297206,297214,short,1872.37,1874.78755,loss,-27.475500000001194,24.17550000000011,8
297233,297234,297234,short,1882.78,1885.19755,loss,-27.475500000001194,24.17550000000011,0
297243,297244,297244,short,1894.64,1897.0575500000002,loss,-27.475500000001194,24.17550000000011,0
297274,297275,297277,short,1927.7,1924.073675,win,32.96324999999952,24.17550000000011,2
297280,297281,297292,short,1924.17,1920.5436750000001,win,32.96324999999952,24.17550000000011,11
297406,297407,297414,short,1919.56,1921.97755,loss,-27.475500000001194,24.17550000000011,7
297435,297436,297447,short,1924.7,1921.073675,win,32.96324999999952,24.17550000000011,11
297492,297493,297500,short,1936.98,1939.3975500000001,loss,-27.475500000001194,24.17550000000011,7
297501,297502,297507,short,1938.22,1940.6375500000001,loss,-27.475500000001194,24.17550000000011,5
297593,297594,297594,short,1953.32,1949.693675,win,32.96324999999952,24.17550000000011,0
297690,297691,297692,short,1984.08,1980.453675,win,32.96324999999952,24.17550000000011,1
297764,297765,297770,long,1973.67,1977.296325,win,32.96324999999952,24.17550000000011,5
297781,297782,297784,short,1980.52,1976.893675,win,32.96324999999952,24.17550000000011,2
297799,297800,297800,long,1970.27,1973.896325,win,32.96324999999952,24.17550000000011,0
297874,297875,297875,long,1967.37,1964.9524499999998,loss,-27.475500000001194,24.17550000000011,0
297877,297878,297880,long,1965.94,1963.52245,loss,-27.475500000001194,24.17550000000011,2
297939,297940,297943,short,1974.74,1971.113675,win,32.96324999999952,24.17550000000011,3
297961,297962,297975,long,1971.44,1975.066325,win,32.96324999999952,24.17550000000011,13
298063,298064,298067,long,1986.14,1983.72245,loss,-27.475500000001194,24.17550000000011,3
298069,298070,298071,long,1984.62,1982.2024499999998,loss,-27.475500000001194,24.17550000000011,1
298108,298109,298121,short,1985.21,1987.6275500000002,loss,-27.475500000001194,24.17550000000011,12
298185,298186,298186,short,2004.19,2006.6075500000002,loss,-27.475500000001194,24.17550000000011,0
298340,298341,298348,short,2000.0,1996.373675,win,32.96324999999952,24.17550000000011,7
298359,298360,298361,long,1994.47,1992.05245,loss,-27.475500000001194,24.17550000000011,1
298434,298435,298438,short,1983.45,1985.8675500000002,loss,-27.475500000001194,24.17550000000011,3
298449,298450,298451,short,1985.0,1981.373675,win,32.96324999999952,24.17550000000011,1
298459,298460,298461,long,1978.56,1982.186325,win,32.96324999999952,24.17550000000011,1
298463,298464,298464,long,1971.05,1974.676325,win,32.96324999999952,24.17550000000011,0
298468,298469,298472,long,1978.4,1982.026325,win,32.96324999999952,24.17550000000011,3
298505,298506,298515,short,1984.86,1987.27755,loss,-27.475500000001194,24.17550000000011,9
298836,298837,298867,short,1968.68,1965.053675,win,32.96324999999952,24.17550000000011,30
298997,298998,298999,short,1959.73,1962.1475500000001,loss,-27.475500000001194,24.17550000000011,1
298999,299000,299004,short,1963.5,1959.873675,win,32.96324999999952,24.17550000000011,4
299074,299075,299079,long,1948.59,1946.1724499999998,loss,-27.475500000001194,24.17550000000011,4
299153,299154,299159,short,1937.53,1939.94755,loss,-27.475500000001194,24.17550000000011,5
299188,299189,299190,short,1945.8,1948.21755,loss,-27.475500000001194,24.17550000000011,1
299271,299272,299272,short,1968.79,1965.163675,win,32.96324999999952,24.17550000000011,0
299330,299331,299338,short,1969.52,1971.93755,loss,-27.475500000001194,24.17550000000011,7
299343,299344,299346,short,1970.8,1973.21755,loss,-27.475500000001194,24.17550000000011,2
299364,299365,299367,long,1957.39,1961.016325,win,32.96324999999952,24.17550000000011,2
299374,299375,299379,long,1962.36,1959.9424499999998,loss,-27.475500000001194,24.17550000000011,4
299438,299439,299446,short,1965.95,1962.323675,win,32.96324999999952,24.17550000000011,7
299458,299459,299461,short,1985.06,1987.47755,loss,-27.475500000001194,24.17550000000011,2
299518,299519,299520,short,1984.59,1987.00755,loss,-27.475500000001194,24.17550000000011,1
299586,299587,299591,short,1982.58,1984.99755,loss,-27.475500000001194,24.17550000000011,4
299638,299639,299639,long,1965.99,1969.616325,win,32.96324999999952,24.17550000000011,0
299644,299645,299650,long,1971.97,1975.596325,win,32.96324999999952,24.17550000000011,5
299653,299654,299670,short,1977.65,1980.0675500000002,loss,-27.475500000001194,24.17550000000011,16
299726,299727,299727,short,1995.13,1997.5475500000002,loss,-27.475500000001194,24.17550000000011,0
299742,299743,299749,short,2000.05,1996.423675,win,32.96324999999952,24.17550000000011,6
299799,299800,299803,short,2000.17,2002.5875500000002,loss,-27.475500000001194,24.17550000000011,3
300168,300169,300169,short,2027.37,2023.743675,win,32.96324999999952,24.17550000000011,0
300173,300174,300175,short,2030.49,2032.9075500000001,loss,-27.475500000001194,24.17550000000011,1
300232,300233,300240,long,2043.1,2040.6824499999998,loss,-27.475500000001194,24.17550000000011,7
300243,300244,300254,long,2037.75,2041.376325,win,32.96324999999952,24.17550000000011,10
300261,300262,300262,short,2042.98,2045.3975500000001,loss,-27.475500000001194,24.17550000000011,0
300287,300288,300298,short,2044.07,2046.48755,loss,-27.475500000001194,24.17550000000011,10
300435,300436,300438,long,2037.81,2035.3924499999998,loss,-27.475500000001194,24.17550000000011,2
300540,300541,300541,long,2033.35,2030.9324499999998,loss,-27.475500000001194,24.17550000000011,0
300558,300559,300561,long,2030.89,2028.47245,loss,-27.475500000001194,24.17550000000011,2
300568,300569,300570,short,2030.86,2033.27755,loss,-27.475500000001194,24.17550000000011,1
300700,300701,300702,long,2022.88,2020.46245,loss,-27.475500000001194,24.17550000000011,1
300704,300705,300714,short,2022.28,2024.69755,loss,-27.475500000001194,24.17550000000011,9
300873,300874,300882,long,2029.3,2026.8824499999998,loss,-27.475500000001194,24.17550000000011,8
300887,300888,300888,long,2030.95,2028.53245,loss,-27.475500000001194,24.17550000000011,0
300903,300904,300904,long,2010.49,2008.07245,loss,-27.475500000001194,24.17550000000011,0
300968,300969,300969,long,2000.17,1997.75245,loss,-27.475500000001194,24.17550000000011,0
300971,300972,300977,long,1994.64,1992.22245,loss,-27.475500000001194,24.17550000000011,5
300979,300980,300981,long,1994.22,1991.80245,loss,-27.475500000001194,24.17550000000011,1
301034,301035,301054,short,1985.33,1987.74755,loss,-27.475500000001194,24.17550000000011,19
301066,301067,301073,long,1983.76,1987.386325,win,32.96324999999952,24.17550000000011,6
301166,301167,301177,short,1983.21,1985.6275500000002,loss,-27.475500000001194,24.17550000000011,10
301178,301179,301183,short,1984.31,1980.683675,win,32.96324999999952,24.17550000000011,4
301205,301206,301206,short,2020.41,2022.8275500000002,loss,-27.475500000001194,24.17550000000011,0
301266,301267,301267,short,2039.13,2035.5036750000002,win,32.96324999999952,24.17550000000011,0
301338,301339,301342,short,2037.83,2040.24755,loss,-27.475500000001194,24.17550000000011,3
301442,301443,301447,long,2019.34,2022.9663249999999,win,32.96324999999952,24.17550000000011,4
301551,301552,301552,short,2042.41,2044.8275500000002,loss,-27.475500000001194,24.17550000000011,0
301556,301557,301560,short,2045.84,2042.213675,win,32.96324999999952,24.17550000000011,3
301572,301573,301591,long,2039.4,2036.98245,loss,-27.475500000001194,24.17550000000011,18
301611,301612,301623,short,2042.32,2038.693675,win,32.96324999999952,24.17550000000011,11
301624,301625,301627,long,2036.22,2033.80245,loss,-27.475500000001194,24.17550000000011,2
301811,301812,301812,short,2057.6,2060.01755,loss,-27.475500000001194,24.17550000000011,0
301830,301831,301833,short,2060.74,2057.1136749999996,win,32.96325000000179,24.17550000000011,2
301833,301834,301834,long,2056.94,2054.52245,loss,-27.475500000001194,24.17550000000011,0
301842,301843,301843,long,2057.24,2054.8224499999997,loss,-27.475500000001194,24.17550000000011,0
301862,301863,301865,long,2054.94,2058.5663250000002,win,32.96325000000179,24.17550000000011,2
301882,301883,301914,short,2062.77,2059.143675,win,32.96325000000179,24.17550000000011,31
301914,301915,301917,long,2058.74,2056.3224499999997,loss,-27.475500000001194,24.17550000000011,2
301949,301950,301988,short,2066.13,2068.5475500000002,loss,-27.475500000001194,24.17550000000011,38
301995,301996,301998,short,2066.09,2068.5075500000003,loss,-27.475500000001194,24.17550000000011,2
302016,302017,302023,short,2080.47,2082.88755,loss,-27.475500000001194,24.17550000000011,6
302155,302156,302159,short,2070.07,2072.4875500000003,loss,-27.475500000001194,24.17550000000011,3
302159,302160,302170,short,2072.49,2068.8636749999996,win,32.96325000000179,24.17550000000011,10
302199,302200,302200,short,2065.31,2067.72755,loss,-27.475500000001194,24.17550000000011,0
302202,302203,302207,long,2066.08,2063.66245,loss,-27.475500000001194,24.17550000000011,4
302364,302365,302365,long,2052.33,2049.91245,loss,-27.475500000001194,24.17550000000011,0
302394,302395,302395,long,2035.39,2032.97245,loss,-27.475500000001194,24.17550000000011,0
302411,302412,302423,short,2042.57,2044.98755,loss,-27.475500000001194,24.17550000000011,11
302424,302425,302427,short,2046.28,2042.653675,win,32.96324999999952,24.17550000000011,2
302564,302565,302565,short,2059.71,2062.12755,loss,-27.475500000001194,24.17550000000011,0
302621,302622,302624,long,2032.77,2030.3524499999999,loss,-27.475500000001194,24.17550000000011,2
302629,302630,302639,long,2028.42,2026.00245,loss,-27.475500000001194,24.17550000000011,9
302657,302658,302658,short,2032.27,2034.68755,loss,-27.475500000001194,24.17550000000011,0
302681,302682,302687,long,2028.13,2031.756325,win,32.96324999999952,24.17550000000011,5
302690,302691,302709,short,2034.33,2030.703675,win,32.96324999999952,24.17550000000011,18
302710,302711,302716,long,2032.77,2036.396325,win,32.96324999999952,24.17550000000011,5
302806,302807,302808,long,2024.47,2028.096325,win,32.96324999999952,24.17550000000011,1
302815,302816,302819,short,2035.74,2038.1575500000001,loss,-27.475500000001194,24.17550000000011,3
302838,302839,302839,long,2027.26,2024.8424499999999,loss,-27.475500000001194,24.17550000000011,0
302849,302850,302850,long,2025.33,2022.9124499999998,loss,-27.475500000001194,24.17550000000011,0
302866,302867,302876,long,2024.66,2028.286325,win,32.96324999999952,24.17550000000011,9
302877,302878,302878,short,2027.25,2029.6675500000001,loss,-27.475500000001194,24.17550000000011,0
302886,302887,302893,short,2030.62,2033.03755,loss,-27.475500000001194,24.17550000000011,6
302905,302906,302919,short,2032.15,2034.5675500000002,loss,-27.475500000001194,24.17550000000011,13
302937,302938,302938,long,2014.31,2017.936325,win,32.96324999999952,24.17550000000011,0
302946,302947,302947,long,2016.84,2020.4663249999999,win,32.96324999999952,24.17550000000011,0
302961,302962,302965,short,2034.34,2030.713675,win,32.96324999999952,24.17550000000011,3
302970,302971,302986,short,2033.69,2036.1075500000002,loss,-27.475500000001194,24.17550000000011,15
302986,302987,302992,short,2035.78,2038.19755,loss,-27.475500000001194,24.17550000000011,5
303002,303003,303005,short,2038.05,2040.46755,loss,-27.475500000001194,24.17550000000011,2
303006,303007,303011,short,2045.88,2048.2975500000002,loss,-27.475500000001194,24.17550000000011,4
303066,303067,303096,short,2056.22,2052.5936749999996,win,32.96325000000179,24.17550000000011,29
303119,303120,303125,short,2053.79,2056.20755,loss,-27.475500000001194,24.17550000000011,5
303174,303175,303185,long,2039.73,2037.31245,loss,-27.475500000001194,24.17550000000011,10
303296,303297,303302,long,2005.38,2002.96245,loss,-27.475500000001194,24.17550000000011,5
303313,303314,303320,long,2005.63,2009.256325,win,32.96324999999952,24.17550000000011,6
303349,303350,303357,short,2012.88,2009.2536750000002,win,32.96324999999952,24.17550000000011,7
303434,303435,303440,long,2020.49,2024.116325,win,32.96324999999952,24.17550000000011,5
303471,303472,303473,long,2027.82,2025.4024499999998,loss,-27.475500000001194,24.17550000000011,1
303473,303474,303477,long,2024.71,2028.336325,win,32.96324999999952,24.17550000000011,3
303478,303479,303484,long,2025.15,2028.776325,win,32.96324999999952,24.17550000000011,5
303529,303530,303531,long,2020.62,2024.2463249999998,win,32.96324999999952,24.17550000000011,1
303630,303631,303637,short,2030.14,2026.5136750000001,win,32.96324999999952,24.17550000000011,6
303655,303656,303661,long,2023.62,2027.2463249999998,win,32.96324999999952,24.17550000000011,5
303673,303674,303675,short,2027.05,2029.46755,loss,-27.475500000001194,24.17550000000011,1
303726,303727,303741,short,2032.07,2034.48755,loss,-27.475500000001194,24.17550000000011,14
303749,303750,303750,long,2023.6,2021.1824499999998,loss,-27.475500000001194,24.17550000000011,0
303837,303838,303840,short,2022.8,2025.21755,loss,-27.475500000001194,24.17550000000011,2
304026,304027,304028,long,2021.57,2025.196325,win,32.96324999999952,24.17550000000011,1
304207,304208,304208,short,2049.75,2052.16755,loss,-27.475500000001194,24.17550000000011,0
304252,304253,304266,short,2046.94,2043.313675,win,32.96324999999952,24.17550000000011,13
304284,304285,304295,long,2031.83,2035.4563249999999,win,32.96324999999952,24.17550000000011,10
304301,304302,304303,short,2048.59,2051.0075500000003,loss,-27.475500000001194,24.17550000000011,1
304388,304389,304389,long,2031.4,2028.98245,loss,-27.475500000001194,24.17550000000011,0
304400,304401,304421,long,2036.07,2039.696325,win,32.96324999999952,24.17550000000011,20
304449,304450,304451,long,2029.09,2026.6724499999998,loss,-27.475500000001194,24.17550000000011,1
304456,304457,304457,long,2027.33,2024.9124499999998,loss,-27.475500000001194,24.17550000000011,0
304465,304466,304471,long,2022.99,2026.616325,win,32.96324999999952,24.17550000000011,5
304579,304580,304586,short,2037.25,2033.623675,win,32.96324999999952,24.17550000000011,6
304603,304604,304633,long,2035.72,2033.30245,loss,-27.475500000001194,24.17550000000011,29
304637,304638,304643,long,2034.28,2031.8624499999999,loss,-27.475500000001194,24.17550000000011,5
304742,304743,304745,short,2038.3,2034.673675,win,32.96324999999952,24.17550000000011,2
304751,304752,304755,long,2024.45,2022.03245,loss,-27.475500000001194,24.17550000000011,3
305001,305002,305004,short,2021.16,2023.5775500000002,loss,-27.475500000001194,24.17550000000011,2
305008,305009,305020,short,2025.23,2027.6475500000001,loss,-27.475500000001194,24.17550000000011,11
305033,305034,305034,long,2001.29,2004.916325,win,32.96324999999952,24.17550000000011,0
305537,305538,305554,short,2030.98,2027.353675,win,32.96324999999952,24.17550000000011,16
305562,305563,305583,long,2028.82,2026.4024499999998,loss,-27.475500000001194,24.17550000000011,20
305670,305671,305679,long,2022.45,2020.03245,loss,-27.475500000001194,24.17550000000011,8
305748,305749,305753,short,2022.62,2025.03755,loss,-27.475500000001194,24.17550000000011,4
305767,305768,305768,short,2030.15,2032.5675500000002,loss,-27.475500000001194,24.17550000000011,0
305816,305817,305830,long,2032.81,2036.436325,win,32.96324999999952,24.17550000000011,13
305843,305844,305852,long,2030.88,2028.46245,loss,-27.475500000001194,24.17550000000011,8
306028,306029,306033,long,2028.91,2032.536325,win,32.96324999999952,24.17550000000011,4
306083,306084,306113,short,2036.51,2032.883675,win,32.96324999999952,24.17550000000011,29
306128,306129,306130,short,2049.56,2045.933675,win,32.96324999999952,24.17550000000011,1
306189,306190,306196,short,2047.68,2044.053675,win,32.96324999999952,24.17550000000011,6
306197,306198,306198,long,2042.32,2039.9024499999998,loss,-27.475500000001194,24.17550000000011,0
306205,306206,306206,short,2050.43,2052.84755,loss,-27.475500000001194,24.17550000000011,0
306228,306229,306229,short,2073.56,2075.97755,loss,-27.475500000001194,24.17550000000011,0
306314,306315,306315,short,2098.33,2100.74755,loss,-27.475500000001194,24.17550000000011,0
306380,306381,306381,short,2118.76,2121.1775500000003,loss,-27.475500000001194,24.17550000000011,0
306501,306502,306504,short,2140.72,2143.13755,loss,-27.475500000001194,24.17550000000011,2
306675,306676,306678,short,2165.98,2168.39755,loss,-27.475500000001194,24.17550000000011,2
306757,306758,306772,long,2178.01,2175.59245,loss,-27.475500000001194,24.17550000000011,14
307092,307093,307110,short,2164.27,2166.68755,loss,-27.475500000001194,24.17550000000011,17
307220,307221,307223,short,2155.81,2158.22755,loss,-27.475500000001194,24.17550000000011,2
307242,307243,307247,short,2158.02,2160.43755,loss,-27.475500000001194,24.17550000000011,4
307305,307306,307306,long,2150.68,2148.2624499999997,loss,-27.475500000001194,24.17550000000011,0
307441,307442,307442,short,2187.93,2184.3036749999997,win,32.96325000000179,24.17550000000011,0
307449,307450,307450,short,2208.39,2204.7636749999997,win,32.96325000000179,24.17550000000011,0
307496,307497,307501,short,2209.38,2205.753675,win,32.96325000000179,24.17550000000011,4
307513,307514,307514,long,2176.79,2180.416325,win,32.96325000000179,24.17550000000011,0
307515,307516,307516,long,2176.56,2174.14245,loss,-27.475500000001194,24.17550000000011,0
307602,307603,307603,short,2175.71,2178.12755,loss,-27.475500000001194,24.17550000000011,0
307613,307614,307615,long,2165.59,2163.17245,loss,-27.475500000001194,24.17550000000011,1
307628,307629,307640,long,2165.64,2169.266325,win,32.96325000000179,24.17550000000011,11
307689,307690,307694,short,2175.86,2178.2775500000002,loss,-27.475500000001194,24.17550000000011,4
307712,307713,307716,long,2173.25,2170.83245,loss,-27.475500000001194,24.17550000000011,3
307768,307769,307770,short,2183.8,2186.2175500000003,loss,-27.475500000001194,24.17550000000011,1
308045,308046,308046,long,2252.97,2250.5524499999997,loss,-27.475500000001194,24.17550000000011,0
308065,308066,308066,long,2233.05,2230.63245,loss,-27.475500000001194,24.17550000000011,0
308067,308068,308069,long,2235.89,2239.516325,win,32.96325000000179,24.17550000000011,1
308090,308091,308093,short,2249.42,2251.83755,loss,-27.475500000001194,24.17550000000011,2
308124,308125,308131,short,2254.75,2257.16755,loss,-27.475500000001194,24.17550000000011,6
308220,308221,308221,long,2276.91,2274.4924499999997,loss,-27.475500000001194,24.17550000000011,0
308361,308362,308362,short,2294.85,2291.2236749999997,win,32.96325000000179,24.17550000000011,0
308381,308382,308382,long,2270.62,2268.2024499999998,loss,-27.475500000001194,24.17550000000011,0
308396,308397,308398,long,2278.44,2282.0663250000002,win,32.96325000000179,24.17550000000011,1
308475,308476,308476,short,2324.19,2326.60755,loss,-27.475500000001194,24.17550000000011,0
308490,308491,308491,short,2336.76,2333.133675,win,32.96325000000179,24.17550000000011,0
308498,308499,308500,short,2337.59,2340.0075500000003,loss,-27.475500000001194,24.17550000000011,1
308522,308523,308523,long,2331.18,2328.7624499999997,loss,-27.475500000001194,24.17550000000011,0
308541,308542,308543,short,2341.66,2338.0336749999997,win,32.96325000000179,24.17550000000011,1
308588,308589,308589,short,2355.16,2351.5336749999997,win,32.96325000000179,24.17550000000011,0
308597,308598,308600,short,2364.83,2361.2036749999997,win,32.96325000000179,24.17550000000011,2
308791,308792,308793,long,2337.27,2334.85245,loss,-27.475500000001194,24.17550000000011,1
308816,308817,308818,short,2361.01,2363.4275500000003,loss,-27.475500000001194,24.17550000000011,1
308822,308823,308823,short,2369.98,2372.39755,loss,-27.475500000001194,24.17550000000011,0
308851,308852,308853,short,2384.22,2386.63755,loss,-27.475500000001194,24.17550000000011,1
308860,308861,308861,short,2385.43,2387.84755,loss,-27.475500000001194,24.17550000000011,0
308895,308896,308896,short,2426.59,2429.0075500000003,loss,-27.475500000001194,24.17550000000011,0
308901,308902,308902,long,2374.35,2371.93245,loss,-27.475500000001194,24.17550000000011,0
309038,309039,309040,long,2384.24,2387.866325,win,32.96325000000179,24.17550000000011,1
309048,309049,309049,long,2372.09,2369.67245,loss,-27.475500000001194,24.17550000000011,0
309054,309055,309057,long,2370.43,2368.0124499999997,loss,-27.475500000001194,24.17550000000011,2
309060,309061,309061,long,2374.36,2371.94245,loss,-27.475500000001194,24.17550000000011,0
309139,309140,309141,long,2380.87,2378.4524499999998,loss,-27.475500000001194,24.17550000000011,1
309145,309146,309146,short,2388.35,2390.76755,loss,-27.475500000001194,24.17550000000011,0
309155,309156,309156,short,2386.61,2389.0275500000002,loss,-27.475500000001194,24.17550000000011,0
309158,309159,309160,short,2388.74,2385.1136749999996,win,32.96325000000179,24.17550000000011,1
309356,309357,309358,short,2393.84,2390.213675,win,32.96325000000179,24.17550000000011,1
309359,309360,309361,short,2394.8,2391.173675,win,32.96325000000179,24.17550000000011,1
309401,309402,309402,long,2364.54,2368.166325,win,32.96325000000179,24.17550000000011,0
309404,309405,309406,long,2371.29,2368.87245,loss,-27.475500000001194,24.17550000000011,1
309407,309408,309410,long,2369.67,2367.25245,loss,-27.475500000001194,24.17550000000011,2
309564,309565,309576,long,2321.41,2318.9924499999997,loss,-27.475500000001194,24.17550000000011,11
309610,309611,309613,long,2314.4,2318.0263250000003,win,32.96325000000179,24.17550000000011,2
309802,309803,309806,short,2345.65,2348.06755,loss,-27.475500000001194,24.17550000000011,3
309814,309815,309815,long,2333.64,2331.2224499999998,loss,-27.475500000001194,24.17550000000011,0
309887,309888,309894,short,2343.23,2339.603675,win,32.96325000000179,24.17550000000011,6
309895,309896,309897,short,2337.13,2333.503675,win,32.96325000000179,24.17550000000011,1
310087,310088,310088,short,2305.47,2307.88755,loss,-27.475500000001194,24.17550000000011,0
310167,310168,310168,long,2299.18,2302.806325,win,32.96325000000179,24.17550000000011,0
310170,310171,310173,long,2298.9,2302.5263250000003,win,32.96325000000179,24.17550000000011,2
310174,310175,310175,long,2302.3,2299.88245,loss,-27.475500000001194,24.17550000000011,0
310351,310352,310352,short,2319.34,2321.7575500000003,loss,-27.475500000001194,24.17550000000011,0
310357,310358,310358,short,2316.66,2319.07755,loss,-27.475500000001194,24.17550000000011,0
310569,310570,310600,long,2309.92,2313.5463250000003,win,32.96325000000179,24.17550000000011,30
310609,310610,310612,short,2316.41,2312.7836749999997,win,32.96325000000179,24.17550000000011,2
310617,310618,310621,long,2311.5,2309.08245,loss,-27.475500000001194,24.17550000000011,3
310633,310634,310634,short,2319.81,2322.22755,loss,-27.475500000001194,24.17550000000011,0
310889,310890,310893,long,2336.27,2339.896325,win,32.96325000000179,24.17550000000011,3
310985,310986,310986,short,2368.82,2371.2375500000003,loss,-27.475500000001194,24.17550000000011,0
310994,310995,310996,short,2367.57,2363.943675,win,32.96325000000179,24.17550000000011,1
311066,311067,311067,long,2392.8,2390.38245,loss,-27.475500000001194,24.17550000000011,0
311162,311163,311170,short,2385.42,2381.793675,win,32.96325000000179,24.17550000000011,7
311278,311279,311279,long,2409.83,2413.456325,win,32.96325000000179,24.17550000000011,0
311286,311287,311287,long,2421.02,2418.60245,loss,-27.475500000001194,24.17550000000011,0
311315,311316,311323,short,2427.08,2429.49755,loss,-27.475500000001194,24.17550000000011,7
311339,311340,311341,long,2412.44,2416.0663250000002,win,32.96325000000179,24.17550000000011,1
311342,311343,311343,long,2413.55,2417.1763250000004,win,32.96325000000179,24.17550000000011,0
311346,311347,311347,long,2414.88,2412.46245,loss,-27.475500000001194,24.17550000000011,0
311349,311350,311350,long,2416.68,2420.306325,win,32.96325000000179,24.17550000000011,0
311384,311385,311387,short,2420.61,2423.0275500000002,loss,-27.475500000001194,24.17550000000011,2
311387,311388,311388,short,2422.89,2419.2636749999997,win,32.96325000000179,24.17550000000011,0
311549,311550,311554,short,2368.55,2364.923675,win,32.96325000000179,24.17550000000011,4
311586,311587,311589,long,2327.97,2331.596325,win,32.96325000000179,24.17550000000011,2
311591,311592,311597,long,2330.77,2328.35245,loss,-27.475500000001194,24.17550000000011,5
311618,311619,311624,short,2337.03,2339.4475500000003,loss,-27.475500000001194,24.17550000000011,5
311763,311764,311775,short,2353.01,2349.383675,win,32.96325000000179,24.17550000000011,11
311823,311824,311824,short,2361.14,2357.5136749999997,win,32.96325000000179,24.17550000000011,0
311898,311899,311901,long,2342.34,2345.9663250000003,win,32.96325000000179,24.17550000000011,2
312115,312116,312121,long,2324.89,2322.4724499999998,loss,-27.475500000001194,24.17550000000011,5
312125,312126,312130,long,2328.08,2325.66245,loss,-27.475500000001194,24.17550000000011,4
312141,312142,312143,short,2326.93,2329.34755,loss,-27.475500000001194,24.17550000000011,1
312244,312245,312249,long,2345.29,2348.916325,win,32.96325000000179,24.17550000000011,4
312250,312251,312257,long,2348.89,2346.4724499999998,loss,-27.475500000001194,24.17550000000011,6
312266,312267,312271,long,2330.06,2333.686325,win,32.96325000000179,24.17550000000011,4
312346,312347,312347,short,2333.44,2329.813675,win,32.96325000000179,24.17550000000011,0
312448,312449,312452,long,2361.57,2359.15245,loss,-27.475500000001194,24.17550000000011,3
312485,312486,312486,short,2373.13,2369.503675,win,32.96325000000179,24.17550000000011,0
312489,312490,312491,short,2372.03,2374.4475500000003,loss,-27.475500000001194,24.17550000000011,1
312496,312497,312501,long,2373.28,2376.9063250000004,win,32.96325000000179,24.17550000000011,4
312525,312526,312526,short,2386.57,2382.943675,win,32.96325000000179,24.17550000000011,0
312542,312543,312543,long,2344.24,2341.8224499999997,loss,-27.475500000001194,24.17550000000011,0
312558,312559,312559,long,2319.6,2323.226325,win,32.96325000000179,24.17550000000011,0
312563,312564,312565,long,2318.14,2315.7224499999998,loss,-27.475500000001194,24.17550000000011,1
312620,312621,312622,short,2296.85,2293.2236749999997,win,32.96325000000179,24.17550000000011,1
312623,312624,312624,long,2290.37,2287.9524499999998,loss,-27.475500000001194,24.17550000000011,0
312625,312626,312627,long,2291.01,2294.6363250000004,win,32.96325000000179,24.17550000000011,1
312627,312628,312633,long,2295.28,2292.86245,loss,-27.475500000001194,24.17550000000011,5
312650,312651,312652,short,2306.73,2303.103675,win,32.96325000000179,24.17550000000011,1
312755,312756,312758,short,2306.9,2309.31755,loss,-27.475500000001194,24.17550000000011,2
312759,312760,312761,long,2309.15,2312.7763250000003,win,32.96325000000179,24.17550000000011,1
312791,312792,312792,long,2314.66,2312.2424499999997,loss,-27.475500000001194,24.17550000000011,0
312834,312835,312835,short,2340.68,2337.0536749999997,win,32.96325000000179,24.17550000000011,0
312988,312989,312992,short,2309.96,2312.37755,loss,-27.475500000001194,24.17550000000011,3
313010,313011,313012,short,2328.17,2330.58755,loss,-27.475500000001194,24.17550000000011,1
313013,313014,313015,short,2331.79,2328.163675,win,32.96325000000179,24.17550000000011,1
313179,313180,313181,long,2317.98,2315.56245,loss,-27.475500000001194,24.17550000000011,1
313189,313190,313191,long,2310.91,2308.4924499999997,loss,-27.475500000001194,24.17550000000011,1
313384,313385,313385,short,2363.96,2360.333675,win,32.96325000000179,24.17550000000011,0
313395,313396,313397,short,2355.81,2358.22755,loss,-27.475500000001194,24.17550000000011,1
313406,313407,313417,short,2358.84,2361.2575500000003,loss,-27.475500000001194,24.17550000000011,10
313450,313451,313454,short,2367.68,2364.0536749999997,win,32.96325000000179,24.17550000000011,3
313472,313473,313473,long,2340.11,2337.69245,loss,-27.475500000001194,24.17550000000011,0
313654,313655,313655,long,2324.2,2321.7824499999997,loss,-27.475500000001194,24.17550000000011,0
313803,313804,313811,short,2299.49,2301.90755,loss,-27.475500000001194,24.17550000000011,7
313821,313822,313822,short,2310.1,2312.51755,loss,-27.475500000001194,24.17550000000011,0
313880,313881,313883,long,2321.64,2319.2224499999998,loss,-27.475500000001194,24.17550000000011,2
313921,313922,313927,short,2334.85,2337.26755,loss,-27.475500000001194,24.17550000000011,5
313928,313929,313929,short,2335.43,2337.84755,loss,-27.475500000001194,24.17550000000011,0
313931,313932,313932,short,2331.12,2327.4936749999997,win,32.96325000000179,24.17550000000011,0
313934,313935,313935,short,2328.97,2325.3436749999996,win,32.96325000000179,24.17550000000011,0
313940,313941,313942,long,2328.58,2332.206325,win,32.96325000000179,24.17550000000011,1
314019,314020,314022,short,2330.28,2326.653675,win,32.96325000000179,24.17550000000011,2
314200,314201,314202,short,2345.39,2347.80755,loss,-27.475500000001194,24.17550000000011,1
314366,314367,314375,long,2362.38,2366.0063250000003,win,32.96325000000179,24.17550000000011,8
314509,314510,314515,short,2361.4,2363.81755,loss,-27.475500000001194,24.17550000000011,5
314709,314710,314713,short,2379.53,2381.9475500000003,loss,-27.475500000001194,24.17550000000011,3
314715,314716,314721,short,2382.29,2378.663675,win,32.96325000000179,24.17550000000011,5
314721,314722,314722,short,2378.7,2381.11755,loss,-27.475500000001194,24.17550000000011,0
314723,314724,314727,short,2379.95,2382.36755,loss,-27.475500000001194,24.17550000000011,3
314862,314863,314871,short,2414.22,2410.5936749999996,win,32.96325000000179,24.17550000000011,8
314881,314882,314886,long,2406.21,2409.836325,win,32.96325000000179,24.17550000000011,4
314901,314902,314903,short,2410.57,2406.943675,win,32.96325000000179,24.17550000000011,1
314913,314914,314919,short,2410.43,2412.84755,loss,-27.475500000001194,24.17550000000011,5
314927,314928,314928,short,2420.04,2416.413675,win,32.96325000000179,24.17550000000011,0
314946,314947,314947,short,2430.17,2426.543675,win,32.96325000000179,24.17550000000011,0
315195,315196,315204,long,2463.53,2467.1563250000004,win,32.96325000000179,24.17550000000011,8
315427,315428,315431,short,2394.89,2397.30755,loss,-27.475500000001194,24.17550000000011,3
315452,315453,315454,long,2393.55,2391.13245,loss,-27.475500000001194,24.17550000000011,1
315460,315461,315461,long,2392.56,2396.186325,win,32.96325000000179,24.17550000000011,0
315496,315497,315500,long,2404.32,2407.9463250000003,win,32.96325000000179,24.17550000000011,3
315509,315510,315523,short,2407.46,2409.87755,loss,-27.475500000001194,24.17550000000011,13
315602,315603,315607,long,2398.55,2396.13245,loss,-27.475500000001194,24.17550000000011,4
315629,315630,315636,long,2374.74,2372.3224499999997,loss,-27.475500000001194,24.17550000000011,6
315940,315941,315943,long,2386.94,2390.5663250000002,win,32.96325000000179,24.17550000000011,2
315960,315961,315962,short,2406.71,2403.083675,win,32.96325000000179,24.17550000000011,1
315962,315963,315970,short,2405.72,2408.13755,loss,-27.475500000001194,24.17550000000011,7
315977,315978,315987,short,2409.09,2405.463675,win,32.96325000000179,24.17550000000011,9
315993,315994,315995,long,2405.5,2409.126325,win,32.96325000000179,24.17550000000011,1
316063,316064,316072,short,2449.12,2445.4936749999997,win,32.96325000000179,24.17550000000011,8
316102,316103,316103,long,2444.82,2442.40245,loss,-27.475500000001194,24.17550000000011,0
316133,316134,316134,short,2451.32,2447.693675,win,32.96325000000179,24.17550000000011,0
316144,316145,316147,long,2437.24,2440.866325,win,32.96325000000179,24.17550000000011,2
316178,316179,316179,short,2455.52,2457.93755,loss,-27.475500000001194,24.17550000000011,0
316227,316228,316228,long,2413.18,2416.806325,win,32.96325000000179,24.17550000000011,0
316282,316283,316283,short,2437.87,2434.2436749999997,win,32.96325000000179,24.17550000000011,0
316284,316285,316285,long,2427.61,2431.2363250000003,win,32.96325000000179,24.17550000000011,0
316304,316305,316305,long,2397.49,2395.0724499999997,loss,-27.475500000001194,24.17550000000011,0
316551,316552,316560,short,2395.8,2398.2175500000003,loss,-27.475500000001194,24.17550000000011,8
316564,316565,316571,short,2395.65,2398.06755,loss,-27.475500000001194,24.17550000000011,6
316574,316575,316575,short,2396.01,2398.4275500000003,loss,-27.475500000001194,24.17550000000011,0
316745,316746,316747,short,2435.59,2438.0075500000003,loss,-27.475500000001194,24.17550000000011,1
316750,316751,316756,short,2441.63,2444.0475500000002,loss,-27.475500000001194,24.17550000000011,5
316765,316766,316767,short,2440.63,2443.0475500000002,loss,-27.475500000001194,24.17550000000011,1
316776,316777,316777,short,2448.63,2451.0475500000002,loss,-27.475500000001194,24.17550000000011,0
316838,316839,316840,long,2463.26,2460.84245,loss,-27.475500000001194,24.17550000000011,1
317047,317048,317048,long,2437.55,2441.1763250000004,win,32.96325000000179,24.17550000000011,0
317128,317129,317131,short,2466.17,2468.58755,loss,-27.475500000001194,24.17550000000011,2
317131,317132,317132,short,2468.66,2471.07755,loss,-27.475500000001194,24.17550000000011,0
317134,317135,317135,short,2472.19,2474.60755,loss,-27.475500000001194,24.17550000000011,0
317137,317138,317138,short,2475.17,2477.58755,loss,-27.475500000001194,24.17550000000011,0
317139,317140,317140,short,2486.1,2488.51755,loss,-27.475500000001194,24.17550000000011,0
317275,317276,317279,long,2502.94,2500.52245,loss,-27.475500000001194,24.17550000000011,3
317279,317280,317295,long,2500.17,2497.75245,loss,-27.475500000001194,24.17550000000011,15
317296,317297,317299,short,2505.0,2501.373675,win,32.96325000000179,24.17550000000011,2
317305,317306,317306,short,2519.15,2521.56755,loss,-27.475500000001194,24.17550000000011,0
317336,317337,317338,long,2505.6,2509.226325,win,32.96325000000179,24.17550000000011,1
317485,317486,317488,short,2507.52,2503.893675,win,32.96325000000179,24.17550000000011,2
317528,317529,317529,long,2483.84,2481.42245,loss,-27.475500000001194,24.17550000000011,0
317545,317546,317548,short,2485.72,2488.13755,loss,-27.475500000001194,24.17550000000011,2
317677,317678,317684,short,2525.12,2521.4936749999997,win,32.96325000000179,24.17550000000011,6
317828,317829,317830,long,2520.45,2518.0324499999997,loss,-27.475500000001194,24.17550000000011,1
317876,317877,317877,short,2510.17,2506.543675,win,32.96325000000179,24.17550000000011,0
318018,318019,318021,long,2515.79,2513.37245,loss,-27.475500000001194,24.17550000000011,2
318029,318030,318032,long,2513.85,2517.476325,win,32.96325000000179,24.17550000000011,2
318032,318033,318034,short,2522.4,2518.773675,win,32.96325000000179,24.17550000000011,1
318040,318041,318042,short,2525.75,2522.123675,win,32.96325000000179,24.17550000000011,1
318215,318216,318220,short,2505.07,2501.443675,win,32.96325000000179,24.17550000000011,4
318307,318308,318308,long,2477.34,2474.92245,loss,-27.475500000001194,24.17550000000011,0
318365,318366,318370,short,2495.74,2498.15755,loss,-27.475500000001194,24.17550000000011,4
318388,318389,318389,short,2501.97,2504.38755,loss,-27.475500000001194,24.17550000000011,0
318398,318399,318399,short,2513.99,2516.40755,loss,-27.475500000001194,24.17550000000011,0
318425,318426,318426,long,2507.84,2505.42245,loss,-27.475500000001194,24.17550000000011,0
318428,318429,318432,long,2507.06,2510.686325,win,32.96325000000179,24.17550000000011,3
318571,318572,318572,long,2490.66,2488.2424499999997,loss,-27.475500000001194,24.17550000000011,0
318581,318582,318582,long,2493.47,2491.0524499999997,loss,-27.475500000001194,24.17550000000011,0
318698,318699,318699,short,2501.71,2504.12755,loss,-27.475500000001194,24.17550000000011,0
318762,318763,318763,short,2527.64,2524.0136749999997,win,32.96325000000179,24.17550000000011,0
318877,318878,318878,short,2538.06,2534.4336749999998,win,32.96325000000179,24.17550000000011,0
319149,319150,319150,long,2580.86,2578.44245,loss,-27.475500000001194,24.17550000000011,0
319221,319222,319229,long,2570.43,2568.0124499999997,loss,-27.475500000001194,24.17550000000011,7
319272,319273,319273,long,2548.54,2552.166325,win,32.96325000000179,24.17550000000011,0
319323,319324,319325,short,2593.0,2589.373675,win,32.96325000000179,24.17550000000011,1
319328,319329,319329,short,2588.66,2585.0336749999997,win,32.96325000000179,24.17550000000011,0
319335,319336,319336,long,2579.3,2576.88245,loss,-27.475500000001194,24.17550000000011,0
319337,319338,319338,long,2579.01,2576.59245,loss,-27.475500000001194,24.17550000000011,0
319348,319349,319351,short,2589.23,2591.64755,loss,-27.475500000001194,24.17550000000011,2
319364,319365,319387,short,2588.36,2590.7775500000002,loss,-27.475500000001194,24.17550000000011,22
319403,319404,319404,short,2599.84,2602.2575500000003,loss,-27.475500000001194,24.17550000000011,0
319431,319432,319432,long,2605.62,2603.2024499999998,loss,-27.475500000001194,24.17550000000011,0
319505,319506,319507,long,2616.35,2619.976325,win,32.96325000000179,24.17550000000011,1
319509,319510,319518,long,2622.97,2620.5524499999997,loss,-27.475500000001194,24.17550000000011,8
319574,319575,319575,short,2632.17,2634.58755,loss,-27.475500000001194,24.17550000000011,0
319643,319644,319657,short,2659.41,2661.82755,loss,-27.475500000001194,24.17550000000011,13
319658,319659,319660,short,2658.33,2660.74755,loss,-27.475500000001194,24.17550000000011,1
319930,319931,319933,short,2663.24,2659.6136749999996,win,32.96325000000179,24.17550000000011,2
319965,319966,319970,long,2648.94,2646.52245,loss,-27.475500000001194,24.17550000000011,4
320233,320234,320234,long,2654.04,2651.62245,loss,-27.475500000001194,24.17550000000011,0
320335,320336,320344,long,2658.35,2661.976325,win,32.96325000000179,24.17550000000011,8
320345,320346,320347,long,2656.93,2654.5124499999997,loss,-27.475500000001194,24.17550000000011,1
320357,320358,320358,short,2666.56,2668.97755,loss,-27.475500000001194,24.17550000000011,0
320427,320428,320428,short,2653.61,2656.0275500000002,loss,-27.475500000001194,24.17550000000011,0
320432,320433,320433,short,2655.28,2657.6975500000003,loss,-27.475500000001194,24.17550000000011,0
320439,320440,320440,long,2643.02,2640.60245,loss,-27.475500000001194,24.17550000000011,0
320538,320539,320539,long,2627.35,2624.93245,loss,-27.475500000001194,24.17550000000011,0
320793,320794,320794,long,2640.13,2637.71245,loss,-27.475500000001194,24.17550000000011,0
320814,320815,320815,short,2652.68,2655.09755,loss,-27.475500000001194,24.17550000000011,0
320824,320825,320827,short,2660.5,2656.873675,win,32.96325000000179,24.17550000000011,2
320835,320836,320841,short,2655.76,2652.133675,win,32.96325000000179,24.17550000000011,5
320843,320844,320849,long,2649.59,2647.17245,loss,-27.475500000001194,24.17550000000011,5
320849,320850,320857,long,2645.79,2643.37245,loss,-27.475500000001194,24.17550000000011,7
320896,320897,320899,long,2652.15,2649.73245,loss,-27.475500000001194,24.17550000000011,2
320972,320973,320973,short,2650.7,2653.11755,loss,-27.475500000001194,24.17550000000011,0
320986,320987,320988,short,2650.92,2647.293675,win,32.96325000000179,24.17550000000011,1
321056,321057,321057,short,2669.41,2671.82755,loss,-27.475500000001194,24.17550000000011,0
321060,321061,321062,short,2677.2,2673.5736749999996,win,32.96325000000179,24.17550000000011,1
321075,321076,321078,short,2674.94,2677.35755,loss,-27.475500000001194,24.17550000000011,2
321183,321184,321185,short,2694.27,2696.68755,loss,-27.475500000001194,24.17550000000011,1
321237,321238,321240,short,2711.4,2713.81755,loss,-27.475500000001194,24.17550000000011,2
321248,321249,321252,long,2702.23,2705.856325,win,32.96325000000179,24.17550000000011,3
321384,321385,321386,long,2716.12,2719.746325,win,32.96325000000179,24.17550000000011,1
321402,321403,321405,short,2723.29,2725.70755,loss,-27.475500000001194,24.17550000000011,2
321412,321413,321413,short,2728.61,2731.0275500000002,loss,-27.475500000001194,24.17550000000011,0
321510,321511,321515,short,2749.06,2751.47755,loss,-27.475500000001194,24.17550000000011,4
321516,321517,321523,short,2751.51,2753.9275500000003,loss,-27.475500000001194,24.17550000000011,6
321526,321527,321530,short,2757.1,2753.4736749999997,win,32.96325000000179,24.17550000000011,3
321917,321918,321918,short,2766.11,2768.5275500000002,loss,-27.475500000001194,24.17550000000011,0
322100,322101,322101,long,2755.12,2752.7024499999998,loss,-27.475500000001194,24.17550000000011,0
322499,322500,322505,long,2663.06,2660.64245,loss,-27.475500000001194,24.17550000000011,5
322530,322531,322531,short,2664.42,2666.83755,loss,-27.475500000001194,24.17550000000011,0
322565,322566,322566,short,2697.03,2693.403675,win,32.96325000000179,24.17550000000011,0
322576,322577,322577,short,2695.23,2697.64755,loss,-27.475500000001194,24.17550000000011,0
322647,322648,322648,short,2694.62,2697.03755,loss,-27.475500000001194,24.17550000000011,0
322651,322652,322653,short,2691.2,2687.5736749999996,win,32.96325000000179,24.17550000000011,1
322656,322657,322658,long,2687.31,2684.89245,loss,-27.475500000001194,24.17550000000011,1
322742,322743,322743,long,2628.09,2625.67245,loss,-27.475500000001194,24.17550000000011,0
322830,322831,322831,short,2614.42,2610.793675,win,32.96325000000179,24.17550000000011,0
322897,322898,322901,long,2604.95,2602.5324499999997,loss,-27.475500000001194,24.17550000000011,3
322901,322902,322902,long,2601.59,2605.2163250000003,win,32.96325000000179,24.17550000000011,0
322937,322938,322938,long,2581.85,2579.43245,loss,-27.475500000001194,24.17550000000011,0
323021,323022,323022,short,2566.3,2568.7175500000003,loss,-27.475500000001194,24.17550000000011,0
323024,323025,323025,short,2570.07,2572.4875500000003,loss,-27.475500000001194,24.17550000000011,0
323034,323035,323035,short,2567.77,2570.18755,loss,-27.475500000001194,24.17550000000011,0
323201,323202,323202,short,2607.57,2603.943675,win,32.96325000000179,24.17550000000011,0
323208,323209,323213,short,2613.03,2609.403675,win,32.96325000000179,24.17550000000011,4
323214,323215,323215,short,2608.42,2610.83755,loss,-27.475500000001194,24.17550000000011,0
323217,323218,323220,short,2609.44,2611.85755,loss,-27.475500000001194,24.17550000000011,2
323227,323228,323232,long,2608.52,2612.146325,win,32.96325000000179,24.17550000000011,4
323356,323357,323358,long,2629.4,2626.98245,loss,-27.475500000001194,24.17550000000011,1
323359,323360,323360,long,2624.17,2621.75245,loss,-27.475500000001194,24.17550000000011,0
323611,323612,323612,long,2697.85,2701.476325,win,32.96325000000179,24.17550000000011,0
323615,323616,323616,long,2699.75,2697.33245,loss,-27.475500000001194,24.17550000000011,0
323662,323663,323663,long,2644.76,2642.34245,loss,-27.475500000001194,24.17550000000011,0
323696,323697,323698,long,2610.27,2613.896325,win,32.96325000000179,24.17550000000011,1
323709,323710,323711,short,2627.9,2630.31755,loss,-27.475500000001194,24.17550000000011,1
323918,323919,323923,short,2645.91,2648.32755,loss,-27.475500000001194,24.17550000000011,4
323929,323930,323937,short,2645.48,2647.89755,loss,-27.475500000001194,24.17550000000011,7
323940,323941,323942,long,2641.18,2638.7624499999997,loss,-27.475500000001194,24.17550000000011,1
323957,323958,323967,long,2638.0,2635.58245,loss,-27.475500000001194,24.17550000000011,9
323981,323982,323984,short,2660.0,2662.41755,loss,-27.475500000001194,24.17550000000011,2
323986,323987,323987,short,2662.3,2664.7175500000003,loss,-27.475500000001194,24.17550000000011,0
324030,324031,324031,short,2662.15,2658.523675,win,32.96325000000179,24.17550000000011,0
324116,324117,324118,long,2638.97,2636.5524499999997,loss,-27.475500000001194,24.17550000000011,1
324123,324124,324126,long,2638.3,2635.88245,loss,-27.475500000001194,24.17550000000011,2
324260,324261,324263,long,2640.82,2638.40245,loss,-27.475500000001194,24.17550000000011,2
324470,324471,324471,long,2627.96,2631.586325,win,32.96325000000179,24.17550000000011,0
324472,324473,324473,long,2629.06,2632.686325,win,32.96325000000179,24.17550000000011,0
324482,324483,324484,short,2639.49,2635.8636749999996,win,32.96325000000179,24.17550000000011,1
324574,324575,324577,short,2667.46,2663.833675,win,32.96325000000179,24.17550000000011,2
324629,324630,324630,long,2664.54,2662.12245,loss,-27.475500000001194,24.17550000000011,0
324710,324711,324711,long,2679.71,2677.29245,loss,-27.475500000001194,24.17550000000011,0
324714,324715,324715,long,2691.14,2694.766325,win,32.96325000000179,24.17550000000011,0
324794,324795,324797,long,2706.31,2709.936325,win,32.96325000000179,24.17550000000011,2
324803,324804,324806,long,2713.33,2710.91245,loss,-27.475500000001194,24.17550000000011,2
324807,324808,324809,long,2713.77,2717.396325,win,32.96325000000179,24.17550000000011,1
324809,324810,324819,short,2718.38,2714.753675,win,32.96325000000179,24.17550000000011,9
324840,324841,324841,long,2681.98,2685.606325,win,32.96325000000179,24.17550000000011,0
324842,324843,324843,long,2682.12,2685.746325,win,32.96325000000179,24.17550000000011,0
324844,324845,324845,long,2676.23,2679.856325,win,32.96325000000179,24.17550000000011,0
324847,324848,324849,long,2678.82,2682.4463250000003,win,32.96325000000179,24.17550000000011,1
324852,324853,324862,long,2684.62,2682.2024499999998,loss,-27.475500000001194,24.17550000000011,9
324878,324879,324879,short,2689.13,2691.5475500000002,loss,-27.475500000001194,24.17550000000011,0
324880,324881,324881,short,2689.83,2686.2036749999997,win,32.96325000000179,24.17550000000011,0
324917,324918,324922,long,2666.45,2664.0324499999997,loss,-27.475500000001194,24.17550000000011,4
324924,324925,324926,long,2672.03,2669.61245,loss,-27.475500000001194,24.17550000000011,1
325004,325005,325006,short,2656.65,2659.06755,loss,-27.475500000001194,24.17550000000011,1
325031,325032,325035,long,2649.86,2653.4863250000003,win,32.96325000000179,24.17550000000011,3
325187,325188,325198,short,2648.75,2645.123675,win,32.96325000000179,24.17550000000011,10
325232,325233,325233,long,2589.32,2592.9463250000003,win,32.96325000000179,24.17550000000011,0
325270,325271,325271,short,2614.36,2616.7775500000002,loss,-27.475500000001194,24.17550000000011,0
325291,325292,325292,long,2613.48,2611.06245,loss,-27.475500000001194,24.17550000000011,0
325297,325298,325298,long,2596.16,2599.786325,win,32.96325000000179,24.17550000000011,0
325395,325396,325396,short,2624.41,2626.82755,loss,-27.475500000001194,24.17550000000011,0
325456,325457,325458,short,2631.45,2627.8236749999996,win,32.96325000000179,24.17550000000011,1
325471,325472,325473,long,2616.15,2613.73245,loss,-27.475500000001194,24.17550000000011,1
325475,325476,325476,long,2616.67,2614.25245,loss,-27.475500000001194,24.17550000000011,0
325479,325480,325480,long,2615.11,2618.7363250000003,win,32.96325000000179,24.17550000000011,0
325489,325490,325492,long,2609.55,2613.1763250000004,win,32.96325000000179,24.17550000000011,2
325492,325493,325495,long,2615.63,2613.21245,loss,-27.475500000001194,24.17550000000011,2
325556,325557,325572,long,2614.38,2611.96245,loss,-27.475500000001194,24.17550000000011,15
325606,325607,325618,short,2628.51,2624.883675,win,32.96325000000179,24.17550000000011,11
325654,325655,325656,short,2634.68,2637.09755,loss,-27.475500000001194,24.17550000000011,1
325656,325657,325657,short,2635.87,2638.28755,loss,-27.475500000001194,24.17550000000011,0
325721,325722,325725,long,2626.18,2623.7624499999997,loss,-27.475500000001194,24.17550000000011,3
325792,325793,325795,short,2626.96,2623.333675,win,32.96325000000179,24.17550000000011,2
325813,325814,325815,long,2611.89,2615.516325,win,32.96325000000179,24.17550000000011,1
325830,325831,325831,short,2619.04,2621.45755,loss,-27.475500000001194,24.17550000000011,0
326025,326026,326028,short,2659.38,2655.753675,win,32.96325000000179,24.17550000000011,2
326075,326076,326079,long,2657.4,2654.98245,loss,-27.475500000001194,24.17550000000011,3
326172,326173,326175,long,2625.81,2629.436325,win,32.96325000000179,24.17550000000011,2
326181,326182,326186,long,2632.82,2636.4463250000003,win,32.96325000000179,24.17550000000011,4
326384,326385,326385,short,2665.45,2661.8236749999996,win,32.96325000000179,24.17550000000011,0
326388,326389,326390,short,2666.54,2662.913675,win,32.96325000000179,24.17550000000011,1
326393,326394,326395,short,2669.69,2666.063675,win,32.96325000000179,24.17550000000011,1
326475,326476,326476,short,2669.7,2672.11755,loss,-27.475500000001194,24.17550000000011,0
326540,326541,326542,short,2674.79,2677.20755,loss,-27.475500000001194,24.17550000000011,1
326725,326726,326727,long,2669.14,2672.766325,win,32.96325000000179,24.17550000000011,1
326730,326731,326732,short,2669.81,2666.1836749999998,win,32.96325000000179,24.17550000000011,1
326734,326735,326742,long,2666.72,2670.346325,win,32.96325000000179,24.17550000000011,7
326836,326837,326840,short,2685.39,2687.80755,loss,-27.475500000001194,24.17550000000011,3
326846,326847,326847,long,2678.79,2682.416325,win,32.96325000000179,24.17550000000011,0
326905,326906,326906,long,2693.9,2697.5263250000003,win,32.96325000000179,24.17550000000011,0
326915,326916,326918,short,2705.22,2707.63755,loss,-27.475500000001194,24.17550000000011,2
326975,326976,326977,long,2710.37,2713.996325,win,32.96325000000179,24.17550000000011,1
326977,326978,326992,long,2714.72,2712.3024499999997,loss,-27.475500000001194,24.17550000000011,14
327045,327046,327049,long,2705.67,2703.25245,loss,-27.475500000001194,24.17550000000011,3
327049,327050,327050,long,2703.27,2700.85245,loss,-27.475500000001194,24.17550000000011,0
327074,327075,327080,long,2700.98,2704.606325,win,32.96325000000179,24.17550000000011,5
327164,327165,327170,short,2727.97,2724.3436749999996,win,32.96325000000179,24.17550000000011,5
327182,327183,327184,long,2722.72,2720.3024499999997,loss,-27.475500000001194,24.17550000000011,1
327188,327189,327190,long,2718.48,2722.106325,win,32.96325000000179,24.17550000000011,1
327203,327204,327207,short,2737.98,2740.39755,loss,-27.475500000001194,24.17550000000011,3
327223,327224,327231,short,2742.9,2745.31755,loss,-27.475500000001194,24.17550000000011,7
327236,327237,327239,short,2744.57,2746.9875500000003,loss,-27.475500000001194,24.17550000000011,2
327245,327246,327250,short,2748.72,2751.13755,loss,-27.475500000001194,24.17550000000011,4
327481,327482,327483,short,2785.06,2781.4336749999998,win,32.96325000000179,24.17550000000011,1
327555,327556,327558,short,2767.84,2770.2575500000003,loss,-27.475500000001194,24.17550000000011,2
327631,327632,327637,long,2739.68,2737.2624499999997,loss,-27.475500000001194,24.17550000000011,5
327671,327672,327676,short,2758.75,2761.16755,loss,-27.475500000001194,24.17550000000011,4
327688,327689,327700,short,2763.15,2765.56755,loss,-27.475500000001194,24.17550000000011,11
327705,327706,327709,long,2764.72,2762.3024499999997,loss,-27.475500000001194,24.17550000000011,3
327727,327728,327729,long,2759.31,2762.936325,win,32.96325000000179,24.17550000000011,1
327731,327732,327737,short,2764.04,2760.413675,win,32.96325000000179,24.17550000000011,5
327843,327844,327846,short,2785.89,2782.2636749999997,win,32.96325000000179,24.17550000000011,2
327853,327854,327854,short,2791.51,2793.9275500000003,loss,-27.475500000001194,24.17550000000011,0
327937,327938,327939,short,2807.67,2810.08755,loss,-27.475500000001194,24.17550000000011,1
327982,327983,327986,long,2776.0,2773.58245,loss,-27.475500000001194,24.17550000000011,3
327988,327989,327989,long,2782.6,2780.18245,loss,-27.475500000001194,24.17550000000011,0
328005,328006,328006,short,2798.15,2800.56755,loss,-27.475500000001194,24.17550000000011,0
328016,328017,328021,short,2802.0,2804.41755,loss,-27.475500000001194,24.17550000000011,4
328057,328058,328060,long,2814.54,2812.12245,loss,-27.475500000001194,24.17550000000011,2
328172,328173,328176,short,2857.75,2854.123675,win,32.96325000000179,24.17550000000011,3
328349,328350,328362,short,2868.62,2864.9936749999997,win,32.96325000000179,24.17550000000011,12
328366,328367,328367,long,2861.78,2859.36245,loss,-27.475500000001194,24.17550000000011,0
328398,328399,328399,short,2877.31,2873.6836749999998,win,32.96325000000179,24.17550000000011,0
328409,328410,328410,long,2858.01,2855.59245,loss,-27.475500000001194,24.17550000000011,0
328413,328414,328418,short,2863.09,2859.463675,win,32.96325000000179,24.17550000000011,4
328427,328428,328428,long,2858.08,2861.706325,win,32.96325000000179,24.17550000000011,0
328452,328453,328456,short,2879.2,2881.61755,loss,-27.475500000001194,24.17550000000011,3
328499,328500,328501,long,2901.17,2898.75245,loss,-27.475500000001194,24.17550000000011,1
328518,328519,328520,short,2908.0,2910.41755,loss,-27.475500000001194,24.17550000000011,1
328528,328529,328531,short,2929.99,2932.40755,loss,-27.475500000001194,24.17550000000011,2
328531,328532,328532,short,2934.07,2936.4875500000003,loss,-27.475500000001194,24.17550000000011,0
328578,328579,328579,long,2894.94,2892.52245,loss,-27.475500000001194,24.17550000000011,0
328580,328581,328582,long,2898.32,2901.9463250000003,win,32.96325000000179,24.17550000000011,1
328598,328599,328601,short,2905.55,2901.923675,win,32.96325000000179,24.17550000000011,2
328603,328604,328605,long,2899.87,2897.4524499999998,loss,-27.475500000001194,24.17550000000011,1
328607,328608,328616,long,2897.85,2895.43245,loss,-27.475500000001194,24.17550000000011,8
328640,328641,328641,long,2891.22,2888.8024499999997,loss,-27.475500000001194,24.17550000000011,0
328748,328749,328758,long,2916.81,2920.436325,win,32.96325000000179,24.17550000000011,9
328867,328868,328868,long,2895.7,2893.2824499999997,loss,-27.475500000001194,24.17550000000011,0
328878,328879,328879,long,2882.29,2879.87245,loss,-27.475500000001194,24.17550000000011,0
329059,329060,329061,short,2933.35,2935.76755,loss,-27.475500000001194,24.17550000000011,1
329062,329063,329069,short,2934.8,2931.173675,win,32.96325000000179,24.17550000000011,6
329090,329091,329093,short,2935.11,2931.483675,win,32.96325000000179,24.17550000000011,2
329147,329148,329158,long,2934.55,2938.1763250000004,win,32.96325000000179,24.17550000000011,10
329160,329161,329163,short,2940.4,2936.773675,win,32.96325000000179,24.17550000000011,2
329213,329214,329214,long,2934.05,2931.63245,loss,-27.475500000001194,24.17550000000011,0
329219,329220,329220,long,2936.89,2934.4724499999998,loss,-27.475500000001194,24.17550000000011,0
329223,329224,329227,long,2943.02,2940.60245,loss,-27.475500000001194,24.17550000000011,3
329227,329228,329228,long,2941.73,2945.356325,win,32.96325000000179,24.17550000000011,0
329257,329258,329258,long,2928.85,2926.43245,loss,-27.475500000001194,24.17550000000011,0
329375,329376,329376,long,2942.4,2939.98245,loss,-27.475500000001194,24.17550000000011,0
329401,329402,329402,long,2938.97,2936.5524499999997,loss,-27.475500000001194,24.17550000000011,0
329458,329459,329461,long,2936.78,2934.36245,loss,-27.475500000001194,24.17550000000011,2
329464,329465,329465,long,2934.01,2931.59245,loss,-27.475500000001194,24.17550000000011,0
329498,329499,329499,long,2897.09,2894.67245,loss,-27.475500000001194,24.17550000000011,0
329563,329564,329565,short,2915.93,2912.3036749999997,win,32.96325000000179,24.17550000000011,1
329617,329618,329622,short,2919.25,2915.623675,win,32.96325000000179,24.17550000000011,4
329625,329626,329629,long,2912.78,2910.36245,loss,-27.475500000001194,24.17550000000011,3
329657,329658,329659,long,2887.24,2890.866325,win,32.96325000000179,24.17550000000011,1
329659,329660,329661,long,2891.1,2894.726325,win,32.96325000000179,24.17550000000011,1
329747,329748,329749,long,2862.3,2859.88245,loss,-27.475500000001194,24.17550000000011,1
329814,329815,329815,short,2862.76,2859.133675,win,32.96325000000179,24.17550000000011,0
329823,329824,329824,long,2865.73,2863.31245,loss,-27.475500000001194,24.17550000000011,0
329826,329827,329827,long,2865.15,2862.73245,loss,-27.475500000001194,24.17550000000011,0
329847,329848,329850,short,2873.16,2875.57755,loss,-27.475500000001194,24.17550000000011,2
329851,329852,329854,short,2876.34,2872.713675,win,32.96325000000179,24.17550000000011,2
329931,329932,329934,short,2920.04,2916.413675,win,32.96325000000179,24.17550000000011,2
329936,329937,329938,short,2914.69,2917.10755,loss,-27.475500000001194,24.17550000000011,1
329945,329946,329946,short,2924.96,2927.37755,loss,-27.475500000001194,24.17550000000011,0
329949,329950,329950,short,2922.84,2919.213675,win,32.96325000000179,24.17550000000011,0
329971,329972,329973,long,2912.8,2916.4263250000004,win,32.96325000000179,24.17550000000011,1
330104,330105,330107,short,2921.76,2918.133675,win,32.96325000000179,24.17550000000011,2
330115,330116,330116,long,2900.0,2897.58245,loss,-27.475500000001194,24.17550000000011,0
330299,330300,330300,long,2903.67,2901.25245,loss,-27.475500000001194,24.17550000000011,0
330388,330389,330390,short,2899.67,2902.08755,loss,-27.475500000001194,24.17550000000011,1
330390,330391,330391,short,2904.12,2906.53755,loss,-27.475500000001194,24.17550000000011,0
330549,330550,330550,short,2938.01,2940.4275500000003,loss,-27.475500000001194,24.17550000000011,0
330564,330565,330566,short,2939.99,2936.3636749999996,win,32.96325000000179,24.17550000000011,1
330575,330576,330579,long,2941.96,2945.586325,win,32.96325000000179,24.17550000000011,3
330605,330606,330608,short,2977.92,2980.33755,loss,-27.475500000001194,24.17550000000011,2
330661,330662,330662,long,2985.72,2983.3024499999997,loss,-27.475500000001194,24.17550000000011,0
330772,330773,330774,short,3000.19,2996.563675,win,32.96325000000179,24.17550000000011,1
331051,331052,331052,long,3037.1,3040.726325,win,32.96325000000179,24.17550000000011,0
331116,331117,331117,long,3025.16,3028.786325,win,32.96325000000179,24.17550000000011,0
331128,331129,331130,short,3033.53,3029.903675,win,32.96325000000179,24.17550000000011,1
331132,331133,331134,long,3029.06,3032.686325,win,32.96325000000179,24.17550000000011,1
331140,331141,331141,short,3035.06,3037.47755,loss,-27.475500000001194,24.17550000000011,0
331150,331151,331151,long,3003.7,3001.2824499999997,loss,-27.475500000001194,24.17550000000011,0
331185,331186,331189,short,3024.79,3021.163675,win,32.96325000000179,24.17550000000011,3
331210,331211,331211,long,3018.58,3022.206325,win,32.96325000000179,24.17550000000011,0
331267,331268,331269,short,3011.57,3013.9875500000003,loss,-27.475500000001194,24.17550000000011,1
331274,331275,331281,short,3011.37,3013.78755,loss,-27.475500000001194,24.17550000000011,6
331281,331282,331286,short,3014.03,3010.403675,win,32.96325000000179,24.17550000000011,4
331302,331303,331308,short,3016.57,3012.943675,win,32.96325000000179,24.17550000000011,5
331363,331364,331372,long,3021.52,3019.10245,loss,-27.475500000001194,24.17550000000011,8
331408,331409,331411,short,3019.26,3021.6775500000003,loss,-27.475500000001194,24.17550000000011,2
331484,331485,331485,short,3033.32,3029.693675,win,32.96325000000179,24.17550000000011,0
331580,331581,331581,short,3082.29,3084.70755,loss,-27.475500000001194,24.17550000000011,0
331587,331588,331588,long,3066.28,3069.9063250000004,win,32.96325000000179,24.17550000000011,0
331670,331671,331671,short,3125.0,3121.373675,win,32.96325000000179,24.17550000000011,0
331673,331674,331674,short,3119.37,3121.78755,loss,-27.475500000001194,24.17550000000011,0
331677,331678,331678,short,3124.51,3126.9275500000003,loss,-27.475500000001194,24.17550000000011,0
331679,331680,331683,short,3122.85,3119.2236749999997,win,32.96325000000179,24.17550000000011,3
331849,331850,331851,short,3115.99,3112.3636749999996,win,32.96325000000179,24.17550000000011,1
331856,331857,331858,long,3118.19,3115.77245,loss,-27.475500000001194,24.17550000000011,1
331919,331920,331921,short,3159.7,3162.11755,loss,-27.475500000001194,24.17550000000011,1
331976,331977,331977,long,3086.66,3084.2424499999997,loss,-27.475500000001194,24.17550000000011,0
331978,331979,331979,long,3114.12,3111.7024499999998,loss,-27.475500000001194,24.17550000000011,0
332038,332039,332039,long,3107.59,3105.17245,loss,-27.475500000001194,24.17550000000011,0
332058,332059,332059,short,3134.32,3130.693675,win,32.96325000000179,24.17550000000011,0
332070,332071,332071,long,3048.76,3046.34245,loss,-27.475500000001194,24.17550000000011,0
332111,332112,332112,long,3018.78,3016.36245,loss,-27.475500000001194,24.17550000000011,0
332195,332196,332198,short,2981.63,2984.0475500000002,loss,-27.475500000001194,24.17550000000011,2
332198,332199,332199,short,2985.16,2987.57755,loss,-27.475500000001194,24.17550000000011,0
332312,332313,332314,short,3015.69,3018.10755,loss,-27.475500000001194,24.17550000000011,1
332441,332442,332442,short,3154.72,3157.13755,loss,-27.475500000001194,24.17550000000011,0
332751,332752,332752,short,3261.64,3264.05755,loss,-27.475500000001194,24.17550000000011,0
332940,332941,332941,short,3376.18,3372.5536749999997,win,32.96325000000179,24.17550000000011,0
332942,332943,332943,short,3377.56,3379.97755,loss,-27.475500000001194,24.17550000000011,0
332960,332961,332962,short,3391.16,3393.57755,loss,-27.475500000001194,24.17550000000011,1
332973,332974,332975,short,3394.92,3397.33755,loss,-27.475500000001194,24.17550000000011,1
332985,332986,332986,short,3414.89,3417.30755,loss,-27.475500000001194,24.17550000000011,0
332989,332990,332990,short,3420.41,3422.82755,loss,-27.475500000001194,24.17550000000011,0
333039,333040,333040,short,3488.63,3491.0475500000002,loss,-27.475500000001194,24.17550000000011,0
333054,333055,333055,short,3462.08,3464.49755,loss,-27.475500000001194,24.17550000000011,0
333060,333061,333061,long,3451.25,3448.83245,loss,-27.475500000001194,24.17550000000011,0
333071,333072,333072,long,3452.93,3450.5124499999997,loss,-27.475500000001194,24.17550000000011,0
333077,333078,333078,long,3431.37,3428.9524499999998,loss,-27.475500000001194,24.17550000000011,0
333087,333088,333088,long,3412.39,3416.016325,win,32.96325000000179,24.17550000000011,0
333214,333215,333215,short,3348.03,3350.4475500000003,loss,-27.475500000001194,24.17550000000011,0
333218,333219,333219,short,3356.27,3358.68755,loss,-27.475500000001194,24.17550000000011,0
333240,333241,333241,long,3329.61,3333.2363250000003,win,32.96325000000179,24.17550000000011,0
333246,333247,333248,short,3337.5,3333.873675,win,32.96325000000179,24.17550000000011,1
333269,333270,333270,long,3327.3,3324.88245,loss,-27.475500000001194,24.17550000000011,0
333308,333309,333309,short,3348.97,3345.3436749999996,win,32.96325000000179,24.17550000000011,0
333311,333312,333312,short,3348.2,3350.61755,loss,-27.475500000001194,24.17550000000011,0
333313,333314,333314,short,3348.44,3350.85755,loss,-27.475500000001194,24.17550000000011,0
333316,333317,333317,long,3341.82,3339.40245,loss,-27.475500000001194,24.17550000000011,0
333349,333350,333350,long,3293.23,3296.856325,win,32.96325000000179,24.17550000000011,0
333351,333352,333352,long,3298.45,3296.0324499999997,loss,-27.475500000001194,24.17550000000011,0
333392,333393,333393,short,3305.96,3302.333675,win,32.96325000000179,24.17550000000011,0
333399,333400,333400,short,3290.83,3287.2036749999997,win,32.96325000000179,24.17550000000011,0
333419,333420,333420,long,3292.51,3290.09245,loss,-27.475500000001194,24.17550000000011,0
333425,333426,333428,short,3287.23,3283.603675,win,32.96325000000179,24.17550000000011,2
333479,333480,333480,short,3335.25,3337.66755,loss,-27.475500000001194,24.17550000000011,0
333481,333482,333482,short,3338.12,3340.53755,loss,-27.475500000001194,24.17550000000011,0
333488,333489,333489,long,3332.83,3330.41245,loss,-27.475500000001194,24.17550000000011,0
333496,333497,333497,long,3330.48,3328.06245,loss,-27.475500000001194,24.17550000000011,0
333672,333673,333673,long,3247.84,3245.42245,loss,-27.475500000001194,24.17550000000011,0
333893,333894,333894,short,3308.37,3310.78755,loss,-27.475500000001194,24.17550000000011,0
333898,333899,333899,short,3316.25,3318.66755,loss,-27.475500000001194,24.17550000000011,0
333903,333904,333905,short,3318.51,3320.9275500000003,loss,-27.475500000001194,24.17550000000011,1
333905,333906,333906,short,3319.37,3315.7436749999997,win,32.96325000000179,24.17550000000011,0
334150,334151,334151,long,3374.59,3372.17245,loss,-27.475500000001194,24.17550000000011,0
334152,334153,334153,long,3374.32,3371.90245,loss,-27.475500000001194,24.17550000000011,0
334198,334199,334199,long,3303.17,3300.75245,loss,-27.475500000001194,24.17550000000011,0
334217,334218,334218,short,3323.74,3320.1136749999996,win,32.96325000000179,24.17550000000011,0
334233,334234,334234,short,3308.08,3310.49755,loss,-27.475500000001194,24.17550000000011,0
334241,334242,334242,short,3324.41,3326.82755,loss,-27.475500000001194,24.17550000000011,0
334426,334427,334427,short,3260.08,3256.4536749999997,win,32.96325000000179,24.17550000000011,0
334481,334482,334487,short,3248.65,3251.06755,loss,-27.475500000001194,24.17550000000011,5
334511,334512,334512,long,3228.92,3226.50245,loss,-27.475500000001194,24.17550000000011,0
334520,334521,334521,long,3228.43,3232.056325,win,32.96325000000179,24.17550000000011,0
334549,334550,334550,long,3184.59,3182.17245,loss,-27.475500000001194,24.17550000000011,0
334622,334623,334623,long,3150.33,3147.91245,loss,-27.475500000001194,24.17550000000011,0
334624,334625,334625,short,3158.41,3160.82755,loss,-27.475500000001194,24.17550000000011,0
334692,334693,334693,long,3219.96,3217.54245,loss,-27.475500000001194,24.17550000000011,0
334716,334717,334717,long,3208.27,3205.85245,loss,-27.475500000001194,24.17550000000011,0
334718,334719,334719,long,3206.39,3210.016325,win,32.96325000000179,24.17550000000011,0
334758,334759,334759,short,3191.59,3194.0075500000003,loss,-27.475500000001194,24.17550000000011,0
334779,334780,334780,short,3226.38,3228.7975500000002,loss,-27.475500000001194,24.17550000000011,0
334788,334789,334789,long,3218.04,3215.62245,loss,-27.475500000001194,24.17550000000011,0
334908,334909,334910,short,3235.93,3238.34755,loss,-27.475500000001194,24.17550000000011,1
334913,334914,334914,short,3240.96,3237.333675,win,32.96325000000179,24.17550000000011,0
334918,334919,334919,short,3236.28,3238.6975500000003,loss,-27.475500000001194,24.17550000000011,0
334983,334984,334986,short,3318.58,3314.9536749999997,win,32.96325000000179,24.17550000000011,2
335083,335084,335084,long,3318.46,3316.04245,loss,-27.475500000001194,24.17550000000011,0
335169,335170,335170,short,3330.9,3327.273675,win,32.96325000000179,24.17550000000011,0
335174,335175,335175,short,3328.92,3325.293675,win,32.96325000000179,24.17550000000011,0
335179,335180,335181,short,3332.04,3328.413675,win,32.96325000000179,24.17550000000011,1
335185,335186,335187,short,3328.39,3330.80755,loss,-27.475500000001194,24.17550000000011,1
335300,335301,335308,short,3342.73,3345.14755,loss,-27.475500000001194,24.17550000000011,7
335321,335322,335322,long,3339.17,3336.75245,loss,-27.475500000001194,24.17550000000011,0
335341,335342,335342,long,3320.19,3317.77245,loss,-27.475500000001194,24.17550000000011,0
335386,335387,335389,short,3303.37,3299.7436749999997,win,32.96325000000179,24.17550000000011,2
335474,335475,335475,long,3291.69,3289.27245,loss,-27.475500000001194,24.17550000000011,0
335593,335594,335594,long,3313.4,3310.98245,loss,-27.475500000001194,24.17550000000011,0
335595,335596,335596,long,3312.54,3316.166325,win,32.96325000000179,24.17550000000011,0
335611,335612,335612,long,3296.34,3293.92245,loss,-27.475500000001194,24.17550000000011,0
335751,335752,335752,short,3371.55,3373.9675500000003,loss,-27.475500000001194,24.17550000000011,0
335780,335781,335781,long,3367.74,3365.3224499999997,loss,-27.475500000001194,24.17550000000011,0
335789,335790,335790,long,3364.99,3362.5724499999997,loss,-27.475500000001194,24.17550000000011,0
335796,335797,335797,long,3362.31,3359.89245,loss,-27.475500000001194,24.17550000000011,0
335886,335887,335887,long,3354.91,3352.4924499999997,loss,-27.475500000001194,24.17550000000011,0
335889,335890,335890,long,3351.45,3349.0324499999997,loss,-27.475500000001194,24.17550000000011,0
336000,336001,336001,short,3391.3,3393.7175500000003,loss,-27.475500000001194,24.17550000000011,0
336175,336176,336179,short,3324.02,3320.393675,win,32.96325000000179,24.17550000000011,3
336179,336180,336180,short,3319.67,3322.08755,loss,-27.475500000001194,24.17550000000011,0
336241,336242,336242,long,3310.89,3308.4724499999998,loss,-27.475500000001194,24.17550000000011,0
336248,336249,336250,long,3305.62,3309.246325,win,32.96325000000179,24.17550000000011,1
336250,336251,336253,long,3308.06,3305.64245,loss,-27.475500000001194,24.17550000000011,2
336256,336257,336258,long,3310.33,3313.956325,win,32.96325000000179,24.17550000000011,1
336348,336349,336351,short,3340.22,3336.5936749999996,win,32.96325000000179,24.17550000000011,2
336353,336354,336354,long,3333.2,3336.826325,win,32.96325000000179,24.17550000000011,0
336444,336445,336445,short,3371.27,3367.643675,win,32.96325000000179,24.17550000000011,0
336450,336451,336451,long,3342.01,3345.6363250000004,win,32.96325000000179,24.17550000000011,0
336461,336462,336462,short,3379.32,3381.7375500000003,loss,-27.475500000001194,24.17550000000011,0
336514,336515,336515,short,3406.16,3408.57755,loss,-27.475500000001194,24.17550000000011,0
336532,336533,336533,short,3424.9,3427.31755,loss,-27.475500000001194,24.17550000000011,0
336814,336815,336815,long,3380.05,3383.6763250000004,win,32.96325000000179,24.17550000000011,0
336869,336870,336870,long,3365.06,3368.686325,win,32.96325000000179,24.17550000000011,0
337145,337146,337146,long,3344.09,3341.67245,loss,-27.475500000001194,24.17550000000011,0
337254,337255,337258,short,3326.78,3329.1975500000003,loss,-27.475500000001194,24.17550000000011,3
337399,337400,337402,long,3334.39,3331.9724499999998,loss,-27.475500000001194,24.17550000000011,2
337437,337438,337438,long,3294.15,3291.73245,loss,-27.475500000001194,24.17550000000011,0
337443,337444,337444,long,3297.94,3295.52245,loss,-27.475500000001194,24.17550000000011,0
337448,337449,337449,long,3288.16,3291.786325,win,32.96325000000179,24.17550000000011,0
337557,337558,337558,long,3283.41,3280.9924499999997,loss,-27.475500000001194,24.17550000000011,0
337561,337562,337562,long,3277.72,3281.346325,win,32.96325000000179,24.17550000000011,0
337593,337594,337596,short,3308.37,3304.7436749999997,win,32.96325000000179,24.17550000000011,2
337674,337675,337675,long,3339.72,3337.3024499999997,loss,-27.475500000001194,24.17550000000011,0
337795,337796,337796,long,3343.46,3347.086325,win,32.96325000000179,24.17550000000011,0
337799,337800,337801,long,3347.05,3350.6763250000004,win,32.96325000000179,24.17550000000011,1
337802,337803,337803,long,3349.24,3346.8224499999997,loss,-27.475500000001194,24.17550000000011,0
337811,337812,337813,short,3352.78,3355.1975500000003,loss,-27.475500000001194,24.17550000000011,1
337817,337818,337818,short,3361.84,3358.213675,win,32.96325000000179,24.17550000000011,0
337904,337905,337906,short,3338.95,3341.36755,loss,-27.475500000001194,24.17550000000011,1
337921,337922,337924,long,3334.28,3331.86245,loss,-27.475500000001194,24.17550000000011,2
338046,338047,338050,short,3337.03,3333.403675,win,32.96325000000179,24.17550000000011,3
338051,338052,338053,short,3332.63,3335.0475500000002,loss,-27.475500000001194,24.17550000000011,1
338054,338055,338055,long,3331.28,3334.9063250000004,win,32.96325000000179,24.17550000000011,0
338060,338061,338062,long,3335.42,3333.00245,loss,-27.475500000001194,24.17550000000011,1
338065,338066,338069,long,3331.34,3328.92245,loss,-27.475500000001194,24.17550000000011,3
338109,338110,338110,long,3296.35,3293.93245,loss,-27.475500000001194,24.17550000000011,0
338153,338154,338154,long,3288.37,3285.9524499999998,loss,-27.475500000001194,24.17550000000011,0
338162,338163,338163,long,3296.08,3293.66245,loss,-27.475500000001194,24.17550000000011,0
338253,338254,338255,short,3322.06,3324.47755,loss,-27.475500000001194,24.17550000000011,1
338524,338525,338526,short,3357.17,3359.58755,loss,-27.475500000001194,24.17550000000011,1
338558,338559,338559,long,3352.5,3350.08245,loss,-27.475500000001194,24.17550000000011,0
338562,338563,338563,long,3346.39,3343.9724499999998,loss,-27.475500000001194,24.17550000000011,0
338573,338574,338574,long,3328.67,3326.25245,loss,-27.475500000001194,24.17550000000011,0
338599,338600,338604,long,3328.87,3332.496325,win,32.96325000000179,24.17550000000011,4
338606,338607,338607,short,3331.63,3334.0475500000002,loss,-27.475500000001194,24.17550000000011,0
338628,338629,338632,short,3340.31,3336.6836749999998,win,32.96325000000179,24.17550000000011,3
338663,338664,338664,short,3363.03,3365.4475500000003,loss,-27.475500000001194,24.17550000000011,0
338808,338809,338810,long,3334.68,3332.2624499999997,loss,-27.475500000001194,24.17550000000011,1
338844,338845,338851,short,3354.86,3351.233675,win,32.96325000000179,24.17550000000011,6
338854,338855,338864,long,3352.22,3349.8024499999997,loss,-27.475500000001194,24.17550000000011,9
338882,338883,338888,short,3356.83,3353.2036749999997,win,32.96325000000179,24.17550000000011,5
338916,338917,338918,short,3363.78,3366.1975500000003,loss,-27.475500000001194,24.17550000000011,1
338935,338936,338936,short,3397.68,3400.09755,loss,-27.475500000001194,24.17550000000011,0
338942,338943,338945,short,3397.82,3394.193675,win,32.96325000000179,24.17550000000011,2
338989,338990,338990,long,3391.13,3388.71245,loss,-27.475500000001194,24.17550000000011,0
339022,339023,339023,short,3409.99,3412.40755,loss,-27.475500000001194,24.17550000000011,0
339126,339127,339127,long,3387.78,3385.36245,loss,-27.475500000001194,24.17550000000011,0
339133,339134,339140,long,3393.08,3390.66245,loss,-27.475500000001194,24.17550000000011,6
339146,339147,339147,long,3390.95,3388.5324499999997,loss,-27.475500000001194,24.17550000000011,0
339148,339149,339151,short,3388.06,3390.47755,loss,-27.475500000001194,24.17550000000011,2
339156,339157,339158,long,3390.84,3388.42245,loss,-27.475500000001194,24.17550000000011,1
339269,339270,339270,long,3358.52,3356.10245,loss,-27.475500000001194,24.17550000000011,0
339393,339394,339394,long,3302.02,3305.646325,win,32.96325000000179,24.17550000000011,0
339447,339448,339449,long,3310.44,3314.0663250000002,win,32.96325000000179,24.17550000000011,1
339583,339584,339584,long,3292.41,3289.9924499999997,loss,-27.475500000001194,24.17550000000011,0
339601,339602,339602,long,3269.16,3272.786325,win,32.96325000000179,24.17550000000011,0
339604,339605,339606,long,3274.03,3277.6563250000004,win,32.96325000000179,24.17550000000011,1
339678,339679,339680,long,3291.02,3294.646325,win,32.96325000000179,24.17550000000011,1
339941,339942,339943,long,3366.09,3369.7163250000003,win,32.96325000000179,24.17550000000011,1
340039,340040,340041,short,3376.12,3378.53755,loss,-27.475500000001194,24.17550000000011,1
340470,340471,340471,short,3357.93,3360.34755,loss,-27.475500000001194,24.17550000000011,0
340547,340548,340549,short,3357.5,3359.91755,loss,-27.475500000001194,24.17550000000011,1
340560,340561,340561,long,3358.67,3362.2963250000003,win,32.96325000000179,24.17550000000011,0
340577,340578,340579,long,3354.8,3352.38245,loss,-27.475500000001194,24.17550000000011,1
340734,340735,340736,short,3350.62,3353.03755,loss,-27.475500000001194,24.17550000000011,1
340926,340927,340930,short,3325.21,3321.583675,win,32.96325000000179,24.17550000000011,3
340994,340995,340997,long,3344.66,3342.2424499999997,loss,-27.475500000001194,24.17550000000011,2
341027,341028,341036,long,3340.04,3337.62245,loss,-27.475500000001194,24.17550000000011,8
341143,341144,341144,short,3365.97,3368.38755,loss,-27.475500000001194,24.17550000000011,0
341267,341268,341268,long,3355.78,3353.36245,loss,-27.475500000001194,24.17550000000011,0
341273,341274,341274,short,3383.36,3379.733675,win,32.96325000000179,24.17550000000011,0
341332,341333,341333,short,3384.76,3387.1775500000003,loss,-27.475500000001194,24.17550000000011,0
341378,341379,341380,long,3379.62,3377.2024499999998,loss,-27.475500000001194,24.17550000000011,1
341459,341460,341461,long,3388.18,3385.7624499999997,loss,-27.475500000001194,24.17550000000011,1
341480,341481,341488,short,3395.36,3397.7775500000002,loss,-27.475500000001194,24.17550000000011,7
341563,341564,341570,long,3408.53,3412.1563250000004,win,32.96325000000179,24.17550000000011,6
341579,341580,341582,short,3412.62,3408.9936749999997,win,32.96325000000179,24.17550000000011,2
341601,341602,341602,short,3428.86,3431.2775500000002,loss,-27.475500000001194,24.17550000000011,0
341763,341764,341764,long,3485.54,3483.12245,loss,-27.475500000001194,24.17550000000011,0
341767,341768,341768,short,3489.45,3491.86755,loss,-27.475500000001194,24.17550000000011,0
341776,341777,341777,short,3497.88,3500.2975500000002,loss,-27.475500000001194,24.17550000000011,0
341895,341896,341898,long,3560.62,3564.246325,win,32.96325000000179,24.17550000000011,2
341909,341910,341910,long,3552.32,3549.90245,loss,-27.475500000001194,24.17550000000011,0
341952,341953,341953,short,3547.81,3550.22755,loss,-27.475500000001194,24.17550000000011,0
341955,341956,341956,short,3548.12,3544.4936749999997,win,32.96325000000179,24.17550000000011,0
341959,341960,341960,short,3547.01,3543.383675,win,32.96325000000179,24.17550000000011,0
341968,341969,341971,short,3553.83,3550.2036749999997,win,32.96325000000179,24.17550000000011,2
342117,342118,342118,short,3608.97,3611.38755,loss,-27.475500000001194,24.17550000000011,0
342141,342142,342142,short,3624.21,3626.62755,loss,-27.475500000001194,24.17550000000011,0
342145,342146,342146,short,3630.23,3632.64755,loss,-27.475500000001194,24.17550000000011,0
342159,342160,342163,short,3633.39,3635.80755,loss,-27.475500000001194,24.17550000000011,3
342189,342190,342191,short,3653.74,3650.1136749999996,win,32.96325000000179,24.17550000000011,1
342198,342199,342202,short,3655.23,3657.64755,loss,-27.475500000001194,24.17550000000011,3
342293,342294,342294,short,3644.03,3640.403675,win,32.96325000000179,24.17550000000011,0
342304,342305,342306,short,3644.55,3646.9675500000003,loss,-27.475500000001194,24.17550000000011,1
342331,342332,342332,long,3647.71,3645.29245,loss,-27.475500000001194,24.17550000000011,0
342492,342493,342493,long,3639.39,3643.016325,win,32.96325000000179,24.17550000000011,0
342506,342507,342507,long,3638.78,3642.4063250000004,win,32.96325000000179,24.17550000000011,0
342569,342570,342572,short,3645.43,3641.8036749999997,win,32.96325000000179,24.17550000000011,2
342616,342617,342618,short,3679.75,3682.16755,loss,-27.475500000001194,24.17550000000011,1
342667,342668,342668,short,3693.41,3689.7836749999997,win,32.96325000000179,24.17550000000011,0
342760,342761,342761,long,3670.9,3668.48245,loss,-27.475500000001194,24.17550000000011,0
342788,342789,342792,short,3683.85,3686.26755,loss,-27.475500000001194,24.17550000000011,3
342797,342798,342799,short,3687.97,3684.3436749999996,win,32.96325000000179,24.17550000000011,1
342807,342808,342808,long,3650.53,3648.11245,loss,-27.475500000001194,24.17550000000011,0
342871,342872,342873,short,3667.08,3669.49755,loss,-27.475500000001194,24.17550000000011,1
342987,342988,342989,short,3678.68,3681.09755,loss,-27.475500000001194,24.17550000000011,1
343009,343010,343012,short,3689.58,3691.99755,loss,-27.475500000001194,24.17550000000011,2
343014,343015,343016,short,3688.38,3690.7975500000002,loss,-27.475500000001194,24.17550000000011,1
343018,343019,343020,short,3686.98,3689.39755,loss,-27.475500000001194,24.17550000000011,1
343242,343243,343243,long,3765.14,3768.766325,win,32.96325000000179,24.17550000000011,0
343250,343251,343251,long,3755.25,3752.83245,loss,-27.475500000001194,24.17550000000011,0
343574,343575,343575,short,3863.61,3866.0275500000002,loss,-27.475500000001194,24.17550000000011,0
343583,343584,343585,short,3869.48,3865.853675,win,32.96325000000179,24.17550000000011,1
343591,343592,343592,long,3843.58,3841.16245,loss,-27.475500000001194,24.17550000000011,0
343685,343686,343686,short,3891.61,3887.983675,win,32.96325000000179,24.17550000000011,0
343687,343688,343689,short,3892.83,3889.2036749999997,win,32.96325000000179,24.17550000000011,1
343802,343803,343803,long,3837.97,3835.5524499999997,loss,-27.475500000001194,24.17550000000011,0
343871,343872,343872,short,3864.52,3860.893675,win,32.96325000000179,24.17550000000011,0
343878,343879,343881,short,3865.31,3861.6836749999998,win,32.96325000000179,24.17550000000011,2
343892,343893,343893,short,3866.99,3869.40755,loss,-27.475500000001194,24.17550000000011,0
344154,344155,344156,short,4036.82,4033.193675,win,32.96325000000179,24.17550000000011,1
344158,344159,344159,short,4034.9,4037.31755,loss,-27.475500000001194,24.17550000000011,0
344259,344260,344260,long,4017.0,4014.58245,loss,-27.475500000001194,24.17550000000011,0
344271,344272,344272,long,3968.56,3966.14245,loss,-27.475500000001194,24.17550000000011,0
344360,344361,344361,long,3990.02,3987.60245,loss,-27.475500000001194,24.17550000000011,0
344898,344899,344899,short,4319.77,4322.187550000001,loss,-27.475500000001194,24.17550000000011,0
344912,344913,344913,short,4346.21,4348.62755,loss,-27.475500000001194,24.17550000000011,0
344951,344952,344952,long,4338.99,4342.616325,win,32.96325000000179,24.17550000000011,0
344962,344963,344963,long,4322.88,4326.506325,win,32.96325000000179,24.17550000000011,0
345268,345269,345269,short,4111.72,4114.13755,loss,-27.475500000001194,24.17550000000011,0
345272,345273,345273,short,4131.75,4134.16755,loss,-27.475500000001194,24.17550000000011,0
345274,345275,345275,short,4129.32,4125.6936749999995,win,32.96325000000179,24.17550000000011,0
345277,345278,345278,short,4125.37,4127.78755,loss,-27.475500000001194,24.17550000000011,0
345284,345285,345285,short,4125.78,4122.153675,win,32.96325000000179,24.17550000000011,0
345295,345296,345296,long,4102.58,4100.16245,loss,-27.475500000001194,24.17550000000011,0
345301,345302,345302,long,4091.69,4089.27245,loss,-27.475500000001194,24.17550000000011,0
345305,345306,345306,long,4074.75,4072.33245,loss,-27.475500000001194,24.17550000000011,0
345312,345313,345313,long,4090.13,4093.7563250000003,win,32.96325000000179,24.17550000000011,0
345328,345329,345329,short,4073.27,4075.68755,loss,-27.475500000001194,24.17550000000011,0
345381,345382,345382,long,4008.16,4005.7424499999997,loss,-27.475500000001194,24.17550000000011,0
345388,345389,345389,short,3992.52,3994.93755,loss,-27.475500000001194,24.17550000000011,0
345422,345423,345423,long,3960.27,3963.896325,win,32.96325000000179,24.17550000000011,0
345429,345430,345430,long,3931.14,3928.7224499999998,loss,-27.475500000001194,24.17550000000011,0
345434,345435,345435,long,3905.48,3903.06245,loss,-27.475500000001194,24.17550000000011,0
345442,345443,345443,long,3915.49,3919.116325,win,32.96325000000179,24.17550000000011,0
345446,345447,345447,long,3927.37,3924.9524499999998,loss,-27.475500000001194,24.17550000000011,0
345555,345556,345556,long,3992.93,3996.556325,win,32.96325000000179,24.17550000000011,0
345557,345558,345558,long,3998.27,3995.85245,loss,-27.475500000001194,24.17550000000011,0
345583,345584,345584,long,3952.65,3956.2763250000003,win,32.96325000000179,24.17550000000011,0
345812,345813,345813,long,4006.97,4004.5524499999997,loss,-27.475500000001194,24.17550000000011,0
345914,345915,345915,long,3930.83,3934.456325,win,32.96325000000179,24.17550000000011,0
345980,345981,345981,short,3982.24,3978.6136749999996,win,32.96325000000179,24.17550000000011,0
345983,345984,345984,short,3979.61,3975.983675,win,32.96325000000179,24.17550000000011,0
345985,345986,345986,short,3965.56,3967.97755,loss,-27.475500000001194,24.17550000000011,0
346072,346073,346073,short,4009.22,4011.63755,loss,-27.475500000001194,24.17550000000011,0
346089,346090,346090,short,4011.61,4007.983675,win,32.96325000000179,24.17550000000011,0
346095,346096,346096,short,4012.12,4008.4936749999997,win,32.96325000000179,24.17550000000011,0
346102,346103,346103,long,3978.27,3981.896325,win,32.96325000000179,24.17550000000011,0
346107,346108,346108,long,3980.7,3978.2824499999997,loss,-27.475500000001194,24.17550000000011,0
346109,346110,346110,long,3969.62,3973.246325,win,32.96325000000179,24.17550000000011,0
346338,346339,346339,short,4129.63,4132.04755,loss,-27.475500000001194,24.17550000000011,0
346406,346407,346408,short,4143.25,4139.623675,win,32.96325000000179,24.17550000000011,1
346416,346417,346418,short,4133.87,4130.243675,win,32.96325000000179,24.17550000000011,1
346438,346439,346439,long,4114.15,4117.776325,win,32.96325000000179,24.17550000000011,0
346441,346442,346442,short,4127.83,4130.24755,loss,-27.475500000001194,24.17550000000011,0
346475,346476,346476,short,4196.18,4198.59755,loss,-27.475500000001194,24.17550000000011,0
346489,346490,346491,short,4195.3,4197.71755,loss,-27.475500000001194,24.17550000000011,1
346491,346492,346493,short,4195.53,4197.94755,loss,-27.475500000001194,24.17550000000011,1
346497,346498,346498,long,4195.98,4193.562449999999,loss,-27.475500000001194,24.17550000000011,0
346504,346505,346505,long,4191.05,4188.63245,loss,-27.475500000001194,24.17550000000011,0
346529,346530,346530,short,4216.48,4218.89755,loss,-27.475500000001194,24.17550000000011,0
346636,346637,346637,long,4152.73,4150.312449999999,loss,-27.475500000001194,24.17550000000011,0
346645,346646,346646,long,4055.17,4052.75245,loss,-27.475500000001194,24.17550000000011,0
346672,346673,346673,short,4087.25,4083.623675,win,32.96325000000179,24.17550000000011,0
346676,346677,346677,long,4079.44,4083.0663250000002,win,32.96325000000179,24.17550000000011,0
346702,346703,346703,long,4083.21,4080.79245,loss,-27.475500000001194,24.17550000000011,0
346713,346714,346714,long,4078.52,4082.146325,win,32.96325000000179,24.17550000000011,0
346828,346829,346829,short,4042.74,4045.15755,loss,-27.475500000001194,24.17550000000011,0
346830,346831,346831,short,4063.26,4065.6775500000003,loss,-27.475500000001194,24.17550000000011,0
346832,346833,346833,short,4073.63,4076.0475500000002,loss,-27.475500000001194,24.17550000000011,0
346891,346892,346892,short,4095.36,4097.77755,loss,-27.475499999996646,24.17550000000011,0
346933,346934,346934,long,4074.2,4071.7824499999997,loss,-27.475500000001194,24.17550000000011,0
346936,346937,346937,long,4065.35,4062.93245,loss,-27.475500000001194,24.17550000000011,0
346992,346993,346993,long,4046.9,4044.48245,loss,-27.475500000001194,24.17550000000011,0
347025,347026,347026,short,4064.99,4067.40755,loss,-27.475500000001194,24.17550000000011,0
347152,347153,347154,long,4046.01,4049.6363250000004,win,32.96325000000179,24.17550000000011,1
347451,347452,347452,short,4160.27,4162.687550000001,loss,-27.475500000001194,24.17550000000011,0
347504,347505,347506,short,4192.29,4188.663675,win,32.96325000000179,24.17550000000011,1
347506,347507,347507,short,4189.21,4191.62755,loss,-27.475500000001194,24.17550000000011,0
347511,347512,347512,short,4188.08,4184.453675,win,32.96325000000179,24.17550000000011,0
347520,347521,347524,short,4184.94,4187.35755,loss,-27.475500000001194,24.17550000000011,3
347543,347544,347545,long,4174.37,4171.95245,loss,-27.475500000001194,24.17550000000011,1
347548,347549,347550,long,4174.47,4172.05245,loss,-27.475500000001194,24.17550000000011,1
347552,347553,347553,short,4174.09,4176.50755,loss,-27.475500000001194,24.17550000000011,0
347559,347560,347561,short,4197.0,4199.41755,loss,-27.475500000001194,24.17550000000011,1
347602,347603,347603,long,4220.04,4223.666325,win,32.96325000000179,24.17550000000011,0
347736,347737,347737,long,4169.42,4167.00245,loss,-27.475500000001194,24.17550000000011,0
347774,347775,347775,short,4223.16,4225.57755,loss,-27.475500000001194,24.17550000000011,0
347792,347793,347794,long,4208.27,4205.85245,loss,-27.475500000001194,24.17550000000011,1
347815,347816,347817,short,4214.07,4216.48755,loss,-27.475500000001194,24.17550000000011,1
347820,347821,347821,short,4237.08,4239.49755,loss,-27.475500000001194,24.17550000000011,0
347972,347973,347973,short,4225.56,4227.9775500000005,loss,-27.475500000001194,24.17550000000011,0
347975,347976,347976,short,4224.45,4226.86755,loss,-27.475500000001194,24.17550000000011,0
347979,347980,347982,short,4224.6,4220.973675,win,32.96325000000179,24.17550000000011,2
347988,347989,347989,short,4224.16,4226.57755,loss,-27.475500000001194,24.17550000000011,0
347991,347992,347993,short,4222.8,4225.21755,loss,-27.475500000001194,24.17550000000011,1
348083,348084,348084,long,4203.21,4200.79245,loss,-27.475500000001194,24.17550000000011,0
348186,348187,348187,short,4200.49,4202.90755,loss,-27.475500000001194,24.17550000000011,0
348374,348375,348375,short,4243.76,4240.133675,win,32.96325000000179,24.17550000000011,0
348378,348379,348379,short,4254.38,4256.79755,loss,-27.475500000001194,24.17550000000011,0
348383,348384,348384,short,4273.47,4275.88755,loss,-27.475500000001194,24.17550000000011,0
348406,348407,348409,long,4275.18,4278.8063250000005,win,32.96325000000179,24.17550000000011,2
348410,348411,348411,long,4275.39,4272.97245,loss,-27.475500000001194,24.17550000000011,0
348419,348420,348420,long,4270.43,4274.0563250000005,win,32.96325000000179,24.17550000000011,0
348423,348424,348425,long,4270.5,4268.08245,loss,-27.475500000001194,24.17550000000011,1
348432,348433,348433,short,4277.71,4280.12755,loss,-27.475500000001194,24.17550000000011,0
348439,348440,348440,short,4287.01,4289.42755,loss,-27.475500000001194,24.17550000000011,0
348557,348558,348558,long,4324.61,4322.19245,loss,-27.475500000001194,24.17550000000011,0
348613,348614,348614,long,4280.57,4278.15245,loss,-27.475500000001194,24.17550000000011,0
348648,348649,348649,short,4319.24,4321.65755,loss,-27.475500000001194,24.17550000000011,0
348654,348655,348655,short,4321.8,4324.21755,loss,-27.475500000001194,24.17550000000011,0
348661,348662,348662,short,4302.87,4305.28755,loss,-27.475500000001194,24.17550000000011,0
348667,348668,348668,short,4311.16,4307.533675,win,32.96325000000179,24.17550000000011,0
348708,348709,348709,short,4336.88,4333.253675,win,32.96325000000179,24.17550000000011,0
348713,348714,348714,short,4322.93,4319.303675,win,32.96325000000179,24.17550000000011,0
348731,348732,348733,long,4316.31,4319.936325000001,win,32.96325000000179,24.17550000000011,1
348739,348740,348740,short,4342.01,4344.42755,loss,-27.475500000001194,24.17550000000011,0
348987,348988,348988,short,4419.32,4415.6936749999995,win,32.96325000000179,24.17550000000011,0
348992,348993,348994,short,4412.26,4414.67755,loss,-27.475500000001194,24.17550000000011,1
349015,349016,349016,short,4423.63,4426.04755,loss,-27.475500000001194,24.17550000000011,0
349022,349023,349023,short,4427.72,4430.13755,loss,-27.475500000001194,24.17550000000011,0
349028,349029,349029,short,4441.62,4437.993675,win,32.96325000000179,24.17550000000011,0
349076,349077,349077,short,4471.36,4473.77755,loss,-27.475500000001194,24.17550000000011,0
349088,349089,349091,long,4481.37,4478.95245,loss,-27.475500000001194,24.17550000000011,2
349101,349102,349103,short,4485.21,4487.62755,loss,-27.475500000001194,24.17550000000011,1
349119,349120,349120,long,4474.13,4477.756325,win,32.96325000000179,24.17550000000011,0
349121,349122,349122,long,4478.12,4475.70245,loss,-27.475500000001194,24.17550000000011,0
349159,349160,349161,short,4493.16,4495.57755,loss,-27.475500000001194,24.17550000000011,1
349163,349164,349164,long,4499.03,4496.61245,loss,-27.475500000001194,24.17550000000011,0
349219,349220,349220,short,4495.02,4497.437550000001,loss,-27.475500000001194,24.17550000000011,0
349223,349224,349224,short,4517.93,4520.34755,loss,-27.475500000001194,24.17550000000011,0
349225,349226,349226,short,4509.99,4512.40755,loss,-27.475500000001194,24.17550000000011,0
349234,349235,349235,short,4502.95,4505.36755,loss,-27.475500000001194,24.17550000000011,0
349247,349248,349248,short,4511.58,4513.99755,loss,-27.475500000001194,24.17550000000011,0
349249,349250,349250,short,4509.29,4511.70755,loss,-27.475500000001194,24.17550000000011,0
349251,349252,349252,short,4511.05,4513.46755,loss,-27.475500000001194,24.17550000000011,0
349256,349257,349257,short,4515.84,4518.25755,loss,-27.475500000001194,24.17550000000011,0
349259,349260,349260,short,4512.66,4515.07755,loss,-27.475500000001194,24.17550000000011,0
349265,349266,349266,long,4505.26,4508.886325,win,32.96325000000179,24.17550000000011,0
349268,349269,349270,long,4510.66,4514.286325,win,32.96325000000179,24.17550000000011,1
349273,349274,349274,short,4517.71,4520.12755,loss,-27.475500000001194,24.17550000000011,0
349277,349278,349278,short,4529.07,4531.48755,loss,-27.475500000001194,24.17550000000011,0
349283,349284,349284,short,4546.5,4548.91755,loss,-27.475500000001194,24.17550000000011,0
349370,349371,349371,long,4373.71,4371.29245,loss,-27.475500000001194,24.17550000000011,0
349501,349502,349502,long,4354.71,4358.336325,win,32.96325000000179,24.17550000000011,0
349609,349610,349610,short,4379.73,4376.103674999999,win,32.96325000000179,24.17550000000011,0
349644,349645,349645,long,4340.56,4338.14245,loss,-27.475500000001194,24.17550000000011,0
349732,349733,349733,long,4426.25,4423.83245,loss,-27.475500000001194,24.17550000000011,0
349734,349735,349735,long,4429.57,4433.196325,win,32.96325000000179,24.17550000000011,0
349738,349739,349739,short,4447.05,4449.46755,loss,-27.475500000001194,24.17550000000011,0
349867,349868,349868,long,4465.36,4462.94245,loss,-27.475500000001194,24.17550000000011,0
350144,350145,350145,short,4566.88,4569.29755,loss,-27.475500000001194,24.17550000000011,0
350162,350163,350163,long,4574.34,4577.966325,win,32.96325000000179,24.17550000000011,0
350165,350166,350166,short,4581.66,4584.07755,loss,-27.475500000001194,24.17550000000011,0
350167,350168,350168,short,4587.68,4584.053675,win,32.96325000000179,24.17550000000011,0
350194,350195,350195,short,4603.69,4606.10755,loss,-27.475500000001194,24.17550000000011,0
350340,350341,350342,short,4633.92,4636.33755,loss,-27.475500000001194,24.17550000000011,1
350454,350455,350455,short,4617.56,4619.9775500000005,loss,-27.475500000001194,24.17550000000011,0
350467,350468,350468,long,4588.07,4585.65245,loss,-27.475500000001194,24.17550000000011,0
350701,350702,350702,short,4714.49,4716.90755,loss,-27.475500000001194,24.17550000000011,0
350720,350721,350721,short,4724.38,4726.79755,loss,-27.475500000001194,24.17550000000011,0
350722,350723,350723,short,4726.34,4728.75755,loss,-27.475500000001194,24.17550000000011,0
350726,350727,350727,short,4729.95,4726.323675,win,32.96325000000179,24.17550000000011,0
350730,350731,350731,short,4723.45,4725.86755,loss,-27.475500000001194,24.17550000000011,0
350934,350935,350935,short,4908.42,4910.83755,loss,-27.475500000001194,24.17550000000011,0
350946,350947,350947,short,4922.7,4925.11755,loss,-27.475500000001194,24.17550000000011,0
350967,350968,350968,short,4943.71,4946.12755,loss,-27.475500000001194,24.17550000000011,0
350984,350985,350985,long,4946.23,4943.812449999999,loss,-27.475500000001194,24.17550000000011,0
350993,350994,350994,long,4918.62,4916.20245,loss,-27.475500000001194,24.17550000000011,0
351104,351105,351105,long,5081.85,5085.4763250000005,win,32.96325000000179,24.17550000000011,0
351285,351286,351286,long,5266.64,5264.22245,loss,-27.475500000001194,24.17550000000011,0
351294,351295,351295,short,5284.27,5286.687550000001,loss,-27.475500000001194,24.17550000000011,0
351297,351298,351298,short,5299.9,5302.31755,loss,-27.475500000001194,24.17550000000011,0
351318,351319,351319,short,5474.81,5477.2275500000005,loss,-27.475500000001194,24.17550000000011,0
351347,351348,351348,short,5585.53,5581.903675,win,32.96325000000179,24.17550000000011,0
351384,351385,351385,long,5121.75,5119.33245,loss,-27.475500000001194,24.17550000000011,0
351422,351423,351423,long,5212.39,5209.97245,loss,-27.475500000001194,24.17550000000011,0
351432,351433,351433,long,5203.47,5201.05245,loss,-27.475500000001194,24.17550000000011,0
351434,351435,351435,long,5224.58,5228.206325,win,32.96325000000179,24.17550000000011,0
351437,351438,351438,long,5184.54,5182.12245,loss,-27.475500000001194,24.17550000000011,0
351462,351463,351463,long,5128.78,5126.36245,loss,-27.475500000001194,24.17550000000011,0
351550,351551,351551,short,4749.33,4751.74755,loss,-27.475500000001194,24.17550000000011,0
351555,351556,351556,short,4778.02,4780.437550000001,loss,-27.475500000001194,24.17550000000011,0
351566,351567,351567,long,4710.25,4707.83245,loss,-27.475500000001194,24.17550000000011,0
351596,351597,351597,short,4731.31,4733.7275500000005,loss,-27.475500000001194,24.17550000000011,0
351778,351779,351779,short,5009.57,5011.98755,loss,-27.475500000001194,24.17550000000011,0
351789,351790,351790,short,4958.39,4960.80755,loss,-27.475500000001194,24.17550000000011,0
351792,351793,351793,long,4896.73,4894.312449999999,loss,-27.475500000001194,24.17550000000011,0
351894,351895,351895,short,4824.08,4826.49755,loss,-27.475500000001194,24.17550000000011,0
352465,352466,352466,short,5013.38,5015.79755,loss,-27.475500000001194,24.17550000000011,0
352548,352549,352549,long,4936.14,4933.72245,loss,-27.475500000001194,24.17550000000011,0
352557,352558,352558,short,4942.59,4938.963675,win,32.96325000000179,24.17550000000011,0
352636,352637,352637,long,4916.59,4914.17245,loss,-27.475500000001194,24.17550000000011,0
352643,352644,352646,long,4914.37,4911.95245,loss,-27.475500000001194,24.17550000000011,2
352657,352658,352658,short,4960.77,4963.187550000001,loss,-27.475500000001194,24.17550000000011,0
352942,352943,352943,short,5210.11,5212.52755,loss,-27.475500000001194,24.17550000000011,0
353024,353025,353025,long,5104.78,5102.36245,loss,-27.475500000001194,24.17550000000011,0
353055,353056,353056,long,5142.64,5140.22245,loss,-27.475500000001194,24.17550000000011,0
353061,353062,353062,long,5140.47,5144.096325,win,32.96325000000179,24.17550000000011,0
353104,353105,353105,long,5163.45,5161.03245,loss,-27.475500000001194,24.17550000000011,0
353114,353115,353115,long,5186.88,5184.46245,loss,-27.475500000001194,24.17550000000011,0
353398,353399,353399,long,5341.97,5339.55245,loss,-27.475500000001194,24.17550000000011,0
353407,353408,353408,long,5306.72,5304.30245,loss,-27.475500000001194,24.17550000000011,0
353412,353413,353413,long,5330.34,5327.92245,loss,-27.475500000001194,24.17550000000011,0
353416,353417,353417,short,5337.21,5339.62755,loss,-27.475500000001194,24.17550000000011,0
353418,353419,353419,short,5341.78,5338.153675,win,32.96325000000179,24.17550000000011,0
353451,353452,353452,long,5319.34,5316.92245,loss,-27.475500000001194,24.17550000000011,0
353478,353479,353479,long,5202.78,5200.36245,loss,-27.475500000001194,24.17550000000011,0
353543,353544,353544,short,5159.53,5155.903675,win,32.96325000000179,24.17550000000011,0
353545,353546,353546,long,5134.16,5137.786325,win,32.96325000000179,24.17550000000011,0
353636,353637,353637,long,5132.43,5130.01245,loss,-27.475500000001194,24.17550000000011,0
353823,353824,353824,short,5124.06,5126.4775500000005,loss,-27.475500000001194,24.17550000000011,0
353827,353828,353828,short,5097.53,5099.94755,loss,-27.475500000001194,24.17550000000011,0
353843,353844,353844,long,5087.03,5090.656325,win,32.96325000000179,24.17550000000011,0
353853,353854,353854,long,5093.87,5091.45245,loss,-27.475500000001194,24.17550000000011,0
354136,354137,354137,long,5124.4,5121.9824499999995,loss,-27.475500000001194,24.17550000000011,0
354146,354147,354147,long,5110.5,5108.08245,loss,-27.475500000001194,24.17550000000011,0
354216,354217,354217,short,5108.21,5110.62755,loss,-27.475500000001194,24.17550000000011,0
354376,354377,354377,short,5012.82,5009.1936749999995,win,32.96325000000179,24.17550000000011,0
354490,354491,354491,long,4939.12,4936.70245,loss,-27.475500000001194,24.17550000000011,0
354567,354568,354568,long,4727.5,4725.08245,loss,-27.475500000001194,24.17550000000011,0
354616,354617,354617,short,4654.36,4656.77755,loss,-27.475500000001194,24.17550000000011,0
354620,354621,354621,short,4670.76,4673.17755,loss,-27.475500000001194,24.17550000000011,0
354684,354685,354685,long,4587.0,4584.58245,loss,-27.475500000001194,24.17550000000011,0
354688,354689,354689,long,4576.63,4574.21245,loss,-27.475500000001194,24.17550000000011,0
354746,354747,354747,long,4182.89,4180.47245,loss,-27.475500000001194,24.17550000000011,0
354918,354919,354919,short,4569.68,4572.09755,loss,-27.475500000001194,24.17550000000011,0
354922,354923,354923,short,4569.37,4571.78755,loss,-27.475500000001194,24.17550000000011,0
354927,354928,354928,long,4555.69,4553.2724499999995,loss,-27.475500000001194,24.17550000000011,0
354931,354932,354932,long,4544.64,4548.2663250000005,win,32.96325000000179,24.17550000000011,0
354961,354962,354962,short,4563.15,4565.56755,loss,-27.475500000001194,24.17550000000011,0
355065,355066,355066,long,4383.02,4380.60245,loss,-27.475500000001194,24.17550000000011,0
355067,355068,355068,long,4381.2,4384.826325,win,32.96325000000179,24.17550000000011,0
355069,355070,355070,long,4374.44,4378.066325,win,32.96325000000179,24.17550000000011,0
355148,355149,355149,short,4525.04,4527.45755,loss,-27.475500000001194,24.17550000000011,0
355153,355154,355154,short,4528.29,4524.663675,win,32.96325000000179,24.17550000000011,0
355155,355156,355156,short,4515.98,4518.39755,loss,-27.475500000001194,24.17550000000011,0
355158,355159,355159,short,4490.21,4492.62755,loss,-27.475500000001194,24.17550000000011,0
355171,355172,355172,long,4486.22,4483.80245,loss,-27.475500000001194,24.17550000000011,0
355174,355175,355175,long,4493.15,4490.7324499999995,loss,-27.475500000001194,24.17550000000011,0
355186,355187,355187,long,4471.33,4468.91245,loss,-27.475500000001194,24.17550000000011,0
355234,355235,355235,short,4543.96,4546.37755,loss,-27.475500000001194,24.17550000000011,0
355237,355238,355238,long,4518.71,4522.336325,win,32.96325000000179,24.17550000000011,0
355278,355279,355279,short,4617.89,4614.263675,win,32.96325000000179,24.17550000000011,0
355306,355307,355307,short,4571.27,4573.687550000001,loss,-27.475500000001194,24.17550000000011,0
355318,355319,355319,short,4592.56,4588.933675,win,32.96325000000179,24.17550000000011,0
355324,355325,355325,short,4581.25,4583.66755,loss,-27.475500000001194,24.17550000000011,0
355326,355327,355327,short,4587.83,4590.24755,loss,-27.475500000001194,24.17550000000011,0
355382,355383,355383,long,4676.81,4674.39245,loss,-27.475500000001194,24.17550000000011,0
355474,355475,355475,long,4661.53,4659.11245,loss,-27.475500000001194,24.17550000000011,0
355478,355479,355479,long,4634.38,4631.96245,loss,-27.475500000001194,24.17550000000011,0
355727,355728,355728,short,4818.18,4820.59755,loss,-27.475500000001194,24.17550000000011,0
355731,355732,355732,short,4833.23,4835.64755,loss,-27.475500000001194,24.17550000000011,0
355737,355738,355738,short,4793.13,4795.54755,loss,-27.475500000001194,24.17550000000011,0
355749,355750,355750,long,4801.96,4805.586325,win,32.96325000000179,24.17550000000011,0
355756,355757,355757,short,4826.27,4828.687550000001,loss,-27.475500000001194,24.17550000000011,0
355761,355762,355762,short,4818.09,4814.463675,win,32.96325000000179,24.17550000000011,0
355994,355995,355995,long,4763.61,4761.19245,loss,-27.475500000001194,24.17550000000011,0
356012,356013,356013,long,4714.99,4712.57245,loss,-27.475500000001194,24.17550000000011,0
356029,356030,356030,short,4720.3,4722.71755,loss,-27.475500000001194,24.17550000000011,0
356031,356032,356032,short,4729.11,4725.4836749999995,win,32.96325000000179,24.17550000000011,0
356033,356034,356034,short,4731.62,4727.993675,win,32.96325000000179,24.17550000000011,0
356054,356055,356055,long,4707.52,4705.10245,loss,-27.475500000001194,24.17550000000011,0
356074,356075,356075,short,4739.84,4742.25755,loss,-27.475500000001194,24.17550000000011,0
356297,356298,356298,short,4823.67,4820.043675,win,32.96325000000179,24.17550000000011,0
356428,356429,356429,short,4883.25,4879.623675,win,32.96325000000179,24.17550000000011,0
356459,356460,356460,long,4764.24,4761.82245,loss,-27.475500000001194,24.17550000000011,0
356467,356468,356468,long,4754.95,4752.53245,loss,-27.475500000001194,24.17550000000011,0
356469,356470,356470,long,4765.26,4762.84245,loss,-27.475500000001194,24.17550000000011,0
356493,356494,356494,long,4786.06,4789.686325000001,win,32.96325000000179,24.17550000000011,0
356585,356586,356586,long,4779.05,4776.63245,loss,-27.475500000001194,24.17550000000011,0
356589,356590,356590,long,4783.16,4780.74245,loss,-27.475500000001194,24.17550000000011,0
356594,356595,356595,long,4791.44,4789.0224499999995,loss,-27.475500000001194,24.17550000000011,0
356651,356652,356652,short,4737.8,4740.21755,loss,-27.475500000001194,24.17550000000011,0
356656,356657,356657,short,4738.07,4740.48755,loss,-27.475500000001194,24.17550000000011,0
356684,356685,356685,short,4758.04,4754.413675,win,32.96325000000179,24.17550000000011,0
356702,356703,356703,long,4746.8,4744.38245,loss,-27.475500000001194,24.17550000000011,0
356814,356815,356815,long,4677.26,4674.84245,loss,-27.475500000001194,24.17550000000011,0
356942,356943,356943,short,4728.08,4724.453675,win,32.96325000000179,24.17550000000011,0
356965,356966,356967,long,4702.21,4699.79245,loss,-27.475500000001194,24.17550000000011,1
356967,356968,356969,long,4703.37,4700.95245,loss,-27.475500000001194,24.17550000000011,1
356972,356973,356973,long,4703.87,4701.45245,loss,-27.475500000001194,24.17550000000011,0
356974,356975,356976,long,4702.4,4706.026325,win,32.96325000000179,24.17550000000011,1
356984,356985,356985,long,4692.35,4689.93245,loss,-27.475500000001194,24.17550000000011,0
356992,356993,356994,long,4674.23,4677.856325,win,32.96325000000179,24.17550000000011,1
357040,357041,357041,long,4652.1,4655.7263250000005,win,32.96325000000179,24.17550000000011,0
357117,357118,357118,long,4580.06,4583.686325000001,win,32.96325000000179,24.17550000000011,0
357180,357181,357181,long,4550.49,4548.07245,loss,-27.475500000001194,24.17550000000011,0
357183,357184,357184,long,4547.37,4544.95245,loss,-27.475500000001194,24.17550000000011,0
357222,357223,357223,long,4544.48,4542.062449999999,loss,-27.475500000001194,24.17550000000011,0
357236,357237,357237,short,4618.82,4615.1936749999995,win,32.96325000000179,24.17550000000011,0
357251,357252,357252,short,4630.36,4632.77755,loss,-27.475500000001194,24.17550000000011,0
357320,357321,357321,long,4601.3,4598.88245,loss,-27.475500000001194,24.17550000000011,0
357327,357328,357328,long,4578.49,4576.07245,loss,-27.475500000001194,24.17550000000011,0
357399,357400,357400,long,4605.59,4609.216325,win,32.96325000000179,24.17550000000011,0
357492,357493,357493,short,4541.85,4538.223675,win,32.96325000000179,24.17550000000011,0
357575,357576,357576,short,4618.7,4621.11755,loss,-27.475500000001194,24.17550000000011,0
357577,357578,357578,short,4624.57,4620.9436749999995,win,32.96325000000179,24.17550000000011,0
357620,357621,357621,short,4673.03,4675.44755,loss,-27.475500000001194,24.17550000000011,0
357787,357788,357788,long,4707.76,4711.386325,win,32.96325000000179,24.17550000000011,0
357902,357903,357903,short,4743.81,4746.2275500000005,loss,-27.475500000001194,24.17550000000011,0
357936,357937,357937,short,4751.13,4753.54755,loss,-27.475500000001194,24.17550000000011,0
357964,357965,357965,long,4705.02,4702.60245,loss,-27.475500000001194,24.17550000000011,0
358039,358040,358040,long,4702.25,4699.83245,loss,-27.475500000001194,24.17550000000011,0
358042,358043,358043,long,4694.35,4691.93245,loss,-27.475500000001194,24.17550000000011,0
358049,358050,358050,long,4701.14,4698.72245,loss,-27.475500000001194,24.17550000000011,0
358060,358061,358061,long,4702.08,4705.706325,win,32.96325000000179,24.17550000000011,0
358067,358068,358068,long,4700.48,4698.062449999999,loss,-27.475500000001194,24.17550000000011,0
358070,358071,358071,long,4693.8,4697.426325,win,32.96325000000179,24.17550000000011,0
358422,358423,358423,long,4538.31,4535.89245,loss,-27.475500000001194,24.17550000000011,0
358427,358428,358428,long,4547.88,4545.46245,loss,-27.475500000001194,24.17550000000011,0
358605,358606,358606,long,4523.01,4520.59245,loss,-27.475500000001194,24.17550000000011,0
358608,358609,358609,long,4531.31,4528.89245,loss,-27.475500000001194,24.17550000000011,0
358613,358614,358614,long,4512.58,4516.206325,win,32.96325000000179,24.17550000000011,0
358616,358617,358617,short,4534.05,4536.46755,loss,-27.475500000001194,24.17550000000011,0
358619,358620,358620,long,4531.98,4535.606325,win,32.96325000000179,24.17550000000011,0
358880,358881,358881,long,4526.44,4530.066325,win,32.96325000000179,24.17550000000011,0
359028,359029,359030,short,4458.33,4454.703675,win,32.96325000000179,24.17550000000011,1
359039,359040,359040,long,4418.88,4416.46245,loss,-27.475500000001194,24.17550000000011,0
359228,359229,359230,long,4522.64,4520.22245,loss,-27.475500000001194,24.17550000000011,1
359337,359338,359338,short,4535.68,4538.09755,loss,-27.475500000001194,24.17550000000011,0
359341,359342,359342,short,4535.09,4537.50755,loss,-27.475500000001194,24.17550000000011,0
359351,359352,359353,short,4528.18,4530.59755,loss,-27.475500000001194,24.17550000000011,1
359617,359618,359618,short,4460.7,4463.11755,loss,-27.475500000001194,24.17550000000011,0
359619,359620,359620,short,4466.44,4462.813674999999,win,32.96325000000179,24.17550000000011,0
359636,359637,359637,long,4445.94,4443.5224499999995,loss,-27.475500000001194,24.17550000000011,0
359640,359641,359641,long,4389.3,4386.88245,loss,-27.475500000001194,24.17550000000011,0
359771,359772,359772,long,4316.57,4320.196325,win,32.96325000000179,24.17550000000011,0
359834,359835,359835,long,4259.63,4257.21245,loss,-27.475500000001194,24.17550000000011,0
359836,359837,359837,long,4244.47,4242.05245,loss,-27.475500000001194,24.17550000000011,0
359850,359851,359854,long,4258.27,4255.85245,loss,-27.475500000001194,24.17550000000011,3
359959,359960,359960,short,4104.09,4106.50755,loss,-27.475500000001194,24.17550000000011,0
359974,359975,359975,short,4077.13,4079.5475500000002,loss,-27.475500000001194,24.17550000000011,0
359977,359978,359978,short,4094.07,4090.443675,win,32.96325000000179,24.17550000000011,0
360047,360048,360048,short,4220.2,4222.61755,loss,-27.475500000001194,24.17550000000011,0
360056,360057,360057,long,4186.08,4183.66245,loss,-27.475500000001194,24.17550000000011,0
360063,360064,360064,long,4192.36,4195.986325,win,32.96325000000179,24.17550000000011,0
360069,360070,360070,long,4173.21,4176.836325,win,32.96325000000179,24.17550000000011,0
360072,360073,360073,long,4176.32,4179.946325,win,32.96325000000179,24.17550000000011,0
360075,360076,360076,long,4173.95,4171.53245,loss,-27.475500000001194,24.17550000000011,0
360088,360089,360089,short,4215.18,4217.59755,loss,-27.475500000001194,24.17550000000011,0
360208,360209,360210,long,4321.9,4319.4824499999995,loss,-27.475500000001194,24.17550000000011,1
360237,360238,360238,long,4313.33,4310.91245,loss,-27.475500000001194,24.17550000000011,0
360239,360240,360240,long,4312.46,4310.04245,loss,-27.475500000001194,24.17550000000011,0
360262,360263,360263,short,4337.77,4340.187550000001,loss,-27.475500000001194,24.17550000000011,0
360379,360380,360380,short,4360.28,4362.69755,loss,-27.475500000001194,24.17550000000011,0
360458,360459,360459,long,4247.17,4244.75245,loss,-27.475500000001194,24.17550000000011,0
360473,360474,360474,long,4252.15,4249.7324499999995,loss,-27.475500000001194,24.17550000000011,0
360534,360535,360535,long,4156.91,4154.49245,loss,-27.475500000001194,24.17550000000011,0
360539,360540,360540,short,4176.03,4172.403675,win,32.96325000000179,24.17550000000011,0
360580,360581,360581,long,4145.41,4142.99245,loss,-27.475500000001194,24.17550000000011,0
360621,360622,360622,short,4208.01,4210.42755,loss,-27.475500000001194,24.17550000000011,0
360710,360711,360711,long,4111.11,4114.736325,win,32.96325000000179,24.17550000000011,0
360712,360713,360713,long,4117.04,4120.666325,win,32.96325000000179,24.17550000000011,0
360729,360730,360730,short,4135.3,4137.71755,loss,-27.475500000001194,24.17550000000011,0
360737,360738,360738,short,4138.97,4135.343675,win,32.96325000000179,24.17550000000011,0
360745,360746,360746,short,4127.82,4130.23755,loss,-27.475500000001194,24.17550000000011,0
360747,360748,360748,short,4120.48,4116.853674999999,win,32.96325000000179,24.17550000000011,0
360753,360754,360754,long,4111.84,4109.42245,loss,-27.475500000001194,24.17550000000011,0
360758,360759,360759,long,4113.76,4111.34245,loss,-27.475500000001194,24.17550000000011,0
360789,360790,360790,long,4076.1,4079.726325,win,32.96325000000179,24.17550000000011,0
360977,360978,360978,short,4031.53,4027.903675,win,32.96325000000179,24.17550000000011,0
360982,360983,360983,short,4030.85,4033.26755,loss,-27.475500000001194,24.17550000000011,0
360988,360989,360989,short,4047.89,4050.30755,loss,-27.475500000001194,24.17550000000011,0
361195,361196,361196,short,4028.77,4031.18755,loss,-27.475500000001194,24.17550000000011,0
361249,361250,361250,long,3973.72,3971.3024499999997,loss,-27.475500000001194,24.17550000000011,0
361269,361270,361270,short,3997.74,4000.15755,loss,-27.475500000001194,24.17550000000011,0
361344,361345,361345,short,4067.98,4070.39755,loss,-27.475500000001194,24.17550000000011,0
361349,361350,361350,short,4064.04,4066.45755,loss,-27.475500000001194,24.17550000000011,0
361436,361437,361438,long,4171.13,4174.756325,win,32.96325000000179,24.17550000000011,1
361441,361442,361442,long,4177.43,4181.0563250000005,win,32.96325000000179,24.17550000000011,0
361469,361470,361470,long,4169.65,4173.276325,win,32.96325000000179,24.17550000000011,0
361598,361599,361599,long,4122.15,4125.776325,win,32.96325000000179,24.17550000000011,0
361608,361609,361609,long,4129.86,4127.44245,loss,-27.475500000001194,24.17550000000011,0
361626,361627,361627,short,4173.28,4169.653675,win,32.96325000000179,24.17550000000011,0
361639,361640,361640,short,4142.9,4145.31755,loss,-27.475500000001194,24.17550000000011,0
361654,361655,361655,long,4105.6,4103.18245,loss,-27.475500000001194,24.17550000000011,0
361672,361673,361673,long,4123.14,4120.72245,loss,-27.475500000001194,24.17550000000011,0
361679,361680,361681,short,4118.66,4115.033675,win,32.96325000000179,24.17550000000011,1
361682,361683,361683,short,4127.89,4130.30755,loss,-27.475500000001194,24.17550000000011,0
361704,361705,361705,long,4065.34,4062.92245,loss,-27.475500000001194,24.17550000000011,0
361718,361719,361719,long,4071.98,4069.56245,loss,-27.475500000001194,24.17550000000011,0
361764,361765,361765,short,4076.84,4073.213675,win,32.96325000000179,24.17550000000011,0
361792,361793,361793,short,4108.98,4105.353674999999,win,32.96325000000179,24.17550000000011,0
361808,361809,361809,short,4106.14,4108.55755,loss,-27.475500000001194,24.17550000000011,0
362031,362032,362033,long,4004.16,4001.7424499999997,loss,-27.475500000001194,24.17550000000011,1
362045,362046,362046,short,4010.37,4012.78755,loss,-27.475500000001194,24.17550000000011,0
362049,362050,362050,short,4012.05,4014.4675500000003,loss,-27.475500000001194,24.17550000000011,0
362260,362261,362262,short,4034.12,4030.4936749999997,win,32.96325000000179,24.17550000000011,1
362511,362512,362512,short,4047.32,4043.693675,win,32.96325000000179,24.17550000000011,0
362513,362514,362514,short,4046.74,4049.15755,loss,-27.475500000001194,24.17550000000011,0
362521,362522,362522,short,4061.52,4063.93755,loss,-27.475500000001194,24.17550000000011,0
362644,362645,362645,short,4142.55,4144.96755,loss,-27.475500000001194,24.17550000000011,0
362648,362649,362649,short,4151.0,4147.373675,win,32.96325000000179,24.17550000000011,0
362987,362988,362989,short,4049.95,4046.3236749999996,win,32.96325000000179,24.17550000000011,1
363076,363077,363078,short,4042.55,4044.9675500000003,loss,-27.475500000001194,24.17550000000011,1
363117,363118,363118,long,4027.13,4030.7563250000003,win,32.96325000000179,24.17550000000011,0
363125,363126,363126,short,4108.25,4110.66755,loss,-27.475500000001194,24.17550000000011,0
363136,363137,363137,short,4081.38,4083.7975500000002,loss,-27.475500000001194,24.17550000000011,0
363141,363142,363142,short,4084.39,4080.7636749999997,win,32.96325000000179,24.17550000000011,0
363155,363156,363156,long,4053.66,4051.2424499999997,loss,-27.475500000001194,24.17550000000011,0
363158,363159,363160,long,4053.14,4050.7224499999998,loss,-27.475500000001194,24.17550000000011,1
363164,363165,363165,long,4033.14,4030.7224499999998,loss,-27.475500000001194,24.17550000000011,0
363174,363175,363175,long,4053.07,4056.6963250000003,win,32.96325000000179,24.17550000000011,0
363193,363194,363194,short,4068.62,4071.03755,loss,-27.475500000001194,24.17550000000011,0
363308,363309,363310,short,4049.27,4051.68755,loss,-27.475500000001194,24.17550000000011,1
363422,363423,363423,short,4046.75,4049.16755,loss,-27.475500000001194,24.17550000000011,0
363521,363522,363522,short,4128.98,4131.39755,loss,-27.475500000001194,24.17550000000011,0
363533,363534,363534,short,4161.56,4163.9775500000005,loss,-27.475500000001194,24.17550000000011,0
363596,363597,363598,short,4248.17,4250.58755,loss,-27.475500000001194,24.17550000000011,1
