signal_bar,entry_bar,exit_bar,direction,entry_price,exit_price,outcome,pnl_pip,sl_pip,bars_held
350,351,398,long,1374.15,1370.0,loss,-44.80000000000091,307.0,47
546,547,594,long,1374.5,1380.05,win,52.19999999999955,307.0,47
618,619,666,short,1380.6,1385.65,loss,-53.800000000001816,307.0,47
725,726,773,long,1383.55,1385.35,win,14.699999999999545,307.0,47
786,787,834,short,1381.55,1373.4,win,78.19999999999864,307.0,47
1158,1159,1206,long,1376.9,1368.45,loss,-87.80000000000045,307.0,47
1353,1354,1401,long,1345.35,1344.35,loss,-13.3,307.0,47
1470,1471,1518,short,1326.55,1332.9,loss,-66.80000000000136,307.0,47
1753,1754,1780,short,1314.4,1345.1000000000001,loss,-310.30000000000047,307.0,26
1800,1801,1848,long,1342.4,1329.65,loss,-130.8,307.0,47
1867,1868,1915,long,1330.35,1339.0,win,83.20000000000091,307.0,47
1933,1934,1981,short,1335.5,1339.6,loss,-44.29999999999909,307.0,47
2109,2110,2157,short,1330.85,1352.45,loss,-219.30000000000138,307.0,47
2204,2205,2252,short,1350.35,1348.35,win,16.7,307.0,47
2365,2366,2413,short,1349.5,1350.2,loss,-10.300000000000455,307.0,47
2455,2456,2503,long,1364.5,1363.95,loss,-8.799999999999546,307.0,47
2503,2504,2551,long,1363.9,1361.6,loss,-26.30000000000182,307.0,47
2908,2909,2956,short,1372.7,1376.15,loss,-37.80000000000045,307.0,47
2985,2986,3033,long,1377.05,1378.25,win,8.700000000000454,307.0,47
3238,3239,3286,long,1400.05,1403.3,win,29.2,307.0,47
3339,3340,3387,short,1398.1,1398.1,loss,-3.3,307.0,47
3515,3516,3563,short,1412.1,1404.1,win,76.7,307.0,47
3578,3579,3626,long,1408.35,1408.4,loss,-2.799999999998181,307.0,47
3759,3760,3807,long,1414.3,1429.25,win,146.20000000000044,307.0,47
4162,4163,4210,short,1436.8,1432.35,win,41.20000000000046,307.0,47
4293,4294,4341,short,1427.9,1434.4,loss,-68.3,307.0,47
4517,4518,4565,short,1410.65,1417.5,loss,-71.79999999999909,307.0,47
4628,4629,4676,short,1425.35,1410.6,win,144.2,307.0,47
4982,4983,5030,short,1415.6,1427.35,loss,-120.8,307.0,47
5060,5061,5108,long,1427.65,1426.85,loss,-11.30000000000182,307.0,47
5234,5235,5282,long,1431.1,1437.2,win,57.70000000000137,307.0,47
5321,5322,5369,long,1439.7,1428.95,loss,-110.8,307.0,47
5791,5792,5839,long,1432.85,1432.6,loss,-5.8,307.0,47
5861,5862,5909,long,1433.6,1428.4,loss,-55.29999999999818,307.0,47
6053,6054,6101,short,1436.05,1453.15,loss,-174.30000000000138,307.0,47
6179,6180,6227,short,1454.95,1455.25,loss,-6.299999999999545,307.0,47
6242,6243,6290,long,1456.7,1460.15,win,31.200000000000454,307.0,47
6547,6548,6595,short,1454.1,1455.45,loss,-16.800000000001365,307.0,47
6870,6871,6918,short,1484.65,1486.75,loss,-24.29999999999909,307.0,47
6964,6965,7012,short,1490.1,1490.55,loss,-7.800000000000455,307.0,47
7102,7103,7150,long,1503.05,1506.6,win,32.19999999999955,307.0,47
7279,7280,7327,short,1511.95,1503.55,win,80.70000000000091,307.0,47
7367,7368,7415,short,1503.8,1508.2,loss,-47.30000000000091,307.0,47
7556,7557,7604,short,1530.05,1535.9,loss,-61.80000000000136,307.0,47
7642,7643,7677,long,1534.85,1565.55,win,303.70000000000044,307.0,34
7852,7853,7900,long,1545.5,1532.4,loss,-134.2999999999991,307.0,47
8050,8051,8098,short,1469.5,1479.7,loss,-105.30000000000045,307.0,47
8132,8133,8180,short,1488.15,1504.05,loss,-162.29999999999865,307.0,47
9021,9022,9069,long,1498.0,1513.65,win,153.2000000000009,307.0,47
9176,9177,9224,short,1515.35,1522.65,loss,-76.30000000000182,307.0,47
9284,9285,9332,long,1524.55,1526.55,win,16.7,307.0,47
9622,9623,9670,short,1537.5,1538.45,loss,-12.800000000000455,307.0,47
9875,9876,9923,short,1526.4,1532.25,loss,-61.79999999999909,307.0,47
10042,10043,10090,long,1545.2,1544.4,loss,-11.299999999999546,307.0,47
10151,10152,10199,long,1546.45,1540.6,loss,-61.80000000000136,307.0,47
10237,10238,10285,long,1535.5,1535.65,loss,-1.7999999999990903,307.0,47
10330,10331,10378,long,1538.4,1543.05,win,43.19999999999864,307.0,47
10532,10533,10580,short,1513.55,1521.0,loss,-77.80000000000045,307.0,47
10799,10800,10847,short,1525.0,1527.05,loss,-23.799999999999546,307.0,47
11021,11022,11069,long,1541.5,1543.85,win,20.19999999999909,307.0,47
11072,11073,11120,short,1541.95,1546.45,loss,-48.3,307.0,47
11244,11245,11292,short,1541.6,1523.0,win,182.69999999999908,307.0,47
11781,11782,11829,long,1501.65,1483.95,loss,-180.30000000000047,307.0,47
12077,12078,12125,short,1602.85,1607.85,loss,-53.3,307.0,47
12149,12150,12197,long,1604.4,1589.1,loss,-156.30000000000183,307.0,47
12228,12229,12276,short,1586.75,1600.5,loss,-140.8,307.0,47
12546,12547,12594,long,1614.9,1611.55,loss,-36.80000000000136,307.0,47
12801,12802,12849,short,1609.85,1617.8,loss,-82.80000000000045,307.0,47
12873,12874,12921,long,1613.25,1626.9,win,133.2000000000009,307.0,47
12985,12986,13033,long,1622.55,1619.9,loss,-29.799999999998636,307.0,47
13386,13387,13434,long,1688.8,1707.65,win,185.20000000000135,307.0,47
13683,13684,13731,short,1782.0,1751.3,win,303.70000000000044,307.0,47
13819,13820,13867,short,1741.4,1744.7,loss,-36.29999999999954,307.0,47
13929,13930,13977,long,1760.9,1766.1,win,48.699999999998184,307.0,47
14041,14042,14089,short,1783.45,1790.75,loss,-76.29999999999954,307.0,47
14169,14170,14212,long,1796.4,1827.1000000000001,win,303.70000000000044,307.0,42
14241,14242,14272,long,1840.7,1871.4,win,303.70000000000044,307.0,30
14475,14476,14480,long,1884.85,1854.1499999999999,loss,-310.30000000000047,307.0,4
14489,14490,14537,short,1836.8,1846.2,loss,-97.3000000000009,307.0,47
14548,14549,14563,short,1844.9,1814.2,win,303.70000000000044,307.0,14
14745,14746,14766,short,1774.45,1805.15,loss,-310.30000000000047,307.0,20
14772,14773,14820,long,1817.3,1816.85,loss,-7.800000000000455,307.0,47
14833,14834,14840,long,1821.8,1791.1,loss,-310.30000000000047,307.0,6
14958,14959,15006,long,1838.9,1829.3,loss,-99.30000000000136,307.0,47
15013,15014,15061,long,1832.5,1826.45,loss,-63.79999999999954,307.0,47
15143,15144,15189,short,1822.2,1852.9,loss,-310.30000000000047,307.0,45
15251,15252,15299,short,1884.8,1888.75,loss,-42.80000000000045,307.0,47
15790,15791,15823,long,1824.3,1793.6,loss,-310.30000000000047,307.0,32
15971,15972,16019,long,1822.0,1806.85,loss,-154.80000000000092,307.0,47
16131,16132,16179,long,1807.1,1821.85,win,144.2,307.0,47
16197,16198,16218,short,1814.15,1783.45,win,303.70000000000044,307.0,20
16259,16260,16307,short,1778.7,1781.25,loss,-28.799999999999546,307.0,47
16490,16491,16538,short,1737.2,1754.4,loss,-175.30000000000047,307.0,47
16880,16881,16905,short,1616.05,1585.35,win,303.70000000000044,307.0,24
17102,17103,17127,short,1629.7,1660.4,loss,-310.30000000000047,307.0,24
17180,17181,17228,long,1669.75,1659.1,loss,-109.8000000000009,307.0,47
17244,17245,17292,short,1612.2,1627.2,loss,-153.3,307.0,47
17398,17399,17446,short,1640.25,1646.05,loss,-61.29999999999954,307.0,47
17878,17879,17926,long,1669.65,1666.65,loss,-33.3,307.0,47
17980,17981,18028,short,1675.7,1680.9,loss,-55.30000000000045,307.0,47
18042,18043,18090,short,1679.4,1668.0,win,110.70000000000091,307.0,47
18231,18232,18279,short,1650.05,1642.45,win,72.6999999999991,307.0,47
18485,18486,18533,short,1639.5,1657.55,loss,-183.79999999999956,307.0,47
18535,18536,18583,short,1649.95,1653.45,loss,-38.3,307.0,47
18611,18612,18635,short,1656.8,1687.5,loss,-310.30000000000047,307.0,23
18898,18899,18946,long,1738.6,1744.0,win,50.70000000000091,307.0,47
19196,19197,19244,short,1726.7,1733.55,loss,-71.79999999999909,307.0,47
19301,19302,19349,short,1762.25,1755.2,win,67.19999999999955,307.0,47
19625,19626,19673,long,1783.85,1767.35,loss,-168.3,307.0,47
19709,19710,19734,long,1766.0,1735.3,loss,-310.30000000000047,307.0,24
19903,19904,19951,long,1779.4,1779.9,win,1.7000000000000002,307.0,47
20067,20068,20115,long,1769.4,1774.0,win,42.69999999999909,307.0,47
20226,20227,20274,short,1716.8,1732.85,loss,-163.79999999999956,307.0,47
20278,20279,20326,short,1722.7,1720.15,win,22.199999999999545,307.0,47
20530,20531,20578,short,1704.05,1688.25,win,154.69999999999953,307.0,47
20692,20693,20740,short,1689.65,1684.55,win,47.70000000000137,307.0,47
21124,21125,21172,short,1741.1,1758.3,loss,-175.30000000000047,307.0,47
21197,21198,21245,long,1748.35,1745.05,loss,-36.29999999999954,307.0,47
21376,21377,21424,long,1718.55,1728.4,win,95.20000000000137,307.0,47
21518,21519,21557,long,1738.3,1707.6,loss,-310.30000000000047,307.0,38
21599,21600,21647,short,1709.6,1709.85,loss,-5.8,307.0,47
21920,21921,21927,short,1612.15,1581.45,win,303.70000000000044,307.0,6
22001,22002,22049,short,1586.7,1578.8,win,75.70000000000091,307.0,47
22279,22280,22327,short,1604.05,1620.7,loss,-169.80000000000092,307.0,47
22427,22428,22475,short,1608.8,1608.78,loss,-3.1000000000001817,307.0,47
22516,22517,22564,long,1611.48,1608.25,loss,-35.60000000000018,307.0,47
22732,22733,22774,short,1582.56,1551.86,win,303.70000000000044,307.0,41
22859,22860,22907,long,1539.36,1559.45,win,197.60000000000144,307.0,47
22952,22953,23000,short,1564.25,1588.8,loss,-248.79999999999956,307.0,47
23005,23006,23053,short,1584.93,1604.34,loss,-197.39999999999856,307.0,47
23096,23097,23144,long,1610.91,1611.97,win,7.2999999999994545,307.0,47
23160,23161,23208,long,1613.22,1608.56,loss,-49.900000000000816,307.0,47
23220,23221,23268,long,1607.67,1624.0,win,159.99999999999926,307.0,47
23281,23282,23329,short,1620.47,1617.14,win,29.99999999999927,307.0,47
23373,23374,23421,long,1617.69,1608.34,loss,-96.80000000000136,307.0,47
23589,23590,23637,long,1642.31,1642.53,loss,-1.099999999999727,307.0,47
23763,23764,23811,long,1642.87,1633.76,loss,-94.399999999999,307.0,47
23844,23845,23892,short,1643.4,1643.58,loss,-5.099999999998363,307.0,47
24021,24022,24069,short,1652.66,1658.05,loss,-57.199999999998724,307.0,47
24285,24286,24333,long,1671.05,1678.68,win,73.0000000000011,307.0,47
24767,24768,24815,short,1724.48,1728.83,loss,-46.79999999999909,307.0,47
25413,25414,25461,short,1746.84,1733.64,win,128.69999999999817,307.0,47
25779,25780,25827,long,1718.41,1714.9,loss,-38.399999999999906,307.0,47
25859,25860,25907,short,1723.14,1730.74,loss,-79.29999999999909,307.0,47
25974,25975,26022,long,1718.43,1728.3,win,95.39999999999891,307.0,47
26262,26263,26310,long,1747.02,1754.21,win,68.60000000000055,307.0,47
26422,26423,26470,long,1775.45,1784.43,win,86.50000000000018,307.0,47
26522,26523,26570,long,1779.67,1772.2,loss,-78.00000000000027,307.0,47
26647,26648,26695,short,1773.56,1770.32,win,29.10000000000009,307.0,47
26696,26697,26744,long,1772.04,1786.63,win,142.60000000000144,307.0,47
27014,27015,27062,long,1716.6,1712.55,loss,-43.79999999999954,307.0,47
27232,27233,27280,short,1673.49,1681.21,loss,-80.50000000000027,307.0,47
27361,27362,27409,long,1701.27,1699.88,loss,-17.199999999998727,307.0,47
27508,27509,27556,short,1711.25,1697.98,win,129.3999999999998,307.0,47
27643,27644,27680,short,1694.23,1663.53,win,303.70000000000044,307.0,36
27909,27910,27957,short,1657.43,1659.1,loss,-19.999999999998455,307.0,47
28018,28019,28066,long,1656.59,1660.93,win,40.10000000000146,307.0,47
28196,28197,28244,short,1650.51,1650.97,loss,-7.900000000000364,307.0,47
28275,28276,28323,short,1644.17,1643.33,win,5.100000000001455,307.0,47
28356,28357,28404,short,1642.41,1662.7,loss,-206.19999999999965,307.0,47
28556,28557,28604,long,1695.31,1679.7,loss,-159.399999999999,307.0,47
28624,28625,28672,long,1680.68,1673.66,loss,-73.49999999999982,307.0,47
28681,28682,28729,short,1658.08,1657.97,loss,-2.2000000000010003,307.0,47
28757,28758,28805,long,1661.98,1662.98,win,6.7,307.0,47
28911,28912,28959,long,1670.02,1679.51,win,91.6000000000001,307.0,47
28981,28982,29029,long,1677.65,1674.78,loss,-32.00000000000118,307.0,47
29083,29084,29131,short,1643.28,1625.64,win,173.09999999999872,307.0,47
29151,29152,29199,long,1622.37,1625.38,win,26.800000000002182,307.0,47
29200,29201,29248,short,1624.31,1630.93,loss,-69.50000000000118,307.0,47
29850,29851,29898,long,1649.53,1650.42,win,5.600000000001001,307.0,47
29941,29942,29989,short,1651.26,1640.24,win,106.89999999999982,307.0,47
30127,30128,30175,short,1643.9,1643.11,win,4.60000000000191,307.0,47
30312,30313,30360,long,1637.25,1641.06,win,34.79999999999946,307.0,47
31048,31049,31096,long,1634.99,1643.53,win,82.09999999999964,307.0,47
31230,31231,31262,long,1637.5,1606.8,loss,-310.30000000000047,307.0,31
31514,31515,31562,short,1576.57,1580.55,loss,-43.10000000000018,307.0,47
31578,31579,31626,long,1583.36,1563.06,loss,-206.29999999999956,307.0,47
31636,31637,31684,long,1562.58,1553.84,loss,-90.70000000000009,307.0,47
31693,31694,31741,short,1548.89,1556.23,loss,-76.69999999999918,307.0,47
31904,31905,31952,long,1556.05,1575.03,win,186.50000000000017,307.0,47
31968,31969,32016,short,1573.4,1589.55,loss,-164.79999999999865,307.0,47
32165,32166,32213,short,1582.01,1569.06,win,126.20000000000046,307.0,47
32283,32284,32331,short,1553.23,1561.16,loss,-82.60000000000063,307.0,47
32361,32362,32409,long,1561.52,1558.06,loss,-37.90000000000036,307.0,47
32793,32794,32841,long,1563.75,1562.16,loss,-19.199999999999182,307.0,47
32913,32914,32919,long,1580.73,1611.43,win,303.70000000000044,307.0,5
32993,32994,33041,long,1620.86,1619.43,loss,-17.599999999998364,307.0,47
33107,33108,33155,long,1618.65,1624.9,win,59.2,307.0,47
33331,33332,33337,short,1586.31,1555.61,win,303.70000000000044,307.0,5
33484,33485,33532,long,1592.91,1591.66,loss,-15.8,307.0,47
33556,33557,33604,long,1591.37,1610.15,win,184.500000000002,307.0,47
33829,33830,33877,short,1623.76,1626.69,loss,-32.600000000000634,307.0,47
33939,33940,33987,long,1622.46,1628.38,win,55.90000000000073,307.0,47
34228,34229,34276,short,1571.77,1566.25,win,51.89999999999982,307.0,47
34292,34293,34340,long,1568.01,1571.55,win,32.09999999999964,307.0,47
34412,34413,34460,short,1571.54,1583.62,loss,-124.09999999999927,307.0,47
34476,34477,34524,long,1585.66,1572.87,loss,-131.20000000000192,307.0,47
34632,34633,34680,long,1575.25,1567.02,loss,-85.60000000000018,307.0,47
35296,35297,35344,short,1580.64,1587.73,loss,-74.19999999999918,307.0,47
35391,35392,35439,long,1587.66,1567.22,loss,-207.70000000000056,307.0,47
35522,35523,35570,short,1571.22,1569.82,win,10.700000000000909,307.0,47
35606,35607,35654,long,1567.15,1570.45,win,29.699999999999545,307.0,47
35941,35942,35989,long,1581.76,1574.91,loss,-71.79999999999909,307.0,47
36216,36217,36264,short,1576.15,1576.49,loss,-6.699999999999181,307.0,47
36396,36397,36444,short,1583.3,1603.94,loss,-209.700000000001,307.0,47
36504,36505,36552,short,1603.89,1615.75,loss,-121.899999999999,307.0,47
36588,36589,36636,long,1617.88,1621.21,win,29.99999999999927,307.0,47
36695,36696,36743,long,1620.06,1621.63,win,12.400000000001636,307.0,47
36801,36802,36849,short,1621.55,1613.0,win,82.19999999999955,307.0,47
36895,36896,36943,short,1599.59,1603.01,loss,-37.500000000000725,307.0,47
37132,37133,37180,short,1604.33,1612.16,loss,-81.60000000000154,307.0,47
37268,37269,37316,short,1610.93,1610.91,loss,-3.1000000000001817,307.0,47
37331,37332,37379,short,1607.74,1612.47,loss,-50.60000000000018,307.0,47
37649,37650,37697,long,1619.45,1611.77,loss,-80.10000000000063,307.0,47
37887,37888,37935,short,1602.0,1616.48,loss,-148.1000000000002,307.0,47
37996,37997,38044,short,1616.53,1617.23,loss,-10.300000000000455,307.0,47
38082,38083,38130,short,1617.08,1620.45,loss,-37.00000000000118,307.0,47
38223,38224,38271,long,1637.31,1641.02,win,33.80000000000037,307.0,47
38358,38359,38406,short,1661.95,1669.62,loss,-79.99999999999845,307.0,47
38745,38746,38793,long,1665.48,1657.1,loss,-87.10000000000109,307.0,47
38828,38829,38876,short,1656.79,1655.97,win,4.8999999999993635,307.0,47
38921,38922,38954,short,1657.63,1688.3300000000002,loss,-310.30000000000047,307.0,32
39519,39520,39567,long,1729.5,1736.62,win,67.89999999999891,307.0,47
39745,39746,39769,long,1731.71,1762.41,win,303.70000000000044,307.0,23
40172,40173,40220,short,1767.95,1764.29,win,33.30000000000082,307.0,47
40410,40411,40458,short,1762.19,1764.48,loss,-26.199999999999637,307.0,47
40567,40568,40615,long,1763.53,1752.95,loss,-109.09999999999927,307.0,47
40627,40628,40675,long,1756.2,1763.93,win,74.00000000000018,307.0,47
40758,40759,40806,short,1777.85,1765.43,win,120.89999999999846,307.0,47
41010,41011,41058,long,1774.3,1779.16,win,45.300000000001276,307.0,47
41106,41107,41154,short,1780.71,1793.45,loss,-130.7000000000001,307.0,47
41309,41310,41357,short,1767.95,1775.75,loss,-81.29999999999954,307.0,47
41648,41649,41696,short,1768.85,1762.69,win,58.29999999999855,307.0,47
41705,41706,41753,short,1755.31,1744.15,win,108.29999999999855,307.0,47
41771,41772,41819,long,1747.06,1735.65,loss,-117.39999999999854,307.0,47
41968,41969,42016,long,1749.69,1750.3,win,2.7999999999989997,307.0,47
42028,42029,42076,long,1749.92,1742.95,loss,-73.00000000000027,307.0,47
42206,42207,42254,long,1726.38,1727.85,win,11.399999999997998,307.0,47
42257,42258,42305,short,1725.25,1723.6,win,13.200000000000909,307.0,47
42307,42308,42355,long,1723.93,1705.08,loss,-191.80000000000138,307.0,47
42464,42465,42512,long,1706.85,1716.71,win,95.30000000000128,307.0,47
42553,42554,42601,long,1713.05,1703.59,loss,-97.90000000000036,307.0,47
42672,42673,42720,short,1712.97,1708.67,win,39.69999999999955,307.0,47
42951,42952,42999,long,1723.97,1713.72,loss,-105.8,307.0,47
43031,43032,43079,short,1708.65,1677.95,win,303.70000000000044,307.0,47
43416,43417,43464,short,1715.81,1730.75,loss,-152.70000000000056,307.0,47
43524,43525,43572,long,1733.95,1734.38,win,1.0000000000006368,307.0,47
43615,43616,43663,short,1733.72,1723.8,win,95.90000000000073,307.0,47
43796,43797,43844,long,1723.49,1725.76,win,19.399999999999817,307.0,47
43989,43990,44037,short,1709.5,1721.5,loss,-123.3,307.0,47
44115,44116,44163,long,1731.65,1730.43,loss,-15.500000000000274,307.0,47
44262,44263,44310,short,1724.35,1730.77,loss,-67.50000000000072,307.0,47
44342,44343,44390,long,1730.0,1729.05,loss,-12.800000000000455,307.0,47
44664,44665,44696,short,1737.95,1707.25,win,303.70000000000044,307.0,31
44762,44763,44810,long,1720.75,1727.47,win,63.900000000000276,307.0,47
44847,44848,44895,long,1730.4,1714.55,loss,-161.80000000000138,307.0,47
45160,45161,45208,short,1689.91,1691.99,loss,-24.099999999999273,307.0,47
45242,45243,45290,short,1689.4,1701.65,loss,-125.8,307.0,47
45420,45421,45468,long,1712.6,1711.39,loss,-15.39999999999809,307.0,47
45621,45622,45669,short,1715.45,1699.33,win,157.90000000000117,307.0,47
45723,45724,45771,short,1696.23,1699.02,loss,-31.199999999999637,307.0,47
45787,45788,45835,short,1695.83,1696.45,loss,-9.500000000001183,307.0,47
46068,46069,46116,short,1670.35,1667.36,win,26.60000000000009,307.0,47
46179,46180,46227,short,1636.69,1641.86,loss,-54.99999999999845,307.0,47
46486,46487,46534,long,1655.47,1662.95,win,71.50000000000018,307.0,47
46597,46598,46645,long,1657.05,1664.25,win,68.70000000000046,307.0,47
46787,46788,46835,long,1688.72,1680.91,loss,-81.39999999999945,307.0,47
46883,46884,46931,short,1648.25,1635.75,win,121.7,307.0,47
47231,47232,47279,long,1657.65,1660.95,win,29.699999999999545,307.0,47
47352,47353,47400,long,1673.91,1661.21,loss,-130.30000000000047,307.0,47
47615,47616,47663,long,1682.67,1678.7,loss,-43.00000000000027,307.0,47
47890,47891,47938,long,1688.49,1687.93,loss,-8.899999999999455,307.0,47
47979,47980,48027,long,1691.33,1688.48,loss,-31.79999999999909,307.0,47
48033,48034,48081,long,1692.52,1692.5,loss,-3.499999999999818,307.0,47
48218,48219,48266,long,1672.29,1667.6,loss,-50.20000000000054,307.0,47
48805,48806,48853,long,1668.4,1664.75,loss,-39.80000000000091,307.0,47
48951,48952,48999,short,1674.2,1673.5,win,3.700000000000455,307.0,47
49227,49228,49275,long,1671.67,1667.6,loss,-44.000000000001634,307.0,47
49306,49307,49354,short,1655.92,1645.26,win,103.30000000000082,307.0,47
49426,49427,49474,short,1648.73,1648.2,win,1.9999999999997273,307.0,47
49498,49499,49546,long,1652.1,1643.9,loss,-85.29999999999818,307.0,47
49557,49558,49605,long,1646.12,1637.2,loss,-92.49999999999845,307.0,47
49793,49794,49841,long,1611.72,1611.72,loss,-3.3,307.0,47
49850,49851,49898,short,1610.05,1607.77,win,19.499999999999726,307.0,47
50231,50232,50279,long,1591.0,1590.95,loss,-3.799999999999545,307.0,47
50468,50469,50516,long,1602.27,1578.52,loss,-240.8,307.0,47
50650,50651,50698,long,1578.89,1574.05,loss,-51.70000000000145,307.0,47
50715,50716,50763,long,1574.78,1582.34,win,72.29999999999946,307.0,47
50917,50918,50965,long,1581.94,1577.95,loss,-43.20000000000009,307.0,47
51021,51022,51069,long,1578.2,1577.7,loss,-8.3,307.0,47
51184,51185,51232,short,1580.29,1593.67,loss,-137.1000000000011,307.0,47
51330,51331,51378,short,1590.85,1587.25,win,32.69999999999909,307.0,47
51400,51401,51448,short,1587.63,1590.01,loss,-27.09999999999882,307.0,47
51602,51603,51650,short,1607.05,1605.78,win,9.399999999999817,307.0,47
51681,51682,51729,long,1603.8,1612.59,win,84.59999999999964,307.0,47
51731,51732,51779,short,1612.05,1607.66,win,40.59999999999873,307.0,47
51933,51934,51981,long,1614.24,1607.16,loss,-74.09999999999927,307.0,47
52155,52156,52203,long,1599.47,1599.33,loss,-4.700000000001,307.0,47
52317,52318,52365,long,1605.35,1598.25,loss,-74.29999999999909,307.0,47
52481,52482,52529,short,1601.82,1577.58,win,239.10000000000008,307.0,47
52560,52561,52608,short,1572.51,1571.32,win,8.600000000000545,307.0,47
52614,52615,52662,short,1570.68,1545.41,win,249.3999999999998,307.0,47
52750,52751,52798,long,1552.46,1565.95,win,131.60000000000008,307.0,47
52842,52843,52890,long,1578.0,1570.03,loss,-83.00000000000027,307.0,47
52890,52891,52938,short,1570.07,1574.67,loss,-49.30000000000136,307.0,47
52954,52955,53002,short,1574.81,1585.45,loss,-109.700000000001,307.0,47
53075,53076,53123,short,1568.63,1560.33,win,79.70000000000182,307.0,47
53152,53153,53200,long,1560.95,1560.84,loss,-4.400000000001273,307.0,47
53557,53558,53572,long,1375.16,1344.46,loss,-310.30000000000047,307.0,14
53620,53621,53668,short,1386.65,1395.98,loss,-96.59999999999927,307.0,47
53683,53684,53731,long,1412.75,1398.15,loss,-149.2999999999991,307.0,47
53980,53981,54028,long,1422.27,1429.97,win,73.70000000000046,307.0,47
54040,54041,54088,long,1443.37,1452.05,win,83.50000000000064,307.0,47
54263,54264,54311,short,1468.68,1471.4,loss,-30.500000000000274,307.0,47
54400,54401,54448,short,1474.7,1459.67,win,146.99999999999972,307.0,47
54585,54586,54633,long,1469.95,1464.15,loss,-61.29999999999954,307.0,47
54711,54712,54759,long,1474.71,1470.39,loss,-46.49999999999936,307.0,47
55021,55022,55069,short,1464.35,1460.23,win,37.89999999999891,307.0,47
55072,55073,55095,short,1456.61,1425.9099999999999,win,303.70000000000044,307.0,22
55208,55209,55256,short,1433.83,1439.39,loss,-58.900000000001725,307.0,47
55269,55270,55317,short,1425.72,1427.52,loss,-21.299999999999546,307.0,47
55739,55740,55787,short,1366.89,1377.29,loss,-107.29999999999863,307.0,47
55832,55833,55880,short,1384.91,1364.75,win,198.3000000000008,307.0,47
55921,55922,55969,short,1385.71,1390.81,loss,-54.29999999999909,307.0,47
55980,55981,56028,long,1397.32,1387.79,loss,-98.59999999999972,307.0,47
56301,56302,56349,short,1392.27,1406.9,loss,-149.6000000000011,307.0,47
56436,56437,56484,short,1414.61,1390.83,win,234.49999999999972,307.0,47
56529,56530,56577,short,1392.5,1411.19,loss,-190.20000000000056,307.0,47
56753,56754,56801,short,1400.42,1397.05,win,30.40000000000118,307.0,47
56804,56805,56852,long,1385.97,1384.14,loss,-21.599999999999273,307.0,47
56944,56945,56992,short,1390.29,1384.16,win,57.99999999999882,307.0,47
57185,57186,57230,short,1358.72,1328.02,win,303.70000000000044,307.0,44
57278,57279,57326,short,1276.53,1296.82,loss,-206.19999999999965,307.0,47
57393,57394,57441,short,1293.79,1286.82,win,66.40000000000028,307.0,47
57711,57712,57759,short,1234.02,1256.58,loss,-228.89999999999947,307.0,47
57992,57993,58040,long,1249.62,1239.42,loss,-105.29999999999818,307.0,47
58071,58072,58119,short,1209.5,1221.3,loss,-121.29999999999954,307.0,47
58257,58258,58305,short,1249.72,1247.19,win,21.999999999999726,307.0,47
58724,58725,58772,short,1289.37,1290.32,loss,-12.800000000000455,307.0,47
58796,58797,58844,long,1287.51,1278.01,loss,-98.3,307.0,47
58932,58933,58980,long,1284.29,1292.1,win,74.79999999999946,307.0,47
59176,59177,59224,long,1332.44,1341.86,win,90.89999999999846,307.0,47
59233,59234,59281,long,1340.35,1319.2,loss,-214.79999999999865,307.0,47
59282,59283,59330,short,1313.74,1320.7,loss,-72.90000000000036,307.0,47
59342,59343,59390,short,1311.36,1334.55,loss,-235.20000000000056,307.0,47
59516,59517,59564,short,1324.62,1329.76,loss,-54.700000000001,307.0,47
60088,60089,60136,short,1289.98,1277.57,win,120.80000000000082,307.0,47
60358,60359,60406,long,1311.51,1329.3,win,174.59999999999962,307.0,47
60583,60584,60631,short,1321.78,1325.67,loss,-42.200000000001,307.0,47
60652,60653,60700,long,1333.7,1340.22,win,61.89999999999982,307.0,47
60737,60738,60754,short,1324.41,1355.1100000000001,loss,-310.30000000000047,307.0,16
61262,61263,61310,short,1375.04,1395.92,loss,-212.1000000000011,307.0,47
61472,61473,61520,long,1417.11,1414.65,loss,-27.89999999999809,307.0,47
61652,61653,61700,long,1413.13,1404.02,loss,-94.40000000000127,307.0,47
61786,61787,61834,short,1382.1,1392.72,loss,-109.50000000000118,307.0,47
61939,61940,61987,long,1408.98,1407.61,loss,-17.000000000001183,307.0,47
62010,62011,62058,long,1403.86,1393.37,loss,-108.20000000000009,307.0,47
62107,62108,62155,short,1391.42,1371.89,win,191.99999999999972,307.0,47
63160,63161,63208,long,1329.23,1323.07,loss,-64.90000000000082,307.0,47
63354,63355,63402,short,1322.97,1322.44,win,1.9999999999997273,307.0,47
63406,63407,63454,long,1326.15,1330.92,win,44.39999999999982,307.0,47
63530,63531,63578,long,1323.97,1333.46,win,91.6000000000001,307.0,47
63764,63765,63766,short,1317.71,1287.01,win,303.70000000000044,307.0,1
63909,63910,63957,long,1313.77,1312.38,loss,-17.199999999998727,307.0,47
64015,64016,64063,long,1318.75,1307.99,loss,-110.8999999999999,307.0,47
64201,64202,64249,long,1325.49,1322.75,loss,-30.70000000000009,307.0,47
64475,64476,64523,short,1291.82,1268.23,win,232.59999999999917,307.0,47
64673,64674,64712,short,1256.2,1286.9,loss,-310.30000000000047,307.0,38
64941,64942,64989,long,1319.37,1315.68,loss,-40.19999999999827,307.0,47
66127,66128,66175,short,1313.32,1317.03,loss,-40.40000000000036,307.0,47
66200,66201,66248,short,1316.43,1323.85,loss,-77.49999999999845,307.0,47
66251,66252,66299,short,1303.57,1308.66,loss,-54.20000000000145,307.0,47
66320,66321,66368,short,1309.94,1288.16,win,214.49999999999972,307.0,47
66384,66385,66432,short,1284.34,1284.12,loss,-1.099999999999727,307.0,47
66506,66507,66554,short,1281.07,1266.9,win,138.39999999999844,307.0,47
66598,66599,66646,long,1275.21,1274.54,loss,-10.000000000000728,307.0,47
67175,67176,67223,short,1246.75,1244.94,win,14.799999999999454,307.0,47
67268,67269,67316,short,1245.57,1241.86,win,33.80000000000037,307.0,47
67490,67491,67538,long,1244.48,1252.07,win,72.59999999999918,307.0,47
67887,67888,67935,short,1220.51,1221.21,loss,-10.300000000000455,307.0,47
68228,68229,68276,long,1229.87,1235.41,win,52.10000000000191,307.0,47
68432,68433,68480,long,1258.42,1253.78,loss,-49.700000000001,307.0,47
68601,68602,68649,short,1226.35,1235.81,loss,-97.90000000000036,307.0,47
68690,68691,68738,long,1235.69,1243.73,win,77.09999999999964,307.0,47
68918,68919,68966,long,1231.82,1223.66,loss,-84.89999999999854,307.0,47
69145,69146,69193,long,1203.33,1197.8,loss,-58.599999999999724,307.0,47
69205,69206,69253,long,1199.27,1199.93,win,3.3000000000008187,307.0,47
69672,69673,69720,long,1225.7,1230.15,win,41.20000000000046,307.0,47
69730,69731,69778,long,1233.93,1240.94,win,66.79999999999991,307.0,47
69975,69976,70023,long,1228.14,1221.62,loss,-68.50000000000209,307.0,47
70062,70063,70110,short,1225.49,1227.58,loss,-24.199999999999182,307.0,47
70168,70169,70216,short,1232.72,1246.2,loss,-138.1000000000002,307.0,47
70430,70431,70478,long,1241.68,1239.0,loss,-30.100000000000637,307.0,47
70592,70593,70640,short,1241.55,1244.22,loss,-30.00000000000073,307.0,47
70640,70641,70688,long,1244.23,1256.21,win,116.50000000000018,307.0,47
70789,70790,70837,short,1251.8,1242.12,win,93.50000000000064,307.0,47
70903,70904,70951,short,1241.58,1234.33,win,69.2,307.0,47
71071,71072,71119,long,1259.76,1268.7,win,86.10000000000055,307.0,47
71262,71263,71310,long,1256.38,1252.67,loss,-40.40000000000036,307.0,47
71801,71802,71849,long,1256.77,1258.77,win,16.7,307.0,47
72206,72207,72254,short,1289.58,1286.33,win,29.2,307.0,47
72289,72290,72337,long,1294.21,1289.29,loss,-52.500000000000725,307.0,47
72387,72388,72435,long,1299.6,1305.16,win,52.30000000000173,307.0,47
72679,72680,72727,short,1319.0,1319.53,loss,-8.599999999999728,307.0,47
72747,72748,72795,long,1320.4,1313.28,loss,-74.50000000000118,307.0,47
73123,73124,73171,short,1340.62,1342.3,loss,-20.100000000000637,307.0,47
73228,73229,73276,short,1328.25,1330.3,loss,-23.799999999999546,307.0,47
73562,73563,73610,long,1336.55,1337.35,win,4.699999999999545,307.0,47
73643,73644,73691,long,1336.69,1338.17,win,11.500000000000181,307.0,47
74574,74575,74622,short,1338.37,1332.25,win,57.89999999999891,307.0,47
74638,74639,74686,long,1331.78,1328.75,loss,-33.599999999999724,307.0,47
74799,74800,74847,short,1328.17,1318.19,win,96.50000000000018,307.0,47
75026,75027,75074,short,1310.66,1304.64,win,56.89999999999982,307.0,47
75100,75101,75148,short,1300.96,1292.58,win,80.5000000000011,307.0,47
75274,75275,75322,long,1296.12,1283.15,loss,-132.999999999998,307.0,47
75521,75522,75569,long,1290.61,1285.45,loss,-54.89999999999854,307.0,47
75583,75584,75631,long,1286.01,1285.19,loss,-11.499999999999364,307.0,47
75752,75753,75800,long,1299.87,1297.96,loss,-22.399999999998546,307.0,47
75829,75830,75877,long,1308.4,1309.78,win,10.499999999998817,307.0,47
76032,76033,76080,short,1320.65,1318.29,win,20.300000000001273,307.0,47
76106,76107,76154,short,1319.5,1318.33,win,8.400000000000727,307.0,47
76413,76414,76461,short,1300.15,1301.39,loss,-15.700000000000092,307.0,47
76471,76472,76519,long,1301.19,1294.16,loss,-73.59999999999972,307.0,47
77051,77052,77099,long,1302.42,1295.11,loss,-76.40000000000173,307.0,47
77213,77214,77261,short,1291.32,1290.92,win,0.6999999999986359,307.0,47
77373,77374,77421,short,1282.18,1284.43,loss,-25.8,307.0,47
77622,77623,77670,long,1308.17,1309.81,win,13.099999999998726,307.0,47
78054,78055,78102,short,1292.08,1294.13,loss,-23.80000000000182,307.0,47
78104,78105,78152,long,1294.88,1303.96,win,87.49999999999928,307.0,47
78154,78155,78202,long,1307.86,1305.16,loss,-30.29999999999818,307.0,47
78204,78205,78252,short,1304.38,1299.41,win,46.400000000000276,307.0,47
78477,78478,78525,short,1291.43,1288.62,win,24.800000000001727,307.0,47
78929,78930,78977,short,1291.73,1268.25,win,231.50000000000017,307.0,47
79062,79063,79110,short,1261.41,1256.74,win,43.40000000000073,307.0,47
79116,79117,79164,long,1259.19,1256.28,loss,-32.400000000000816,307.0,47
79430,79431,79478,short,1243.36,1245.87,loss,-28.39999999999991,307.0,47
79540,79541,79588,long,1244.64,1244.16,loss,-8.100000000000183,307.0,47
79868,79869,79916,short,1254.8,1260.73,loss,-62.600000000000634,307.0,47
79984,79985,80032,short,1261.85,1260.75,win,7.699999999999091,307.0,47
80235,80236,80283,short,1282.05,1272.16,win,95.59999999999873,307.0,47
80429,80430,80477,long,1270.41,1278.08,win,73.39999999999846,307.0,47
80548,80549,80596,long,1312.78,1314.24,win,11.300000000000363,307.0,47
80698,80699,80746,short,1314.98,1317.41,loss,-27.600000000000637,307.0,47
80763,80764,80811,long,1317.13,1321.72,win,42.599999999999184,307.0,47
80847,80848,80895,long,1318.12,1313.68,loss,-47.69999999999827,307.0,47
81138,81139,81186,long,1315.92,1317.65,win,14.000000000000181,307.0,47
81194,81195,81242,long,1321.44,1327.43,win,56.600000000000094,307.0,47
81292,81293,81340,long,1328.11,1326.16,loss,-22.79999999999818,307.0,47
81358,81359,81406,short,1322.3,1325.28,loss,-33.10000000000018,307.0,47
81827,81828,81875,long,1328.17,1329.42,win,9.2,307.0,47
81931,81932,81979,long,1336.47,1336.04,loss,-7.6000000000006365,307.0,47
82258,82259,82306,short,1297.18,1299.89,loss,-30.400000000000365,307.0,47
82356,82357,82404,long,1305.8,1315.09,win,89.59999999999964,307.0,47
82429,82430,82477,long,1313.05,1310.17,loss,-32.099999999998815,307.0,47
82585,82586,82633,long,1312.25,1312.49,loss,-0.8999999999999089,307.0,47
82675,82676,82723,short,1305.99,1308.7,loss,-30.400000000000365,307.0,47
82812,82813,82860,short,1297.34,1292.01,win,49.999999999999275,307.0,47
83247,83248,83295,short,1291.9,1282.86,win,87.10000000000191,307.0,47
83369,83370,83417,long,1293.54,1292.09,loss,-17.800000000000455,307.0,47
83432,83433,83480,long,1293.64,1288.7,loss,-52.70000000000054,307.0,47
83520,83521,83568,long,1289.7,1285.59,loss,-44.40000000000127,307.0,47
83641,83642,83689,long,1293.47,1307.6,win,137.9999999999988,307.0,47
83718,83719,83766,short,1304.13,1311.28,loss,-74.79999999999863,307.0,47
83962,83963,84010,long,1308.33,1315.75,win,70.90000000000073,307.0,47
84106,84107,84154,long,1312.89,1311.35,loss,-18.70000000000191,307.0,47
84276,84277,84324,short,1312.46,1302.44,win,96.89999999999982,307.0,47
84448,84449,84496,short,1299.32,1294.89,win,40.999999999998366,307.0,47
84557,84558,84605,long,1295.63,1289.59,loss,-63.70000000000191,307.0,47
85017,85018,85065,short,1284.4,1283.75,win,3.2000000000009097,307.0,47
85122,85123,85170,short,1288.7,1290.25,loss,-18.799999999999546,307.0,47
85561,85562,85609,short,1268.0,1262.86,win,48.100000000001,307.0,47
85650,85651,85698,short,1262.09,1267.77,loss,-60.100000000000634,307.0,47
85753,85754,85801,short,1253.44,1255.09,loss,-19.799999999998636,307.0,47
85808,85809,85856,long,1255.63,1249.89,loss,-60.70000000000009,307.0,47
85883,85884,85931,long,1255.69,1248.18,loss,-78.3999999999999,307.0,47
85995,85996,86043,long,1248.99,1238.33,loss,-109.90000000000082,307.0,47
86047,86048,86095,long,1241.69,1236.93,loss,-50.899999999999906,307.0,47
86289,86290,86337,short,1237.94,1234.92,win,26.899999999999817,307.0,47
86376,86377,86424,long,1236.37,1217.34,loss,-193.59999999999974,307.0,47
86661,86662,86709,long,1214.73,1215.79,win,7.2999999999994545,307.0,47
86748,86749,86796,long,1232.43,1221.79,loss,-109.700000000001,307.0,47
86855,86856,86903,long,1220.97,1215.11,loss,-61.90000000000127,307.0,47
87014,87015,87062,short,1223.23,1217.29,win,56.10000000000055,307.0,47
87166,87167,87214,long,1217.02,1207.95,loss,-93.99999999999936,307.0,47
87327,87328,87375,short,1214.32,1218.26,loss,-42.70000000000054,307.0,47
87862,87863,87910,short,1225.78,1221.43,win,40.19999999999909,307.0,47
88044,88045,88092,long,1228.41,1234.19,win,54.49999999999973,307.0,47
88105,88106,88153,long,1234.94,1233.33,loss,-19.400000000001274,307.0,47
88180,88181,88228,short,1227.49,1236.16,loss,-90.00000000000072,307.0,47
88427,88428,88475,long,1236.41,1237.26,win,5.199999999999091,307.0,47
88574,88575,88622,long,1252.08,1248.31,loss,-40.999999999999815,307.0,47
88756,88757,88804,short,1241.97,1229.8,win,118.40000000000073,307.0,47
88917,88918,88965,long,1231.21,1230.11,loss,-14.300000000001365,307.0,47
88966,88967,89014,short,1229.07,1230.19,loss,-14.500000000001183,307.0,47
89055,89056,89103,long,1232.83,1229.21,loss,-39.499999999998906,307.0,47
89132,89133,89180,short,1228.73,1211.73,win,166.7,307.0,47
89401,89402,89449,short,1169.58,1165.85,win,34.000000000000185,307.0,47
89459,89460,89507,long,1167.58,1172.37,win,44.59999999999964,307.0,47
89621,89622,89669,short,1145.43,1144.86,win,2.4000000000016373,307.0,47
89859,89860,89907,long,1172.51,1151.71,loss,-211.29999999999956,307.0,47
90120,90121,90168,long,1162.35,1161.86,loss,-8.200000000000092,307.0,47
90180,90181,90228,short,1159.38,1153.2,win,58.50000000000064,307.0,47
90411,90412,90459,long,1190.96,1195.36,win,40.69999999999864,307.0,47
90492,90493,90540,long,1193.97,1180.25,loss,-140.50000000000028,307.0,47
90666,90667,90714,short,1191.21,1202.79,loss,-119.09999999999927,307.0,47
90990,90991,91038,long,1199.16,1193.08,loss,-64.10000000000154,307.0,47
91176,91177,91224,short,1155.55,1175.03,loss,-198.1000000000002,307.0,47
91251,91252,91299,long,1215.17,1207.27,loss,-82.3000000000009,307.0,47
91395,91396,91443,long,1204.56,1209.23,win,43.40000000000073,307.0,47
91450,91451,91498,short,1209.16,1203.93,win,49.000000000000185,307.0,47
91550,91551,91598,long,1205.3,1199.62,loss,-60.100000000000634,307.0,47
91602,91603,91650,short,1189.63,1193.78,loss,-44.79999999999863,307.0,47
91874,91875,91922,long,1229.3,1228.52,loss,-11.099999999999728,307.0,47
91953,91954,92001,short,1219.53,1224.97,loss,-57.70000000000054,307.0,47
92161,92162,92209,long,1213.33,1196.65,loss,-170.09999999999837,307.0,47
92326,92327,92374,long,1197.83,1190.03,loss,-81.29999999999954,307.0,47
92386,92387,92434,long,1195.45,1203.38,win,76.00000000000064,307.0,47
92502,92503,92550,short,1196.13,1195.8,win,1.546318628697918e-12,307.0,47
92691,92692,92739,short,1180.23,1176.16,win,37.399999999999366,307.0,47
92740,92741,92788,long,1177.47,1176.98,loss,-8.200000000000092,307.0,47
92913,92914,92961,short,1194.83,1181.29,win,132.09999999999962,307.0,47
93011,93012,93059,short,1187.54,1200.2,loss,-129.90000000000083,307.0,47
93125,93126,93173,short,1190.81,1189.94,win,5.399999999998909,307.0,47
93339,93340,93387,short,1209.99,1217.99,loss,-83.3,307.0,47
93844,93845,93892,long,1233.35,1228.04,loss,-56.39999999999945,307.0,47
93979,93980,94027,long,1250.35,1261.82,win,111.40000000000028,307.0,47
94087,94088,94135,long,1273.99,1276.21,win,18.900000000000272,307.0,47
94180,94181,94228,short,1274.13,1278.89,loss,-50.899999999999906,307.0,47
94561,94562,94609,short,1292.02,1278.46,win,132.29999999999944,307.0,47
94792,94793,94840,long,1291.6,1284.54,loss,-73.89999999999945,307.0,47
94958,94959,95006,short,1259.36,1276.66,loss,-176.30000000000183,307.0,47
95227,95228,95275,long,1263.83,1263.65,loss,-5.099999999998363,307.0,47
95383,95384,95431,long,1267.93,1266.35,loss,-19.100000000001547,307.0,47
95517,95518,95565,long,1241.12,1241.11,loss,-3.399999999999909,307.0,47
95606,95607,95654,short,1242.25,1233.89,win,80.299999999999,307.0,47
95758,95759,95806,long,1220.26,1224.48,win,38.900000000000276,307.0,47
95883,95884,95931,short,1228.64,1228.99,loss,-6.79999999999909,307.0,47
96257,96258,96305,short,1216.04,1208.29,win,74.2,307.0,47
96667,96668,96715,short,1203.89,1216.22,loss,-126.59999999999927,307.0,47
96757,96758,96805,long,1211.32,1208.89,loss,-27.599999999998364,307.0,47
96846,96847,96894,long,1214.01,1216.71,win,23.700000000000454,307.0,47
97060,97061,97108,short,1206.18,1201.38,win,44.69999999999955,307.0,47
97120,97121,97168,long,1201.05,1199.89,loss,-14.899999999998546,307.0,47
97680,97681,97728,short,1153.78,1155.32,loss,-18.699999999999637,307.0,47
97984,97985,98032,short,1146.61,1173.26,loss,-269.8000000000009,307.0,47
98140,98141,98188,short,1170.77,1174.66,loss,-42.200000000001,307.0,47
98191,98192,98239,short,1170.55,1182.98,loss,-127.60000000000063,307.0,47
98445,98446,98493,long,1189.95,1195.47,win,51.89999999999982,307.0,47
98600,98601,98648,short,1203.15,1200.74,win,20.800000000000818,307.0,47
98746,98747,98794,long,1187.03,1184.91,loss,-24.49999999999891,307.0,47
98824,98825,98872,long,1181.93,1183.43,win,11.7,307.0,47
99123,99124,99171,short,1219.33,1213.39,win,56.099999999998275,307.0,47
99315,99316,99363,long,1206.23,1195.81,loss,-107.50000000000072,307.0,47
99452,99453,99500,short,1195.23,1206.74,loss,-118.3999999999999,307.0,47
99758,99759,99806,long,1194.75,1205.24,win,101.6000000000001,307.0,47
99848,99849,99896,short,1203.92,1198.21,win,53.80000000000037,307.0,47
99906,99907,99954,long,1199.1,1202.62,win,31.899999999999817,307.0,47
100185,100186,100233,long,1200.36,1187.46,loss,-132.29999999999865,307.0,47
100365,100366,100413,short,1190.91,1177.36,win,132.2000000000018,307.0,47
100497,100498,100545,long,1199.14,1201.17,win,16.999999999999726,307.0,47
100748,100749,100796,long,1204.31,1183.65,loss,-209.89999999999856,307.0,47
100829,100830,100877,short,1181.81,1175.14,win,63.39999999999846,307.0,47
101004,101005,101052,long,1187.39,1195.8,win,80.79999999999855,307.0,47
101082,101083,101130,long,1194.32,1189.72,loss,-49.29999999999909,307.0,47
101317,101318,101365,long,1192.27,1189.22,loss,-33.79999999999954,307.0,47
101653,101654,101701,long,1214.18,1223.21,win,86.99999999999973,307.0,47
101830,101831,101878,long,1223.11,1227.18,win,37.40000000000164,307.0,47
101878,101879,101926,long,1227.13,1221.7,loss,-57.600000000000634,307.0,47
102075,102076,102123,long,1209.79,1209.58,loss,-5.400000000000364,307.0,47
102147,102148,102195,short,1202.68,1206.44,loss,-40.899999999999906,307.0,47
102296,102297,102344,short,1204.23,1207.45,loss,-35.50000000000027,307.0,47
102475,102476,102523,short,1188.55,1187.15,win,10.699999999998635,307.0,47
102829,102830,102877,long,1188.04,1192.09,win,37.19999999999955,307.0,47
103097,103098,103145,short,1177.17,1164.75,win,120.90000000000073,307.0,47
103176,103177,103224,short,1170.05,1174.86,loss,-51.39999999999945,307.0,47
103423,103424,103471,short,1188.82,1186.32,win,21.7,307.0,47
103606,103607,103654,long,1182.36,1181.46,loss,-12.299999999998636,307.0,47
103856,103857,103904,long,1179.92,1187.85,win,75.99999999999837,307.0,47
103944,103945,103992,short,1187.39,1202.82,loss,-157.59999999999837,307.0,47
104055,104056,104103,long,1201.93,1198.35,loss,-39.10000000000154,307.0,47
104423,104424,104471,long,1174.26,1174.25,loss,-3.399999999999909,307.0,47
104508,104509,104556,short,1175.84,1184.69,loss,-91.80000000000136,307.0,47
104657,104658,104705,long,1180.21,1171.81,loss,-87.3000000000009,307.0,47
105138,105139,105186,long,1167.77,1154.85,loss,-132.50000000000074,307.0,47
105242,105243,105290,long,1160.09,1159.12,loss,-13.000000000000274,307.0,47
105374,105375,105422,long,1159.83,1161.32,win,11.60000000000009,307.0,47
105567,105568,105615,long,1155.99,1156.64,win,3.2000000000009097,307.0,47
106021,106022,106069,long,1103.67,1103.32,loss,-6.800000000001364,307.0,47
106367,106368,106415,long,1101.39,1104.16,win,24.399999999999817,307.0,47
106619,106620,106667,short,1094.39,1097.42,loss,-33.599999999999724,307.0,47
106877,106878,106925,short,1093.35,1086.23,win,67.89999999999891,307.0,47
107313,107314,107361,long,1093.15,1096.96,win,34.79999999999946,307.0,47
107404,107405,107452,short,1098.95,1107.67,loss,-90.50000000000027,307.0,47
107605,107606,107653,long,1122.41,1114.64,loss,-80.99999999999982,307.0,47
107696,107697,107744,long,1114.92,1112.93,loss,-23.20000000000009,307.0,47
107880,107881,107928,short,1117.9,1116.6,win,9.700000000001818,307.0,47
107951,107952,107999,short,1116.68,1122.64,loss,-62.90000000000036,307.0,47
108096,108097,108144,long,1147.15,1163.05,win,155.69999999999862,307.0,47
108409,108410,108457,long,1146.14,1129.78,loss,-166.90000000000128,307.0,47
108460,108461,108508,short,1125.96,1126.47,loss,-8.39999999999991,307.0,47
108811,108812,108859,short,1141.44,1139.98,win,11.300000000000363,307.0,47
108991,108992,109039,long,1133.43,1124.7,loss,-90.60000000000018,307.0,47
109091,109092,109139,short,1124.73,1122.38,win,20.19999999999909,307.0,47
109379,109380,109427,short,1105.32,1108.05,loss,-30.600000000000183,307.0,47
109775,109776,109823,short,1104.81,1107.93,loss,-34.50000000000118,307.0,47
109830,109831,109878,long,1117.86,1120.78,win,25.900000000000727,307.0,47
109940,109941,109988,long,1125.9,1128.58,win,23.499999999998362,307.0,47
110045,110046,110093,short,1138.02,1136.67,win,10.19999999999909,307.0,47
110800,110801,110848,short,1114.86,1115.87,loss,-13.39999999999991,307.0,47
110954,110955,111002,long,1137.72,1136.23,loss,-18.20000000000009,307.0,47
111020,111021,111068,long,1136.49,1136.1,loss,-7.200000000001,307.0,47
111352,111353,111400,long,1144.82,1157.66,win,125.10000000000146,307.0,47
112378,112379,112426,short,1164.51,1164.26,loss,-0.7999999999999998,307.0,47
112479,112480,112527,short,1164.92,1166.5,loss,-19.099999999999273,307.0,47
112721,112722,112769,short,1145.14,1143.0,win,18.100000000001,307.0,47
113115,113116,113163,short,1108.41,1104.94,win,31.400000000000272,307.0,47
113225,113226,113273,long,1108.77,1093.54,loss,-155.6000000000002,307.0,47
113537,113538,113585,long,1087.26,1087.23,loss,-3.599999999999727,307.0,47
113660,113661,113708,long,1083.42,1081.11,loss,-26.40000000000173,307.0,47
114002,114003,114050,long,1076.57,1071.74,loss,-51.59999999999927,307.0,47
114372,114373,114420,long,1079.62,1070.67,loss,-92.79999999999818,307.0,47
114499,114500,114547,long,1072.61,1067.69,loss,-52.49999999999845,307.0,47
114566,114567,114614,short,1067.54,1057.14,win,100.69999999999864,307.0,47
114685,114686,114733,long,1065.84,1072.09,win,59.2,307.0,47
114753,114754,114801,short,1066.85,1069.11,loss,-25.89999999999991,307.0,47
115122,115123,115170,short,1079.7,1069.39,win,99.79999999999946,307.0,47
115282,115283,115330,short,1076.32,1074.0,win,19.899999999999363,307.0,47
115391,115392,115439,long,1075.4,1070.13,loss,-55.999999999999815,307.0,47
115439,115440,115487,short,1070.16,1064.61,win,52.20000000000182,307.0,47
115496,115497,115544,long,1068.7,1076.15,win,71.20000000000046,307.0,47
115785,115786,115833,short,1072.5,1067.07,win,51.00000000000064,307.0,47
115907,115908,115955,short,1053.85,1068.54,loss,-150.20000000000056,307.0,47
115983,115984,116031,short,1064.07,1069.18,loss,-54.40000000000127,307.0,47
116229,116230,116277,long,1070.65,1073.54,win,25.599999999998726,307.0,47
116812,116813,116860,short,1076.91,1078.28,loss,-16.99999999999891,307.0,47
116889,116890,116937,long,1078.59,1087.34,win,84.2,307.0,47
117129,117130,117177,short,1100.55,1105.77,loss,-55.50000000000027,307.0,47
117212,117213,117260,long,1100.79,1097.75,loss,-33.69999999999963,307.0,47
117263,117264,117311,short,1095.41,1086.08,win,90.00000000000155,307.0,47
117405,117406,117453,short,1089.18,1090.63,loss,-17.800000000000455,307.0,47
117499,117500,117547,short,1073.73,1083.21,loss,-98.10000000000018,307.0,47
117610,117611,117658,long,1091.62,1090.68,loss,-12.699999999998273,307.0,47
118020,118021,118068,long,1100.02,1101.82,win,14.699999999999545,307.0,47
118112,118113,118160,short,1105.25,1111.7,loss,-67.80000000000045,307.0,47
118239,118240,118287,long,1119.96,1118.32,loss,-19.700000000001,307.0,47
118381,118382,118429,short,1113.64,1114.15,loss,-8.39999999999991,307.0,47
118558,118559,118606,short,1121.57,1127.35,loss,-61.099999999999724,307.0,47
118619,118620,118667,long,1126.25,1124.17,loss,-24.099999999999273,307.0,47
118750,118751,118798,long,1134.81,1140.44,win,53.000000000001094,307.0,47
118813,118814,118861,short,1141.99,1156.65,loss,-149.90000000000083,307.0,47
119061,119062,119109,long,1193.07,1195.94,win,25.40000000000118,307.0,47
119139,119140,119187,short,1187.54,1182.73,win,44.79999999999946,307.0,47
119418,119419,119466,short,1232.2,1209.42,win,224.49999999999972,307.0,47
119597,119598,119645,long,1201.91,1208.78,win,65.39999999999891,307.0,47
119659,119660,119707,short,1207.91,1208.47,loss,-8.899999999999455,307.0,47
119753,119754,119801,long,1227.0,1225.58,loss,-17.50000000000073,307.0,47
119820,119821,119868,long,1225.93,1222.76,loss,-35.000000000000725,307.0,47
119954,119955,120002,long,1209.55,1215.9,win,60.20000000000137,307.0,47
120213,120214,120261,short,1233.19,1237.25,loss,-43.89999999999945,307.0,47
120263,120264,120311,short,1233.66,1225.11,win,82.20000000000182,307.0,47
120347,120348,120395,long,1228.93,1235.99,win,67.29999999999946,307.0,47
120535,120536,120583,long,1227.69,1239.74,win,117.19999999999955,307.0,47
120890,120891,120938,long,1268.5,1265.44,loss,-33.89999999999945,307.0,47
121023,121024,121071,long,1254.02,1249.88,loss,-44.699999999998724,307.0,47
121251,121252,121299,short,1252.63,1244.2,win,81.00000000000064,307.0,47
121384,121385,121432,short,1230.29,1232.07,loss,-21.099999999999728,307.0,47
121816,121817,121864,long,1248.82,1247.64,loss,-15.099999999998364,307.0,47
121958,121959,122006,short,1221.8,1215.8,win,56.7,307.0,47
122211,122212,122259,long,1226.58,1236.05,win,91.40000000000028,307.0,47
122295,122296,122343,long,1235.3,1227.49,loss,-81.39999999999945,307.0,47
122363,122364,122411,long,1233.06,1232.35,loss,-10.400000000000365,307.0,47
122472,122473,122520,short,1218.53,1217.34,win,8.600000000000545,307.0,47
122608,122609,122656,long,1218.93,1234.44,win,151.7999999999999,307.0,47
122894,122895,122942,long,1237.73,1240.46,win,24.00000000000018,307.0,47
122953,122954,123001,short,1239.92,1253.28,loss,-136.899999999999,307.0,47
123032,123033,123080,long,1257.79,1254.46,loss,-36.59999999999927,307.0,47
123439,123440,123487,short,1234.0,1238.27,loss,-45.999999999999815,307.0,47
123489,123490,123537,short,1233.81,1230.72,win,27.59999999999918,307.0,47
124287,124288,124335,long,1289.8,1291.64,win,15.100000000001454,307.0,47
124509,124510,124557,short,1283.67,1285.8,loss,-24.59999999999882,307.0,47
124738,124739,124786,long,1289.7,1286.32,loss,-37.10000000000109,307.0,47
125033,125034,125081,long,1274.37,1271.8,loss,-28.999999999999364,307.0,47
125339,125340,125387,long,1279.31,1276.82,loss,-28.20000000000009,307.0,47
125456,125457,125504,long,1272.44,1256.42,loss,-163.49999999999983,307.0,47
125665,125666,125713,short,1251.28,1254.66,loss,-37.10000000000109,307.0,47
125854,125855,125902,short,1230.68,1226.72,win,36.30000000000037,307.0,47
125950,125951,125998,long,1223.29,1230.84,win,72.19999999999955,307.0,47
126029,126030,126077,long,1230.73,1216.07,loss,-149.90000000000083,307.0,47
126126,126127,126174,short,1212.81,1203.89,win,85.89999999999846,307.0,47
126332,126333,126380,short,1215.41,1209.82,win,52.60000000000146,307.0,47
126462,126463,126510,short,1215.17,1209.57,win,52.70000000000137,307.0,47
126640,126641,126688,long,1242.07,1244.4,win,20.000000000001545,307.0,47
127111,127112,127159,short,1278.83,1280.17,loss,-16.700000000001456,307.0,47
127167,127168,127215,long,1281.45,1282.93,win,11.500000000000181,307.0,47
127286,127287,127334,short,1278.88,1296.0,loss,-174.49999999999892,307.0,47
127605,127606,127653,short,1287.17,1272.25,win,145.90000000000072,307.0,47
127923,127924,127971,long,1316.87,1331.48,win,142.80000000000126,307.0,47
127971,127972,128019,long,1331.47,1328.83,loss,-29.700000000001,307.0,47
128256,128257,128304,long,1316.99,1318.96,win,16.400000000000272,307.0,47
128317,128318,128365,short,1316.26,1335.02,loss,-190.89999999999992,307.0,47
128569,128570,128617,short,1344.85,1365.86,loss,-213.39999999999992,307.0,47
128971,128972,129019,long,1355.58,1345.53,loss,-103.79999999999954,307.0,47
129066,129067,129114,short,1332.03,1341.29,loss,-95.8999999999999,307.0,47
129120,129121,129168,short,1339.22,1338.94,loss,-0.5000000000002727,307.0,47
129188,129189,129236,short,1326.53,1333.51,loss,-73.10000000000018,307.0,47
129297,129298,129345,short,1328.84,1325.81,win,26.999999999999726,307.0,47
129753,129754,129801,long,1326.14,1318.37,loss,-81.00000000000209,307.0,47
129838,129839,129886,long,1316.5,1316.67,loss,-1.5999999999992722,307.0,47
129999,130000,130047,long,1318.69,1326.52,win,74.99999999999928,307.0,47
130237,130238,130285,long,1352.16,1347.27,loss,-52.200000000001,307.0,47
130319,130320,130367,long,1349.8,1349.56,loss,-5.700000000000091,307.0,47
131104,131105,131152,short,1339.2,1340.84,loss,-19.699999999998727,307.0,47
131293,131294,131341,long,1347.77,1350.17,win,20.70000000000091,307.0,47
131595,131596,131643,short,1341.17,1336.25,win,45.90000000000073,307.0,47
131750,131751,131798,long,1338.54,1341.04,win,21.7,307.0,47
131828,131829,131876,long,1339.32,1329.52,loss,-101.29999999999954,307.0,47
131908,131909,131956,long,1325.62,1323.62,loss,-23.3,307.0,47
132007,132008,132055,long,1321.99,1326.84,win,45.19999999999909,307.0,47
132057,132058,132105,long,1330.57,1317.33,loss,-135.7000000000001,307.0,47
132249,132250,132297,long,1318.78,1314.83,loss,-42.80000000000045,307.0,47
132672,132673,132720,long,1330.5,1348.51,win,176.7999999999999,307.0,47
132936,132937,132984,short,1335.5,1330.03,win,51.400000000000276,307.0,47
133073,133074,133121,long,1326.99,1328.81,win,14.899999999999363,307.0,47
133229,133230,133277,short,1322.02,1322.73,loss,-10.400000000000365,307.0,47
133409,133410,133457,short,1312.76,1312.09,win,3.4000000000007278,307.0,47
133462,133463,133510,short,1310.43,1313.91,loss,-38.10000000000018,307.0,47
133515,133516,133563,long,1316.46,1315.98,loss,-8.100000000000183,307.0,47
133664,133665,133712,short,1311.74,1325.95,loss,-145.40000000000038,307.0,47
133927,133928,133975,long,1338.19,1337.15,loss,-13.699999999999637,307.0,47
134090,134091,134138,long,1325.74,1320.9,loss,-51.69999999999918,307.0,47
134229,134230,134277,long,1321.79,1323.77,win,16.50000000000018,307.0,47
134285,134286,134333,long,1325.67,1317.37,loss,-86.30000000000182,307.0,47
134356,134357,134404,short,1315.3,1312.62,win,23.500000000000636,307.0,47
134458,134459,134500,long,1311.41,1280.71,loss,-310.30000000000047,307.0,41
134528,134529,134576,long,1270.19,1273.85,win,33.29999999999855,307.0,47
134581,134582,134629,short,1272.51,1267.31,win,48.70000000000046,307.0,47
134966,134967,135014,short,1255.13,1254.72,win,0.8000000000008187,307.0,47
135129,135130,135177,short,1258.35,1257.09,win,9.299999999999908,307.0,47
135205,135206,135253,short,1252.57,1251.9,win,3.399999999998454,307.0,47
135288,135289,135336,short,1253.04,1254.27,loss,-15.600000000000183,307.0,47
135387,135388,135435,short,1261.55,1262.04,loss,-8.200000000000092,307.0,47
135453,135454,135501,short,1262.84,1269.42,loss,-69.10000000000154,307.0,47
135683,135684,135731,short,1264.97,1262.83,win,18.100000000001,307.0,47
135862,135863,135910,short,1267.79,1275.37,loss,-79.09999999999927,307.0,47
136032,136033,136080,long,1270.11,1268.2,loss,-22.399999999998546,307.0,47
136553,136554,136601,short,1300.5,1303.94,loss,-37.70000000000054,307.0,47
136772,136773,136820,short,1282.33,1269.57,win,124.29999999999991,307.0,47
137121,137122,137169,long,1226.12,1220.27,loss,-61.79999999999909,307.0,47
137222,137223,137270,short,1225.81,1227.75,loss,-22.700000000000546,307.0,47
137419,137420,137467,short,1228.73,1207.55,win,208.50000000000063,307.0,47
137593,137594,137641,short,1214.23,1213.97,loss,-0.7000000000000908,307.0,47
137751,137752,137799,short,1213.3,1182.6,win,303.70000000000044,307.0,47
137867,137868,137915,long,1187.99,1176.94,loss,-113.79999999999954,307.0,47
138033,138034,138081,long,1191.76,1191.4,loss,-6.899999999998999,307.0,47
138291,138292,138339,short,1172.34,1172.03,loss,-0.20000000000054552,307.0,47
138412,138413,138460,long,1176.99,1175.29,loss,-20.300000000000455,307.0,47
138630,138631,138678,short,1167.87,1173.59,loss,-60.50000000000027,307.0,47
138992,138993,139040,long,1163.27,1157.95,loss,-56.49999999999936,307.0,47
139221,139222,139269,short,1132.55,1128.41,win,38.09999999999873,307.0,47
139429,139430,139477,long,1141.48,1136.1,loss,-57.10000000000109,307.0,47
139580,139581,139628,short,1135.08,1131.65,win,30.999999999998362,307.0,47
139645,139646,139693,long,1132.13,1129.79,loss,-26.700000000001456,307.0,47
139852,139853,139900,long,1143.73,1139.52,loss,-45.40000000000036,307.0,47
140040,140041,140088,short,1147.44,1156.85,loss,-97.39999999999854,307.0,47
140407,140408,140455,short,1173.6,1180.68,loss,-74.10000000000154,307.0,47
140561,140562,140609,long,1175.54,1179.65,win,37.800000000001276,307.0,47
140616,140617,140664,short,1178.44,1185.97,loss,-78.59999999999972,307.0,47
140691,140692,140739,long,1184.98,1186.52,win,12.099999999999635,307.0,47
140782,140783,140830,short,1187.41,1192.98,loss,-58.99999999999936,307.0,47
140914,140915,140962,short,1194.64,1196.65,loss,-23.39999999999991,307.0,47
141107,141108,141155,long,1206.94,1215.12,win,78.49999999999837,307.0,47
141188,141189,141236,short,1214.13,1212.57,win,12.300000000001727,307.0,47
141248,141249,141296,short,1213.57,1202.07,win,111.7,307.0,47
141401,141402,141449,short,1202.9,1207.76,loss,-51.899999999999,307.0,47
141582,141583,141630,short,1213.06,1207.23,win,54.999999999999275,307.0,47
141682,141683,141730,long,1203.73,1199.6,loss,-44.60000000000109,307.0,47
141860,141861,141908,long,1183.93,1191.18,win,69.2,307.0,47
142129,142130,142177,short,1207.46,1205.48,win,16.50000000000018,307.0,47
142488,142489,142536,long,1233.15,1233.49,win,0.09999999999918163,307.0,47
142621,142622,142669,long,1242.83,1241.36,loss,-18.000000000000274,307.0,47
142802,142803,142850,short,1225.44,1229.51,loss,-43.99999999999936,307.0,47
142868,142869,142916,long,1231.3,1227.19,loss,-44.399999999999,307.0,47
143063,143064,143111,short,1225.55,1232.63,loss,-74.10000000000154,307.0,47
143478,143479,143526,short,1236.35,1237.38,loss,-13.600000000002002,307.0,47
143739,143740,143787,short,1255.81,1255.78,loss,-3.0000000000002727,307.0,47
143863,143864,143911,short,1253.54,1250.38,win,28.299999999998544,307.0,47
144033,144034,144081,long,1246.65,1241.92,loss,-50.60000000000018,307.0,47
144113,144114,144161,short,1234.49,1227.03,win,71.30000000000037,307.0,47
144187,144188,144235,long,1231.87,1233.3,win,11.000000000000636,307.0,47
144256,144257,144304,long,1234.08,1225.78,loss,-86.29999999999954,307.0,47
144353,144354,144401,short,1217.66,1218.03,loss,-6.999999999998908,307.0,47
144495,144496,144543,short,1204.49,1202.29,win,18.700000000000454,307.0,47
144575,144576,144623,short,1197.63,1197.39,loss,-0.8999999999999089,307.0,47
144869,144870,144917,long,1203.71,1200.41,loss,-36.29999999999954,307.0,47
145084,145085,145132,short,1228.53,1232.01,loss,-38.10000000000018,307.0,47
145228,145229,145276,short,1228.62,1241.93,loss,-136.40000000000174,307.0,47
145389,145390,145437,short,1247.42,1247.72,loss,-6.299999999999545,307.0,47
145440,145441,145488,short,1246.23,1244.55,win,13.500000000000636,307.0,47
145509,145510,145557,long,1243.78,1248.54,win,44.29999999999991,307.0,47
145683,145684,145731,long,1255.14,1257.24,win,17.69999999999909,307.0,47
145914,145915,145962,short,1247.76,1240.93,win,64.99999999999928,307.0,47
146071,146072,146119,short,1246.61,1252.6,loss,-63.20000000000009,307.0,47
146171,146172,146219,long,1259.56,1256.31,loss,-35.8,307.0,47
146232,146233,146280,long,1255.68,1248.54,loss,-74.700000000001,307.0,47
146602,146603,146650,short,1255.14,1260.41,loss,-55.999999999999815,307.0,47
146732,146733,146780,long,1274.18,1286.4,win,118.90000000000028,307.0,47
146812,146813,146860,long,1285.32,1286.88,win,12.300000000001727,307.0,47
146933,146934,146981,long,1291.82,1283.43,loss,-87.19999999999872,307.0,47
147189,147190,147237,long,1279.66,1281.97,win,19.799999999999454,307.0,47
147509,147510,147557,long,1263.28,1264.78,win,11.7,307.0,47
147625,147626,147673,long,1266.95,1265.48,loss,-18.000000000000274,307.0,47
147674,147675,147722,long,1265.8,1265.59,loss,-5.400000000000364,307.0,47
147753,147754,147801,short,1266.05,1263.29,win,24.29999999999991,307.0,47
147925,147926,147973,long,1255.71,1256.03,loss,-0.10000000000063647,307.0,47
148329,148330,148377,long,1228.07,1226.22,loss,-21.79999999999909,307.0,47
148489,148490,148537,short,1221.56,1220.05,win,11.799999999999908,307.0,47
148581,148582,148629,short,1221.53,1225.24,loss,-40.40000000000036,307.0,47
149139,149140,149187,short,1251.02,1252.8,loss,-21.099999999999728,307.0,47
149476,149477,149524,short,1258.09,1255.07,win,26.899999999999817,307.0,47
149943,149944,149991,long,1266.08,1263.05,loss,-33.599999999999724,307.0,47
150035,150036,150083,short,1261.83,1281.56,loss,-200.6000000000002,307.0,47
150376,150377,150424,long,1286.62,1277.06,loss,-98.89999999999945,307.0,47
150604,150605,150652,short,1265.81,1262.62,win,28.600000000000545,307.0,47
151367,151368,151415,short,1250.16,1251.53,loss,-16.99999999999891,307.0,47
151495,151496,151543,long,1245.02,1241.4,loss,-39.499999999998906,307.0,47
151629,151630,151677,short,1232.24,1218.13,win,137.799999999999,307.0,47
151959,151960,152007,long,1211.62,1219.07,win,71.20000000000046,307.0,47
152029,152030,152077,short,1218.68,1223.43,loss,-50.8,307.0,47
152206,152207,152254,long,1227.92,1229.78,win,15.299999999998999,307.0,47
152308,152309,152356,short,1233.77,1236.15,loss,-27.100000000001092,307.0,47
152401,152402,152449,short,1241.82,1239.02,win,24.699999999999545,307.0,47
152449,152450,152497,long,1239.12,1241.28,win,18.300000000000818,307.0,47
152553,152554,152601,long,1238.67,1244.89,win,58.900000000000276,307.0,47
152617,152618,152665,long,1247.2,1255.14,win,76.10000000000055,307.0,47
152808,152809,152856,short,1251.94,1247.0,win,46.10000000000055,307.0,47
153015,153016,153063,short,1267.42,1265.96,win,11.300000000000363,307.0,47
153129,153130,153177,long,1266.07,1271.96,win,55.600000000001,307.0,47
153270,153271,153318,short,1257.41,1257.1,loss,-0.19999999999827178,307.0,47
153352,153353,153400,short,1258.11,1260.13,loss,-23.500000000002093,307.0,47
153773,153774,153821,long,1273.14,1270.77,loss,-27.000000000001183,307.0,47
153955,153956,154003,short,1286.89,1282.9,win,36.600000000000094,307.0,47
154017,154018,154065,long,1285.25,1291.76,win,61.79999999999991,307.0,47
154323,154324,154371,long,1286.58,1285.9,loss,-10.099999999998364,307.0,47
154375,154376,154423,long,1286.44,1285.59,loss,-11.800000000001365,307.0,47
154668,154669,154716,long,1335.4,1334.14,loss,-15.89999999999991,307.0,47
154911,154912,154959,short,1342.91,1354.97,loss,-123.89999999999945,307.0,47
154997,154998,155045,long,1346.38,1337.4,loss,-93.10000000000018,307.0,47
155261,155262,155309,short,1322.45,1332.74,loss,-106.19999999999963,307.0,47
155498,155499,155546,short,1306.9,1310.32,loss,-37.49999999999845,307.0,47
155641,155642,155689,long,1313.04,1293.57,loss,-198.00000000000028,307.0,47
156140,156141,156188,short,1273.34,1267.3,win,57.09999999999964,307.0,47
156322,156323,156370,long,1281.58,1287.56,win,56.500000000000185,307.0,47
156379,156380,156427,long,1289.93,1289.11,loss,-11.500000000001638,307.0,47
156505,156506,156553,long,1289.51,1296.23,win,63.900000000000276,307.0,47
156582,156583,156630,long,1293.35,1296.1,win,24.2,307.0,47
156988,156989,157036,short,1279.72,1286.02,loss,-66.29999999999954,307.0,47
157154,157155,157202,long,1280.01,1275.22,loss,-51.19999999999963,307.0,47
157359,157360,157407,short,1274.0,1274.42,loss,-7.500000000000727,307.0,47
157629,157630,157677,short,1271.35,1270.9,win,1.1999999999981812,307.0,47
157692,157693,157740,long,1277.31,1276.1,loss,-15.400000000000365,307.0,47
158082,158083,158130,short,1268.18,1271.17,loss,-33.20000000000009,307.0,47
158510,158511,158558,short,1283.63,1275.56,win,77.40000000000164,307.0,47
158644,158645,158692,short,1275.82,1278.4,loss,-29.100000000001547,307.0,47
158852,158853,158900,long,1277.49,1278.24,win,4.2,307.0,47
158944,158945,158992,long,1282.57,1293.72,win,108.20000000000091,307.0,47
159148,159149,159196,long,1281.21,1279.89,loss,-16.499999999999364,307.0,47
159261,159262,159309,long,1293.91,1289.47,loss,-47.70000000000054,307.0,47
159542,159543,159590,long,1294.43,1295.74,win,9.799999999999454,307.0,47
159741,159742,159789,short,1280.15,1274.7,win,51.20000000000046,307.0,47
159862,159863,159910,long,1282.7,1274.26,loss,-87.70000000000054,307.0,47
159935,159936,159983,short,1272.66,1275.92,loss,-35.899999999999906,307.0,47
160108,160109,160156,short,1267.63,1264.07,win,32.30000000000173,307.0,47
160291,160292,160339,short,1247.15,1248.45,loss,-16.299999999999546,307.0,47
160353,160354,160401,short,1247.27,1250.34,loss,-33.99999999999936,307.0,47
160403,160404,160451,short,1248.86,1244.16,win,43.699999999998184,307.0,47
160473,160474,160521,short,1243.68,1242.9,win,4.499999999999727,307.0,47
160588,160589,160636,long,1245.56,1256.73,win,108.40000000000073,307.0,47
160976,160977,161024,long,1260.83,1263.58,win,24.2,307.0,47
161051,161052,161099,short,1263.51,1267.85,loss,-46.69999999999918,307.0,47
161118,161119,161166,short,1264.88,1267.44,loss,-28.899999999999455,307.0,47
161171,161172,161219,short,1266.7,1268.24,loss,-18.699999999999637,307.0,47
161242,161243,161290,long,1274.06,1279.08,win,46.89999999999982,307.0,47
161290,161291,161338,long,1279.08,1282.03,win,26.200000000000454,307.0,47
161460,161461,161508,short,1291.67,1294.62,loss,-32.79999999999818,307.0,47
161620,161621,161668,short,1310.68,1320.98,loss,-106.29999999999954,307.0,47
161796,161797,161844,long,1312.96,1322.77,win,94.79999999999946,307.0,47
161900,161901,161948,long,1317.88,1321.08,win,28.69999999999818,307.0,47
162580,162581,162628,short,1339.51,1335.63,win,35.49999999999882,307.0,47
162732,162733,162780,short,1328.92,1331.99,loss,-33.99999999999936,307.0,47
162807,162808,162855,long,1334.82,1331.43,loss,-37.199999999998724,307.0,47
162993,162994,163041,short,1332.74,1340.91,loss,-85.00000000000072,307.0,47
163347,163348,163395,long,1348.47,1341.33,loss,-74.700000000001,307.0,47
163432,163433,163480,long,1338.66,1336.67,loss,-23.20000000000009,307.0,47
163556,163557,163604,short,1341.44,1344.12,loss,-30.099999999998364,307.0,47
163637,163638,163685,long,1340.62,1347.71,win,67.60000000000146,307.0,47
163727,163728,163775,short,1340.53,1331.08,win,91.20000000000046,307.0,47
163807,163808,163855,long,1337.59,1338.6,win,6.799999999999909,307.0,47
164094,164095,164142,long,1313.88,1318.14,win,39.29999999999991,307.0,47
164196,164197,164244,long,1315.51,1323.93,win,80.90000000000073,307.0,47
164308,164309,164356,short,1321.32,1328.57,loss,-75.8,307.0,47
164466,164467,164514,long,1333.02,1353.76,win,204.10000000000008,307.0,47
164577,164578,164625,long,1353.63,1360.12,win,61.59999999999782,307.0,47
164639,164640,164687,short,1357.81,1350.13,win,73.49999999999837,307.0,47
164699,164700,164747,short,1349.71,1347.09,win,22.90000000000118,307.0,47
164793,164794,164841,short,1337.22,1329.68,win,72.09999999999964,307.0,47
164862,164863,164910,long,1329.08,1331.96,win,25.50000000000109,307.0,47
165471,165472,165519,long,1311.79,1317.61,win,54.899999999999366,307.0,47
165668,165669,165716,long,1319.73,1322.28,win,22.199999999999545,307.0,47
165916,165917,165964,long,1325.4,1318.04,loss,-76.90000000000127,307.0,47
166006,166007,166054,short,1318.47,1322.53,loss,-43.89999999999945,307.0,47
166076,166077,166124,short,1322.37,1321.29,win,7.499999999999273,307.0,47
166295,166296,166343,long,1323.93,1326.61,win,23.499999999998362,307.0,47
166397,166398,166445,long,1317.62,1317.75,loss,-1.9999999999989084,307.0,47
166509,166510,166557,short,1313.42,1310.36,win,27.300000000001727,307.0,47
166757,166758,166805,long,1325.52,1330.41,win,45.600000000001,307.0,47
167096,167097,167144,short,1352.64,1344.21,win,81.00000000000064,307.0,47
167480,167481,167528,long,1339.43,1333.14,loss,-66.19999999999963,307.0,47
167632,167633,167680,short,1328.64,1325.38,win,29.29999999999991,307.0,47
167834,167835,167882,short,1328.14,1336.04,loss,-82.29999999999863,307.0,47
168045,168046,168093,long,1362.8,1350.62,loss,-125.10000000000063,307.0,47
168100,168101,168148,long,1351.2,1337.28,loss,-142.50000000000074,307.0,47
168749,168750,168797,short,1332.27,1323.37,win,85.70000000000091,307.0,47
168839,168840,168887,short,1324.83,1331.93,loss,-74.30000000000136,307.0,47
168988,168989,169036,short,1321.59,1322.3,loss,-10.400000000000365,307.0,47
169119,169120,169167,long,1317.49,1323.79,win,59.69999999999955,307.0,47
169297,169298,169345,short,1310.97,1306.18,win,44.59999999999964,307.0,47
169576,169577,169624,short,1310.09,1314.14,loss,-43.800000000001816,307.0,47
169700,169701,169748,long,1315.09,1311.39,loss,-40.29999999999818,307.0,47
169812,169813,169860,short,1314.35,1306.85,win,71.7,307.0,47
170036,170037,170084,long,1320.61,1319.58,loss,-13.599999999999728,307.0,47
170124,170125,170172,long,1321.35,1313.71,loss,-79.69999999999872,307.0,47
170500,170501,170548,short,1289.58,1292.17,loss,-29.200000000001456,307.0,47
170744,170745,170792,long,1294.29,1294.69,win,0.7000000000009097,307.0,47
170875,170876,170923,short,1296.0,1305.02,loss,-93.49999999999982,307.0,47
171012,171013,171060,short,1296.96,1298.15,loss,-15.200000000000546,307.0,47
171071,171072,171119,short,1297.94,1298.13,loss,-5.2000000000005455,307.0,47
171214,171215,171262,short,1296.95,1301.46,loss,-48.399999999999906,307.0,47
171621,171622,171669,long,1300.15,1297.8,loss,-26.800000000001365,307.0,47
171786,171787,171834,short,1297.9,1297.02,win,5.500000000001092,307.0,47
171853,171854,171901,short,1294.93,1298.38,loss,-37.80000000000045,307.0,47
172061,172062,172109,short,1297.03,1295.1,win,16.000000000000636,307.0,47
172131,172132,172179,long,1295.76,1297.63,win,15.400000000001182,307.0,47
172237,172238,172285,long,1305.12,1302.57,loss,-28.799999999999546,307.0,47
172612,172613,172660,long,1273.39,1268.81,loss,-49.10000000000154,307.0,47
172711,172712,172759,long,1265.87,1267.27,win,10.700000000000909,307.0,47
172847,172848,172895,short,1270.63,1266.72,win,35.80000000000082,307.0,47
173000,173001,173048,short,1260.03,1255.47,win,42.29999999999946,307.0,47
173076,173077,173124,short,1255.58,1252.41,win,28.399999999998453,307.0,47
173173,173174,173221,short,1250.79,1248.77,win,16.899999999999817,307.0,47
173420,173421,173468,long,1240.33,1253.11,win,124.49999999999973,307.0,47
173520,173521,173568,short,1256.38,1256.1,loss,-0.49999999999799893,307.0,47
173611,173612,173659,long,1255.51,1255.85,win,0.09999999999918163,307.0,47
173881,173882,173929,short,1249.98,1255.88,loss,-62.30000000000091,307.0,47
173980,173981,174028,long,1251.24,1243.39,loss,-81.79999999999909,307.0,47
174028,174029,174076,long,1243.39,1245.86,win,21.399999999998,307.0,47
174276,174277,174324,long,1239.98,1242.3,win,19.899999999999363,307.0,47
174393,174394,174441,long,1227.91,1225.07,loss,-31.700000000001456,307.0,47
174463,174464,174511,short,1227.34,1221.11,win,59.000000000000185,307.0,47
174696,174697,174744,long,1230.53,1224.64,loss,-62.199999999998724,307.0,47
174786,174787,174834,long,1222.77,1224.03,win,9.299999999999908,307.0,47
174905,174906,174953,short,1231.55,1232.01,loss,-7.900000000000364,307.0,47
175120,175121,175168,long,1223.5,1221.52,loss,-23.100000000000183,307.0,47
175169,175170,175217,short,1221.42,1222.49,loss,-13.999999999999364,307.0,47
175237,175238,175285,long,1222.64,1225.98,win,30.09999999999918,307.0,47
175728,175729,175776,short,1213.41,1213.62,loss,-5.39999999999809,307.0,47
175804,175805,175852,short,1212.72,1213.63,loss,-12.40000000000082,307.0,47
176034,176035,176082,long,1212.66,1201.53,loss,-114.60000000000109,307.0,47
176272,176273,176320,long,1186.43,1161.74,loss,-250.20000000000056,307.0,47
176413,176414,176461,long,1177.2,1177.95,win,4.2,307.0,47
176476,176477,176524,short,1177.65,1187.05,loss,-97.29999999999863,307.0,47
176562,176563,176610,long,1187.85,1194.29,win,61.10000000000055,307.0,47
176793,176794,176841,long,1191.63,1187.89,loss,-40.70000000000009,307.0,47
176956,176957,177004,short,1206.23,1205.67,win,2.2999999999994545,307.0,47
177231,177232,177279,short,1205.51,1205.52,loss,-3.399999999999909,307.0,47
177440,177441,177488,long,1202.4,1200.36,loss,-23.70000000000191,307.0,47
177608,177609,177656,long,1193.43,1196.6,win,28.399999999998453,307.0,47
177721,177722,177769,short,1203.74,1202.23,win,11.799999999999908,307.0,47
177795,177796,177843,long,1201.06,1195.52,loss,-58.69999999999963,307.0,47
177945,177946,177993,short,1194.12,1188.77,win,50.19999999999909,307.0,47
178158,178159,178206,long,1205.76,1201.74,loss,-43.499999999999815,307.0,47
178218,178219,178266,long,1202.92,1205.21,win,19.599999999999635,307.0,47
178426,178427,178474,short,1196.32,1196.82,loss,-8.3,307.0,47
178499,178500,178547,long,1199.41,1202.55,win,28.099999999998726,307.0,47
178708,178709,178756,short,1208.36,1197.93,win,100.99999999999837,307.0,47
178778,178779,178826,long,1196.7,1200.98,win,39.49999999999973,307.0,47
178886,178887,178934,short,1198.58,1200.82,loss,-25.70000000000009,307.0,47
178948,178949,178996,short,1200.44,1194.41,win,56.99999999999973,307.0,47
179020,179021,179068,short,1191.61,1196.42,loss,-51.400000000001725,307.0,47
179117,179118,179165,short,1183.99,1183.3,win,3.600000000000546,307.0,47
179260,179261,179308,long,1186.7,1189.2,win,21.7,307.0,47
179705,179706,179753,short,1193.83,1188.89,win,46.099999999998275,307.0,47
179953,179954,180001,short,1193.0,1208.44,loss,-157.70000000000056,307.0,47
180093,180094,180141,short,1218.89,1221.28,loss,-27.199999999998727,307.0,47
180151,180152,180199,long,1222.44,1226.57,win,37.99999999999882,307.0,47
180212,180213,180260,long,1226.98,1228.16,win,8.500000000000636,307.0,47
180281,180282,180329,short,1228.86,1221.64,win,68.899999999998,307.0,47
180615,180616,180663,long,1227.32,1222.53,loss,-51.19999999999963,307.0,47
180711,180712,180759,long,1235.6,1230.31,loss,-56.19999999999963,307.0,47
180942,180943,180990,long,1231.78,1238.06,win,59.49999999999973,307.0,47
181021,181022,181069,short,1233.85,1230.59,win,29.29999999999991,307.0,47
181458,181459,181506,short,1233.46,1232.93,win,1.9999999999997273,307.0,47
181524,181525,181572,long,1232.46,1230.74,loss,-20.500000000000274,307.0,47
181643,181644,181691,short,1233.44,1225.36,win,77.50000000000155,307.0,47
182070,182071,182118,short,1203.5,1201.28,win,18.900000000000272,307.0,47
182158,182159,182206,short,1202.28,1203.7,loss,-17.50000000000073,307.0,47
182269,182270,182317,short,1210.54,1212.81,loss,-25.99999999999982,307.0,47
182417,182418,182465,short,1222.04,1219.93,win,17.799999999999,307.0,47
182562,182563,182610,short,1222.07,1220.48,win,12.59999999999918,307.0,47
182768,182769,182816,long,1227.73,1221.14,loss,-69.19999999999918,307.0,47
183162,183163,183210,short,1224.77,1224.31,win,1.300000000000364,307.0,47
183305,183306,183353,long,1224.48,1232.94,win,81.30000000000037,307.0,47
183420,183421,183468,short,1236.59,1237.56,loss,-13.000000000000274,307.0,47
183504,183505,183552,long,1235.03,1238.36,win,29.99999999999927,307.0,47
183688,183689,183736,short,1239.34,1246.53,loss,-75.20000000000054,307.0,47
183794,183795,183842,long,1247.42,1244.58,loss,-31.700000000001456,307.0,47
183941,183942,183989,long,1244.99,1245.17,loss,-1.4999999999993632,307.0,47
184097,184098,184145,long,1243.49,1240.37,loss,-34.50000000000118,307.0,47
184228,184229,184276,short,1236.85,1242.76,loss,-62.400000000000816,307.0,47
184349,184350,184397,short,1248.34,1249.57,loss,-15.600000000000183,307.0,47
184401,184402,184449,long,1249.7,1249.47,loss,-5.600000000000182,307.0,47
184569,184570,184617,short,1259.58,1256.14,win,31.09999999999827,307.0,47
184775,184776,184823,short,1271.86,1266.42,win,51.099999999998275,307.0,47
185187,185188,185235,long,1284.36,1287.63,win,29.40000000000209,307.0,47
185609,185610,185657,long,1282.71,1293.72,win,106.79999999999991,307.0,47
185780,185781,185828,short,1292.18,1287.98,win,38.70000000000046,307.0,47
185953,185954,186001,short,1288.26,1290.19,loss,-22.600000000000637,307.0,47
186209,186210,186257,long,1291.97,1284.12,loss,-81.80000000000136,307.0,47
186383,186384,186431,long,1278.98,1283.12,win,38.09999999999873,307.0,47
186457,186458,186505,short,1283.02,1284.99,loss,-23.000000000000274,307.0,47
186628,186629,186676,long,1280.82,1283.26,win,21.100000000000545,307.0,47
186784,186785,186832,long,1302.06,1303.6,win,12.099999999999635,307.0,47
186946,186947,186994,short,1313.67,1319.36,loss,-60.19999999999827,307.0,47
187081,187082,187129,long,1321.22,1318.73,loss,-28.20000000000009,307.0,47
187134,187135,187182,long,1320.57,1317.29,loss,-36.099999999999724,307.0,47
187369,187370,187417,short,1314.33,1313.85,win,1.500000000000182,307.0,47
187441,187442,187489,short,1308.22,1303.5,win,43.900000000000276,307.0,47
187584,187585,187632,long,1309.8,1314.24,win,41.10000000000055,307.0,47
187872,187873,187920,short,1309.12,1308.71,win,0.799999999998545,307.0,47
188201,188202,188249,long,1326.29,1340.74,win,141.20000000000044,307.0,47
188337,188338,188385,short,1339.03,1339.89,loss,-11.900000000001274,307.0,47
188682,188683,188730,long,1326.66,1329.1,win,21.09999999999827,307.0,47
188749,188750,188797,short,1325.81,1320.11,win,53.70000000000046,307.0,47
188933,188934,188981,short,1307.05,1292.74,win,139.79999999999944,307.0,47
189047,189048,189095,short,1284.51,1288.53,loss,-43.499999999999815,307.0,47
189125,189126,189173,long,1284.81,1288.75,win,36.10000000000055,307.0,47
189235,189236,189283,long,1286.72,1286.11,loss,-9.400000000001274,307.0,47
189313,189314,189361,short,1285.77,1285.3,win,1.400000000000273,307.0,47
189387,189388,189435,long,1294.28,1299.36,win,47.499999999999275,307.0,47
189507,189508,189555,short,1291.73,1295.92,loss,-45.20000000000054,307.0,47
189661,189662,189709,long,1304.83,1310.82,win,56.600000000000094,307.0,47
189732,189733,189780,short,1306.0,1294.61,win,110.600000000001,307.0,47
189828,189829,189876,long,1298.74,1303.58,win,45.099999999999184,307.0,47
190010,190011,190058,long,1307.14,1308.36,win,8.899999999997998,307.0,47
190250,190251,190298,short,1304.15,1308.06,loss,-42.39999999999854,307.0,47
190364,190365,190412,short,1312.37,1316.84,loss,-48.00000000000027,307.0,47
190672,190673,190720,short,1310.35,1291.51,win,185.09999999999917,307.0,47
190853,190854,190901,short,1290.31,1288.72,win,12.59999999999918,307.0,47
191041,191042,191089,short,1290.85,1290.15,win,3.699999999998181,307.0,47
191131,191132,191179,long,1293.24,1292.67,loss,-8.999999999999364,307.0,47
191606,191607,191654,short,1300.87,1292.68,win,78.59999999999827,307.0,47
191746,191747,191794,short,1287.72,1283.41,win,39.79999999999946,307.0,47
191810,191811,191858,short,1288.21,1284.97,win,29.10000000000009,307.0,47
192135,192136,192183,short,1277.1,1275.23,win,15.399999999998908,307.0,47
192706,192707,192754,short,1283.34,1281.73,win,12.799999999998999,307.0,47
192825,192826,192873,short,1276.67,1271.24,win,51.00000000000064,307.0,47
192880,192881,192928,long,1271.84,1270.55,loss,-16.199999999999637,307.0,47
192988,192989,193036,long,1278.21,1283.41,win,48.70000000000046,307.0,47
193050,193051,193098,short,1280.93,1280.88,loss,-2.8000000000004546,307.0,47
193142,193143,193190,long,1283.41,1285.3,win,15.599999999998726,307.0,47
193197,193198,193245,short,1283.97,1288.56,loss,-49.19999999999918,307.0,47
193252,193253,193300,short,1288.55,1281.81,win,64.1000000000001,307.0,47
193353,193354,193401,long,1286.39,1283.67,loss,-30.500000000000274,307.0,47
193439,193440,193487,long,1288.14,1284.48,loss,-39.900000000000816,307.0,47
193669,193670,193717,short,1295.82,1297.5,loss,-20.100000000000637,307.0,47
193755,193756,193803,short,1296.05,1290.7,win,50.19999999999909,307.0,47
193973,193974,194021,long,1276.2,1277.31,win,7.799999999999,307.0,47
194120,194121,194168,short,1274.02,1275.59,loss,-18.999999999999364,307.0,47
194312,194313,194360,long,1283.7,1283.91,loss,-1.199999999999636,307.0,47
194362,194363,194410,long,1284.4,1286.87,win,21.399999999998,307.0,47
194464,194465,194512,long,1285.68,1284.08,loss,-19.300000000001365,307.0,47
194621,194622,194669,long,1283.17,1277.71,loss,-57.90000000000036,307.0,47
195011,195012,195059,long,1325.21,1337.47,win,119.29999999999991,307.0,47
195069,195070,195117,short,1337.27,1330.33,win,66.10000000000055,307.0,47
195404,195405,195452,short,1326.05,1327.93,loss,-22.100000000001092,307.0,47
195569,195570,195617,long,1335.94,1336.25,loss,-0.20000000000054552,307.0,47
195634,195635,195682,long,1342.22,1356.25,win,136.99999999999972,307.0,47
196525,196526,196573,short,1401.04,1422.2,loss,-214.90000000000083,307.0,47
196720,196721,196768,short,1389.87,1392.2,loss,-26.600000000001547,307.0,47
196772,196773,196820,short,1390.13,1407.36,loss,-175.59999999999792,307.0,47
196822,196823,196870,long,1414.24,1424.05,win,94.79999999999946,307.0,47
197199,197200,197247,long,1395.7,1396.59,win,5.599999999998727,307.0,47
197278,197279,197326,short,1393.9,1393.93,loss,-3.599999999999727,307.0,47
197363,197364,197411,long,1421.87,1421.59,loss,-6.099999999999727,307.0,47
197420,197421,197468,short,1417.08,1409.04,win,77.09999999999964,307.0,47
197560,197561,197608,short,1410.44,1408.27,win,18.400000000000727,307.0,47
198030,198031,198078,short,1425.97,1428.14,loss,-25.00000000000073,307.0,47
198098,198099,198146,short,1422.89,1424.32,loss,-17.599999999998364,307.0,47
198149,198150,198197,long,1426.63,1419.84,loss,-71.2000000000019,307.0,47
198794,198795,198809,long,1407.96,1438.66,win,303.70000000000044,307.0,14
198978,198979,199026,short,1457.54,1458.4,loss,-11.900000000001274,307.0,47
199107,199108,199155,long,1483.45,1497.63,win,138.50000000000063,307.0,47
199157,199158,199205,long,1507.94,1501.83,loss,-64.40000000000127,307.0,47
199241,199242,199289,long,1498.45,1502.6,win,38.19999999999864,307.0,47
199312,199313,199360,short,1501.66,1497.77,win,35.600000000001,307.0,47
199642,199643,199690,long,1518.58,1520.33,win,14.2,307.0,47
199776,199777,199824,short,1510.68,1509.78,win,5.70000000000091,307.0,47
199966,199967,200014,long,1507.45,1506.0,loss,-17.800000000000455,307.0,47
200092,200093,200140,short,1501.48,1499.05,win,21.000000000000636,307.0,47
200241,200242,200258,short,1494.91,1525.6100000000001,loss,-310.30000000000047,307.0,16
200278,200279,200326,long,1547.47,1529.92,loss,-178.79999999999956,307.0,47
200476,200477,200524,short,1541.84,1540.31,win,11.999999999999726,307.0,47
200602,200603,200650,long,1539.17,1527.23,loss,-122.70000000000054,307.0,47
200719,200720,200767,short,1524.82,1523.8,win,6.899999999999818,307.0,47
200913,200914,200961,short,1544.79,1541.43,win,30.299999999999,307.0,47
201009,201010,201057,short,1542.64,1528.12,win,141.90000000000208,307.0,47
201145,201146,201193,long,1515.95,1509.54,loss,-67.40000000000082,307.0,47
201236,201237,201284,short,1509.63,1487.54,win,217.60000000000144,307.0,47
201460,201461,201508,short,1491.0,1521.7,loss,-310.30000000000047,307.0,47
201858,201859,201906,long,1502.19,1493.22,loss,-93.00000000000027,307.0,47
202184,202185,202232,short,1520.52,1519.9,win,2.899999999998909,307.0,47
202306,202307,202354,long,1530.16,1504.64,loss,-258.49999999999983,307.0,47
202650,202651,202698,long,1464.27,1479.78,win,151.7999999999999,307.0,47
202757,202758,202805,long,1492.35,1501.04,win,83.60000000000055,307.0,47
202822,202823,202870,long,1502.38,1508.38,win,56.7,307.0,47
203273,203274,203321,long,1495.74,1485.11,loss,-109.60000000000109,307.0,47
203578,203579,203626,short,1482.82,1490.26,loss,-77.70000000000054,307.0,47
203914,203915,203962,long,1484.37,1485.1,win,4.000000000000182,307.0,47
204066,204067,204114,short,1491.38,1491.5,loss,-4.499999999998908,307.0,47
204181,204182,204229,short,1501.64,1512.52,loss,-112.09999999999881,307.0,47
204580,204581,204628,long,1503.38,1511.63,win,79.2,307.0,47
205490,205491,205538,long,1469.71,1469.72,loss,-3.2000000000000908,307.0,47
205614,205615,205662,short,1465.14,1464.29,win,5.200000000001364,307.0,47
205665,205666,205713,short,1463.44,1471.36,loss,-82.49999999999845,307.0,47
205842,205843,205890,long,1475.96,1466.38,loss,-99.09999999999927,307.0,47
205922,205923,205970,short,1472.77,1470.54,win,19.00000000000018,307.0,47
205975,205976,206023,long,1468.97,1464.98,loss,-43.20000000000009,307.0,47
206031,206032,206079,long,1467.23,1463.02,loss,-45.40000000000036,307.0,47
206131,206132,206179,long,1459.26,1454.98,loss,-46.099999999999724,307.0,47
206456,206457,206504,long,1458.18,1459.99,win,14.799999999999454,307.0,47
206542,206543,206590,long,1459.59,1463.37,win,34.49999999999973,307.0,47
206642,206643,206690,long,1460.92,1478.88,win,176.30000000000035,307.0,47
206844,206845,206892,long,1474.81,1475.62,win,4.7999999999994545,307.0,47
206915,206916,206963,short,1473.22,1461.72,win,111.7,307.0,47
207030,207031,207078,long,1464.73,1461.09,loss,-39.700000000001,307.0,47
207189,207190,207237,long,1463.92,1470.26,win,60.099999999999184,307.0,47
207407,207408,207455,short,1469.82,1474.88,loss,-53.900000000001725,307.0,47
207497,207498,207545,short,1476.22,1477.36,loss,-14.699999999998727,307.0,47
208185,208186,208233,long,1509.67,1511.08,win,10.799999999998544,307.0,47
208259,208260,208307,short,1513.83,1515.01,loss,-15.100000000000637,307.0,47
208390,208391,208438,short,1518.58,1519.53,loss,-12.800000000000455,307.0,47
208561,208562,208595,short,1546.15,1576.8500000000001,loss,-310.30000000000047,307.0,33
209136,209137,209184,short,1545.2,1543.06,win,18.100000000001,307.0,47
209192,209193,209240,long,1544.1,1552.18,win,77.50000000000155,307.0,47
209481,209482,209529,long,1558.78,1560.68,win,15.700000000000909,307.0,47
209582,209583,209630,long,1565.3,1552.38,loss,-132.49999999999847,307.0,47
209726,209727,209774,long,1557.97,1557.39,loss,-9.099999999999273,307.0,47
209814,209815,209862,long,1556.54,1561.5,win,46.30000000000037,307.0,47
209976,209977,210024,long,1579.47,1582.65,win,28.500000000000636,307.0,47
210026,210027,210074,long,1583.21,1579.85,loss,-36.90000000000127,307.0,47
210095,210096,210143,short,1568.22,1565.83,win,20.600000000001,307.0,47
210148,210149,210196,long,1567.04,1570.86,win,34.899999999999366,307.0,47
210240,210241,210288,short,1578.14,1584.79,loss,-69.79999999999863,307.0,47
210296,210297,210344,short,1579.69,1578.07,win,12.900000000001182,307.0,47
210403,210404,210451,short,1583.48,1577.74,win,54.100000000000094,307.0,47
210953,210954,211001,short,1569.04,1571.78,loss,-30.70000000000009,307.0,47
211030,211031,211078,short,1568.11,1566.63,win,11.499999999997907,307.0,47
211100,211101,211148,long,1567.07,1573.75,win,63.50000000000064,307.0,47
211156,211157,211204,short,1573.5,1576.1,loss,-29.29999999999909,307.0,47
211406,211407,211454,short,1585.34,1600.69,loss,-156.80000000000138,307.0,47
211637,211638,211685,short,1616.65,1631.05,loss,-147.29999999999865,307.0,47
211778,211779,211826,long,1679.22,1657.64,loss,-219.09999999999928,307.0,47
211872,211873,211920,long,1649.27,1646.03,loss,-35.70000000000009,307.0,47
212011,212012,212059,short,1644.05,1644.66,loss,-9.400000000001274,307.0,47
212085,212086,212133,short,1651.82,1638.83,win,126.6000000000001,307.0,47
212137,212138,212176,short,1630.8,1600.1,win,303.70000000000044,307.0,38
212270,212271,212318,long,1600.6,1595.67,loss,-52.59999999999836,307.0,47
212574,212575,212622,short,1672.7,1688.36,loss,-159.89999999999856,307.0,47
212881,212882,212929,short,1656.99,1635.12,win,215.40000000000117,307.0,47
212988,212989,212997,short,1591.4,1560.7,win,303.70000000000044,307.0,8
213161,213162,213179,short,1477.42,1508.1200000000001,loss,-310.30000000000047,307.0,17
213324,213325,213337,short,1523.83,1493.1299999999999,win,303.70000000000044,307.0,12
213353,213354,213401,short,1496.79,1484.72,win,117.39999999999937,307.0,47
213565,213566,213613,long,1489.31,1490.75,win,11.100000000000545,307.0,47
213684,213685,213711,short,1570.43,1601.13,loss,-310.30000000000047,307.0,26
213866,213867,213907,long,1605.7,1636.4,win,303.70000000000044,307.0,40
213987,213988,214035,long,1622.83,1625.6,win,24.399999999999817,307.0,47
214316,214317,214364,short,1587.1,1602.56,loss,-157.90000000000038,307.0,47
214570,214571,214618,long,1664.64,1655.22,loss,-97.50000000000072,307.0,47
214663,214664,214711,long,1655.78,1650.06,loss,-60.50000000000027,307.0,47
214819,214820,214867,long,1668.91,1683.92,win,146.7999999999999,307.0,47
215108,215109,215156,short,1713.4,1714.96,loss,-18.899999999999455,307.0,47
215221,215222,215269,short,1706.81,1688.95,win,175.299999999999,307.0,47
215277,215278,215325,long,1693.43,1677.59,loss,-161.70000000000147,307.0,47
215431,215432,215479,long,1690.87,1675.75,loss,-154.49999999999892,307.0,47
215538,215539,215586,long,1706.4,1713.33,win,65.99999999999837,307.0,47
215598,215599,215646,long,1714.76,1724.64,win,95.5000000000011,307.0,47
215741,215742,215789,short,1719.75,1722.86,loss,-34.399999999999,307.0,47
215885,215886,215933,short,1694.14,1705.98,loss,-121.69999999999918,307.0,47
215983,215984,216031,short,1708.49,1705.75,win,24.10000000000009,307.0,47
216375,216376,216423,long,1702.85,1702.66,loss,-5.199999999998272,307.0,47
216571,216572,216619,long,1714.85,1717.96,win,27.800000000001273,307.0,47
216973,216974,217021,long,1714.48,1729.81,win,149.99999999999926,307.0,47
217519,217520,217567,long,1728.19,1736.34,win,78.19999999999864,307.0,47
217806,217807,217854,short,1695.44,1714.38,loss,-192.70000000000056,307.0,47
218013,218014,218061,short,1731.05,1736.59,loss,-58.69999999999963,307.0,47
218080,218081,218128,long,1735.47,1739.47,win,36.7,307.0,47
218261,218262,218309,short,1709.13,1701.73,win,70.70000000000091,307.0,47
218429,218430,218447,long,1711.13,1680.43,loss,-310.30000000000047,307.0,17
218593,218594,218641,long,1697.26,1715.27,win,176.7999999999999,307.0,47
218726,218727,218774,short,1717.23,1730.99,loss,-140.89999999999992,307.0,47
218904,218905,218952,long,1741.29,1728.25,loss,-133.69999999999965,307.0,47
218994,218995,219042,long,1713.38,1729.87,win,161.5999999999978,307.0,47
219089,219090,219137,long,1729.8,1726.41,loss,-37.199999999998724,307.0,47
219151,219152,219199,short,1726.88,1727.73,loss,-11.799999999999091,307.0,47
219266,219267,219314,long,1725.41,1725.53,loss,-2.100000000001091,307.0,47
219517,219518,219565,long,1755.42,1769.98,win,142.29999999999944,307.0,47
219609,219610,219657,long,1769.79,1764.96,loss,-51.59999999999927,307.0,47
219783,219784,219831,short,1758.86,1766.67,loss,-81.40000000000173,307.0,47
220216,220217,220264,long,1776.0,1776.38,win,0.5000000000010916,307.0,47
220286,220287,220334,short,1773.63,1774.88,loss,-15.8,307.0,47
220469,220470,220517,short,1794.05,1802.71,loss,-89.90000000000082,307.0,47
220566,220567,220614,long,1809.45,1808.56,loss,-12.200000000001001,307.0,47
220717,220718,220765,short,1803.43,1803.24,loss,-1.3999999999994541,307.0,47
220765,220766,220813,short,1803.26,1807.43,loss,-45.000000000000725,307.0,47
220991,220992,221039,long,1810.28,1809.14,loss,-14.699999999998727,307.0,47
221045,221046,221093,long,1811.15,1801.08,loss,-104.00000000000163,307.0,47
221167,221168,221215,long,1807.3,1807.44,loss,-1.8999999999989994,307.0,47
221236,221237,221284,short,1808.13,1818.22,loss,-104.19999999999918,307.0,47
221346,221347,221394,long,1833.39,1864.0900000000001,win,303.70000000000044,307.0,47
221394,221395,221442,long,1865.48,1849.92,loss,-158.89999999999947,307.0,47
221487,221488,221535,short,1867.61,1875.24,loss,-79.60000000000109,307.0,47
221538,221539,221586,long,1879.2,1887.78,win,82.49999999999928,307.0,47
221595,221596,221643,short,1883.94,1900.2,loss,-165.89999999999992,307.0,47
221710,221711,221753,short,1935.69,1966.39,loss,-310.30000000000047,307.0,42
221841,221842,221889,short,1950.12,1955.85,loss,-60.60000000000018,307.0,47
221894,221895,221942,long,1957.37,1966.2,win,85.00000000000155,307.0,47
221983,221984,222031,long,1954.7,1958.67,win,36.400000000000276,307.0,47
222205,222206,222253,short,1973.33,1974.31,loss,-13.100000000000183,307.0,47
222353,222354,222401,short,2035.02,2041.13,loss,-64.40000000000127,307.0,47
222622,222623,222670,long,2032.38,2017.25,loss,-154.6000000000011,307.0,47
222716,222717,222734,short,1964.14,1933.44,win,303.70000000000044,307.0,17
222737,222738,222765,short,1925.54,1894.84,win,303.70000000000044,307.0,27
222827,222828,222837,short,1938.3,1907.6,win,303.70000000000044,307.0,9
222898,222899,222919,short,1927.49,1958.19,loss,-310.30000000000047,307.0,20
223247,223248,223275,long,1987.82,1957.12,loss,-310.30000000000047,307.0,27
223402,223403,223446,short,1943.11,1912.4099999999999,win,303.70000000000044,307.0,43
224450,224451,224498,long,1930.75,1932.39,win,13.100000000001,307.0,47
224531,224532,224579,long,1923.06,1927.44,win,40.500000000001094,307.0,47
224616,224617,224664,long,1934.36,1946.28,win,115.90000000000073,307.0,47
224796,224797,224844,short,1944.24,1947.35,loss,-34.399999999999,307.0,47
224886,224887,224934,long,1947.67,1957.29,win,92.89999999999891,307.0,47
225016,225017,225064,long,1955.05,1964.37,win,89.89999999999937,307.0,47
225080,225081,225128,short,1961.5,1940.18,win,209.89999999999935,307.0,47
225263,225264,225311,long,1953.6,1953.51,loss,-4.199999999999181,307.0,47
225419,225420,225467,long,1905.66,1901.49,loss,-45.000000000000725,307.0,47
225514,225515,225562,long,1886.07,1862.08,loss,-243.2000000000001,307.0,47
225575,225576,225623,long,1867.33,1857.57,loss,-100.8999999999999,307.0,47
225632,225633,225680,long,1868.37,1871.46,win,27.600000000001454,307.0,47
225701,225702,225749,short,1866.2,1862.64,win,32.29999999999946,307.0,47
225859,225860,225907,short,1882.53,1893.06,loss,-108.59999999999972,307.0,47
225933,225934,225981,short,1896.83,1883.88,win,126.19999999999818,307.0,47
226218,226219,226266,short,1897.03,1913.27,loss,-165.7000000000001,307.0,47
226354,226355,226378,short,1914.6,1883.8999999999999,win,303.70000000000044,307.0,23
226490,226491,226538,long,1887.15,1888.91,win,14.299999999999908,307.0,47
226539,226540,226587,short,1884.98,1911.91,loss,-272.60000000000065,307.0,47
226621,226622,226669,short,1912.92,1927.17,loss,-145.8,307.0,47
226709,226710,226757,long,1924.5,1921.73,loss,-30.99999999999982,307.0,47
226835,226836,226883,short,1892.1,1896.89,loss,-51.20000000000191,307.0,47
226972,226973,227020,short,1895.83,1908.13,loss,-126.30000000000182,307.0,47
227060,227061,227108,long,1908.04,1900.36,loss,-80.10000000000063,307.0,47
227166,227167,227214,long,1916.17,1902.2,loss,-143.00000000000028,307.0,47
227292,227293,227340,short,1907.91,1917.1,loss,-95.19999999999827,307.0,47
227636,227637,227684,short,1903.2,1907.91,loss,-50.40000000000036,307.0,47
227758,227759,227806,short,1902.82,1887.42,win,150.69999999999862,307.0,47
227843,227844,227891,long,1878.18,1876.71,loss,-18.000000000000274,307.0,47
228134,228135,228182,short,1891.61,1905.85,loss,-145.7000000000001,307.0,47
228261,228262,228309,long,1902.17,1904.78,win,22.799999999999,307.0,47
228456,228457,228504,short,1946.72,1962.98,loss,-165.89999999999992,307.0,47
228664,228665,228712,long,1876.67,1877.21,win,2.0999999999996364,307.0,47
228857,228858,228905,long,1877.65,1885.81,win,78.29999999999855,307.0,47
228909,228910,228957,long,1894.73,1895.64,win,5.800000000000819,307.0,47
229037,229038,229085,short,1888.35,1886.69,win,13.299999999998544,307.0,47
229100,229101,229148,short,1886.19,1879.77,win,60.90000000000073,307.0,47
229240,229241,229288,short,1863.34,1862.58,win,4.299999999999909,307.0,47
229308,229309,229356,short,1863.04,1866.39,loss,-36.80000000000136,307.0,47
229581,229582,229629,long,1809.13,1812.56,win,30.999999999998362,307.0,47
229772,229773,229805,long,1810.04,1779.34,loss,-310.30000000000047,307.0,32
230038,230039,230086,long,1814.19,1826.83,win,123.09999999999873,307.0,47
230106,230107,230154,short,1828.91,1842.42,loss,-138.39999999999992,307.0,47
230164,230165,230212,short,1831.49,1842.48,loss,-113.20000000000009,307.0,47
230243,230244,230291,long,1841.79,1838.21,loss,-39.09999999999927,307.0,47
230665,230666,230713,short,1835.85,1845.05,loss,-95.30000000000045,307.0,47
231389,231390,231437,short,1862.48,1868.27,loss,-61.19999999999963,307.0,47
231535,231536,231583,long,1877.47,1884.05,win,62.499999999999275,307.0,47
231773,231774,231821,long,1879.25,1894.66,win,150.8000000000008,307.0,47
231866,231867,231914,short,1892.62,1910.32,loss,-180.30000000000047,307.0,47
232065,232066,232113,short,1944.63,1942.13,win,21.7,307.0,47
232268,232269,232314,long,1916.81,1886.11,loss,-310.30000000000047,307.0,45
232471,232472,232519,long,1848.44,1845.47,loss,-33.00000000000027,307.0,47
233018,233019,233066,long,1853.09,1865.58,win,121.6000000000001,307.0,47
233271,233272,233319,short,1854.66,1867.09,loss,-127.59999999999836,307.0,47
233365,233366,233413,long,1858.25,1856.98,loss,-15.999999999999819,307.0,47
233454,233455,233502,short,1846.84,1841.1,win,54.100000000000094,307.0,47
233512,233513,233560,long,1845.22,1837.93,loss,-76.19999999999963,307.0,47
233574,233575,233622,long,1840.59,1841.95,win,10.300000000001273,307.0,47
233718,233719,233766,long,1853.37,1860.71,win,70.10000000000146,307.0,47
234122,234123,234170,long,1807.51,1811.32,win,34.79999999999946,307.0,47
234187,234188,234235,short,1811.31,1834.38,loss,-234.00000000000165,307.0,47
234270,234271,234318,long,1831.87,1841.92,win,97.20000000000182,307.0,47
234609,234610,234657,long,1828.16,1824.84,loss,-36.500000000001634,307.0,47
234744,234745,234766,long,1823.86,1793.1599999999999,loss,-310.30000000000047,307.0,21
234855,234856,234903,short,1777.95,1781.55,loss,-39.29999999999909,307.0,47
235389,235390,235437,long,1794.32,1769.84,loss,-248.1000000000002,307.0,47
235687,235688,235735,long,1727.86,1733.82,win,56.30000000000037,307.0,47
235828,235829,235876,long,1717.27,1705.04,loss,-125.60000000000018,307.0,47
235907,235908,235955,long,1694.35,1703.38,win,87.000000000002,307.0,47
236002,236003,236050,short,1705.2,1681.68,win,231.8999999999998,307.0,47
236174,236175,236222,long,1718.13,1713.93,loss,-45.30000000000045,307.0,47
236268,236269,236316,short,1724.25,1729.09,loss,-51.69999999999918,307.0,47
236455,236456,236503,short,1726.04,1728.72,loss,-30.100000000000637,307.0,47
236506,236507,236554,short,1727.63,1733.4,loss,-60.999999999999815,307.0,47
236812,236813,236860,short,1732.78,1742.08,loss,-96.29999999999954,307.0,47
236881,236882,236929,long,1742.2,1736.92,loss,-56.099999999999724,307.0,47
237029,237030,237077,short,1737.46,1727.13,win,99.99999999999928,307.0,47
237407,237408,237455,long,1726.17,1711.35,loss,-151.50000000000165,307.0,47
237555,237556,237603,short,1683.49,1687.37,loss,-42.099999999998815,307.0,47
237770,237771,237818,short,1725.06,1727.93,loss,-32.00000000000118,307.0,47
237966,237967,238014,short,1732.59,1734.85,loss,-25.89999999999991,307.0,47
238032,238033,238080,long,1742.91,1756.02,win,127.799999999999,307.0,47
238420,238421,238468,long,1744.63,1737.89,loss,-70.70000000000009,307.0,47
238520,238521,238568,long,1753.65,1760.07,win,60.89999999999846,307.0,47
238750,238751,238798,long,1773.53,1775.62,win,17.59999999999918,307.0,47
238812,238813,238860,short,1777.35,1781.85,loss,-48.3,307.0,47
238862,238863,238910,short,1782.75,1794.28,loss,-118.59999999999972,307.0,47
238950,238951,238998,long,1793.48,1781.63,loss,-121.79999999999909,307.0,47
239146,239147,239194,short,1777.25,1782.04,loss,-51.19999999999963,307.0,47
239700,239701,239748,long,1787.09,1778.7,loss,-87.19999999999872,307.0,47
239779,239780,239827,long,1777.99,1786.65,win,83.30000000000082,307.0,47
240386,240387,240434,short,1823.09,1836.91,loss,-141.50000000000165,307.0,47
240476,240477,240524,long,1851.59,1852.72,win,8.00000000000109,307.0,47
240647,240648,240695,short,1868.34,1856.38,win,116.2999999999981,307.0,47
240777,240778,240825,long,1873.95,1878.44,win,41.600000000000094,307.0,47
240887,240888,240935,long,1885.31,1885.93,win,2.9000000000011825,307.0,47
241023,241024,241071,short,1873.51,1880.8,loss,-76.19999999999963,307.0,47
241163,241164,241211,short,1904.56,1894.92,win,93.09999999999873,307.0,47
241399,241400,241447,short,1906.39,1905.42,win,6.400000000000273,307.0,47
241580,241581,241628,long,1900.19,1908.14,win,76.20000000000046,307.0,47
242012,242013,242060,short,1893.97,1898.04,loss,-43.99999999999936,307.0,47
242205,242206,242253,short,1898.79,1880.17,win,182.8999999999989,307.0,47
242376,242377,242424,short,1858.88,1865.27,loss,-67.19999999999872,307.0,47
242459,242460,242507,short,1858.55,1854.45,win,37.69999999999909,307.0,47
242601,242602,242649,short,1788.27,1779.05,win,88.90000000000028,307.0,47
242866,242867,242914,long,1782.17,1779.18,loss,-33.20000000000009,307.0,47
242938,242939,242986,short,1779.96,1781.67,loss,-20.400000000000365,307.0,47
243302,243303,243350,long,1776.35,1763.01,loss,-136.6999999999992,307.0,47
243384,243385,243432,long,1763.46,1762.84,loss,-9.500000000001183,307.0,47
243742,243743,243790,long,1801.89,1795.52,loss,-67.00000000000118,307.0,47
243865,243866,243913,short,1804.43,1799.59,win,45.10000000000146,307.0,47
243960,243961,244008,short,1810.4,1806.77,win,33.000000000001094,307.0,47
244016,244017,244064,short,1802.54,1809.99,loss,-77.80000000000045,307.0,47
244107,244108,244155,short,1800.81,1805.55,loss,-50.70000000000009,307.0,47
244184,244185,244232,long,1808.97,1810.55,win,12.499999999999272,307.0,47
244318,244319,244366,long,1826.71,1827.04,loss,-7.274181257344026e-13,307.0,47
244542,244543,244590,long,1816.4,1798.47,loss,-182.60000000000065,307.0,47
245036,245037,245084,short,1807.99,1797.74,win,99.2,307.0,47
245120,245121,245168,long,1799.83,1799.87,loss,-2.9000000000003636,307.0,47
245241,245242,245289,long,1800.09,1814.93,win,145.10000000000144,307.0,47
245308,245309,245356,long,1821.02,1827.89,win,65.40000000000119,307.0,47
245394,245395,245442,long,1829.69,1812.22,loss,-178.00000000000028,307.0,47
245493,245494,245541,long,1810.19,1812.82,win,22.999999999998817,307.0,47
245604,245605,245652,short,1809.97,1813.87,loss,-42.29999999999863,307.0,47
245761,245762,245809,long,1813.64,1804.35,loss,-96.2000000000019,307.0,47
245846,245847,245875,long,1801.36,1770.6599999999999,loss,-310.30000000000047,307.0,28
245940,245941,245988,long,1751.49,1729.49,loss,-223.3,307.0,47
246003,246004,246051,short,1731.51,1729.22,win,19.599999999999635,307.0,47
246157,246158,246205,long,1751.56,1751.68,loss,-2.0999999999988175,307.0,47
246293,246294,246341,short,1755.14,1776.55,loss,-217.39999999999856,307.0,47
246387,246388,246435,short,1774.06,1787.74,loss,-140.10000000000065,307.0,47
246458,246459,246506,short,1786.39,1792.33,loss,-62.69999999999827,307.0,47
246521,246522,246569,long,1782.61,1789.33,win,63.900000000000276,307.0,47
246797,246798,246845,long,1784.84,1786.17,win,10.000000000001545,307.0,47
246857,246858,246905,long,1787.85,1805.24,win,170.600000000001,307.0,47
246939,246940,246987,long,1803.86,1805.5,win,13.100000000001,307.0,47
247008,247009,247056,short,1794.51,1793.85,win,3.3000000000008187,307.0,47
247062,247063,247110,short,1788.01,1788.51,loss,-8.3,307.0,47
247138,247139,247186,long,1787.59,1792.95,win,50.300000000001276,307.0,47
247223,247224,247271,short,1795.77,1818.42,loss,-229.80000000000092,307.0,47
247325,247326,247373,long,1817.06,1812.54,loss,-48.499999999999815,307.0,47
247385,247386,247433,long,1815.72,1807.75,loss,-83.00000000000027,307.0,47
247954,247955,248002,short,1796.25,1789.32,win,66.00000000000064,307.0,47
248023,248024,248071,long,1791.17,1793.66,win,21.60000000000009,307.0,47
248178,248179,248226,long,1787.75,1789.53,win,14.499999999999726,307.0,47
248396,248397,248444,long,1801.94,1795.35,loss,-69.20000000000145,307.0,47
248464,248465,248501,short,1792.16,1761.46,win,303.70000000000044,307.0,36
248583,248584,248631,short,1764.63,1753.72,win,105.80000000000082,307.0,47
248659,248660,248707,short,1750.94,1762.29,loss,-116.79999999999909,307.0,47
248725,248726,248773,short,1763.3,1771.78,loss,-88.10000000000018,307.0,47
248940,248941,248988,long,1767.31,1738.83,loss,-288.1000000000002,307.0,47
249043,249044,249091,short,1753.07,1757.61,loss,-48.69999999999963,307.0,47
249180,249181,249228,short,1749.87,1729.64,win,198.9999999999979,307.0,47
249479,249480,249527,long,1754.37,1758.65,win,39.500000000002004,307.0,47
249550,249551,249598,short,1761.17,1756.49,win,43.50000000000064,307.0,47
249663,249664,249711,long,1759.66,1760.45,win,4.599999999999636,307.0,47
249752,249753,249800,long,1753.48,1762.42,win,86.10000000000055,307.0,47
250039,250040,250087,long,1755.92,1754.08,loss,-21.700000000001456,307.0,47
250088,250089,250136,long,1754.29,1761.61,win,69.89999999999937,307.0,47
250223,250224,250271,long,1773.18,1791.64,win,181.30000000000035,307.0,47
250400,250401,250448,short,1783.48,1770.55,win,126.00000000000064,307.0,47
250500,250501,250548,long,1767.3,1768.98,win,13.500000000000636,307.0,47
250598,250599,250646,short,1777.47,1772.59,win,45.500000000001094,307.0,47
250684,250685,250732,long,1783.54,1782.5,loss,-13.699999999999637,307.0,47
251315,251316,251363,long,1798.12,1780.0,loss,-184.49999999999892,307.0,47
251391,251392,251439,short,1782.29,1792.59,loss,-106.29999999999954,307.0,47
251556,251557,251604,short,1781.11,1763.82,win,169.59999999999962,307.0,47
251664,251665,251712,short,1771.92,1793.13,loss,-215.40000000000038,307.0,47
251738,251739,251786,long,1794.87,1798.32,win,31.200000000000454,307.0,47
251847,251848,251895,short,1816.63,1825.59,loss,-92.89999999999809,307.0,47
252037,252038,252061,long,1826.29,1856.99,win,303.70000000000044,307.0,23
252370,252371,252418,long,1864.27,1872.11,win,75.09999999999918,307.0,47
252522,252523,252570,short,1861.86,1866.35,loss,-48.20000000000009,307.0,47
252905,252906,252953,long,1791.24,1792.01,win,4.399999999999818,307.0,47
253137,253138,253185,short,1802.9,1795.01,win,75.600000000001,307.0,47
253302,253303,253350,short,1792.34,1777.55,win,144.59999999999962,307.0,47
253413,253414,253461,short,1784.13,1775.61,win,81.9000000000021,307.0,47
253557,253558,253605,short,1772.71,1784.13,loss,-117.50000000000072,307.0,47
253614,253615,253662,short,1785.2,1782.14,win,27.299999999999454,307.0,47
253685,253686,253733,long,1781.58,1779.43,loss,-24.799999999998636,307.0,47
253765,253766,253813,short,1774.07,1789.81,loss,-160.7000000000001,307.0,47
253844,253845,253892,long,1790.14,1784.01,loss,-64.60000000000109,307.0,47
253929,253930,253977,short,1783.31,1775.45,win,75.299999999999,307.0,47
254024,254025,254072,short,1770.69,1784.24,loss,-138.79999999999956,307.0,47
254105,254106,254153,long,1785.4,1787.89,win,21.60000000000009,307.0,47
254177,254178,254225,short,1786.82,1771.56,win,149.2999999999999,307.0,47
254256,254257,254304,long,1771.95,1768.4,loss,-38.79999999999954,307.0,47
254489,254490,254537,long,1809.11,1800.3,loss,-91.39999999999945,307.0,47
254647,254648,254695,short,1790.67,1787.15,win,31.899999999999817,307.0,47
254747,254748,254795,long,1788.3,1803.96,win,153.3000000000008,307.0,47
254848,254849,254896,short,1805.44,1807.87,loss,-27.599999999998364,307.0,47
254954,254955,255002,long,1808.47,1809.15,win,3.500000000000637,307.0,47
255049,255050,255097,short,1815.18,1806.94,win,79.1000000000001,307.0,47
255369,255370,255417,short,1824.81,1802.77,win,217.09999999999962,307.0,47
255463,255464,255511,short,1803.63,1813.72,loss,-104.19999999999918,307.0,47
255535,255536,255583,short,1813.36,1819.39,loss,-63.600000000002,307.0,47
255833,255834,255881,long,1793.07,1798.88,win,54.80000000000173,307.0,47
255942,255943,255990,short,1806.78,1821.36,loss,-149.09999999999928,307.0,47
256035,256036,256083,long,1817.81,1825.73,win,75.90000000000073,307.0,47
256104,256105,256152,long,1826.36,1816.5,loss,-101.899999999999,307.0,47
256176,256177,256224,short,1821.18,1820.24,win,6.100000000000546,307.0,47
256233,256234,256281,long,1826.53,1819.05,loss,-78.10000000000018,307.0,47
256403,256404,256451,long,1819.54,1811.59,loss,-82.80000000000045,307.0,47
256579,256580,256627,long,1839.34,1838.51,loss,-11.599999999999273,307.0,47
256632,256633,256680,long,1839.17,1841.98,win,24.799999999999454,307.0,47
256863,256864,256911,long,1850.34,1846.97,loss,-36.999999999998906,307.0,47
257027,257028,257075,long,1815.9,1796.92,loss,-193.1000000000002,307.0,47
257103,257104,257151,short,1797.39,1783.86,win,132.000000000002,307.0,47
257502,257503,257550,short,1795.78,1806.11,loss,-106.59999999999927,307.0,47
257560,257561,257608,short,1805.97,1806.81,loss,-11.699999999999182,307.0,47
257697,257698,257745,long,1821.04,1817.21,loss,-41.59999999999927,307.0,47
257788,257789,257836,short,1826.44,1827.19,loss,-10.8,307.0,47
257971,257972,258019,short,1835.16,1822.82,win,120.10000000000146,307.0,47
258066,258067,258114,long,1850.04,1856.47,win,61.00000000000064,307.0,47
258568,258569,258616,long,1893.43,1909.3,win,155.3999999999989,307.0,47
258751,258752,258799,long,1895.35,1910.47,win,147.90000000000117,307.0,47
259311,259312,259359,short,1928.56,1937.01,loss,-87.80000000000045,307.0,47
259385,259386,259433,long,1941.1,1971.8,win,303.70000000000044,307.0,47
259531,259532,259579,short,1991.04,2012.28,loss,-215.7000000000001,307.0,47
259994,259995,260042,short,1942.81,1918.11,win,243.70000000000044,307.0,47
260050,260051,260098,long,1918.09,1915.95,loss,-24.699999999998727,307.0,47
260110,260111,260158,long,1918.0,1918.22,loss,-1.099999999999727,307.0,47
260204,260205,260252,long,1935.32,1937.15,win,15.000000000001545,307.0,47
260312,260313,260360,long,1939.67,1921.93,loss,-180.7000000000001,307.0,47
260451,260452,260499,short,1929.76,1927.78,win,16.50000000000018,307.0,47
260715,260716,260763,short,1956.87,1957.61,loss,-10.700000000000092,307.0,47
260778,260779,260826,short,1947.59,1947.12,win,1.400000000000273,307.0,47
261029,261030,261077,short,1922.71,1933.01,loss,-106.29999999999954,307.0,47
261211,261212,261259,short,1932.88,1924.71,win,78.40000000000073,307.0,47
261415,261416,261463,long,1932.68,1922.08,loss,-109.30000000000136,307.0,47
261575,261576,261623,long,1925.4,1932.28,win,65.49999999999882,307.0,47
261660,261661,261708,short,1928.1,1941.28,loss,-135.10000000000065,307.0,47
261760,261761,261808,long,1945.68,1953.54,win,75.299999999999,307.0,47
261938,261939,261986,short,1967.56,1977.8,loss,-105.70000000000009,307.0,47
261988,261989,262036,short,1975.74,1975.31,win,1.0000000000006368,307.0,47
262138,262139,262186,short,1989.28,1976.67,win,122.799999999999,307.0,47
262240,262241,262288,short,1967.03,1945.05,win,216.50000000000017,307.0,47
262316,262317,262364,long,1946.48,1957.27,win,104.59999999999964,307.0,47
262571,262572,262619,short,1917.82,1896.51,win,209.79999999999944,307.0,47
262690,262691,262738,short,1906.38,1904.7,win,13.500000000000636,307.0,47
262739,262740,262787,short,1903.52,1902.53,win,6.600000000000091,307.0,47
262892,262893,262940,short,1885.93,1905.68,loss,-200.8,307.0,47
263139,263140,263187,long,1858.42,1868.33,win,95.79999999999855,307.0,47
263220,263221,263268,long,1866.58,1885.65,win,187.40000000000163,307.0,47
263341,263342,263389,short,1890.74,1875.97,win,144.3999999999998,307.0,47
263506,263507,263554,short,1858.85,1854.03,win,44.899999999999366,307.0,47
263592,263593,263640,long,1862.56,1838.03,loss,-248.59999999999974,307.0,47
263656,263657,263704,long,1837.22,1853.1,win,155.4999999999988,307.0,47
263751,263752,263799,short,1853.42,1838.69,win,144.00000000000017,307.0,47
263808,263809,263856,short,1825.32,1825.58,loss,-5.899999999999909,307.0,47
263857,263858,263905,short,1825.21,1808.84,win,160.40000000000117,307.0,47
263930,263931,263978,short,1811.63,1813.3,loss,-19.999999999998455,307.0,47
264209,264210,264257,long,1816.49,1845.49,win,286.7,307.0,47
264747,264748,264795,short,1849.01,1851.88,loss,-32.00000000000118,307.0,47
264885,264886,264933,long,1857.34,1853.0,loss,-46.69999999999918,307.0,47
265112,265113,265160,long,1845.97,1866.81,win,205.09999999999917,307.0,47
265241,265242,265289,short,1858.49,1853.56,win,46.00000000000064,307.0,47
265368,265369,265416,short,1839.28,1848.87,loss,-99.19999999999918,307.0,47
265652,265653,265700,short,1844.93,1832.5,win,121.00000000000064,307.0,47
265871,265872,265919,long,1823.55,1809.59,loss,-142.90000000000038,307.0,47
266123,266124,266171,long,1846.96,1839.85,loss,-74.40000000000127,307.0,47
266379,266380,266427,long,1829.27,1838.79,win,91.89999999999982,307.0,47
266575,266576,266623,short,1822.16,1830.1,loss,-82.69999999999827,307.0,47
266768,266769,266816,short,1824.5,1819.47,win,46.99999999999973,307.0,47
266827,266828,266875,long,1821.94,1822.87,win,5.999999999998363,307.0,47
266925,266926,266973,short,1819.2,1805.85,win,130.20000000000135,307.0,47
267027,267028,267075,short,1796.34,1803.7,loss,-76.90000000000127,307.0,47
267097,267098,267145,short,1806.42,1808.79,loss,-26.99999999999891,307.0,47
267154,267155,267202,short,1807.07,1808.94,loss,-22.000000000001183,307.0,47
267397,267398,267445,long,1744.4,1739.37,loss,-53.600000000002,307.0,47
267592,267593,267640,long,1737.18,1734.78,loss,-27.30000000000091,307.0,47
267741,267742,267789,short,1725.53,1736.87,loss,-116.69999999999918,307.0,47
268020,268021,268068,short,1713.6,1709.78,win,34.899999999999366,307.0,47
268101,268102,268149,long,1708.39,1713.7,win,49.79999999999946,307.0,47
268320,268321,268350,long,1688.93,1719.63,win,303.70000000000044,307.0,29
268419,268420,268467,long,1736.18,1726.55,loss,-99.60000000000109,307.0,47
268673,268674,268721,short,1723.33,1734.97,loss,-119.700000000001,307.0,47
268878,268879,268926,long,1762.5,1760.21,loss,-26.199999999999637,307.0,47
268974,268975,269022,long,1772.83,1772.31,loss,-8.499999999999819,307.0,47
269117,269118,269165,short,1767.06,1760.57,win,61.600000000000094,307.0,47
269325,269326,269373,short,1773.63,1774.3,loss,-9.999999999998455,307.0,47
269385,269386,269433,long,1773.62,1788.0,win,140.50000000000108,307.0,47
269502,269503,269550,short,1789.32,1792.61,loss,-36.19999999999963,307.0,47
269685,269686,269733,long,1793.95,1787.04,loss,-72.40000000000082,307.0,47
269742,269743,269790,long,1788.7,1792.95,win,39.2,307.0,47
269828,269829,269876,short,1795.44,1776.52,win,185.90000000000072,307.0,47
269968,269969,270016,long,1776.87,1774.77,loss,-24.29999999999909,307.0,47
270075,270076,270123,long,1767.82,1761.63,loss,-65.19999999999827,307.0,47
270129,270130,270177,long,1764.19,1758.94,loss,-55.8,307.0,47
270211,270212,270259,long,1755.77,1748.25,loss,-78.49999999999982,307.0,47
270353,270354,270401,short,1734.28,1742.67,loss,-87.200000000001,307.0,47
270407,270408,270455,short,1735.86,1745.85,loss,-103.20000000000009,307.0,47
270478,270479,270526,long,1746.78,1749.44,win,23.300000000000818,307.0,47
271254,271255,271302,long,1711.98,1715.66,win,33.50000000000064,307.0,47
271431,271432,271479,long,1716.12,1719.18,win,27.300000000001727,307.0,47
271504,271505,271552,short,1716.1,1716.26,loss,-4.900000000000818,307.0,47
271707,271708,271755,short,1724.9,1724.38,win,1.8999999999998183,307.0,47
271759,271760,271807,short,1722.27,1701.43,win,205.09999999999917,307.0,47
271962,271963,272010,long,1686.13,1663.43,loss,-230.30000000000047,307.0,47
272033,272034,272081,short,1655.57,1673.24,loss,-180.00000000000074,307.0,47
272118,272119,272166,short,1662.6,1673.01,loss,-107.40000000000082,307.0,47
272290,272291,272338,short,1662.43,1666.97,loss,-48.69999999999963,307.0,47
272695,272696,272743,short,1634.0,1625.06,win,86.10000000000055,307.0,47
272758,272759,272785,short,1618.06,1648.76,loss,-310.30000000000047,307.0,26
272879,272880,272927,short,1648.59,1662.56,loss,-143.00000000000028,307.0,47
272969,272970,273017,long,1669.9,1663.78,loss,-64.50000000000118,307.0,47
273059,273060,273107,long,1684.94,1695.58,win,103.09999999999873,307.0,47
273122,273123,273170,long,1708.86,1723.23,win,140.40000000000117,307.0,47
273211,273212,273259,long,1722.83,1714.16,loss,-89.99999999999845,307.0,47
273410,273411,273458,short,1708.95,1696.23,win,123.90000000000028,307.0,47
273588,273589,273636,short,1662.63,1666.24,loss,-39.399999999999,307.0,47
273658,273659,273706,long,1668.82,1667.71,loss,-14.399999999999,307.0,47
273906,273907,273954,long,1645.36,1658.75,win,130.600000000001,307.0,47
273956,273957,274004,short,1655.18,1650.92,win,39.29999999999991,307.0,47
274160,274161,274208,short,1631.42,1629.21,win,18.800000000000363,307.0,47
274247,274248,274295,long,1642.12,1626.2,loss,-162.49999999999847,307.0,47
274784,274785,274832,long,1650.69,1642.01,loss,-90.10000000000063,307.0,47
274885,274886,274933,long,1640.85,1637.36,loss,-38.20000000000009,307.0,47
275028,275029,275076,short,1650.0,1646.43,win,32.399999999999366,307.0,47
275343,275344,275391,short,1676.74,1671.1,win,53.100000000001,307.0,47
275431,275432,275435,long,1676.0,1706.7,win,303.70000000000044,307.0,3
275522,275523,275570,long,1711.55,1709.65,loss,-22.299999999998636,307.0,47
275601,275602,275614,long,1708.14,1738.8400000000001,win,303.70000000000044,307.0,12
275693,275694,275741,short,1757.99,1764.2,loss,-65.40000000000036,307.0,47
275820,275821,275868,short,1771.35,1773.95,loss,-29.300000000001365,307.0,47
275904,275905,275952,long,1778.32,1774.4,loss,-42.49999999999845,307.0,47
275985,275986,276033,long,1779.52,1762.27,loss,-175.8,307.0,47
276075,276076,276123,long,1762.15,1763.71,win,12.299999999999454,307.0,47
276126,276127,276174,short,1761.61,1753.17,win,81.09999999999827,307.0,47
276316,276317,276364,long,1742.16,1737.11,loss,-53.800000000001816,307.0,47
276369,276370,276417,long,1739.48,1739.38,loss,-4.29999999999909,307.0,47
276512,276513,276560,short,1755.71,1757.81,loss,-24.29999999999909,307.0,47
276718,276719,276766,long,1741.89,1755.15,win,129.2999999999999,307.0,47
276812,276813,276860,long,1750.14,1760.81,win,103.39999999999846,307.0,47
276885,276886,276933,long,1760.15,1775.27,win,147.8999999999989,307.0,47
276990,276991,277038,long,1803.77,1799.72,loss,-43.79999999999954,307.0,47
277304,277305,277352,short,1771.47,1786.05,loss,-149.09999999999928,307.0,47
277668,277669,277686,short,1783.08,1813.78,loss,-310.30000000000047,307.0,17
277775,277776,277823,long,1808.44,1796.75,loss,-120.20000000000054,307.0,47
277937,277938,277985,short,1777.29,1792.76,loss,-158.00000000000028,307.0,47
278231,278232,278279,long,1818.25,1818.73,win,1.500000000000182,307.0,47
278293,278294,278341,short,1818.38,1792.88,win,251.7,307.0,47
278408,278409,278456,short,1797.11,1802.09,loss,-53.10000000000018,307.0,47
278501,278502,278549,short,1808.77,1812.87,loss,-44.29999999999909,307.0,47
278570,278571,278618,short,1807.83,1805.35,win,21.50000000000018,307.0,47
278662,278663,278710,short,1806.36,1818.47,loss,-124.40000000000127,307.0,47
278795,278796,278843,long,1819.87,1842.27,win,220.7000000000009,307.0,47
278868,278869,278916,long,1838.79,1844.31,win,51.89999999999982,307.0,47
278971,278972,279019,long,1859.05,1852.33,loss,-70.50000000000027,307.0,47
279061,279062,279109,short,1827.4,1839.27,loss,-121.9999999999989,307.0,47
279227,279228,279275,long,1875.05,1870.31,loss,-50.70000000000009,307.0,47
279510,279511,279558,long,1899.46,1898.02,loss,-17.700000000000546,307.0,47
279633,279634,279681,short,1918.47,1918.86,loss,-7.1999999999987265,307.0,47
279979,279980,280027,long,1928.22,1932.96,win,44.100000000000094,307.0,47
280386,280387,280434,short,1940.55,1929.38,win,108.39999999999846,307.0,47
280459,280460,280507,short,1928.18,1927.44,win,4.100000000000091,307.0,47
280515,280516,280563,long,1930.22,1931.18,win,6.300000000000364,307.0,47
280615,280616,280663,long,1923.91,1907.18,loss,-170.6000000000002,307.0,47
280800,280801,280848,long,1938.77,1956.14,win,170.40000000000117,307.0,47
280913,280914,280960,long,1917.64,1886.94,loss,-310.30000000000047,307.0,46
281024,281025,281072,short,1874.71,1867.67,win,67.09999999999964,307.0,47
281121,281122,281169,short,1872.25,1870.14,win,17.799999999999,307.0,47
281246,281247,281294,long,1876.61,1880.62,win,36.79999999999991,307.0,47
281449,281450,281497,short,1862.69,1862.11,win,2.5000000000015463,307.0,47
281573,281574,281621,short,1858.67,1855.48,win,28.600000000000545,307.0,47
281878,281879,281926,long,1833.71,1842.28,win,82.39999999999937,307.0,47
282125,282126,282173,long,1837.08,1825.55,loss,-118.59999999999972,307.0,47
282330,282331,282378,long,1813.11,1809.02,loss,-44.19999999999918,307.0,47
282575,282576,282623,short,1831.91,1837.06,loss,-54.79999999999863,307.0,47
282843,282844,282891,short,1853.11,1846.95,win,58.29999999999855,307.0,47
282907,282908,282955,long,1846.8,1837.2,loss,-99.29999999999909,307.0,47
283052,283053,283100,long,1820.42,1813.69,loss,-70.60000000000018,307.0,47
283139,283140,283187,long,1822.52,1829.58,win,67.29999999999946,307.0,47
283230,283231,283238,short,1833.49,1864.19,loss,-310.30000000000047,307.0,7
283278,283279,283326,long,1881.25,1905.17,win,235.90000000000072,307.0,47
283669,283670,283695,short,1928.27,1958.97,loss,-310.30000000000047,307.0,25
283840,283841,283877,short,1981.34,1950.6399999999999,win,303.70000000000044,307.0,36
283986,283987,284034,long,1959.9,1982.65,win,224.2,307.0,47
284135,284136,284183,long,1990.82,1971.9,loss,-192.49999999999847,307.0,47
284246,284247,284294,long,1955.81,1960.38,win,42.40000000000164,307.0,47
284515,284516,284563,short,1968.52,1982.75,loss,-145.6000000000002,307.0,47
284712,284713,284760,short,1986.91,1978.74,win,78.40000000000073,307.0,47
284878,284879,284926,long,2028.77,2014.54,loss,-145.6000000000002,307.0,47
284971,284972,285019,short,2013.82,1998.19,win,152.9999999999988,307.0,47
285062,285063,285110,short,1999.11,1990.13,win,86.49999999999791,307.0,47
285248,285249,285296,long,2022.44,2017.77,loss,-50.000000000000725,307.0,47
285519,285520,285567,short,1999.52,1998.64,win,5.499999999998818,307.0,47
285613,285614,285661,short,1998.37,2003.55,loss,-55.100000000000634,307.0,47
285687,285688,285735,short,1977.53,1995.05,loss,-178.49999999999983,307.0,47
285804,285805,285852,short,2003.54,2002.05,win,11.60000000000009,307.0,47
285892,285893,285940,short,1973.47,1980.75,loss,-76.09999999999972,307.0,47
285950,285951,285998,long,1981.22,1989.53,win,79.79999999999946,307.0,47
286155,286156,286203,short,1993.28,1991.27,win,16.79999999999991,307.0,47
286341,286342,286389,short,1981.88,1982.15,loss,-5.999999999999818,307.0,47
286504,286505,286532,short,1981.29,2011.99,loss,-310.30000000000047,307.0,27
286602,286603,286649,long,2016.71,2047.41,win,303.70000000000044,307.0,46
286890,286891,286938,short,2021.72,2023.62,loss,-22.299999999998636,307.0,47
286965,286966,287013,long,2026.24,2034.86,win,82.89999999999891,307.0,47
287110,287111,287158,long,2031.31,2036.6,win,49.59999999999964,307.0,47
287166,287167,287214,short,2027.9,2011.68,win,158.90000000000026,307.0,47
287329,287330,287377,short,2016.45,2016.15,loss,-0.30000000000045457,307.0,47
287722,287723,287770,long,1974.93,1975.25,loss,-0.10000000000063647,307.0,47
287817,287818,287865,long,1978.03,1963.35,loss,-150.10000000000065,307.0,47
288020,288021,288068,long,1960.99,1961.84,win,5.199999999999091,307.0,47
288122,288123,288170,long,1943.87,1948.49,win,42.900000000001185,307.0,47
288198,288199,288246,short,1944.37,1944.4,loss,-3.6000000000020007,307.0,47
288291,288292,288339,long,1943.51,1956.78,win,129.3999999999998,307.0,47
288383,288384,288431,long,1959.94,1963.33,win,30.599999999998726,307.0,47
288703,288704,288751,long,1944.97,1963.68,win,183.80000000000035,307.0,47
288779,288780,288827,long,1961.56,1963.41,win,15.200000000001364,307.0,47
288948,288949,288996,long,1947.43,1963.42,win,156.60000000000008,307.0,47
289248,289249,289296,short,1959.9,1946.17,win,134.00000000000017,307.0,47
289306,289307,289354,long,1949.18,1955.94,win,64.29999999999991,307.0,47
289457,289458,289505,short,1957.45,1962.26,loss,-51.39999999999945,307.0,47
289597,289598,289645,long,1957.31,1952.09,loss,-55.50000000000027,307.0,47
289886,289887,289934,short,1916.24,1911.44,win,44.69999999999955,307.0,47
290157,290158,290205,short,1915.57,1915.31,loss,-0.7000000000000908,307.0,47
290253,290254,290301,long,1909.39,1904.76,loss,-49.60000000000109,307.0,47
290556,290557,290604,long,1921.09,1928.45,win,70.30000000000128,307.0,47
290684,290685,290732,short,1926.56,1916.61,win,96.20000000000046,307.0,47
290761,290762,290809,short,1919.25,1910.97,win,79.49999999999973,307.0,47
290872,290873,290920,long,1921.44,1924.53,win,27.59999999999918,307.0,47
291027,291028,291075,long,1930.37,1932.24,win,15.400000000001182,307.0,47
291207,291208,291255,short,1957.15,1957.94,loss,-11.199999999999637,307.0,47
291574,291575,291622,long,1978.09,1977.29,loss,-11.299999999999546,307.0,47
291804,291805,291852,long,1964.58,1964.67,loss,-2.3999999999985446,307.0,47
291878,291879,291926,short,1959.41,1962.24,loss,-31.599999999999273,307.0,47
291974,291975,292022,long,1961.92,1963.88,win,16.300000000000363,307.0,47
292203,292204,292251,long,1953.65,1960.56,win,65.79999999999855,307.0,47
292261,292262,292309,short,1959.62,1954.07,win,52.19999999999955,307.0,47
292655,292656,292703,short,1935.08,1942.24,loss,-74.90000000000082,307.0,47
292784,292785,292832,long,1936.49,1933.04,loss,-37.80000000000045,307.0,47
292970,292971,293018,long,1924.72,1917.78,loss,-72.70000000000054,307.0,47
293155,293156,293203,short,1914.63,1912.06,win,22.400000000001636,307.0,47
293327,293328,293375,short,1902.2,1901.91,loss,-0.4000000000003636,307.0,47
293404,293405,293452,short,1903.3,1892.82,win,101.50000000000018,307.0,47
293459,293460,293507,long,1894.58,1897.22,win,23.100000000001,307.0,47
293651,293652,293699,short,1887.96,1895.3,loss,-76.69999999999918,307.0,47
293871,293872,293919,short,1902.37,1917.04,loss,-150.00000000000074,307.0,47
293954,293955,294002,short,1919.55,1916.82,win,24.00000000000018,307.0,47
294040,294041,294088,long,1914.81,1914.12,loss,-10.200000000000546,307.0,47
294131,294132,294179,short,1915.53,1919.8,loss,-45.999999999999815,307.0,47
294296,294297,294344,long,1936.98,1946.96,win,96.50000000000018,307.0,47
294648,294649,294696,short,1935.69,1927.65,win,77.09999999999964,307.0,47
294843,294844,294891,short,1918.29,1918.95,loss,-9.90000000000082,307.0,47
295056,295057,295104,long,1927.2,1921.73,loss,-58.00000000000027,307.0,47
295131,295132,295179,long,1920.63,1912.93,loss,-80.30000000000045,307.0,47
295196,295197,295244,short,1911.31,1913.3,loss,-23.20000000000009,307.0,47
295340,295341,295388,long,1908.41,1915.47,win,67.29999999999946,307.0,47
295514,295515,295562,long,1927.59,1932.94,win,50.20000000000137,307.0,47
295605,295606,295653,short,1934.04,1930.86,win,28.500000000000636,307.0,47
295875,295876,295923,long,1926.65,1922.89,loss,-40.899999999999906,307.0,47
296149,296150,296197,short,1890.71,1876.5,win,138.80000000000035,307.0,47
296228,296229,296276,short,1874.02,1864.66,win,90.299999999999,307.0,47
296395,296396,296443,short,1840.57,1832.07,win,81.7,307.0,47
296474,296475,296522,short,1817.03,1826.25,loss,-95.50000000000027,307.0,47
296574,296575,296622,long,1821.92,1821.81,loss,-4.400000000001273,307.0,47
296765,296766,296813,short,1820.52,1833.03,loss,-128.39999999999992,307.0,47
296905,296906,296953,long,1860.06,1856.73,loss,-36.59999999999927,307.0,47
296991,296992,297039,short,1858.43,1862.92,loss,-48.20000000000009,307.0,47
297159,297160,297207,short,1873.54,1872.67,win,5.399999999998909,307.0,47
297355,297356,297403,short,1919.61,1917.12,win,21.60000000000009,307.0,47
297620,297621,297651,short,1950.33,1981.03,loss,-310.30000000000047,307.0,30
297702,297703,297750,short,1974.21,1966.68,win,71.99999999999973,307.0,47
297940,297941,297988,short,1972.6,1977.2,loss,-49.30000000000136,307.0,47
298035,298036,298083,long,1987.12,1979.32,loss,-81.29999999999954,307.0,47
298134,298135,298182,short,1986.66,1988.16,loss,-18.3,307.0,47
298357,298358,298405,short,1995.72,1975.69,win,196.99999999999972,307.0,47
298471,298472,298519,long,1979.02,1988.49,win,91.40000000000028,307.0,47
298535,298536,298583,short,1985.28,1986.55,loss,-15.999999999999819,307.0,47
298623,298624,298671,long,2003.41,1989.21,loss,-145.30000000000047,307.0,47
298723,298724,298771,short,1983.78,1971.71,win,117.39999999999937,307.0,47
298859,298860,298907,short,1967.86,1951.72,win,158.09999999999872,307.0,47
298969,298970,299017,short,1946.54,1959.21,loss,-130.00000000000074,307.0,47
299074,299075,299119,short,1948.59,1917.8899999999999,win,303.70000000000044,307.0,44
299242,299243,299290,long,1945.74,1962.59,win,165.19999999999908,307.0,47
299315,299316,299363,long,1964.05,1962.17,loss,-22.09999999999882,307.0,47
299635,299636,299683,short,1968.41,1992.44,loss,-243.59999999999974,307.0,47
299894,299895,299942,short,1992.81,1993.68,loss,-12.000000000001183,307.0,47
299963,299964,300011,long,1994.04,2000.97,win,66.00000000000064,307.0,47
300360,300361,300408,long,2039.45,2040.18,win,4.000000000000182,307.0,47
300639,300640,300687,long,2017.22,2024.5,win,69.49999999999973,307.0,47
300693,300694,300741,long,2031.31,2029.98,loss,-16.599999999999273,307.0,47
300815,300816,300863,short,2026.68,2031.7,loss,-53.499999999999815,307.0,47
300863,300864,300911,short,2031.69,2004.18,win,271.7999999999999,307.0,47
300986,300987,301034,long,1996.2,1985.63,loss,-108.99999999999936,307.0,47
301182,301183,301201,short,1981.87,2012.57,loss,-310.30000000000047,307.0,18
301549,301550,301597,long,2037.0,2040.01,win,26.79999999999991,307.0,47
301698,301699,301746,short,2036.08,2040.97,loss,-52.200000000001,307.0,47
301801,301802,301849,long,2051.39,2052.85,win,11.300000000000363,307.0,47
302102,302103,302150,long,2078.86,2069.46,loss,-97.3000000000009,307.0,47
302199,302200,302247,long,2065.31,2071.59,win,59.500000000002004,307.0,47
302457,302458,302505,short,2047.16,2044.35,win,24.800000000001727,307.0,47
302557,302558,302605,short,2033.85,2043.03,loss,-95.10000000000063,307.0,47
302783,302784,302831,short,2028.03,2032.71,loss,-50.100000000000634,307.0,47
302992,302993,303040,long,2038.07,2048.21,win,98.100000000001,307.0,47
303107,303108,303155,long,2053.56,2049.11,loss,-47.79999999999818,307.0,47
303164,303165,303212,long,2050.14,2024.86,loss,-256.09999999999974,307.0,47
303232,303233,303280,long,2028.24,2028.15,loss,-4.199999999999181,307.0,47
303283,303284,303331,short,2022.17,2008.64,win,131.99999999999972,307.0,47
303748,303749,303796,short,2024.58,2015.53,win,87.19999999999955,307.0,47
303827,303828,303875,short,2017.21,2020.81,loss,-39.29999999999909,307.0,47
304025,304026,304073,short,2023.54,2032.59,loss,-93.79999999999954,307.0,47
304203,304204,304251,long,2040.74,2047.0,win,59.29999999999991,307.0,47
304368,304369,304416,short,2053.96,2035.9,win,177.29999999999944,307.0,47
304457,304458,304505,short,2024.74,2024.16,win,2.4999999999992726,307.0,47
304664,304665,304712,long,2036.09,2036.11,loss,-3.1000000000001817,307.0,47
304740,304741,304788,long,2035.34,2034.3,loss,-13.699999999999637,307.0,47
305136,305137,305184,long,1992.92,1991.68,loss,-15.700000000000092,307.0,47
305307,305308,305355,short,1998.49,2021.9,loss,-237.40000000000083,307.0,47
305408,305409,305456,short,2014.89,2020.24,loss,-56.79999999999909,307.0,47
305598,305599,305646,long,2025.07,2031.4,win,60.00000000000155,307.0,47
305846,305847,305894,long,2033.14,2033.15,loss,-3.2000000000000908,307.0,47
305921,305922,305969,long,2037.34,2029.12,loss,-85.50000000000027,307.0,47
306111,306112,306159,short,2034.54,2044.11,loss,-98.99999999999936,307.0,47
306170,306171,306218,long,2044.17,2052.11,win,76.10000000000055,307.0,47
306725,306726,306773,short,2180.92,2178.08,win,25.100000000001454,307.0,47
306862,306863,306910,long,2179.52,2157.6,loss,-222.50000000000074,307.0,47
307002,307003,307050,short,2173.67,2162.27,win,110.70000000000091,307.0,47
307133,307134,307181,short,2166.93,2156.07,win,105.29999999999673,307.0,47
307275,307276,307323,short,2160.55,2156.97,win,32.50000000000382,307.0,47
307383,307384,307431,short,2156.87,2157.65,loss,-11.100000000002002,307.0,47
307449,307450,307497,long,2208.39,2210.86,win,21.400000000002546,307.0,47
307641,307642,307689,short,2164.85,2175.88,loss,-113.600000000002,307.0,47
307737,307738,307785,short,2171.26,2188.89,loss,-179.59999999999656,307.0,47
307830,307831,307878,short,2175.24,2190.31,loss,-154.00000000000165,307.0,47
308362,308363,308410,short,2286.4,2286.05,win,0.19999999999909068,307.0,47
308564,308565,308612,long,2343.3,2352.8,win,91.7,307.0,47
309133,309134,309181,short,2379.3,2371.68,win,72.90000000000346,307.0,47
309208,309209,309256,long,2370.47,2382.84,win,120.40000000000346,307.0,47
309354,309355,309402,long,2390.55,2369.51,loss,-213.69999999999965,307.0,47
309487,309488,309535,short,2298.73,2329.43,loss,-310.2999999999982,307.0,47
309584,309585,309632,long,2323.66,2331.28,win,72.90000000000346,307.0,47
309969,309970,310017,short,2316.92,2292.59,win,239.99999999999926,307.0,47
310077,310078,310107,long,2294.57,2325.27,win,303.69999999999817,307.0,29
310266,310267,310314,long,2303.01,2306.86,win,35.19999999999909,307.0,47
310410,310411,310458,short,2322.76,2320.5,win,19.300000000002182,307.0,47
310648,310649,310696,short,2330.46,2354.68,loss,-245.499999999998,307.0,47
310721,310722,310769,short,2372.62,2362.22,win,100.70000000000091,307.0,47
310862,310863,310910,short,2334.99,2346.5,loss,-118.40000000000218,307.0,47
310915,310916,310963,long,2353.74,2358.66,win,45.90000000000073,307.0,47
310970,310971,311018,short,2358.23,2384.06,loss,-261.5999999999993,307.0,47
311098,311099,311146,short,2373.2,2377.58,loss,-47.10000000000109,307.0,47
311629,311630,311677,short,2336.49,2334.43,win,17.299999999999454,307.0,47
311982,311983,312030,long,2336.81,2342.04,win,49.000000000000185,307.0,47
312057,312058,312105,short,2342.58,2335.02,win,72.29999999999946,307.0,47
312314,312315,312362,long,2327.97,2331.06,win,27.600000000001454,307.0,47
312458,312459,312506,long,2361.9,2377.3,win,150.7000000000009,307.0,47
312621,312622,312669,long,2295.62,2311.62,win,156.7,307.0,47
312780,312781,312828,short,2314.11,2312.68,win,11.00000000000291,307.0,47
312982,312983,313012,short,2303.59,2334.29,loss,-310.2999999999982,307.0,29
313119,313120,313167,short,2319.56,2324.34,loss,-51.100000000002,307.0,47
313248,313249,313296,long,2329.67,2329.73,loss,-2.7000000000005455,307.0,47
313329,313330,313377,long,2333.92,2338.88,win,46.30000000000037,307.0,47
313468,313469,313474,short,2360.67,2329.9700000000003,win,303.69999999999817,307.0,5
313622,313623,313670,long,2329.43,2318.93,loss,-108.3,307.0,47
313746,313747,313794,short,2296.38,2298.62,loss,-25.699999999997818,307.0,47
313938,313939,313986,long,2328.37,2324.31,loss,-43.89999999999945,307.0,47
314093,314094,314141,long,2331.32,2329.64,loss,-20.10000000000291,307.0,47
314209,314210,314257,long,2362.7,2357.9,loss,-51.29999999999727,307.0,47
314270,314271,314318,short,2353.66,2356.43,loss,-30.99999999999982,307.0,47
314323,314324,314371,long,2357.07,2363.94,win,65.39999999999891,307.0,47
314571,314572,314619,short,2352.52,2368.69,loss,-165.00000000000074,307.0,47
314707,314708,314746,long,2378.35,2409.0499999999997,win,303.69999999999817,307.0,38
315022,315023,315033,short,2432.55,2463.25,loss,-310.2999999999982,307.0,10
315139,315140,315187,long,2459.47,2472.52,win,127.20000000000182,307.0,47
315406,315407,315454,long,2392.81,2392.36,loss,-7.799999999998181,307.0,47
315528,315529,315576,short,2405.68,2416.58,loss,-112.3000000000009,307.0,47
315822,315823,315870,short,2392.56,2378.07,win,141.5999999999978,307.0,47
316451,316452,316499,long,2385.81,2398.51,win,123.70000000000273,307.0,47
316592,316593,316640,long,2423.77,2421.91,loss,-21.900000000001274,307.0,47
316700,316701,316748,short,2428.04,2438.69,loss,-109.8000000000009,307.0,47
317045,317046,317093,short,2453.25,2458.82,loss,-59.000000000001634,307.0,47
317299,317300,317347,long,2504.34,2511.74,win,70.69999999999636,307.0,47
317508,317509,317556,short,2492.97,2488.65,win,39.89999999999709,307.0,47
317603,317604,317651,long,2517.14,2510.99,loss,-64.8000000000009,307.0,47
317739,317740,317787,short,2506.77,2515.36,loss,-89.20000000000145,307.0,47
317943,317944,317991,short,2516.92,2524.34,loss,-77.50000000000072,307.0,47
318433,318434,318481,long,2510.57,2519.3,win,84.00000000000018,307.0,47
318658,318659,318706,short,2501.52,2513.55,loss,-123.600000000002,307.0,47
318757,318758,318805,long,2524.87,2515.91,loss,-92.90000000000036,307.0,47
318940,318941,318988,short,2566.51,2582.73,loss,-165.499999999998,307.0,47
318991,318992,319039,short,2581.49,2583.39,loss,-22.30000000000091,307.0,47
319060,319061,319108,long,2583.5,2582.62,loss,-12.100000000001092,307.0,47
319157,319158,319205,long,2580.74,2573.61,loss,-74.59999999999654,307.0,47
319260,319261,319308,long,2574.94,2574.59,loss,-6.79999999999909,307.0,47
319595,319596,319638,long,2629.37,2660.0699999999997,win,303.69999999999817,307.0,42
319747,319748,319795,long,2659.04,2673.56,win,141.8999999999998,307.0,47
319960,319961,320008,short,2650.35,2630.76,win,192.5999999999969,307.0,47
320021,320022,320069,long,2636.26,2654.31,win,177.19999999999726,307.0,47
320069,320070,320117,long,2654.39,2657.19,win,24.70000000000182,307.0,47
320134,320135,320182,short,2649.25,2648.04,win,8.800000000000363,307.0,47
320269,320270,320317,long,2653.2,2665.2,win,116.7,307.0,47
320343,320344,320391,long,2661.24,2649.21,loss,-123.59999999999745,307.0,47
320438,320439,320486,short,2649.43,2640.61,win,84.89999999999709,307.0,47
320524,320525,320541,long,2646.04,2615.34,loss,-310.2999999999982,307.0,16
320711,320712,320759,short,2612.39,2634.01,loss,-219.50000000000347,307.0,47
320784,320785,320832,short,2639.51,2658.65,loss,-194.69999999999874,307.0,47
320841,320842,320889,short,2648.01,2658.96,loss,-112.79999999999818,307.0,47
320908,320909,320956,short,2645.46,2645.54,loss,-4.099999999999272,307.0,47
320986,320987,321034,short,2650.92,2659.93,loss,-93.39999999999763,307.0,47
321100,321101,321148,long,2674.17,2683.57,win,90.70000000000091,307.0,47
321253,321254,321301,long,2709.35,2722.09,win,124.10000000000237,307.0,47
321312,321313,321360,short,2721.62,2738.6,loss,-173.1000000000002,307.0,47
321367,321368,321415,short,2727.55,2731.51,loss,-42.90000000000036,307.0,47
321439,321440,321487,short,2730.89,2747.37,loss,-168.1000000000002,307.0,47
321498,321499,321546,short,2742.97,2739.17,win,34.699999999997274,307.0,47
321762,321763,321810,short,2733.09,2731.53,win,12.299999999999454,307.0,47
322249,322250,322297,short,2737.86,2736.96,win,5.70000000000091,307.0,47
322410,322411,322435,short,2737.41,2706.71,win,303.69999999999817,307.0,24
322820,322821,322868,long,2596.69,2598.78,win,17.600000000001454,307.0,47
322904,322905,322949,long,2607.43,2576.73,loss,-310.2999999999982,307.0,44
322968,322969,323016,short,2562.31,2556.91,win,50.70000000000091,307.0,47
323108,323109,323151,short,2565.06,2595.7599999999998,loss,-310.2999999999982,307.0,42
323450,323451,323498,long,2663.49,2670.98,win,71.60000000000237,307.0,47
323551,323552,323599,long,2704.83,2711.94,win,67.80000000000128,307.0,47
323698,323699,323746,long,2621.78,2631.63,win,95.1999999999991,307.0,47
323790,323791,323838,short,2629.27,2652.85,loss,-239.09999999999928,307.0,47
323901,323902,323949,short,2631.77,2641.76,loss,-103.20000000000236,307.0,47
324048,324049,324096,short,2632.82,2641.31,loss,-88.19999999999781,307.0,47
324145,324146,324193,short,2636.55,2652.63,loss,-164.09999999999928,307.0,47
324259,324260,324307,short,2644.88,2651.13,loss,-65.8,307.0,47
324338,324339,324386,long,2649.01,2640.59,loss,-87.50000000000072,307.0,47
324390,324391,324438,short,2627.41,2638.21,loss,-111.30000000000182,307.0,47
324619,324620,324667,short,2668.42,2690.92,loss,-228.3,307.0,47
324708,324709,324752,short,2683.97,2714.6699999999996,loss,-310.2999999999982,307.0,43
325434,325435,325482,long,2625.46,2618.68,loss,-71.100000000002,307.0,47
325543,325544,325591,short,2617.35,2619.7,loss,-26.79999999999909,307.0,47
325796,325797,325844,short,2622.64,2600.55,win,217.5999999999969,307.0,47
325895,325896,325943,long,2607.9,2625.96,win,177.29999999999944,307.0,47
325959,325960,326007,long,2626.5,2642.82,win,159.90000000000163,307.0,47
326335,326336,326383,short,2647.45,2662.62,loss,-155.00000000000074,307.0,47
326430,326431,326478,long,2660.66,2673.28,win,122.90000000000346,307.0,47
326558,326559,326606,short,2678.4,2681.67,loss,-35.999999999999815,307.0,47
326727,326728,326775,long,2672.85,2674.51,win,13.300000000003092,307.0,47
326841,326842,326889,long,2693.95,2697.64,win,33.60000000000055,307.0,47
327030,327031,327078,long,2712.52,2703.84,loss,-90.09999999999836,307.0,47
327147,327148,327195,short,2705.58,2726.73,loss,-214.80000000000092,307.0,47
327348,327349,327396,long,2753.31,2755.3,win,16.600000000002364,307.0,47
327484,327485,327532,short,2774.37,2755.82,win,182.19999999999726,307.0,47
327544,327545,327592,long,2754.16,2739.06,loss,-154.2999999999991,307.0,47
327623,327624,327671,long,2742.21,2758.8,win,162.60000000000144,307.0,47
327757,327758,327805,short,2750.15,2762.3,loss,-124.8000000000009,307.0,47
327968,327969,328016,long,2801.98,2801.96,loss,-3.499999999999818,307.0,47
328106,328107,328126,short,2814.3,2845.0,loss,-310.2999999999982,307.0,19
328184,328185,328232,short,2857.03,2865.53,loss,-88.3,307.0,47
328370,328371,328418,long,2864.31,2860.48,loss,-41.59999999999927,307.0,47
328808,328809,328856,short,2928.17,2921.98,win,58.60000000000055,307.0,47
329021,329022,329069,long,2914.27,2929.27,win,146.7,307.0,47
329288,329289,329336,long,2926.99,2937.67,win,103.50000000000291,307.0,47
329384,329385,329432,short,2938.25,2952.42,loss,-145.00000000000074,307.0,47
329620,329621,329650,short,2916.38,2885.6800000000003,win,303.69999999999817,307.0,29
329918,329919,329928,short,2888.13,2918.83,loss,-310.2999999999982,307.0,9
330029,330030,330077,short,2913.43,2918.4,loss,-53.000000000002544,307.0,47
330240,330241,330288,short,2907.55,2909.53,loss,-23.100000000000183,307.0,47
330291,330292,330338,long,2912.24,2881.54,loss,-310.2999999999982,307.0,46
330412,330413,330460,long,2919.8,2916.57,loss,-35.60000000000018,307.0,47
330474,330475,330522,long,2920.19,2935.42,win,149.00000000000017,307.0,47
330593,330594,330602,short,2942.36,2973.06,loss,-310.2999999999982,307.0,8
330655,330656,330703,short,2983.77,2990.21,loss,-67.70000000000054,307.0,47
330829,330830,330877,long,3011.04,3027.97,win,165.99999999999835,307.0,47
331326,331327,331374,short,3018.18,3018.76,loss,-9.10000000000382,307.0,47
331613,331614,331655,short,3070.02,3100.72,loss,-310.2999999999982,307.0,41
331670,331671,331718,long,3125.0,3119.8,loss,-55.29999999999818,307.0,47
332055,332056,332064,long,3106.73,3076.03,loss,-310.2999999999982,307.0,8
332195,332196,332223,short,2981.63,3012.33,loss,-310.2999999999982,307.0,27
332257,332258,332267,short,3005.97,2975.27,win,303.69999999999817,307.0,9
332359,332360,332366,short,3060.14,3090.8399999999997,loss,-310.2999999999982,307.0,6
332390,332391,332435,long,3105.32,3136.02,win,303.69999999999817,307.0,44
332437,332438,332439,short,3116.96,3147.66,loss,-310.2999999999982,307.0,1
332492,332493,332538,short,3214.02,3244.72,loss,-310.2999999999982,307.0,45
332978,332979,332986,short,3388.78,3419.48,loss,-310.2999999999982,307.0,7
333023,333024,333037,long,3441.47,3472.1699999999996,win,303.69999999999817,307.0,13
333211,333212,333216,long,3334.56,3365.2599999999998,win,303.69999999999817,307.0,4
333264,333265,333293,short,3316.27,3346.97,loss,-310.2999999999982,307.0,28
333294,333295,333318,long,3352.8,3322.1000000000004,loss,-310.2999999999982,307.0,23
333436,333437,333452,long,3289.06,3319.7599999999998,win,303.69999999999817,307.0,15
333521,333522,333569,short,3311.84,3316.92,loss,-54.09999999999927,307.0,47
333624,333625,333632,long,3279.3,3310.0,win,303.69999999999817,307.0,7
333720,333721,333768,long,3226.35,3233.72,win,70.39999999999891,307.0,47
333811,333812,333826,short,3259.26,3228.5600000000004,win,303.69999999999817,307.0,14
333858,333859,333891,long,3258.96,3289.66,win,303.69999999999817,307.0,32
333996,333997,334025,long,3389.72,3420.4199999999996,win,303.69999999999817,307.0,28
334278,334279,334306,short,3321.61,3290.9100000000003,win,303.69999999999817,307.0,27
334412,334413,334425,short,3217.15,3247.85,loss,-310.2999999999982,307.0,12
334498,334499,334546,short,3245.0,3214.3,win,303.69999999999817,307.0,47
334797,334798,334845,long,3223.76,3226.19,win,20.999999999998362,307.0,47
334890,334891,334916,long,3216.7,3247.3999999999996,win,303.69999999999817,307.0,25
335083,335084,335094,short,3318.46,3287.76,win,303.69999999999817,307.0,10
335226,335227,335274,short,3351.31,3331.89,win,190.90000000000072,307.0,47
335343,335344,335391,short,3308.23,3302.91,win,49.90000000000164,307.0,47
335632,335633,335680,long,3299.68,3313.69,win,136.80000000000217,307.0,47
335799,335800,335832,long,3365.01,3334.3100000000004,loss,-310.2999999999982,307.0,32
335874,335875,335922,long,3366.84,3352.7,loss,-144.70000000000329,307.0,47
335985,335986,336003,long,3368.53,3399.23,win,303.69999999999817,307.0,17
336293,336294,336341,short,3332.83,3339.27,loss,-67.70000000000054,307.0,47
336353,336354,336401,short,3333.2,3345.53,loss,-126.60000000000382,307.0,47
336479,336480,336514,short,3383.66,3414.3599999999997,loss,-310.2999999999982,307.0,34
336623,336624,336659,short,3427.38,3396.6800000000003,win,303.69999999999817,307.0,35
336786,336787,336834,short,3385.32,3381.35,win,36.40000000000255,307.0,47
336863,336864,336906,short,3379.01,3348.3100000000004,win,303.69999999999817,307.0,42
337087,337088,337119,long,3361.15,3391.85,win,303.69999999999817,307.0,31
337232,337233,337280,short,3321.71,3325.0,loss,-36.19999999999963,307.0,47
337502,337503,337550,long,3273.41,3282.68,win,89.39999999999982,307.0,47
337578,337579,337626,long,3293.18,3323.8799999999997,win,303.69999999999817,307.0,47
337692,337693,337740,long,3343.14,3343.72,win,2.4999999999992726,307.0,47
337753,337754,337801,short,3337.58,3351.01,loss,-137.60000000000292,307.0,47
337893,337894,337941,short,3327.15,3333.05,loss,-62.30000000000091,307.0,47
337950,337951,337963,long,3338.07,3307.3700000000003,loss,-310.2999999999982,307.0,12
338008,338009,338035,long,3307.78,3338.48,win,303.69999999999817,307.0,26
338080,338081,338107,short,3332.51,3301.8100000000004,win,303.69999999999817,307.0,26
338264,338265,338312,short,3322.59,3323.25,loss,-9.899999999998546,307.0,47
338353,338354,338385,short,3332.32,3363.02,loss,-310.2999999999982,307.0,31
338386,338387,338434,long,3364.97,3355.52,loss,-97.79999999999818,307.0,47
338981,338982,339027,long,3391.57,3422.27,win,303.69999999999817,307.0,45
339090,339091,339126,long,3428.4,3397.7000000000003,loss,-310.2999999999982,307.0,35
339188,339189,339236,long,3373.34,3368.19,loss,-54.80000000000091,307.0,47
339299,339300,339347,long,3341.91,3335.25,loss,-69.89999999999854,307.0,47
339364,339365,339393,short,3338.43,3307.73,win,303.69999999999817,307.0,28
339488,339489,339536,long,3327.18,3327.86,win,3.5000000000029106,307.0,47
339682,339683,339730,long,3297.27,3294.83,loss,-27.700000000000546,307.0,47
339732,339733,339756,short,3291.38,3322.08,loss,-310.2999999999982,307.0,23
340078,340079,340126,long,3376.11,3384.4,win,79.59999999999964,307.0,47
340328,340329,340376,long,3358.24,3348.64,loss,-99.29999999999909,307.0,47
340412,340413,340460,long,3353.09,3350.17,loss,-32.500000000000725,307.0,47
340503,340504,340551,short,3355.88,3361.08,loss,-55.29999999999818,307.0,47
340963,340964,341011,short,3341.21,3340.03,win,8.499999999998362,307.0,47
341022,341023,341070,long,3338.84,3340.01,win,8.400000000000727,307.0,47
341455,341456,341503,short,3395.65,3406.87,loss,-115.499999999998,307.0,47
341533,341534,341581,long,3422.11,3410.35,loss,-120.90000000000218,307.0,47
341838,341839,341877,long,3536.9,3567.6,win,303.69999999999817,307.0,38
342018,342019,342051,short,3556.28,3586.98,loss,-310.2999999999982,307.0,32
342205,342206,342236,short,3638.61,3669.31,loss,-310.2999999999982,307.0,30
342372,342373,342420,short,3642.16,3633.21,win,86.19999999999818,307.0,47
342597,342598,342610,short,3638.23,3668.93,loss,-310.2999999999982,307.0,12
342690,342691,342738,short,3689.46,3677.59,win,115.39999999999891,307.0,47
342780,342781,342804,long,3669.23,3699.93,win,303.69999999999817,307.0,23
342920,342921,342968,long,3648.07,3653.48,win,50.79999999999855,307.0,47
342970,342971,343000,long,3656.75,3687.45,win,303.69999999999817,307.0,29
343168,343169,343216,long,3780.99,3773.22,loss,-80.99999999999982,307.0,47
343225,343226,343255,short,3770.25,3739.55,win,303.69999999999817,307.0,29
343268,343269,343285,short,3720.05,3750.75,loss,-310.2999999999982,307.0,16
343587,343588,343593,short,3855.68,3824.98,win,303.69999999999817,307.0,5
343614,343615,343639,long,3824.74,3855.4399999999996,win,303.69999999999817,307.0,24
343681,343682,343729,long,3870.69,3864.52,loss,-65.00000000000072,307.0,47
343886,343887,343923,long,3870.2,3900.8999999999996,win,303.69999999999817,307.0,36
344025,344026,344073,short,3959.33,3982.65,loss,-236.50000000000165,307.0,47
344228,344229,344261,short,4037.51,4006.8100000000004,win,303.69999999999817,307.0,32
344355,344356,344358,long,3989.74,4020.4399999999996,win,303.69999999999817,307.0,2
344452,344453,344485,long,4115.41,4146.11,win,303.69999999999817,307.0,32
344665,344666,344713,long,4222.96,4238.87,win,155.79999999999853,307.0,47
344713,344714,344724,short,4239.19,4269.889999999999,loss,-310.2999999999982,307.0,10
344748,344749,344762,long,4349.69,4318.99,loss,-310.2999999999982,307.0,13
345108,345109,345148,long,4092.72,4123.42,win,303.7000000000027,307.0,39
345217,345218,345240,long,4132.68,4101.9800000000005,loss,-310.2999999999982,307.0,22
345248,345249,345266,short,4053.89,4084.5899999999997,loss,-310.2999999999982,307.0,17
345299,345300,345300,long,4102.31,4071.6100000000006,loss,-310.2999999999982,307.0,0
345566,345567,345576,short,3954.42,3923.7200000000003,win,303.69999999999817,307.0,9
345592,345593,345602,short,3936.03,3966.73,loss,-310.2999999999982,307.0,9
345798,345799,345846,short,4016.51,4009.07,win,71.10000000000055,307.0,47
345885,345886,345913,long,3993.83,3963.13,loss,-310.2999999999982,307.0,27
345966,345967,346014,long,3971.0,3982.64,win,113.09999999999873,307.0,47
346247,346248,346275,long,4069.0,4099.7,win,303.69999999999817,307.0,27
346556,346557,346558,short,4220.41,4189.71,win,303.69999999999817,307.0,1
346680,346681,346705,long,4098.5,4067.8,loss,-310.2999999999982,307.0,24
346752,346753,346762,long,4073.91,4043.21,loss,-310.2999999999982,307.0,9
346798,346799,346830,long,4023.6,4054.2999999999997,win,303.69999999999817,307.0,31
347023,347024,347071,short,4070.15,4051.98,win,178.40000000000072,307.0,47
347174,347175,347208,long,4063.69,4094.39,win,303.69999999999817,307.0,33
347239,347240,347287,short,4129.25,4129.76,loss,-8.400000000002183,307.0,47
347522,347523,347569,long,4183.78,4214.48,win,303.69999999999817,307.0,46
347639,347640,347687,short,4225.42,4221.04,win,40.500000000001094,307.0,47
347810,347811,347820,long,4205.15,4235.849999999999,win,303.69999999999817,307.0,9
347866,347867,347914,short,4205.9,4208.1,loss,-25.300000000007277,307.0,47
347933,347934,347981,short,4203.62,4222.73,loss,-194.39999999999674,307.0,47
348061,348062,348109,short,4206.3,4191.95,win,140.20000000000363,307.0,47
348236,348237,348284,short,4209.85,4194.69,win,148.30000000000763,307.0,47
348564,348565,348612,short,4303.49,4285.97,win,171.89999999999526,307.0,47
348733,348734,348781,long,4321.22,4324.78,win,32.29999999999491,307.0,47
348920,348921,348960,long,4330.6,4361.3,win,303.69999999999817,307.0,39
349036,349037,349051,short,4430.04,4460.74,loss,-310.2999999999982,307.0,14
349107,349108,349110,short,4479.0,4448.3,win,303.69999999999817,307.0,2
349206,349207,349212,short,4453.08,4483.78,loss,-310.2999999999982,307.0,5
349437,349438,349446,short,4353.24,4383.94,loss,-310.2999999999982,307.0,8
349462,349463,349483,short,4371.13,4340.43,win,303.69999999999817,307.0,20
349807,349808,349826,short,4446.16,4476.86,loss,-310.2999999999982,307.0,18
349890,349891,349912,long,4458.76,4428.06,loss,-310.2999999999982,307.0,21
349926,349927,349962,long,4467.54,4436.84,loss,-310.2999999999982,307.0,35
350098,350099,350132,long,4486.98,4517.679999999999,win,303.69999999999817,307.0,33
350171,350172,350200,long,4596.74,4627.44,win,303.69999999999817,307.0,28
350314,350315,350327,long,4589.03,4619.73,win,303.69999999999817,307.0,12
350439,350440,350487,long,4610.27,4617.42,win,68.19999999999636,307.0,47
350526,350527,350565,long,4606.85,4576.150000000001,loss,-310.2999999999982,307.0,38
350643,350644,350691,short,4660.67,4673.09,loss,-127.50000000000072,307.0,47
350845,350846,350847,long,4850.17,4819.47,loss,-310.2999999999982,307.0,1
350920,350921,350927,long,4845.77,4876.47,win,303.69999999999817,307.0,6
351120,351121,351123,short,5064.21,5033.51,win,303.69999999999817,307.0,2
351370,351371,351376,long,5535.54,5504.84,loss,-310.2999999999982,307.0,5
351381,351382,351382,short,5496.9,5466.2,win,303.69999999999817,307.0,0
351382,351383,351383,short,5385.24,5354.54,win,303.69999999999817,307.0,0
351731,351732,351748,short,5043.31,5012.610000000001,win,303.69999999999817,307.0,16
351848,351849,351858,long,4878.32,4847.62,loss,-310.2999999999982,307.0,9
352183,352184,352192,short,5051.66,5082.36,loss,-310.2999999999982,307.0,8
352470,352471,352486,short,5001.03,4970.33,win,303.69999999999817,307.0,15
352602,352603,352612,long,4878.12,4908.82,win,303.69999999999817,307.0,9
352649,352650,352652,long,4921.06,4951.76,win,303.69999999999817,307.0,2
352683,352684,352719,long,4985.65,5016.349999999999,win,303.69999999999817,307.0,35
352857,352858,352867,short,5058.25,5088.95,loss,-310.2999999999982,307.0,9
352931,352932,352934,short,5146.19,5176.889999999999,loss,-310.2999999999982,307.0,2
353023,353024,353029,short,5115.04,5145.74,loss,-310.2999999999982,307.0,5
353055,353056,353064,short,5142.64,5173.34,loss,-310.2999999999982,307.0,8
353090,353091,353105,short,5186.08,5155.38,win,303.69999999999817,307.0,14
353215,353216,353263,long,5185.56,5181.61,loss,-42.80000000000727,307.0,47
353273,353274,353296,short,5178.45,5209.15,loss,-310.2999999999982,307.0,22
353570,353571,353580,short,5165.68,5134.9800000000005,win,303.69999999999817,307.0,9
353794,353795,353796,short,5125.62,5094.92,win,303.69999999999817,307.0,1
353899,353900,353945,long,5184.02,5214.72,win,303.69999999999817,307.0,45
353966,353967,354014,short,5195.13,5191.38,win,34.2,307.0,47
354041,354042,354054,long,5194.2,5163.5,loss,-310.2999999999982,307.0,12
354124,354125,354136,short,5168.4,5137.7,win,303.69999999999817,307.0,11
354401,354402,354414,long,5019.96,4989.26,loss,-310.2999999999982,307.0,12
354451,354452,354486,short,4998.62,4967.92,win,303.69999999999817,307.0,34
354584,354585,354586,short,4618.38,4587.68,win,303.69999999999817,307.0,1
354782,354783,354783,short,4407.73,4377.03,win,303.69999999999817,307.0,0
355278,355279,355281,long,4617.89,4587.1900000000005,loss,-310.2999999999982,307.0,2
355415,355416,355422,short,4724.94,4755.639999999999,loss,-310.2999999999982,307.0,6
355512,355513,355514,long,4647.16,4677.86,win,303.69999999999817,307.0,1
355552,355553,355568,long,4641.65,4672.349999999999,win,303.69999999999817,307.0,15
355726,355727,355727,long,4769.85,4800.55,win,303.69999999999817,307.0,0
355953,355954,355966,long,4748.44,4779.139999999999,win,303.69999999999817,307.0,12
356059,356060,356095,long,4723.35,4754.05,win,303.69999999999817,307.0,35
356196,356197,356204,long,4850.18,4819.4800000000005,loss,-310.2999999999982,307.0,7
356328,356329,356339,long,4817.39,4786.6900000000005,loss,-310.2999999999982,307.0,10
356340,356341,356380,short,4801.17,4770.47,win,303.69999999999817,307.0,39
356528,356529,356552,short,4797.91,4828.61,loss,-310.2999999999982,307.0,23
356638,356639,356641,short,4671.82,4702.5199999999995,loss,-310.2999999999982,307.0,2
356684,356685,356714,short,4758.04,4727.34,win,303.69999999999817,307.0,29
356778,356779,356792,short,4703.77,4734.47,loss,-310.2999999999982,307.0,13
357245,357246,357259,long,4644.59,4613.89,loss,-310.2999999999982,307.0,13
357276,357277,357324,long,4620.72,4595.81,loss,-252.39999999999856,307.0,47
357448,357449,357449,short,4547.57,4516.87,win,303.69999999999817,307.0,0
357449,357450,357452,short,4537.88,4507.18,win,303.69999999999817,307.0,2
357522,357523,357532,short,4544.87,4575.57,loss,-310.2999999999982,307.0,9
357725,357726,357729,short,4740.37,4709.67,win,303.69999999999817,307.0,3
357786,357787,357810,short,4708.12,4738.82,loss,-310.2999999999982,307.0,23
357891,357892,357897,long,4664.29,4694.99,win,303.69999999999817,307.0,5
357965,357966,358000,short,4695.9,4665.2,win,303.69999999999817,307.0,34
358092,358093,358140,long,4687.28,4681.98,loss,-56.300000000001816,307.0,47
358141,358142,358178,long,4702.13,4671.43,loss,-310.2999999999982,307.0,36
358273,358274,358308,long,4555.45,4524.75,loss,-310.2999999999982,307.0,34
358433,358434,358453,short,4538.18,4507.4800000000005,win,303.69999999999817,307.0,19
358529,358530,358543,short,4474.09,4504.79,loss,-310.2999999999982,307.0,13
358550,358551,358553,long,4520.44,4551.139999999999,win,303.69999999999817,307.0,2
358601,358602,358626,long,4539.65,4508.95,loss,-310.2999999999982,307.0,24
359161,359162,359182,short,4514.74,4545.44,loss,-310.2999999999982,307.0,20
359387,359388,359425,long,4489.35,4458.650000000001,loss,-310.2999999999982,307.0,37
359461,359462,359487,long,4456.95,4426.25,loss,-310.2999999999982,307.0,25
359668,359669,359700,long,4323.66,4292.96,loss,-310.2999999999982,307.0,31
359797,359798,359825,short,4330.3,4361.0,loss,-310.2999999999982,307.0,27
360016,360017,360024,long,4088.4,4119.1,win,303.7000000000027,307.0,7
360078,360079,360107,long,4203.65,4234.349999999999,win,303.69999999999817,307.0,28
360414,360415,360418,long,4297.22,4327.92,win,303.69999999999817,307.0,3
360674,360675,360685,short,4178.61,4147.91,win,303.69999999999817,307.0,10
360859,360860,360866,short,3996.12,3965.42,win,303.69999999999817,307.0,6
360891,360892,360910,long,3994.36,4025.06,win,303.69999999999817,307.0,18
361060,361061,361081,short,4056.98,4026.28,win,303.69999999999817,307.0,20
361257,361258,361270,long,3975.6,4006.2999999999997,win,303.69999999999817,307.0,12
361498,361499,361536,short,4166.4,4135.7,win,303.69999999999817,307.0,37
361547,361548,361595,long,4150.43,4132.01,loss,-187.50000000000074,307.0,47
361782,361783,361788,long,4073.35,4104.05,win,303.7000000000027,307.0,5
361835,361836,361883,short,4124.03,4112.27,win,114.29999999999309,307.0,47
361940,361941,361970,short,4078.31,4047.61,win,303.69999999999817,307.0,29
361977,361978,362002,long,4064.6,4033.9,loss,-310.2999999999982,307.0,24
362165,362166,362180,long,4031.21,4061.91,win,303.69999999999817,307.0,14
362466,362467,362511,long,4013.96,4044.66,win,303.69999999999817,307.0,44
362554,362555,362591,long,4065.73,4096.43,win,303.7000000000027,307.0,36
362681,362682,362710,long,4133.94,4103.24,loss,-310.2999999999982,307.0,28
362734,362735,362782,short,4040.72,4045.5,loss,-51.100000000002,307.0,47
362820,362821,362858,short,4055.06,4085.7599999999998,loss,-310.2999999999982,307.0,37
363020,363021,363054,long,4041.28,4010.5800000000004,loss,-310.2999999999982,307.0,33
363058,363059,363106,long,4028.03,3997.3300000000004,loss,-310.2999999999982,307.0,47
363111,363112,363118,long,4010.51,4041.21,win,303.69999999999817,307.0,6
363317,363318,363365,short,4074.92,4055.1,win,194.90000000000163,307.0,47
