entry_bar,exit_bar,outcome,pnl_pip,sl_pip,tp_pip,direction
621,667,loss,-59.73917616586952,59.73917616586952,89.60876424880428,long
668,670,loss,-59.73917616586952,59.73917616586952,89.60876424880428,short
737,787,win,89.60876424880428,59.73917616586952,89.60876424880428,long
821,831,win,89.60876424880428,59.73917616586952,89.60876424880428,long
832,841,win,89.60876424880428,59.73917616586952,89.60876424880428,long
846,879,loss,-59.73917616586952,59.73917616586952,89.60876424880428,short
909,913,loss,-59.73917616586952,59.73917616586952,89.60876424880428,short
936,944,loss,-59.73917616586952,59.73917616586952,89.60876424880428,long
977,998,win,89.60876424880428,59.73917616586952,89.60876424880428,long
1013,1021,win,89.60876424880428,59.73917616586952,89.60876424880428,short
1024,1025,win,89.60876424880428,59.73917616586952,89.60876424880428,short
1026,1046,loss,-59.73917616586952,59.73917616586952,89.60876424880428,short
1047,1061,win,89.60876424880428,59.73917616586952,89.60876424880428,long
1125,1135,loss,-59.73917616586952,59.73917616586952,89.60876424880428,long
1139,1142,win,89.60876424880428,59.73917616586952,89.60876424880428,short
1143,1145,loss,-59.73917616586952,59.73917616586952,89.60876424880428,short
1174,1176,loss,-59.73917616586952,59.73917616586952,89.60876424880428,long
1201,1209,win,89.60876424880428,59.73917616586952,89.60876424880428,short
1210,1212,loss,-59.73917616586952,59.73917616586952,89.60876424880428,short
1259,1270,win,89.60876424880428,59.73917616586952,89.60876424880428,long
1282,1292,win,89.60876424880428,59.73917616586952,89.60876424880428,long
1293,1329,loss,-59.73917616586952,59.73917616586952,89.60876424880428,long
1383,1400,loss,-59.73917616586952,59.73917616586952,89.60876424880428,short
1424,1427,loss,-59.73917616586952,59.73917616586952,89.60876424880428,short
1460,1473,win,89.60876424880428,59.73917616586952,89.60876424880428,long
1474,1475,loss,-59.73917616586952,59.73917616586952,89.60876424880428,long
1477,1495,win,89.60876424880428,59.73917616586952,89.60876424880428,long
1499,1505,loss,-59.73917616586952,59.73917616586952,89.60876424880428,long
1508,1521,win,89.60876424880428,59.73917616586952,89.60876424880428,short
1522,1523,loss,-59.73917616586952,59.73917616586952,89.60876424880428,short
1571,1587,win,89.60876424880428,59.73917616586952,89.60876424880428,long
1604,1617,loss,-59.73917616586952,59.73917616586952,89.60876424880428,short
1663,1670,win,89.60876424880428,59.73917616586952,89.60876424880428,short
1676,1687,loss,-59.73917616586952,59.73917616586952,89.60876424880428,short
1703,1715,loss,-59.73917616586952,59.73917616586952,89.60876424880428,long
1746,1754,loss,-59.73917616586952,59.73917616586952,89.60876424880428,long
1760,1761,loss,-59.73917616586952,59.73917616586952,89.60876424880428,short
1780,1783,loss,-59.73917616586952,59.73917616586952,89.60876424880428,short
1797,1803,loss,-59.73917616586952,59.73917616586952,89.60876424880428,short
1827,1835,loss,-59.73917616586952,59.73917616586952,89.60876424880428,long
1844,1854,loss,-59.73917616586952,59.73917616586952,89.60876424880428,long
1886,1890,win,89.60876424880428,59.73917616586952,89.60876424880428,short
1891,1896,loss,-59.73917616586952,59.73917616586952,89.60876424880428,short
1914,1928,loss,-59.73917616586952,59.73917616586952,89.60876424880428,long
1934,1952,win,89.60876424880428,59.73917616586952,89.60876424880428,long
1960,1976,loss,-59.73917616586952,59.73917616586952,89.60876424880428,short
1980,1981,loss,-59.73917616586952,59.73917616586952,89.60876424880428,long
1983,1984,loss,-59.73917616586952,59.73917616586952,89.60876424880428,long
1994,1999,loss,-59.73917616586952,59.73917616586952,89.60876424880428,short
2008,2012,loss,-59.73917616586952,59.73917616586952,89.60876424880428,short
2067,2068,loss,-59.73917616586952,59.73917616586952,89.60876424880428,short
2071,2072,win,89.60876424880428,59.73917616586952,89.60876424880428,short
2073,2075,win,89.60876424880428,59.73917616586952,89.60876424880428,short
2076,2081,loss,-59.73917616586952,59.73917616586952,89.60876424880428,short
2082,2088,loss,-59.73917616586952,59.73917616586952,89.60876424880428,long
2090,2092,loss,-59.73917616586952,59.73917616586952,89.60876424880428,long
2111,2116,loss,-59.73917616586952,59.73917616586952,89.60876424880428,long
2166,2168,win,89.60876424880428,59.73917616586952,89.60876424880428,short
2169,2171,loss,-59.73917616586952,59.73917616586952,89.60876424880428,short
2172,2182,win,89.60876424880428,59.73917616586952,89.60876424880428,short
2185,2189,loss,-59.73917616586952,59.73917616586952,89.60876424880428,short
2199,2207,win,89.60876424880428,59.73917616586952,89.60876424880428,long
2273,2325,win,89.60876424880428,59.73917616586952,89.60876424880428,long
2335,2354,loss,-59.73917616586952,59.73917616586952,89.60876424880428,long
2423,2446,loss,-59.73917616586952,59.73917616586952,89.60876424880428,short
2449,2451,win,89.60876424880428,59.73917616586952,89.60876424880428,long
2454,2506,loss,-59.73917616586952,59.73917616586952,89.60876424880428,long
2509,2517,loss,-59.73917616586952,59.73917616586952,89.60876424880428,short
2520,2522,loss,-59.73917616586952,59.73917616586952,89.60876424880428,long
2535,2544,win,89.60876424880428,59.73917616586952,89.60876424880428,short
2577,2615,loss,-59.73917616586952,59.73917616586952,89.60876424880428,long
2631,2637,loss,-59.73917616586952,59.73917616586952,89.60876424880428,short
2663,2665,loss,-59.73917616586952,59.73917616586952,89.60876424880428,long
2668,2684,loss,-59.73917616586952,59.73917616586952,89.60876424880428,long
2685,2686,loss,-59.73917616586952,59.73917616586952,89.60876424880428,short
2689,2711,win,89.60876424880428,59.73917616586952,89.60876424880428,short
2743,2751,loss,-59.73917616586952,59.73917616586952,89.60876424880428,long
2763,2771,loss,-59.73917616586952,59.73917616586952,89.60876424880428,long
2826,2827,loss,-59.73917616586952,59.73917616586952,89.60876424880428,short
2884,2895,win,89.60876424880428,59.73917616586952,89.60876424880428,short
2896,2898,win,89.60876424880428,59.73917616586952,89.60876424880428,short
2899,2900,win,89.60876424880428,59.73917616586952,89.60876424880428,short
2904,2924,win,89.60876424880428,59.73917616586952,89.60876424880428,short
2953,2987,win,89.60876424880428,59.73917616586952,89.60876424880428,long
2988,3019,loss,-59.73917616586952,59.73917616586952,89.60876424880428,long
3021,3036,win,89.60876424880428,59.73917616586952,89.60876424880428,short
3037,3042,win,89.60876424880428,59.73917616586952,89.60876424880428,short
3050,3052,win,89.60876424880428,59.73917616586952,89.60876424880428,long
3053,3055,loss,-59.73917616586952,59.73917616586952,89.60876424880428,long
3056,3057,loss,-59.73917616586952,59.73917616586952,89.60876424880428,long
3059,3069,loss,-59.73917616586952,59.73917616586952,89.60876424880428,long
3131,3153,loss,-59.73917616586952,59.73917616586952,89.60876424880428,short
3158,3174,loss,-59.73917616586952,59.73917616586952,89.60876424880428,long
3207,3208,loss,-59.73917616586952,59.73917616586952,89.60876424880428,long
3272,3273,win,89.60876424880428,59.73917616586952,89.60876424880428,short
3274,3295,win,89.60876424880428,59.73917616586952,89.60876424880428,short
3318,3319,loss,-59.73917616586952,59.73917616586952,89.60876424880428,long
3325,3326,loss,-59.73917616586952,59.73917616586952,89.60876424880428,long
3332,3340,loss,-59.73917616586952,59.73917616586952,89.60876424880428,short
3364,3371,win,89.60876424880428,59.73917616586952,89.60876424880428,long
3372,3375,loss,-59.73917616586952,59.73917616586952,89.60876424880428,long
3382,3388,loss,-59.73917616586952,59.73917616586952,89.60876424880428,long
3396,3403,loss,-59.73917616586952,59.73917616586952,89.60876424880428,short
3421,3427,loss,-59.73917616586952,59.73917616586952,89.60876424880428,short
3445,3449,win,89.60876424880428,59.73917616586952,89.60876424880428,long
3450,3452,win,89.60876424880428,59.73917616586952,89.60876424880428,long
3453,3454,loss,-59.73917616586952,59.73917616586952,89.60876424880428,long
3474,3475,loss,-59.73917616586952,59.73917616586952,89.60876424880428,long
3485,3486,loss,-59.73917616586952,59.73917616586952,89.60876424880428,short
3487,3488,loss,-59.73917616586952,59.73917616586952,89.60876424880428,short
3490,3491,loss,-59.73917616586952,59.73917616586952,89.60876424880428,short
3537,3538,loss,-59.73917616586952,59.73917616586952,89.60876424880428,short
3637,3643,loss,-59.73917616586952,59.73917616586952,89.60876424880428,short
3649,3652,win,89.60876424880428,59.73917616586952,89.60876424880428,long
3669,3670,loss,-59.73917616586952,59.73917616586952,89.60876424880428,long
3672,3673,loss,-59.73917616586952,59.73917616586952,89.60876424880428,long
3691,3692,loss,-59.73917616586952,59.73917616586952,89.60876424880428,long
3716,3717,loss,-59.73917616586952,59.73917616586952,89.60876424880428,short
3719,3720,win,89.60876424880428,59.73917616586952,89.60876424880428,short
3721,3722,win,89.60876424880428,59.73917616586952,89.60876424880428,short
3725,3726,loss,-59.73917616586952,59.73917616586952,89.60876424880428,short
3727,3728,win,89.60876424880428,59.73917616586952,89.60876424880428,short
3729,3731,loss,-59.73917616586952,59.73917616586952,89.60876424880428,short
3747,3748,win,89.60876424880428,59.73917616586952,89.60876424880428,short
3749,3750,win,89.60876424880428,59.73917616586952,89.60876424880428,short
3751,3752,win,89.60876424880428,59.73917616586952,89.60876424880428,short
3755,3757,loss,-59.73917616586952,59.73917616586952,89.60876424880428,short
3776,3779,loss,-59.73917616586952,59.73917616586952,89.60876424880428,long
3780,3782,loss,-59.73917616586952,59.73917616586952,89.60876424880428,long
3801,3802,win,89.60876424880428,59.73917616586952,89.60876424880428,long
3823,3828,loss,-59.73917616586952,59.73917616586952,89.60876424880428,short
3909,3911,win,89.60876424880428,59.73917616586952,89.60876424880428,long
3912,3919,win,89.60876424880428,59.73917616586952,89.60876424880428,long
3950,3951,loss,-59.73917616586952,59.73917616586952,89.60876424880428,short
3954,3956,loss,-59.73917616586952,59.73917616586952,89.60876424880428,short
3958,3959,loss,-59.73917616586952,59.73917616586952,89.60876424880428,short
3960,3961,loss,-59.73917616586952,59.73917616586952,89.60876424880428,short
3962,3965,win,89.60876424880428,59.73917616586952,89.60876424880428,short
3971,3972,loss,-59.73917616586952,59.73917616586952,89.60876424880428,short
3981,3982,loss,-59.73917616586952,59.73917616586952,89.60876424880428,short
4003,4004,loss,-59.73917616586952,59.73917616586952,89.60876424880428,long
4084,4090,loss,-59.73917616586952,59.73917616586952,89.60876424880428,long
4122,4123,loss,-59.73917616586952,59.73917616586952,89.60876424880428,short
4124,4125,loss,-59.73917616586952,59.73917616586952,89.60876424880428,short
4148,4149,win,89.60876424880428,59.73917616586952,89.60876424880428,long
4150,4152,loss,-59.73917616586952,59.73917616586952,89.60876424880428,long
4155,4157,loss,-59.73917616586952,59.73917616586952,89.60876424880428,long
4171,4172,win,89.60876424880428,59.73917616586952,89.60876424880428,short
4173,4174,win,89.60876424880428,59.73917616586952,89.60876424880428,short
4241,4242,loss,-59.73917616586952,59.73917616586952,89.60876424880428,short
4243,4244,loss,-59.73917616586952,59.73917616586952,89.60876424880428,short
4255,4257,loss,-59.73917616586952,59.73917616586952,89.60876424880428,long
4264,4265,win,89.60876424880428,59.73917616586952,89.60876424880428,short
4267,4268,loss,-59.73917616586952,59.73917616586952,89.60876424880428,short
4269,4270,win,89.60876424880428,59.73917616586952,89.60876424880428,short
4282,4283,loss,-59.73917616586952,59.73917616586952,89.60876424880428,short
4296,4299,loss,-59.73917616586952,59.73917616586952,89.60876424880428,long
4401,4402,win,89.60876424880428,59.73917616586952,89.60876424880428,long
4403,4404,win,89.60876424880428,59.73917616586952,89.60876424880428,long
4430,4431,loss,-59.73917616586952,59.73917616586952,89.60876424880428,short
4432,4433,win,89.60876424880428,59.73917616586952,89.60876424880428,short
4434,4435,loss,-59.73917616586952,59.73917616586952,89.60876424880428,short
4436,4437,win,89.60876424880428,59.73917616586952,89.60876424880428,short
4508,4511,loss,-59.73917616586952,59.73917616586952,89.60876424880428,short
4668,4670,loss,-59.73917616586952,59.73917616586952,89.60876424880428,short
4671,4672,loss,-59.73917616586952,59.73917616586952,89.60876424880428,short
4679,4681,loss,-59.73917616586952,59.73917616586952,89.60876424880428,short
4724,4727,loss,-59.73917616586952,59.73917616586952,89.60876424880428,long
4741,4743,loss,-59.73917616586952,59.73917616586952,89.60876424880428,long
4790,4791,win,89.60876424880428,59.73917616586952,89.60876424880428,long
4792,4794,win,89.60876424880428,59.73917616586952,89.60876424880428,long
4795,4798,loss,-59.73917616586952,59.73917616586952,89.60876424880428,long
4802,4804,loss,-59.73917616586952,59.73917616586952,89.60876424880428,long
4834,4835,loss,-59.73917616586952,59.73917616586952,89.60876424880428,short
4859,4861,loss,-59.73917616586952,59.73917616586952,89.60876424880428,short
4863,4864,loss,-59.73917616586952,59.73917616586952,89.60876424880428,short
4872,4874,loss,-59.73917616586952,59.73917616586952,89.60876424880428,short
4876,4877,win,89.60876424880428,59.73917616586952,89.60876424880428,short
4918,4919,win,89.60876424880428,59.73917616586952,89.60876424880428,long
4920,4926,win,89.60876424880428,59.73917616586952,89.60876424880428,long
4954,4955,loss,-59.73917616586952,59.73917616586952,89.60876424880428,long
4957,4959,win,89.60876424880428,59.73917616586952,89.60876424880428,long
4968,4971,loss,-59.73917616586952,59.73917616586952,89.60876424880428,short
4973,4978,win,89.60876424880428,59.73917616586952,89.60876424880428,short
4986,4987,loss,-59.73917616586952,59.73917616586952,89.60876424880428,short
5023,5026,loss,-59.73917616586952,59.73917616586952,89.60876424880428,short
5056,5062,win,89.60876424880428,59.73917616586952,89.60876424880428,short
5063,5068,loss,-59.73917616586952,59.73917616586952,89.60876424880428,short
5083,5085,loss,-59.73917616586952,59.73917616586952,89.60876424880428,short
5097,5098,win,89.60876424880428,59.73917616586952,89.60876424880428,long
5106,5113,loss,-59.73917616586952,59.73917616586952,89.60876424880428,long
5170,5171,loss,-59.73917616586952,59.73917616586952,89.60876424880428,short
5193,5194,loss,-59.73917616586952,59.73917616586952,89.60876424880428,short
5196,5204,win,89.60876424880428,59.73917616586952,89.60876424880428,short
5211,5215,win,89.60876424880428,59.73917616586952,89.60876424880428,long
5273,5280,win,89.60876424880428,59.73917616586952,89.60876424880428,long
5337,5339,win,89.60876424880428,59.73917616586952,89.60876424880428,long
5340,5346,win,89.60876424880428,59.73917616586952,89.60876424880428,long
5350,5370,loss,-59.73917616586952,59.73917616586952,89.60876424880428,long
5396,5397,loss,-59.73917616586952,59.73917616586952,89.60876424880428,short
5400,5419,win,89.60876424880428,59.73917616586952,89.60876424880428,long
5427,5428,loss,-59.73917616586952,59.73917616586952,89.60876424880428,short
5434,5443,loss,-59.73917616586952,59.73917616586952,89.60876424880428,short
5470,5471,loss,-59.73917616586952,59.73917616586952,89.60876424880428,short
5485,5488,loss,-59.73917616586952,59.73917616586952,89.60876424880428,short
5500,5517,loss,-59.73917616586952,59.73917616586952,89.60876424880428,long
5543,5545,win,89.60876424880428,59.73917616586952,89.60876424880428,short
5546,5555,loss,-59.73917616586952,59.73917616586952,89.60876424880428,short
5556,5563,loss,-59.73917616586952,59.73917616586952,89.60876424880428,short
5583,5585,win,89.60876424880428,59.73917616586952,89.60876424880428,short
5586,5589,win,89.60876424880428,59.73917616586952,89.60876424880428,short
5590,5592,loss,-59.73917616586952,59.73917616586952,89.60876424880428,short
5639,5640,loss,-59.73917616586952,59.73917616586952,89.60876424880428,short
5642,5643,loss,-59.73917616586952,59.73917616586952,89.60876424880428,short
5654,5655,loss,-59.73917616586952,59.73917616586952,89.60876424880428,long
5656,5659,loss,-59.73917616586952,59.73917616586952,89.60876424880428,long
5680,5683,loss,-59.73917616586952,59.73917616586952,89.60876424880428,long
5738,5746,win,89.60876424880428,59.73917616586952,89.60876424880428,long
5752,5753,loss,-59.73917616586952,59.73917616586952,89.60876424880428,short
5754,5758,loss,-59.73917616586952,59.73917616586952,89.60876424880428,short
5760,5767,win,89.60876424880428,59.73917616586952,89.60876424880428,short
5848,5849,win,89.60876424880428,59.73917616586952,89.60876424880428,short
5851,5863,win,89.60876424880428,59.73917616586952,89.60876424880428,short
5867,5868,loss,-59.73917616586952,59.73917616586952,89.60876424880428,short
5880,5887,win,89.60876424880428,59.73917616586952,89.60876424880428,long
5892,5894,loss,-59.73917616586952,59.73917616586952,89.60876424880428,long
5913,5917,win,89.60876424880428,59.73917616586952,89.60876424880428,long
5939,5941,loss,-59.73917616586952,59.73917616586952,89.60876424880428,short
5965,5966,loss,-59.73917616586952,59.73917616586952,89.60876424880428,short
5979,5988,loss,-59.73917616586952,59.73917616586952,89.60876424880428,long
5997,6006,loss,-59.73917616586952,59.73917616586952,89.60876424880428,short
6093,6095,win,89.60876424880428,59.73917616586952,89.60876424880428,short
6096,6098,loss,-59.73917616586952,59.73917616586952,89.60876424880428,short
6122,6141,win,89.60876424880428,59.73917616586952,89.60876424880428,long
6150,6157,loss,-59.73917616586952,59.73917616586952,89.60876424880428,long
6164,6166,loss,-59.73917616586952,59.73917616586952,89.60876424880428,short
6223,6225,loss,-59.73917616586952,59.73917616586952,89.60876424880428,short
6256,6269,win,89.60876424880428,59.73917616586952,89.60876424880428,short
6299,6300,win,89.60876424880428,59.73917616586952,89.60876424880428,long
6301,6316,win,89.60876424880428,59.73917616586952,89.60876424880428,long
6363,6366,loss,-59.73917616586952,59.73917616586952,89.60876424880428,short
6399,6410,loss,-59.73917616586952,59.73917616586952,89.60876424880428,short
6462,6463,loss,-59.73917616586952,59.73917616586952,89.60876424880428,short
6466,6467,win,89.60876424880428,59.73917616586952,89.60876424880428,short
6468,6470,loss,-59.73917616586952,59.73917616586952,89.60876424880428,short
6509,6511,win,89.60876424880428,59.73917616586952,89.60876424880428,long
6512,6527,loss,-59.73917616586952,59.73917616586952,89.60876424880428,long
6539,6546,loss,-59.73917616586952,59.73917616586952,89.60876424880428,short
6570,6575,win,89.60876424880428,59.73917616586952,89.60876424880428,short
6590,6599,loss,-59.73917616586952,59.73917616586952,89.60876424880428,long
6660,6671,win,89.60876424880428,59.73917616586952,89.60876424880428,short
6684,6696,loss,-59.73917616586952,59.73917616586952,89.60876424880428,long
6705,6741,win,89.60876424880428,59.73917616586952,89.60876424880428,long
6762,6770,loss,-59.73917616586952,59.73917616586952,89.60876424880428,short
6771,6793,win,89.60876424880428,59.73917616586952,89.60876424880428,long
6856,6862,win,89.60876424880428,59.73917616586952,89.60876424880428,long
6863,6865,loss,-59.73917616586952,59.73917616586952,89.60876424880428,long
6886,6887,win,89.60876424880428,59.73917616586952,89.60876424880428,short
6889,6891,win,89.60876424880428,59.73917616586952,89.60876424880428,short
6892,6895,loss,-59.73917616586952,59.73917616586952,89.60876424880428,short
6905,6906,loss,-59.73917616586952,59.73917616586952,89.60876424880428,long
6976,6979,win,89.60876424880428,59.73917616586952,89.60876424880428,short
6980,6982,loss,-59.73917616586952,59.73917616586952,89.60876424880428,short
6995,7006,win,89.60876424880428,59.73917616586952,89.60876424880428,long
7008,7022,win,89.60876424880428,59.73917616586952,89.60876424880428,long
7026,7028,loss,-59.73917616586952,59.73917616586952,89.60876424880428,long
7051,7053,loss,-59.73917616586952,59.73917616586952,89.60876424880428,short
7054,7072,loss,-59.73917616586952,59.73917616586952,89.60876424880428,long
7104,7108,loss,-59.73917616586952,59.73917616586952,89.60876424880428,short
7127,7128,loss,-59.73917616586952,59.73917616586952,89.60876424880428,short
7141,7144,loss,-59.73917616586952,59.73917616586952,89.60876424880428,long
7148,7149,win,89.60876424880428,59.73917616586952,89.60876424880428,long
7150,7164,loss,-59.73917616586952,59.73917616586952,89.60876424880428,long
7209,7213,win,89.60876424880428,59.73917616586952,89.60876424880428,short
7288,7301,loss,-59.73917616586952,59.73917616586952,89.60876424880428,long
7305,7311,win,89.60876424880428,59.73917616586952,89.60876424880428,long
7312,7328,loss,-59.73917616586952,59.73917616586952,89.60876424880428,long
7336,7353,win,89.60876424880428,59.73917616586952,89.60876424880428,short
7393,7406,win,89.60876424880428,59.73917616586952,89.60876424880428,long
7411,7419,loss,-59.73917616586952,59.73917616586952,89.60876424880428,long
7440,7450,win,89.60876424880428,59.73917616586952,89.60876424880428,short
7453,7454,win,89.60876424880428,59.73917616586952,89.60876424880428,short
7455,7467,win,89.60876424880428,59.73917616586952,89.60876424880428,short
7491,7493,loss,-59.73917616586952,59.73917616586952,89.60876424880428,long
7507,7509,loss,-59.73917616586952,59.73917616586952,89.60876424880428,long
7547,7548,loss,-59.73917616586952,59.73917616586952,89.60876424880428,short
7549,7559,loss,-59.73917616586952,59.73917616586952,89.60876424880428,long
7560,7591,loss,-59.73917616586952,59.73917616586952,89.60876424880428,long
7608,7618,win,89.60876424880428,59.73917616586952,89.60876424880428,short
7621,7624,loss,-59.73917616586952,59.73917616586952,89.60876424880428,short
7631,7639,loss,-59.73917616586952,59.73917616586952,89.60876424880428,short
7679,7684,loss,-59.73917616586952,59.73917616586952,89.60876424880428,long
7713,7715,loss,-59.73917616586952,59.73917616586952,89.60876424880428,long
7724,7753,loss,-59.73917616586952,59.73917616586952,89.60876424880428,long
7757,7764,loss,-59.73917616586952,59.73917616586952,89.60876424880428,short
7789,7807,loss,-59.73917616586952,59.73917616586952,89.60876424880428,long
7808,7809,loss,-59.73917616586952,59.73917616586952,89.60876424880428,short
7819,7828,win,89.60876424880428,59.73917616586952,89.60876424880428,long
7875,7877,loss,-59.73917616586952,59.73917616586952,89.60876424880428,short
7889,7895,loss,-59.73917616586952,59.73917616586952,89.60876424880428,long
7939,7946,win,89.60876424880428,59.73917616586952,89.60876424880428,short
7948,7969,loss,-59.73917616586952,59.73917616586952,89.60876424880428,short
7970,7971,loss,-59.73917616586952,59.73917616586952,89.60876424880428,long
7974,7978,loss,-59.73917616586952,59.73917616586952,89.60876424880428,long
8015,8016,win,89.60876424880428,59.73917616586952,89.60876424880428,short
8017,8029,win,89.60876424880428,59.73917616586952,89.60876424880428,short
8044,8059,loss,-59.73917616586952,59.73917616586952,89.60876424880428,long
8113,8126,win,89.60876424880428,59.73917616586952,89.60876424880428,short
8145,8151,win,89.60876424880428,59.73917616586952,89.60876424880428,short
8159,8160,loss,-59.73917616586952,59.73917616586952,89.60876424880428,long
8169,8180,win,89.60876424880428,59.73917616586952,89.60876424880428,long
8181,8182,loss,-59.73917616586952,59.73917616586952,89.60876424880428,long
8183,8201,win,89.60876424880428,59.73917616586952,89.60876424880428,long
8233,8248,win,89.60876424880428,59.73917616586952,89.60876424880428,short
8249,8254,loss,-59.73917616586952,59.73917616586952,89.60876424880428,short
8259,8264,win,89.60876424880428,59.73917616586952,89.60876424880428,short
8265,8278,win,89.60876424880428,59.73917616586952,89.60876424880428,short
8286,8293,loss,-59.73917616586952,59.73917616586952,89.60876424880428,long
8294,8295,loss,-59.73917616586952,59.73917616586952,89.60876424880428,long
8372,8373,win,89.60876424880428,59.73917616586952,89.60876424880428,short
8374,8393,win,89.60876424880428,59.73917616586952,89.60876424880428,short
8397,8400,loss,-59.73917616586952,59.73917616586952,89.60876424880428,long
8407,8413,win,89.60876424880428,59.73917616586952,89.60876424880428,long
8440,8441,win,89.60876424880428,59.73917616586952,89.60876424880428,long
8442,8445,win,89.60876424880428,59.73917616586952,89.60876424880428,long
8446,8465,loss,-59.73917616586952,59.73917616586952,89.60876424880428,long
8517,8523,loss,-59.73917616586952,59.73917616586952,89.60876424880428,short
8524,8534,loss,-59.73917616586952,59.73917616586952,89.60876424880428,short
8538,8539,loss,-59.73917616586952,59.73917616586952,89.60876424880428,short
8540,8549,win,89.60876424880428,59.73917616586952,89.60876424880428,short
8564,8568,win,89.60876424880428,59.73917616586952,89.60876424880428,long
8687,8689,loss,-59.73917616586952,59.73917616586952,89.60876424880428,short
8701,8703,loss,-59.73917616586952,59.73917616586952,89.60876424880428,long
8753,8754,loss,-59.73917616586952,59.73917616586952,89.60876424880428,short
8776,8778,win,89.60876424880428,59.73917616586952,89.60876424880428,short
8779,8794,loss,-59.73917616586952,59.73917616586952,89.60876424880428,short
8796,8798,loss,-59.73917616586952,59.73917616586952,89.60876424880428,long
8804,8818,loss,-59.73917616586952,59.73917616586952,89.60876424880428,long
8824,8845,loss,-59.73917616586952,59.73917616586952,89.60876424880428,long
8847,8868,win,89.60876424880428,59.73917616586952,89.60876424880428,short
8894,8907,loss,-59.73917616586952,59.73917616586952,89.60876424880428,short
8915,8916,win,89.60876424880428,59.73917616586952,89.60876424880428,long
8917,8921,win,89.60876424880428,59.73917616586952,89.60876424880428,long
9007,9008,loss,-59.73917616586952,59.73917616586952,89.60876424880428,short
9014,9026,win,89.60876424880428,59.73917616586952,89.60876424880428,short
9054,9075,win,89.60876424880428,59.73917616586952,89.60876424880428,long
9078,9079,loss,-59.73917616586952,59.73917616586952,89.60876424880428,long
9083,9089,loss,-59.73917616586952,59.73917616586952,89.60876424880428,short
9092,9096,loss,-59.73917616586952,59.73917616586952,89.60876424880428,short
9100,9102,loss,-59.73917616586952,59.73917616586952,89.60876424880428,long
9150,9156,loss,-59.73917616586952,59.73917616586952,89.60876424880428,long
9199,9200,loss,-59.73917616586952,59.73917616586952,89.60876424880428,short
9229,9235,loss,-59.73917616586952,59.73917616586952,89.60876424880428,short
9243,9245,loss,-59.73917616586952,59.73917616586952,89.60876424880428,long
9288,9294,loss,-59.73917616586952,59.73917616586952,89.60876424880428,short
9305,9319,loss,-59.73917616586952,59.73917616586952,89.60876424880428,long
9323,9334,win,89.60876424880428,59.73917616586952,89.60876424880428,long
9335,9339,win,89.60876424880428,59.73917616586952,89.60876424880428,long
9340,9344,win,89.60876424880428,59.73917616586952,89.60876424880428,long
9345,9361,win,89.60876424880428,59.73917616586952,89.60876424880428,long
9376,9381,loss,-59.73917616586952,59.73917616586952,89.60876424880428,short
9453,9458,loss,-59.73917616586952,59.73917616586952,89.60876424880428,long
9459,9461,loss,-59.73917616586952,59.73917616586952,89.60876424880428,short
9464,9479,loss,-59.73917616586952,59.73917616586952,89.60876424880428,short
9482,9483,loss,-59.73917616586952,59.73917616586952,89.60876424880428,long
9496,9504,loss,-59.73917616586952,59.73917616586952,89.60876424880428,short
9520,9532,win,89.60876424880428,59.73917616586952,89.60876424880428,long
9565,9578,loss,-59.73917616586952,59.73917616586952,89.60876424880428,short
9590,9620,loss,-59.73917616586952,59.73917616586952,89.60876424880428,long
9622,9626,loss,-59.73917616586952,59.73917616586952,89.60876424880428,short
9634,9650,loss,-59.73917616586952,59.73917616586952,89.60876424880428,long
9653,9672,win,89.60876424880428,59.73917616586952,89.60876424880428,short
9673,9697,loss,-59.73917616586952,59.73917616586952,89.60876424880428,short
9708,9722,win,89.60876424880428,59.73917616586952,89.60876424880428,long
9723,9767,loss,-59.73917616586952,59.73917616586952,89.60876424880428,long
9790,9820,win,89.60876424880428,59.73917616586952,89.60876424880428,long
9826,9839,win,89.60876424880428,59.73917616586952,89.60876424880428,long
9853,9866,loss,-59.73917616586952,59.73917616586952,89.60876424880428,short
9890,9897,win,89.60876424880428,59.73917616586952,89.60876424880428,short
9898,9905,loss,-59.73917616586952,59.73917616586952,89.60876424880428,short
9983,9986,win,89.60876424880428,59.73917616586952,89.60876424880428,long
9987,9991,loss,-59.73917616586952,59.73917616586952,89.60876424880428,long
10043,10060,loss,-59.73917616586952,59.73917616586952,89.60876424880428,short
10061,10066,win,89.60876424880428,59.73917616586952,89.60876424880428,long
10067,10071,loss,-59.73917616586952,59.73917616586952,89.60876424880428,long
10081,10085,win,89.60876424880428,59.73917616586952,89.60876424880428,short
10094,10096,win,89.60876424880428,59.73917616586952,89.60876424880428,long
10097,10117,loss,-59.73917616586952,59.73917616586952,89.60876424880428,long
10174,10193,loss,-59.73917616586952,59.73917616586952,89.60876424880428,short
10194,10195,loss,-59.73917616586952,59.73917616586952,89.60876424880428,long
10197,10205,win,89.60876424880428,59.73917616586952,89.60876424880428,long
10242,10243,win,89.60876424880428,59.73917616586952,89.60876424880428,short
10267,10271,loss,-59.73917616586952,59.73917616586952,89.60876424880428,long
10277,10281,loss,-59.73917616586952,59.73917616586952,89.60876424880428,long
10317,10328,win,89.60876424880428,59.73917616586952,89.60876424880428,long
10329,10330,loss,-59.73917616586952,59.73917616586952,89.60876424880428,long
10342,10369,loss,-59.73917616586952,59.73917616586952,89.60876424880428,short
10398,10399,win,89.60876424880428,59.73917616586952,89.60876424880428,short
10400,10402,loss,-59.73917616586952,59.73917616586952,89.60876424880428,short
10413,10421,win,89.60876424880428,59.73917616586952,89.60876424880428,long
10423,10424,win,89.60876424880428,59.73917616586952,89.60876424880428,long
10425,10445,loss,-59.73917616586952,59.73917616586952,89.60876424880428,long
10539,10559,loss,-59.73917616586952,59.73917616586952,89.60876424880428,long
10560,10571,win,89.60876424880428,59.73917616586952,89.60876424880428,short
10572,10592,loss,-59.73917616586952,59.73917616586952,89.60876424880428,short
10653,10654,loss,-59.73917616586952,59.73917616586952,89.60876424880428,long
10677,10683,win,89.60876424880428,59.73917616586952,89.60876424880428,short
10684,10692,loss,-59.73917616586952,59.73917616586952,89.60876424880428,short
10722,10767,loss,-59.73917616586952,59.73917616586952,89.60876424880428,long
10775,10786,win,89.60876424880428,59.73917616586952,89.60876424880428,short
10793,10804,loss,-59.73917616586952,59.73917616586952,89.60876424880428,short
10813,10831,loss,-59.73917616586952,59.73917616586952,89.60876424880428,long
10876,10897,loss,-59.73917616586952,59.73917616586952,89.60876424880428,long
10976,10998,loss,-59.73917616586952,59.73917616586952,89.60876424880428,long
11000,11012,win,89.60876424880428,59.73917616586952,89.60876424880428,short
11019,11021,win,89.60876424880428,59.73917616586952,89.60876424880428,short
11022,11024,win,89.60876424880428,59.73917616586952,89.60876424880428,short
11051,11068,win,89.60876424880428,59.73917616586952,89.60876424880428,long
11069,11075,loss,-59.73917616586952,59.73917616586952,89.60876424880428,long
11079,11087,loss,-59.73917616586952,59.73917616586952,89.60876424880428,long
11092,11094,loss,-59.73917616586952,59.73917616586952,89.60876424880428,short
11163,11181,win,89.60876424880428,59.73917616586952,89.60876424880428,short
11207,11210,loss,-59.73917616586952,59.73917616586952,89.60876424880428,long
11216,11224,loss,-59.73917616586952,59.73917616586952,89.60876424880428,long
11227,11229,loss,-59.73917616586952,59.73917616586952,89.60876424880428,short
11230,11260,loss,-59.73917616586952,59.73917616586952,89.60876424880428,short
11261,11272,win,89.60876424880428,59.73917616586952,89.60876424880428,long
11299,11323,loss,-59.73917616586952,59.73917616586952,89.60876424880428,short
11364,11421,loss,-59.73917616586952,59.73917616586952,89.60876424880428,long
11429,11430,win,89.60876424880428,59.73917616586952,89.60876424880428,short
11444,11456,win,89.60876424880428,59.73917616586952,89.60876424880428,long
11514,11516,loss,-59.73917616586952,59.73917616586952,89.60876424880428,short
11522,11524,loss,-59.73917616586952,59.73917616586952,89.60876424880428,short
11579,11588,loss,-59.73917616586952,59.73917616586952,89.60876424880428,long
11605,11614,win,89.60876424880428,59.73917616586952,89.60876424880428,long
11671,11672,win,89.60876424880428,59.73917616586952,89.60876424880428,short
11673,11682,win,89.60876424880428,59.73917616586952,89.60876424880428,short
11738,11756,loss,-59.73917616586952,59.73917616586952,89.60876424880428,long
11757,11759,win,89.60876424880428,59.73917616586952,89.60876424880428,short
11760,11763,loss,-59.73917616586952,59.73917616586952,89.60876424880428,short
11773,11775,loss,-59.73917616586952,59.73917616586952,89.60876424880428,long
11826,11841,win,89.60876424880428,59.73917616586952,89.60876424880428,long
11873,11883,loss,-59.73917616586952,59.73917616586952,89.60876424880428,short
11888,11904,loss,-59.73917616586952,59.73917616586952,89.60876424880428,long
11921,11925,loss,-59.73917616586952,59.73917616586952,89.60876424880428,long
11939,11946,win,89.60876424880428,59.73917616586952,89.60876424880428,long
11969,11975,win,89.60876424880428,59.73917616586952,89.60876424880428,short
11976,11979,win,89.60876424880428,59.73917616586952,89.60876424880428,short
11980,11988,win,89.60876424880428,59.73917616586952,89.60876424880428,short
12002,12015,loss,-59.73917616586952,59.73917616586952,89.60876424880428,long
12084,12086,win,89.60876424880428,59.73917616586952,89.60876424880428,long
12102,12107,loss,-59.73917616586952,59.73917616586952,89.60876424880428,short
12108,12118,loss,-59.73917616586952,59.73917616586952,89.60876424880428,short
12124,12148,win,89.60876424880428,59.73917616586952,89.60876424880428,long
12177,12181,loss,-59.73917616586952,59.73917616586952,89.60876424880428,short
12199,12201,loss,-59.73917616586952,59.73917616586952,89.60876424880428,short
12203,12205,loss,-59.73917616586952,59.73917616586952,89.60876424880428,long
12213,12300,loss,-59.73917616586952,59.73917616586952,89.60876424880428,long
12301,12313,win,89.60876424880428,59.73917616586952,89.60876424880428,short
12314,12315,loss,-59.73917616586952,59.73917616586952,89.60876424880428,short
12317,12336,win,89.60876424880428,59.73917616586952,89.60876424880428,short
12352,12355,loss,-59.73917616586952,59.73917616586952,89.60876424880428,long
12370,12395,win,89.60876424880428,59.73917616586952,89.60876424880428,long
12405,12429,loss,-59.73917616586952,59.73917616586952,89.60876424880428,long
12430,12451,loss,-59.73917616586952,59.73917616586952,89.60876424880428,short
12499,12506,loss,-59.73917616586952,59.73917616586952,89.60876424880428,short
12544,12545,loss,-59.73917616586952,59.73917616586952,89.60876424880428,short
12548,12585,win,89.60876424880428,59.73917616586952,89.60876424880428,short
12587,12589,win,89.60876424880428,59.73917616586952,89.60876424880428,short
12590,12610,win,89.60876424880428,59.73917616586952,89.60876424880428,short
12615,12638,loss,-59.73917616586952,59.73917616586952,89.60876424880428,long
12683,12684,win,89.60876424880428,59.73917616586952,89.60876424880428,short
12698,12707,loss,-59.73917616586952,59.73917616586952,89.60876424880428,long
12749,12750,win,89.60876424880428,59.73917616586952,89.60876424880428,short
12751,12754,win,89.60876424880428,59.73917616586952,89.60876424880428,short
12755,12758,loss,-59.73917616586952,59.73917616586952,89.60876424880428,short
12773,12774,loss,-59.73917616586952,59.73917616586952,89.60876424880428,long
12844,12861,loss,-59.73917616586952,59.73917616586952,89.60876424880428,long
12866,12870,win,89.60876424880428,59.73917616586952,89.60876424880428,short
12871,12878,loss,-59.73917616586952,59.73917616586952,89.60876424880428,short
12891,12907,win,89.60876424880428,59.73917616586952,89.60876424880428,short
12920,12929,loss,-59.73917616586952,59.73917616586952,89.60876424880428,long
12937,12948,loss,-59.73917616586952,59.73917616586952,89.60876424880428,short
12961,12968,loss,-59.73917616586952,59.73917616586952,89.60876424880428,short
13028,13029,loss,-59.73917616586952,59.73917616586952,89.60876424880428,short
13041,13072,win,89.60876424880428,59.73917616586952,89.60876424880428,long
13099,13118,win,89.60876424880428,59.73917616586952,89.60876424880428,short
13119,13120,loss,-59.73917616586952,59.73917616586952,89.60876424880428,short
13151,13153,loss,-59.73917616586952,59.73917616586952,89.60876424880428,long
13164,13187,loss,-59.73917616586952,59.73917616586952,89.60876424880428,long
13188,13189,loss,-59.73917616586952,59.73917616586952,89.60876424880428,short
13210,13233,loss,-59.73917616586952,59.73917616586952,89.60876424880428,short
13235,13255,loss,-59.73917616586952,59.73917616586952,89.60876424880428,long
13256,13258,loss,-59.73917616586952,59.73917616586952,89.60876424880428,short
13265,13268,loss,-59.73917616586952,59.73917616586952,89.60876424880428,short
13278,13280,loss,-59.73917616586952,59.73917616586952,89.60876424880428,short
13331,13348,loss,-59.73917616586952,59.73917616586952,89.60876424880428,long
13355,13382,loss,-59.73917616586952,59.73917616586952,89.60876424880428,short
13395,13399,win,89.60876424880428,59.73917616586952,89.60876424880428,short
13400,13407,win,89.60876424880428,59.73917616586952,89.60876424880428,short
13408,13418,loss,-59.73917616586952,59.73917616586952,89.60876424880428,short
13431,13434,loss,-59.73917616586952,59.73917616586952,89.60876424880428,short
13445,13464,win,89.60876424880428,59.73917616586952,89.60876424880428,long
13465,13466,loss,-59.73917616586952,59.73917616586952,89.60876424880428,long
13467,13470,win,89.60876424880428,59.73917616586952,89.60876424880428,long
13471,13488,loss,-59.73917616586952,59.73917616586952,89.60876424880428,long
13536,13538,win,89.60876424880428,59.73917616586952,89.60876424880428,short
13539,13559,loss,-59.73917616586952,59.73917616586952,89.60876424880428,short
13581,13582,win,89.60876424880428,59.73917616586952,89.60876424880428,short
13583,13587,win,89.60876424880428,59.73917616586952,89.60876424880428,short
13588,13590,loss,-59.73917616586952,59.73917616586952,89.60876424880428,short
13592,13593,win,89.60876424880428,59.73917616586952,89.60876424880428,short
13599,13600,loss,-59.73917616586952,59.73917616586952,89.60876424880428,short
13605,13606,loss,-59.73917616586952,59.73917616586952,89.60876424880428,short
13623,13624,loss,-59.73917616586952,59.73917616586952,89.60876424880428,long
13625,13626,win,89.60876424880428,59.73917616586952,89.60876424880428,long
13628,13630,loss,-59.73917616586952,59.73917616586952,89.60876424880428,long
13746,13753,loss,-59.73917616586952,59.73917616586952,89.60876424880428,short
13778,13788,win,89.60876424880428,59.73917616586952,89.60876424880428,long
13790,13793,win,89.60876424880428,59.73917616586952,89.60876424880428,long
13798,13800,win,89.60876424880428,59.73917616586952,89.60876424880428,long
13814,13817,loss,-59.73917616586952,59.73917616586952,89.60876424880428,short
13865,13876,loss,-59.73917616586952,59.73917616586952,89.60876424880428,long
13879,13881,win,89.60876424880428,59.73917616586952,89.60876424880428,short
13882,13885,loss,-59.73917616586952,59.73917616586952,89.60876424880428,short
13972,13985,loss,-59.73917616586952,59.73917616586952,89.60876424880428,short
14025,14037,win,89.60876424880428,59.73917616586952,89.60876424880428,short
14043,14045,loss,-59.73917616586952,59.73917616586952,89.60876424880428,short
14076,14084,loss,-59.73917616586952,59.73917616586952,89.60876424880428,long
14112,14121,win,89.60876424880428,59.73917616586952,89.60876424880428,short
14143,14147,loss,-59.73917616586952,59.73917616586952,89.60876424880428,long
14166,14167,win,89.60876424880428,59.73917616586952,89.60876424880428,short
14181,14182,win,89.60876424880428,59.73917616586952,89.60876424880428,long
14183,14186,win,89.60876424880428,59.73917616586952,89.60876424880428,long
14187,14191,loss,-59.73917616586952,59.73917616586952,89.60876424880428,long
14236,14241,loss,-59.73917616586952,59.73917616586952,89.60876424880428,short
14311,14316,loss,-59.73917616586952,59.73917616586952,89.60876424880428,short
14318,14320,loss,-59.73917616586952,59.73917616586952,89.60876424880428,long
14326,14344,win,89.60876424880428,59.73917616586952,89.60876424880428,long
14355,14359,loss,-59.73917616586952,59.73917616586952,89.60876424880428,long
14362,14383,loss,-59.73917616586952,59.73917616586952,89.60876424880428,long
14385,14391,win,89.60876424880428,59.73917616586952,89.60876424880428,short
14392,14394,loss,-59.73917616586952,59.73917616586952,89.60876424880428,short
14443,14451,loss,-59.73917616586952,59.73917616586952,89.60876424880428,long
14539,14543,win,89.60876424880428,59.73917616586952,89.60876424880428,short
14544,14563,loss,-59.73917616586952,59.73917616586952,89.60876424880428,short
14564,14570,loss,-59.73917616586952,59.73917616586952,89.60876424880428,long
14571,14575,win,89.60876424880428,59.73917616586952,89.60876424880428,short
14577,14581,win,89.60876424880428,59.73917616586952,89.60876424880428,short
14582,14583,win,89.60876424880428,59.73917616586952,89.60876424880428,short
14584,14585,loss,-59.73917616586952,59.73917616586952,89.60876424880428,short
14604,14605,loss,-59.73917616586952,59.73917616586952,89.60876424880428,long
14607,14610,loss,-59.73917616586952,59.73917616586952,89.60876424880428,long
14668,14669,win,89.60876424880428,59.73917616586952,89.60876424880428,short
14670,14674,win,89.60876424880428,59.73917616586952,89.60876424880428,short
14675,14676,win,89.60876424880428,59.73917616586952,89.60876424880428,short
14677,14678,loss,-59.73917616586952,59.73917616586952,89.60876424880428,short
14689,14690,loss,-59.73917616586952,59.73917616586952,89.60876424880428,long
14699,14701,loss,-59.73917616586952,59.73917616586952,89.60876424880428,long
14705,14708,loss,-59.73917616586952,59.73917616586952,89.60876424880428,long
14791,14792,win,89.60876424880428,59.73917616586952,89.60876424880428,short
14793,14798,loss,-59.73917616586952,59.73917616586952,89.60876424880428,short
14826,14830,win,89.60876424880428,59.73917616586952,89.60876424880428,long
14869,14870,loss,-59.73917616586952,59.73917616586952,89.60876424880428,long
14876,14877,loss,-59.73917616586952,59.73917616586952,89.60876424880428,long
14879,14880,loss,-59.73917616586952,59.73917616586952,89.60876424880428,long
14901,14907,loss,-59.73917616586952,59.73917616586952,89.60876424880428,short
14978,14980,loss,-59.73917616586952,59.73917616586952,89.60876424880428,short
14989,14998,loss,-59.73917616586952,59.73917616586952,89.60876424880428,short
15019,15030,win,89.60876424880428,59.73917616586952,89.60876424880428,long
15031,15037,win,89.60876424880428,59.73917616586952,89.60876424880428,long
15063,15073,loss,-59.73917616586952,59.73917616586952,89.60876424880428,short
15090,15094,win,89.60876424880428,59.73917616586952,89.60876424880428,short
15095,15106,loss,-59.73917616586952,59.73917616586952,89.60876424880428,short
15122,15135,loss,-59.73917616586952,59.73917616586952,89.60876424880428,long
15196,15205,loss,-59.73917616586952,59.73917616586952,89.60876424880428,long
15209,15212,loss,-59.73917616586952,59.73917616586952,89.60876424880428,short
15222,15229,win,89.60876424880428,59.73917616586952,89.60876424880428,long
15242,15245,win,89.60876424880428,59.73917616586952,89.60876424880428,short
15246,15253,loss,-59.73917616586952,59.73917616586952,89.60876424880428,short
15259,15267,win,89.60876424880428,59.73917616586952,89.60876424880428,long
15335,15348,win,89.60876424880428,59.73917616586952,89.60876424880428,long
15349,15362,loss,-59.73917616586952,59.73917616586952,89.60876424880428,long
15378,15391,loss,-59.73917616586952,59.73917616586952,89.60876424880428,long
15413,15415,loss,-59.73917616586952,59.73917616586952,89.60876424880428,short
15423,15439,loss,-59.73917616586952,59.73917616586952,89.60876424880428,short
15448,15456,loss,-59.73917616586952,59.73917616586952,89.60876424880428,long
15462,15464,loss,-59.73917616586952,59.73917616586952,89.60876424880428,short
15465,15466,win,89.60876424880428,59.73917616586952,89.60876424880428,long
15467,15481,loss,-59.73917616586952,59.73917616586952,89.60876424880428,long
15547,15559,loss,-59.73917616586952,59.73917616586952,89.60876424880428,short
15563,15566,loss,-59.73917616586952,59.73917616586952,89.60876424880428,short
15578,15600,loss,-59.73917616586952,59.73917616586952,89.60876424880428,long
15602,15610,win,89.60876424880428,59.73917616586952,89.60876424880428,long
15677,15682,win,89.60876424880428,59.73917616586952,89.60876424880428,short
15683,15693,loss,-59.73917616586952,59.73917616586952,89.60876424880428,short
15712,15720,loss,-59.73917616586952,59.73917616586952,89.60876424880428,short
15726,15729,loss,-59.73917616586952,59.73917616586952,89.60876424880428,short
15740,15757,win,89.60876424880428,59.73917616586952,89.60876424880428,long
15761,15765,win,89.60876424880428,59.73917616586952,89.60876424880428,long
15766,15776,loss,-59.73917616586952,59.73917616586952,89.60876424880428,long
15808,15829,loss,-59.73917616586952,59.73917616586952,89.60876424880428,short
15830,15838,win,89.60876424880428,59.73917616586952,89.60876424880428,long
15841,15851,loss,-59.73917616586952,59.73917616586952,89.60876424880428,long
15877,15878,loss,-59.73917616586952,59.73917616586952,89.60876424880428,short
15911,15912,loss,-59.73917616586952,59.73917616586952,89.60876424880428,long
15918,15923,win,89.60876424880428,59.73917616586952,89.60876424880428,short
15924,15939,win,89.60876424880428,59.73917616586952,89.60876424880428,short
15953,15955,win,89.60876424880428,59.73917616586952,89.60876424880428,long
15956,15958,loss,-59.73917616586952,59.73917616586952,89.60876424880428,long
16004,16008,loss,-59.73917616586952,59.73917616586952,89.60876424880428,short
16020,16021,win,89.60876424880428,59.73917616586952,89.60876424880428,long
16022,16026,loss,-59.73917616586952,59.73917616586952,89.60876424880428,long
16027,16034,win,89.60876424880428,59.73917616586952,89.60876424880428,long
16064,16069,win,89.60876424880428,59.73917616586952,89.60876424880428,short
16070,16074,win,89.60876424880428,59.73917616586952,89.60876424880428,short
16119,16132,loss,-59.73917616586952,59.73917616586952,89.60876424880428,long
16165,16177,loss,-59.73917616586952,59.73917616586952,89.60876424880428,short
16178,16187,win,89.60876424880428,59.73917616586952,89.60876424880428,long
16201,16203,loss,-59.73917616586952,59.73917616586952,89.60876424880428,short
16224,16226,win,89.60876424880428,59.73917616586952,89.60876424880428,short
16227,16235,win,89.60876424880428,59.73917616586952,89.60876424880428,short
16249,16250,loss,-59.73917616586952,59.73917616586952,89.60876424880428,long
16321,16339,loss,-59.73917616586952,59.73917616586952,89.60876424880428,long
16360,16365,win,89.60876424880428,59.73917616586952,89.60876424880428,short
16394,16401,loss,-59.73917616586952,59.73917616586952,89.60876424880428,short
16409,16418,loss,-59.73917616586952,59.73917616586952,89.60876424880428,short
16425,16430,win,89.60876424880428,59.73917616586952,89.60876424880428,long
16463,16466,loss,-59.73917616586952,59.73917616586952,89.60876424880428,long
16467,16473,win,89.60876424880428,59.73917616586952,89.60876424880428,long
16497,16498,loss,-59.73917616586952,59.73917616586952,89.60876424880428,long
16501,16520,win,89.60876424880428,59.73917616586952,89.60876424880428,long
16555,16572,loss,-59.73917616586952,59.73917616586952,89.60876424880428,short
16573,16574,win,89.60876424880428,59.73917616586952,89.60876424880428,long
16575,16587,loss,-59.73917616586952,59.73917616586952,89.60876424880428,long
16591,16613,loss,-59.73917616586952,59.73917616586952,89.60876424880428,short
16682,16689,loss,-59.73917616586952,59.73917616586952,89.60876424880428,short
16691,16708,loss,-59.73917616586952,59.73917616586952,89.60876424880428,short
16710,16716,loss,-59.73917616586952,59.73917616586952,89.60876424880428,long
16724,16732,win,89.60876424880428,59.73917616586952,89.60876424880428,short
16771,16805,loss,-59.73917616586952,59.73917616586952,89.60876424880428,long
16821,16847,loss,-59.73917616586952,59.73917616586952,89.60876424880428,long
16849,16851,loss,-59.73917616586952,59.73917616586952,89.60876424880428,short
16862,16873,win,89.60876424880428,59.73917616586952,89.60876424880428,short
16874,16908,win,89.60876424880428,59.73917616586952,89.60876424880428,short
16939,16947,loss,-59.73917616586952,59.73917616586952,89.60876424880428,long
16950,16968,win,89.60876424880428,59.73917616586952,89.60876424880428,long
17012,17017,win,89.60876424880428,59.73917616586952,89.60876424880428,short
17058,17066,win,89.60876424880428,59.73917616586952,89.60876424880428,short
17067,17083,loss,-59.73917616586952,59.73917616586952,89.60876424880428,short
17136,17154,loss,-59.73917616586952,59.73917616586952,89.60876424880428,long
17186,17195,loss,-59.73917616586952,59.73917616586952,89.60876424880428,short
17241,17245,win,89.60876424880428,59.73917616586952,89.60876424880428,short
17246,17256,loss,-59.73917616586952,59.73917616586952,89.60876424880428,short
17286,17289,win,89.60876424880428,59.73917616586952,89.60876424880428,long
17290,17294,loss,-59.73917616586952,59.73917616586952,89.60876424880428,long
17304,17308,win,89.60876424880428,59.73917616586952,89.60876424880428,short
17368,17378,win,89.60876424880428,59.73917616586952,89.60876424880428,long
17379,17382,loss,-59.73917616586952,59.73917616586952,89.60876424880428,long
17416,17420,win,89.60876424880428,59.73917616586952,89.60876424880428,short
17421,17423,win,89.60876424880428,59.73917616586952,89.60876424880428,short
17424,17425,win,89.60876424880428,59.73917616586952,89.60876424880428,short
17426,17448,loss,-59.73917616586952,59.73917616586952,89.60876424880428,short
17450,17467,loss,-59.73917616586952,59.73917616586952,89.60876424880428,long
17474,17478,loss,-59.73917616586952,59.73917616586952,89.60876424880428,long
17495,17496,loss,-59.73917616586952,59.73917616586952,89.60876424880428,short
17499,17513,loss,-59.73917616586952,59.73917616586952,89.60876424880428,short
17525,17528,loss,-59.73917616586952,59.73917616586952,89.60876424880428,short
17536,17543,win,89.60876424880428,59.73917616586952,89.60876424880428,short
17621,17660,loss,-59.73917616586952,59.73917616586952,89.60876424880428,long
17661,17674,win,89.60876424880428,59.73917616586952,89.60876424880428,short
17688,17690,loss,-59.73917616586952,59.73917616586952,89.60876424880428,long
17695,17699,loss,-59.73917616586952,59.73917616586952,89.60876424880428,long
17704,17711,win,89.60876424880428,59.73917616586952,89.60876424880428,long
17749,17771,win,89.60876424880428,59.73917616586952,89.60876424880428,short
17828,17839,loss,-59.73917616586952,59.73917616586952,89.60876424880428,long
17840,17850,win,89.60876424880428,59.73917616586952,89.60876424880428,long
17864,17869,loss,-59.73917616586952,59.73917616586952,89.60876424880428,short
17882,17887,loss,-59.73917616586952,59.73917616586952,89.60876424880428,short
17888,17908,win,89.60876424880428,59.73917616586952,89.60876424880428,short
17923,17926,loss,-59.73917616586952,59.73917616586952,89.60876424880428,long
17957,17993,loss,-59.73917616586952,59.73917616586952,89.60876424880428,long
17994,17997,win,89.60876424880428,59.73917616586952,89.60876424880428,short
17998,18039,loss,-59.73917616586952,59.73917616586952,89.60876424880428,short
18040,18043,win,89.60876424880428,59.73917616586952,89.60876424880428,long
18044,18064,win,89.60876424880428,59.73917616586952,89.60876424880428,long
18089,18095,win,89.60876424880428,59.73917616586952,89.60876424880428,short
18096,18105,loss,-59.73917616586952,59.73917616586952,89.60876424880428,short
18135,18141,loss,-59.73917616586952,59.73917616586952,89.60876424880428,long
18142,18146,loss,-59.73917616586952,59.73917616586952,89.60876424880428,long
18157,18158,win,89.60876424880428,59.73917616586952,89.60876424880428,short
18159,18180,loss,-59.73917616586952,59.73917616586952,89.60876424880428,short
18206,18211,loss,-59.73917616586952,59.73917616586952,89.60876424880428,long
18213,18224,loss,-59.73917616586952,59.73917616586952,89.60876424880428,long
18227,18234,loss,-59.73917616586952,59.73917616586952,89.60876424880428,short
18264,18272,loss,-59.73917616586952,59.73917616586952,89.60876424880428,short
18307,18319,win,89.60876424880428,59.73917616586952,89.60876424880428,long
18330,18342,loss,-59.73917616586952,59.73917616586952,89.60876424880428,long
18354,18364,loss,-59.73917616586952,59.73917616586952,89.60876424880428,short
18383,18386,loss,-59.73917616586952,59.73917616586952,89.60876424880428,short
18399,18409,win,89.60876424880428,59.73917616586952,89.60876424880428,long
18410,18422,win,89.60876424880428,59.73917616586952,89.60876424880428,long
18445,18484,win,89.60876424880428,59.73917616586952,89.60876424880428,short
18506,18540,win,89.60876424880428,59.73917616586952,89.60876424880428,long
18541,18571,win,89.60876424880428,59.73917616586952,89.60876424880428,long
18591,18594,win,89.60876424880428,59.73917616586952,89.60876424880428,short
18595,18612,loss,-59.73917616586952,59.73917616586952,89.60876424880428,short
18613,18621,loss,-59.73917616586952,59.73917616586952,89.60876424880428,long
18647,18655,win,89.60876424880428,59.73917616586952,89.60876424880428,long
18656,18677,loss,-59.73917616586952,59.73917616586952,89.60876424880428,long
18678,18684,win,89.60876424880428,59.73917616586952,89.60876424880428,short
18731,18737,win,89.60876424880428,59.73917616586952,89.60876424880428,long
18738,18753,loss,-59.73917616586952,59.73917616586952,89.60876424880428,long
18754,18760,loss,-59.73917616586952,59.73917616586952,89.60876424880428,short
18765,18775,loss,-59.73917616586952,59.73917616586952,89.60876424880428,short
18816,18822,win,89.60876424880428,59.73917616586952,89.60876424880428,long
18823,18838,win,89.60876424880428,59.73917616586952,89.60876424880428,long
18863,18868,loss,-59.73917616586952,59.73917616586952,89.60876424880428,short
18877,18880,loss,-59.73917616586952,59.73917616586952,89.60876424880428,long
18891,18895,win,89.60876424880428,59.73917616586952,89.60876424880428,short
18896,18897,win,89.60876424880428,59.73917616586952,89.60876424880428,short
18898,18913,win,89.60876424880428,59.73917616586952,89.60876424880428,short
18971,18979,win,89.60876424880428,59.73917616586952,89.60876424880428,long
18980,18992,loss,-59.73917616586952,59.73917616586952,89.60876424880428,long
19004,19006,win,89.60876424880428,59.73917616586952,89.60876424880428,short
19007,19009,win,89.60876424880428,59.73917616586952,89.60876424880428,short
19081,19091,loss,-59.73917616586952,59.73917616586952,89.60876424880428,short
19112,19122,loss,-59.73917616586952,59.73917616586952,89.60876424880428,long
19166,19188,loss,-59.73917616586952,59.73917616586952,89.60876424880428,long
19192,19209,loss,-59.73917616586952,59.73917616586952,89.60876424880428,short
19214,19216,win,89.60876424880428,59.73917616586952,89.60876424880428,long
19217,19232,loss,-59.73917616586952,59.73917616586952,89.60876424880428,long
19287,19288,loss,-59.73917616586952,59.73917616586952,89.60876424880428,short
19301,19322,loss,-59.73917616586952,59.73917616586952,89.60876424880428,long
19338,19351,loss,-59.73917616586952,59.73917616586952,89.60876424880428,long
19367,19369,win,89.60876424880428,59.73917616586952,89.60876424880428,short
19370,19373,win,89.60876424880428,59.73917616586952,89.60876424880428,short
19374,19376,loss,-59.73917616586952,59.73917616586952,89.60876424880428,short
19431,19432,loss,-59.73917616586952,59.73917616586952,89.60876424880428,long
19445,19469,win,89.60876424880428,59.73917616586952,89.60876424880428,short
19511,19513,loss,-59.73917616586952,59.73917616586952,89.60876424880428,short
19514,19534,win,89.60876424880428,59.73917616586952,89.60876424880428,long
19591,19600,loss,-59.73917616586952,59.73917616586952,89.60876424880428,long
19622,19627,loss,-59.73917616586952,59.73917616586952,89.60876424880428,short
19653,19668,win,89.60876424880428,59.73917616586952,89.60876424880428,long
19719,19722,win,89.60876424880428,59.73917616586952,89.60876424880428,short
19723,19741,loss,-59.73917616586952,59.73917616586952,89.60876424880428,short
19764,19769,loss,-59.73917616586952,59.73917616586952,89.60876424880428,long
19774,19777,loss,-59.73917616586952,59.73917616586952,89.60876424880428,short
19788,19800,loss,-59.73917616586952,59.73917616586952,89.60876424880428,long
19857,19859,loss,-59.73917616586952,59.73917616586952,89.60876424880428,short
19860,19900,loss,-59.73917616586952,59.73917616586952,89.60876424880428,short
19902,19907,loss,-59.73917616586952,59.73917616586952,89.60876424880428,long
20032,20037,win,89.60876424880428,59.73917616586952,89.60876424880428,short
20038,20039,win,89.60876424880428,59.73917616586952,89.60876424880428,short
20040,20062,win,89.60876424880428,59.73917616586952,89.60876424880428,short
20086,20106,loss,-59.73917616586952,59.73917616586952,89.60876424880428,long
20108,20198,loss,-59.73917616586952,59.73917616586952,89.60876424880428,short
20199,20222,loss,-59.73917616586952,59.73917616586952,89.60876424880428,long
20223,20243,loss,-59.73917616586952,59.73917616586952,89.60876424880428,short
20267,20315,win,89.60876424880428,59.73917616586952,89.60876424880428,long
20361,20374,win,89.60876424880428,59.73917616586952,89.60876424880428,short
20396,20413,win,89.60876424880428,59.73917616586952,89.60876424880428,long
20414,20428,win,89.60876424880428,59.73917616586952,89.60876424880428,long
20429,20432,win,89.60876424880428,59.73917616586952,89.60876424880428,long
20433,20437,win,89.60876424880428,59.73917616586952,89.60876424880428,long
20447,20452,loss,-59.73917616586952,59.73917616586952,89.60876424880428,short
20508,20538,win,89.60876424880428,59.73917616586952,89.60876424880428,short
20594,20652,loss,-59.73917616586952,59.73917616586952,89.60876424880428,long
20654,20658,win,89.60876424880428,59.73917616586952,89.60876424880428,short
20672,20693,loss,-59.73917616586952,59.73917616586952,89.60876424880428,long
20739,20752,win,89.60876424880428,59.73917616586952,89.60876424880428,long
20753,20766,win,89.60876424880428,59.73917616586952,89.60876424880428,long
20768,20772,loss,-59.73917616586952,59.73917616586952,89.60876424880428,long
20806,20809,win,89.60876424880428,59.73917616586952,89.60876424880428,short
20810,20815,win,89.60876424880428,59.73917616586952,89.60876424880428,short
20816,20835,loss,-59.73917616586952,59.73917616586952,89.60876424880428,short
20887,20888,loss,-59.73917616586952,59.73917616586952,89.60876424880428,long
20893,20896,loss,-59.73917616586952,59.73917616586952,89.60876424880428,long
20945,20953,loss,-59.73917616586952,59.73917616586952,89.60876424880428,short
21016,21027,win,89.60876424880428,59.73917616586952,89.60876424880428,long
21028,21064,win,89.60876424880428,59.73917616586952,89.60876424880428,long
21070,21114,win,89.60876424880428,59.73917616586952,89.60876424880428,short
21119,21137,loss,-59.73917616586952,59.73917616586952,89.60876424880428,short
21138,21163,loss,-59.73917616586952,59.73917616586952,89.60876424880428,long
21206,21232,win,89.60876424880428,59.73917616586952,89.60876424880428,long
21256,21300,loss,-59.73917616586952,59.73917616586952,89.60876424880428,short
21367,21369,loss,-59.73917616586952,59.73917616586952,89.60876424880428,short
21382,21392,loss,-59.73917616586952,59.73917616586952,89.60876424880428,long
21449,21453,win,89.60876424880428,59.73917616586952,89.60876424880428,short
21454,21522,loss,-59.73917616586952,59.73917616586952,89.60876424880428,short
21593,21633,win,89.60876424880428,59.73917616586952,89.60876424880428,short
21634,21639,win,89.60876424880428,59.73917616586952,89.60876424880428,short
21640,21675,loss,-59.73917616586952,59.73917616586952,89.60876424880428,short
21676,21689,loss,-59.73917616586952,59.73917616586952,89.60876424880428,long
21708,21732,loss,-59.73917616586952,59.73917616586952,89.60876424880428,long
21771,21776,loss,-59.73917616586952,59.73917616586952,89.60876424880428,long
21798,21801,loss,-59.73917616586952,59.73917616586952,89.60876424880428,short
21802,21825,win,89.60876424880428,59.73917616586952,89.60876424880428,short
21832,21836,loss,-59.73917616586952,59.73917616586952,89.60876424880428,short
21837,21898,loss,-59.73917616586952,59.73917616586952,89.60876424880428,long
21899,21929,loss,-59.73917616586952,59.73917616586952,89.60876424880428,short
21976,21982,win,89.60876424880428,59.73917616586952,89.60876424880428,long
21983,21984,loss,-59.73917616586952,59.73917616586952,89.60876424880428,long
22018,22032,loss,-59.73917616586952,59.73917616586952,89.60876424880428,short
22097,22100,loss,-59.73917616586952,59.73917616586952,89.60876424880428,short
22123,22145,loss,-59.73917616586952,59.73917616586952,89.60876424880428,long
22163,22168,win,89.60876424880428,59.73917616586952,89.60876424880428,short
22169,22177,win,89.60876424880428,59.73917616586952,89.60876424880428,short
22178,22185,loss,-59.73917616586952,59.73917616586952,89.60876424880428,short
22191,22195,win,89.60876424880428,59.73917616586952,89.60876424880428,long
22197,22231,win,89.60876424880428,59.73917616586952,89.60876424880428,long
22254,22278,loss,-59.73917616586952,59.73917616586952,89.60876424880428,long
22338,22352,loss,-59.73917616586952,59.73917616586952,89.60876424880428,short
22355,22359,loss,-59.73917616586952,59.73917616586952,89.60876424880428,long
22361,22399,loss,-59.73917616586952,59.73917616586952,89.60876424880428,long
22422,22444,win,89.60876424880428,59.73917616586952,89.60876424880428,long
22468,22489,win,89.60876424880428,59.73917616586952,89.60876424880428,short
22492,22497,loss,-59.73917616586952,59.73917616586952,89.60876424880428,short
22506,22547,loss,-59.73917616586952,59.73917616586952,89.60876424880428,long
22559,22582,loss,-59.73917616586952,59.73917616586952,89.60876424880428,long
22584,22588,win,89.60876424880428,59.73917616586952,89.60876424880428,short
22589,22601,win,89.60876424880428,59.73917616586952,89.60876424880428,short
22623,22628,win,89.60876424880428,59.73917616586952,89.60876424880428,short
22629,22633,loss,-59.73917616586952,59.73917616586952,89.60876424880428,short
22651,22660,loss,-59.73917616586952,59.73917616586952,89.60876424880428,long
22672,22687,loss,-59.73917616586952,59.73917616586952,89.60876424880428,long
22691,22695,win,89.60876424880428,59.73917616586952,89.60876424880428,short
22696,22697,loss,-59.73917616586952,59.73917616586952,89.60876424880428,short
22724,22734,loss,-59.73917616586952,59.73917616586952,89.60876424880428,long
22745,22747,win,89.60876424880428,59.73917616586952,89.60876424880428,long
22748,22767,loss,-59.73917616586952,59.73917616586952,89.60876424880428,long
22772,22777,loss,-59.73917616586952,59.73917616586952,89.60876424880428,short
22851,22860,loss,-59.73917616586952,59.73917616586952,89.60876424880428,short
22861,22862,win,89.60876424880428,59.73917616586952,89.60876424880428,long
22863,22867,loss,-59.73917616586952,59.73917616586952,89.60876424880428,long
22915,22922,loss,-59.73917616586952,59.73917616586952,89.60876424880428,short
22929,22931,loss,-59.73917616586952,59.73917616586952,89.60876424880428,short
22944,22947,win,89.60876424880428,59.73917616586952,89.60876424880428,long
23056,23057,loss,-59.73917616586952,59.73917616586952,89.60876424880428,short
23072,23085,win,89.60876424880428,59.73917616586952,89.60876424880428,short
23088,23090,win,89.60876424880428,59.73917616586952,89.60876424880428,short
23091,23097,loss,-59.73917616586952,59.73917616586952,89.60876424880428,short
23102,23104,win,89.60876424880428,59.73917616586952,89.60876424880428,long
23105,23107,win,89.60876424880428,59.73917616586952,89.60876424880428,long
23108,23113,loss,-59.73917616586952,59.73917616586952,89.60876424880428,long
23196,23197,loss,-59.73917616586952,59.73917616586952,89.60876424880428,short
23198,23225,loss,-59.73917616586952,59.73917616586952,89.60876424880428,short
23226,23241,win,89.60876424880428,59.73917616586952,89.60876424880428,long
23243,23244,win,89.60876424880428,59.73917616586952,89.60876424880428,long
23248,23280,loss,-59.73917616586952,59.73917616586952,89.60876424880428,long
23284,23291,loss,-59.73917616586952,59.73917616586952,89.60876424880428,short
23329,23339,win,89.60876424880428,59.73917616586952,89.60876424880428,short
23340,23355,loss,-59.73917616586952,59.73917616586952,89.60876424880428,short
23356,23357,loss,-59.73917616586952,59.73917616586952,89.60876424880428,long
23452,23456,win,89.60876424880428,59.73917616586952,89.60876424880428,short
23457,23463,loss,-59.73917616586952,59.73917616586952,89.60876424880428,short
23468,23479,loss,-59.73917616586952,59.73917616586952,89.60876424880428,long
23503,23528,loss,-59.73917616586952,59.73917616586952,89.60876424880428,long
23531,23541,loss,-59.73917616586952,59.73917616586952,89.60876424880428,short
23577,23579,loss,-59.73917616586952,59.73917616586952,89.60876424880428,short
23585,23586,win,89.60876424880428,59.73917616586952,89.60876424880428,short
23664,23701,loss,-59.73917616586952,59.73917616586952,89.60876424880428,short
23709,23729,win,89.60876424880428,59.73917616586952,89.60876424880428,long
23736,23749,loss,-59.73917616586952,59.73917616586952,89.60876424880428,long
23759,23770,loss,-59.73917616586952,59.73917616586952,89.60876424880428,short
23785,23789,loss,-59.73917616586952,59.73917616586952,89.60876424880428,short
23790,23791,win,89.60876424880428,59.73917616586952,89.60876424880428,long
23792,23795,win,89.60876424880428,59.73917616586952,89.60876424880428,long
23796,23811,loss,-59.73917616586952,59.73917616586952,89.60876424880428,long
23868,23873,loss,-59.73917616586952,59.73917616586952,89.60876424880428,short
23883,23903,win,89.60876424880428,59.73917616586952,89.60876424880428,short
23949,23960,win,89.60876424880428,59.73917616586952,89.60876424880428,short
23974,23997,loss,-59.73917616586952,59.73917616586952,89.60876424880428,long
24015,24017,win,89.60876424880428,59.73917616586952,89.60876424880428,short
24018,24019,loss,-59.73917616586952,59.73917616586952,89.60876424880428,short
24023,24036,loss,-59.73917616586952,59.73917616586952,89.60876424880428,short
24038,24042,loss,-59.73917616586952,59.73917616586952,89.60876424880428,long
24045,24048,win,89.60876424880428,59.73917616586952,89.60876424880428,long
24049,24060,loss,-59.73917616586952,59.73917616586952,89.60876424880428,long
24090,24093,loss,-59.73917616586952,59.73917616586952,89.60876424880428,short
24095,24105,loss,-59.73917616586952,59.73917616586952,89.60876424880428,short
24120,24129,loss,-59.73917616586952,59.73917616586952,89.60876424880428,long
24157,24158,win,89.60876424880428,59.73917616586952,89.60876424880428,short
24159,24173,loss,-59.73917616586952,59.73917616586952,89.60876424880428,short
24227,24244,loss,-59.73917616586952,59.73917616586952,89.60876424880428,short
24248,24274,win,89.60876424880428,59.73917616586952,89.60876424880428,long
24303,24313,win,89.60876424880428,59.73917616586952,89.60876424880428,short
24314,24315,win,89.60876424880428,59.73917616586952,89.60876424880428,short
24316,24340,win,89.60876424880428,59.73917616586952,89.60876424880428,short
24346,24359,win,89.60876424880428,59.73917616586952,89.60876424880428,long
24401,24406,loss,-59.73917616586952,59.73917616586952,89.60876424880428,short
24415,24425,loss,-59.73917616586952,59.73917616586952,89.60876424880428,long
24447,24456,loss,-59.73917616586952,59.73917616586952,89.60876424880428,long
24510,24517,loss,-59.73917616586952,59.73917616586952,89.60876424880428,long
24523,24533,win,89.60876424880428,59.73917616586952,89.60876424880428,short
24613,24616,win,89.60876424880428,59.73917616586952,89.60876424880428,short
24617,24624,loss,-59.73917616586952,59.73917616586952,89.60876424880428,short
24631,24643,loss,-59.73917616586952,59.73917616586952,89.60876424880428,long
24685,24698,loss,-59.73917616586952,59.73917616586952,89.60876424880428,short
24699,24701,loss,-59.73917616586952,59.73917616586952,89.60876424880428,long
24758,24775,win,89.60876424880428,59.73917616586952,89.60876424880428,short
24803,24804,win,89.60876424880428,59.73917616586952,89.60876424880428,long
24805,24809,win,89.60876424880428,59.73917616586952,89.60876424880428,long
24819,24823,loss,-59.73917616586952,59.73917616586952,89.60876424880428,short
24901,24911,loss,-59.73917616586952,59.73917616586952,89.60876424880428,short
24930,24931,win,89.60876424880428,59.73917616586952,89.60876424880428,long
24945,24959,win,89.60876424880428,59.73917616586952,89.60876424880428,short
24965,24976,win,89.60876424880428,59.73917616586952,89.60876424880428,short
24977,24996,win,89.60876424880428,59.73917616586952,89.60876424880428,short
25004,25009,loss,-59.73917616586952,59.73917616586952,89.60876424880428,long
25010,25027,win,89.60876424880428,59.73917616586952,89.60876424880428,long
25028,25031,win,89.60876424880428,59.73917616586952,89.60876424880428,long
25032,25052,loss,-59.73917616586952,59.73917616586952,89.60876424880428,long
25053,25059,loss,-59.73917616586952,59.73917616586952,89.60876424880428,short
25061,25084,loss,-59.73917616586952,59.73917616586952,89.60876424880428,long
25090,25121,win,89.60876424880428,59.73917616586952,89.60876424880428,short
25131,25161,loss,-59.73917616586952,59.73917616586952,89.60876424880428,short
25162,25191,loss,-59.73917616586952,59.73917616586952,89.60876424880428,long
25206,25211,win,89.60876424880428,59.73917616586952,89.60876424880428,short
25239,25259,loss,-59.73917616586952,59.73917616586952,89.60876424880428,long
25267,25275,loss,-59.73917616586952,59.73917616586952,89.60876424880428,short
25311,25325,loss,-59.73917616586952,59.73917616586952,89.60876424880428,short
25334,25350,loss,-59.73917616586952,59.73917616586952,89.60876424880428,long
25351,25375,loss,-59.73917616586952,59.73917616586952,89.60876424880428,short
25420,25443,win,89.60876424880428,59.73917616586952,89.60876424880428,long
25478,25487,win,89.60876424880428,59.73917616586952,89.60876424880428,short
25488,25510,win,89.60876424880428,59.73917616586952,89.60876424880428,short
25523,25535,win,89.60876424880428,59.73917616586952,89.60876424880428,long
25584,25597,win,89.60876424880428,59.73917616586952,89.60876424880428,short
25598,25603,loss,-59.73917616586952,59.73917616586952,89.60876424880428,short
25626,25651,loss,-59.73917616586952,59.73917616586952,89.60876424880428,long
25662,25669,loss,-59.73917616586952,59.73917616586952,89.60876424880428,short
25670,25672,loss,-59.73917616586952,59.73917616586952,89.60876424880428,long
25678,25694,win,89.60876424880428,59.73917616586952,89.60876424880428,long
25695,25717,win,89.60876424880428,59.73917616586952,89.60876424880428,long
25732,25745,loss,-59.73917616586952,59.73917616586952,89.60876424880428,short
25786,25803,win,89.60876424880428,59.73917616586952,89.60876424880428,short
25847,25856,loss,-59.73917616586952,59.73917616586952,89.60876424880428,long
25865,25893,win,89.60876424880428,59.73917616586952,89.60876424880428,short
25894,25917,win,89.60876424880428,59.73917616586952,89.60876424880428,short
25939,25944,loss,-59.73917616586952,59.73917616586952,89.60876424880428,long
25958,25990,win,89.60876424880428,59.73917616586952,89.60876424880428,long
25991,25992,loss,-59.73917616586952,59.73917616586952,89.60876424880428,long
26004,26012,loss,-59.73917616586952,59.73917616586952,89.60876424880428,short
26093,26145,win,89.60876424880428,59.73917616586952,89.60876424880428,long
26171,26173,loss,-59.73917616586952,59.73917616586952,89.60876424880428,short
26206,26214,loss,-59.73917616586952,59.73917616586952,89.60876424880428,long
26231,26243,loss,-59.73917616586952,59.73917616586952,89.60876424880428,long
26244,26271,loss,-59.73917616586952,59.73917616586952,89.60876424880428,short
26284,26291,win,89.60876424880428,59.73917616586952,89.60876424880428,long
26322,26335,win,89.60876424880428,59.73917616586952,89.60876424880428,short
26336,26358,win,89.60876424880428,59.73917616586952,89.60876424880428,short
26394,26421,loss,-59.73917616586952,59.73917616586952,89.60876424880428,long
26422,26426,loss,-59.73917616586952,59.73917616586952,89.60876424880428,long
26435,26444,loss,-59.73917616586952,59.73917616586952,89.60876424880428,long
26449,26470,win,89.60876424880428,59.73917616586952,89.60876424880428,short
26481,26512,win,89.60876424880428,59.73917616586952,89.60876424880428,short
26560,26564,loss,-59.73917616586952,59.73917616586952,89.60876424880428,short
26579,26584,win,89.60876424880428,59.73917616586952,89.60876424880428,short
26585,26607,loss,-59.73917616586952,59.73917616586952,89.60876424880428,short
26609,26614,loss,-59.73917616586952,59.73917616586952,89.60876424880428,long
26630,26637,loss,-59.73917616586952,59.73917616586952,89.60876424880428,long
26708,26722,loss,-59.73917616586952,59.73917616586952,89.60876424880428,long
26768,26779,win,89.60876424880428,59.73917616586952,89.60876424880428,short
26780,26784,loss,-59.73917616586952,59.73917616586952,89.60876424880428,short
26793,26797,loss,-59.73917616586952,59.73917616586952,89.60876424880428,long
26812,26819,loss,-59.73917616586952,59.73917616586952,89.60876424880428,long
26854,26859,loss,-59.73917616586952,59.73917616586952,89.60876424880428,long
26872,26885,loss,-59.73917616586952,59.73917616586952,89.60876424880428,short
26888,26905,loss,-59.73917616586952,59.73917616586952,89.60876424880428,long
26968,26976,loss,-59.73917616586952,59.73917616586952,89.60876424880428,short
26998,27019,loss,-59.73917616586952,59.73917616586952,89.60876424880428,long
27031,27037,loss,-59.73917616586952,59.73917616586952,89.60876424880428,short
27106,27110,loss,-59.73917616586952,59.73917616586952,89.60876424880428,long
27114,27123,loss,-59.73917616586952,59.73917616586952,89.60876424880428,long
27137,27147,loss,-59.73917616586952,59.73917616586952,89.60876424880428,long
27152,27153,loss,-59.73917616586952,59.73917616586952,89.60876424880428,short
27154,27158,loss,-59.73917616586952,59.73917616586952,89.60876424880428,long
27204,27250,loss,-59.73917616586952,59.73917616586952,89.60876424880428,short
27274,27275,loss,-59.73917616586952,59.73917616586952,89.60876424880428,short
27297,27309,win,89.60876424880428,59.73917616586952,89.60876424880428,long
27310,27320,win,89.60876424880428,59.73917616586952,89.60876424880428,long
27331,27333,win,89.60876424880428,59.73917616586952,89.60876424880428,long
27346,27366,loss,-59.73917616586952,59.73917616586952,89.60876424880428,short
27382,27389,win,89.60876424880428,59.73917616586952,89.60876424880428,short
27390,27397,loss,-59.73917616586952,59.73917616586952,89.60876424880428,short
27411,27413,win,89.60876424880428,59.73917616586952,89.60876424880428,short
27432,27434,loss,-59.73917616586952,59.73917616586952,89.60876424880428,long
27447,27456,loss,-59.73917616586952,59.73917616586952,89.60876424880428,long
27492,27528,loss,-59.73917616586952,59.73917616586952,89.60876424880428,long
27563,27573,loss,-59.73917616586952,59.73917616586952,89.60876424880428,long
27600,27639,loss,-59.73917616586952,59.73917616586952,89.60876424880428,long
27640,27642,win,89.60876424880428,59.73917616586952,89.60876424880428,short
27670,27680,loss,-59.73917616586952,59.73917616586952,89.60876424880428,long
27753,27757,win,89.60876424880428,59.73917616586952,89.60876424880428,long
27821,27846,win,89.60876424880428,59.73917616586952,89.60876424880428,short
27847,27867,loss,-59.73917616586952,59.73917616586952,89.60876424880428,short
27868,27891,win,89.60876424880428,59.73917616586952,89.60876424880428,long
27892,27905,loss,-59.73917616586952,59.73917616586952,89.60876424880428,long
27931,27937,win,89.60876424880428,59.73917616586952,89.60876424880428,short
27938,27972,win,89.60876424880428,59.73917616586952,89.60876424880428,short
28007,28020,loss,-59.73917616586952,59.73917616586952,89.60876424880428,long
28029,28030,win,89.60876424880428,59.73917616586952,89.60876424880428,long
28031,28076,win,89.60876424880428,59.73917616586952,89.60876424880428,long
28106,28127,loss,-59.73917616586952,59.73917616586952,89.60876424880428,short
28136,28142,win,89.60876424880428,59.73917616586952,89.60876424880428,long
28143,28160,win,89.60876424880428,59.73917616586952,89.60876424880428,long
28180,28190,loss,-59.73917616586952,59.73917616586952,89.60876424880428,short
28203,28210,loss,-59.73917616586952,59.73917616586952,89.60876424880428,long
28248,28277,win,89.60876424880428,59.73917616586952,89.60876424880428,short
28306,28329,loss,-59.73917616586952,59.73917616586952,89.60876424880428,long
28368,28375,loss,-59.73917616586952,59.73917616586952,89.60876424880428,long
28378,28399,loss,-59.73917616586952,59.73917616586952,89.60876424880428,short
28435,28444,win,89.60876424880428,59.73917616586952,89.60876424880428,long
28445,28449,loss,-59.73917616586952,59.73917616586952,89.60876424880428,long
28450,28470,win,89.60876424880428,59.73917616586952,89.60876424880428,short
28544,28565,win,89.60876424880428,59.73917616586952,89.60876424880428,short
28599,28606,loss,-59.73917616586952,59.73917616586952,89.60876424880428,long
28607,28697,win,89.60876424880428,59.73917616586952,89.60876424880428,short
28728,28747,loss,-59.73917616586952,59.73917616586952,89.60876424880428,long
28748,28768,win,89.60876424880428,59.73917616586952,89.60876424880428,short
28769,28795,loss,-59.73917616586952,59.73917616586952,89.60876424880428,short
28799,28813,win,89.60876424880428,59.73917616586952,89.60876424880428,long
28845,28881,loss,-59.73917616586952,59.73917616586952,89.60876424880428,short
28910,28946,win,89.60876424880428,59.73917616586952,89.60876424880428,short
28947,28969,loss,-59.73917616586952,59.73917616586952,89.60876424880428,short
28970,28979,win,89.60876424880428,59.73917616586952,89.60876424880428,long
28980,28991,loss,-59.73917616586952,59.73917616586952,89.60876424880428,long
29014,29024,win,89.60876424880428,59.73917616586952,89.60876424880428,short
29041,29060,win,89.60876424880428,59.73917616586952,89.60876424880428,long
29061,29062,win,89.60876424880428,59.73917616586952,89.60876424880428,long
29063,29080,loss,-59.73917616586952,59.73917616586952,89.60876424880428,long
29089,29106,loss,-59.73917616586952,59.73917616586952,89.60876424880428,short
29173,29176,loss,-59.73917616586952,59.73917616586952,89.60876424880428,short
29187,29192,loss,-59.73917616586952,59.73917616586952,89.60876424880428,long
29195,29205,win,89.60876424880428,59.73917616586952,89.60876424880428,short
29243,29249,loss,-59.73917616586952,59.73917616586952,89.60876424880428,long
29267,29282,loss,-59.73917616586952,59.73917616586952,89.60876424880428,short
29300,29312,win,89.60876424880428,59.73917616586952,89.60876424880428,long
29320,29342,loss,-59.73917616586952,59.73917616586952,89.60876424880428,long
29343,29449,win,89.60876424880428,59.73917616586952,89.60876424880428,short
29450,29483,loss,-59.73917616586952,59.73917616586952,89.60876424880428,short
29484,29491,win,89.60876424880428,59.73917616586952,89.60876424880428,long
29543,29562,win,89.60876424880428,59.73917616586952,89.60876424880428,long
29580,29588,loss,-59.73917616586952,59.73917616586952,89.60876424880428,short
29595,29603,loss,-59.73917616586952,59.73917616586952,89.60876424880428,long
29639,29658,loss,-59.73917616586952,59.73917616586952,89.60876424880428,short
29662,29677,loss,-59.73917616586952,59.73917616586952,89.60876424880428,long
29701,29703,loss,-59.73917616586952,59.73917616586952,89.60876424880428,long
29750,29756,loss,-59.73917616586952,59.73917616586952,89.60876424880428,short
29770,29773,loss,-59.73917616586952,59.73917616586952,89.60876424880428,long
29832,29848,win,89.60876424880428,59.73917616586952,89.60876424880428,long
29849,29864,win,89.60876424880428,59.73917616586952,89.60876424880428,long
29874,29887,loss,-59.73917616586952,59.73917616586952,89.60876424880428,short
29901,29917,win,89.60876424880428,59.73917616586952,89.60876424880428,short
29988,29997,loss,-59.73917616586952,59.73917616586952,89.60876424880428,short
30002,30003,loss,-59.73917616586952,59.73917616586952,89.60876424880428,long
30005,30021,win,89.60876424880428,59.73917616586952,89.60876424880428,long
30045,30047,loss,-59.73917616586952,59.73917616586952,89.60876424880428,short
30051,30053,loss,-59.73917616586952,59.73917616586952,89.60876424880428,long
30054,30064,loss,-59.73917616586952,59.73917616586952,89.60876424880428,short
30065,30066,loss,-59.73917616586952,59.73917616586952,89.60876424880428,short
30068,30072,win,89.60876424880428,59.73917616586952,89.60876424880428,long
30073,30075,loss,-59.73917616586952,59.73917616586952,89.60876424880428,long
30124,30132,win,89.60876424880428,59.73917616586952,89.60876424880428,long
30133,30134,win,89.60876424880428,59.73917616586952,89.60876424880428,long
30135,30137,loss,-59.73917616586952,59.73917616586952,89.60876424880428,long
30154,30161,win,89.60876424880428,59.73917616586952,89.60876424880428,short
30169,30171,win,89.60876424880428,59.73917616586952,89.60876424880428,short
30172,30174,win,89.60876424880428,59.73917616586952,89.60876424880428,short
30177,30185,win,89.60876424880428,59.73917616586952,89.60876424880428,short
30253,30259,loss,-59.73917616586952,59.73917616586952,89.60876424880428,long
30267,30269,loss,-59.73917616586952,59.73917616586952,89.60876424880428,short
30283,30288,win,89.60876424880428,59.73917616586952,89.60876424880428,short
30289,30293,loss,-59.73917616586952,59.73917616586952,89.60876424880428,short
30313,30318,win,89.60876424880428,59.73917616586952,89.60876424880428,long
30325,30333,loss,-59.73917616586952,59.73917616586952,89.60876424880428,long
30341,30343,loss,-59.73917616586952,59.73917616586952,89.60876424880428,long
30354,30356,loss,-59.73917616586952,59.73917616586952,89.60876424880428,short
30388,30391,loss,-59.73917616586952,59.73917616586952,89.60876424880428,short
30394,30400,loss,-59.73917616586952,59.73917616586952,89.60876424880428,short
30420,30426,loss,-59.73917616586952,59.73917616586952,89.60876424880428,long
30481,30485,win,89.60876424880428,59.73917616586952,89.60876424880428,long
30509,30521,loss,-59.73917616586952,59.73917616586952,89.60876424880428,short
30571,30572,loss,-59.73917616586952,59.73917616586952,89.60876424880428,short
30595,30604,win,89.60876424880428,59.73917616586952,89.60876424880428,long
30606,30611,loss,-59.73917616586952,59.73917616586952,89.60876424880428,long
30619,30623,win,89.60876424880428,59.73917616586952,89.60876424880428,short
30624,30632,loss,-59.73917616586952,59.73917616586952,89.60876424880428,short
30690,30703,win,89.60876424880428,59.73917616586952,89.60876424880428,long
30717,30719,loss,-59.73917616586952,59.73917616586952,89.60876424880428,short
30726,30746,win,89.60876424880428,59.73917616586952,89.60876424880428,short
30753,30771,loss,-59.73917616586952,59.73917616586952,89.60876424880428,short
30772,30780,loss,-59.73917616586952,59.73917616586952,89.60876424880428,long
30790,30791,win,89.60876424880428,59.73917616586952,89.60876424880428,short
30792,30799,win,89.60876424880428,59.73917616586952,89.60876424880428,short
30800,30802,loss,-59.73917616586952,59.73917616586952,89.60876424880428,short
30831,30847,loss,-59.73917616586952,59.73917616586952,89.60876424880428,short
30848,30873,win,89.60876424880428,59.73917616586952,89.60876424880428,long
30874,30893,loss,-59.73917616586952,59.73917616586952,89.60876424880428,long
30977,31004,loss,-59.73917616586952,59.73917616586952,89.60876424880428,long
31005,31008,loss,-59.73917616586952,59.73917616586952,89.60876424880428,short
31063,31083,win,89.60876424880428,59.73917616586952,89.60876424880428,long
31110,31118,win,89.60876424880428,59.73917616586952,89.60876424880428,short
31131,31138,loss,-59.73917616586952,59.73917616586952,89.60876424880428,short
31160,31175,win,89.60876424880428,59.73917616586952,89.60876424880428,long
31177,31183,loss,-59.73917616586952,59.73917616586952,89.60876424880428,long
31201,31206,loss,-59.73917616586952,59.73917616586952,89.60876424880428,short
31207,31212,win,89.60876424880428,59.73917616586952,89.60876424880428,long
31213,31226,loss,-59.73917616586952,59.73917616586952,89.60876424880428,long
31227,31234,loss,-59.73917616586952,59.73917616586952,89.60876424880428,short
31241,31246,loss,-59.73917616586952,59.73917616586952,89.60876424880428,short
31265,31280,win,89.60876424880428,59.73917616586952,89.60876424880428,short
31282,31290,loss,-59.73917616586952,59.73917616586952,89.60876424880428,short
31328,31349,win,89.60876424880428,59.73917616586952,89.60876424880428,long
31356,31357,loss,-59.73917616586952,59.73917616586952,89.60876424880428,short
31364,31370,win,89.60876424880428,59.73917616586952,89.60876424880428,long
31418,31424,loss,-59.73917616586952,59.73917616586952,89.60876424880428,short
31438,31455,win,89.60876424880428,59.73917616586952,89.60876424880428,short
31469,31477,loss,-59.73917616586952,59.73917616586952,89.60876424880428,long
31504,31505,loss,-59.73917616586952,59.73917616586952,89.60876424880428,long
31506,31513,loss,-59.73917616586952,59.73917616586952,89.60876424880428,long
31520,31527,win,89.60876424880428,59.73917616586952,89.60876424880428,short
31528,31563,loss,-59.73917616586952,59.73917616586952,89.60876424880428,short
31566,31593,loss,-59.73917616586952,59.73917616586952,89.60876424880428,long
31595,31597,loss,-59.73917616586952,59.73917616586952,89.60876424880428,short
31604,31610,loss,-59.73917616586952,59.73917616586952,89.60876424880428,short
31642,31644,loss,-59.73917616586952,59.73917616586952,89.60876424880428,long
31694,31704,win,89.60876424880428,59.73917616586952,89.60876424880428,short
31705,31712,win,89.60876424880428,59.73917616586952,89.60876424880428,short
31725,31755,loss,-59.73917616586952,59.73917616586952,89.60876424880428,long
31781,31787,win,89.60876424880428,59.73917616586952,89.60876424880428,short
31790,31815,loss,-59.73917616586952,59.73917616586952,89.60876424880428,short
31826,31828,loss,-59.73917616586952,59.73917616586952,89.60876424880428,long
31839,31842,loss,-59.73917616586952,59.73917616586952,89.60876424880428,short
31877,31912,win,89.60876424880428,59.73917616586952,89.60876424880428,long
31929,31937,loss,-59.73917616586952,59.73917616586952,89.60876424880428,long
31958,31967,win,89.60876424880428,59.73917616586952,89.60876424880428,long
31968,31970,loss,-59.73917616586952,59.73917616586952,89.60876424880428,long
32003,32008,loss,-59.73917616586952,59.73917616586952,89.60876424880428,short
32028,32048,loss,-59.73917616586952,59.73917616586952,89.60876424880428,long
32067,32074,loss,-59.73917616586952,59.73917616586952,89.60876424880428,short
32090,32148,win,89.60876424880428,59.73917616586952,89.60876424880428,long
32153,32159,win,89.60876424880428,59.73917616586952,89.60876424880428,long
32160,32169,loss,-59.73917616586952,59.73917616586952,89.60876424880428,long
32170,32189,loss,-59.73917616586952,59.73917616586952,89.60876424880428,short
32209,32213,loss,-59.73917616586952,59.73917616586952,89.60876424880428,short
32289,32290,loss,-59.73917616586952,59.73917616586952,89.60876424880428,short
32292,32293,win,89.60876424880428,59.73917616586952,89.60876424880428,long
32294,32295,loss,-59.73917616586952,59.73917616586952,89.60876424880428,long
32303,32304,loss,-59.73917616586952,59.73917616586952,89.60876424880428,long
32311,32312,loss,-59.73917616586952,59.73917616586952,89.60876424880428,short
32407,32413,win,89.60876424880428,59.73917616586952,89.60876424880428,long
32431,32449,loss,-59.73917616586952,59.73917616586952,89.60876424880428,long
32453,32458,loss,-59.73917616586952,59.73917616586952,89.60876424880428,short
32529,32530,loss,-59.73917616586952,59.73917616586952,89.60876424880428,short
32538,32540,loss,-59.73917616586952,59.73917616586952,89.60876424880428,long
32543,32546,loss,-59.73917616586952,59.73917616586952,89.60876424880428,long
32579,32588,loss,-59.73917616586952,59.73917616586952,89.60876424880428,short
32621,32623,loss,-59.73917616586952,59.73917616586952,89.60876424880428,short
32652,32653,loss,-59.73917616586952,59.73917616586952,89.60876424880428,long
32655,32656,loss,-59.73917616586952,59.73917616586952,89.60876424880428,long
32724,32729,loss,-59.73917616586952,59.73917616586952,89.60876424880428,short
32738,32740,win,89.60876424880428,59.73917616586952,89.60876424880428,long
32830,32834,loss,-59.73917616586952,59.73917616586952,89.60876424880428,long
32835,32854,loss,-59.73917616586952,59.73917616586952,89.60876424880428,long
32865,32870,win,89.60876424880428,59.73917616586952,89.60876424880428,short
32894,32915,loss,-59.73917616586952,59.73917616586952,89.60876424880428,short
32953,32965,loss,-59.73917616586952,59.73917616586952,89.60876424880428,short
32989,32991,win,89.60876424880428,59.73917616586952,89.60876424880428,short
32992,33009,win,89.60876424880428,59.73917616586952,89.60876424880428,short
33038,33048,win,89.60876424880428,59.73917616586952,89.60876424880428,long
33049,33061,loss,-59.73917616586952,59.73917616586952,89.60876424880428,long
33070,33083,loss,-59.73917616586952,59.73917616586952,89.60876424880428,short
33089,33104,loss,-59.73917616586952,59.73917616586952,89.60876424880428,short
33105,33108,loss,-59.73917616586952,59.73917616586952,89.60876424880428,long
33118,33138,loss,-59.73917616586952,59.73917616586952,89.60876424880428,short
33219,33220,loss,-59.73917616586952,59.73917616586952,89.60876424880428,short
33228,33260,loss,-59.73917616586952,59.73917616586952,89.60876424880428,short
33265,33272,loss,-59.73917616586952,59.73917616586952,89.60876424880428,long
33296,33334,loss,-59.73917616586952,59.73917616586952,89.60876424880428,short
33335,33336,loss,-59.73917616586952,59.73917616586952,89.60876424880428,long
33347,33360,loss,-59.73917616586952,59.73917616586952,89.60876424880428,short
33435,33449,loss,-59.73917616586952,59.73917616586952,89.60876424880428,long
33450,33451,loss,-59.73917616586952,59.73917616586952,89.60876424880428,long
33453,33488,win,89.60876424880428,59.73917616586952,89.60876424880428,long
33496,33516,loss,-59.73917616586952,59.73917616586952,89.60876424880428,long
33517,33558,win,89.60876424880428,59.73917616586952,89.60876424880428,short
33566,33587,win,89.60876424880428,59.73917616586952,89.60876424880428,short
33593,33606,loss,-59.73917616586952,59.73917616586952,89.60876424880428,long
33612,33626,loss,-59.73917616586952,59.73917616586952,89.60876424880428,short
33688,33736,loss,-59.73917616586952,59.73917616586952,89.60876424880428,long
33750,33768,win,89.60876424880428,59.73917616586952,89.60876424880428,long
33782,33805,loss,-59.73917616586952,59.73917616586952,89.60876424880428,short
33829,33873,win,89.60876424880428,59.73917616586952,89.60876424880428,short
33882,33901,loss,-59.73917616586952,59.73917616586952,89.60876424880428,long
33904,33937,win,89.60876424880428,59.73917616586952,89.60876424880428,short
33942,33943,win,89.60876424880428,59.73917616586952,89.60876424880428,short
33944,33945,win,89.60876424880428,59.73917616586952,89.60876424880428,short
33946,33965,loss,-59.73917616586952,59.73917616586952,89.60876424880428,short
34012,34014,loss,-59.73917616586952,59.73917616586952,89.60876424880428,long
34022,34045,loss,-59.73917616586952,59.73917616586952,89.60876424880428,long
34125,34127,loss,-59.73917616586952,59.73917616586952,89.60876424880428,short
34160,34191,win,89.60876424880428,59.73917616586952,89.60876424880428,long
34192,34230,loss,-59.73917616586952,59.73917616586952,89.60876424880428,long
34231,34263,loss,-59.73917616586952,59.73917616586952,89.60876424880428,short
34264,34292,win,89.60876424880428,59.73917616586952,89.60876424880428,long
34308,34355,win,89.60876424880428,59.73917616586952,89.60876424880428,short
34360,34361,loss,-59.73917616586952,59.73917616586952,89.60876424880428,long
34364,34383,loss,-59.73917616586952,59.73917616586952,89.60876424880428,long
34435,34438,loss,-59.73917616586952,59.73917616586952,89.60876424880428,short
34443,34449,loss,-59.73917616586952,59.73917616586952,89.60876424880428,short
34479,34481,loss,-59.73917616586952,59.73917616586952,89.60876424880428,short
34482,34495,win,89.60876424880428,59.73917616586952,89.60876424880428,short
34528,34529,win,89.60876424880428,59.73917616586952,89.60876424880428,long
34530,34531,loss,-59.73917616586952,59.73917616586952,89.60876424880428,long
34543,34550,loss,-59.73917616586952,59.73917616586952,89.60876424880428,short
34618,34631,loss,-59.73917616586952,59.73917616586952,89.60876424880428,long
34682,34684,loss,-59.73917616586952,59.73917616586952,89.60876424880428,short
34687,34694,win,89.60876424880428,59.73917616586952,89.60876424880428,short
34711,34748,loss,-59.73917616586952,59.73917616586952,89.60876424880428,long
34769,34771,win,89.60876424880428,59.73917616586952,89.60876424880428,short
34779,34799,win,89.60876424880428,59.73917616586952,89.60876424880428,short
34813,34815,loss,-59.73917616586952,59.73917616586952,89.60876424880428,long
34817,34819,win,89.60876424880428,59.73917616586952,89.60876424880428,long
34879,34888,win,89.60876424880428,59.73917616586952,89.60876424880428,short
34911,34923,loss,-59.73917616586952,59.73917616586952,89.60876424880428,long
34932,34934,loss,-59.73917616586952,59.73917616586952,89.60876424880428,long
34948,34950,loss,-59.73917616586952,59.73917616586952,89.60876424880428,short
35019,35037,win,89.60876424880428,59.73917616586952,89.60876424880428,short
35048,35061,loss,-59.73917616586952,59.73917616586952,89.60876424880428,short
35062,35113,loss,-59.73917616586952,59.73917616586952,89.60876424880428,long
35114,35127,win,89.60876424880428,59.73917616586952,89.60876424880428,short
35146,35200,loss,-59.73917616586952,59.73917616586952,89.60876424880428,long
35201,35210,loss,-59.73917616586952,59.73917616586952,89.60876424880428,short
35276,35284,loss,-59.73917616586952,59.73917616586952,89.60876424880428,short
35285,35293,loss,-59.73917616586952,59.73917616586952,89.60876424880428,long
35352,35364,loss,-59.73917616586952,59.73917616586952,89.60876424880428,long
35365,35372,loss,-59.73917616586952,59.73917616586952,89.60876424880428,short
35423,35425,loss,-59.73917616586952,59.73917616586952,89.60876424880428,long
35437,35455,win,89.60876424880428,59.73917616586952,89.60876424880428,short
35522,35524,loss,-59.73917616586952,59.73917616586952,89.60876424880428,short
35535,35539,win,89.60876424880428,59.73917616586952,89.60876424880428,long
35554,35567,loss,-59.73917616586952,59.73917616586952,89.60876424880428,short
35583,35605,win,89.60876424880428,59.73917616586952,89.60876424880428,long
35626,35639,win,89.60876424880428,59.73917616586952,89.60876424880428,short
35640,35684,loss,-59.73917616586952,59.73917616586952,89.60876424880428,short
35687,35702,loss,-59.73917616586952,59.73917616586952,89.60876424880428,long
35730,35748,win,89.60876424880428,59.73917616586952,89.60876424880428,short
35749,35769,win,89.60876424880428,59.73917616586952,89.60876424880428,short
35770,35793,win,89.60876424880428,59.73917616586952,89.60876424880428,short
35797,35818,win,89.60876424880428,59.73917616586952,89.60876424880428,long
35838,35840,win,89.60876424880428,59.73917616586952,89.60876424880428,long
35841,35862,loss,-59.73917616586952,59.73917616586952,89.60876424880428,long
35863,35868,loss,-59.73917616586952,59.73917616586952,89.60876424880428,short
35898,35909,loss,-59.73917616586952,59.73917616586952,89.60876424880428,short
35920,35936,win,89.60876424880428,59.73917616586952,89.60876424880428,long
36002,36010,win,89.60876424880428,59.73917616586952,89.60876424880428,short
36011,36025,loss,-59.73917616586952,59.73917616586952,89.60876424880428,short
36092,36094,loss,-59.73917616586952,59.73917616586952,89.60876424880428,short
36106,36177,loss,-59.73917616586952,59.73917616586952,89.60876424880428,long
36221,36226,win,89.60876424880428,59.73917616586952,89.60876424880428,long
36227,36246,win,89.60876424880428,59.73917616586952,89.60876424880428,long
36248,36279,loss,-59.73917616586952,59.73917616586952,89.60876424880428,long
36289,36305,win,89.60876424880428,59.73917616586952,89.60876424880428,short
36306,36341,win,89.60876424880428,59.73917616586952,89.60876424880428,short
36372,36390,loss,-59.73917616586952,59.73917616586952,89.60876424880428,long
36469,36480,loss,-59.73917616586952,59.73917616586952,89.60876424880428,short
36481,36496,win,89.60876424880428,59.73917616586952,89.60876424880428,long
36497,36502,loss,-59.73917616586952,59.73917616586952,89.60876424880428,long
36554,36561,win,89.60876424880428,59.73917616586952,89.60876424880428,long
36562,36607,win,89.60876424880428,59.73917616586952,89.60876424880428,long
36629,36641,loss,-59.73917616586952,59.73917616586952,89.60876424880428,short
36643,36686,win,89.60876424880428,59.73917616586952,89.60876424880428,long
36699,36713,loss,-59.73917616586952,59.73917616586952,89.60876424880428,short
36716,36721,win,89.60876424880428,59.73917616586952,89.60876424880428,long
36731,36749,loss,-59.73917616586952,59.73917616586952,89.60876424880428,long
36769,36783,loss,-59.73917616586952,59.73917616586952,89.60876424880428,short
36802,36814,win,89.60876424880428,59.73917616586952,89.60876424880428,short
36828,36866,win,89.60876424880428,59.73917616586952,89.60876424880428,long
36882,36894,win,89.60876424880428,59.73917616586952,89.60876424880428,short
36898,36900,loss,-59.73917616586952,59.73917616586952,89.60876424880428,short
36929,36944,loss,-59.73917616586952,59.73917616586952,89.60876424880428,long
36953,36985,loss,-59.73917616586952,59.73917616586952,89.60876424880428,short
36987,37015,win,89.60876424880428,59.73917616586952,89.60876424880428,long
37033,37040,loss,-59.73917616586952,59.73917616586952,89.60876424880428,short
37054,37057,loss,-59.73917616586952,59.73917616586952,89.60876424880428,short
37101,37145,loss,-59.73917616586952,59.73917616586952,89.60876424880428,short
37149,37155,loss,-59.73917616586952,59.73917616586952,89.60876424880428,long
37163,37179,loss,-59.73917616586952,59.73917616586952,89.60876424880428,short
37222,37232,loss,-59.73917616586952,59.73917616586952,89.60876424880428,long
37270,37273,loss,-59.73917616586952,59.73917616586952,89.60876424880428,long
37284,37288,win,89.60876424880428,59.73917616586952,89.60876424880428,short
37300,37332,win,89.60876424880428,59.73917616586952,89.60876424880428,short
37337,37353,win,89.60876424880428,59.73917616586952,89.60876424880428,short
37368,37378,loss,-59.73917616586952,59.73917616586952,89.60876424880428,long
37391,37407,loss,-59.73917616586952,59.73917616586952,89.60876424880428,long
37423,37470,loss,-59.73917616586952,59.73917616586952,89.60876424880428,short
37522,37539,loss,-59.73917616586952,59.73917616586952,89.60876424880428,short
37547,37561,win,89.60876424880428,59.73917616586952,89.60876424880428,long
37569,37578,loss,-59.73917616586952,59.73917616586952,89.60876424880428,long
37583,37588,win,89.60876424880428,59.73917616586952,89.60876424880428,short
37589,37604,loss,-59.73917616586952,59.73917616586952,89.60876424880428,short
37656,37689,loss,-59.73917616586952,59.73917616586952,89.60876424880428,short
37718,37763,loss,-59.73917616586952,59.73917616586952,89.60876424880428,long
37766,37790,loss,-59.73917616586952,59.73917616586952,89.60876424880428,short
37791,37807,loss,-59.73917616586952,59.73917616586952,89.60876424880428,long
37828,37832,loss,-59.73917616586952,59.73917616586952,89.60876424880428,short
37834,37871,win,89.60876424880428,59.73917616586952,89.60876424880428,long
37900,37925,win,89.60876424880428,59.73917616586952,89.60876424880428,short
37926,37949,win,89.60876424880428,59.73917616586952,89.60876424880428,short
37963,37968,loss,-59.73917616586952,59.73917616586952,89.60876424880428,long
38000,38016,loss,-59.73917616586952,59.73917616586952,89.60876424880428,long
38017,38021,win,89.60876424880428,59.73917616586952,89.60876424880428,short
38022,38061,win,89.60876424880428,59.73917616586952,89.60876424880428,short
38097,38100,loss,-59.73917616586952,59.73917616586952,89.60876424880428,long
38109,38125,win,89.60876424880428,59.73917616586952,89.60876424880428,long
38141,38191,win,89.60876424880428,59.73917616586952,89.60876424880428,short
38204,38214,loss,-59.73917616586952,59.73917616586952,89.60876424880428,long
38238,38247,win,89.60876424880428,59.73917616586952,89.60876424880428,short
38259,38284,loss,-59.73917616586952,59.73917616586952,89.60876424880428,long
38286,38333,loss,-59.73917616586952,59.73917616586952,89.60876424880428,short
38335,38388,win,89.60876424880428,59.73917616586952,89.60876424880428,long
38444,38477,loss,-59.73917616586952,59.73917616586952,89.60876424880428,short
38478,38503,win,89.60876424880428,59.73917616586952,89.60876424880428,long
38532,38548,win,89.60876424880428,59.73917616586952,89.60876424880428,short
38568,38605,loss,-59.73917616586952,59.73917616586952,89.60876424880428,long
38620,38631,loss,-59.73917616586952,59.73917616586952,89.60876424880428,short
38657,38692,loss,-59.73917616586952,59.73917616586952,89.60876424880428,short
38693,38714,win,89.60876424880428,59.73917616586952,89.60876424880428,long
38719,38735,win,89.60876424880428,59.73917616586952,89.60876424880428,long
38741,38751,loss,-59.73917616586952,59.73917616586952,89.60876424880428,long
38752,38772,win,89.60876424880428,59.73917616586952,89.60876424880428,short
38805,38810,win,89.60876424880428,59.73917616586952,89.60876424880428,long
38811,38821,loss,-59.73917616586952,59.73917616586952,89.60876424880428,long
38840,38847,loss,-59.73917616586952,59.73917616586952,89.60876424880428,long
38854,38862,loss,-59.73917616586952,59.73917616586952,89.60876424880428,short
38880,38907,loss,-59.73917616586952,59.73917616586952,89.60876424880428,short
38954,38975,win,89.60876424880428,59.73917616586952,89.60876424880428,long
38981,38991,win,89.60876424880428,59.73917616586952,89.60876424880428,long
38992,38993,win,89.60876424880428,59.73917616586952,89.60876424880428,long
38994,39022,loss,-59.73917616586952,59.73917616586952,89.60876424880428,long
39047,39073,loss,-59.73917616586952,59.73917616586952,89.60876424880428,short
39074,39088,win,89.60876424880428,59.73917616586952,89.60876424880428,long
39104,39129,win,89.60876424880428,59.73917616586952,89.60876424880428,short
39140,39146,loss,-59.73917616586952,59.73917616586952,89.60876424880428,long
39176,39185,loss,-59.73917616586952,59.73917616586952,89.60876424880428,long
39200,39216,win,89.60876424880428,59.73917616586952,89.60876424880428,short
39249,39266,loss,-59.73917616586952,59.73917616586952,89.60876424880428,long
39267,39282,loss,-59.73917616586952,59.73917616586952,89.60876424880428,short
39283,39303,loss,-59.73917616586952,59.73917616586952,89.60876424880428,long
39308,39334,win,89.60876424880428,59.73917616586952,89.60876424880428,short
39365,39390,loss,-59.73917616586952,59.73917616586952,89.60876424880428,long
39392,39411,loss,-59.73917616586952,59.73917616586952,89.60876424880428,short
39421,39452,win,89.60876424880428,59.73917616586952,89.60876424880428,long
39465,39489,loss,-59.73917616586952,59.73917616586952,89.60876424880428,short
39493,39500,loss,-59.73917616586952,59.73917616586952,89.60876424880428,long
39550,39567,win,89.60876424880428,59.73917616586952,89.60876424880428,short
39608,39639,loss,-59.73917616586952,59.73917616586952,89.60876424880428,long
39650,39663,loss,-59.73917616586952,59.73917616586952,89.60876424880428,short
39669,39681,loss,-59.73917616586952,59.73917616586952,89.60876424880428,long
39734,39775,loss,-59.73917616586952,59.73917616586952,89.60876424880428,short
39807,39814,loss,-59.73917616586952,59.73917616586952,89.60876424880428,short
39815,39867,loss,-59.73917616586952,59.73917616586952,89.60876424880428,long
39868,39891,loss,-59.73917616586952,59.73917616586952,89.60876424880428,short
39892,39913,loss,-59.73917616586952,59.73917616586952,89.60876424880428,long
39975,39983,win,89.60876424880428,59.73917616586952,89.60876424880428,short
39984,40028,loss,-59.73917616586952,59.73917616586952,89.60876424880428,short
40029,40049,win,89.60876424880428,59.73917616586952,89.60876424880428,long
40063,40083,loss,-59.73917616586952,59.73917616586952,89.60876424880428,short
40099,40119,loss,-59.73917616586952,59.73917616586952,89.60876424880428,long
40120,40122,win,89.60876424880428,59.73917616586952,89.60876424880428,short
40123,40142,loss,-59.73917616586952,59.73917616586952,89.60876424880428,short
40166,40226,win,89.60876424880428,59.73917616586952,89.60876424880428,long
40272,40295,win,89.60876424880428,59.73917616586952,89.60876424880428,short
40314,40321,win,89.60876424880428,59.73917616586952,89.60876424880428,long
40322,40327,loss,-59.73917616586952,59.73917616586952,89.60876424880428,long
40336,40366,win,89.60876424880428,59.73917616586952,89.60876424880428,short
40407,40416,win,89.60876424880428,59.73917616586952,89.60876424880428,short
40443,40462,loss,-59.73917616586952,59.73917616586952,89.60876424880428,long
40492,40508,win,89.60876424880428,59.73917616586952,89.60876424880428,long
40509,40587,win,89.60876424880428,59.73917616586952,89.60876424880428,long
40619,40664,loss,-59.73917616586952,59.73917616586952,89.60876424880428,short
40665,40679,win,89.60876424880428,59.73917616586952,89.60876424880428,long
40711,40725,loss,-59.73917616586952,59.73917616586952,89.60876424880428,short
40748,40757,win,89.60876424880428,59.73917616586952,89.60876424880428,long
40758,40771,win,89.60876424880428,59.73917616586952,89.60876424880428,long
40775,40813,loss,-59.73917616586952,59.73917616586952,89.60876424880428,short
40814,40824,loss,-59.73917616586952,59.73917616586952,89.60876424880428,long
40898,40901,loss,-59.73917616586952,59.73917616586952,89.60876424880428,long
40912,40935,loss,-59.73917616586952,59.73917616586952,89.60876424880428,short
40960,40983,loss,-59.73917616586952,59.73917616586952,89.60876424880428,long
40984,40997,loss,-59.73917616586952,59.73917616586952,89.60876424880428,short
41011,41022,win,89.60876424880428,59.73917616586952,89.60876424880428,short
41023,41037,loss,-59.73917616586952,59.73917616586952,89.60876424880428,short
41056,41119,win,89.60876424880428,59.73917616586952,89.60876424880428,long
41121,41131,win,89.60876424880428,59.73917616586952,89.60876424880428,long
41132,41155,loss,-59.73917616586952,59.73917616586952,89.60876424880428,long
41156,41165,loss,-59.73917616586952,59.73917616586952,89.60876424880428,short
41219,41221,loss,-59.73917616586952,59.73917616586952,89.60876424880428,long
41237,41247,loss,-59.73917616586952,59.73917616586952,89.60876424880428,long
41271,41284,loss,-59.73917616586952,59.73917616586952,89.60876424880428,long
41287,41317,loss,-59.73917616586952,59.73917616586952,89.60876424880428,short
41388,41397,loss,-59.73917616586952,59.73917616586952,89.60876424880428,long
41413,41424,loss,-59.73917616586952,59.73917616586952,89.60876424880428,long
41471,41472,loss,-59.73917616586952,59.73917616586952,89.60876424880428,short
41477,41523,loss,-59.73917616586952,59.73917616586952,89.60876424880428,long
41564,41588,loss,-59.73917616586952,59.73917616586952,89.60876424880428,short
41609,41643,win,89.60876424880428,59.73917616586952,89.60876424880428,long
41644,41652,loss,-59.73917616586952,59.73917616586952,89.60876424880428,long
41655,41676,win,89.60876424880428,59.73917616586952,89.60876424880428,short
41677,41698,loss,-59.73917616586952,59.73917616586952,89.60876424880428,short
41727,41743,win,89.60876424880428,59.73917616586952,89.60876424880428,long
41798,41803,loss,-59.73917616586952,59.73917616586952,89.60876424880428,long
41812,41818,win,89.60876424880428,59.73917616586952,89.60876424880428,short
41860,41878,loss,-59.73917616586952,59.73917616586952,89.60876424880428,long
41879,41887,loss,-59.73917616586952,59.73917616586952,89.60876424880428,short
41892,41896,loss,-59.73917616586952,59.73917616586952,89.60876424880428,long
41953,42021,win,89.60876424880428,59.73917616586952,89.60876424880428,short
42040,42045,win,89.60876424880428,59.73917616586952,89.60876424880428,long
42048,42082,win,89.60876424880428,59.73917616586952,89.60876424880428,long
42127,42134,win,89.60876424880428,59.73917616586952,89.60876424880428,short
42135,42157,win,89.60876424880428,59.73917616586952,89.60876424880428,short
42159,42180,win,89.60876424880428,59.73917616586952,89.60876424880428,short
42190,42204,win,89.60876424880428,59.73917616586952,89.60876424880428,long
42208,42215,loss,-59.73917616586952,59.73917616586952,89.60876424880428,long
42228,42241,loss,-59.73917616586952,59.73917616586952,89.60876424880428,short
42245,42251,loss,-59.73917616586952,59.73917616586952,89.60876424880428,long
42259,42267,win,89.60876424880428,59.73917616586952,89.60876424880428,short
42363,42366,win,89.60876424880428,59.73917616586952,89.60876424880428,long
42367,42369,loss,-59.73917616586952,59.73917616586952,89.60876424880428,long
42380,42387,win,89.60876424880428,59.73917616586952,89.60876424880428,short
42388,42413,loss,-59.73917616586952,59.73917616586952,89.60876424880428,short
42456,42459,loss,-59.73917616586952,59.73917616586952,89.60876424880428,short
42488,42499,loss,-59.73917616586952,59.73917616586952,89.60876424880428,long
42502,42526,win,89.60876424880428,59.73917616586952,89.60876424880428,short
42561,42593,loss,-59.73917616586952,59.73917616586952,89.60876424880428,long
42594,42612,loss,-59.73917616586952,59.73917616586952,89.60876424880428,short
42642,42661,loss,-59.73917616586952,59.73917616586952,89.60876424880428,long
42662,42668,loss,-59.73917616586952,59.73917616586952,89.60876424880428,short
42708,42767,win,89.60876424880428,59.73917616586952,89.60876424880428,long
42777,42789,loss,-59.73917616586952,59.73917616586952,89.60876424880428,short
42803,42805,loss,-59.73917616586952,59.73917616586952,89.60876424880428,short
42819,42823,loss,-59.73917616586952,59.73917616586952,89.60876424880428,short
42833,42847,win,89.60876424880428,59.73917616586952,89.60876424880428,long
42878,42914,win,89.60876424880428,59.73917616586952,89.60876424880428,short
42916,42938,win,89.60876424880428,59.73917616586952,89.60876424880428,short
42952,42960,loss,-59.73917616586952,59.73917616586952,89.60876424880428,long
43002,43009,loss,-59.73917616586952,59.73917616586952,89.60876424880428,short
43016,43078,win,89.60876424880428,59.73917616586952,89.60876424880428,long
43108,43138,loss,-59.73917616586952,59.73917616586952,89.60876424880428,short
43141,43143,loss,-59.73917616586952,59.73917616586952,89.60876424880428,long
43188,43190,loss,-59.73917616586952,59.73917616586952,89.60876424880428,short
43193,43211,win,89.60876424880428,59.73917616586952,89.60876424880428,short
43241,43281,win,89.60876424880428,59.73917616586952,89.60876424880428,long
43286,43303,loss,-59.73917616586952,59.73917616586952,89.60876424880428,short
43319,43352,loss,-59.73917616586952,59.73917616586952,89.60876424880428,short
43404,43418,win,89.60876424880428,59.73917616586952,89.60876424880428,long
43430,43441,win,89.60876424880428,59.73917616586952,89.60876424880428,short
43442,43486,win,89.60876424880428,59.73917616586952,89.60876424880428,short
43539,43595,loss,-59.73917616586952,59.73917616586952,89.60876424880428,long
43597,43632,win,89.60876424880428,59.73917616586952,89.60876424880428,short
43657,43698,loss,-59.73917616586952,59.73917616586952,89.60876424880428,long
43699,43717,loss,-59.73917616586952,59.73917616586952,89.60876424880428,short
43718,43734,win,89.60876424880428,59.73917616586952,89.60876424880428,long
43799,43824,loss,-59.73917616586952,59.73917616586952,89.60876424880428,long
43825,43856,win,89.60876424880428,59.73917616586952,89.60876424880428,short
43859,43877,loss,-59.73917616586952,59.73917616586952,89.60876424880428,short
43910,43944,loss,-59.73917616586952,59.73917616586952,89.60876424880428,long
43945,43985,win,89.60876424880428,59.73917616586952,89.60876424880428,short
43998,44001,loss,-59.73917616586952,59.73917616586952,89.60876424880428,long
44004,44013,win,89.60876424880428,59.73917616586952,89.60876424880428,long
44015,44039,loss,-59.73917616586952,59.73917616586952,89.60876424880428,long
44081,44106,loss,-59.73917616586952,59.73917616586952,89.60876424880428,long
44144,44177,loss,-59.73917616586952,59.73917616586952,89.60876424880428,short
44226,44242,loss,-59.73917616586952,59.73917616586952,89.60876424880428,short
44243,44263,loss,-59.73917616586952,59.73917616586952,89.60876424880428,long
44286,44294,loss,-59.73917616586952,59.73917616586952,89.60876424880428,long
44350,44356,loss,-59.73917616586952,59.73917616586952,89.60876424880428,short
44370,44378,win,89.60876424880428,59.73917616586952,89.60876424880428,short
44379,44383,win,89.60876424880428,59.73917616586952,89.60876424880428,short
44418,44427,win,89.60876424880428,59.73917616586952,89.60876424880428,short
44435,44436,win,89.60876424880428,59.73917616586952,89.60876424880428,short
44450,44455,loss,-59.73917616586952,59.73917616586952,89.60876424880428,long
44490,44527,win,89.60876424880428,59.73917616586952,89.60876424880428,long
44550,44569,win,89.60876424880428,59.73917616586952,89.60876424880428,short
44587,44637,loss,-59.73917616586952,59.73917616586952,89.60876424880428,long
44638,44654,loss,-59.73917616586952,59.73917616586952,89.60876424880428,short
44677,44691,loss,-59.73917616586952,59.73917616586952,89.60876424880428,short
44692,44703,loss,-59.73917616586952,59.73917616586952,89.60876424880428,long
44774,44823,loss,-59.73917616586952,59.73917616586952,89.60876424880428,long
44824,44833,loss,-59.73917616586952,59.73917616586952,89.60876424880428,short
44858,44881,win,89.60876424880428,59.73917616586952,89.60876424880428,long
44882,44906,loss,-59.73917616586952,59.73917616586952,89.60876424880428,long
44931,44946,loss,-59.73917616586952,59.73917616586952,89.60876424880428,short
44947,44957,loss,-59.73917616586952,59.73917616586952,89.60876424880428,long
44987,45037,loss,-59.73917616586952,59.73917616586952,89.60876424880428,long
45038,45060,loss,-59.73917616586952,59.73917616586952,89.60876424880428,short
45113,45129,win,89.60876424880428,59.73917616586952,89.60876424880428,short
45130,45153,loss,-59.73917616586952,59.73917616586952,89.60876424880428,short
45154,45168,loss,-59.73917616586952,59.73917616586952,89.60876424880428,long
45197,45225,loss,-59.73917616586952,59.73917616586952,89.60876424880428,long
45227,45242,loss,-59.73917616586952,59.73917616586952,89.60876424880428,short
45277,45287,win,89.60876424880428,59.73917616586952,89.60876424880428,short
45288,45339,loss,-59.73917616586952,59.73917616586952,89.60876424880428,short
45353,45358,win,89.60876424880428,59.73917616586952,89.60876424880428,long
45359,45396,win,89.60876424880428,59.73917616586952,89.60876424880428,long
45437,45449,loss,-59.73917616586952,59.73917616586952,89.60876424880428,short
45473,45488,loss,-59.73917616586952,59.73917616586952,89.60876424880428,long
45503,45516,loss,-59.73917616586952,59.73917616586952,89.60876424880428,long
45517,45532,loss,-59.73917616586952,59.73917616586952,89.60876424880428,short
45533,45561,loss,-59.73917616586952,59.73917616586952,89.60876424880428,long
45565,45569,loss,-59.73917616586952,59.73917616586952,89.60876424880428,short
45590,45602,loss,-59.73917616586952,59.73917616586952,89.60876424880428,short
45623,45650,win,89.60876424880428,59.73917616586952,89.60876424880428,short
45690,45698,win,89.60876424880428,59.73917616586952,89.60876424880428,long
45700,45744,loss,-59.73917616586952,59.73917616586952,89.60876424880428,long
45779,45786,loss,-59.73917616586952,59.73917616586952,89.60876424880428,short
45802,45836,win,89.60876424880428,59.73917616586952,89.60876424880428,short
45837,45864,win,89.60876424880428,59.73917616586952,89.60876424880428,short
45872,45878,loss,-59.73917616586952,59.73917616586952,89.60876424880428,long
45890,45909,win,89.60876424880428,59.73917616586952,89.60876424880428,long
45910,45950,win,89.60876424880428,59.73917616586952,89.60876424880428,long
45965,45977,loss,-59.73917616586952,59.73917616586952,89.60876424880428,short
46009,46018,loss,-59.73917616586952,59.73917616586952,89.60876424880428,short
46019,46096,loss,-59.73917616586952,59.73917616586952,89.60876424880428,long
46105,46130,loss,-59.73917616586952,59.73917616586952,89.60876424880428,short
46131,46188,win,89.60876424880428,59.73917616586952,89.60876424880428,long
46229,46264,loss,-59.73917616586952,59.73917616586952,89.60876424880428,short
46287,46394,loss,-59.73917616586952,59.73917616586952,89.60876424880428,long
46395,46426,loss,-59.73917616586952,59.73917616586952,89.60876424880428,short
46427,46469,win,89.60876424880428,59.73917616586952,89.60876424880428,long
46470,46474,loss,-59.73917616586952,59.73917616586952,89.60876424880428,long
46476,46485,loss,-59.73917616586952,59.73917616586952,89.60876424880428,short
46487,46497,win,89.60876424880428,59.73917616586952,89.60876424880428,long
46510,46525,loss,-59.73917616586952,59.73917616586952,89.60876424880428,short
46561,46573,loss,-59.73917616586952,59.73917616586952,89.60876424880428,short
46632,46637,loss,-59.73917616586952,59.73917616586952,89.60876424880428,short
46640,46650,loss,-59.73917616586952,59.73917616586952,89.60876424880428,long
46651,46654,loss,-59.73917616586952,59.73917616586952,89.60876424880428,short
46657,46679,win,89.60876424880428,59.73917616586952,89.60876424880428,long
46691,46692,win,89.60876424880428,59.73917616586952,89.60876424880428,short
46693,46701,loss,-59.73917616586952,59.73917616586952,89.60876424880428,short
46770,46787,loss,-59.73917616586952,59.73917616586952,89.60876424880428,long
46788,46797,loss,-59.73917616586952,59.73917616586952,89.60876424880428,short
46884,46898,loss,-59.73917616586952,59.73917616586952,89.60876424880428,long
46907,46919,win,89.60876424880428,59.73917616586952,89.60876424880428,short
46923,47029,loss,-59.73917616586952,59.73917616586952,89.60876424880428,short
47030,47040,win,89.60876424880428,59.73917616586952,89.60876424880428,long
47102,47103,loss,-59.73917616586952,59.73917616586952,89.60876424880428,short
47104,47156,loss,-59.73917616586952,59.73917616586952,89.60876424880428,long
47158,47222,win,89.60876424880428,59.73917616586952,89.60876424880428,short
47225,47233,loss,-59.73917616586952,59.73917616586952,89.60876424880428,short
47237,47280,loss,-59.73917616586952,59.73917616586952,89.60876424880428,long
47301,47331,loss,-59.73917616586952,59.73917616586952,89.60876424880428,long
47332,47348,loss,-59.73917616586952,59.73917616586952,89.60876424880428,short
47361,47377,win,89.60876424880428,59.73917616586952,89.60876424880428,long
47414,47454,loss,-59.73917616586952,59.73917616586952,89.60876424880428,long
47463,47484,loss,-59.73917616586952,59.73917616586952,89.60876424880428,short
47492,47503,loss,-59.73917616586952,59.73917616586952,89.60876424880428,long
47550,47574,win,89.60876424880428,59.73917616586952,89.60876424880428,short
47584,47596,win,89.60876424880428,59.73917616586952,89.60876424880428,short
47600,47612,win,89.60876424880428,59.73917616586952,89.60876424880428,short
47629,47642,loss,-59.73917616586952,59.73917616586952,89.60876424880428,long
47647,47681,loss,-59.73917616586952,59.73917616586952,89.60876424880428,long
47710,47766,win,89.60876424880428,59.73917616586952,89.60876424880428,long
47790,47797,win,89.60876424880428,59.73917616586952,89.60876424880428,short
47798,47819,loss,-59.73917616586952,59.73917616586952,89.60876424880428,short
47822,47835,loss,-59.73917616586952,59.73917616586952,89.60876424880428,long
47881,47898,loss,-59.73917616586952,59.73917616586952,89.60876424880428,short
47899,47919,loss,-59.73917616586952,59.73917616586952,89.60876424880428,long
47920,47935,loss,-59.73917616586952,59.73917616586952,89.60876424880428,short
47983,48029,win,89.60876424880428,59.73917616586952,89.60876424880428,short
48030,48031,win,89.60876424880428,59.73917616586952,89.60876424880428,short
48032,48091,win,89.60876424880428,59.73917616586952,89.60876424880428,short
48105,48145,loss,-59.73917616586952,59.73917616586952,89.60876424880428,long
48146,48147,loss,-59.73917616586952,59.73917616586952,89.60876424880428,short
48166,48179,loss,-59.73917616586952,59.73917616586952,89.60876424880428,short
48181,48213,win,89.60876424880428,59.73917616586952,89.60876424880428,long
48258,48264,win,89.60876424880428,59.73917616586952,89.60876424880428,short
48265,48327,win,89.60876424880428,59.73917616586952,89.60876424880428,short
48328,48420,win,89.60876424880428,59.73917616586952,89.60876424880428,short
48421,48445,loss,-59.73917616586952,59.73917616586952,89.60876424880428,short
48446,48489,win,89.60876424880428,59.73917616586952,89.60876424880428,long
48504,48562,win,89.60876424880428,59.73917616586952,89.60876424880428,short
48575,48603,loss,-59.73917616586952,59.73917616586952,89.60876424880428,short
48604,48668,win,89.60876424880428,59.73917616586952,89.60876424880428,long
48676,48695,loss,-59.73917616586952,59.73917616586952,89.60876424880428,short
48739,48807,loss,-59.73917616586952,59.73917616586952,89.60876424880428,long
48808,48831,win,89.60876424880428,59.73917616586952,89.60876424880428,short
48859,48874,loss,-59.73917616586952,59.73917616586952,89.60876424880428,long
48898,48923,win,89.60876424880428,59.73917616586952,89.60876424880428,long
48924,48986,loss,-59.73917616586952,59.73917616586952,89.60876424880428,long
48987,49004,loss,-59.73917616586952,59.73917616586952,89.60876424880428,short
49005,49022,loss,-59.73917616586952,59.73917616586952,89.60876424880428,long
49035,49052,win,89.60876424880428,59.73917616586952,89.60876424880428,long
49060,49072,win,89.60876424880428,59.73917616586952,89.60876424880428,long
49097,49117,loss,-59.73917616586952,59.73917616586952,89.60876424880428,short
49123,49125,loss,-59.73917616586952,59.73917616586952,89.60876424880428,long
49135,49141,loss,-59.73917616586952,59.73917616586952,89.60876424880428,short
49157,49169,loss,-59.73917616586952,59.73917616586952,89.60876424880428,short
49183,49230,loss,-59.73917616586952,59.73917616586952,89.60876424880428,short
49231,49269,win,89.60876424880428,59.73917616586952,89.60876424880428,long
49274,49277,win,89.60876424880428,59.73917616586952,89.60876424880428,long
49278,49283,loss,-59.73917616586952,59.73917616586952,89.60876424880428,long
49288,49322,loss,-59.73917616586952,59.73917616586952,89.60876424880428,short
49359,49362,win,89.60876424880428,59.73917616586952,89.60876424880428,long
49363,49368,win,89.60876424880428,59.73917616586952,89.60876424880428,long
49400,49405,loss,-59.73917616586952,59.73917616586952,89.60876424880428,short
49447,49454,win,89.60876424880428,59.73917616586952,89.60876424880428,short
49455,49461,loss,-59.73917616586952,59.73917616586952,89.60876424880428,short
49498,49500,win,89.60876424880428,59.73917616586952,89.60876424880428,long
49501,49505,loss,-59.73917616586952,59.73917616586952,89.60876424880428,long
49519,49526,win,89.60876424880428,59.73917616586952,89.60876424880428,short
49527,49529,loss,-59.73917616586952,59.73917616586952,89.60876424880428,short
49560,49563,win,89.60876424880428,59.73917616586952,89.60876424880428,long
49564,49565,win,89.60876424880428,59.73917616586952,89.60876424880428,long
49566,49569,loss,-59.73917616586952,59.73917616586952,89.60876424880428,long
49621,49622,win,89.60876424880428,59.73917616586952,89.60876424880428,short
49689,49692,loss,-59.73917616586952,59.73917616586952,89.60876424880428,long
49693,49698,win,89.60876424880428,59.73917616586952,89.60876424880428,long
49714,49741,loss,-59.73917616586952,59.73917616586952,89.60876424880428,short
49786,49804,loss,-59.73917616586952,59.73917616586952,89.60876424880428,short
49805,49812,win,89.60876424880428,59.73917616586952,89.60876424880428,long
49814,49816,loss,-59.73917616586952,59.73917616586952,89.60876424880428,long
49834,49835,loss,-59.73917616586952,59.73917616586952,89.60876424880428,long
49851,49883,win,89.60876424880428,59.73917616586952,89.60876424880428,short
49914,49922,loss,-59.73917616586952,59.73917616586952,89.60876424880428,long
49953,49964,loss,-59.73917616586952,59.73917616586952,89.60876424880428,short
49992,50037,loss,-59.73917616586952,59.73917616586952,89.60876424880428,long
50038,50050,win,89.60876424880428,59.73917616586952,89.60876424880428,short
50059,50063,win,89.60876424880428,59.73917616586952,89.60876424880428,long
50114,50124,loss,-59.73917616586952,59.73917616586952,89.60876424880428,short
50146,50147,loss,-59.73917616586952,59.73917616586952,89.60876424880428,long
50161,50168,win,89.60876424880428,59.73917616586952,89.60876424880428,short
50212,50214,loss,-59.73917616586952,59.73917616586952,89.60876424880428,long
50219,50230,win,89.60876424880428,59.73917616586952,89.60876424880428,long
50237,50238,loss,-59.73917616586952,59.73917616586952,89.60876424880428,short
50242,50257,loss,-59.73917616586952,59.73917616586952,89.60876424880428,short
50307,50309,loss,-59.73917616586952,59.73917616586952,89.60876424880428,short
50325,50349,loss,-59.73917616586952,59.73917616586952,89.60876424880428,short
50355,50367,loss,-59.73917616586952,59.73917616586952,89.60876424880428,long
50420,50421,win,89.60876424880428,59.73917616586952,89.60876424880428,long
50422,50427,win,89.60876424880428,59.73917616586952,89.60876424880428,long
50441,50442,loss,-59.73917616586952,59.73917616586952,89.60876424880428,short
50514,50538,win,89.60876424880428,59.73917616586952,89.60876424880428,short
50543,50544,loss,-59.73917616586952,59.73917616586952,89.60876424880428,long
50576,50591,loss,-59.73917616586952,59.73917616586952,89.60876424880428,long
50596,50598,loss,-59.73917616586952,59.73917616586952,89.60876424880428,short
50617,50621,win,89.60876424880428,59.73917616586952,89.60876424880428,short
50622,50623,loss,-59.73917616586952,59.73917616586952,89.60876424880428,short
50665,50667,loss,-59.73917616586952,59.73917616586952,89.60876424880428,long
50729,50733,win,89.60876424880428,59.73917616586952,89.60876424880428,long
50734,50736,loss,-59.73917616586952,59.73917616586952,89.60876424880428,long
50747,50751,loss,-59.73917616586952,59.73917616586952,89.60876424880428,short
50831,50841,loss,-59.73917616586952,59.73917616586952,89.60876424880428,short
50846,50876,win,89.60876424880428,59.73917616586952,89.60876424880428,long
50878,50895,win,89.60876424880428,59.73917616586952,89.60876424880428,long
50903,50919,loss,-59.73917616586952,59.73917616586952,89.60876424880428,short
50941,50942,win,89.60876424880428,59.73917616586952,89.60876424880428,short
50943,50956,loss,-59.73917616586952,59.73917616586952,89.60876424880428,short
51003,51007,loss,-59.73917616586952,59.73917616586952,89.60876424880428,short
51025,51029,loss,-59.73917616586952,59.73917616586952,89.60876424880428,long
51031,51045,win,89.60876424880428,59.73917616586952,89.60876424880428,long
51093,51094,loss,-59.73917616586952,59.73917616586952,89.60876424880428,short
51100,51104,win,89.60876424880428,59.73917616586952,89.60876424880428,short
51105,51117,loss,-59.73917616586952,59.73917616586952,89.60876424880428,short
51329,51357,loss,-59.73917616586952,59.73917616586952,89.60876424880428,short
51359,51393,win,89.60876424880428,59.73917616586952,89.60876424880428,long
51397,51415,win,89.60876424880428,59.73917616586952,89.60876424880428,long
51423,51438,win,89.60876424880428,59.73917616586952,89.60876424880428,short
51440,51489,win,89.60876424880428,59.73917616586952,89.60876424880428,short
51491,51503,win,89.60876424880428,59.73917616586952,89.60876424880428,long
51555,51575,win,89.60876424880428,59.73917616586952,89.60876424880428,short
51576,51577,win,89.60876424880428,59.73917616586952,89.60876424880428,short
51578,51594,loss,-59.73917616586952,59.73917616586952,89.60876424880428,short
51602,51618,loss,-59.73917616586952,59.73917616586952,89.60876424880428,long
51624,51627,loss,-59.73917616586952,59.73917616586952,89.60876424880428,short
51696,51729,win,89.60876424880428,59.73917616586952,89.60876424880428,long
51748,51779,win,89.60876424880428,59.73917616586952,89.60876424880428,short
51787,51800,loss,-59.73917616586952,59.73917616586952,89.60876424880428,long
51851,51880,win,89.60876424880428,59.73917616586952,89.60876424880428,short
51886,51985,loss,-59.73917616586952,59.73917616586952,89.60876424880428,short
51986,51997,loss,-59.73917616586952,59.73917616586952,89.60876424880428,long
51998,52004,loss,-59.73917616586952,59.73917616586952,89.60876424880428,short
52025,52042,win,89.60876424880428,59.73917616586952,89.60876424880428,long
52056,52094,win,89.60876424880428,59.73917616586952,89.60876424880428,short
52095,52138,loss,-59.73917616586952,59.73917616586952,89.60876424880428,short
52165,52185,win,89.60876424880428,59.73917616586952,89.60876424880428,long
52187,52203,loss,-59.73917616586952,59.73917616586952,89.60876424880428,short
52263,52304,loss,-59.73917616586952,59.73917616586952,89.60876424880428,short
52338,52363,win,89.60876424880428,59.73917616586952,89.60876424880428,long
52368,52375,win,89.60876424880428,59.73917616586952,89.60876424880428,long
52379,52388,win,89.60876424880428,59.73917616586952,89.60876424880428,long
52402,52412,loss,-59.73917616586952,59.73917616586952,89.60876424880428,short
52459,52476,loss,-59.73917616586952,59.73917616586952,89.60876424880428,short
52486,52488,win,89.60876424880428,59.73917616586952,89.60876424880428,long
52489,52495,win,89.60876424880428,59.73917616586952,89.60876424880428,long
52497,52499,loss,-59.73917616586952,59.73917616586952,89.60876424880428,long
52507,52509,win,89.60876424880428,59.73917616586952,89.60876424880428,long
52510,52515,loss,-59.73917616586952,59.73917616586952,89.60876424880428,long
52523,52536,loss,-59.73917616586952,59.73917616586952,89.60876424880428,short
52552,52553,loss,-59.73917616586952,59.73917616586952,89.60876424880428,long
52566,52568,win,89.60876424880428,59.73917616586952,89.60876424880428,short
52569,52571,win,89.60876424880428,59.73917616586952,89.60876424880428,short
52581,52587,loss,-59.73917616586952,59.73917616586952,89.60876424880428,short
52647,52651,loss,-59.73917616586952,59.73917616586952,89.60876424880428,short
52669,52730,win,89.60876424880428,59.73917616586952,89.60876424880428,long
52756,52760,loss,-59.73917616586952,59.73917616586952,89.60876424880428,long
52761,52798,loss,-59.73917616586952,59.73917616586952,89.60876424880428,short
52830,52836,loss,-59.73917616586952,59.73917616586952,89.60876424880428,short
52837,52843,win,89.60876424880428,59.73917616586952,89.60876424880428,long
52879,52891,win,89.60876424880428,59.73917616586952,89.60876424880428,short
52892,52899,loss,-59.73917616586952,59.73917616586952,89.60876424880428,short
52917,52927,loss,-59.73917616586952,59.73917616586952,89.60876424880428,long
52951,52952,loss,-59.73917616586952,59.73917616586952,89.60876424880428,long
52954,52961,loss,-59.73917616586952,59.73917616586952,89.60876424880428,long
52971,52973,win,89.60876424880428,59.73917616586952,89.60876424880428,short
52995,53013,win,89.60876424880428,59.73917616586952,89.60876424880428,short
53038,53064,win,89.60876424880428,59.73917616586952,89.60876424880428,long
53094,53110,win,89.60876424880428,59.73917616586952,89.60876424880428,short
53140,53177,win,89.60876424880428,59.73917616586952,89.60876424880428,long
53193,53205,loss,-59.73917616586952,59.73917616586952,89.60876424880428,short
53212,53220,win,89.60876424880428,59.73917616586952,89.60876424880428,long
53221,53262,win,89.60876424880428,59.73917616586952,89.60876424880428,long
53286,53289,win,89.60876424880428,59.73917616586952,89.60876424880428,long
53295,53296,loss,-59.73917616586952,59.73917616586952,89.60876424880428,long
53304,53309,loss,-59.73917616586952,59.73917616586952,89.60876424880428,long
53315,53316,loss,-59.73917616586952,59.73917616586952,89.60876424880428,short
53318,53319,win,89.60876424880428,59.73917616586952,89.60876424880428,short
53325,53326,loss,-59.73917616586952,59.73917616586952,89.60876424880428,short
53403,53404,loss,-59.73917616586952,59.73917616586952,89.60876424880428,short
53405,53406,win,89.60876424880428,59.73917616586952,89.60876424880428,short
53418,53422,loss,-59.73917616586952,59.73917616586952,89.60876424880428,long
53450,53452,loss,-59.73917616586952,59.73917616586952,89.60876424880428,long
53454,53455,win,89.60876424880428,59.73917616586952,89.60876424880428,long
53456,53457,loss,-59.73917616586952,59.73917616586952,89.60876424880428,long
53517,53518,loss,-59.73917616586952,59.73917616586952,89.60876424880428,short
53520,53521,loss,-59.73917616586952,59.73917616586952,89.60876424880428,short
53523,53524,loss,-59.73917616586952,59.73917616586952,89.60876424880428,long
53537,53538,loss,-59.73917616586952,59.73917616586952,89.60876424880428,short
53539,53541,win,89.60876424880428,59.73917616586952,89.60876424880428,short
53606,53607,win,89.60876424880428,59.73917616586952,89.60876424880428,short
53608,53609,loss,-59.73917616586952,59.73917616586952,89.60876424880428,short
53618,53620,loss,-59.73917616586952,59.73917616586952,89.60876424880428,short
53622,53624,loss,-59.73917616586952,59.73917616586952,89.60876424880428,long
53635,53636,loss,-59.73917616586952,59.73917616586952,89.60876424880428,short
53645,53646,loss,-59.73917616586952,59.73917616586952,89.60876424880428,long
53651,53652,loss,-59.73917616586952,59.73917616586952,89.60876424880428,short
53685,53686,loss,-59.73917616586952,59.73917616586952,89.60876424880428,long
53729,53731,loss,-59.73917616586952,59.73917616586952,89.60876424880428,short
53775,53778,win,89.60876424880428,59.73917616586952,89.60876424880428,long
53779,53780,loss,-59.73917616586952,59.73917616586952,89.60876424880428,long
53787,53788,loss,-59.73917616586952,59.73917616586952,89.60876424880428,long
53796,53797,loss,-59.73917616586952,59.73917616586952,89.60876424880428,long
53798,53799,loss,-59.73917616586952,59.73917616586952,89.60876424880428,long
53807,53809,loss,-59.73917616586952,59.73917616586952,89.60876424880428,short
53812,53813,loss,-59.73917616586952,59.73917616586952,89.60876424880428,short
53851,53852,win,89.60876424880428,59.73917616586952,89.60876424880428,short
53853,53859,loss,-59.73917616586952,59.73917616586952,89.60876424880428,short
53912,53914,loss,-59.73917616586952,59.73917616586952,89.60876424880428,short
53923,53926,loss,-59.73917616586952,59.73917616586952,89.60876424880428,long
53945,53946,loss,-59.73917616586952,59.73917616586952,89.60876424880428,long
53956,53967,loss,-59.73917616586952,59.73917616586952,89.60876424880428,long
53995,53996,loss,-59.73917616586952,59.73917616586952,89.60876424880428,long
54002,54003,loss,-59.73917616586952,59.73917616586952,89.60876424880428,long
54013,54014,loss,-59.73917616586952,59.73917616586952,89.60876424880428,short
54016,54018,loss,-59.73917616586952,59.73917616586952,89.60876424880428,short
54019,54020,loss,-59.73917616586952,59.73917616586952,89.60876424880428,short
54027,54036,loss,-59.73917616586952,59.73917616586952,89.60876424880428,short
54062,54063,loss,-59.73917616586952,59.73917616586952,89.60876424880428,long
54064,54065,win,89.60876424880428,59.73917616586952,89.60876424880428,long
54068,54070,loss,-59.73917616586952,59.73917616586952,89.60876424880428,long
54074,54077,loss,-59.73917616586952,59.73917616586952,89.60876424880428,long
54093,54095,loss,-59.73917616586952,59.73917616586952,89.60876424880428,long
54104,54105,loss,-59.73917616586952,59.73917616586952,89.60876424880428,short
54127,54131,loss,-59.73917616586952,59.73917616586952,89.60876424880428,short
54165,54166,loss,-59.73917616586952,59.73917616586952,89.60876424880428,short
54171,54172,win,89.60876424880428,59.73917616586952,89.60876424880428,short
54173,54174,win,89.60876424880428,59.73917616586952,89.60876424880428,short
54178,54179,loss,-59.73917616586952,59.73917616586952,89.60876424880428,short
54209,54212,loss,-59.73917616586952,59.73917616586952,89.60876424880428,long
54243,54244,win,89.60876424880428,59.73917616586952,89.60876424880428,long
54252,54261,loss,-59.73917616586952,59.73917616586952,89.60876424880428,long
54343,54361,loss,-59.73917616586952,59.73917616586952,89.60876424880428,long
54369,54379,win,89.60876424880428,59.73917616586952,89.60876424880428,long
54390,54391,loss,-59.73917616586952,59.73917616586952,89.60876424880428,short
54392,54400,win,89.60876424880428,59.73917616586952,89.60876424880428,short
54401,54406,loss,-59.73917616586952,59.73917616586952,89.60876424880428,short
54498,54501,win,89.60876424880428,59.73917616586952,89.60876424880428,long
54502,54521,loss,-59.73917616586952,59.73917616586952,89.60876424880428,long
54546,54559,loss,-59.73917616586952,59.73917616586952,89.60876424880428,short
54568,54570,loss,-59.73917616586952,59.73917616586952,89.60876424880428,long
54593,54612,win,89.60876424880428,59.73917616586952,89.60876424880428,long
54617,54634,win,89.60876424880428,59.73917616586952,89.60876424880428,long
54643,54656,loss,-59.73917616586952,59.73917616586952,89.60876424880428,long
54658,54659,win,89.60876424880428,59.73917616586952,89.60876424880428,short
54660,54667,loss,-59.73917616586952,59.73917616586952,89.60876424880428,short
54720,54727,win,89.60876424880428,59.73917616586952,89.60876424880428,short
54728,54742,loss,-59.73917616586952,59.73917616586952,89.60876424880428,short
54744,54747,loss,-59.73917616586952,59.73917616586952,89.60876424880428,long
54792,54808,win,89.60876424880428,59.73917616586952,89.60876424880428,short
54818,54821,loss,-59.73917616586952,59.73917616586952,89.60876424880428,long
54827,54834,win,89.60876424880428,59.73917616586952,89.60876424880428,long
54835,54840,loss,-59.73917616586952,59.73917616586952,89.60876424880428,long
54855,54860,win,89.60876424880428,59.73917616586952,89.60876424880428,long
54866,54869,loss,-59.73917616586952,59.73917616586952,89.60876424880428,long
54880,54883,loss,-59.73917616586952,59.73917616586952,89.60876424880428,short
54906,54914,win,89.60876424880428,59.73917616586952,89.60876424880428,short
54927,54928,win,89.60876424880428,59.73917616586952,89.60876424880428,short
54929,54946,loss,-59.73917616586952,59.73917616586952,89.60876424880428,short
54947,54948,loss,-59.73917616586952,59.73917616586952,89.60876424880428,long
54949,54950,loss,-59.73917616586952,59.73917616586952,89.60876424880428,long
54973,54974,win,89.60876424880428,59.73917616586952,89.60876424880428,short
55049,55055,loss,-59.73917616586952,59.73917616586952,89.60876424880428,long
55062,55063,loss,-59.73917616586952,59.73917616586952,89.60876424880428,short
55072,55082,loss,-59.73917616586952,59.73917616586952,89.60876424880428,short
55105,55108,win,89.60876424880428,59.73917616586952,89.60876424880428,short
55109,55110,loss,-59.73917616586952,59.73917616586952,89.60876424880428,short
55120,55125,loss,-59.73917616586952,59.73917616586952,89.60876424880428,long
55187,55194,loss,-59.73917616586952,59.73917616586952,89.60876424880428,short
55195,55203,win,89.60876424880428,59.73917616586952,89.60876424880428,long
55208,55211,win,89.60876424880428,59.73917616586952,89.60876424880428,long
55212,55217,loss,-59.73917616586952,59.73917616586952,89.60876424880428,long
55276,55285,loss,-59.73917616586952,59.73917616586952,89.60876424880428,short
55321,55358,loss,-59.73917616586952,59.73917616586952,89.60876424880428,long
55383,55402,loss,-59.73917616586952,59.73917616586952,89.60876424880428,short
55447,55466,loss,-59.73917616586952,59.73917616586952,89.60876424880428,long
55467,55471,loss,-59.73917616586952,59.73917616586952,89.60876424880428,short
55481,55490,win,89.60876424880428,59.73917616586952,89.60876424880428,long
55494,55519,loss,-59.73917616586952,59.73917616586952,89.60876424880428,long
55524,55537,loss,-59.73917616586952,59.73917616586952,89.60876424880428,short
55557,55568,loss,-59.73917616586952,59.73917616586952,89.60876424880428,long
55652,55674,win,89.60876424880428,59.73917616586952,89.60876424880428,long
55698,55710,win,89.60876424880428,59.73917616586952,89.60876424880428,long
55711,55716,loss,-59.73917616586952,59.73917616586952,89.60876424880428,long
55755,55762,loss,-59.73917616586952,59.73917616586952,89.60876424880428,short
55779,55780,win,89.60876424880428,59.73917616586952,89.60876424880428,long
55787,55788,loss,-59.73917616586952,59.73917616586952,89.60876424880428,long
55801,55802,loss,-59.73917616586952,59.73917616586952,89.60876424880428,long
55807,55808,loss,-59.73917616586952,59.73917616586952,89.60876424880428,short
55811,55812,loss,-59.73917616586952,59.73917616586952,89.60876424880428,short
55813,55814,loss,-59.73917616586952,59.73917616586952,89.60876424880428,short
55815,55819,loss,-59.73917616586952,59.73917616586952,89.60876424880428,short
55875,55876,loss,-59.73917616586952,59.73917616586952,89.60876424880428,long
55933,55935,win,89.60876424880428,59.73917616586952,89.60876424880428,long
55936,55937,loss,-59.73917616586952,59.73917616586952,89.60876424880428,long
55987,55995,win,89.60876424880428,59.73917616586952,89.60876424880428,short
55996,55997,win,89.60876424880428,59.73917616586952,89.60876424880428,short
55998,56000,win,89.60876424880428,59.73917616586952,89.60876424880428,short
56036,56037,loss,-59.73917616586952,59.73917616586952,89.60876424880428,short
56039,56040,win,89.60876424880428,59.73917616586952,89.60876424880428,short
56041,56042,loss,-59.73917616586952,59.73917616586952,89.60876424880428,short
56045,56046,win,89.60876424880428,59.73917616586952,89.60876424880428,short
56048,56049,loss,-59.73917616586952,59.73917616586952,89.60876424880428,short
56053,56054,loss,-59.73917616586952,59.73917616586952,89.60876424880428,short
56062,56063,loss,-59.73917616586952,59.73917616586952,89.60876424880428,long
56066,56068,loss,-59.73917616586952,59.73917616586952,89.60876424880428,long
56069,56070,loss,-59.73917616586952,59.73917616586952,89.60876424880428,long
56133,56136,win,89.60876424880428,59.73917616586952,89.60876424880428,long
56180,56183,loss,-59.73917616586952,59.73917616586952,89.60876424880428,short
56184,56185,win,89.60876424880428,59.73917616586952,89.60876424880428,short
56187,56188,loss,-59.73917616586952,59.73917616586952,89.60876424880428,short
56211,56212,loss,-59.73917616586952,59.73917616586952,89.60876424880428,long
56245,56246,loss,-59.73917616586952,59.73917616586952,89.60876424880428,long
56291,56292,loss,-59.73917616586952,59.73917616586952,89.60876424880428,short
56298,56303,loss,-59.73917616586952,59.73917616586952,89.60876424880428,long
56386,56388,win,89.60876424880428,59.73917616586952,89.60876424880428,short
56389,56394,win,89.60876424880428,59.73917616586952,89.60876424880428,short
56395,56402,loss,-59.73917616586952,59.73917616586952,89.60876424880428,short
56432,56434,loss,-59.73917616586952,59.73917616586952,89.60876424880428,short
56441,56451,loss,-59.73917616586952,59.73917616586952,89.60876424880428,long
56468,56471,loss,-59.73917616586952,59.73917616586952,89.60876424880428,long
56490,56493,win,89.60876424880428,59.73917616586952,89.60876424880428,short
56497,56498,loss,-59.73917616586952,59.73917616586952,89.60876424880428,long
56505,56515,win,89.60876424880428,59.73917616586952,89.60876424880428,long
56517,56538,win,89.60876424880428,59.73917616586952,89.60876424880428,long
56551,56558,loss,-59.73917616586952,59.73917616586952,89.60876424880428,short
56585,56599,win,89.60876424880428,59.73917616586952,89.60876424880428,long
56618,56622,loss,-59.73917616586952,59.73917616586952,89.60876424880428,short
56641,56643,win,89.60876424880428,59.73917616586952,89.60876424880428,short
56644,56645,loss,-59.73917616586952,59.73917616586952,89.60876424880428,short
56694,56697,win,89.60876424880428,59.73917616586952,89.60876424880428,short
56698,56699,win,89.60876424880428,59.73917616586952,89.60876424880428,short
56700,56701,loss,-59.73917616586952,59.73917616586952,89.60876424880428,short
56713,56714,loss,-59.73917616586952,59.73917616586952,89.60876424880428,long
56771,56772,loss,-59.73917616586952,59.73917616586952,89.60876424880428,long
56774,56787,loss,-59.73917616586952,59.73917616586952,89.60876424880428,long
56816,56833,win,89.60876424880428,59.73917616586952,89.60876424880428,long
56880,56882,loss,-59.73917616586952,59.73917616586952,89.60876424880428,long
56894,56896,loss,-59.73917616586952,59.73917616586952,89.60876424880428,short
56916,56922,loss,-59.73917616586952,59.73917616586952,89.60876424880428,short
56956,56962,loss,-59.73917616586952,59.73917616586952,89.60876424880428,short
57007,57017,win,89.60876424880428,59.73917616586952,89.60876424880428,long
57037,57039,loss,-59.73917616586952,59.73917616586952,89.60876424880428,short
57040,57052,win,89.60876424880428,59.73917616586952,89.60876424880428,short
57053,57056,loss,-59.73917616586952,59.73917616586952,89.60876424880428,short
57063,57064,win,89.60876424880428,59.73917616586952,89.60876424880428,short
57072,57074,win,89.60876424880428,59.73917616586952,89.60876424880428,short
57086,57087,loss,-59.73917616586952,59.73917616586952,89.60876424880428,long
57088,57095,loss,-59.73917616586952,59.73917616586952,89.60876424880428,long
57166,57173,loss,-59.73917616586952,59.73917616586952,89.60876424880428,short
57179,57189,win,89.60876424880428,59.73917616586952,89.60876424880428,long
57190,57201,win,89.60876424880428,59.73917616586952,89.60876424880428,long
57214,57217,loss,-59.73917616586952,59.73917616586952,89.60876424880428,short
57222,57224,win,89.60876424880428,59.73917616586952,89.60876424880428,short
57253,57254,loss,-59.73917616586952,59.73917616586952,89.60876424880428,short
57258,57265,loss,-59.73917616586952,59.73917616586952,89.60876424880428,short
57267,57293,win,89.60876424880428,59.73917616586952,89.60876424880428,long
57315,57316,loss,-59.73917616586952,59.73917616586952,89.60876424880428,short
57320,57329,loss,-59.73917616586952,59.73917616586952,89.60876424880428,short
57358,57359,win,89.60876424880428,59.73917616586952,89.60876424880428,long
57360,57361,loss,-59.73917616586952,59.73917616586952,89.60876424880428,long
57414,57415,loss,-59.73917616586952,59.73917616586952,89.60876424880428,long
57416,57417,win,89.60876424880428,59.73917616586952,89.60876424880428,short
57421,57422,win,89.60876424880428,59.73917616586952,89.60876424880428,short
57423,57426,loss,-59.73917616586952,59.73917616586952,89.60876424880428,short
57439,57446,win,89.60876424880428,59.73917616586952,89.60876424880428,long
57453,57462,loss,-59.73917616586952,59.73917616586952,89.60876424880428,long
57494,57495,win,89.60876424880428,59.73917616586952,89.60876424880428,short
57496,57497,win,89.60876424880428,59.73917616586952,89.60876424880428,short
57498,57499,win,89.60876424880428,59.73917616586952,89.60876424880428,short
57501,57502,loss,-59.73917616586952,59.73917616586952,89.60876424880428,short
57588,57590,loss,-59.73917616586952,59.73917616586952,89.60876424880428,long
57598,57603,loss,-59.73917616586952,59.73917616586952,89.60876424880428,long
57608,57609,loss,-59.73917616586952,59.73917616586952,89.60876424880428,short
57687,57703,win,89.60876424880428,59.73917616586952,89.60876424880428,long
57704,57720,loss,-59.73917616586952,59.73917616586952,89.60876424880428,long
57725,57727,win,89.60876424880428,59.73917616586952,89.60876424880428,short
57731,57735,win,89.60876424880428,59.73917616586952,89.60876424880428,short
57736,57739,loss,-59.73917616586952,59.73917616586952,89.60876424880428,short
57787,57794,loss,-59.73917616586952,59.73917616586952,89.60876424880428,long
57812,57814,loss,-59.73917616586952,59.73917616586952,89.60876424880428,short
57821,57822,loss,-59.73917616586952,59.73917616586952,89.60876424880428,short
57845,57850,win,89.60876424880428,59.73917616586952,89.60876424880428,long
57851,57853,win,89.60876424880428,59.73917616586952,89.60876424880428,long
57854,57860,win,89.60876424880428,59.73917616586952,89.60876424880428,long
57926,57933,loss,-59.73917616586952,59.73917616586952,89.60876424880428,short
57944,57946,loss,-59.73917616586952,59.73917616586952,89.60876424880428,short
57954,57960,win,89.60876424880428,59.73917616586952,89.60876424880428,long
57989,57993,win,89.60876424880428,59.73917616586952,89.60876424880428,short
57994,57996,win,89.60876424880428,59.73917616586952,89.60876424880428,short
57998,58000,loss,-59.73917616586952,59.73917616586952,89.60876424880428,short
58073,58077,win,89.60876424880428,59.73917616586952,89.60876424880428,long
58080,58083,win,89.60876424880428,59.73917616586952,89.60876424880428,long
58084,58086,loss,-59.73917616586952,59.73917616586952,89.60876424880428,long
58130,58132,loss,-59.73917616586952,59.73917616586952,89.60876424880428,long
58145,58152,loss,-59.73917616586952,59.73917616586952,89.60876424880428,short
58167,58168,loss,-59.73917616586952,59.73917616586952,89.60876424880428,long
58171,58172,loss,-59.73917616586952,59.73917616586952,89.60876424880428,short
58175,58190,win,89.60876424880428,59.73917616586952,89.60876424880428,short
58233,58244,loss,-59.73917616586952,59.73917616586952,89.60876424880428,long
58248,58250,win,89.60876424880428,59.73917616586952,89.60876424880428,long
58251,58254,loss,-59.73917616586952,59.73917616586952,89.60876424880428,long
58262,58263,loss,-59.73917616586952,59.73917616586952,89.60876424880428,short
58264,58270,win,89.60876424880428,59.73917616586952,89.60876424880428,short
58316,58321,loss,-59.73917616586952,59.73917616586952,89.60876424880428,long
58339,58340,win,89.60876424880428,59.73917616586952,89.60876424880428,long
58342,58349,win,89.60876424880428,59.73917616586952,89.60876424880428,long
58350,58354,win,89.60876424880428,59.73917616586952,89.60876424880428,long
58369,58373,loss,-59.73917616586952,59.73917616586952,89.60876424880428,short
58389,58395,loss,-59.73917616586952,59.73917616586952,89.60876424880428,short
58399,58400,loss,-59.73917616586952,59.73917616586952,89.60876424880428,short
58401,58402,win,89.60876424880428,59.73917616586952,89.60876424880428,short
58403,58406,loss,-59.73917616586952,59.73917616586952,89.60876424880428,short
58417,58420,loss,-59.73917616586952,59.73917616586952,89.60876424880428,long
58441,58446,win,89.60876424880428,59.73917616586952,89.60876424880428,short
58447,58448,win,89.60876424880428,59.73917616586952,89.60876424880428,short
58450,58451,win,89.60876424880428,59.73917616586952,89.60876424880428,short
58490,58491,loss,-59.73917616586952,59.73917616586952,89.60876424880428,long
58506,58510,loss,-59.73917616586952,59.73917616586952,89.60876424880428,long
58522,58525,loss,-59.73917616586952,59.73917616586952,89.60876424880428,short
58526,58529,loss,-59.73917616586952,59.73917616586952,89.60876424880428,short
58568,58569,loss,-59.73917616586952,59.73917616586952,89.60876424880428,short
58582,58596,win,89.60876424880428,59.73917616586952,89.60876424880428,long
58638,58647,loss,-59.73917616586952,59.73917616586952,89.60876424880428,long
58650,58654,loss,-59.73917616586952,59.73917616586952,89.60876424880428,short
58667,58669,win,89.60876424880428,59.73917616586952,89.60876424880428,short
58670,58671,loss,-59.73917616586952,59.73917616586952,89.60876424880428,short
58729,58736,win,89.60876424880428,59.73917616586952,89.60876424880428,short
58761,58764,loss,-59.73917616586952,59.73917616586952,89.60876424880428,long
58776,58780,loss,-59.73917616586952,59.73917616586952,89.60876424880428,short
58783,58785,loss,-59.73917616586952,59.73917616586952,89.60876424880428,long
58824,58828,win,89.60876424880428,59.73917616586952,89.60876424880428,short
58829,58841,loss,-59.73917616586952,59.73917616586952,89.60876424880428,short
58876,58877,loss,-59.73917616586952,59.73917616586952,89.60876424880428,short
58892,58893,win,89.60876424880428,59.73917616586952,89.60876424880428,long
58894,58897,loss,-59.73917616586952,59.73917616586952,89.60876424880428,long
58906,58909,loss,-59.73917616586952,59.73917616586952,89.60876424880428,long
58931,58939,win,89.60876424880428,59.73917616586952,89.60876424880428,long
58948,58955,loss,-59.73917616586952,59.73917616586952,89.60876424880428,short
58980,58982,loss,-59.73917616586952,59.73917616586952,89.60876424880428,short
58996,59006,win,89.60876424880428,59.73917616586952,89.60876424880428,short
59054,59055,loss,-59.73917616586952,59.73917616586952,89.60876424880428,short
59063,59066,loss,-59.73917616586952,59.73917616586952,89.60876424880428,short
59092,59100,loss,-59.73917616586952,59.73917616586952,89.60876424880428,long
59124,59126,loss,-59.73917616586952,59.73917616586952,89.60876424880428,long
59148,59168,loss,-59.73917616586952,59.73917616586952,89.60876424880428,long
59170,59178,loss,-59.73917616586952,59.73917616586952,89.60876424880428,short
59190,59193,loss,-59.73917616586952,59.73917616586952,89.60876424880428,short
59212,59214,win,89.60876424880428,59.73917616586952,89.60876424880428,short
59238,59239,win,89.60876424880428,59.73917616586952,89.60876424880428,short
59240,59242,loss,-59.73917616586952,59.73917616586952,89.60876424880428,short
59252,59254,loss,-59.73917616586952,59.73917616586952,89.60876424880428,long
59285,59292,loss,-59.73917616586952,59.73917616586952,89.60876424880428,long
59358,59366,loss,-59.73917616586952,59.73917616586952,89.60876424880428,long
59396,59397,loss,-59.73917616586952,59.73917616586952,89.60876424880428,long
59445,59457,win,89.60876424880428,59.73917616586952,89.60876424880428,short
59460,59465,loss,-59.73917616586952,59.73917616586952,89.60876424880428,short
59472,59479,loss,-59.73917616586952,59.73917616586952,89.60876424880428,long
59539,59545,win,89.60876424880428,59.73917616586952,89.60876424880428,long
59553,59556,win,89.60876424880428,59.73917616586952,89.60876424880428,short
59557,59559,loss,-59.73917616586952,59.73917616586952,89.60876424880428,short
59661,59669,loss,-59.73917616586952,59.73917616586952,89.60876424880428,long
59671,59673,loss,-59.73917616586952,59.73917616586952,89.60876424880428,long
59717,59733,win,89.60876424880428,59.73917616586952,89.60876424880428,short
59739,59763,loss,-59.73917616586952,59.73917616586952,89.60876424880428,short
59764,59767,win,89.60876424880428,59.73917616586952,89.60876424880428,long
59847,59870,loss,-59.73917616586952,59.73917616586952,89.60876424880428,short
59876,59879,win,89.60876424880428,59.73917616586952,89.60876424880428,long
59880,59893,loss,-59.73917616586952,59.73917616586952,89.60876424880428,long
59900,59902,loss,-59.73917616586952,59.73917616586952,89.60876424880428,short
59946,59947,loss,-59.73917616586952,59.73917616586952,89.60876424880428,long
59951,59969,loss,-59.73917616586952,59.73917616586952,89.60876424880428,long
59977,59984,loss,-59.73917616586952,59.73917616586952,89.60876424880428,short
59994,60004,loss,-59.73917616586952,59.73917616586952,89.60876424880428,long
60038,60049,win,89.60876424880428,59.73917616586952,89.60876424880428,short
60083,60084,loss,-59.73917616586952,59.73917616586952,89.60876424880428,long
60093,60102,loss,-59.73917616586952,59.73917616586952,89.60876424880428,long
60106,60109,win,89.60876424880428,59.73917616586952,89.60876424880428,short
60184,60196,win,89.60876424880428,59.73917616586952,89.60876424880428,short
60204,60215,loss,-59.73917616586952,59.73917616586952,89.60876424880428,long
60220,60221,loss,-59.73917616586952,59.73917616586952,89.60876424880428,short
60223,60226,loss,-59.73917616586952,59.73917616586952,89.60876424880428,short
60262,60265,win,89.60876424880428,59.73917616586952,89.60876424880428,long
60266,60280,loss,-59.73917616586952,59.73917616586952,89.60876424880428,long
60290,60300,loss,-59.73917616586952,59.73917616586952,89.60876424880428,short
60334,60347,win,89.60876424880428,59.73917616586952,89.60876424880428,long
60387,60399,loss,-59.73917616586952,59.73917616586952,89.60876424880428,short
60402,60405,loss,-59.73917616586952,59.73917616586952,89.60876424880428,short
60413,60424,loss,-59.73917616586952,59.73917616586952,89.60876424880428,short
60449,60464,win,89.60876424880428,59.73917616586952,89.60876424880428,long
60466,60478,win,89.60876424880428,59.73917616586952,89.60876424880428,long
60479,60493,win,89.60876424880428,59.73917616586952,89.60876424880428,long
60517,60532,loss,-59.73917616586952,59.73917616586952,89.60876424880428,short
60535,60538,loss,-59.73917616586952,59.73917616586952,89.60876424880428,short
60551,60558,loss,-59.73917616586952,59.73917616586952,89.60876424880428,long
60615,60624,loss,-59.73917616586952,59.73917616586952,89.60876424880428,short
60632,60641,win,89.60876424880428,59.73917616586952,89.60876424880428,long
60705,60728,win,89.60876424880428,59.73917616586952,89.60876424880428,long
60741,60743,loss,-59.73917616586952,59.73917616586952,89.60876424880428,short
60747,60762,loss,-59.73917616586952,59.73917616586952,89.60876424880428,short
60780,60785,win,89.60876424880428,59.73917616586952,89.60876424880428,short
60786,60787,loss,-59.73917616586952,59.73917616586952,89.60876424880428,short
60797,60798,loss,-59.73917616586952,59.73917616586952,89.60876424880428,short
60810,60819,loss,-59.73917616586952,59.73917616586952,89.60876424880428,long
60888,60894,win,89.60876424880428,59.73917616586952,89.60876424880428,short
60895,60899,loss,-59.73917616586952,59.73917616586952,89.60876424880428,short
60906,60919,loss,-59.73917616586952,59.73917616586952,89.60876424880428,long
60925,60932,win,89.60876424880428,59.73917616586952,89.60876424880428,short
60934,60939,win,89.60876424880428,59.73917616586952,89.60876424880428,short
60953,60956,loss,-59.73917616586952,59.73917616586952,89.60876424880428,long
60958,60970,loss,-59.73917616586952,59.73917616586952,89.60876424880428,long
60998,60999,loss,-59.73917616586952,59.73917616586952,89.60876424880428,short
61008,61011,win,89.60876424880428,59.73917616586952,89.60876424880428,short
61030,61031,win,89.60876424880428,59.73917616586952,89.60876424880428,long
61032,61036,loss,-59.73917616586952,59.73917616586952,89.60876424880428,long
61114,61125,loss,-59.73917616586952,59.73917616586952,89.60876424880428,short
61149,61153,loss,-59.73917616586952,59.73917616586952,89.60876424880428,long
61181,61191,win,89.60876424880428,59.73917616586952,89.60876424880428,short
61194,61195,win,89.60876424880428,59.73917616586952,89.60876424880428,short
61196,61198,loss,-59.73917616586952,59.73917616586952,89.60876424880428,short
61223,61235,win,89.60876424880428,59.73917616586952,89.60876424880428,long
61277,61281,loss,-59.73917616586952,59.73917616586952,89.60876424880428,short
61312,61317,loss,-59.73917616586952,59.73917616586952,89.60876424880428,short
61366,61376,loss,-59.73917616586952,59.73917616586952,89.60876424880428,short
61394,61398,loss,-59.73917616586952,59.73917616586952,89.60876424880428,short
61409,61415,loss,-59.73917616586952,59.73917616586952,89.60876424880428,long
61442,61443,loss,-59.73917616586952,59.73917616586952,89.60876424880428,long
61486,61489,loss,-59.73917616586952,59.73917616586952,89.60876424880428,short
61490,61504,win,89.60876424880428,59.73917616586952,89.60876424880428,short
61518,61533,win,89.60876424880428,59.73917616586952,89.60876424880428,long
61547,61556,win,89.60876424880428,59.73917616586952,89.60876424880428,short
61589,61599,loss,-59.73917616586952,59.73917616586952,89.60876424880428,long
61615,61625,loss,-59.73917616586952,59.73917616586952,89.60876424880428,long
61680,61687,win,89.60876424880428,59.73917616586952,89.60876424880428,long
61689,61696,win,89.60876424880428,59.73917616586952,89.60876424880428,long
61720,61784,loss,-59.73917616586952,59.73917616586952,89.60876424880428,short
61785,61786,loss,-59.73917616586952,59.73917616586952,89.60876424880428,long
61798,61808,win,89.60876424880428,59.73917616586952,89.60876424880428,short
61830,61831,win,89.60876424880428,59.73917616586952,89.60876424880428,short
61832,61838,win,89.60876424880428,59.73917616586952,89.60876424880428,short
61839,61840,loss,-59.73917616586952,59.73917616586952,89.60876424880428,short
61853,61854,loss,-59.73917616586952,59.73917616586952,89.60876424880428,long
61965,61966,loss,-59.73917616586952,59.73917616586952,89.60876424880428,short
61996,62002,loss,-59.73917616586952,59.73917616586952,89.60876424880428,short
62015,62018,loss,-59.73917616586952,59.73917616586952,89.60876424880428,short
62026,62031,loss,-59.73917616586952,59.73917616586952,89.60876424880428,short
62066,62069,loss,-59.73917616586952,59.73917616586952,89.60876424880428,short
62080,62103,win,89.60876424880428,59.73917616586952,89.60876424880428,long
62115,62127,win,89.60876424880428,59.73917616586952,89.60876424880428,short
62152,62165,win,89.60876424880428,59.73917616586952,89.60876424880428,long
62182,62184,loss,-59.73917616586952,59.73917616586952,89.60876424880428,long
62197,62210,loss,-59.73917616586952,59.73917616586952,89.60876424880428,short
62272,62285,loss,-59.73917616586952,59.73917616586952,89.60876424880428,short
62286,62289,win,89.60876424880428,59.73917616586952,89.60876424880428,long
62291,62297,loss,-59.73917616586952,59.73917616586952,89.60876424880428,long
62324,62329,win,89.60876424880428,59.73917616586952,89.60876424880428,short
62330,62351,win,89.60876424880428,59.73917616586952,89.60876424880428,short
62372,62373,loss,-59.73917616586952,59.73917616586952,89.60876424880428,long
62378,62380,loss,-59.73917616586952,59.73917616586952,89.60876424880428,long
62381,62389,win,89.60876424880428,59.73917616586952,89.60876424880428,long
62403,62412,loss,-59.73917616586952,59.73917616586952,89.60876424880428,short
62444,62458,loss,-59.73917616586952,59.73917616586952,89.60876424880428,long
62468,62481,win,89.60876424880428,59.73917616586952,89.60876424880428,short
62484,62487,win,89.60876424880428,59.73917616586952,89.60876424880428,short
62488,62501,loss,-59.73917616586952,59.73917616586952,89.60876424880428,short
62535,62555,win,89.60876424880428,59.73917616586952,89.60876424880428,long
62585,62599,loss,-59.73917616586952,59.73917616586952,89.60876424880428,short
62609,62612,loss,-59.73917616586952,59.73917616586952,89.60876424880428,short
62613,62618,loss,-59.73917616586952,59.73917616586952,89.60876424880428,short
62623,62625,loss,-59.73917616586952,59.73917616586952,89.60876424880428,long
62637,62642,loss,-59.73917616586952,59.73917616586952,89.60876424880428,long
62717,62726,loss,-59.73917616586952,59.73917616586952,89.60876424880428,long
62727,62740,win,89.60876424880428,59.73917616586952,89.60876424880428,long
62761,62762,loss,-59.73917616586952,59.73917616586952,89.60876424880428,short
62782,62801,win,89.60876424880428,59.73917616586952,89.60876424880428,short
62853,62854,loss,-59.73917616586952,59.73917616586952,89.60876424880428,long
62860,62890,loss,-59.73917616586952,59.73917616586952,89.60876424880428,short
62922,62933,loss,-59.73917616586952,59.73917616586952,89.60876424880428,long
62954,62961,win,89.60876424880428,59.73917616586952,89.60876424880428,short
62962,62966,win,89.60876424880428,59.73917616586952,89.60876424880428,short
62967,62982,win,89.60876424880428,59.73917616586952,89.60876424880428,short
63000,63006,win,89.60876424880428,59.73917616586952,89.60876424880428,long
63007,63013,loss,-59.73917616586952,59.73917616586952,89.60876424880428,long
63076,63080,win,89.60876424880428,59.73917616586952,89.60876424880428,long
63081,63083,loss,-59.73917616586952,59.73917616586952,89.60876424880428,long
63084,63098,loss,-59.73917616586952,59.73917616586952,89.60876424880428,short
63164,63168,loss,-59.73917616586952,59.73917616586952,89.60876424880428,long
63194,63206,loss,-59.73917616586952,59.73917616586952,89.60876424880428,short
63263,63268,loss,-59.73917616586952,59.73917616586952,89.60876424880428,short
63276,63285,win,89.60876424880428,59.73917616586952,89.60876424880428,long
63316,63342,win,89.60876424880428,59.73917616586952,89.60876424880428,long
63348,63350,loss,-59.73917616586952,59.73917616586952,89.60876424880428,short
63372,63377,loss,-59.73917616586952,59.73917616586952,89.60876424880428,short
63378,63379,loss,-59.73917616586952,59.73917616586952,89.60876424880428,long
63385,63389,loss,-59.73917616586952,59.73917616586952,89.60876424880428,long
63390,63395,win,89.60876424880428,59.73917616586952,89.60876424880428,long
63412,63420,win,89.60876424880428,59.73917616586952,89.60876424880428,short
63421,63423,loss,-59.73917616586952,59.73917616586952,89.60876424880428,short
63466,63468,loss,-59.73917616586952,59.73917616586952,89.60876424880428,long
63477,63485,loss,-59.73917616586952,59.73917616586952,89.60876424880428,short
63489,63501,win,89.60876424880428,59.73917616586952,89.60876424880428,long
63541,63556,win,89.60876424880428,59.73917616586952,89.60876424880428,short
63561,63563,win,89.60876424880428,59.73917616586952,89.60876424880428,short
63564,63570,loss,-59.73917616586952,59.73917616586952,89.60876424880428,short
63594,63603,loss,-59.73917616586952,59.73917616586952,89.60876424880428,long
63617,63640,win,89.60876424880428,59.73917616586952,89.60876424880428,long
63641,63642,loss,-59.73917616586952,59.73917616586952,89.60876424880428,long
63643,63647,loss,-59.73917616586952,59.73917616586952,89.60876424880428,long
63650,63652,loss,-59.73917616586952,59.73917616586952,89.60876424880428,short
63658,63662,loss,-59.73917616586952,59.73917616586952,89.60876424880428,short
63705,63707,loss,-59.73917616586952,59.73917616586952,89.60876424880428,long
63711,63720,loss,-59.73917616586952,59.73917616586952,89.60876424880428,long
63738,63749,loss,-59.73917616586952,59.73917616586952,89.60876424880428,short
63838,63849,win,89.60876424880428,59.73917616586952,89.60876424880428,short
63855,63873,loss,-59.73917616586952,59.73917616586952,89.60876424880428,short
63880,63918,loss,-59.73917616586952,59.73917616586952,89.60876424880428,long
63919,63935,win,89.60876424880428,59.73917616586952,89.60876424880428,short
63949,63958,win,89.60876424880428,59.73917616586952,89.60876424880428,long
63959,63966,win,89.60876424880428,59.73917616586952,89.60876424880428,long
64000,64010,win,89.60876424880428,59.73917616586952,89.60876424880428,short
64015,64027,loss,-59.73917616586952,59.73917616586952,89.60876424880428,short
64058,64067,win,89.60876424880428,59.73917616586952,89.60876424880428,long
64130,64144,win,89.60876424880428,59.73917616586952,89.60876424880428,short
64145,64150,loss,-59.73917616586952,59.73917616586952,89.60876424880428,short
64176,64193,win,89.60876424880428,59.73917616586952,89.60876424880428,long
64213,64215,win,89.60876424880428,59.73917616586952,89.60876424880428,short
64216,64239,loss,-59.73917616586952,59.73917616586952,89.60876424880428,short
64262,64267,loss,-59.73917616586952,59.73917616586952,89.60876424880428,long
64277,64283,win,89.60876424880428,59.73917616586952,89.60876424880428,short
64342,64355,win,89.60876424880428,59.73917616586952,89.60876424880428,long
64394,64401,win,89.60876424880428,59.73917616586952,89.60876424880428,short
64426,64464,win,89.60876424880428,59.73917616586952,89.60876424880428,short
64487,64489,win,89.60876424880428,59.73917616586952,89.60876424880428,long
64490,64528,loss,-59.73917616586952,59.73917616586952,89.60876424880428,long
64529,64533,loss,-59.73917616586952,59.73917616586952,89.60876424880428,short
64538,64547,loss,-59.73917616586952,59.73917616586952,89.60876424880428,short
64596,64602,win,89.60876424880428,59.73917616586952,89.60876424880428,short
64603,64607,win,89.60876424880428,59.73917616586952,89.60876424880428,short
64608,64622,win,89.60876424880428,59.73917616586952,89.60876424880428,short
64659,64669,win,89.60876424880428,59.73917616586952,89.60876424880428,long
64670,64687,win,89.60876424880428,59.73917616586952,89.60876424880428,long
64688,64694,loss,-59.73917616586952,59.73917616586952,89.60876424880428,long
64709,64712,loss,-59.73917616586952,59.73917616586952,89.60876424880428,short
64739,64740,loss,-59.73917616586952,59.73917616586952,89.60876424880428,short
64762,64763,loss,-59.73917616586952,59.73917616586952,89.60876424880428,short
64776,64787,win,89.60876424880428,59.73917616586952,89.60876424880428,long
64852,64854,loss,-59.73917616586952,59.73917616586952,89.60876424880428,short
64859,64875,loss,-59.73917616586952,59.73917616586952,89.60876424880428,short
64877,64880,win,89.60876424880428,59.73917616586952,89.60876424880428,long
64881,64887,loss,-59.73917616586952,59.73917616586952,89.60876424880428,long
64916,64919,win,89.60876424880428,59.73917616586952,89.60876424880428,short
64923,64939,loss,-59.73917616586952,59.73917616586952,89.60876424880428,short
64962,64966,win,89.60876424880428,59.73917616586952,89.60876424880428,long
64968,64977,loss,-59.73917616586952,59.73917616586952,89.60876424880428,long
64986,64989,loss,-59.73917616586952,59.73917616586952,89.60876424880428,short
65011,65016,loss,-59.73917616586952,59.73917616586952,89.60876424880428,short
65018,65027,loss,-59.73917616586952,59.73917616586952,89.60876424880428,long
65069,65070,win,89.60876424880428,59.73917616586952,89.60876424880428,long
65074,65075,win,89.60876424880428,59.73917616586952,89.60876424880428,long
65076,65077,loss,-59.73917616586952,59.73917616586952,89.60876424880428,long
65082,65084,win,89.60876424880428,59.73917616586952,89.60876424880428,short
65085,65086,loss,-59.73917616586952,59.73917616586952,89.60876424880428,short
65166,65169,loss,-59.73917616586952,59.73917616586952,89.60876424880428,short
65218,65223,win,89.60876424880428,59.73917616586952,89.60876424880428,long
65224,65225,win,89.60876424880428,59.73917616586952,89.60876424880428,long
65237,65238,loss,-59.73917616586952,59.73917616586952,89.60876424880428,short
65248,65251,loss,-59.73917616586952,59.73917616586952,89.60876424880428,short
65254,65255,loss,-59.73917616586952,59.73917616586952,89.60876424880428,long
65261,65262,win,89.60876424880428,59.73917616586952,89.60876424880428,long
65263,65264,loss,-59.73917616586952,59.73917616586952,89.60876424880428,long
65277,65279,win,89.60876424880428,59.73917616586952,89.60876424880428,short
65280,65282,loss,-59.73917616586952,59.73917616586952,89.60876424880428,short
65283,65284,loss,-59.73917616586952,59.73917616586952,89.60876424880428,short
65286,65287,win,89.60876424880428,59.73917616586952,89.60876424880428,short
65288,65289,loss,-59.73917616586952,59.73917616586952,89.60876424880428,short
65386,65391,loss,-59.73917616586952,59.73917616586952,89.60876424880428,long
65396,65397,loss,-59.73917616586952,59.73917616586952,89.60876424880428,long
65405,65410,win,89.60876424880428,59.73917616586952,89.60876424880428,long
65411,65415,loss,-59.73917616586952,59.73917616586952,89.60876424880428,long
65416,65422,win,89.60876424880428,59.73917616586952,89.60876424880428,long
65437,65442,loss,-59.73917616586952,59.73917616586952,89.60876424880428,short
65444,65449,win,89.60876424880428,59.73917616586952,89.60876424880428,short
65519,65525,loss,-59.73917616586952,59.73917616586952,89.60876424880428,long
65540,65543,loss,-59.73917616586952,59.73917616586952,89.60876424880428,long
65556,65558,loss,-59.73917616586952,59.73917616586952,89.60876424880428,short
65574,65578,win,89.60876424880428,59.73917616586952,89.60876424880428,short
65580,65581,loss,-59.73917616586952,59.73917616586952,89.60876424880428,short
65600,65603,win,89.60876424880428,59.73917616586952,89.60876424880428,short
65617,65624,loss,-59.73917616586952,59.73917616586952,89.60876424880428,long
65655,65657,loss,-59.73917616586952,59.73917616586952,89.60876424880428,long
65669,65674,win,89.60876424880428,59.73917616586952,89.60876424880428,short
65726,65738,loss,-59.73917616586952,59.73917616586952,89.60876424880428,short
65793,65805,win,89.60876424880428,59.73917616586952,89.60876424880428,long
65819,65823,loss,-59.73917616586952,59.73917616586952,89.60876424880428,short
65835,65843,loss,-59.73917616586952,59.73917616586952,89.60876424880428,long
65879,65880,loss,-59.73917616586952,59.73917616586952,89.60876424880428,short
65881,65883,loss,-59.73917616586952,59.73917616586952,89.60876424880428,short
65888,65901,win,89.60876424880428,59.73917616586952,89.60876424880428,long
65910,65924,win,89.60876424880428,59.73917616586952,89.60876424880428,short
65926,65931,win,89.60876424880428,59.73917616586952,89.60876424880428,short
65932,65939,win,89.60876424880428,59.73917616586952,89.60876424880428,short
65983,65990,loss,-59.73917616586952,59.73917616586952,89.60876424880428,long
65996,66001,win,89.60876424880428,59.73917616586952,89.60876424880428,short
66002,66005,win,89.60876424880428,59.73917616586952,89.60876424880428,short
66008,66014,win,89.60876424880428,59.73917616586952,89.60876424880428,short
66015,66016,loss,-59.73917616586952,59.73917616586952,89.60876424880428,short
66047,66051,loss,-59.73917616586952,59.73917616586952,89.60876424880428,long
66089,66095,win,89.60876424880428,59.73917616586952,89.60876424880428,long
66102,66107,loss,-59.73917616586952,59.73917616586952,89.60876424880428,long
66116,66119,win,89.60876424880428,59.73917616586952,89.60876424880428,short
66120,66125,win,89.60876424880428,59.73917616586952,89.60876424880428,short
66126,66129,win,89.60876424880428,59.73917616586952,89.60876424880428,short
66130,66131,loss,-59.73917616586952,59.73917616586952,89.60876424880428,short
66181,66186,win,89.60876424880428,59.73917616586952,89.60876424880428,long
66187,66193,loss,-59.73917616586952,59.73917616586952,89.60876424880428,long
66201,66210,win,89.60876424880428,59.73917616586952,89.60876424880428,short
66212,66218,loss,-59.73917616586952,59.73917616586952,89.60876424880428,short
66273,66283,loss,-59.73917616586952,59.73917616586952,89.60876424880428,short
66287,66289,loss,-59.73917616586952,59.73917616586952,89.60876424880428,long
66291,66307,loss,-59.73917616586952,59.73917616586952,89.60876424880428,long
66321,66324,loss,-59.73917616586952,59.73917616586952,89.60876424880428,short
66366,66379,win,89.60876424880428,59.73917616586952,89.60876424880428,long
66426,66429,win,89.60876424880428,59.73917616586952,89.60876424880428,long
66435,66451,loss,-59.73917616586952,59.73917616586952,89.60876424880428,long
66510,66518,win,89.60876424880428,59.73917616586952,89.60876424880428,short
66519,66520,win,89.60876424880428,59.73917616586952,89.60876424880428,short
66594,66597,loss,-59.73917616586952,59.73917616586952,89.60876424880428,short
66613,66629,loss,-59.73917616586952,59.73917616586952,89.60876424880428,short
66630,66631,loss,-59.73917616586952,59.73917616586952,89.60876424880428,long
66632,66649,win,89.60876424880428,59.73917616586952,89.60876424880428,long
66654,66675,loss,-59.73917616586952,59.73917616586952,89.60876424880428,long
66678,66700,win,89.60876424880428,59.73917616586952,89.60876424880428,short
66722,66743,loss,-59.73917616586952,59.73917616586952,89.60876424880428,long
66788,66789,loss,-59.73917616586952,59.73917616586952,89.60876424880428,short
66791,66792,win,89.60876424880428,59.73917616586952,89.60876424880428,long
66793,66800,loss,-59.73917616586952,59.73917616586952,89.60876424880428,long
66807,66811,win,89.60876424880428,59.73917616586952,89.60876424880428,short
66812,66818,win,89.60876424880428,59.73917616586952,89.60876424880428,short
66820,66824,loss,-59.73917616586952,59.73917616586952,89.60876424880428,short
66864,66878,loss,-59.73917616586952,59.73917616586952,89.60876424880428,long
66962,66967,loss,-59.73917616586952,59.73917616586952,89.60876424880428,short
66968,66969,win,89.60876424880428,59.73917616586952,89.60876424880428,long
66970,66971,loss,-59.73917616586952,59.73917616586952,89.60876424880428,long
66975,66985,loss,-59.73917616586952,59.73917616586952,89.60876424880428,long
67007,67016,win,89.60876424880428,59.73917616586952,89.60876424880428,short
67105,67106,loss,-59.73917616586952,59.73917616586952,89.60876424880428,short
67120,67124,win,89.60876424880428,59.73917616586952,89.60876424880428,short
67137,67149,loss,-59.73917616586952,59.73917616586952,89.60876424880428,long
67174,67196,win,89.60876424880428,59.73917616586952,89.60876424880428,short
67212,67236,loss,-59.73917616586952,59.73917616586952,89.60876424880428,long
67250,67258,loss,-59.73917616586952,59.73917616586952,89.60876424880428,long
67268,67275,loss,-59.73917616586952,59.73917616586952,89.60876424880428,short
67278,67280,loss,-59.73917616586952,59.73917616586952,89.60876424880428,short
67309,67310,loss,-59.73917616586952,59.73917616586952,89.60876424880428,short
67312,67319,loss,-59.73917616586952,59.73917616586952,89.60876424880428,long
67323,67326,loss,-59.73917616586952,59.73917616586952,89.60876424880428,long
67332,67333,win,89.60876424880428,59.73917616586952,89.60876424880428,short
67434,67441,win,89.60876424880428,59.73917616586952,89.60876424880428,short
67443,67446,loss,-59.73917616586952,59.73917616586952,89.60876424880428,short
67447,67449,win,89.60876424880428,59.73917616586952,89.60876424880428,long
67452,67466,win,89.60876424880428,59.73917616586952,89.60876424880428,long
67543,67555,win,89.60876424880428,59.73917616586952,89.60876424880428,long
67556,67558,loss,-59.73917616586952,59.73917616586952,89.60876424880428,long
67591,67602,loss,-59.73917616586952,59.73917616586952,89.60876424880428,short
67636,67641,loss,-59.73917616586952,59.73917616586952,89.60876424880428,short
67642,67653,win,89.60876424880428,59.73917616586952,89.60876424880428,short
67673,67675,loss,-59.73917616586952,59.73917616586952,89.60876424880428,long
67698,67718,loss,-59.73917616586952,59.73917616586952,89.60876424880428,short
67746,67758,loss,-59.73917616586952,59.73917616586952,89.60876424880428,long
67768,67771,loss,-59.73917616586952,59.73917616586952,89.60876424880428,long
67779,67787,loss,-59.73917616586952,59.73917616586952,89.60876424880428,short
67829,67832,win,89.60876424880428,59.73917616586952,89.60876424880428,short
67947,67948,loss,-59.73917616586952,59.73917616586952,89.60876424880428,short
67959,67970,loss,-59.73917616586952,59.73917616586952,89.60876424880428,long
67971,68005,win,89.60876424880428,59.73917616586952,89.60876424880428,long
68025,68037,win,89.60876424880428,59.73917616586952,89.60876424880428,short
68042,68050,win,89.60876424880428,59.73917616586952,89.60876424880428,short
68051,68061,loss,-59.73917616586952,59.73917616586952,89.60876424880428,short
68065,68079,loss,-59.73917616586952,59.73917616586952,89.60876424880428,long
68116,68126,win,89.60876424880428,59.73917616586952,89.60876424880428,short
68144,68153,win,89.60876424880428,59.73917616586952,89.60876424880428,long
68154,68185,win,89.60876424880428,59.73917616586952,89.60876424880428,long
68186,68194,loss,-59.73917616586952,59.73917616586952,89.60876424880428,long
68199,68208,win,89.60876424880428,59.73917616586952,89.60876424880428,short
68209,68215,loss,-59.73917616586952,59.73917616586952,89.60876424880428,short
68276,68283,loss,-59.73917616586952,59.73917616586952,89.60876424880428,short
68311,68341,win,89.60876424880428,59.73917616586952,89.60876424880428,short
68361,68375,win,89.60876424880428,59.73917616586952,89.60876424880428,short
68382,68385,loss,-59.73917616586952,59.73917616586952,89.60876424880428,long
68387,68394,loss,-59.73917616586952,59.73917616586952,89.60876424880428,long
68447,68450,loss,-59.73917616586952,59.73917616586952,89.60876424880428,long
68454,68455,loss,-59.73917616586952,59.73917616586952,89.60876424880428,long
68491,68492,win,89.60876424880428,59.73917616586952,89.60876424880428,short
68493,68495,loss,-59.73917616586952,59.73917616586952,89.60876424880428,short
68504,68505,loss,-59.73917616586952,59.73917616586952,89.60876424880428,short
68538,68543,loss,-59.73917616586952,59.73917616586952,89.60876424880428,long
68563,68565,win,89.60876424880428,59.73917616586952,89.60876424880428,long
68566,68573,loss,-59.73917616586952,59.73917616586952,89.60876424880428,long
68580,68582,loss,-59.73917616586952,59.73917616586952,89.60876424880428,short
68632,68635,win,89.60876424880428,59.73917616586952,89.60876424880428,long
68636,68648,win,89.60876424880428,59.73917616586952,89.60876424880428,long
68673,68674,loss,-59.73917616586952,59.73917616586952,89.60876424880428,short
68678,68681,loss,-59.73917616586952,59.73917616586952,89.60876424880428,short
68722,68723,loss,-59.73917616586952,59.73917616586952,89.60876424880428,short
68724,68732,win,89.60876424880428,59.73917616586952,89.60876424880428,short
68733,68738,win,89.60876424880428,59.73917616586952,89.60876424880428,short
68770,68773,loss,-59.73917616586952,59.73917616586952,89.60876424880428,long
68813,68814,win,89.60876424880428,59.73917616586952,89.60876424880428,short
68815,68816,loss,-59.73917616586952,59.73917616586952,89.60876424880428,short
68828,68832,loss,-59.73917616586952,59.73917616586952,89.60876424880428,long
68902,68916,win,89.60876424880428,59.73917616586952,89.60876424880428,short
68929,68931,loss,-59.73917616586952,59.73917616586952,89.60876424880428,long
68944,68945,loss,-59.73917616586952,59.73917616586952,89.60876424880428,short
68955,68958,win,89.60876424880428,59.73917616586952,89.60876424880428,long
68959,68961,loss,-59.73917616586952,59.73917616586952,89.60876424880428,long
69060,69064,win,89.60876424880428,59.73917616586952,89.60876424880428,short
69065,69082,win,89.60876424880428,59.73917616586952,89.60876424880428,short
69103,69109,win,89.60876424880428,59.73917616586952,89.60876424880428,long
69140,69151,win,89.60876424880428,59.73917616586952,89.60876424880428,short
69152,69157,loss,-59.73917616586952,59.73917616586952,89.60876424880428,short
69170,69178,win,89.60876424880428,59.73917616586952,89.60876424880428,long
69179,69184,win,89.60876424880428,59.73917616586952,89.60876424880428,long
69226,69235,loss,-59.73917616586952,59.73917616586952,89.60876424880428,long
69312,69315,loss,-59.73917616586952,59.73917616586952,89.60876424880428,short
69343,69351,loss,-59.73917616586952,59.73917616586952,89.60876424880428,long
69370,69374,win,89.60876424880428,59.73917616586952,89.60876424880428,short
69417,69425,win,89.60876424880428,59.73917616586952,89.60876424880428,short
69442,69457,loss,-59.73917616586952,59.73917616586952,89.60876424880428,long
69480,69481,win,89.60876424880428,59.73917616586952,89.60876424880428,long
69489,69515,loss,-59.73917616586952,59.73917616586952,89.60876424880428,long
69544,69550,loss,-59.73917616586952,59.73917616586952,89.60876424880428,short
69555,69581,win,89.60876424880428,59.73917616586952,89.60876424880428,long
69595,69597,loss,-59.73917616586952,59.73917616586952,89.60876424880428,long
69599,69608,win,89.60876424880428,59.73917616586952,89.60876424880428,long
69629,69631,win,89.60876424880428,59.73917616586952,89.60876424880428,short
69632,69634,loss,-59.73917616586952,59.73917616586952,89.60876424880428,short
69655,69658,win,89.60876424880428,59.73917616586952,89.60876424880428,short
69704,69710,loss,-59.73917616586952,59.73917616586952,89.60876424880428,long
69757,69765,loss,-59.73917616586952,59.73917616586952,89.60876424880428,short
69790,69791,win,89.60876424880428,59.73917616586952,89.60876424880428,long
69819,69820,loss,-59.73917616586952,59.73917616586952,89.60876424880428,short
69824,69830,win,89.60876424880428,59.73917616586952,89.60876424880428,short
69831,69837,loss,-59.73917616586952,59.73917616586952,89.60876424880428,short
69859,69868,win,89.60876424880428,59.73917616586952,89.60876424880428,long
69900,69903,loss,-59.73917616586952,59.73917616586952,89.60876424880428,long
69905,69929,win,89.60876424880428,59.73917616586952,89.60876424880428,long
69950,69952,win,89.60876424880428,59.73917616586952,89.60876424880428,short
69953,69955,win,89.60876424880428,59.73917616586952,89.60876424880428,short
69956,69957,loss,-59.73917616586952,59.73917616586952,89.60876424880428,short
69981,69994,win,89.60876424880428,59.73917616586952,89.60876424880428,long
69997,69999,loss,-59.73917616586952,59.73917616586952,89.60876424880428,long
70069,70073,win,89.60876424880428,59.73917616586952,89.60876424880428,long
70074,70076,win,89.60876424880428,59.73917616586952,89.60876424880428,long
70077,70082,loss,-59.73917616586952,59.73917616586952,89.60876424880428,long
70090,70092,loss,-59.73917616586952,59.73917616586952,89.60876424880428,short
70094,70098,loss,-59.73917616586952,59.73917616586952,89.60876424880428,short
70133,70135,win,89.60876424880428,59.73917616586952,89.60876424880428,short
70136,70138,loss,-59.73917616586952,59.73917616586952,89.60876424880428,short
70158,70166,win,89.60876424880428,59.73917616586952,89.60876424880428,long
70167,70174,loss,-59.73917616586952,59.73917616586952,89.60876424880428,long
70231,70236,loss,-59.73917616586952,59.73917616586952,89.60876424880428,short
70248,70250,win,89.60876424880428,59.73917616586952,89.60876424880428,long
70255,70265,win,89.60876424880428,59.73917616586952,89.60876424880428,long
70272,70280,win,89.60876424880428,59.73917616586952,89.60876424880428,long
70291,70310,win,89.60876424880428,59.73917616586952,89.60876424880428,short
70362,70366,win,89.60876424880428,59.73917616586952,89.60876424880428,long
70367,70373,loss,-59.73917616586952,59.73917616586952,89.60876424880428,long
70406,70407,loss,-59.73917616586952,59.73917616586952,89.60876424880428,short
70464,70468,loss,-59.73917616586952,59.73917616586952,89.60876424880428,long
70476,70479,loss,-59.73917616586952,59.73917616586952,89.60876424880428,short
70538,70541,loss,-59.73917616586952,59.73917616586952,89.60876424880428,short
70546,70560,loss,-59.73917616586952,59.73917616586952,89.60876424880428,long
70572,70588,loss,-59.73917616586952,59.73917616586952,89.60876424880428,long
70589,70590,loss,-59.73917616586952,59.73917616586952,89.60876424880428,short
70591,70608,win,89.60876424880428,59.73917616586952,89.60876424880428,short
70612,70613,win,89.60876424880428,59.73917616586952,89.60876424880428,short
70614,70622,loss,-59.73917616586952,59.73917616586952,89.60876424880428,short
70649,70654,loss,-59.73917616586952,59.73917616586952,89.60876424880428,long
70667,70673,win,89.60876424880428,59.73917616586952,89.60876424880428,long
70675,70676,loss,-59.73917616586952,59.73917616586952,89.60876424880428,long
70706,70709,win,89.60876424880428,59.73917616586952,89.60876424880428,short
70711,70717,win,89.60876424880428,59.73917616586952,89.60876424880428,short
70764,70770,loss,-59.73917616586952,59.73917616586952,89.60876424880428,long
70774,70775,loss,-59.73917616586952,59.73917616586952,89.60876424880428,short
70784,70787,win,89.60876424880428,59.73917616586952,89.60876424880428,short
70789,70804,loss,-59.73917616586952,59.73917616586952,89.60876424880428,short
70834,70838,loss,-59.73917616586952,59.73917616586952,89.60876424880428,short
70842,70877,loss,-59.73917616586952,59.73917616586952,89.60876424880428,long
70953,70976,loss,-59.73917616586952,59.73917616586952,89.60876424880428,short
70978,70989,loss,-59.73917616586952,59.73917616586952,89.60876424880428,long
71001,71007,loss,-59.73917616586952,59.73917616586952,89.60876424880428,long
71008,71018,win,89.60876424880428,59.73917616586952,89.60876424880428,long
71094,71111,win,89.60876424880428,59.73917616586952,89.60876424880428,short
71112,71113,win,89.60876424880428,59.73917616586952,89.60876424880428,short
71114,71123,win,89.60876424880428,59.73917616586952,89.60876424880428,short
71158,71180,win,89.60876424880428,59.73917616586952,89.60876424880428,long
71181,71187,win,89.60876424880428,59.73917616586952,89.60876424880428,long
71188,71189,loss,-59.73917616586952,59.73917616586952,89.60876424880428,long
71193,71196,loss,-59.73917616586952,59.73917616586952,89.60876424880428,long
71217,71219,loss,-59.73917616586952,59.73917616586952,89.60876424880428,short
71221,71225,loss,-59.73917616586952,59.73917616586952,89.60876424880428,short
71244,71245,loss,-59.73917616586952,59.73917616586952,89.60876424880428,short
71262,71264,loss,-59.73917616586952,59.73917616586952,89.60876424880428,short
71266,71269,loss,-59.73917616586952,59.73917616586952,89.60876424880428,short
71296,71297,loss,-59.73917616586952,59.73917616586952,89.60876424880428,long
71299,71300,win,89.60876424880428,59.73917616586952,89.60876424880428,long
71302,71303,loss,-59.73917616586952,59.73917616586952,89.60876424880428,long
71312,71313,loss,-59.73917616586952,59.73917616586952,89.60876424880428,long
71324,71330,loss,-59.73917616586952,59.73917616586952,89.60876424880428,short
71343,71345,win,89.60876424880428,59.73917616586952,89.60876424880428,short
71346,71350,loss,-59.73917616586952,59.73917616586952,89.60876424880428,short
71369,71370,loss,-59.73917616586952,59.73917616586952,89.60876424880428,long
71371,71379,win,89.60876424880428,59.73917616586952,89.60876424880428,long
71415,71425,win,89.60876424880428,59.73917616586952,89.60876424880428,short
71430,71432,loss,-59.73917616586952,59.73917616586952,89.60876424880428,short
71460,71467,loss,-59.73917616586952,59.73917616586952,89.60876424880428,long
71505,71519,loss,-59.73917616586952,59.73917616586952,89.60876424880428,long
71529,71533,win,89.60876424880428,59.73917616586952,89.60876424880428,short
71536,71541,loss,-59.73917616586952,59.73917616586952,89.60876424880428,short
71548,71558,loss,-59.73917616586952,59.73917616586952,89.60876424880428,long
71571,71582,win,89.60876424880428,59.73917616586952,89.60876424880428,long
71601,71605,win,89.60876424880428,59.73917616586952,89.60876424880428,short
71606,71610,loss,-59.73917616586952,59.73917616586952,89.60876424880428,short
71624,71627,win,89.60876424880428,59.73917616586952,89.60876424880428,short
71628,71633,loss,-59.73917616586952,59.73917616586952,89.60876424880428,short
71652,71657,win,89.60876424880428,59.73917616586952,89.60876424880428,long
71658,71661,loss,-59.73917616586952,59.73917616586952,89.60876424880428,long
71674,71681,loss,-59.73917616586952,59.73917616586952,89.60876424880428,long
71684,71685,loss,-59.73917616586952,59.73917616586952,89.60876424880428,long
71708,71709,loss,-59.73917616586952,59.73917616586952,89.60876424880428,long
71726,71728,loss,-59.73917616586952,59.73917616586952,89.60876424880428,short
71730,71732,win,89.60876424880428,59.73917616586952,89.60876424880428,short
71733,71735,loss,-59.73917616586952,59.73917616586952,89.60876424880428,short
71738,71745,loss,-59.73917616586952,59.73917616586952,89.60876424880428,short
71808,71819,win,89.60876424880428,59.73917616586952,89.60876424880428,long
71876,71884,loss,-59.73917616586952,59.73917616586952,89.60876424880428,long
71901,71911,loss,-59.73917616586952,59.73917616586952,89.60876424880428,long
71916,71924,loss,-59.73917616586952,59.73917616586952,89.60876424880428,short
71936,71940,loss,-59.73917616586952,59.73917616586952,89.60876424880428,short
71980,71981,loss,-59.73917616586952,59.73917616586952,89.60876424880428,long
72005,72007,win,89.60876424880428,59.73917616586952,89.60876424880428,long
72013,72026,loss,-59.73917616586952,59.73917616586952,89.60876424880428,long
72035,72036,loss,-59.73917616586952,59.73917616586952,89.60876424880428,long
72049,72050,loss,-59.73917616586952,59.73917616586952,89.60876424880428,short
72072,72073,win,89.60876424880428,59.73917616586952,89.60876424880428,short
72074,72076,loss,-59.73917616586952,59.73917616586952,89.60876424880428,short
72127,72132,loss,-59.73917616586952,59.73917616586952,89.60876424880428,long
72151,72157,loss,-59.73917616586952,59.73917616586952,89.60876424880428,long
72164,72165,loss,-59.73917616586952,59.73917616586952,89.60876424880428,short
72166,72183,win,89.60876424880428,59.73917616586952,89.60876424880428,short
72209,72210,loss,-59.73917616586952,59.73917616586952,89.60876424880428,long
72234,72236,win,89.60876424880428,59.73917616586952,89.60876424880428,short
72292,72303,win,89.60876424880428,59.73917616586952,89.60876424880428,long
72305,72306,loss,-59.73917616586952,59.73917616586952,89.60876424880428,long
72308,72315,loss,-59.73917616586952,59.73917616586952,89.60876424880428,long
72341,72346,loss,-59.73917616586952,59.73917616586952,89.60876424880428,short
72382,72387,loss,-59.73917616586952,59.73917616586952,89.60876424880428,short
72392,72402,win,89.60876424880428,59.73917616586952,89.60876424880428,short
72460,72469,loss,-59.73917616586952,59.73917616586952,89.60876424880428,long
72526,72527,win,89.60876424880428,59.73917616586952,89.60876424880428,short
72528,72530,win,89.60876424880428,59.73917616586952,89.60876424880428,short
72531,72541,win,89.60876424880428,59.73917616586952,89.60876424880428,short
72599,72617,loss,-59.73917616586952,59.73917616586952,89.60876424880428,short
72618,72636,loss,-59.73917616586952,59.73917616586952,89.60876424880428,long
72674,72679,loss,-59.73917616586952,59.73917616586952,89.60876424880428,short
72688,72699,loss,-59.73917616586952,59.73917616586952,89.60876424880428,short
72705,72714,loss,-59.73917616586952,59.73917616586952,89.60876424880428,long
72722,72731,win,89.60876424880428,59.73917616586952,89.60876424880428,short
72733,72748,win,89.60876424880428,59.73917616586952,89.60876424880428,long
72798,72801,loss,-59.73917616586952,59.73917616586952,89.60876424880428,short
72865,72866,win,89.60876424880428,59.73917616586952,89.60876424880428,long
72867,72868,loss,-59.73917616586952,59.73917616586952,89.60876424880428,long
72913,72931,win,89.60876424880428,59.73917616586952,89.60876424880428,short
72971,72976,loss,-59.73917616586952,59.73917616586952,89.60876424880428,long
73053,73067,loss,-59.73917616586952,59.73917616586952,89.60876424880428,short
73068,73069,loss,-59.73917616586952,59.73917616586952,89.60876424880428,long
73070,73089,loss,-59.73917616586952,59.73917616586952,89.60876424880428,short
73094,73095,loss,-59.73917616586952,59.73917616586952,89.60876424880428,long
73161,73228,loss,-59.73917616586952,59.73917616586952,89.60876424880428,long
73242,73250,win,89.60876424880428,59.73917616586952,89.60876424880428,long
73251,73253,win,89.60876424880428,59.73917616586952,89.60876424880428,long
73254,73273,loss,-59.73917616586952,59.73917616586952,89.60876424880428,long
73283,73286,loss,-59.73917616586952,59.73917616586952,89.60876424880428,short
73299,73316,win,89.60876424880428,59.73917616586952,89.60876424880428,short
73362,73364,loss,-59.73917616586952,59.73917616586952,89.60876424880428,long
73382,73401,win,89.60876424880428,59.73917616586952,89.60876424880428,long
73411,73412,win,89.60876424880428,59.73917616586952,89.60876424880428,short
73413,73423,loss,-59.73917616586952,59.73917616586952,89.60876424880428,short
73433,73456,win,89.60876424880428,59.73917616586952,89.60876424880428,long
73460,73463,loss,-59.73917616586952,59.73917616586952,89.60876424880428,long
73482,73488,loss,-59.73917616586952,59.73917616586952,89.60876424880428,short
73556,73562,loss,-59.73917616586952,59.73917616586952,89.60876424880428,long
73572,73593,win,89.60876424880428,59.73917616586952,89.60876424880428,short
73594,73618,win,89.60876424880428,59.73917616586952,89.60876424880428,short
73622,73637,loss,-59.73917616586952,59.73917616586952,89.60876424880428,short
73639,73640,loss,-59.73917616586952,59.73917616586952,89.60876424880428,long
73653,73662,loss,-59.73917616586952,59.73917616586952,89.60876424880428,short
73738,73751,loss,-59.73917616586952,59.73917616586952,89.60876424880428,short
73752,73756,loss,-59.73917616586952,59.73917616586952,89.60876424880428,long
73772,73787,loss,-59.73917616586952,59.73917616586952,89.60876424880428,long
73815,73822,loss,-59.73917616586952,59.73917616586952,89.60876424880428,long
73836,73845,win,89.60876424880428,59.73917616586952,89.60876424880428,long
73846,73892,loss,-59.73917616586952,59.73917616586952,89.60876424880428,long
73893,73896,loss,-59.73917616586952,59.73917616586952,89.60876424880428,short
73924,73935,loss,-59.73917616586952,59.73917616586952,89.60876424880428,long
73937,73958,win,89.60876424880428,59.73917616586952,89.60876424880428,long
73984,74004,loss,-59.73917616586952,59.73917616586952,89.60876424880428,short
74031,74047,win,89.60876424880428,59.73917616586952,89.60876424880428,short
74049,74072,win,89.60876424880428,59.73917616586952,89.60876424880428,short
74076,74104,loss,-59.73917616586952,59.73917616586952,89.60876424880428,short
74105,74119,loss,-59.73917616586952,59.73917616586952,89.60876424880428,long
74160,74207,win,89.60876424880428,59.73917616586952,89.60876424880428,short
74215,74224,win,89.60876424880428,59.73917616586952,89.60876424880428,long
74232,74237,loss,-59.73917616586952,59.73917616586952,89.60876424880428,long
74284,74299,loss,-59.73917616586952,59.73917616586952,89.60876424880428,short
74300,74305,loss,-59.73917616586952,59.73917616586952,89.60876424880428,long
74309,74321,win,89.60876424880428,59.73917616586952,89.60876424880428,short
74379,74390,win,89.60876424880428,59.73917616586952,89.60876424880428,short
74415,74418,win,89.60876424880428,59.73917616586952,89.60876424880428,short
74432,74437,loss,-59.73917616586952,59.73917616586952,89.60876424880428,long
74452,74459,win,89.60876424880428,59.73917616586952,89.60876424880428,long
74466,74477,win,89.60876424880428,59.73917616586952,89.60876424880428,short
74534,74549,loss,-59.73917616586952,59.73917616586952,89.60876424880428,long
74580,74601,win,89.60876424880428,59.73917616586952,89.60876424880428,long
74619,74622,loss,-59.73917616586952,59.73917616586952,89.60876424880428,short
74669,74678,loss,-59.73917616586952,59.73917616586952,89.60876424880428,short
74682,74685,win,89.60876424880428,59.73917616586952,89.60876424880428,long
74686,74687,loss,-59.73917616586952,59.73917616586952,89.60876424880428,long
74688,74691,win,89.60876424880428,59.73917616586952,89.60876424880428,long
74702,74705,loss,-59.73917616586952,59.73917616586952,89.60876424880428,short
74755,74756,loss,-59.73917616586952,59.73917616586952,89.60876424880428,long
74769,74773,loss,-59.73917616586952,59.73917616586952,89.60876424880428,short
74809,74811,win,89.60876424880428,59.73917616586952,89.60876424880428,short
74812,74813,loss,-59.73917616586952,59.73917616586952,89.60876424880428,short
74859,74870,win,89.60876424880428,59.73917616586952,89.60876424880428,long
74921,74924,loss,-59.73917616586952,59.73917616586952,89.60876424880428,long
74935,74939,loss,-59.73917616586952,59.73917616586952,89.60876424880428,short
74972,74984,loss,-59.73917616586952,59.73917616586952,89.60876424880428,short
75001,75010,loss,-59.73917616586952,59.73917616586952,89.60876424880428,long
75044,75065,win,89.60876424880428,59.73917616586952,89.60876424880428,short
75105,75110,loss,-59.73917616586952,59.73917616586952,89.60876424880428,short
75125,75139,loss,-59.73917616586952,59.73917616586952,89.60876424880428,long
75154,75171,loss,-59.73917616586952,59.73917616586952,89.60876424880428,short
75172,75191,loss,-59.73917616586952,59.73917616586952,89.60876424880428,long
75192,75196,loss,-59.73917616586952,59.73917616586952,89.60876424880428,long
75204,75215,loss,-59.73917616586952,59.73917616586952,89.60876424880428,long
75223,75230,loss,-59.73917616586952,59.73917616586952,89.60876424880428,short
75270,75272,loss,-59.73917616586952,59.73917616586952,89.60876424880428,short
75296,75301,loss,-59.73917616586952,59.73917616586952,89.60876424880428,long
75334,75341,loss,-59.73917616586952,59.73917616586952,89.60876424880428,short
75359,75374,win,89.60876424880428,59.73917616586952,89.60876424880428,long
75427,75437,loss,-59.73917616586952,59.73917616586952,89.60876424880428,long
75442,75464,win,89.60876424880428,59.73917616586952,89.60876424880428,short
75465,75475,loss,-59.73917616586952,59.73917616586952,89.60876424880428,short
75491,75496,win,89.60876424880428,59.73917616586952,89.60876424880428,long
75510,75511,win,89.60876424880428,59.73917616586952,89.60876424880428,short
75512,75514,loss,-59.73917616586952,59.73917616586952,89.60876424880428,short
75603,75604,loss,-59.73917616586952,59.73917616586952,89.60876424880428,short
75605,75619,win,89.60876424880428,59.73917616586952,89.60876424880428,short
75641,75648,win,89.60876424880428,59.73917616586952,89.60876424880428,long
75677,75678,win,89.60876424880428,59.73917616586952,89.60876424880428,long
75679,75681,win,89.60876424880428,59.73917616586952,89.60876424880428,long
75687,75688,loss,-59.73917616586952,59.73917616586952,89.60876424880428,long
75690,75694,loss,-59.73917616586952,59.73917616586952,89.60876424880428,long
75717,75719,loss,-59.73917616586952,59.73917616586952,89.60876424880428,short
75722,75735,loss,-59.73917616586952,59.73917616586952,89.60876424880428,short
75751,75764,win,89.60876424880428,59.73917616586952,89.60876424880428,long
75765,75783,loss,-59.73917616586952,59.73917616586952,89.60876424880428,long
75792,75808,loss,-59.73917616586952,59.73917616586952,89.60876424880428,short
75818,75820,loss,-59.73917616586952,59.73917616586952,89.60876424880428,long
75831,75832,win,89.60876424880428,59.73917616586952,89.60876424880428,long
75857,75862,loss,-59.73917616586952,59.73917616586952,89.60876424880428,short
75889,75896,loss,-59.73917616586952,59.73917616586952,89.60876424880428,long
75902,75907,win,89.60876424880428,59.73917616586952,89.60876424880428,short
75908,75916,loss,-59.73917616586952,59.73917616586952,89.60876424880428,short
75969,75971,win,89.60876424880428,59.73917616586952,89.60876424880428,short
75973,75976,loss,-59.73917616586952,59.73917616586952,89.60876424880428,short
76032,76037,win,89.60876424880428,59.73917616586952,89.60876424880428,short
76038,76041,loss,-59.73917616586952,59.73917616586952,89.60876424880428,short
76051,76065,loss,-59.73917616586952,59.73917616586952,89.60876424880428,long
76111,76114,loss,-59.73917616586952,59.73917616586952,89.60876424880428,short
76123,76128,win,89.60876424880428,59.73917616586952,89.60876424880428,long
76170,76175,win,89.60876424880428,59.73917616586952,89.60876424880428,short
76179,76187,loss,-59.73917616586952,59.73917616586952,89.60876424880428,short
76191,76192,loss,-59.73917616586952,59.73917616586952,89.60876424880428,short
76201,76209,loss,-59.73917616586952,59.73917616586952,89.60876424880428,short
76215,76226,win,89.60876424880428,59.73917616586952,89.60876424880428,long
76227,76238,win,89.60876424880428,59.73917616586952,89.60876424880428,long
76239,76244,win,89.60876424880428,59.73917616586952,89.60876424880428,long
76315,76336,loss,-59.73917616586952,59.73917616586952,89.60876424880428,short
76368,76376,win,89.60876424880428,59.73917616586952,89.60876424880428,long
76377,76379,loss,-59.73917616586952,59.73917616586952,89.60876424880428,long
76420,76428,loss,-59.73917616586952,59.73917616586952,89.60876424880428,short
76448,76451,loss,-59.73917616586952,59.73917616586952,89.60876424880428,short
76462,76474,loss,-59.73917616586952,59.73917616586952,89.60876424880428,long
76475,76483,loss,-59.73917616586952,59.73917616586952,89.60876424880428,short
76523,76542,loss,-59.73917616586952,59.73917616586952,89.60876424880428,long
76558,76565,win,89.60876424880428,59.73917616586952,89.60876424880428,short
76566,76567,loss,-59.73917616586952,59.73917616586952,89.60876424880428,short
76580,76589,loss,-59.73917616586952,59.73917616586952,89.60876424880428,long
76628,76635,loss,-59.73917616586952,59.73917616586952,89.60876424880428,long
76636,76653,win,89.60876424880428,59.73917616586952,89.60876424880428,short
76685,76704,loss,-59.73917616586952,59.73917616586952,89.60876424880428,long
76705,76706,loss,-59.73917616586952,59.73917616586952,89.60876424880428,short
76714,76748,win,89.60876424880428,59.73917616586952,89.60876424880428,long
76776,76788,loss,-59.73917616586952,59.73917616586952,89.60876424880428,short
76798,76806,loss,-59.73917616586952,59.73917616586952,89.60876424880428,short
76821,76827,loss,-59.73917616586952,59.73917616586952,89.60876424880428,long
76837,76859,loss,-59.73917616586952,59.73917616586952,89.60876424880428,short
76897,76909,loss,-59.73917616586952,59.73917616586952,89.60876424880428,long
76910,76928,loss,-59.73917616586952,59.73917616586952,89.60876424880428,long
76935,76936,win,89.60876424880428,59.73917616586952,89.60876424880428,long
76937,76957,win,89.60876424880428,59.73917616586952,89.60876424880428,long
76993,77000,loss,-59.73917616586952,59.73917616586952,89.60876424880428,short
77052,77053,loss,-59.73917616586952,59.73917616586952,89.60876424880428,long
77066,77093,win,89.60876424880428,59.73917616586952,89.60876424880428,short
77094,77095,win,89.60876424880428,59.73917616586952,89.60876424880428,short
77096,77100,win,89.60876424880428,59.73917616586952,89.60876424880428,short
77120,77140,loss,-59.73917616586952,59.73917616586952,89.60876424880428,long
77175,77184,loss,-59.73917616586952,59.73917616586952,89.60876424880428,short
77238,77241,win,89.60876424880428,59.73917616586952,89.60876424880428,long
77244,77251,loss,-59.73917616586952,59.73917616586952,89.60876424880428,long
77257,77258,win,89.60876424880428,59.73917616586952,89.60876424880428,short
77321,77322,win,89.60876424880428,59.73917616586952,89.60876424880428,long
77323,77324,loss,-59.73917616586952,59.73917616586952,89.60876424880428,long
77335,77344,loss,-59.73917616586952,59.73917616586952,89.60876424880428,short
77378,77379,win,89.60876424880428,59.73917616586952,89.60876424880428,long
77380,77381,win,89.60876424880428,59.73917616586952,89.60876424880428,long
77395,77397,loss,-59.73917616586952,59.73917616586952,89.60876424880428,short
77398,77401,loss,-59.73917616586952,59.73917616586952,89.60876424880428,short
77474,77476,loss,-59.73917616586952,59.73917616586952,89.60876424880428,short
77487,77488,win,89.60876424880428,59.73917616586952,89.60876424880428,long
77489,77492,loss,-59.73917616586952,59.73917616586952,89.60876424880428,long
77493,77494,loss,-59.73917616586952,59.73917616586952,89.60876424880428,long
77498,77499,loss,-59.73917616586952,59.73917616586952,89.60876424880428,long
77554,77555,win,89.60876424880428,59.73917616586952,89.60876424880428,short
77561,77563,loss,-59.73917616586952,59.73917616586952,89.60876424880428,short
77584,77589,win,89.60876424880428,59.73917616586952,89.60876424880428,long
77590,77591,loss,-59.73917616586952,59.73917616586952,89.60876424880428,long
77604,77605,win,89.60876424880428,59.73917616586952,89.60876424880428,short
77606,77607,loss,-59.73917616586952,59.73917616586952,89.60876424880428,short
77639,77640,loss,-59.73917616586952,59.73917616586952,89.60876424880428,long
77677,77678,loss,-59.73917616586952,59.73917616586952,89.60876424880428,short
77679,77682,loss,-59.73917616586952,59.73917616586952,89.60876424880428,short
77704,77705,loss,-59.73917616586952,59.73917616586952,89.60876424880428,long
77739,77742,win,89.60876424880428,59.73917616586952,89.60876424880428,short
77750,77751,loss,-59.73917616586952,59.73917616586952,89.60876424880428,short
77841,77842,win,89.60876424880428,59.73917616586952,89.60876424880428,short
77872,77877,win,89.60876424880428,59.73917616586952,89.60876424880428,short
77878,77879,loss,-59.73917616586952,59.73917616586952,89.60876424880428,short
77901,77904,loss,-59.73917616586952,59.73917616586952,89.60876424880428,long
77905,77906,loss,-59.73917616586952,59.73917616586952,89.60876424880428,long
77908,77915,loss,-59.73917616586952,59.73917616586952,89.60876424880428,long
78036,78037,win,89.60876424880428,59.73917616586952,89.60876424880428,long
78039,78044,win,89.60876424880428,59.73917616586952,89.60876424880428,long
78045,78049,win,89.60876424880428,59.73917616586952,89.60876424880428,long
78068,78076,win,89.60876424880428,59.73917616586952,89.60876424880428,short
78079,78083,loss,-59.73917616586952,59.73917616586952,89.60876424880428,short
78132,78133,win,89.60876424880428,59.73917616586952,89.60876424880428,long
78134,78150,loss,-59.73917616586952,59.73917616586952,89.60876424880428,long
78153,78155,loss,-59.73917616586952,59.73917616586952,89.60876424880428,short
78181,78186,win,89.60876424880428,59.73917616586952,89.60876424880428,long
78187,78191,win,89.60876424880428,59.73917616586952,89.60876424880428,long
78201,78203,loss,-59.73917616586952,59.73917616586952,89.60876424880428,short
78205,78210,loss,-59.73917616586952,59.73917616586952,89.60876424880428,short
78246,78247,loss,-59.73917616586952,59.73917616586952,89.60876424880428,short
78250,78256,win,89.60876424880428,59.73917616586952,89.60876424880428,short
78288,78293,loss,-59.73917616586952,59.73917616586952,89.60876424880428,long
78300,78303,win,89.60876424880428,59.73917616586952,89.60876424880428,long
78304,78308,loss,-59.73917616586952,59.73917616586952,89.60876424880428,long
78310,78314,win,89.60876424880428,59.73917616586952,89.60876424880428,long
78357,78358,loss,-59.73917616586952,59.73917616586952,89.60876424880428,short
78417,78421,loss,-59.73917616586952,59.73917616586952,89.60876424880428,short
78430,78444,loss,-59.73917616586952,59.73917616586952,89.60876424880428,long
78484,78491,loss,-59.73917616586952,59.73917616586952,89.60876424880428,long
78514,78515,win,89.60876424880428,59.73917616586952,89.60876424880428,short
78516,78518,win,89.60876424880428,59.73917616586952,89.60876424880428,short
78519,78520,loss,-59.73917616586952,59.73917616586952,89.60876424880428,short
78521,78522,loss,-59.73917616586952,59.73917616586952,89.60876424880428,short
78523,78525,win,89.60876424880428,59.73917616586952,89.60876424880428,short
78526,78528,loss,-59.73917616586952,59.73917616586952,89.60876424880428,short
78587,78588,loss,-59.73917616586952,59.73917616586952,89.60876424880428,long
78590,78593,loss,-59.73917616586952,59.73917616586952,89.60876424880428,long
78601,78609,win,89.60876424880428,59.73917616586952,89.60876424880428,short
78725,78726,loss,-59.73917616586952,59.73917616586952,89.60876424880428,long
78734,78735,loss,-59.73917616586952,59.73917616586952,89.60876424880428,long
78747,78748,win,89.60876424880428,59.73917616586952,89.60876424880428,short
78749,78751,win,89.60876424880428,59.73917616586952,89.60876424880428,short
78752,78764,loss,-59.73917616586952,59.73917616586952,89.60876424880428,short
78817,78818,loss,-59.73917616586952,59.73917616586952,89.60876424880428,short
78834,78837,win,89.60876424880428,59.73917616586952,89.60876424880428,long
78838,78857,win,89.60876424880428,59.73917616586952,89.60876424880428,long
78905,78908,loss,-59.73917616586952,59.73917616586952,89.60876424880428,short
78919,78924,win,89.60876424880428,59.73917616586952,89.60876424880428,long
78925,78930,win,89.60876424880428,59.73917616586952,89.60876424880428,long
78931,78932,win,89.60876424880428,59.73917616586952,89.60876424880428,long
78933,78934,loss,-59.73917616586952,59.73917616586952,89.60876424880428,long
78991,79000,win,89.60876424880428,59.73917616586952,89.60876424880428,short
79001,79009,loss,-59.73917616586952,59.73917616586952,89.60876424880428,short
79066,79067,loss,-59.73917616586952,59.73917616586952,89.60876424880428,long
79068,79070,loss,-59.73917616586952,59.73917616586952,89.60876424880428,long
79083,79089,win,89.60876424880428,59.73917616586952,89.60876424880428,short
79138,79146,win,89.60876424880428,59.73917616586952,89.60876424880428,long
79161,79162,win,89.60876424880428,59.73917616586952,89.60876424880428,short
79168,79172,loss,-59.73917616586952,59.73917616586952,89.60876424880428,short
79188,79192,win,89.60876424880428,59.73917616586952,89.60876424880428,short
79193,79198,win,89.60876424880428,59.73917616586952,89.60876424880428,short
79214,79217,loss,-59.73917616586952,59.73917616586952,89.60876424880428,long
79218,79221,loss,-59.73917616586952,59.73917616586952,89.60876424880428,long
79225,79226,loss,-59.73917616586952,59.73917616586952,89.60876424880428,long
79281,79285,win,89.60876424880428,59.73917616586952,89.60876424880428,short
79286,79290,loss,-59.73917616586952,59.73917616586952,89.60876424880428,short
79315,79320,win,89.60876424880428,59.73917616586952,89.60876424880428,long
79328,79331,loss,-59.73917616586952,59.73917616586952,89.60876424880428,long
79382,79384,loss,-59.73917616586952,59.73917616586952,89.60876424880428,long
79400,79401,loss,-59.73917616586952,59.73917616586952,89.60876424880428,long
79436,79437,win,89.60876424880428,59.73917616586952,89.60876424880428,short
79439,79441,loss,-59.73917616586952,59.73917616586952,89.60876424880428,short
79445,79446,loss,-59.73917616586952,59.73917616586952,89.60876424880428,short
79456,79457,win,89.60876424880428,59.73917616586952,89.60876424880428,short
79471,79473,loss,-59.73917616586952,59.73917616586952,89.60876424880428,long
79528,79530,win,89.60876424880428,59.73917616586952,89.60876424880428,long
79576,79579,win,89.60876424880428,59.73917616586952,89.60876424880428,long
79590,79595,loss,-59.73917616586952,59.73917616586952,89.60876424880428,short
79596,79602,win,89.60876424880428,59.73917616586952,89.60876424880428,short
79609,79612,loss,-59.73917616586952,59.73917616586952,89.60876424880428,short
79619,79620,win,89.60876424880428,59.73917616586952,89.60876424880428,short
79621,79629,loss,-59.73917616586952,59.73917616586952,89.60876424880428,short
79656,79659,win,89.60876424880428,59.73917616586952,89.60876424880428,long
79664,79665,loss,-59.73917616586952,59.73917616586952,89.60876424880428,long
79669,79671,win,89.60876424880428,59.73917616586952,89.60876424880428,long
79672,79675,loss,-59.73917616586952,59.73917616586952,89.60876424880428,long
79757,79758,win,89.60876424880428,59.73917616586952,89.60876424880428,short
79772,79776,win,89.60876424880428,59.73917616586952,89.60876424880428,long
79777,79781,win,89.60876424880428,59.73917616586952,89.60876424880428,long
79782,79783,loss,-59.73917616586952,59.73917616586952,89.60876424880428,long
79847,79849,loss,-59.73917616586952,59.73917616586952,89.60876424880428,short
79904,79907,win,89.60876424880428,59.73917616586952,89.60876424880428,short
79908,79913,loss,-59.73917616586952,59.73917616586952,89.60876424880428,short
79940,79941,loss,-59.73917616586952,59.73917616586952,89.60876424880428,short
79953,79955,loss,-59.73917616586952,59.73917616586952,89.60876424880428,long
79971,79978,win,89.60876424880428,59.73917616586952,89.60876424880428,long
79981,79986,loss,-59.73917616586952,59.73917616586952,89.60876424880428,long
80011,80012,loss,-59.73917616586952,59.73917616586952,89.60876424880428,short
80063,80070,win,89.60876424880428,59.73917616586952,89.60876424880428,long
80099,80100,loss,-59.73917616586952,59.73917616586952,89.60876424880428,long
80101,80103,loss,-59.73917616586952,59.73917616586952,89.60876424880428,long
80105,80111,win,89.60876424880428,59.73917616586952,89.60876424880428,long
80112,80122,win,89.60876424880428,59.73917616586952,89.60876424880428,long
80148,80158,loss,-59.73917616586952,59.73917616586952,89.60876424880428,short
80171,80174,loss,-59.73917616586952,59.73917616586952,89.60876424880428,short
80197,80198,loss,-59.73917616586952,59.73917616586952,89.60876424880428,long
80199,80204,loss,-59.73917616586952,59.73917616586952,89.60876424880428,short
80213,80214,loss,-59.73917616586952,59.73917616586952,89.60876424880428,long
80291,80296,win,89.60876424880428,59.73917616586952,89.60876424880428,long
80310,80311,loss,-59.73917616586952,59.73917616586952,89.60876424880428,short
80342,80349,win,89.60876424880428,59.73917616586952,89.60876424880428,short
80354,80356,loss,-59.73917616586952,59.73917616586952,89.60876424880428,short
80357,80359,loss,-59.73917616586952,59.73917616586952,89.60876424880428,short
80362,80364,loss,-59.73917616586952,59.73917616586952,89.60876424880428,long
80369,80370,loss,-59.73917616586952,59.73917616586952,89.60876424880428,long
80375,80377,win,89.60876424880428,59.73917616586952,89.60876424880428,short
80402,80404,loss,-59.73917616586952,59.73917616586952,89.60876424880428,long
80467,80468,loss,-59.73917616586952,59.73917616586952,89.60876424880428,short
80472,80483,win,89.60876424880428,59.73917616586952,89.60876424880428,short
80516,80520,loss,-59.73917616586952,59.73917616586952,89.60876424880428,short
80559,80560,loss,-59.73917616586952,59.73917616586952,89.60876424880428,long
80561,80562,loss,-59.73917616586952,59.73917616586952,89.60876424880428,long
80567,80572,win,89.60876424880428,59.73917616586952,89.60876424880428,long
80600,80604,win,89.60876424880428,59.73917616586952,89.60876424880428,short
80614,80621,win,89.60876424880428,59.73917616586952,89.60876424880428,short
80634,80639,loss,-59.73917616586952,59.73917616586952,89.60876424880428,long
80687,80693,loss,-59.73917616586952,59.73917616586952,89.60876424880428,long
80722,80726,win,89.60876424880428,59.73917616586952,89.60876424880428,short
80768,80769,win,89.60876424880428,59.73917616586952,89.60876424880428,short
80771,80778,loss,-59.73917616586952,59.73917616586952,89.60876424880428,short
80783,80791,loss,-59.73917616586952,59.73917616586952,89.60876424880428,long
80820,80821,loss,-59.73917616586952,59.73917616586952,89.60876424880428,long
80868,80874,win,89.60876424880428,59.73917616586952,89.60876424880428,long
80899,80904,win,89.60876424880428,59.73917616586952,89.60876424880428,short
80905,80906,win,89.60876424880428,59.73917616586952,89.60876424880428,short
80907,80910,loss,-59.73917616586952,59.73917616586952,89.60876424880428,short
80989,80990,loss,-59.73917616586952,59.73917616586952,89.60876424880428,short
80994,80995,loss,-59.73917616586952,59.73917616586952,89.60876424880428,short
80996,80997,loss,-59.73917616586952,59.73917616586952,89.60876424880428,short
81019,81020,win,89.60876424880428,59.73917616586952,89.60876424880428,long
81021,81022,loss,-59.73917616586952,59.73917616586952,89.60876424880428,long
81026,81031,loss,-59.73917616586952,59.73917616586952,89.60876424880428,long
81065,81066,win,89.60876424880428,59.73917616586952,89.60876424880428,short
81067,81071,loss,-59.73917616586952,59.73917616586952,89.60876424880428,short
81098,81099,win,89.60876424880428,59.73917616586952,89.60876424880428,long
81100,81102,loss,-59.73917616586952,59.73917616586952,89.60876424880428,long
81111,81112,loss,-59.73917616586952,59.73917616586952,89.60876424880428,long
81144,81149,loss,-59.73917616586952,59.73917616586952,89.60876424880428,long
81167,81168,win,89.60876424880428,59.73917616586952,89.60876424880428,long
81169,81172,loss,-59.73917616586952,59.73917616586952,89.60876424880428,long
81175,81176,win,89.60876424880428,59.73917616586952,89.60876424880428,long
81177,81180,win,89.60876424880428,59.73917616586952,89.60876424880428,long
81221,81225,loss,-59.73917616586952,59.73917616586952,89.60876424880428,short
81237,81243,win,89.60876424880428,59.73917616586952,89.60876424880428,long
81285,81287,win,89.60876424880428,59.73917616586952,89.60876424880428,short
81288,81290,loss,-59.73917616586952,59.73917616586952,89.60876424880428,short
81291,81293,loss,-59.73917616586952,59.73917616586952,89.60876424880428,short
81295,81296,win,89.60876424880428,59.73917616586952,89.60876424880428,short
81297,81298,loss,-59.73917616586952,59.73917616586952,89.60876424880428,short
81382,81385,loss,-59.73917616586952,59.73917616586952,89.60876424880428,long
81393,81394,win,89.60876424880428,59.73917616586952,89.60876424880428,short
81395,81400,loss,-59.73917616586952,59.73917616586952,89.60876424880428,short
81477,81479,win,89.60876424880428,59.73917616586952,89.60876424880428,short
81480,81486,win,89.60876424880428,59.73917616586952,89.60876424880428,short
81487,81488,loss,-59.73917616586952,59.73917616586952,89.60876424880428,short
81491,81496,loss,-59.73917616586952,59.73917616586952,89.60876424880428,long
81500,81505,loss,-59.73917616586952,59.73917616586952,89.60876424880428,long
81518,81522,win,89.60876424880428,59.73917616586952,89.60876424880428,long
81553,81558,loss,-59.73917616586952,59.73917616586952,89.60876424880428,long
81559,81560,loss,-59.73917616586952,59.73917616586952,89.60876424880428,short
81588,81590,win,89.60876424880428,59.73917616586952,89.60876424880428,short
81591,81592,win,89.60876424880428,59.73917616586952,89.60876424880428,short
81634,81635,loss,-59.73917616586952,59.73917616586952,89.60876424880428,long
81674,81682,loss,-59.73917616586952,59.73917616586952,89.60876424880428,long
81688,81689,win,89.60876424880428,59.73917616586952,89.60876424880428,short
81690,81691,loss,-59.73917616586952,59.73917616586952,89.60876424880428,short
81703,81704,loss,-59.73917616586952,59.73917616586952,89.60876424880428,long
81816,81825,loss,-59.73917616586952,59.73917616586952,89.60876424880428,short
81830,81833,loss,-59.73917616586952,59.73917616586952,89.60876424880428,long
81842,81844,loss,-59.73917616586952,59.73917616586952,89.60876424880428,short
81873,81881,win,89.60876424880428,59.73917616586952,89.60876424880428,long
81891,81901,loss,-59.73917616586952,59.73917616586952,89.60876424880428,long
81908,81914,win,89.60876424880428,59.73917616586952,89.60876424880428,short
81931,81932,loss,-59.73917616586952,59.73917616586952,89.60876424880428,short
81953,81954,loss,-59.73917616586952,59.73917616586952,89.60876424880428,long
82036,82042,loss,-59.73917616586952,59.73917616586952,89.60876424880428,long
82044,82047,win,89.60876424880428,59.73917616586952,89.60876424880428,short
82048,82054,loss,-59.73917616586952,59.73917616586952,89.60876424880428,short
82115,82122,loss,-59.73917616586952,59.73917616586952,89.60876424880428,long
82129,82138,win,89.60876424880428,59.73917616586952,89.60876424880428,short
82145,82146,win,89.60876424880428,59.73917616586952,89.60876424880428,short
82170,82177,loss,-59.73917616586952,59.73917616586952,89.60876424880428,long
82215,82223,win,89.60876424880428,59.73917616586952,89.60876424880428,short
82226,82230,loss,-59.73917616586952,59.73917616586952,89.60876424880428,short
82240,82250,win,89.60876424880428,59.73917616586952,89.60876424880428,long
82262,82263,loss,-59.73917616586952,59.73917616586952,89.60876424880428,short
82264,82267,win,89.60876424880428,59.73917616586952,89.60876424880428,short
82285,82295,loss,-59.73917616586952,59.73917616586952,89.60876424880428,short
82336,82339,win,89.60876424880428,59.73917616586952,89.60876424880428,long
82344,82346,loss,-59.73917616586952,59.73917616586952,89.60876424880428,long
82374,82376,win,89.60876424880428,59.73917616586952,89.60876424880428,short
82377,82380,loss,-59.73917616586952,59.73917616586952,89.60876424880428,short
82389,82390,loss,-59.73917616586952,59.73917616586952,89.60876424880428,long
82391,82399,win,89.60876424880428,59.73917616586952,89.60876424880428,long
82450,82452,win,89.60876424880428,59.73917616586952,89.60876424880428,short
82458,82459,loss,-59.73917616586952,59.73917616586952,89.60876424880428,short
82497,82500,win,89.60876424880428,59.73917616586952,89.60876424880428,long
82502,82504,loss,-59.73917616586952,59.73917616586952,89.60876424880428,long
82526,82527,loss,-59.73917616586952,59.73917616586952,89.60876424880428,short
82528,82533,win,89.60876424880428,59.73917616586952,89.60876424880428,short
82563,82565,loss,-59.73917616586952,59.73917616586952,89.60876424880428,long
82597,82598,win,89.60876424880428,59.73917616586952,89.60876424880428,short
82599,82602,win,89.60876424880428,59.73917616586952,89.60876424880428,short
82638,82640,win,89.60876424880428,59.73917616586952,89.60876424880428,long
82641,82645,win,89.60876424880428,59.73917616586952,89.60876424880428,long
82673,82675,loss,-59.73917616586952,59.73917616586952,89.60876424880428,short
82686,82688,loss,-59.73917616586952,59.73917616586952,89.60876424880428,short
82692,82696,loss,-59.73917616586952,59.73917616586952,89.60876424880428,short
82697,82698,win,89.60876424880428,59.73917616586952,89.60876424880428,short
82703,82704,loss,-59.73917616586952,59.73917616586952,89.60876424880428,short
82756,82757,win,89.60876424880428,59.73917616586952,89.60876424880428,short
82832,82834,loss,-59.73917616586952,59.73917616586952,89.60876424880428,long
82837,82838,loss,-59.73917616586952,59.73917616586952,89.60876424880428,long
82839,82841,loss,-59.73917616586952,59.73917616586952,89.60876424880428,long
82842,82845,win,89.60876424880428,59.73917616586952,89.60876424880428,long
82865,82869,win,89.60876424880428,59.73917616586952,89.60876424880428,long
82910,82911,win,89.60876424880428,59.73917616586952,89.60876424880428,short
82912,82913,loss,-59.73917616586952,59.73917616586952,89.60876424880428,short
82940,82942,loss,-59.73917616586952,59.73917616586952,89.60876424880428,long
82980,82985,win,89.60876424880428,59.73917616586952,89.60876424880428,long
82987,82996,loss,-59.73917616586952,59.73917616586952,89.60876424880428,long
83032,83034,win,89.60876424880428,59.73917616586952,89.60876424880428,long
83037,83044,win,89.60876424880428,59.73917616586952,89.60876424880428,long
83059,83062,loss,-59.73917616586952,59.73917616586952,89.60876424880428,short
83077,83078,loss,-59.73917616586952,59.73917616586952,89.60876424880428,short
83118,83119,loss,-59.73917616586952,59.73917616586952,89.60876424880428,short
83132,83140,loss,-59.73917616586952,59.73917616586952,89.60876424880428,long
83147,83152,loss,-59.73917616586952,59.73917616586952,89.60876424880428,short
83169,83170,loss,-59.73917616586952,59.73917616586952,89.60876424880428,short
83207,83209,loss,-59.73917616586952,59.73917616586952,89.60876424880428,long
83210,83214,loss,-59.73917616586952,59.73917616586952,89.60876424880428,long
83258,83261,loss,-59.73917616586952,59.73917616586952,89.60876424880428,long
83289,83291,loss,-59.73917616586952,59.73917616586952,89.60876424880428,short
83297,83299,win,89.60876424880428,59.73917616586952,89.60876424880428,long
83300,83303,loss,-59.73917616586952,59.73917616586952,89.60876424880428,long
83314,83318,loss,-59.73917616586952,59.73917616586952,89.60876424880428,short
83332,83333,win,89.60876424880428,59.73917616586952,89.60876424880428,short
83334,83337,loss,-59.73917616586952,59.73917616586952,89.60876424880428,short
83362,83363,loss,-59.73917616586952,59.73917616586952,89.60876424880428,long
83364,83365,loss,-59.73917616586952,59.73917616586952,89.60876424880428,long
83375,83376,loss,-59.73917616586952,59.73917616586952,89.60876424880428,short
83387,83388,loss,-59.73917616586952,59.73917616586952,89.60876424880428,long
83389,83391,win,89.60876424880428,59.73917616586952,89.60876424880428,long
83401,83402,loss,-59.73917616586952,59.73917616586952,89.60876424880428,short
83407,83408,loss,-59.73917616586952,59.73917616586952,89.60876424880428,short
83409,83410,loss,-59.73917616586952,59.73917616586952,89.60876424880428,short
83422,83423,loss,-59.73917616586952,59.73917616586952,89.60876424880428,long
83467,83468,win,89.60876424880428,59.73917616586952,89.60876424880428,long
83469,83470,win,89.60876424880428,59.73917616586952,89.60876424880428,long
83503,83505,loss,-59.73917616586952,59.73917616586952,89.60876424880428,long
83523,83525,loss,-59.73917616586952,59.73917616586952,89.60876424880428,short
83528,83529,loss,-59.73917616586952,59.73917616586952,89.60876424880428,short
83530,83532,win,89.60876424880428,59.73917616586952,89.60876424880428,short
83533,83534,win,89.60876424880428,59.73917616586952,89.60876424880428,short
83535,83536,win,89.60876424880428,59.73917616586952,89.60876424880428,short
83539,83540,loss,-59.73917616586952,59.73917616586952,89.60876424880428,short
83570,83571,loss,-59.73917616586952,59.73917616586952,89.60876424880428,long
83572,83573,win,89.60876424880428,59.73917616586952,89.60876424880428,long
83574,83576,win,89.60876424880428,59.73917616586952,89.60876424880428,long
83577,83578,loss,-59.73917616586952,59.73917616586952,89.60876424880428,long
83579,83581,loss,-59.73917616586952,59.73917616586952,89.60876424880428,long
83605,83606,win,89.60876424880428,59.73917616586952,89.60876424880428,short
83607,83608,loss,-59.73917616586952,59.73917616586952,89.60876424880428,short
83621,83623,win,89.60876424880428,59.73917616586952,89.60876424880428,long
83642,83643,loss,-59.73917616586952,59.73917616586952,89.60876424880428,long
83655,83656,loss,-59.73917616586952,59.73917616586952,89.60876424880428,short
83657,83658,win,89.60876424880428,59.73917616586952,89.60876424880428,short
83659,83660,win,89.60876424880428,59.73917616586952,89.60876424880428,short
83786,83789,loss,-59.73917616586952,59.73917616586952,89.60876424880428,short
83801,83802,loss,-59.73917616586952,59.73917616586952,89.60876424880428,short
83803,83805,loss,-59.73917616586952,59.73917616586952,89.60876424880428,short
83809,83810,loss,-59.73917616586952,59.73917616586952,89.60876424880428,short
83825,83826,win,89.60876424880428,59.73917616586952,89.60876424880428,long
83829,83830,win,89.60876424880428,59.73917616586952,89.60876424880428,long
83831,83832,win,89.60876424880428,59.73917616586952,89.60876424880428,long
83853,83854,win,89.60876424880428,59.73917616586952,89.60876424880428,long
83855,83856,win,89.60876424880428,59.73917616586952,89.60876424880428,long
83871,83872,win,89.60876424880428,59.73917616586952,89.60876424880428,long
83891,83892,win,89.60876424880428,59.73917616586952,89.60876424880428,short
83893,83894,loss,-59.73917616586952,59.73917616586952,89.60876424880428,short
83899,83900,win,89.60876424880428,59.73917616586952,89.60876424880428,short
83901,83902,loss,-59.73917616586952,59.73917616586952,89.60876424880428,short
83903,83904,loss,-59.73917616586952,59.73917616586952,89.60876424880428,short
83930,83931,win,89.60876424880428,59.73917616586952,89.60876424880428,short
83932,83934,win,89.60876424880428,59.73917616586952,89.60876424880428,short
83953,83954,loss,-59.73917616586952,59.73917616586952,89.60876424880428,long
83968,83969,loss,-59.73917616586952,59.73917616586952,89.60876424880428,short
83970,83972,loss,-59.73917616586952,59.73917616586952,89.60876424880428,short
84046,84049,win,89.60876424880428,59.73917616586952,89.60876424880428,long
84050,84051,win,89.60876424880428,59.73917616586952,89.60876424880428,long
84064,84065,loss,-59.73917616586952,59.73917616586952,89.60876424880428,short
84159,84160,win,89.60876424880428,59.73917616586952,89.60876424880428,short
84184,84189,loss,-59.73917616586952,59.73917616586952,89.60876424880428,long
84221,84225,loss,-59.73917616586952,59.73917616586952,89.60876424880428,short
84226,84227,win,89.60876424880428,59.73917616586952,89.60876424880428,short
84244,84245,loss,-59.73917616586952,59.73917616586952,89.60876424880428,long
84257,84258,loss,-59.73917616586952,59.73917616586952,89.60876424880428,short
84259,84260,loss,-59.73917616586952,59.73917616586952,89.60876424880428,short
84271,84272,loss,-59.73917616586952,59.73917616586952,89.60876424880428,long
84273,84274,win,89.60876424880428,59.73917616586952,89.60876424880428,long
84310,84311,win,89.60876424880428,59.73917616586952,89.60876424880428,long
84312,84313,loss,-59.73917616586952,59.73917616586952,89.60876424880428,long
84315,84317,loss,-59.73917616586952,59.73917616586952,89.60876424880428,long
84341,84343,loss,-59.73917616586952,59.73917616586952,89.60876424880428,short
84388,84389,loss,-59.73917616586952,59.73917616586952,89.60876424880428,short
84396,84397,loss,-59.73917616586952,59.73917616586952,89.60876424880428,short
84398,84399,loss,-59.73917616586952,59.73917616586952,89.60876424880428,short
84414,84416,win,89.60876424880428,59.73917616586952,89.60876424880428,short
84420,84421,loss,-59.73917616586952,59.73917616586952,89.60876424880428,short
84477,84478,loss,-59.73917616586952,59.73917616586952,89.60876424880428,long
84485,84486,win,89.60876424880428,59.73917616586952,89.60876424880428,long
84487,84489,win,89.60876424880428,59.73917616586952,89.60876424880428,long
84490,84493,loss,-59.73917616586952,59.73917616586952,89.60876424880428,long
84513,84514,loss,-59.73917616586952,59.73917616586952,89.60876424880428,long
84527,84529,loss,-59.73917616586952,59.73917616586952,89.60876424880428,short
84542,84544,loss,-59.73917616586952,59.73917616586952,89.60876424880428,short
84546,84547,win,89.60876424880428,59.73917616586952,89.60876424880428,short
84548,84549,loss,-59.73917616586952,59.73917616586952,89.60876424880428,short
84641,84645,win,89.60876424880428,59.73917616586952,89.60876424880428,long
84659,84660,loss,-59.73917616586952,59.73917616586952,89.60876424880428,short
84669,84670,loss,-59.73917616586952,59.73917616586952,89.60876424880428,short
84672,84675,win,89.60876424880428,59.73917616586952,89.60876424880428,short
84676,84677,loss,-59.73917616586952,59.73917616586952,89.60876424880428,short
84746,84747,loss,-59.73917616586952,59.73917616586952,89.60876424880428,short
84748,84749,loss,-59.73917616586952,59.73917616586952,89.60876424880428,short
84750,84751,win,89.60876424880428,59.73917616586952,89.60876424880428,short
84783,84786,win,89.60876424880428,59.73917616586952,89.60876424880428,long
84787,84790,win,89.60876424880428,59.73917616586952,89.60876424880428,long
84791,84793,win,89.60876424880428,59.73917616586952,89.60876424880428,long
84794,84797,win,89.60876424880428,59.73917616586952,89.60876424880428,long
84843,84844,loss,-59.73917616586952,59.73917616586952,89.60876424880428,short
84851,84853,loss,-59.73917616586952,59.73917616586952,89.60876424880428,short
84892,84897,loss,-59.73917616586952,59.73917616586952,89.60876424880428,long
84921,84922,loss,-59.73917616586952,59.73917616586952,89.60876424880428,short
84941,84948,win,89.60876424880428,59.73917616586952,89.60876424880428,long
85000,85001,loss,-59.73917616586952,59.73917616586952,89.60876424880428,short
85002,85003,loss,-59.73917616586952,59.73917616586952,89.60876424880428,short
85008,85012,loss,-59.73917616586952,59.73917616586952,89.60876424880428,short
85027,85038,loss,-59.73917616586952,59.73917616586952,89.60876424880428,short
85049,85050,win,89.60876424880428,59.73917616586952,89.60876424880428,long
85116,85117,win,89.60876424880428,59.73917616586952,89.60876424880428,long
85131,85137,loss,-59.73917616586952,59.73917616586952,89.60876424880428,short
85162,85163,loss,-59.73917616586952,59.73917616586952,89.60876424880428,short
85164,85165,win,89.60876424880428,59.73917616586952,89.60876424880428,short
85166,85173,win,89.60876424880428,59.73917616586952,89.60876424880428,short
85175,85177,win,89.60876424880428,59.73917616586952,89.60876424880428,short
85230,85231,loss,-59.73917616586952,59.73917616586952,89.60876424880428,long
85249,85252,loss,-59.73917616586952,59.73917616586952,89.60876424880428,long
85256,85259,win,89.60876424880428,59.73917616586952,89.60876424880428,long
85262,85276,loss,-59.73917616586952,59.73917616586952,89.60876424880428,long
85282,85283,win,89.60876424880428,59.73917616586952,89.60876424880428,short
85284,85286,loss,-59.73917616586952,59.73917616586952,89.60876424880428,short
85297,85298,win,89.60876424880428,59.73917616586952,89.60876424880428,long
85322,85323,win,89.60876424880428,59.73917616586952,89.60876424880428,long
85324,85329,win,89.60876424880428,59.73917616586952,89.60876424880428,long
85330,85332,loss,-59.73917616586952,59.73917616586952,89.60876424880428,long
85366,85368,loss,-59.73917616586952,59.73917616586952,89.60876424880428,short
85388,85389,loss,-59.73917616586952,59.73917616586952,89.60876424880428,short
85448,85449,win,89.60876424880428,59.73917616586952,89.60876424880428,short
85451,85454,win,89.60876424880428,59.73917616586952,89.60876424880428,short
85455,85459,win,89.60876424880428,59.73917616586952,89.60876424880428,short
85460,85462,win,89.60876424880428,59.73917616586952,89.60876424880428,short
85491,85500,win,89.60876424880428,59.73917616586952,89.60876424880428,long
85531,85533,win,89.60876424880428,59.73917616586952,89.60876424880428,short
85567,85568,loss,-59.73917616586952,59.73917616586952,89.60876424880428,long
85570,85576,loss,-59.73917616586952,59.73917616586952,89.60876424880428,long
85610,85614,loss,-59.73917616586952,59.73917616586952,89.60876424880428,short
85622,85636,loss,-59.73917616586952,59.73917616586952,89.60876424880428,long
85669,85670,loss,-59.73917616586952,59.73917616586952,89.60876424880428,long
85672,85676,loss,-59.73917616586952,59.73917616586952,89.60876424880428,long
85700,85701,loss,-59.73917616586952,59.73917616586952,89.60876424880428,short
85784,85787,win,89.60876424880428,59.73917616586952,89.60876424880428,long
85789,85790,loss,-59.73917616586952,59.73917616586952,89.60876424880428,long
85794,85795,win,89.60876424880428,59.73917616586952,89.60876424880428,long
85796,85799,win,89.60876424880428,59.73917616586952,89.60876424880428,long
85862,85863,win,89.60876424880428,59.73917616586952,89.60876424880428,short
85864,85866,loss,-59.73917616586952,59.73917616586952,89.60876424880428,short
85867,85871,loss,-59.73917616586952,59.73917616586952,89.60876424880428,short
85896,85897,loss,-59.73917616586952,59.73917616586952,89.60876424880428,long
85898,85904,loss,-59.73917616586952,59.73917616586952,89.60876424880428,long
85944,85948,win,89.60876424880428,59.73917616586952,89.60876424880428,short
85952,85953,loss,-59.73917616586952,59.73917616586952,89.60876424880428,short
85998,85999,win,89.60876424880428,59.73917616586952,89.60876424880428,long
86000,86006,loss,-59.73917616586952,59.73917616586952,89.60876424880428,long
86036,86050,win,89.60876424880428,59.73917616586952,89.60876424880428,long
86075,86076,loss,-59.73917616586952,59.73917616586952,89.60876424880428,short
86077,86078,loss,-59.73917616586952,59.73917616586952,89.60876424880428,short
86086,86089,loss,-59.73917616586952,59.73917616586952,89.60876424880428,short
86095,86096,win,89.60876424880428,59.73917616586952,89.60876424880428,short
86126,86127,loss,-59.73917616586952,59.73917616586952,89.60876424880428,long
86128,86131,win,89.60876424880428,59.73917616586952,89.60876424880428,long
86133,86137,win,89.60876424880428,59.73917616586952,89.60876424880428,long
86138,86139,win,89.60876424880428,59.73917616586952,89.60876424880428,long
86142,86145,win,89.60876424880428,59.73917616586952,89.60876424880428,long
86146,86147,loss,-59.73917616586952,59.73917616586952,89.60876424880428,long
86153,86157,loss,-59.73917616586952,59.73917616586952,89.60876424880428,long
86178,86181,loss,-59.73917616586952,59.73917616586952,89.60876424880428,short
86182,86183,loss,-59.73917616586952,59.73917616586952,89.60876424880428,short
86184,86185,loss,-59.73917616586952,59.73917616586952,89.60876424880428,short
86201,86202,loss,-59.73917616586952,59.73917616586952,89.60876424880428,short
86245,86246,loss,-59.73917616586952,59.73917616586952,89.60876424880428,long
86253,86255,win,89.60876424880428,59.73917616586952,89.60876424880428,long
86262,86263,loss,-59.73917616586952,59.73917616586952,89.60876424880428,long
86282,86283,win,89.60876424880428,59.73917616586952,89.60876424880428,short
86284,86286,loss,-59.73917616586952,59.73917616586952,89.60876424880428,short
86297,86299,win,89.60876424880428,59.73917616586952,89.60876424880428,long
86334,86335,win,89.60876424880428,59.73917616586952,89.60876424880428,short
86336,86338,loss,-59.73917616586952,59.73917616586952,89.60876424880428,short
86344,86345,win,89.60876424880428,59.73917616586952,89.60876424880428,short
86346,86348,loss,-59.73917616586952,59.73917616586952,89.60876424880428,short
86365,86366,loss,-59.73917616586952,59.73917616586952,89.60876424880428,long
86367,86369,win,89.60876424880428,59.73917616586952,89.60876424880428,long
86433,86434,win,89.60876424880428,59.73917616586952,89.60876424880428,short
86437,86438,loss,-59.73917616586952,59.73917616586952,89.60876424880428,short
86451,86452,win,89.60876424880428,59.73917616586952,89.60876424880428,short
86453,86454,loss,-59.73917616586952,59.73917616586952,89.60876424880428,short
86461,86462,win,89.60876424880428,59.73917616586952,89.60876424880428,short
86476,86477,win,89.60876424880428,59.73917616586952,89.60876424880428,long
86478,86479,loss,-59.73917616586952,59.73917616586952,89.60876424880428,long
86480,86481,loss,-59.73917616586952,59.73917616586952,89.60876424880428,long
86486,86487,win,89.60876424880428,59.73917616586952,89.60876424880428,long
86521,86523,win,89.60876424880428,59.73917616586952,89.60876424880428,short
86569,86570,win,89.60876424880428,59.73917616586952,89.60876424880428,long
86571,86572,win,89.60876424880428,59.73917616586952,89.60876424880428,long
86573,86574,loss,-59.73917616586952,59.73917616586952,89.60876424880428,long
86584,86585,loss,-59.73917616586952,59.73917616586952,89.60876424880428,short
86586,86587,win,89.60876424880428,59.73917616586952,89.60876424880428,short
86632,86633,loss,-59.73917616586952,59.73917616586952,89.60876424880428,short
86636,86637,loss,-59.73917616586952,59.73917616586952,89.60876424880428,short
86642,86643,loss,-59.73917616586952,59.73917616586952,89.60876424880428,short
86719,86720,loss,-59.73917616586952,59.73917616586952,89.60876424880428,short
86721,86722,win,89.60876424880428,59.73917616586952,89.60876424880428,short
86726,86727,loss,-59.73917616586952,59.73917616586952,89.60876424880428,short
86743,86744,loss,-59.73917616586952,59.73917616586952,89.60876424880428,short
86757,86758,loss,-59.73917616586952,59.73917616586952,89.60876424880428,long
86769,86770,loss,-59.73917616586952,59.73917616586952,89.60876424880428,long
86783,86784,loss,-59.73917616586952,59.73917616586952,89.60876424880428,short
86794,86795,loss,-59.73917616586952,59.73917616586952,89.60876424880428,long
86796,86797,loss,-59.73917616586952,59.73917616586952,89.60876424880428,long
86862,86863,loss,-59.73917616586952,59.73917616586952,89.60876424880428,short
86866,86867,loss,-59.73917616586952,59.73917616586952,89.60876424880428,short
86869,86870,loss,-59.73917616586952,59.73917616586952,89.60876424880428,short
86880,86881,loss,-59.73917616586952,59.73917616586952,89.60876424880428,long
86884,86885,loss,-59.73917616586952,59.73917616586952,89.60876424880428,long
86941,86942,loss,-59.73917616586952,59.73917616586952,89.60876424880428,long
86943,86945,win,89.60876424880428,59.73917616586952,89.60876424880428,long
86946,86948,win,89.60876424880428,59.73917616586952,89.60876424880428,long
86977,86978,win,89.60876424880428,59.73917616586952,89.60876424880428,short
86979,86982,loss,-59.73917616586952,59.73917616586952,89.60876424880428,short
87002,87003,win,89.60876424880428,59.73917616586952,89.60876424880428,long
87004,87005,loss,-59.73917616586952,59.73917616586952,89.60876424880428,long
87027,87028,loss,-59.73917616586952,59.73917616586952,89.60876424880428,short
87045,87046,loss,-59.73917616586952,59.73917616586952,89.60876424880428,short
87089,87090,loss,-59.73917616586952,59.73917616586952,89.60876424880428,long
87091,87092,loss,-59.73917616586952,59.73917616586952,89.60876424880428,long
87095,87096,loss,-59.73917616586952,59.73917616586952,89.60876424880428,long
87099,87100,win,89.60876424880428,59.73917616586952,89.60876424880428,long
87164,87165,loss,-59.73917616586952,59.73917616586952,89.60876424880428,long
87166,87167,loss,-59.73917616586952,59.73917616586952,89.60876424880428,long
87189,87190,win,89.60876424880428,59.73917616586952,89.60876424880428,long
87191,87192,loss,-59.73917616586952,59.73917616586952,89.60876424880428,long
87195,87196,loss,-59.73917616586952,59.73917616586952,89.60876424880428,long
87241,87243,loss,-59.73917616586952,59.73917616586952,89.60876424880428,short
87260,87262,loss,-59.73917616586952,59.73917616586952,89.60876424880428,long
87267,87268,win,89.60876424880428,59.73917616586952,89.60876424880428,short
87281,87282,loss,-59.73917616586952,59.73917616586952,89.60876424880428,long
87318,87319,loss,-59.73917616586952,59.73917616586952,89.60876424880428,short
87386,87387,loss,-59.73917616586952,59.73917616586952,89.60876424880428,long
87393,87394,loss,-59.73917616586952,59.73917616586952,89.60876424880428,short
87401,87402,win,89.60876424880428,59.73917616586952,89.60876424880428,short
87461,87462,loss,-59.73917616586952,59.73917616586952,89.60876424880428,long
87463,87464,win,89.60876424880428,59.73917616586952,89.60876424880428,long
87465,87466,loss,-59.73917616586952,59.73917616586952,89.60876424880428,long
87481,87482,loss,-59.73917616586952,59.73917616586952,89.60876424880428,long
87485,87486,loss,-59.73917616586952,59.73917616586952,89.60876424880428,long
87503,87504,loss,-59.73917616586952,59.73917616586952,89.60876424880428,short
87509,87511,loss,-59.73917616586952,59.73917616586952,89.60876424880428,short
87595,87596,loss,-59.73917616586952,59.73917616586952,89.60876424880428,long
87609,87610,loss,-59.73917616586952,59.73917616586952,89.60876424880428,short
87626,87628,win,89.60876424880428,59.73917616586952,89.60876424880428,long
87629,87630,win,89.60876424880428,59.73917616586952,89.60876424880428,long
87637,87638,win,89.60876424880428,59.73917616586952,89.60876424880428,long
87650,87651,loss,-59.73917616586952,59.73917616586952,89.60876424880428,long
87663,87664,loss,-59.73917616586952,59.73917616586952,89.60876424880428,short
87674,87675,loss,-59.73917616586952,59.73917616586952,89.60876424880428,short
87685,87686,loss,-59.73917616586952,59.73917616586952,89.60876424880428,short
87719,87720,loss,-59.73917616586952,59.73917616586952,89.60876424880428,short
87724,87725,loss,-59.73917616586952,59.73917616586952,89.60876424880428,short
87726,87727,win,89.60876424880428,59.73917616586952,89.60876424880428,short
87728,87729,loss,-59.73917616586952,59.73917616586952,89.60876424880428,short
87730,87731,loss,-59.73917616586952,59.73917616586952,89.60876424880428,short
87781,87782,loss,-59.73917616586952,59.73917616586952,89.60876424880428,long
87783,87784,win,89.60876424880428,59.73917616586952,89.60876424880428,long
87785,87788,win,89.60876424880428,59.73917616586952,89.60876424880428,long
87810,87812,win,89.60876424880428,59.73917616586952,89.60876424880428,long
87813,87815,loss,-59.73917616586952,59.73917616586952,89.60876424880428,long
87861,87862,loss,-59.73917616586952,59.73917616586952,89.60876424880428,short
87863,87864,win,89.60876424880428,59.73917616586952,89.60876424880428,short
87893,87896,loss,-59.73917616586952,59.73917616586952,89.60876424880428,long
87918,87919,win,89.60876424880428,59.73917616586952,89.60876424880428,long
87920,87921,loss,-59.73917616586952,59.73917616586952,89.60876424880428,long
87948,87950,loss,-59.73917616586952,59.73917616586952,89.60876424880428,short
87989,87990,loss,-59.73917616586952,59.73917616586952,89.60876424880428,short
87991,87993,loss,-59.73917616586952,59.73917616586952,89.60876424880428,short
88026,88027,loss,-59.73917616586952,59.73917616586952,89.60876424880428,short
88033,88034,loss,-59.73917616586952,59.73917616586952,89.60876424880428,long
88038,88039,win,89.60876424880428,59.73917616586952,89.60876424880428,long
88040,88041,loss,-59.73917616586952,59.73917616586952,89.60876424880428,long
88095,88096,loss,-59.73917616586952,59.73917616586952,89.60876424880428,short
88097,88098,loss,-59.73917616586952,59.73917616586952,89.60876424880428,short
88100,88101,loss,-59.73917616586952,59.73917616586952,89.60876424880428,short
88103,88104,loss,-59.73917616586952,59.73917616586952,89.60876424880428,short
88105,88106,loss,-59.73917616586952,59.73917616586952,89.60876424880428,short
88147,88148,loss,-59.73917616586952,59.73917616586952,89.60876424880428,long
88149,88150,loss,-59.73917616586952,59.73917616586952,89.60876424880428,long
88166,88167,loss,-59.73917616586952,59.73917616586952,89.60876424880428,short
88168,88169,loss,-59.73917616586952,59.73917616586952,89.60876424880428,short
88194,88195,win,89.60876424880428,59.73917616586952,89.60876424880428,long
88196,88197,win,89.60876424880428,59.73917616586952,89.60876424880428,long
88198,88199,loss,-59.73917616586952,59.73917616586952,89.60876424880428,long
88200,88201,loss,-59.73917616586952,59.73917616586952,89.60876424880428,long
88215,88216,loss,-59.73917616586952,59.73917616586952,89.60876424880428,long
88217,88218,loss,-59.73917616586952,59.73917616586952,89.60876424880428,long
88220,88221,loss,-59.73917616586952,59.73917616586952,89.60876424880428,long
88222,88223,loss,-59.73917616586952,59.73917616586952,89.60876424880428,long
88229,88230,loss,-59.73917616586952,59.73917616586952,89.60876424880428,short
88231,88232,loss,-59.73917616586952,59.73917616586952,89.60876424880428,short
88241,88242,win,89.60876424880428,59.73917616586952,89.60876424880428,short
88292,88293,loss,-59.73917616586952,59.73917616586952,89.60876424880428,long
88294,88295,loss,-59.73917616586952,59.73917616586952,89.60876424880428,long
88333,88334,loss,-59.73917616586952,59.73917616586952,89.60876424880428,short
88367,88368,loss,-59.73917616586952,59.73917616586952,89.60876424880428,long
88462,88463,loss,-59.73917616586952,59.73917616586952,89.60876424880428,short
88464,88465,loss,-59.73917616586952,59.73917616586952,89.60876424880428,short
88467,88468,loss,-59.73917616586952,59.73917616586952,89.60876424880428,short
88541,88542,loss,-59.73917616586952,59.73917616586952,89.60876424880428,long
88549,88550,win,89.60876424880428,59.73917616586952,89.60876424880428,long
88551,88552,loss,-59.73917616586952,59.73917616586952,89.60876424880428,long
88605,88606,win,89.60876424880428,59.73917616586952,89.60876424880428,long
88607,88608,loss,-59.73917616586952,59.73917616586952,89.60876424880428,long
88611,88612,loss,-59.73917616586952,59.73917616586952,89.60876424880428,long
88629,88630,loss,-59.73917616586952,59.73917616586952,89.60876424880428,short
88632,88633,loss,-59.73917616586952,59.73917616586952,89.60876424880428,short
88634,88635,loss,-59.73917616586952,59.73917616586952,89.60876424880428,short
88636,88637,loss,-59.73917616586952,59.73917616586952,89.60876424880428,short
88638,88640,win,89.60876424880428,59.73917616586952,89.60876424880428,short
88641,88642,loss,-59.73917616586952,59.73917616586952,89.60876424880428,short
88712,88713,loss,-59.73917616586952,59.73917616586952,89.60876424880428,long
88715,88717,win,89.60876424880428,59.73917616586952,89.60876424880428,long
88718,88719,win,89.60876424880428,59.73917616586952,89.60876424880428,long
88720,88721,loss,-59.73917616586952,59.73917616586952,89.60876424880428,long
88734,88735,loss,-59.73917616586952,59.73917616586952,89.60876424880428,short
88736,88737,loss,-59.73917616586952,59.73917616586952,89.60876424880428,short
88738,88739,loss,-59.73917616586952,59.73917616586952,89.60876424880428,short
88741,88742,loss,-59.73917616586952,59.73917616586952,89.60876424880428,short
88753,88754,loss,-59.73917616586952,59.73917616586952,89.60876424880428,short
88757,88758,loss,-59.73917616586952,59.73917616586952,89.60876424880428,short
88861,88862,loss,-59.73917616586952,59.73917616586952,89.60876424880428,long
88864,88865,loss,-59.73917616586952,59.73917616586952,89.60876424880428,long
88867,88869,loss,-59.73917616586952,59.73917616586952,89.60876424880428,long
88904,88905,loss,-59.73917616586952,59.73917616586952,89.60876424880428,short
88939,88940,win,89.60876424880428,59.73917616586952,89.60876424880428,long
88943,88944,loss,-59.73917616586952,59.73917616586952,89.60876424880428,short
88947,88948,loss,-59.73917616586952,59.73917616586952,89.60876424880428,short
88950,88951,loss,-59.73917616586952,59.73917616586952,89.60876424880428,short
88953,88954,loss,-59.73917616586952,59.73917616586952,89.60876424880428,short
88964,88965,loss,-59.73917616586952,59.73917616586952,89.60876424880428,long
89010,89011,loss,-59.73917616586952,59.73917616586952,89.60876424880428,short
89016,89017,win,89.60876424880428,59.73917616586952,89.60876424880428,short
89018,89019,loss,-59.73917616586952,59.73917616586952,89.60876424880428,short
89028,89029,loss,-59.73917616586952,59.73917616586952,89.60876424880428,short
89032,89033,loss,-59.73917616586952,59.73917616586952,89.60876424880428,short
89046,89047,loss,-59.73917616586952,59.73917616586952,89.60876424880428,long
89066,89067,loss,-59.73917616586952,59.73917616586952,89.60876424880428,short
89069,89070,loss,-59.73917616586952,59.73917616586952,89.60876424880428,short
89072,89073,loss,-59.73917616586952,59.73917616586952,89.60876424880428,short
89080,89081,loss,-59.73917616586952,59.73917616586952,89.60876424880428,long
89086,89087,loss,-59.73917616586952,59.73917616586952,89.60876424880428,long
89151,89152,loss,-59.73917616586952,59.73917616586952,89.60876424880428,short
89153,89154,win,89.60876424880428,59.73917616586952,89.60876424880428,short
89251,89252,loss,-59.73917616586952,59.73917616586952,89.60876424880428,short
89254,89255,loss,-59.73917616586952,59.73917616586952,89.60876424880428,short
89256,89257,loss,-59.73917616586952,59.73917616586952,89.60876424880428,short
89317,89318,loss,-59.73917616586952,59.73917616586952,89.60876424880428,long
89319,89320,loss,-59.73917616586952,59.73917616586952,89.60876424880428,long
89321,89322,loss,-59.73917616586952,59.73917616586952,89.60876424880428,long
89324,89325,loss,-59.73917616586952,59.73917616586952,89.60876424880428,long
89333,89334,loss,-59.73917616586952,59.73917616586952,89.60876424880428,short
89337,89338,loss,-59.73917616586952,59.73917616586952,89.60876424880428,short
89386,89387,loss,-59.73917616586952,59.73917616586952,89.60876424880428,short
89401,89402,loss,-59.73917616586952,59.73917616586952,89.60876424880428,long
89493,89494,loss,-59.73917616586952,59.73917616586952,89.60876424880428,long
89495,89497,loss,-59.73917616586952,59.73917616586952,89.60876424880428,long
89507,89508,loss,-59.73917616586952,59.73917616586952,89.60876424880428,short
89545,89546,loss,-59.73917616586952,59.73917616586952,89.60876424880428,short
89613,89614,loss,-59.73917616586952,59.73917616586952,89.60876424880428,long
89652,89653,loss,-59.73917616586952,59.73917616586952,89.60876424880428,short
89655,89656,loss,-59.73917616586952,59.73917616586952,89.60876424880428,short
89692,89693,win,89.60876424880428,59.73917616586952,89.60876424880428,long
89694,89695,win,89.60876424880428,59.73917616586952,89.60876424880428,long
89696,89697,win,89.60876424880428,59.73917616586952,89.60876424880428,long
89743,89744,loss,-59.73917616586952,59.73917616586952,89.60876424880428,short
89748,89749,win,89.60876424880428,59.73917616586952,89.60876424880428,short
89751,89752,loss,-59.73917616586952,59.73917616586952,89.60876424880428,short
89779,89780,loss,-59.73917616586952,59.73917616586952,89.60876424880428,long
89781,89782,win,89.60876424880428,59.73917616586952,89.60876424880428,long
89785,89786,loss,-59.73917616586952,59.73917616586952,89.60876424880428,long
89787,89788,loss,-59.73917616586952,59.73917616586952,89.60876424880428,long
89789,89790,loss,-59.73917616586952,59.73917616586952,89.60876424880428,long
89822,89823,loss,-59.73917616586952,59.73917616586952,89.60876424880428,short
89852,89853,loss,-59.73917616586952,59.73917616586952,89.60876424880428,short
89868,89869,win,89.60876424880428,59.73917616586952,89.60876424880428,long
89870,89871,loss,-59.73917616586952,59.73917616586952,89.60876424880428,long
89885,89886,win,89.60876424880428,59.73917616586952,89.60876424880428,short
89941,89942,loss,-59.73917616586952,59.73917616586952,89.60876424880428,short
89943,89944,win,89.60876424880428,59.73917616586952,89.60876424880428,short
89945,89946,loss,-59.73917616586952,59.73917616586952,89.60876424880428,short
89948,89949,loss,-59.73917616586952,59.73917616586952,89.60876424880428,short
89953,89954,loss,-59.73917616586952,59.73917616586952,89.60876424880428,short
89977,89978,loss,-59.73917616586952,59.73917616586952,89.60876424880428,long
90011,90012,win,89.60876424880428,59.73917616586952,89.60876424880428,short
90024,90027,win,89.60876424880428,59.73917616586952,89.60876424880428,long
90089,90090,loss,-59.73917616586952,59.73917616586952,89.60876424880428,long
90103,90104,loss,-59.73917616586952,59.73917616586952,89.60876424880428,short
90108,90109,loss,-59.73917616586952,59.73917616586952,89.60876424880428,short
90111,90112,loss,-59.73917616586952,59.73917616586952,89.60876424880428,short
90133,90134,loss,-59.73917616586952,59.73917616586952,89.60876424880428,short
90135,90136,loss,-59.73917616586952,59.73917616586952,89.60876424880428,short
90159,90160,win,89.60876424880428,59.73917616586952,89.60876424880428,long
90161,90162,loss,-59.73917616586952,59.73917616586952,89.60876424880428,long
90163,90165,loss,-59.73917616586952,59.73917616586952,89.60876424880428,long
90205,90206,loss,-59.73917616586952,59.73917616586952,89.60876424880428,short
90271,90272,loss,-59.73917616586952,59.73917616586952,89.60876424880428,long
90285,90287,loss,-59.73917616586952,59.73917616586952,89.60876424880428,short
90295,90296,loss,-59.73917616586952,59.73917616586952,89.60876424880428,short
90297,90298,win,89.60876424880428,59.73917616586952,89.60876424880428,short
90299,90301,win,89.60876424880428,59.73917616586952,89.60876424880428,short
90302,90303,loss,-59.73917616586952,59.73917616586952,89.60876424880428,short
90304,90305,loss,-59.73917616586952,59.73917616586952,89.60876424880428,short
90307,90308,win,89.60876424880428,59.73917616586952,89.60876424880428,short
90387,90388,loss,-59.73917616586952,59.73917616586952,89.60876424880428,long
90392,90393,loss,-59.73917616586952,59.73917616586952,89.60876424880428,long
90394,90395,win,89.60876424880428,59.73917616586952,89.60876424880428,long
90396,90397,loss,-59.73917616586952,59.73917616586952,89.60876424880428,long
90485,90486,loss,-59.73917616586952,59.73917616586952,89.60876424880428,short
90487,90488,loss,-59.73917616586952,59.73917616586952,89.60876424880428,short
90498,90499,loss,-59.73917616586952,59.73917616586952,89.60876424880428,short
90532,90533,loss,-59.73917616586952,59.73917616586952,89.60876424880428,long
90590,90591,loss,-59.73917616586952,59.73917616586952,89.60876424880428,short
90610,90611,loss,-59.73917616586952,59.73917616586952,89.60876424880428,long
90614,90615,win,89.60876424880428,59.73917616586952,89.60876424880428,long
90616,90617,loss,-59.73917616586952,59.73917616586952,89.60876424880428,long
90661,90664,loss,-59.73917616586952,59.73917616586952,89.60876424880428,short
90671,90672,win,89.60876424880428,59.73917616586952,89.60876424880428,short
90673,90674,loss,-59.73917616586952,59.73917616586952,89.60876424880428,short
90685,90687,loss,-59.73917616586952,59.73917616586952,89.60876424880428,long
90706,90707,loss,-59.73917616586952,59.73917616586952,89.60876424880428,long
90708,90709,loss,-59.73917616586952,59.73917616586952,89.60876424880428,long
90740,90742,loss,-59.73917616586952,59.73917616586952,89.60876424880428,long
90771,90772,loss,-59.73917616586952,59.73917616586952,89.60876424880428,short
90773,90774,loss,-59.73917616586952,59.73917616586952,89.60876424880428,short
90807,90809,loss,-59.73917616586952,59.73917616586952,89.60876424880428,short
90812,90813,win,89.60876424880428,59.73917616586952,89.60876424880428,short
90827,90828,loss,-59.73917616586952,59.73917616586952,89.60876424880428,long
90832,90833,win,89.60876424880428,59.73917616586952,89.60876424880428,long
90883,90884,loss,-59.73917616586952,59.73917616586952,89.60876424880428,short
90888,90889,win,89.60876424880428,59.73917616586952,89.60876424880428,short
90895,90896,loss,-59.73917616586952,59.73917616586952,89.60876424880428,short
90907,90908,loss,-59.73917616586952,59.73917616586952,89.60876424880428,long
90909,90910,win,89.60876424880428,59.73917616586952,89.60876424880428,long
90955,90956,loss,-59.73917616586952,59.73917616586952,89.60876424880428,short
91016,91017,win,89.60876424880428,59.73917616586952,89.60876424880428,long
91018,91019,loss,-59.73917616586952,59.73917616586952,89.60876424880428,long
91037,91038,loss,-59.73917616586952,59.73917616586952,89.60876424880428,long
91062,91064,win,89.60876424880428,59.73917616586952,89.60876424880428,short
91065,91066,loss,-59.73917616586952,59.73917616586952,89.60876424880428,short
91068,91069,win,89.60876424880428,59.73917616586952,89.60876424880428,short
91070,91071,loss,-59.73917616586952,59.73917616586952,89.60876424880428,short
91136,91138,loss,-59.73917616586952,59.73917616586952,89.60876424880428,short
91167,91168,loss,-59.73917616586952,59.73917616586952,89.60876424880428,long
91171,91172,loss,-59.73917616586952,59.73917616586952,89.60876424880428,long
91203,91204,win,89.60876424880428,59.73917616586952,89.60876424880428,short
91205,91206,loss,-59.73917616586952,59.73917616586952,89.60876424880428,short
91207,91208,loss,-59.73917616586952,59.73917616586952,89.60876424880428,short
91253,91254,loss,-59.73917616586952,59.73917616586952,89.60876424880428,long
91256,91258,win,89.60876424880428,59.73917616586952,89.60876424880428,long
91265,91266,win,89.60876424880428,59.73917616586952,89.60876424880428,long
91267,91268,win,89.60876424880428,59.73917616586952,89.60876424880428,long
91269,91270,win,89.60876424880428,59.73917616586952,89.60876424880428,long
91275,91276,win,89.60876424880428,59.73917616586952,89.60876424880428,long
91277,91278,win,89.60876424880428,59.73917616586952,89.60876424880428,long
91279,91280,loss,-59.73917616586952,59.73917616586952,89.60876424880428,long
91300,91301,loss,-59.73917616586952,59.73917616586952,89.60876424880428,short
91302,91303,loss,-59.73917616586952,59.73917616586952,89.60876424880428,short
