entry_bar,exit_bar,outcome,pnl_pip,sl_pip,tp_pip,direction
592,601,loss,-33.29626915273472,33.29626915273472,49.944403729102085,short
618,621,win,49.944403729102085,33.29626915273472,49.944403729102085,short
622,623,win,49.944403729102085,33.29626915273472,49.944403729102085,short
624,632,loss,-33.29626915273472,33.29626915273472,49.944403729102085,short
699,728,loss,-33.29626915273472,33.29626915273472,49.944403729102085,long
782,800,win,49.944403729102085,33.29626915273472,49.944403729102085,long
805,806,loss,-33.29626915273472,33.29626915273472,49.944403729102085,short
812,814,loss,-33.29626915273472,33.29626915273472,49.944403729102085,short
815,833,loss,-33.29626915273472,33.29626915273472,49.944403729102085,short
834,854,win,49.944403729102085,33.29626915273472,49.944403729102085,long
883,922,win,49.944403729102085,33.29626915273472,49.944403729102085,short
923,930,loss,-33.29626915273472,33.29626915273472,49.944403729102085,short
940,941,win,49.944403729102085,33.29626915273472,49.944403729102085,short
942,952,loss,-33.29626915273472,33.29626915273472,49.944403729102085,short
958,963,loss,-33.29626915273472,33.29626915273472,49.944403729102085,long
1037,1042,loss,-33.29626915273472,33.29626915273472,49.944403729102085,long
1069,1079,loss,-33.29626915273472,33.29626915273472,49.944403729102085,short
1125,1127,loss,-33.29626915273472,33.29626915273472,49.944403729102085,long
1130,1170,win,49.944403729102085,33.29626915273472,49.944403729102085,long
1188,1195,win,49.944403729102085,33.29626915273472,49.944403729102085,short
1196,1202,loss,-33.29626915273472,33.29626915273472,49.944403729102085,short
1207,1209,win,49.944403729102085,33.29626915273472,49.944403729102085,long
1210,1228,win,49.944403729102085,33.29626915273472,49.944403729102085,long
1243,1249,win,49.944403729102085,33.29626915273472,49.944403729102085,short
1254,1257,win,49.944403729102085,33.29626915273472,49.944403729102085,short
1267,1268,win,49.944403729102085,33.29626915273472,49.944403729102085,short
1275,1277,win,49.944403729102085,33.29626915273472,49.944403729102085,short
1278,1288,loss,-33.29626915273472,33.29626915273472,49.944403729102085,short
1297,1305,loss,-33.29626915273472,33.29626915273472,49.944403729102085,long
1308,1333,win,49.944403729102085,33.29626915273472,49.944403729102085,long
1335,1336,loss,-33.29626915273472,33.29626915273472,49.944403729102085,long
1337,1338,win,49.944403729102085,33.29626915273472,49.944403729102085,long
1339,1340,loss,-33.29626915273472,33.29626915273472,49.944403729102085,long
1354,1355,loss,-33.29626915273472,33.29626915273472,49.944403729102085,short
1370,1371,win,49.944403729102085,33.29626915273472,49.944403729102085,short
1372,1377,loss,-33.29626915273472,33.29626915273472,49.944403729102085,short
1429,1450,win,49.944403729102085,33.29626915273472,49.944403729102085,long
1473,1476,loss,-33.29626915273472,33.29626915273472,49.944403729102085,short
1489,1499,loss,-33.29626915273472,33.29626915273472,49.944403729102085,long
1550,1553,loss,-33.29626915273472,33.29626915273472,49.944403729102085,short
1560,1568,loss,-33.29626915273472,33.29626915273472,49.944403729102085,long
1587,1608,loss,-33.29626915273472,33.29626915273472,49.944403729102085,short
1618,1619,win,49.944403729102085,33.29626915273472,49.944403729102085,long
1620,1669,loss,-33.29626915273472,33.29626915273472,49.944403729102085,long
1696,1704,win,49.944403729102085,33.29626915273472,49.944403729102085,short
1762,1773,loss,-33.29626915273472,33.29626915273472,49.944403729102085,short
1776,1800,win,49.944403729102085,33.29626915273472,49.944403729102085,long
1813,1817,loss,-33.29626915273472,33.29626915273472,49.944403729102085,short
1818,1826,win,49.944403729102085,33.29626915273472,49.944403729102085,long
1827,1833,loss,-33.29626915273472,33.29626915273472,49.944403729102085,long
1890,1895,loss,-33.29626915273472,33.29626915273472,49.944403729102085,long
1904,1942,win,49.944403729102085,33.29626915273472,49.944403729102085,short
1943,1957,win,49.944403729102085,33.29626915273472,49.944403729102085,short
1964,2017,loss,-33.29626915273472,33.29626915273472,49.944403729102085,long
2032,2035,loss,-33.29626915273472,33.29626915273472,49.944403729102085,long
2041,2056,win,49.944403729102085,33.29626915273472,49.944403729102085,short
2100,2114,loss,-33.29626915273472,33.29626915273472,49.944403729102085,long
2122,2135,loss,-33.29626915273472,33.29626915273472,49.944403729102085,short
2154,2166,win,49.944403729102085,33.29626915273472,49.944403729102085,long
2167,2169,loss,-33.29626915273472,33.29626915273472,49.944403729102085,long
2196,2217,loss,-33.29626915273472,33.29626915273472,49.944403729102085,short
2237,2238,loss,-33.29626915273472,33.29626915273472,49.944403729102085,short
2246,2249,loss,-33.29626915273472,33.29626915273472,49.944403729102085,long
2260,2277,loss,-33.29626915273472,33.29626915273472,49.944403729102085,short
2315,2360,win,49.944403729102085,33.29626915273472,49.944403729102085,long
2373,2385,loss,-33.29626915273472,33.29626915273472,49.944403729102085,short
2388,2390,loss,-33.29626915273472,33.29626915273472,49.944403729102085,long
2405,2425,win,49.944403729102085,33.29626915273472,49.944403729102085,long
2477,2489,win,49.944403729102085,33.29626915273472,49.944403729102085,short
2592,2601,loss,-33.29626915273472,33.29626915273472,49.944403729102085,short
2605,2609,loss,-33.29626915273472,33.29626915273472,49.944403729102085,long
2615,2626,loss,-33.29626915273472,33.29626915273472,49.944403729102085,short
2660,2662,win,49.944403729102085,33.29626915273472,49.944403729102085,short
2663,2665,loss,-33.29626915273472,33.29626915273472,49.944403729102085,short
2677,2693,win,49.944403729102085,33.29626915273472,49.944403729102085,long
2739,2766,loss,-33.29626915273472,33.29626915273472,49.944403729102085,long
2767,2778,loss,-33.29626915273472,33.29626915273472,49.944403729102085,short
2808,2843,win,49.944403729102085,33.29626915273472,49.944403729102085,long
2884,2914,loss,-33.29626915273472,33.29626915273472,49.944403729102085,short
2969,2976,loss,-33.29626915273472,33.29626915273472,49.944403729102085,short
2992,2994,win,49.944403729102085,33.29626915273472,49.944403729102085,short
3024,3064,win,49.944403729102085,33.29626915273472,49.944403729102085,long
3066,3078,loss,-33.29626915273472,33.29626915273472,49.944403729102085,long
3133,3134,loss,-33.29626915273472,33.29626915273472,49.944403729102085,short
3138,3139,win,49.944403729102085,33.29626915273472,49.944403729102085,short
3140,3142,loss,-33.29626915273472,33.29626915273472,49.944403729102085,short
3191,3197,loss,-33.29626915273472,33.29626915273472,49.944403729102085,long
3210,3212,loss,-33.29626915273472,33.29626915273472,49.944403729102085,short
3258,3267,win,49.944403729102085,33.29626915273472,49.944403729102085,long
3269,3273,loss,-33.29626915273472,33.29626915273472,49.944403729102085,long
3330,3336,win,49.944403729102085,33.29626915273472,49.944403729102085,short
3363,3367,loss,-33.29626915273472,33.29626915273472,49.944403729102085,long
3406,3408,loss,-33.29626915273472,33.29626915273472,49.944403729102085,short
3419,3420,win,49.944403729102085,33.29626915273472,49.944403729102085,long
3427,3430,loss,-33.29626915273472,33.29626915273472,49.944403729102085,long
3450,3461,loss,-33.29626915273472,33.29626915273472,49.944403729102085,short
3514,3518,win,49.944403729102085,33.29626915273472,49.944403729102085,short
3519,3523,loss,-33.29626915273472,33.29626915273472,49.944403729102085,short
3577,3610,win,49.944403729102085,33.29626915273472,49.944403729102085,long
3619,3620,loss,-33.29626915273472,33.29626915273472,49.944403729102085,long
3624,3625,loss,-33.29626915273472,33.29626915273472,49.944403729102085,short
3627,3638,loss,-33.29626915273472,33.29626915273472,49.944403729102085,short
3640,3642,win,49.944403729102085,33.29626915273472,49.944403729102085,short
3652,3658,loss,-33.29626915273472,33.29626915273472,49.944403729102085,short
3665,3673,win,49.944403729102085,33.29626915273472,49.944403729102085,long
3674,3677,loss,-33.29626915273472,33.29626915273472,49.944403729102085,long
3754,3762,loss,-33.29626915273472,33.29626915273472,49.944403729102085,long
3763,3770,loss,-33.29626915273472,33.29626915273472,49.944403729102085,short
3777,3811,win,49.944403729102085,33.29626915273472,49.944403729102085,long
3829,3872,loss,-33.29626915273472,33.29626915273472,49.944403729102085,short
3883,3889,loss,-33.29626915273472,33.29626915273472,49.944403729102085,short
3911,3945,win,49.944403729102085,33.29626915273472,49.944403729102085,long
3958,3978,loss,-33.29626915273472,33.29626915273472,49.944403729102085,long
4033,4034,loss,-33.29626915273472,33.29626915273472,49.944403729102085,short
4035,4039,win,49.944403729102085,33.29626915273472,49.944403729102085,short
4040,4046,loss,-33.29626915273472,33.29626915273472,49.944403729102085,short
4053,4099,loss,-33.29626915273472,33.29626915273472,49.944403729102085,long
4100,4104,loss,-33.29626915273472,33.29626915273472,49.944403729102085,short
4166,4174,loss,-33.29626915273472,33.29626915273472,49.944403729102085,long
4219,4225,loss,-33.29626915273472,33.29626915273472,49.944403729102085,short
4231,4234,win,49.944403729102085,33.29626915273472,49.944403729102085,long
4295,4299,loss,-33.29626915273472,33.29626915273472,49.944403729102085,long
4309,4339,loss,-33.29626915273472,33.29626915273472,49.944403729102085,short
4360,4367,win,49.944403729102085,33.29626915273472,49.944403729102085,long
4383,4391,win,49.944403729102085,33.29626915273472,49.944403729102085,short
4396,4419,loss,-33.29626915273472,33.29626915273472,49.944403729102085,short
4436,4437,win,49.944403729102085,33.29626915273472,49.944403729102085,short
4438,4439,win,49.944403729102085,33.29626915273472,49.944403729102085,short
4453,4489,win,49.944403729102085,33.29626915273472,49.944403729102085,long
4499,4514,loss,-33.29626915273472,33.29626915273472,49.944403729102085,long
4515,4534,loss,-33.29626915273472,33.29626915273472,49.944403729102085,short
4580,4582,win,49.944403729102085,33.29626915273472,49.944403729102085,long
4583,4591,win,49.944403729102085,33.29626915273472,49.944403729102085,long
4592,4630,win,49.944403729102085,33.29626915273472,49.944403729102085,long
4677,4701,loss,-33.29626915273472,33.29626915273472,49.944403729102085,short
4703,4715,loss,-33.29626915273472,33.29626915273472,49.944403729102085,long
4748,4752,loss,-33.29626915273472,33.29626915273472,49.944403729102085,short
4758,4774,win,49.944403729102085,33.29626915273472,49.944403729102085,long
4822,4830,loss,-33.29626915273472,33.29626915273472,49.944403729102085,short
4834,4836,loss,-33.29626915273472,33.29626915273472,49.944403729102085,short
4844,4852,win,49.944403729102085,33.29626915273472,49.944403729102085,short
4888,4909,loss,-33.29626915273472,33.29626915273472,49.944403729102085,short
4910,4923,win,49.944403729102085,33.29626915273472,49.944403729102085,long
4931,4932,loss,-33.29626915273472,33.29626915273472,49.944403729102085,short
5004,5005,win,49.944403729102085,33.29626915273472,49.944403729102085,short
5006,5012,loss,-33.29626915273472,33.29626915273472,49.944403729102085,short
5042,5054,loss,-33.29626915273472,33.29626915273472,49.944403729102085,long
5056,5065,loss,-33.29626915273472,33.29626915273472,49.944403729102085,short
5072,5075,win,49.944403729102085,33.29626915273472,49.944403729102085,long
5077,5090,win,49.944403729102085,33.29626915273472,49.944403729102085,long
5138,5142,win,49.944403729102085,33.29626915273472,49.944403729102085,long
5150,5196,loss,-33.29626915273472,33.29626915273472,49.944403729102085,long
5197,5204,loss,-33.29626915273472,33.29626915273472,49.944403729102085,short
5205,5206,loss,-33.29626915273472,33.29626915273472,49.944403729102085,long
5211,5212,loss,-33.29626915273472,33.29626915273472,49.944403729102085,long
5214,5217,loss,-33.29626915273472,33.29626915273472,49.944403729102085,long
5235,5249,win,49.944403729102085,33.29626915273472,49.944403729102085,short
5333,5340,loss,-33.29626915273472,33.29626915273472,49.944403729102085,long
5376,5413,loss,-33.29626915273472,33.29626915273472,49.944403729102085,long
5450,5459,win,49.944403729102085,33.29626915273472,49.944403729102085,long
5482,5486,win,49.944403729102085,33.29626915273472,49.944403729102085,short
5487,5491,loss,-33.29626915273472,33.29626915273472,49.944403729102085,short
5517,5534,loss,-33.29626915273472,33.29626915273472,49.944403729102085,short
5535,5555,loss,-33.29626915273472,33.29626915273472,49.944403729102085,long
5583,5607,loss,-33.29626915273472,33.29626915273472,49.944403729102085,long
5642,5668,win,49.944403729102085,33.29626915273472,49.944403729102085,long
5669,5690,loss,-33.29626915273472,33.29626915273472,49.944403729102085,long
5692,5696,loss,-33.29626915273472,33.29626915273472,49.944403729102085,short
5703,5704,loss,-33.29626915273472,33.29626915273472,49.944403729102085,short
5728,5760,loss,-33.29626915273472,33.29626915273472,49.944403729102085,short
5761,5767,win,49.944403729102085,33.29626915273472,49.944403729102085,long
5777,5780,win,49.944403729102085,33.29626915273472,49.944403729102085,long
5788,5789,loss,-33.29626915273472,33.29626915273472,49.944403729102085,long
5791,5793,loss,-33.29626915273472,33.29626915273472,49.944403729102085,short
5794,5796,win,49.944403729102085,33.29626915273472,49.944403729102085,short
5797,5802,win,49.944403729102085,33.29626915273472,49.944403729102085,short
5860,5863,loss,-33.29626915273472,33.29626915273472,49.944403729102085,short
5874,5886,loss,-33.29626915273472,33.29626915273472,49.944403729102085,long
5929,5956,loss,-33.29626915273472,33.29626915273472,49.944403729102085,short
5957,5966,loss,-33.29626915273472,33.29626915273472,49.944403729102085,long
5983,5986,loss,-33.29626915273472,33.29626915273472,49.944403729102085,short
6033,6035,win,49.944403729102085,33.29626915273472,49.944403729102085,short
6036,6037,loss,-33.29626915273472,33.29626915273472,49.944403729102085,short
6060,6061,win,49.944403729102085,33.29626915273472,49.944403729102085,short
6074,6096,loss,-33.29626915273472,33.29626915273472,49.944403729102085,long
6143,6153,win,49.944403729102085,33.29626915273472,49.944403729102085,long
6182,6183,loss,-33.29626915273472,33.29626915273472,49.944403729102085,short
6214,6236,loss,-33.29626915273472,33.29626915273472,49.944403729102085,short
6244,6246,loss,-33.29626915273472,33.29626915273472,49.944403729102085,long
6249,6250,loss,-33.29626915273472,33.29626915273472,49.944403729102085,long
6287,6316,loss,-33.29626915273472,33.29626915273472,49.944403729102085,long
6317,6319,win,49.944403729102085,33.29626915273472,49.944403729102085,short
6320,6323,win,49.944403729102085,33.29626915273472,49.944403729102085,short
6358,6370,loss,-33.29626915273472,33.29626915273472,49.944403729102085,long
6378,6379,loss,-33.29626915273472,33.29626915273472,49.944403729102085,short
6381,6383,win,49.944403729102085,33.29626915273472,49.944403729102085,short
6396,6397,loss,-33.29626915273472,33.29626915273472,49.944403729102085,long
6399,6400,loss,-33.29626915273472,33.29626915273472,49.944403729102085,long
6405,6407,loss,-33.29626915273472,33.29626915273472,49.944403729102085,long
6460,6463,win,49.944403729102085,33.29626915273472,49.944403729102085,short
6468,6469,win,49.944403729102085,33.29626915273472,49.944403729102085,short
6470,6471,win,49.944403729102085,33.29626915273472,49.944403729102085,short
6472,6473,loss,-33.29626915273472,33.29626915273472,49.944403729102085,short
6511,6522,loss,-33.29626915273472,33.29626915273472,49.944403729102085,long
6535,6539,loss,-33.29626915273472,33.29626915273472,49.944403729102085,long
6548,6581,loss,-33.29626915273472,33.29626915273472,49.944403729102085,short
6599,6600,win,49.944403729102085,33.29626915273472,49.944403729102085,short
6602,6604,loss,-33.29626915273472,33.29626915273472,49.944403729102085,short
6607,6611,loss,-33.29626915273472,33.29626915273472,49.944403729102085,short
6621,6637,win,49.944403729102085,33.29626915273472,49.944403729102085,long
6670,6673,loss,-33.29626915273472,33.29626915273472,49.944403729102085,short
6688,6696,loss,-33.29626915273472,33.29626915273472,49.944403729102085,short
6726,6733,loss,-33.29626915273472,33.29626915273472,49.944403729102085,short
6795,6802,loss,-33.29626915273472,33.29626915273472,49.944403729102085,long
6806,6809,loss,-33.29626915273472,33.29626915273472,49.944403729102085,short
6812,6813,win,49.944403729102085,33.29626915273472,49.944403729102085,short
6814,6816,loss,-33.29626915273472,33.29626915273472,49.944403729102085,short
6819,6821,win,49.944403729102085,33.29626915273472,49.944403729102085,long
6827,6835,loss,-33.29626915273472,33.29626915273472,49.944403729102085,long
6987,7009,loss,-33.29626915273472,33.29626915273472,49.944403729102085,short
7040,7053,loss,-33.29626915273472,33.29626915273472,49.944403729102085,short
7078,7085,win,49.944403729102085,33.29626915273472,49.944403729102085,short
7119,7145,win,49.944403729102085,33.29626915273472,49.944403729102085,long
7250,7255,loss,-33.29626915273472,33.29626915273472,49.944403729102085,long
7256,7270,loss,-33.29626915273472,33.29626915273472,49.944403729102085,short
7271,7276,loss,-33.29626915273472,33.29626915273472,49.944403729102085,long
7285,7287,loss,-33.29626915273472,33.29626915273472,49.944403729102085,short
7341,7355,win,49.944403729102085,33.29626915273472,49.944403729102085,long
7356,7360,loss,-33.29626915273472,33.29626915273472,49.944403729102085,long
7362,7364,win,49.944403729102085,33.29626915273472,49.944403729102085,long
7377,7385,loss,-33.29626915273472,33.29626915273472,49.944403729102085,short
7433,7434,win,49.944403729102085,33.29626915273472,49.944403729102085,short
7448,7471,loss,-33.29626915273472,33.29626915273472,49.944403729102085,long
7497,7500,loss,-33.29626915273472,33.29626915273472,49.944403729102085,long
7501,7505,win,49.944403729102085,33.29626915273472,49.944403729102085,long
7506,7547,win,49.944403729102085,33.29626915273472,49.944403729102085,long
7550,7567,loss,-33.29626915273472,33.29626915273472,49.944403729102085,short
7569,7578,loss,-33.29626915273472,33.29626915273472,49.944403729102085,long
7581,7623,loss,-33.29626915273472,33.29626915273472,49.944403729102085,short
7642,7647,loss,-33.29626915273472,33.29626915273472,49.944403729102085,short
7656,7674,loss,-33.29626915273472,33.29626915273472,49.944403729102085,long
7699,7706,loss,-33.29626915273472,33.29626915273472,49.944403729102085,short
7776,7782,win,49.944403729102085,33.29626915273472,49.944403729102085,long
7783,7786,loss,-33.29626915273472,33.29626915273472,49.944403729102085,long
7806,7844,win,49.944403729102085,33.29626915273472,49.944403729102085,short
7845,7848,loss,-33.29626915273472,33.29626915273472,49.944403729102085,short
7863,7866,loss,-33.29626915273472,33.29626915273472,49.944403729102085,long
7884,7897,loss,-33.29626915273472,33.29626915273472,49.944403729102085,long
7927,7930,loss,-33.29626915273472,33.29626915273472,49.944403729102085,short
7943,7965,win,49.944403729102085,33.29626915273472,49.944403729102085,long
7999,8042,loss,-33.29626915273472,33.29626915273472,49.944403729102085,long
8043,8055,loss,-33.29626915273472,33.29626915273472,49.944403729102085,short
8056,8063,loss,-33.29626915273472,33.29626915273472,49.944403729102085,long
8162,8179,win,49.944403729102085,33.29626915273472,49.944403729102085,short
8193,8197,win,49.944403729102085,33.29626915273472,49.944403729102085,long
8198,8202,win,49.944403729102085,33.29626915273472,49.944403729102085,long
8238,8264,loss,-33.29626915273472,33.29626915273472,49.944403729102085,short
8266,8268,loss,-33.29626915273472,33.29626915273472,49.944403729102085,long
8276,8290,loss,-33.29626915273472,33.29626915273472,49.944403729102085,long
8385,8404,loss,-33.29626915273472,33.29626915273472,49.944403729102085,short
8406,8421,loss,-33.29626915273472,33.29626915273472,49.944403729102085,long
8422,8456,win,49.944403729102085,33.29626915273472,49.944403729102085,short
8463,8472,win,49.944403729102085,33.29626915273472,49.944403729102085,short
8473,8478,win,49.944403729102085,33.29626915273472,49.944403729102085,short
8492,8505,win,49.944403729102085,33.29626915273472,49.944403729102085,long
8547,8552,loss,-33.29626915273472,33.29626915273472,49.944403729102085,short
8555,8568,win,49.944403729102085,33.29626915273472,49.944403729102085,short
8584,8588,loss,-33.29626915273472,33.29626915273472,49.944403729102085,long
8607,8611,loss,-33.29626915273472,33.29626915273472,49.944403729102085,long
8702,8715,loss,-33.29626915273472,33.29626915273472,49.944403729102085,short
8716,8736,win,49.944403729102085,33.29626915273472,49.944403729102085,long
8758,8759,loss,-33.29626915273472,33.29626915273472,49.944403729102085,short
8777,8803,loss,-33.29626915273472,33.29626915273472,49.944403729102085,long
8804,8822,loss,-33.29626915273472,33.29626915273472,49.944403729102085,short
8836,8876,win,49.944403729102085,33.29626915273472,49.944403729102085,short
8877,8883,win,49.944403729102085,33.29626915273472,49.944403729102085,short
8909,8917,win,49.944403729102085,33.29626915273472,49.944403729102085,long
8919,8922,win,49.944403729102085,33.29626915273472,49.944403729102085,long
9000,9005,win,49.944403729102085,33.29626915273472,49.944403729102085,long
9006,9014,win,49.944403729102085,33.29626915273472,49.944403729102085,long
9028,9031,loss,-33.29626915273472,33.29626915273472,49.944403729102085,long
9042,9047,loss,-33.29626915273472,33.29626915273472,49.944403729102085,short
9101,9123,loss,-33.29626915273472,33.29626915273472,49.944403729102085,short
9124,9128,loss,-33.29626915273472,33.29626915273472,49.944403729102085,long
9138,9143,win,49.944403729102085,33.29626915273472,49.944403729102085,short
9156,9160,win,49.944403729102085,33.29626915273472,49.944403729102085,short
9163,9170,loss,-33.29626915273472,33.29626915273472,49.944403729102085,short
9218,9232,win,49.944403729102085,33.29626915273472,49.944403729102085,long
9269,9270,loss,-33.29626915273472,33.29626915273472,49.944403729102085,short
9279,9280,loss,-33.29626915273472,33.29626915273472,49.944403729102085,short
9291,9293,win,49.944403729102085,33.29626915273472,49.944403729102085,short
9294,9297,loss,-33.29626915273472,33.29626915273472,49.944403729102085,short
9298,9311,loss,-33.29626915273472,33.29626915273472,49.944403729102085,short
9345,9350,win,49.944403729102085,33.29626915273472,49.944403729102085,long
9351,9361,loss,-33.29626915273472,33.29626915273472,49.944403729102085,long
9377,9378,win,49.944403729102085,33.29626915273472,49.944403729102085,long
9392,9401,loss,-33.29626915273472,33.29626915273472,49.944403729102085,short
9479,9497,loss,-33.29626915273472,33.29626915273472,49.944403729102085,short
9505,9523,win,49.944403729102085,33.29626915273472,49.944403729102085,long
9551,9556,win,49.944403729102085,33.29626915273472,49.944403729102085,short
9557,9558,loss,-33.29626915273472,33.29626915273472,49.944403729102085,short
9572,9600,loss,-33.29626915273472,33.29626915273472,49.944403729102085,short
9619,9622,loss,-33.29626915273472,33.29626915273472,49.944403729102085,long
9635,9639,loss,-33.29626915273472,33.29626915273472,49.944403729102085,short
9649,9699,win,49.944403729102085,33.29626915273472,49.944403729102085,long
9700,9702,win,49.944403729102085,33.29626915273472,49.944403729102085,long
9704,9705,loss,-33.29626915273472,33.29626915273472,49.944403729102085,long
9725,9727,loss,-33.29626915273472,33.29626915273472,49.944403729102085,short
9738,9743,loss,-33.29626915273472,33.29626915273472,49.944403729102085,short
9773,9775,win,49.944403729102085,33.29626915273472,49.944403729102085,long
9776,9781,loss,-33.29626915273472,33.29626915273472,49.944403729102085,long
9837,9838,win,49.944403729102085,33.29626915273472,49.944403729102085,long
9839,9842,loss,-33.29626915273472,33.29626915273472,49.944403729102085,long
9843,9851,win,49.944403729102085,33.29626915273472,49.944403729102085,long
9859,9860,win,49.944403729102085,33.29626915273472,49.944403729102085,long
9861,9871,loss,-33.29626915273472,33.29626915273472,49.944403729102085,long
9874,9881,loss,-33.29626915273472,33.29626915273472,49.944403729102085,short
9924,9926,loss,-33.29626915273472,33.29626915273472,49.944403729102085,short
9931,9932,loss,-33.29626915273472,33.29626915273472,49.944403729102085,short
9934,9950,loss,-33.29626915273472,33.29626915273472,49.944403729102085,short
9981,9986,loss,-33.29626915273472,33.29626915273472,49.944403729102085,long
9990,9991,loss,-33.29626915273472,33.29626915273472,49.944403729102085,short
9994,9995,win,49.944403729102085,33.29626915273472,49.944403729102085,short
9996,9997,loss,-33.29626915273472,33.29626915273472,49.944403729102085,short
9999,10000,win,49.944403729102085,33.29626915273472,49.944403729102085,short
10028,10030,loss,-33.29626915273472,33.29626915273472,49.944403729102085,long
10074,10075,loss,-33.29626915273472,33.29626915273472,49.944403729102085,long
10077,10083,win,49.944403729102085,33.29626915273472,49.944403729102085,long
10084,10090,win,49.944403729102085,33.29626915273472,49.944403729102085,long
10121,10122,loss,-33.29626915273472,33.29626915273472,49.944403729102085,short
10155,10156,win,49.944403729102085,33.29626915273472,49.944403729102085,long
10157,10158,loss,-33.29626915273472,33.29626915273472,49.944403729102085,long
10159,10161,win,49.944403729102085,33.29626915273472,49.944403729102085,long
10162,10163,win,49.944403729102085,33.29626915273472,49.944403729102085,long
10176,10177,loss,-33.29626915273472,33.29626915273472,49.944403729102085,short
10188,10190,win,49.944403729102085,33.29626915273472,49.944403729102085,short
10191,10192,loss,-33.29626915273472,33.29626915273472,49.944403729102085,short
10193,10194,win,49.944403729102085,33.29626915273472,49.944403729102085,short
10207,10208,win,49.944403729102085,33.29626915273472,49.944403729102085,long
10267,10268,loss,-33.29626915273472,33.29626915273472,49.944403729102085,long
10285,10286,loss,-33.29626915273472,33.29626915273472,49.944403729102085,long
10288,10289,win,49.944403729102085,33.29626915273472,49.944403729102085,long
10298,10299,loss,-33.29626915273472,33.29626915273472,49.944403729102085,short
10304,10305,loss,-33.29626915273472,33.29626915273472,49.944403729102085,short
10329,10330,win,49.944403729102085,33.29626915273472,49.944403729102085,short
10333,10334,loss,-33.29626915273472,33.29626915273472,49.944403729102085,short
10356,10358,loss,-33.29626915273472,33.29626915273472,49.944403729102085,long
10418,10419,win,49.944403729102085,33.29626915273472,49.944403729102085,long
10420,10423,loss,-33.29626915273472,33.29626915273472,49.944403729102085,long
10479,10482,win,49.944403729102085,33.29626915273472,49.944403729102085,long
10483,10486,loss,-33.29626915273472,33.29626915273472,49.944403729102085,long
10538,10539,loss,-33.29626915273472,33.29626915273472,49.944403729102085,short
10606,10609,loss,-33.29626915273472,33.29626915273472,49.944403729102085,short
10614,10616,loss,-33.29626915273472,33.29626915273472,49.944403729102085,short
10628,10634,loss,-33.29626915273472,33.29626915273472,49.944403729102085,long
10671,10674,win,49.944403729102085,33.29626915273472,49.944403729102085,long
10677,10680,loss,-33.29626915273472,33.29626915273472,49.944403729102085,long
10681,10686,loss,-33.29626915273472,33.29626915273472,49.944403729102085,long
10740,10741,win,49.944403729102085,33.29626915273472,49.944403729102085,long
10745,10746,loss,-33.29626915273472,33.29626915273472,49.944403729102085,short
10752,10753,loss,-33.29626915273472,33.29626915273472,49.944403729102085,short
10755,10757,win,49.944403729102085,33.29626915273472,49.944403729102085,short
10773,10774,loss,-33.29626915273472,33.29626915273472,49.944403729102085,long
10812,10814,win,49.944403729102085,33.29626915273472,49.944403729102085,short
10815,10817,loss,-33.29626915273472,33.29626915273472,49.944403729102085,short
10869,10870,loss,-33.29626915273472,33.29626915273472,49.944403729102085,short
10871,10872,loss,-33.29626915273472,33.29626915273472,49.944403729102085,short
10873,10876,loss,-33.29626915273472,33.29626915273472,49.944403729102085,short
10903,10904,loss,-33.29626915273472,33.29626915273472,49.944403729102085,short
10905,10906,loss,-33.29626915273472,33.29626915273472,49.944403729102085,short
10907,10908,loss,-33.29626915273472,33.29626915273472,49.944403729102085,short
10918,10919,loss,-33.29626915273472,33.29626915273472,49.944403729102085,long
10921,10923,win,49.944403729102085,33.29626915273472,49.944403729102085,long
10924,10927,loss,-33.29626915273472,33.29626915273472,49.944403729102085,long
10960,10961,win,49.944403729102085,33.29626915273472,49.944403729102085,short
10994,10996,loss,-33.29626915273472,33.29626915273472,49.944403729102085,long
11031,11032,loss,-33.29626915273472,33.29626915273472,49.944403729102085,long
11033,11034,loss,-33.29626915273472,33.29626915273472,49.944403729102085,long
11042,11043,win,49.944403729102085,33.29626915273472,49.944403729102085,long
11095,11096,win,49.944403729102085,33.29626915273472,49.944403729102085,short
11106,11108,loss,-33.29626915273472,33.29626915273472,49.944403729102085,short
11116,11117,win,49.944403729102085,33.29626915273472,49.944403729102085,long
11118,11119,loss,-33.29626915273472,33.29626915273472,49.944403729102085,long
11120,11121,win,49.944403729102085,33.29626915273472,49.944403729102085,long
11123,11124,win,49.944403729102085,33.29626915273472,49.944403729102085,long
11167,11168,loss,-33.29626915273472,33.29626915273472,49.944403729102085,short
11177,11178,win,49.944403729102085,33.29626915273472,49.944403729102085,short
11199,11200,win,49.944403729102085,33.29626915273472,49.944403729102085,long
11232,11233,win,49.944403729102085,33.29626915273472,49.944403729102085,long
11234,11235,loss,-33.29626915273472,33.29626915273472,49.944403729102085,long
11236,11237,loss,-33.29626915273472,33.29626915273472,49.944403729102085,long
11270,11272,loss,-33.29626915273472,33.29626915273472,49.944403729102085,short
11295,11296,loss,-33.29626915273472,33.29626915273472,49.944403729102085,short
11391,11395,loss,-33.29626915273472,33.29626915273472,49.944403729102085,long
11396,11419,loss,-33.29626915273472,33.29626915273472,49.944403729102085,short
11429,11430,win,49.944403729102085,33.29626915273472,49.944403729102085,long
11446,11448,loss,-33.29626915273472,33.29626915273472,49.944403729102085,long
11478,11479,win,49.944403729102085,33.29626915273472,49.944403729102085,short
11480,11489,win,49.944403729102085,33.29626915273472,49.944403729102085,short
11503,11504,loss,-33.29626915273472,33.29626915273472,49.944403729102085,long
11557,11558,loss,-33.29626915273472,33.29626915273472,49.944403729102085,short
11572,11573,loss,-33.29626915273472,33.29626915273472,49.944403729102085,long
11617,11618,loss,-33.29626915273472,33.29626915273472,49.944403729102085,short
11620,11622,win,49.944403729102085,33.29626915273472,49.944403729102085,short
11661,11663,win,49.944403729102085,33.29626915273472,49.944403729102085,long
11676,11677,win,49.944403729102085,33.29626915273472,49.944403729102085,long
11678,11680,loss,-33.29626915273472,33.29626915273472,49.944403729102085,long
11716,11717,loss,-33.29626915273472,33.29626915273472,49.944403729102085,long
11774,11775,win,49.944403729102085,33.29626915273472,49.944403729102085,short
11776,11777,loss,-33.29626915273472,33.29626915273472,49.944403729102085,short
11778,11779,win,49.944403729102085,33.29626915273472,49.944403729102085,short
11780,11781,loss,-33.29626915273472,33.29626915273472,49.944403729102085,short
11792,11794,loss,-33.29626915273472,33.29626915273472,49.944403729102085,long
11882,11886,loss,-33.29626915273472,33.29626915273472,49.944403729102085,long
11890,11899,loss,-33.29626915273472,33.29626915273472,49.944403729102085,long
11907,11908,loss,-33.29626915273472,33.29626915273472,49.944403729102085,short
11921,11922,loss,-33.29626915273472,33.29626915273472,49.944403729102085,long
11973,11974,win,49.944403729102085,33.29626915273472,49.944403729102085,short
12024,12026,loss,-33.29626915273472,33.29626915273472,49.944403729102085,long
12038,12040,loss,-33.29626915273472,33.29626915273472,49.944403729102085,short
12060,12061,loss,-33.29626915273472,33.29626915273472,49.944403729102085,short
12081,12093,loss,-33.29626915273472,33.29626915273472,49.944403729102085,long
12116,12117,loss,-33.29626915273472,33.29626915273472,49.944403729102085,long
12124,12125,win,49.944403729102085,33.29626915273472,49.944403729102085,long
12127,12128,loss,-33.29626915273472,33.29626915273472,49.944403729102085,long
12142,12143,loss,-33.29626915273472,33.29626915273472,49.944403729102085,long
12175,12176,loss,-33.29626915273472,33.29626915273472,49.944403729102085,short
12186,12188,win,49.944403729102085,33.29626915273472,49.944403729102085,short
12198,12199,loss,-33.29626915273472,33.29626915273472,49.944403729102085,short
12203,12204,win,49.944403729102085,33.29626915273472,49.944403729102085,short
12205,12206,loss,-33.29626915273472,33.29626915273472,49.944403729102085,short
12208,12209,loss,-33.29626915273472,33.29626915273472,49.944403729102085,short
12213,12214,loss,-33.29626915273472,33.29626915273472,49.944403729102085,short
12254,12255,win,49.944403729102085,33.29626915273472,49.944403729102085,long
12256,12258,win,49.944403729102085,33.29626915273472,49.944403729102085,long
12259,12264,loss,-33.29626915273472,33.29626915273472,49.944403729102085,long
12286,12288,loss,-33.29626915273472,33.29626915273472,49.944403729102085,long
12328,12329,loss,-33.29626915273472,33.29626915273472,49.944403729102085,short
12336,12337,loss,-33.29626915273472,33.29626915273472,49.944403729102085,short
12338,12339,loss,-33.29626915273472,33.29626915273472,49.944403729102085,short
12345,12346,loss,-33.29626915273472,33.29626915273472,49.944403729102085,short
12364,12367,loss,-33.29626915273472,33.29626915273472,49.944403729102085,short
12409,12410,win,49.944403729102085,33.29626915273472,49.944403729102085,short
12414,12415,loss,-33.29626915273472,33.29626915273472,49.944403729102085,short
12423,12424,loss,-33.29626915273472,33.29626915273472,49.944403729102085,long
12427,12428,loss,-33.29626915273472,33.29626915273472,49.944403729102085,long
12439,12443,win,49.944403729102085,33.29626915273472,49.944403729102085,long
12444,12445,win,49.944403729102085,33.29626915273472,49.944403729102085,long
12459,12460,loss,-33.29626915273472,33.29626915273472,49.944403729102085,short
12475,12476,win,49.944403729102085,33.29626915273472,49.944403729102085,short
12477,12478,loss,-33.29626915273472,33.29626915273472,49.944403729102085,short
12511,12512,loss,-33.29626915273472,33.29626915273472,49.944403729102085,long
12513,12514,loss,-33.29626915273472,33.29626915273472,49.944403729102085,long
12527,12528,win,49.944403729102085,33.29626915273472,49.944403729102085,short
12529,12530,loss,-33.29626915273472,33.29626915273472,49.944403729102085,short
12531,12532,loss,-33.29626915273472,33.29626915273472,49.944403729102085,short
12542,12543,win,49.944403729102085,33.29626915273472,49.944403729102085,long
12544,12545,win,49.944403729102085,33.29626915273472,49.944403729102085,long
12622,12623,win,49.944403729102085,33.29626915273472,49.944403729102085,short
12624,12626,loss,-33.29626915273472,33.29626915273472,49.944403729102085,short
12628,12629,loss,-33.29626915273472,33.29626915273472,49.944403729102085,short
12650,12652,loss,-33.29626915273472,33.29626915273472,49.944403729102085,short
12654,12655,loss,-33.29626915273472,33.29626915273472,49.944403729102085,short
12656,12657,loss,-33.29626915273472,33.29626915273472,49.944403729102085,short
12669,12670,loss,-33.29626915273472,33.29626915273472,49.944403729102085,long
12671,12672,win,49.944403729102085,33.29626915273472,49.944403729102085,long
12673,12675,loss,-33.29626915273472,33.29626915273472,49.944403729102085,long
12704,12705,win,49.944403729102085,33.29626915273472,49.944403729102085,short
12718,12719,loss,-33.29626915273472,33.29626915273472,49.944403729102085,short
12720,12721,loss,-33.29626915273472,33.29626915273472,49.944403729102085,short
12722,12723,loss,-33.29626915273472,33.29626915273472,49.944403729102085,short
12733,12736,loss,-33.29626915273472,33.29626915273472,49.944403729102085,long
12738,12739,loss,-33.29626915273472,33.29626915273472,49.944403729102085,long
12831,12832,loss,-33.29626915273472,33.29626915273472,49.944403729102085,short
12835,12836,loss,-33.29626915273472,33.29626915273472,49.944403729102085,short
12858,12860,loss,-33.29626915273472,33.29626915273472,49.944403729102085,long
12863,12864,loss,-33.29626915273472,33.29626915273472,49.944403729102085,long
12882,12885,win,49.944403729102085,33.29626915273472,49.944403729102085,long
12888,12890,loss,-33.29626915273472,33.29626915273472,49.944403729102085,long
12902,12904,win,49.944403729102085,33.29626915273472,49.944403729102085,short
12905,12907,loss,-33.29626915273472,33.29626915273472,49.944403729102085,short
12962,12963,win,49.944403729102085,33.29626915273472,49.944403729102085,short
12964,12965,win,49.944403729102085,33.29626915273472,49.944403729102085,short
12975,12976,win,49.944403729102085,33.29626915273472,49.944403729102085,short
12990,12993,win,49.944403729102085,33.29626915273472,49.944403729102085,long
12995,12998,win,49.944403729102085,33.29626915273472,49.944403729102085,long
12999,13002,loss,-33.29626915273472,33.29626915273472,49.944403729102085,long
13092,13093,loss,-33.29626915273472,33.29626915273472,49.944403729102085,short
13107,13108,loss,-33.29626915273472,33.29626915273472,49.944403729102085,short
13109,13110,loss,-33.29626915273472,33.29626915273472,49.944403729102085,short
13111,13112,loss,-33.29626915273472,33.29626915273472,49.944403729102085,short
13151,13154,loss,-33.29626915273472,33.29626915273472,49.944403729102085,long
13188,13189,loss,-33.29626915273472,33.29626915273472,49.944403729102085,short
13190,13191,win,49.944403729102085,33.29626915273472,49.944403729102085,short
13192,13193,win,49.944403729102085,33.29626915273472,49.944403729102085,short
13207,13212,win,49.944403729102085,33.29626915273472,49.944403729102085,long
13213,13216,loss,-33.29626915273472,33.29626915273472,49.944403729102085,long
13298,13300,loss,-33.29626915273472,33.29626915273472,49.944403729102085,short
13303,13304,win,49.944403729102085,33.29626915273472,49.944403729102085,short
13305,13306,loss,-33.29626915273472,33.29626915273472,49.944403729102085,short
13359,13369,win,49.944403729102085,33.29626915273472,49.944403729102085,long
13374,13375,loss,-33.29626915273472,33.29626915273472,49.944403729102085,long
13376,13382,loss,-33.29626915273472,33.29626915273472,49.944403729102085,long
13456,13459,win,49.944403729102085,33.29626915273472,49.944403729102085,short
13460,13462,loss,-33.29626915273472,33.29626915273472,49.944403729102085,short
13475,13485,loss,-33.29626915273472,33.29626915273472,49.944403729102085,long
13512,13521,loss,-33.29626915273472,33.29626915273472,49.944403729102085,long
13557,13572,loss,-33.29626915273472,33.29626915273472,49.944403729102085,short
13577,13579,loss,-33.29626915273472,33.29626915273472,49.944403729102085,short
13591,13594,win,49.944403729102085,33.29626915273472,49.944403729102085,long
13663,13664,loss,-33.29626915273472,33.29626915273472,49.944403729102085,short
13669,13671,loss,-33.29626915273472,33.29626915273472,49.944403729102085,short
13678,13679,loss,-33.29626915273472,33.29626915273472,49.944403729102085,long
13683,13684,loss,-33.29626915273472,33.29626915273472,49.944403729102085,long
13685,13687,win,49.944403729102085,33.29626915273472,49.944403729102085,long
13775,13777,win,49.944403729102085,33.29626915273472,49.944403729102085,short
13778,13779,loss,-33.29626915273472,33.29626915273472,49.944403729102085,short
13797,13799,loss,-33.29626915273472,33.29626915273472,49.944403729102085,long
13872,13873,win,49.944403729102085,33.29626915273472,49.944403729102085,long
13875,13878,win,49.944403729102085,33.29626915273472,49.944403729102085,long
13954,13957,win,49.944403729102085,33.29626915273472,49.944403729102085,short
13958,13960,loss,-33.29626915273472,33.29626915273472,49.944403729102085,short
13975,13976,loss,-33.29626915273472,33.29626915273472,49.944403729102085,short
13989,14000,win,49.944403729102085,33.29626915273472,49.944403729102085,long
14019,14020,win,49.944403729102085,33.29626915273472,49.944403729102085,long
14023,14024,win,49.944403729102085,33.29626915273472,49.944403729102085,long
14025,14027,loss,-33.29626915273472,33.29626915273472,49.944403729102085,long
14030,14032,win,49.944403729102085,33.29626915273472,49.944403729102085,long
14079,14080,win,49.944403729102085,33.29626915273472,49.944403729102085,short
14082,14083,loss,-33.29626915273472,33.29626915273472,49.944403729102085,short
14084,14085,loss,-33.29626915273472,33.29626915273472,49.944403729102085,short
14143,14149,loss,-33.29626915273472,33.29626915273472,49.944403729102085,short
14159,14160,loss,-33.29626915273472,33.29626915273472,49.944403729102085,long
14161,14162,win,49.944403729102085,33.29626915273472,49.944403729102085,long
14168,14173,loss,-33.29626915273472,33.29626915273472,49.944403729102085,long
14206,14208,loss,-33.29626915273472,33.29626915273472,49.944403729102085,short
14258,14259,win,49.944403729102085,33.29626915273472,49.944403729102085,short
14260,14261,win,49.944403729102085,33.29626915273472,49.944403729102085,short
14264,14265,loss,-33.29626915273472,33.29626915273472,49.944403729102085,short
14277,14282,win,49.944403729102085,33.29626915273472,49.944403729102085,long
14288,14290,loss,-33.29626915273472,33.29626915273472,49.944403729102085,long
14320,14323,loss,-33.29626915273472,33.29626915273472,49.944403729102085,short
14374,14375,loss,-33.29626915273472,33.29626915273472,49.944403729102085,long
14376,14377,win,49.944403729102085,33.29626915273472,49.944403729102085,long
14431,14433,loss,-33.29626915273472,33.29626915273472,49.944403729102085,short
14448,14451,loss,-33.29626915273472,33.29626915273472,49.944403729102085,short
14458,14462,loss,-33.29626915273472,33.29626915273472,49.944403729102085,long
14471,14473,loss,-33.29626915273472,33.29626915273472,49.944403729102085,short
14497,14498,loss,-33.29626915273472,33.29626915273472,49.944403729102085,long
14499,14500,loss,-33.29626915273472,33.29626915273472,49.944403729102085,long
14501,14502,loss,-33.29626915273472,33.29626915273472,49.944403729102085,long
14534,14549,loss,-33.29626915273472,33.29626915273472,49.944403729102085,short
14570,14571,loss,-33.29626915273472,33.29626915273472,49.944403729102085,short
14584,14596,loss,-33.29626915273472,33.29626915273472,49.944403729102085,long
14609,14624,loss,-33.29626915273472,33.29626915273472,49.944403729102085,long
14668,14689,win,49.944403729102085,33.29626915273472,49.944403729102085,short
14718,14723,loss,-33.29626915273472,33.29626915273472,49.944403729102085,long
14726,14727,loss,-33.29626915273472,33.29626915273472,49.944403729102085,short
14740,14748,loss,-33.29626915273472,33.29626915273472,49.944403729102085,long
14787,14791,win,49.944403729102085,33.29626915273472,49.944403729102085,short
14792,14793,win,49.944403729102085,33.29626915273472,49.944403729102085,short
14795,14796,loss,-33.29626915273472,33.29626915273472,49.944403729102085,short
14798,14800,loss,-33.29626915273472,33.29626915273472,49.944403729102085,short
14837,14840,win,49.944403729102085,33.29626915273472,49.944403729102085,long
14863,14867,loss,-33.29626915273472,33.29626915273472,49.944403729102085,long
14926,14935,win,49.944403729102085,33.29626915273472,49.944403729102085,long
14936,14939,loss,-33.29626915273472,33.29626915273472,49.944403729102085,long
14959,14961,win,49.944403729102085,33.29626915273472,49.944403729102085,short
14966,14971,win,49.944403729102085,33.29626915273472,49.944403729102085,short
15006,15016,loss,-33.29626915273472,33.29626915273472,49.944403729102085,long
15022,15025,loss,-33.29626915273472,33.29626915273472,49.944403729102085,short
15034,15035,win,49.944403729102085,33.29626915273472,49.944403729102085,short
15048,15049,loss,-33.29626915273472,33.29626915273472,49.944403729102085,long
15050,15051,win,49.944403729102085,33.29626915273472,49.944403729102085,long
15052,15053,loss,-33.29626915273472,33.29626915273472,49.944403729102085,long
15054,15055,loss,-33.29626915273472,33.29626915273472,49.944403729102085,long
15095,15097,loss,-33.29626915273472,33.29626915273472,49.944403729102085,short
15121,15122,win,49.944403729102085,33.29626915273472,49.944403729102085,short
15135,15138,loss,-33.29626915273472,33.29626915273472,49.944403729102085,long
15184,15186,loss,-33.29626915273472,33.29626915273472,49.944403729102085,short
15192,15193,loss,-33.29626915273472,33.29626915273472,49.944403729102085,short
15195,15197,loss,-33.29626915273472,33.29626915273472,49.944403729102085,short
15200,15201,loss,-33.29626915273472,33.29626915273472,49.944403729102085,short
15215,15217,loss,-33.29626915273472,33.29626915273472,49.944403729102085,long
15235,15239,loss,-33.29626915273472,33.29626915273472,49.944403729102085,long
15255,15256,loss,-33.29626915273472,33.29626915273472,49.944403729102085,long
15269,15270,loss,-33.29626915273472,33.29626915273472,49.944403729102085,short
15290,15293,loss,-33.29626915273472,33.29626915273472,49.944403729102085,short
15318,15319,loss,-33.29626915273472,33.29626915273472,49.944403729102085,short
15322,15325,loss,-33.29626915273472,33.29626915273472,49.944403729102085,short
15339,15341,loss,-33.29626915273472,33.29626915273472,49.944403729102085,short
15342,15344,win,49.944403729102085,33.29626915273472,49.944403729102085,short
15369,15373,win,49.944403729102085,33.29626915273472,49.944403729102085,long
15382,15385,loss,-33.29626915273472,33.29626915273472,49.944403729102085,long
15386,15388,loss,-33.29626915273472,33.29626915273472,49.944403729102085,short
15400,15403,win,49.944403729102085,33.29626915273472,49.944403729102085,long
15454,15457,win,49.944403729102085,33.29626915273472,49.944403729102085,short
15458,15461,loss,-33.29626915273472,33.29626915273472,49.944403729102085,short
15573,15576,win,49.944403729102085,33.29626915273472,49.944403729102085,short
15577,15581,win,49.944403729102085,33.29626915273472,49.944403729102085,short
15582,15583,loss,-33.29626915273472,33.29626915273472,49.944403729102085,short
15598,15600,win,49.944403729102085,33.29626915273472,49.944403729102085,long
15601,15602,loss,-33.29626915273472,33.29626915273472,49.944403729102085,long
15618,15639,win,49.944403729102085,33.29626915273472,49.944403729102085,long
15670,15675,win,49.944403729102085,33.29626915273472,49.944403729102085,short
15732,15734,loss,-33.29626915273472,33.29626915273472,49.944403729102085,short
15743,15747,loss,-33.29626915273472,33.29626915273472,49.944403729102085,long
15754,15755,win,49.944403729102085,33.29626915273472,49.944403729102085,long
15756,15758,win,49.944403729102085,33.29626915273472,49.944403729102085,long
15761,15764,loss,-33.29626915273472,33.29626915273472,49.944403729102085,long
15776,15779,win,49.944403729102085,33.29626915273472,49.944403729102085,short
15781,15783,loss,-33.29626915273472,33.29626915273472,49.944403729102085,short
15786,15788,loss,-33.29626915273472,33.29626915273472,49.944403729102085,short
15794,15795,win,49.944403729102085,33.29626915273472,49.944403729102085,long
15796,15798,win,49.944403729102085,33.29626915273472,49.944403729102085,long
15801,15804,loss,-33.29626915273472,33.29626915273472,49.944403729102085,long
15869,15870,loss,-33.29626915273472,33.29626915273472,49.944403729102085,short
15892,15896,loss,-33.29626915273472,33.29626915273472,49.944403729102085,long
15946,15951,loss,-33.29626915273472,33.29626915273472,49.944403729102085,short
15961,15964,loss,-33.29626915273472,33.29626915273472,49.944403729102085,long
15997,15999,loss,-33.29626915273472,33.29626915273472,49.944403729102085,short
16002,16003,win,49.944403729102085,33.29626915273472,49.944403729102085,short
16005,16006,loss,-33.29626915273472,33.29626915273472,49.944403729102085,short
16034,16045,loss,-33.29626915273472,33.29626915273472,49.944403729102085,long
16093,16137,loss,-33.29626915273472,33.29626915273472,49.944403729102085,long
16140,16144,loss,-33.29626915273472,33.29626915273472,49.944403729102085,short
16153,16159,win,49.944403729102085,33.29626915273472,49.944403729102085,long
16214,16215,loss,-33.29626915273472,33.29626915273472,49.944403729102085,long
16216,16217,win,49.944403729102085,33.29626915273472,49.944403729102085,short
16218,16220,win,49.944403729102085,33.29626915273472,49.944403729102085,short
16222,16223,loss,-33.29626915273472,33.29626915273472,49.944403729102085,short
16226,16244,loss,-33.29626915273472,33.29626915273472,49.944403729102085,short
16278,16282,loss,-33.29626915273472,33.29626915273472,49.944403729102085,long
16323,16324,loss,-33.29626915273472,33.29626915273472,49.944403729102085,short
16325,16326,loss,-33.29626915273472,33.29626915273472,49.944403729102085,short
16327,16336,win,49.944403729102085,33.29626915273472,49.944403729102085,short
16372,16386,loss,-33.29626915273472,33.29626915273472,49.944403729102085,long
16406,16409,loss,-33.29626915273472,33.29626915273472,49.944403729102085,long
16412,16415,win,49.944403729102085,33.29626915273472,49.944403729102085,long
16417,16418,loss,-33.29626915273472,33.29626915273472,49.944403729102085,long
16440,16441,win,49.944403729102085,33.29626915273472,49.944403729102085,short
16450,16452,loss,-33.29626915273472,33.29626915273472,49.944403729102085,short
16464,16483,loss,-33.29626915273472,33.29626915273472,49.944403729102085,long
16499,16500,loss,-33.29626915273472,33.29626915273472,49.944403729102085,short
16501,16502,loss,-33.29626915273472,33.29626915273472,49.944403729102085,short
16523,16524,loss,-33.29626915273472,33.29626915273472,49.944403729102085,long
16525,16527,loss,-33.29626915273472,33.29626915273472,49.944403729102085,long
16552,16555,loss,-33.29626915273472,33.29626915273472,49.944403729102085,long
16641,16643,loss,-33.29626915273472,33.29626915273472,49.944403729102085,short
16656,16660,loss,-33.29626915273472,33.29626915273472,49.944403729102085,long
16670,16673,win,49.944403729102085,33.29626915273472,49.944403729102085,short
16797,16801,win,49.944403729102085,33.29626915273472,49.944403729102085,long
16802,16819,win,49.944403729102085,33.29626915273472,49.944403729102085,long
16829,16830,win,49.944403729102085,33.29626915273472,49.944403729102085,short
16832,16835,win,49.944403729102085,33.29626915273472,49.944403729102085,short
16836,16837,win,49.944403729102085,33.29626915273472,49.944403729102085,short
16840,16842,win,49.944403729102085,33.29626915273472,49.944403729102085,short
16863,16875,win,49.944403729102085,33.29626915273472,49.944403729102085,short
16876,16884,win,49.944403729102085,33.29626915273472,49.944403729102085,short
16943,16948,loss,-33.29626915273472,33.29626915273472,49.944403729102085,long
17008,17015,win,49.944403729102085,33.29626915273472,49.944403729102085,short
17016,17020,loss,-33.29626915273472,33.29626915273472,49.944403729102085,short
17029,17043,loss,-33.29626915273472,33.29626915273472,49.944403729102085,long
17076,17100,win,49.944403729102085,33.29626915273472,49.944403729102085,short
17109,17112,loss,-33.29626915273472,33.29626915273472,49.944403729102085,long
17115,17118,loss,-33.29626915273472,33.29626915273472,49.944403729102085,long
17122,17124,win,49.944403729102085,33.29626915273472,49.944403729102085,short
17125,17126,win,49.944403729102085,33.29626915273472,49.944403729102085,short
17128,17134,win,49.944403729102085,33.29626915273472,49.944403729102085,short
17141,17142,loss,-33.29626915273472,33.29626915273472,49.944403729102085,short
17195,17197,loss,-33.29626915273472,33.29626915273472,49.944403729102085,long
17201,17202,win,49.944403729102085,33.29626915273472,49.944403729102085,long
17225,17226,loss,-33.29626915273472,33.29626915273472,49.944403729102085,long
17246,17250,loss,-33.29626915273472,33.29626915273472,49.944403729102085,long
17273,17281,loss,-33.29626915273472,33.29626915273472,49.944403729102085,short
17347,17354,loss,-33.29626915273472,33.29626915273472,49.944403729102085,short
17357,17363,win,49.944403729102085,33.29626915273472,49.944403729102085,short
17377,17378,win,49.944403729102085,33.29626915273472,49.944403729102085,long
17392,17394,loss,-33.29626915273472,33.29626915273472,49.944403729102085,short
17405,17409,loss,-33.29626915273472,33.29626915273472,49.944403729102085,long
17410,17411,loss,-33.29626915273472,33.29626915273472,49.944403729102085,long
17457,17458,win,49.944403729102085,33.29626915273472,49.944403729102085,short
17459,17461,loss,-33.29626915273472,33.29626915273472,49.944403729102085,short
17466,17467,loss,-33.29626915273472,33.29626915273472,49.944403729102085,short
17479,17495,loss,-33.29626915273472,33.29626915273472,49.944403729102085,long
17540,17541,loss,-33.29626915273472,33.29626915273472,49.944403729102085,short
17551,17560,win,49.944403729102085,33.29626915273472,49.944403729102085,short
17561,17562,loss,-33.29626915273472,33.29626915273472,49.944403729102085,short
17569,17579,loss,-33.29626915273472,33.29626915273472,49.944403729102085,short
17586,17588,win,49.944403729102085,33.29626915273472,49.944403729102085,long
17669,17675,loss,-33.29626915273472,33.29626915273472,49.944403729102085,long
17685,17711,loss,-33.29626915273472,33.29626915273472,49.944403729102085,short
17737,17741,loss,-33.29626915273472,33.29626915273472,49.944403729102085,short
17744,17748,loss,-33.29626915273472,33.29626915273472,49.944403729102085,short
17808,17811,loss,-33.29626915273472,33.29626915273472,49.944403729102085,long
17822,17827,win,49.944403729102085,33.29626915273472,49.944403729102085,short
17828,17847,win,49.944403729102085,33.29626915273472,49.944403729102085,short
17850,17859,loss,-33.29626915273472,33.29626915273472,49.944403729102085,short
17908,17909,loss,-33.29626915273472,33.29626915273472,49.944403729102085,long
17969,17984,loss,-33.29626915273472,33.29626915273472,49.944403729102085,short
17985,17988,win,49.944403729102085,33.29626915273472,49.944403729102085,long
18033,18053,win,49.944403729102085,33.29626915273472,49.944403729102085,short
18068,18074,loss,-33.29626915273472,33.29626915273472,49.944403729102085,long
18095,18097,loss,-33.29626915273472,33.29626915273472,49.944403729102085,short
18160,18161,win,49.944403729102085,33.29626915273472,49.944403729102085,short
18162,18167,loss,-33.29626915273472,33.29626915273472,49.944403729102085,short
18169,18182,loss,-33.29626915273472,33.29626915273472,49.944403729102085,short
18183,18196,loss,-33.29626915273472,33.29626915273472,49.944403729102085,long
18236,18237,loss,-33.29626915273472,33.29626915273472,49.944403729102085,long
18240,18263,win,49.944403729102085,33.29626915273472,49.944403729102085,long
18301,18302,loss,-33.29626915273472,33.29626915273472,49.944403729102085,short
18315,18318,loss,-33.29626915273472,33.29626915273472,49.944403729102085,long
18325,18342,win,49.944403729102085,33.29626915273472,49.944403729102085,short
18398,18409,loss,-33.29626915273472,33.29626915273472,49.944403729102085,long
18430,18431,win,49.944403729102085,33.29626915273472,49.944403729102085,short
18432,18445,win,49.944403729102085,33.29626915273472,49.944403729102085,short
18452,18453,win,49.944403729102085,33.29626915273472,49.944403729102085,long
18454,18457,loss,-33.29626915273472,33.29626915273472,49.944403729102085,long
18458,18459,win,49.944403729102085,33.29626915273472,49.944403729102085,long
18460,18461,win,49.944403729102085,33.29626915273472,49.944403729102085,long
18498,18499,loss,-33.29626915273472,33.29626915273472,49.944403729102085,short
18588,18589,loss,-33.29626915273472,33.29626915273472,49.944403729102085,long
18591,18602,win,49.944403729102085,33.29626915273472,49.944403729102085,long
18616,18629,win,49.944403729102085,33.29626915273472,49.944403729102085,short
18636,18647,loss,-33.29626915273472,33.29626915273472,49.944403729102085,short
18656,18657,loss,-33.29626915273472,33.29626915273472,49.944403729102085,long
18715,18719,loss,-33.29626915273472,33.29626915273472,49.944403729102085,short
18727,18729,win,49.944403729102085,33.29626915273472,49.944403729102085,short
18730,18734,loss,-33.29626915273472,33.29626915273472,49.944403729102085,short
18778,18779,loss,-33.29626915273472,33.29626915273472,49.944403729102085,long
18781,18791,loss,-33.29626915273472,33.29626915273472,49.944403729102085,long
18812,18820,loss,-33.29626915273472,33.29626915273472,49.944403729102085,short
18856,18859,loss,-33.29626915273472,33.29626915273472,49.944403729102085,short
18866,18869,loss,-33.29626915273472,33.29626915273472,49.944403729102085,long
18895,18907,loss,-33.29626915273472,33.29626915273472,49.944403729102085,short
18929,18930,loss,-33.29626915273472,33.29626915273472,49.944403729102085,short
18931,18932,win,49.944403729102085,33.29626915273472,49.944403729102085,short
18933,18935,win,49.944403729102085,33.29626915273472,49.944403729102085,short
18942,18945,loss,-33.29626915273472,33.29626915273472,49.944403729102085,short
18950,18954,loss,-33.29626915273472,33.29626915273472,49.944403729102085,short
18961,18978,loss,-33.29626915273472,33.29626915273472,49.944403729102085,long
19058,19063,win,49.944403729102085,33.29626915273472,49.944403729102085,short
19071,19073,win,49.944403729102085,33.29626915273472,49.944403729102085,long
19074,19078,win,49.944403729102085,33.29626915273472,49.944403729102085,long
19079,19081,loss,-33.29626915273472,33.29626915273472,49.944403729102085,long
19133,19134,loss,-33.29626915273472,33.29626915273472,49.944403729102085,short
19136,19138,loss,-33.29626915273472,33.29626915273472,49.944403729102085,short
19141,19142,loss,-33.29626915273472,33.29626915273472,49.944403729102085,short
19143,19145,win,49.944403729102085,33.29626915273472,49.944403729102085,short
19149,19150,loss,-33.29626915273472,33.29626915273472,49.944403729102085,short
19178,19184,win,49.944403729102085,33.29626915273472,49.944403729102085,long
19207,19210,loss,-33.29626915273472,33.29626915273472,49.944403729102085,long
19211,19213,loss,-33.29626915273472,33.29626915273472,49.944403729102085,long
19214,19216,loss,-33.29626915273472,33.29626915273472,49.944403729102085,long
19221,19222,loss,-33.29626915273472,33.29626915273472,49.944403729102085,short
19287,19289,loss,-33.29626915273472,33.29626915273472,49.944403729102085,long
19307,19323,win,49.944403729102085,33.29626915273472,49.944403729102085,long
19342,19345,win,49.944403729102085,33.29626915273472,49.944403729102085,short
19346,19348,loss,-33.29626915273472,33.29626915273472,49.944403729102085,short
19354,19356,loss,-33.29626915273472,33.29626915273472,49.944403729102085,short
19415,19419,loss,-33.29626915273472,33.29626915273472,49.944403729102085,long
19424,19425,loss,-33.29626915273472,33.29626915273472,49.944403729102085,long
19484,19487,loss,-33.29626915273472,33.29626915273472,49.944403729102085,long
19497,19499,loss,-33.29626915273472,33.29626915273472,49.944403729102085,short
19500,19504,loss,-33.29626915273472,33.29626915273472,49.944403729102085,short
19519,19530,win,49.944403729102085,33.29626915273472,49.944403729102085,short
19560,19564,win,49.944403729102085,33.29626915273472,49.944403729102085,long
19566,19570,win,49.944403729102085,33.29626915273472,49.944403729102085,long
19617,19622,loss,-33.29626915273472,33.29626915273472,49.944403729102085,short
19625,19626,win,49.944403729102085,33.29626915273472,49.944403729102085,short
19627,19630,win,49.944403729102085,33.29626915273472,49.944403729102085,short
19631,19636,loss,-33.29626915273472,33.29626915273472,49.944403729102085,short
19646,19648,win,49.944403729102085,33.29626915273472,49.944403729102085,long
19649,19675,loss,-33.29626915273472,33.29626915273472,49.944403729102085,long
19707,19736,loss,-33.29626915273472,33.29626915273472,49.944403729102085,short
19793,19811,loss,-33.29626915273472,33.29626915273472,49.944403729102085,short
19843,19846,win,49.944403729102085,33.29626915273472,49.944403729102085,long
19847,19855,loss,-33.29626915273472,33.29626915273472,49.944403729102085,long
19861,19885,loss,-33.29626915273472,33.29626915273472,49.944403729102085,short
19920,19947,win,49.944403729102085,33.29626915273472,49.944403729102085,short
19987,19995,loss,-33.29626915273472,33.29626915273472,49.944403729102085,short
20001,20018,loss,-33.29626915273472,33.29626915273472,49.944403729102085,long
20044,20045,win,49.944403729102085,33.29626915273472,49.944403729102085,long
20059,20082,loss,-33.29626915273472,33.29626915273472,49.944403729102085,short
20132,20151,loss,-33.29626915273472,33.29626915273472,49.944403729102085,short
20183,20184,win,49.944403729102085,33.29626915273472,49.944403729102085,short
20185,20186,win,49.944403729102085,33.29626915273472,49.944403729102085,short
20187,20188,loss,-33.29626915273472,33.29626915273472,49.944403729102085,short
20193,20194,loss,-33.29626915273472,33.29626915273472,49.944403729102085,short
20213,20221,win,49.944403729102085,33.29626915273472,49.944403729102085,long
20347,20350,win,49.944403729102085,33.29626915273472,49.944403729102085,long
20352,20365,loss,-33.29626915273472,33.29626915273472,49.944403729102085,long
20373,20376,win,49.944403729102085,33.29626915273472,49.944403729102085,short
20388,20389,win,49.944403729102085,33.29626915273472,49.944403729102085,long
20442,20446,win,49.944403729102085,33.29626915273472,49.944403729102085,short
20447,20448,win,49.944403729102085,33.29626915273472,49.944403729102085,short
20459,20460,win,49.944403729102085,33.29626915273472,49.944403729102085,short
20474,20476,loss,-33.29626915273472,33.29626915273472,49.944403729102085,long
20481,20517,win,49.944403729102085,33.29626915273472,49.944403729102085,long
20547,20553,loss,-33.29626915273472,33.29626915273472,49.944403729102085,long
20562,20566,loss,-33.29626915273472,33.29626915273472,49.944403729102085,short
20582,20584,win,49.944403729102085,33.29626915273472,49.944403729102085,long
20585,20594,loss,-33.29626915273472,33.29626915273472,49.944403729102085,long
20601,20604,loss,-33.29626915273472,33.29626915273472,49.944403729102085,short
20667,20668,win,49.944403729102085,33.29626915273472,49.944403729102085,short
20669,20672,loss,-33.29626915273472,33.29626915273472,49.944403729102085,short
20673,20678,loss,-33.29626915273472,33.29626915273472,49.944403729102085,long
20680,20700,loss,-33.29626915273472,33.29626915273472,49.944403729102085,long
20730,20733,win,49.944403729102085,33.29626915273472,49.944403729102085,short
20738,20739,win,49.944403729102085,33.29626915273472,49.944403729102085,short
20752,20772,win,49.944403729102085,33.29626915273472,49.944403729102085,long
20777,20787,loss,-33.29626915273472,33.29626915273472,49.944403729102085,long
20797,20804,win,49.944403729102085,33.29626915273472,49.944403729102085,short
20805,20806,loss,-33.29626915273472,33.29626915273472,49.944403729102085,short
20818,20820,loss,-33.29626915273472,33.29626915273472,49.944403729102085,long
20821,20822,loss,-33.29626915273472,33.29626915273472,49.944403729102085,short
20824,20825,win,49.944403729102085,33.29626915273472,49.944403729102085,short
20839,20843,loss,-33.29626915273472,33.29626915273472,49.944403729102085,long
20903,20907,loss,-33.29626915273472,33.29626915273472,49.944403729102085,long
20956,20958,win,49.944403729102085,33.29626915273472,49.944403729102085,long
20960,20966,loss,-33.29626915273472,33.29626915273472,49.944403729102085,long
21004,21009,win,49.944403729102085,33.29626915273472,49.944403729102085,short
21011,21012,loss,-33.29626915273472,33.29626915273472,49.944403729102085,short
21072,21078,loss,-33.29626915273472,33.29626915273472,49.944403729102085,short
21086,21087,win,49.944403729102085,33.29626915273472,49.944403729102085,long
21118,21134,win,49.944403729102085,33.29626915273472,49.944403729102085,short
21146,21147,loss,-33.29626915273472,33.29626915273472,49.944403729102085,short
21155,21162,loss,-33.29626915273472,33.29626915273472,49.944403729102085,long
21236,21252,loss,-33.29626915273472,33.29626915273472,49.944403729102085,short
21266,21272,win,49.944403729102085,33.29626915273472,49.944403729102085,short
21273,21276,win,49.944403729102085,33.29626915273472,49.944403729102085,short
21282,21285,loss,-33.29626915273472,33.29626915273472,49.944403729102085,short
21301,21310,win,49.944403729102085,33.29626915273472,49.944403729102085,long
21360,21362,win,49.944403729102085,33.29626915273472,49.944403729102085,long
21363,21365,loss,-33.29626915273472,33.29626915273472,49.944403729102085,long
21396,21410,win,49.944403729102085,33.29626915273472,49.944403729102085,short
21422,21424,win,49.944403729102085,33.29626915273472,49.944403729102085,long
21425,21427,loss,-33.29626915273472,33.29626915273472,49.944403729102085,long
21429,21444,win,49.944403729102085,33.29626915273472,49.944403729102085,long
21456,21480,loss,-33.29626915273472,33.29626915273472,49.944403729102085,short
21502,21514,win,49.944403729102085,33.29626915273472,49.944403729102085,short
21549,21552,loss,-33.29626915273472,33.29626915273472,49.944403729102085,long
21560,21562,loss,-33.29626915273472,33.29626915273472,49.944403729102085,long
21574,21577,win,49.944403729102085,33.29626915273472,49.944403729102085,short
21578,21585,loss,-33.29626915273472,33.29626915273472,49.944403729102085,short
21595,21599,loss,-33.29626915273472,33.29626915273472,49.944403729102085,long
21643,21646,loss,-33.29626915273472,33.29626915273472,49.944403729102085,short
21653,21687,win,49.944403729102085,33.29626915273472,49.944403729102085,long
21710,21715,loss,-33.29626915273472,33.29626915273472,49.944403729102085,short
21724,21729,win,49.944403729102085,33.29626915273472,49.944403729102085,long
21731,21738,loss,-33.29626915273472,33.29626915273472,49.944403729102085,long
21744,21761,win,49.944403729102085,33.29626915273472,49.944403729102085,short
21777,21795,loss,-33.29626915273472,33.29626915273472,49.944403729102085,long
21848,21849,loss,-33.29626915273472,33.29626915273472,49.944403729102085,short
21858,21859,win,49.944403729102085,33.29626915273472,49.944403729102085,short
21860,21861,win,49.944403729102085,33.29626915273472,49.944403729102085,short
21875,21880,loss,-33.29626915273472,33.29626915273472,49.944403729102085,long
21933,21950,win,49.944403729102085,33.29626915273472,49.944403729102085,long
21987,21995,loss,-33.29626915273472,33.29626915273472,49.944403729102085,long
22023,22033,loss,-33.29626915273472,33.29626915273472,49.944403729102085,short
22078,22086,loss,-33.29626915273472,33.29626915273472,49.944403729102085,short
22090,22106,loss,-33.29626915273472,33.29626915273472,49.944403729102085,long
22116,22120,loss,-33.29626915273472,33.29626915273472,49.944403729102085,short
22129,22130,loss,-33.29626915273472,33.29626915273472,49.944403729102085,short
22134,22136,win,49.944403729102085,33.29626915273472,49.944403729102085,long
22137,22153,loss,-33.29626915273472,33.29626915273472,49.944403729102085,long
22259,22265,loss,-33.29626915273472,33.29626915273472,49.944403729102085,short
22266,22268,win,49.944403729102085,33.29626915273472,49.944403729102085,long
22269,22276,win,49.944403729102085,33.29626915273472,49.944403729102085,long
22277,22301,loss,-33.29626915273472,33.29626915273472,49.944403729102085,long
22341,22346,win,49.944403729102085,33.29626915273472,49.944403729102085,short
22347,22348,win,49.944403729102085,33.29626915273472,49.944403729102085,short
22349,22355,loss,-33.29626915273472,33.29626915273472,49.944403729102085,short
22402,22404,win,49.944403729102085,33.29626915273472,49.944403729102085,long
22468,22471,loss,-33.29626915273472,33.29626915273472,49.944403729102085,long
22475,22477,loss,-33.29626915273472,33.29626915273472,49.944403729102085,short
22489,22530,loss,-33.29626915273472,33.29626915273472,49.944403729102085,long
22568,22586,loss,-33.29626915273472,33.29626915273472,49.944403729102085,long
22608,22611,loss,-33.29626915273472,33.29626915273472,49.944403729102085,short
22613,22615,win,49.944403729102085,33.29626915273472,49.944403729102085,long
22629,22653,loss,-33.29626915273472,33.29626915273472,49.944403729102085,short
22690,22734,win,49.944403729102085,33.29626915273472,49.944403729102085,short
22735,22748,win,49.944403729102085,33.29626915273472,49.944403729102085,short
22763,22767,win,49.944403729102085,33.29626915273472,49.944403729102085,long
22770,22797,loss,-33.29626915273472,33.29626915273472,49.944403729102085,long
22838,22890,loss,-33.29626915273472,33.29626915273472,49.944403729102085,short
22900,22902,loss,-33.29626915273472,33.29626915273472,49.944403729102085,short
22903,22904,loss,-33.29626915273472,33.29626915273472,49.944403729102085,long
22914,22938,win,49.944403729102085,33.29626915273472,49.944403729102085,long
22982,23011,win,49.944403729102085,33.29626915273472,49.944403729102085,short
23030,23032,loss,-33.29626915273472,33.29626915273472,49.944403729102085,long
23035,23081,loss,-33.29626915273472,33.29626915273472,49.944403729102085,long
23097,23098,loss,-33.29626915273472,33.29626915273472,49.944403729102085,short
23099,23101,loss,-33.29626915273472,33.29626915273472,49.944403729102085,short
23111,23124,win,49.944403729102085,33.29626915273472,49.944403729102085,long
23179,23215,win,49.944403729102085,33.29626915273472,49.944403729102085,short
23235,23236,loss,-33.29626915273472,33.29626915273472,49.944403729102085,long
23287,23289,loss,-33.29626915273472,33.29626915273472,49.944403729102085,short
23327,23355,loss,-33.29626915273472,33.29626915273472,49.944403729102085,long
23375,23379,win,49.944403729102085,33.29626915273472,49.944403729102085,long
23380,23381,loss,-33.29626915273472,33.29626915273472,49.944403729102085,long
23402,23403,loss,-33.29626915273472,33.29626915273472,49.944403729102085,short
23410,23425,loss,-33.29626915273472,33.29626915273472,49.944403729102085,short
23498,23512,win,49.944403729102085,33.29626915273472,49.944403729102085,short
23513,23515,win,49.944403729102085,33.29626915273472,49.944403729102085,short
23516,23517,win,49.944403729102085,33.29626915273472,49.944403729102085,short
23518,23521,win,49.944403729102085,33.29626915273472,49.944403729102085,short
23525,23526,loss,-33.29626915273472,33.29626915273472,49.944403729102085,short
23532,23545,loss,-33.29626915273472,33.29626915273472,49.944403729102085,long
23591,23637,win,49.944403729102085,33.29626915273472,49.944403729102085,long
23656,23658,loss,-33.29626915273472,33.29626915273472,49.944403729102085,long
23685,23689,win,49.944403729102085,33.29626915273472,49.944403729102085,short
23690,23706,win,49.944403729102085,33.29626915273472,49.944403729102085,short
23707,23713,loss,-33.29626915273472,33.29626915273472,49.944403729102085,short
23721,23725,loss,-33.29626915273472,33.29626915273472,49.944403729102085,long
23727,23731,loss,-33.29626915273472,33.29626915273472,49.944403729102085,long
23776,23777,loss,-33.29626915273472,33.29626915273472,49.944403729102085,short
23778,23780,win,49.944403729102085,33.29626915273472,49.944403729102085,short
23781,23791,win,49.944403729102085,33.29626915273472,49.944403729102085,short
23854,23863,loss,-33.29626915273472,33.29626915273472,49.944403729102085,long
23881,23894,win,49.944403729102085,33.29626915273472,49.944403729102085,short
23919,23930,win,49.944403729102085,33.29626915273472,49.944403729102085,long
23935,23939,loss,-33.29626915273472,33.29626915273472,49.944403729102085,long
23947,23948,loss,-33.29626915273472,33.29626915273472,49.944403729102085,short
23960,23964,win,49.944403729102085,33.29626915273472,49.944403729102085,long
24006,24007,loss,-33.29626915273472,33.29626915273472,49.944403729102085,long
24008,24011,win,49.944403729102085,33.29626915273472,49.944403729102085,long
24129,24140,win,49.944403729102085,33.29626915273472,49.944403729102085,short
24141,24145,loss,-33.29626915273472,33.29626915273472,49.944403729102085,short
24195,24198,win,49.944403729102085,33.29626915273472,49.944403729102085,short
24199,24200,win,49.944403729102085,33.29626915273472,49.944403729102085,short
24204,24207,loss,-33.29626915273472,33.29626915273472,49.944403729102085,short
24215,24221,loss,-33.29626915273472,33.29626915273472,49.944403729102085,long
24230,24232,win,49.944403729102085,33.29626915273472,49.944403729102085,short
24281,24283,loss,-33.29626915273472,33.29626915273472,49.944403729102085,long
24289,24293,loss,-33.29626915273472,33.29626915273472,49.944403729102085,short
24299,24328,loss,-33.29626915273472,33.29626915273472,49.944403729102085,long
24365,24366,win,49.944403729102085,33.29626915273472,49.944403729102085,short
24367,24371,loss,-33.29626915273472,33.29626915273472,49.944403729102085,short
24460,24468,loss,-33.29626915273472,33.29626915273472,49.944403729102085,short
24495,24499,loss,-33.29626915273472,33.29626915273472,49.944403729102085,short
24509,24511,loss,-33.29626915273472,33.29626915273472,49.944403729102085,long
24557,24558,win,49.944403729102085,33.29626915273472,49.944403729102085,short
24559,24561,loss,-33.29626915273472,33.29626915273472,49.944403729102085,short
24563,24565,loss,-33.29626915273472,33.29626915273472,49.944403729102085,short
24567,24571,loss,-33.29626915273472,33.29626915273472,49.944403729102085,short
24614,24617,loss,-33.29626915273472,33.29626915273472,49.944403729102085,long
24629,24634,win,49.944403729102085,33.29626915273472,49.944403729102085,long
24635,24640,loss,-33.29626915273472,33.29626915273472,49.944403729102085,long
24692,24693,win,49.944403729102085,33.29626915273472,49.944403729102085,short
24738,24742,loss,-33.29626915273472,33.29626915273472,49.944403729102085,long
24758,24759,win,49.944403729102085,33.29626915273472,49.944403729102085,long
24760,24761,win,49.944403729102085,33.29626915273472,49.944403729102085,long
24762,24763,win,49.944403729102085,33.29626915273472,49.944403729102085,long
24764,24771,win,49.944403729102085,33.29626915273472,49.944403729102085,long
24788,24790,loss,-33.29626915273472,33.29626915273472,49.944403729102085,short
24854,24879,loss,-33.29626915273472,33.29626915273472,49.944403729102085,long
24933,24947,loss,-33.29626915273472,33.29626915273472,49.944403729102085,long
24954,24957,loss,-33.29626915273472,33.29626915273472,49.944403729102085,long
24961,24967,win,49.944403729102085,33.29626915273472,49.944403729102085,long
24981,24984,win,49.944403729102085,33.29626915273472,49.944403729102085,short
24986,24988,loss,-33.29626915273472,33.29626915273472,49.944403729102085,short
24990,24996,loss,-33.29626915273472,33.29626915273472,49.944403729102085,short
25045,25046,win,49.944403729102085,33.29626915273472,49.944403729102085,short
25047,25048,loss,-33.29626915273472,33.29626915273472,49.944403729102085,short
25049,25050,loss,-33.29626915273472,33.29626915273472,49.944403729102085,short
25053,25054,loss,-33.29626915273472,33.29626915273472,49.944403729102085,short
25091,25092,loss,-33.29626915273472,33.29626915273472,49.944403729102085,long
25103,25105,win,49.944403729102085,33.29626915273472,49.944403729102085,long
25106,25108,loss,-33.29626915273472,33.29626915273472,49.944403729102085,long
25122,25133,win,49.944403729102085,33.29626915273472,49.944403729102085,long
25134,25136,loss,-33.29626915273472,33.29626915273472,49.944403729102085,long
25147,25155,loss,-33.29626915273472,33.29626915273472,49.944403729102085,short
25198,25201,loss,-33.29626915273472,33.29626915273472,49.944403729102085,long
25202,25205,win,49.944403729102085,33.29626915273472,49.944403729102085,short
25206,25234,win,49.944403729102085,33.29626915273472,49.944403729102085,short
25248,25251,win,49.944403729102085,33.29626915273472,49.944403729102085,long
25252,25254,win,49.944403729102085,33.29626915273472,49.944403729102085,long
25255,25258,loss,-33.29626915273472,33.29626915273472,49.944403729102085,long
25271,25300,loss,-33.29626915273472,33.29626915273472,49.944403729102085,short
25317,25318,loss,-33.29626915273472,33.29626915273472,49.944403729102085,long
25319,25327,loss,-33.29626915273472,33.29626915273472,49.944403729102085,long
25389,25390,loss,-33.29626915273472,33.29626915273472,49.944403729102085,short
25401,25406,loss,-33.29626915273472,33.29626915273472,49.944403729102085,short
25483,25484,win,49.944403729102085,33.29626915273472,49.944403729102085,short
25498,25508,loss,-33.29626915273472,33.29626915273472,49.944403729102085,long
25594,25595,win,49.944403729102085,33.29626915273472,49.944403729102085,short
25599,25600,loss,-33.29626915273472,33.29626915273472,49.944403729102085,short
25602,25606,win,49.944403729102085,33.29626915273472,49.944403729102085,short
25607,25610,loss,-33.29626915273472,33.29626915273472,49.944403729102085,short
25627,25650,loss,-33.29626915273472,33.29626915273472,49.944403729102085,long
25664,25667,loss,-33.29626915273472,33.29626915273472,49.944403729102085,short
25669,25670,win,49.944403729102085,33.29626915273472,49.944403729102085,short
25677,25678,loss,-33.29626915273472,33.29626915273472,49.944403729102085,short
25679,25680,loss,-33.29626915273472,33.29626915273472,49.944403729102085,long
25682,25683,loss,-33.29626915273472,33.29626915273472,49.944403729102085,long
25684,25685,loss,-33.29626915273472,33.29626915273472,49.944403729102085,long
25691,25699,loss,-33.29626915273472,33.29626915273472,49.944403729102085,long
25743,25744,win,49.944403729102085,33.29626915273472,49.944403729102085,short
25745,25747,win,49.944403729102085,33.29626915273472,49.944403729102085,short
25795,25801,loss,-33.29626915273472,33.29626915273472,49.944403729102085,long
25802,25806,loss,-33.29626915273472,33.29626915273472,49.944403729102085,long
25828,25833,loss,-33.29626915273472,33.29626915273472,49.944403729102085,long
25838,25850,loss,-33.29626915273472,33.29626915273472,49.944403729102085,long
25884,25888,win,49.944403729102085,33.29626915273472,49.944403729102085,long
25889,25891,loss,-33.29626915273472,33.29626915273472,49.944403729102085,long
25944,25949,win,49.944403729102085,33.29626915273472,49.944403729102085,short
25950,26001,win,49.944403729102085,33.29626915273472,49.944403729102085,short
26017,26018,loss,-33.29626915273472,33.29626915273472,49.944403729102085,long
26071,26084,loss,-33.29626915273472,33.29626915273472,49.944403729102085,short
26086,26089,win,49.944403729102085,33.29626915273472,49.944403729102085,short
26090,26092,loss,-33.29626915273472,33.29626915273472,49.944403729102085,short
26097,26105,loss,-33.29626915273472,33.29626915273472,49.944403729102085,short
26124,26126,win,49.944403729102085,33.29626915273472,49.944403729102085,long
26127,26130,loss,-33.29626915273472,33.29626915273472,49.944403729102085,long
26154,26155,win,49.944403729102085,33.29626915273472,49.944403729102085,long
26160,26168,win,49.944403729102085,33.29626915273472,49.944403729102085,long
26182,26187,win,49.944403729102085,33.29626915273472,49.944403729102085,short
26188,26214,loss,-33.29626915273472,33.29626915273472,49.944403729102085,short
26235,26237,loss,-33.29626915273472,33.29626915273472,49.944403729102085,long
26249,26264,loss,-33.29626915273472,33.29626915273472,49.944403729102085,short
26317,26347,win,49.944403729102085,33.29626915273472,49.944403729102085,short
26382,26416,win,49.944403729102085,33.29626915273472,49.944403729102085,long
26417,26418,loss,-33.29626915273472,33.29626915273472,49.944403729102085,long
26419,26420,win,49.944403729102085,33.29626915273472,49.944403729102085,short
26421,26423,loss,-33.29626915273472,33.29626915273472,49.944403729102085,short
26431,26467,win,49.944403729102085,33.29626915273472,49.944403729102085,short
26491,26492,loss,-33.29626915273472,33.29626915273472,49.944403729102085,short
26503,26511,loss,-33.29626915273472,33.29626915273472,49.944403729102085,short
26515,26516,loss,-33.29626915273472,33.29626915273472,49.944403729102085,long
26564,26576,win,49.944403729102085,33.29626915273472,49.944403729102085,long
26588,26618,loss,-33.29626915273472,33.29626915273472,49.944403729102085,short
26621,26630,win,49.944403729102085,33.29626915273472,49.944403729102085,long
26637,26643,win,49.944403729102085,33.29626915273472,49.944403729102085,short
26644,26647,win,49.944403729102085,33.29626915273472,49.944403729102085,short
26648,26657,loss,-33.29626915273472,33.29626915273472,49.944403729102085,short
26717,26718,loss,-33.29626915273472,33.29626915273472,49.944403729102085,short
26731,26735,loss,-33.29626915273472,33.29626915273472,49.944403729102085,long
26773,26775,loss,-33.29626915273472,33.29626915273472,49.944403729102085,short
26781,26782,loss,-33.29626915273472,33.29626915273472,49.944403729102085,long
26783,26789,win,49.944403729102085,33.29626915273472,49.944403729102085,long
26790,26797,loss,-33.29626915273472,33.29626915273472,49.944403729102085,long
26803,26805,loss,-33.29626915273472,33.29626915273472,49.944403729102085,short
26873,26883,loss,-33.29626915273472,33.29626915273472,49.944403729102085,short
26912,26916,win,49.944403729102085,33.29626915273472,49.944403729102085,long
26917,26933,loss,-33.29626915273472,33.29626915273472,49.944403729102085,long
26982,26983,win,49.944403729102085,33.29626915273472,49.944403729102085,short
26984,26986,loss,-33.29626915273472,33.29626915273472,49.944403729102085,short
26998,27000,loss,-33.29626915273472,33.29626915273472,49.944403729102085,long
27048,27051,loss,-33.29626915273472,33.29626915273472,49.944403729102085,short
27088,27102,win,49.944403729102085,33.29626915273472,49.944403729102085,long
27114,27119,loss,-33.29626915273472,33.29626915273472,49.944403729102085,long
27134,27135,loss,-33.29626915273472,33.29626915273472,49.944403729102085,short
27140,27148,loss,-33.29626915273472,33.29626915273472,49.944403729102085,short
27188,27192,loss,-33.29626915273472,33.29626915273472,49.944403729102085,short
27206,27214,loss,-33.29626915273472,33.29626915273472,49.944403729102085,long
27219,27238,win,49.944403729102085,33.29626915273472,49.944403729102085,short
27267,27275,loss,-33.29626915273472,33.29626915273472,49.944403729102085,long
27329,27333,loss,-33.29626915273472,33.29626915273472,49.944403729102085,long
27344,27349,loss,-33.29626915273472,33.29626915273472,49.944403729102085,short
27352,27381,win,49.944403729102085,33.29626915273472,49.944403729102085,long
27382,27391,win,49.944403729102085,33.29626915273472,49.944403729102085,long
27392,27397,win,49.944403729102085,33.29626915273472,49.944403729102085,long
27425,27449,loss,-33.29626915273472,33.29626915273472,49.944403729102085,short
27461,27463,win,49.944403729102085,33.29626915273472,49.944403729102085,long
27465,27467,loss,-33.29626915273472,33.29626915273472,49.944403729102085,long
27477,27479,loss,-33.29626915273472,33.29626915273472,49.944403729102085,short
27532,27537,loss,-33.29626915273472,33.29626915273472,49.944403729102085,long
27544,27552,loss,-33.29626915273472,33.29626915273472,49.944403729102085,short
27557,27586,loss,-33.29626915273472,33.29626915273472,49.944403729102085,long
27622,27669,win,49.944403729102085,33.29626915273472,49.944403729102085,long
27683,27687,win,49.944403729102085,33.29626915273472,49.944403729102085,short
27688,27746,win,49.944403729102085,33.29626915273472,49.944403729102085,short
27749,27751,loss,-33.29626915273472,33.29626915273472,49.944403729102085,short
27770,27785,loss,-33.29626915273472,33.29626915273472,49.944403729102085,short
27815,27816,loss,-33.29626915273472,33.29626915273472,49.944403729102085,long
27829,27830,loss,-33.29626915273472,33.29626915273472,49.944403729102085,short
27900,27945,win,49.944403729102085,33.29626915273472,49.944403729102085,long
27959,27960,loss,-33.29626915273472,33.29626915273472,49.944403729102085,short
27978,28010,loss,-33.29626915273472,33.29626915273472,49.944403729102085,short
28032,28078,win,49.944403729102085,33.29626915273472,49.944403729102085,short
28097,28099,win,49.944403729102085,33.29626915273472,49.944403729102085,long
28100,28162,loss,-33.29626915273472,33.29626915273472,49.944403729102085,long
28163,28165,loss,-33.29626915273472,33.29626915273472,49.944403729102085,short
28207,28220,win,49.944403729102085,33.29626915273472,49.944403729102085,short
28237,28238,loss,-33.29626915273472,33.29626915273472,49.944403729102085,long
28239,28240,win,49.944403729102085,33.29626915273472,49.944403729102085,long
28241,28243,loss,-33.29626915273472,33.29626915273472,49.944403729102085,long
28310,28319,win,49.944403729102085,33.29626915273472,49.944403729102085,short
28320,28356,loss,-33.29626915273472,33.29626915273472,49.944403729102085,short
28375,28377,loss,-33.29626915273472,33.29626915273472,49.944403729102085,short
28414,28429,loss,-33.29626915273472,33.29626915273472,49.944403729102085,long
28444,28447,win,49.944403729102085,33.29626915273472,49.944403729102085,long
28448,28514,win,49.944403729102085,33.29626915273472,49.944403729102085,long
28515,28518,loss,-33.29626915273472,33.29626915273472,49.944403729102085,long
28520,28569,win,49.944403729102085,33.29626915273472,49.944403729102085,long
28630,28644,loss,-33.29626915273472,33.29626915273472,49.944403729102085,long
28649,28653,win,49.944403729102085,33.29626915273472,49.944403729102085,short
28664,28707,win,49.944403729102085,33.29626915273472,49.944403729102085,long
28722,28726,win,49.944403729102085,33.29626915273472,49.944403729102085,long
28727,28780,win,49.944403729102085,33.29626915273472,49.944403729102085,long
28794,28796,loss,-33.29626915273472,33.29626915273472,49.944403729102085,short
28810,28824,win,49.944403729102085,33.29626915273472,49.944403729102085,long
28858,28861,loss,-33.29626915273472,33.29626915273472,49.944403729102085,short
28939,28940,loss,-33.29626915273472,33.29626915273472,49.944403729102085,long
28960,28990,loss,-33.29626915273472,33.29626915273472,49.944403729102085,long
28991,29010,loss,-33.29626915273472,33.29626915273472,49.944403729102085,short
29020,29036,win,49.944403729102085,33.29626915273472,49.944403729102085,short
29054,29060,win,49.944403729102085,33.29626915273472,49.944403729102085,long
29076,29087,loss,-33.29626915273472,33.29626915273472,49.944403729102085,long
29137,29140,loss,-33.29626915273472,33.29626915273472,49.944403729102085,short
29145,29146,win,49.944403729102085,33.29626915273472,49.944403729102085,short
29147,29154,loss,-33.29626915273472,33.29626915273472,49.944403729102085,short
29190,29203,loss,-33.29626915273472,33.29626915273472,49.944403729102085,long
29215,29216,loss,-33.29626915273472,33.29626915273472,49.944403729102085,long
29224,29227,loss,-33.29626915273472,33.29626915273472,49.944403729102085,short
29229,29266,loss,-33.29626915273472,33.29626915273472,49.944403729102085,short
29285,29286,win,49.944403729102085,33.29626915273472,49.944403729102085,short
29287,29288,win,49.944403729102085,33.29626915273472,49.944403729102085,long
29289,29295,win,49.944403729102085,33.29626915273472,49.944403729102085,long
29296,29302,win,49.944403729102085,33.29626915273472,49.944403729102085,long
29316,29325,loss,-33.29626915273472,33.29626915273472,49.944403729102085,short
29379,29397,loss,-33.29626915273472,33.29626915273472,49.944403729102085,long
29409,29412,loss,-33.29626915273472,33.29626915273472,49.944403729102085,short
29440,29479,loss,-33.29626915273472,33.29626915273472,49.944403729102085,short
29515,29529,win,49.944403729102085,33.29626915273472,49.944403729102085,long
29531,29533,win,49.944403729102085,33.29626915273472,49.944403729102085,long
29534,29538,loss,-33.29626915273472,33.29626915273472,49.944403729102085,long
29547,29548,loss,-33.29626915273472,33.29626915273472,49.944403729102085,short
29549,29551,win,49.944403729102085,33.29626915273472,49.944403729102085,short
29588,29594,loss,-33.29626915273472,33.29626915273472,49.944403729102085,short
29603,29616,win,49.944403729102085,33.29626915273472,49.944403729102085,long
29617,29619,win,49.944403729102085,33.29626915273472,49.944403729102085,long
29621,29623,win,49.944403729102085,33.29626915273472,49.944403729102085,long
29628,29644,loss,-33.29626915273472,33.29626915273472,49.944403729102085,long
29707,29720,loss,-33.29626915273472,33.29626915273472,49.944403729102085,short
29721,29757,win,49.944403729102085,33.29626915273472,49.944403729102085,long
29774,29790,loss,-33.29626915273472,33.29626915273472,49.944403729102085,short
29793,29812,win,49.944403729102085,33.29626915273472,49.944403729102085,long
29813,29825,loss,-33.29626915273472,33.29626915273472,49.944403729102085,long
29827,29828,loss,-33.29626915273472,33.29626915273472,49.944403729102085,short
29829,29831,win,49.944403729102085,33.29626915273472,49.944403729102085,short
29832,29834,loss,-33.29626915273472,33.29626915273472,49.944403729102085,short
29894,29895,loss,-33.29626915273472,33.29626915273472,49.944403729102085,long
29906,29907,loss,-33.29626915273472,33.29626915273472,49.944403729102085,short
29908,29909,win,49.944403729102085,33.29626915273472,49.944403729102085,long
29910,29913,loss,-33.29626915273472,33.29626915273472,49.944403729102085,long
29920,29923,win,49.944403729102085,33.29626915273472,49.944403729102085,long
29963,29968,loss,-33.29626915273472,33.29626915273472,49.944403729102085,short
29971,29972,loss,-33.29626915273472,33.29626915273472,49.944403729102085,short
29994,30016,loss,-33.29626915273472,33.29626915273472,49.944403729102085,long
30017,30050,win,49.944403729102085,33.29626915273472,49.944403729102085,short
30051,30053,loss,-33.29626915273472,33.29626915273472,49.944403729102085,short
30055,30058,loss,-33.29626915273472,33.29626915273472,49.944403729102085,short
30065,30067,loss,-33.29626915273472,33.29626915273472,49.944403729102085,long
30069,30084,loss,-33.29626915273472,33.29626915273472,49.944403729102085,long
30104,30107,win,49.944403729102085,33.29626915273472,49.944403729102085,long
30108,30113,loss,-33.29626915273472,33.29626915273472,49.944403729102085,long
30139,30146,loss,-33.29626915273472,33.29626915273472,49.944403729102085,short
30153,30164,loss,-33.29626915273472,33.29626915273472,49.944403729102085,long
30172,30173,loss,-33.29626915273472,33.29626915273472,49.944403729102085,short
30241,30244,loss,-33.29626915273472,33.29626915273472,49.944403729102085,long
30248,30251,win,49.944403729102085,33.29626915273472,49.944403729102085,long
30252,30294,win,49.944403729102085,33.29626915273472,49.944403729102085,long
30324,30336,win,49.944403729102085,33.29626915273472,49.944403729102085,short
30381,30386,win,49.944403729102085,33.29626915273472,49.944403729102085,long
30448,30451,loss,-33.29626915273472,33.29626915273472,49.944403729102085,long
30453,30458,loss,-33.29626915273472,33.29626915273472,49.944403729102085,long
30462,30468,win,49.944403729102085,33.29626915273472,49.944403729102085,short
30470,30486,loss,-33.29626915273472,33.29626915273472,49.944403729102085,short
30517,30519,loss,-33.29626915273472,33.29626915273472,49.944403729102085,short
30521,30524,win,49.944403729102085,33.29626915273472,49.944403729102085,short
30535,30568,win,49.944403729102085,33.29626915273472,49.944403729102085,long
30588,30597,win,49.944403729102085,33.29626915273472,49.944403729102085,long
30598,30599,win,49.944403729102085,33.29626915273472,49.944403729102085,long
30648,30652,win,49.944403729102085,33.29626915273472,49.944403729102085,short
30656,30659,win,49.944403729102085,33.29626915273472,49.944403729102085,short
30660,30661,loss,-33.29626915273472,33.29626915273472,49.944403729102085,short
30693,30710,loss,-33.29626915273472,33.29626915273472,49.944403729102085,short
30711,30720,loss,-33.29626915273472,33.29626915273472,49.944403729102085,long
30725,30726,win,49.944403729102085,33.29626915273472,49.944403729102085,long
30727,30728,loss,-33.29626915273472,33.29626915273472,49.944403729102085,long
30741,30746,win,49.944403729102085,33.29626915273472,49.944403729102085,short
30858,30864,loss,-33.29626915273472,33.29626915273472,49.944403729102085,long
30909,30916,win,49.944403729102085,33.29626915273472,49.944403729102085,long
30933,30937,loss,-33.29626915273472,33.29626915273472,49.944403729102085,short
30946,30969,loss,-33.29626915273472,33.29626915273472,49.944403729102085,short
30993,30998,loss,-33.29626915273472,33.29626915273472,49.944403729102085,short
31001,31002,win,49.944403729102085,33.29626915273472,49.944403729102085,short
31078,31080,loss,-33.29626915273472,33.29626915273472,49.944403729102085,long
31101,31124,loss,-33.29626915273472,33.29626915273472,49.944403729102085,long
31125,31136,loss,-33.29626915273472,33.29626915273472,49.944403729102085,short
31147,31148,loss,-33.29626915273472,33.29626915273472,49.944403729102085,short
31150,31170,win,49.944403729102085,33.29626915273472,49.944403729102085,short
31206,31208,loss,-33.29626915273472,33.29626915273472,49.944403729102085,long
31220,31261,loss,-33.29626915273472,33.29626915273472,49.944403729102085,short
31315,31337,loss,-33.29626915273472,33.29626915273472,49.944403729102085,long
31348,31349,loss,-33.29626915273472,33.29626915273472,49.944403729102085,short
31352,31356,win,49.944403729102085,33.29626915273472,49.944403729102085,short
31357,31362,win,49.944403729102085,33.29626915273472,49.944403729102085,short
31372,31377,win,49.944403729102085,33.29626915273472,49.944403729102085,short
31391,31415,loss,-33.29626915273472,33.29626915273472,49.944403729102085,long
31435,31471,win,49.944403729102085,33.29626915273472,49.944403729102085,long
31544,31548,loss,-33.29626915273472,33.29626915273472,49.944403729102085,short
31555,31557,win,49.944403729102085,33.29626915273472,49.944403729102085,short
31584,31592,loss,-33.29626915273472,33.29626915273472,49.944403729102085,short
31618,31623,win,49.944403729102085,33.29626915273472,49.944403729102085,short
31634,31637,loss,-33.29626915273472,33.29626915273472,49.944403729102085,long
31656,31662,loss,-33.29626915273472,33.29626915273472,49.944403729102085,long
31701,31702,win,49.944403729102085,33.29626915273472,49.944403729102085,short
31703,31705,loss,-33.29626915273472,33.29626915273472,49.944403729102085,short
31708,31719,win,49.944403729102085,33.29626915273472,49.944403729102085,short
31732,31771,win,49.944403729102085,33.29626915273472,49.944403729102085,long
31797,31814,win,49.944403729102085,33.29626915273472,49.944403729102085,short
31815,31822,win,49.944403729102085,33.29626915273472,49.944403729102085,short
31823,31824,win,49.944403729102085,33.29626915273472,49.944403729102085,short
31825,31833,loss,-33.29626915273472,33.29626915273472,49.944403729102085,short
31857,31867,win,49.944403729102085,33.29626915273472,49.944403729102085,long
31868,31878,loss,-33.29626915273472,33.29626915273472,49.944403729102085,long
31908,31916,loss,-33.29626915273472,33.29626915273472,49.944403729102085,short
31926,31948,win,49.944403729102085,33.29626915273472,49.944403729102085,long
31979,32012,win,49.944403729102085,33.29626915273472,49.944403729102085,short
32013,32018,win,49.944403729102085,33.29626915273472,49.944403729102085,short
32039,32052,loss,-33.29626915273472,33.29626915273472,49.944403729102085,long
32100,32106,loss,-33.29626915273472,33.29626915273472,49.944403729102085,short
32111,32156,loss,-33.29626915273472,33.29626915273472,49.944403729102085,short
32228,32236,win,49.944403729102085,33.29626915273472,49.944403729102085,long
32263,32296,loss,-33.29626915273472,33.29626915273472,49.944403729102085,short
32309,32313,loss,-33.29626915273472,33.29626915273472,49.944403729102085,long
32317,32351,win,49.944403729102085,33.29626915273472,49.944403729102085,short
32356,32379,win,49.944403729102085,33.29626915273472,49.944403729102085,short
32380,32385,win,49.944403729102085,33.29626915273472,49.944403729102085,short
32386,32390,win,49.944403729102085,33.29626915273472,49.944403729102085,short
32391,32394,win,49.944403729102085,33.29626915273472,49.944403729102085,short
32407,32414,loss,-33.29626915273472,33.29626915273472,49.944403729102085,long
32475,32507,win,49.944403729102085,33.29626915273472,49.944403729102085,long
32528,32529,win,49.944403729102085,33.29626915273472,49.944403729102085,long
32530,32532,loss,-33.29626915273472,33.29626915273472,49.944403729102085,long
32544,32547,win,49.944403729102085,33.29626915273472,49.944403729102085,short
32548,32552,loss,-33.29626915273472,33.29626915273472,49.944403729102085,short
32664,32667,loss,-33.29626915273472,33.29626915273472,49.944403729102085,long
32669,32672,win,49.944403729102085,33.29626915273472,49.944403729102085,long
32674,32680,loss,-33.29626915273472,33.29626915273472,49.944403729102085,long
32714,32723,win,49.944403729102085,33.29626915273472,49.944403729102085,short
32751,32758,loss,-33.29626915273472,33.29626915273472,49.944403729102085,long
32800,32802,win,49.944403729102085,33.29626915273472,49.944403729102085,short
32803,32808,loss,-33.29626915273472,33.29626915273472,49.944403729102085,short
32839,32846,loss,-33.29626915273472,33.29626915273472,49.944403729102085,long
32856,32862,loss,-33.29626915273472,33.29626915273472,49.944403729102085,long
32865,32866,loss,-33.29626915273472,33.29626915273472,49.944403729102085,short
32878,32924,loss,-33.29626915273472,33.29626915273472,49.944403729102085,long
32941,32947,loss,-33.29626915273472,33.29626915273472,49.944403729102085,long
32955,32995,win,49.944403729102085,33.29626915273472,49.944403729102085,short
32999,33000,loss,-33.29626915273472,33.29626915273472,49.944403729102085,short
33004,33007,loss,-33.29626915273472,33.29626915273472,49.944403729102085,short
33019,33021,loss,-33.29626915273472,33.29626915273472,49.944403729102085,long
33026,33036,loss,-33.29626915273472,33.29626915273472,49.944403729102085,long
33073,33074,loss,-33.29626915273472,33.29626915273472,49.944403729102085,long
33096,33104,win,49.944403729102085,33.29626915273472,49.944403729102085,long
33105,33138,win,49.944403729102085,33.29626915273472,49.944403729102085,long
33159,33176,loss,-33.29626915273472,33.29626915273472,49.944403729102085,short
33218,33232,loss,-33.29626915273472,33.29626915273472,49.944403729102085,short
33236,33247,loss,-33.29626915273472,33.29626915273472,49.944403729102085,long
33263,33272,loss,-33.29626915273472,33.29626915273472,49.944403729102085,long
33293,33393,win,49.944403729102085,33.29626915273472,49.944403729102085,long
33409,33416,win,49.944403729102085,33.29626915273472,49.944403729102085,long
33417,33430,loss,-33.29626915273472,33.29626915273472,49.944403729102085,long
33431,33439,loss,-33.29626915273472,33.29626915273472,49.944403729102085,short
33519,33540,win,49.944403729102085,33.29626915273472,49.944403729102085,short
33548,33579,win,49.944403729102085,33.29626915273472,49.944403729102085,short
33593,33599,loss,-33.29626915273472,33.29626915273472,49.944403729102085,long
33600,33603,win,49.944403729102085,33.29626915273472,49.944403729102085,short
33604,33606,win,49.944403729102085,33.29626915273472,49.944403729102085,short
33608,33609,loss,-33.29626915273472,33.29626915273472,49.944403729102085,short
33620,33632,win,49.944403729102085,33.29626915273472,49.944403729102085,long
33633,33649,loss,-33.29626915273472,33.29626915273472,49.944403729102085,long
33684,33689,loss,-33.29626915273472,33.29626915273472,49.944403729102085,short
33719,33741,loss,-33.29626915273472,33.29626915273472,49.944403729102085,long
33742,33747,loss,-33.29626915273472,33.29626915273472,49.944403729102085,short
33749,33751,win,49.944403729102085,33.29626915273472,49.944403729102085,short
33771,33813,loss,-33.29626915273472,33.29626915273472,49.944403729102085,long
33836,33854,win,49.944403729102085,33.29626915273472,49.944403729102085,short
33855,33857,win,49.944403729102085,33.29626915273472,49.944403729102085,short
33908,33916,win,49.944403729102085,33.29626915273472,49.944403729102085,long
33920,33948,loss,-33.29626915273472,33.29626915273472,49.944403729102085,long
33949,33951,win,49.944403729102085,33.29626915273472,49.944403729102085,short
33952,33954,win,49.944403729102085,33.29626915273472,49.944403729102085,short
33955,33956,win,49.944403729102085,33.29626915273472,49.944403729102085,short
33957,33959,loss,-33.29626915273472,33.29626915273472,49.944403729102085,short
33970,33982,loss,-33.29626915273472,33.29626915273472,49.944403729102085,long
34026,34029,loss,-33.29626915273472,33.29626915273472,49.944403729102085,long
34030,34077,loss,-33.29626915273472,33.29626915273472,49.944403729102085,long
34081,34087,win,49.944403729102085,33.29626915273472,49.944403729102085,short
34088,34089,loss,-33.29626915273472,33.29626915273472,49.944403729102085,short
34101,34119,win,49.944403729102085,33.29626915273472,49.944403729102085,long
34169,34196,win,49.944403729102085,33.29626915273472,49.944403729102085,short
34221,34227,loss,-33.29626915273472,33.29626915273472,49.944403729102085,long
34235,34247,loss,-33.29626915273472,33.29626915273472,49.944403729102085,short
34248,34279,win,49.944403729102085,33.29626915273472,49.944403729102085,long
34300,34304,loss,-33.29626915273472,33.29626915273472,49.944403729102085,short
34305,34306,loss,-33.29626915273472,33.29626915273472,49.944403729102085,short
34307,34308,loss,-33.29626915273472,33.29626915273472,49.944403729102085,long
34314,34321,loss,-33.29626915273472,33.29626915273472,49.944403729102085,long
34326,34327,win,49.944403729102085,33.29626915273472,49.944403729102085,short
34329,34331,loss,-33.29626915273472,33.29626915273472,49.944403729102085,short
34375,34378,loss,-33.29626915273472,33.29626915273472,49.944403729102085,long
34464,34502,loss,-33.29626915273472,33.29626915273472,49.944403729102085,short
34503,34542,win,49.944403729102085,33.29626915273472,49.944403729102085,long
34562,34576,win,49.944403729102085,33.29626915273472,49.944403729102085,short
34577,34581,win,49.944403729102085,33.29626915273472,49.944403729102085,short
34582,34583,loss,-33.29626915273472,33.29626915273472,49.944403729102085,short
34585,34587,win,49.944403729102085,33.29626915273472,49.944403729102085,short
34588,34592,loss,-33.29626915273472,33.29626915273472,49.944403729102085,short
34601,34613,loss,-33.29626915273472,33.29626915273472,49.944403729102085,long
34689,34710,loss,-33.29626915273472,33.29626915273472,49.944403729102085,long
34711,34712,loss,-33.29626915273472,33.29626915273472,49.944403729102085,short
34713,34716,win,49.944403729102085,33.29626915273472,49.944403729102085,short
34718,34720,win,49.944403729102085,33.29626915273472,49.944403729102085,short
34732,34743,loss,-33.29626915273472,33.29626915273472,49.944403729102085,long
34766,34771,loss,-33.29626915273472,33.29626915273472,49.944403729102085,long
34785,34788,loss,-33.29626915273472,33.29626915273472,49.944403729102085,long
34819,34825,loss,-33.29626915273472,33.29626915273472,49.944403729102085,short
34898,34914,win,49.944403729102085,33.29626915273472,49.944403729102085,short
34957,34958,win,49.944403729102085,33.29626915273472,49.944403729102085,long
34959,34977,win,49.944403729102085,33.29626915273472,49.944403729102085,long
35029,35051,loss,-33.29626915273472,33.29626915273472,49.944403729102085,short
35052,35070,win,49.944403729102085,33.29626915273472,49.944403729102085,long
35083,35088,loss,-33.29626915273472,33.29626915273472,49.944403729102085,short
35102,35103,loss,-33.29626915273472,33.29626915273472,49.944403729102085,long
35111,35124,win,49.944403729102085,33.29626915273472,49.944403729102085,long
35163,35207,win,49.944403729102085,33.29626915273472,49.944403729102085,short
35208,35215,win,49.944403729102085,33.29626915273472,49.944403729102085,short
35216,35219,loss,-33.29626915273472,33.29626915273472,49.944403729102085,short
35232,35235,loss,-33.29626915273472,33.29626915273472,49.944403729102085,short
35236,35244,win,49.944403729102085,33.29626915273472,49.944403729102085,short
35245,35247,win,49.944403729102085,33.29626915273472,49.944403729102085,short
35261,35266,loss,-33.29626915273472,33.29626915273472,49.944403729102085,long
35286,35290,loss,-33.29626915273472,33.29626915273472,49.944403729102085,long
35307,35320,win,49.944403729102085,33.29626915273472,49.944403729102085,long
35343,35349,loss,-33.29626915273472,33.29626915273472,49.944403729102085,short
35355,35356,loss,-33.29626915273472,33.29626915273472,49.944403729102085,short
35364,35381,loss,-33.29626915273472,33.29626915273472,49.944403729102085,short
35382,35386,loss,-33.29626915273472,33.29626915273472,49.944403729102085,long
35436,35443,loss,-33.29626915273472,33.29626915273472,49.944403729102085,long
35489,35492,loss,-33.29626915273472,33.29626915273472,49.944403729102085,short
35493,35498,win,49.944403729102085,33.29626915273472,49.944403729102085,short
35504,35508,loss,-33.29626915273472,33.29626915273472,49.944403729102085,short
35517,35523,loss,-33.29626915273472,33.29626915273472,49.944403729102085,long
35561,35564,win,49.944403729102085,33.29626915273472,49.944403729102085,long
35565,35582,loss,-33.29626915273472,33.29626915273472,49.944403729102085,long
35583,35618,win,49.944403729102085,33.29626915273472,49.944403729102085,short
35619,35629,loss,-33.29626915273472,33.29626915273472,49.944403729102085,short
35632,35633,win,49.944403729102085,33.29626915273472,49.944403729102085,short
35634,35639,win,49.944403729102085,33.29626915273472,49.944403729102085,short
35643,35650,loss,-33.29626915273472,33.29626915273472,49.944403729102085,short
35653,35665,win,49.944403729102085,33.29626915273472,49.944403729102085,long
35708,35713,loss,-33.29626915273472,33.29626915273472,49.944403729102085,short
35735,35751,win,49.944403729102085,33.29626915273472,49.944403729102085,long
35752,35757,loss,-33.29626915273472,33.29626915273472,49.944403729102085,long
35771,35773,loss,-33.29626915273472,33.29626915273472,49.944403729102085,short
35789,35796,loss,-33.29626915273472,33.29626915273472,49.944403729102085,short
35834,35837,loss,-33.29626915273472,33.29626915273472,49.944403729102085,short
35905,35907,win,49.944403729102085,33.29626915273472,49.944403729102085,short
35911,35918,win,49.944403729102085,33.29626915273472,49.944403729102085,long
35919,35924,loss,-33.29626915273472,33.29626915273472,49.944403729102085,long
35990,36007,loss,-33.29626915273472,33.29626915273472,49.944403729102085,short
36008,36045,loss,-33.29626915273472,33.29626915273472,49.944403729102085,long
36076,36100,loss,-33.29626915273472,33.29626915273472,49.944403729102085,long
36105,36109,loss,-33.29626915273472,33.29626915273472,49.944403729102085,short
36114,36124,loss,-33.29626915273472,33.29626915273472,49.944403729102085,long
36125,36172,loss,-33.29626915273472,33.29626915273472,49.944403729102085,short
36178,36202,win,49.944403729102085,33.29626915273472,49.944403729102085,short
36254,36272,win,49.944403729102085,33.29626915273472,49.944403729102085,short
36278,36309,loss,-33.29626915273472,33.29626915273472,49.944403729102085,long
36314,36318,loss,-33.29626915273472,33.29626915273472,49.944403729102085,short
36403,36416,win,49.944403729102085,33.29626915273472,49.944403729102085,long
36462,36466,loss,-33.29626915273472,33.29626915273472,49.944403729102085,short
36488,36512,loss,-33.29626915273472,33.29626915273472,49.944403729102085,long
36513,36517,loss,-33.29626915273472,33.29626915273472,49.944403729102085,short
36518,36519,win,49.944403729102085,33.29626915273472,49.944403729102085,long
36520,36523,win,49.944403729102085,33.29626915273472,49.944403729102085,long
36524,36527,loss,-33.29626915273472,33.29626915273472,49.944403729102085,long
36534,36536,win,49.944403729102085,33.29626915273472,49.944403729102085,short
36537,36556,loss,-33.29626915273472,33.29626915273472,49.944403729102085,short
36590,36593,loss,-33.29626915273472,33.29626915273472,49.944403729102085,short
36594,36595,win,49.944403729102085,33.29626915273472,49.944403729102085,short
36596,36608,loss,-33.29626915273472,33.29626915273472,49.944403729102085,short
36656,36658,win,49.944403729102085,33.29626915273472,49.944403729102085,long
36669,36691,loss,-33.29626915273472,33.29626915273472,49.944403729102085,short
36734,36755,loss,-33.29626915273472,33.29626915273472,49.944403729102085,long
36795,36796,loss,-33.29626915273472,33.29626915273472,49.944403729102085,long
36799,36821,loss,-33.29626915273472,33.29626915273472,49.944403729102085,short
36862,36863,loss,-33.29626915273472,33.29626915273472,49.944403729102085,long
36865,36866,loss,-33.29626915273472,33.29626915273472,49.944403729102085,long
36868,36877,win,49.944403729102085,33.29626915273472,49.944403729102085,long
36915,36933,win,49.944403729102085,33.29626915273472,49.944403729102085,short
36934,36936,loss,-33.29626915273472,33.29626915273472,49.944403729102085,short
36947,36961,loss,-33.29626915273472,33.29626915273472,49.944403729102085,long
37041,37057,loss,-33.29626915273472,33.29626915273472,49.944403729102085,long
37058,37064,win,49.944403729102085,33.29626915273472,49.944403729102085,short
37065,37069,win,49.944403729102085,33.29626915273472,49.944403729102085,short
37070,37101,win,49.944403729102085,33.29626915273472,49.944403729102085,short
37136,37139,loss,-33.29626915273472,33.29626915273472,49.944403729102085,long
37156,37193,loss,-33.29626915273472,33.29626915273472,49.944403729102085,long
37209,37210,loss,-33.29626915273472,33.29626915273472,49.944403729102085,long
37216,37225,win,49.944403729102085,33.29626915273472,49.944403729102085,short
37288,37309,win,49.944403729102085,33.29626915273472,49.944403729102085,short
37347,37349,loss,-33.29626915273472,33.29626915273472,49.944403729102085,short
37350,37352,win,49.944403729102085,33.29626915273472,49.944403729102085,short
37367,37374,win,49.944403729102085,33.29626915273472,49.944403729102085,long
37376,37390,loss,-33.29626915273472,33.29626915273472,49.944403729102085,long
37440,37454,loss,-33.29626915273472,33.29626915273472,49.944403729102085,long
37478,37484,win,49.944403729102085,33.29626915273472,49.944403729102085,short
37506,37526,loss,-33.29626915273472,33.29626915273472,49.944403729102085,long
37534,37538,win,49.944403729102085,33.29626915273472,49.944403729102085,short
37539,37546,win,49.944403729102085,33.29626915273472,49.944403729102085,short
37547,37559,win,49.944403729102085,33.29626915273472,49.944403729102085,short
37560,37561,win,49.944403729102085,33.29626915273472,49.944403729102085,short
37589,37592,win,49.944403729102085,33.29626915273472,49.944403729102085,long
37618,37619,loss,-33.29626915273472,33.29626915273472,49.944403729102085,long
37687,37688,loss,-33.29626915273472,33.29626915273472,49.944403729102085,short
37693,37698,loss,-33.29626915273472,33.29626915273472,49.944403729102085,short
37705,37710,loss,-33.29626915273472,33.29626915273472,49.944403729102085,long
37752,37754,loss,-33.29626915273472,33.29626915273472,49.944403729102085,short
37755,37758,loss,-33.29626915273472,33.29626915273472,49.944403729102085,short
37770,37776,loss,-33.29626915273472,33.29626915273472,49.944403729102085,long
37801,37803,loss,-33.29626915273472,33.29626915273472,49.944403729102085,short
37824,37825,loss,-33.29626915273472,33.29626915273472,49.944403729102085,short
37826,37827,win,49.944403729102085,33.29626915273472,49.944403729102085,long
37828,37869,loss,-33.29626915273472,33.29626915273472,49.944403729102085,long
37884,37889,loss,-33.29626915273472,33.29626915273472,49.944403729102085,short
37901,37908,win,49.944403729102085,33.29626915273472,49.944403729102085,short
37916,37937,win,49.944403729102085,33.29626915273472,49.944403729102085,long
37951,37953,loss,-33.29626915273472,33.29626915273472,49.944403729102085,short
37972,37980,loss,-33.29626915273472,33.29626915273472,49.944403729102085,short
37987,38014,loss,-33.29626915273472,33.29626915273472,49.944403729102085,long
38027,38029,loss,-33.29626915273472,33.29626915273472,49.944403729102085,long
38030,38031,loss,-33.29626915273472,33.29626915273472,49.944403729102085,long
38059,38062,loss,-33.29626915273472,33.29626915273472,49.944403729102085,long
38073,38081,win,49.944403729102085,33.29626915273472,49.944403729102085,short
38100,38114,win,49.944403729102085,33.29626915273472,49.944403729102085,short
38128,38149,win,49.944403729102085,33.29626915273472,49.944403729102085,long
38171,38197,loss,-33.29626915273472,33.29626915273472,49.944403729102085,short
38294,38303,loss,-33.29626915273472,33.29626915273472,49.944403729102085,short
38311,38360,loss,-33.29626915273472,33.29626915273472,49.944403729102085,short
38373,38374,loss,-33.29626915273472,33.29626915273472,49.944403729102085,short
38375,38376,loss,-33.29626915273472,33.29626915273472,49.944403729102085,short
38387,38408,win,49.944403729102085,33.29626915273472,49.944403729102085,long
38463,38505,win,49.944403729102085,33.29626915273472,49.944403729102085,long
38506,38508,win,49.944403729102085,33.29626915273472,49.944403729102085,long
38515,38517,loss,-33.29626915273472,33.29626915273472,49.944403729102085,long
38520,38573,loss,-33.29626915273472,33.29626915273472,49.944403729102085,short
38574,38578,loss,-33.29626915273472,33.29626915273472,49.944403729102085,long
38580,38581,loss,-33.29626915273472,33.29626915273472,49.944403729102085,long
38587,38644,win,49.944403729102085,33.29626915273472,49.944403729102085,short
38645,38650,loss,-33.29626915273472,33.29626915273472,49.944403729102085,short
38657,38716,win,49.944403729102085,33.29626915273472,49.944403729102085,long
38734,38742,loss,-33.29626915273472,33.29626915273472,49.944403729102085,short
38747,38749,loss,-33.29626915273472,33.29626915273472,49.944403729102085,long
38756,38767,loss,-33.29626915273472,33.29626915273472,49.944403729102085,short
38855,38857,win,49.944403729102085,33.29626915273472,49.944403729102085,long
38858,38864,win,49.944403729102085,33.29626915273472,49.944403729102085,long
38865,38869,loss,-33.29626915273472,33.29626915273472,49.944403729102085,long
38915,38919,win,49.944403729102085,33.29626915273472,49.944403729102085,short
38957,38989,win,49.944403729102085,33.29626915273472,49.944403729102085,long
38990,38992,loss,-33.29626915273472,33.29626915273472,49.944403729102085,long
38994,39045,loss,-33.29626915273472,33.29626915273472,49.944403729102085,long
39051,39058,win,49.944403729102085,33.29626915273472,49.944403729102085,short
39060,39063,loss,-33.29626915273472,33.29626915273472,49.944403729102085,short
39073,39086,loss,-33.29626915273472,33.29626915273472,49.944403729102085,long
39091,39094,win,49.944403729102085,33.29626915273472,49.944403729102085,long
39095,39107,loss,-33.29626915273472,33.29626915273472,49.944403729102085,long
39116,39123,win,49.944403729102085,33.29626915273472,49.944403729102085,short
39124,39126,loss,-33.29626915273472,33.29626915273472,49.944403729102085,short
39138,39140,loss,-33.29626915273472,33.29626915273472,49.944403729102085,long
39190,39248,win,49.944403729102085,33.29626915273472,49.944403729102085,short
39258,39263,loss,-33.29626915273472,33.29626915273472,49.944403729102085,short
39268,39279,win,49.944403729102085,33.29626915273472,49.944403729102085,long
39335,39359,loss,-33.29626915273472,33.29626915273472,49.944403729102085,short
39361,39435,win,49.944403729102085,33.29626915273472,49.944403729102085,long
39436,39454,loss,-33.29626915273472,33.29626915273472,49.944403729102085,long
39458,39471,win,49.944403729102085,33.29626915273472,49.944403729102085,short
39472,39476,win,49.944403729102085,33.29626915273472,49.944403729102085,short
39481,39484,win,49.944403729102085,33.29626915273472,49.944403729102085,short
39527,39530,loss,-33.29626915273472,33.29626915273472,49.944403729102085,long
39536,39549,loss,-33.29626915273472,33.29626915273472,49.944403729102085,long
39552,39554,win,49.944403729102085,33.29626915273472,49.944403729102085,short
39555,39559,loss,-33.29626915273472,33.29626915273472,49.944403729102085,short
39569,39572,loss,-33.29626915273472,33.29626915273472,49.944403729102085,long
39590,39594,loss,-33.29626915273472,33.29626915273472,49.944403729102085,long
39679,39680,win,49.944403729102085,33.29626915273472,49.944403729102085,long
39681,39683,loss,-33.29626915273472,33.29626915273472,49.944403729102085,long
39711,39731,loss,-33.29626915273472,33.29626915273472,49.944403729102085,short
39747,39751,loss,-33.29626915273472,33.29626915273472,49.944403729102085,short
39755,39763,loss,-33.29626915273472,33.29626915273472,49.944403729102085,short
39769,39821,win,49.944403729102085,33.29626915273472,49.944403729102085,long
39822,39824,win,49.944403729102085,33.29626915273472,49.944403729102085,long
39825,39839,loss,-33.29626915273472,33.29626915273472,49.944403729102085,long
39840,39856,loss,-33.29626915273472,33.29626915273472,49.944403729102085,short
39876,39888,win,49.944403729102085,33.29626915273472,49.944403729102085,short
39892,39898,win,49.944403729102085,33.29626915273472,49.944403729102085,short
39899,39903,loss,-33.29626915273472,33.29626915273472,49.944403729102085,short
39924,39937,loss,-33.29626915273472,33.29626915273472,49.944403729102085,long
39959,39975,loss,-33.29626915273472,33.29626915273472,49.944403729102085,long
39977,40014,win,49.944403729102085,33.29626915273472,49.944403729102085,short
40015,40023,win,49.944403729102085,33.29626915273472,49.944403729102085,short
40024,40026,loss,-33.29626915273472,33.29626915273472,49.944403729102085,short
40030,40031,win,49.944403729102085,33.29626915273472,49.944403729102085,short
40032,40034,loss,-33.29626915273472,33.29626915273472,49.944403729102085,short
40061,40062,win,49.944403729102085,33.29626915273472,49.944403729102085,short
40069,40070,loss,-33.29626915273472,33.29626915273472,49.944403729102085,short
40076,40078,loss,-33.29626915273472,33.29626915273472,49.944403729102085,long
40138,40139,loss,-33.29626915273472,33.29626915273472,49.944403729102085,long
40140,40141,loss,-33.29626915273472,33.29626915273472,49.944403729102085,long
40143,40144,win,49.944403729102085,33.29626915273472,49.944403729102085,long
40186,40188,loss,-33.29626915273472,33.29626915273472,49.944403729102085,short
40242,40243,loss,-33.29626915273472,33.29626915273472,49.944403729102085,long
40249,40250,win,49.944403729102085,33.29626915273472,49.944403729102085,short
40266,40267,win,49.944403729102085,33.29626915273472,49.944403729102085,short
40280,40281,win,49.944403729102085,33.29626915273472,49.944403729102085,long
40282,40284,loss,-33.29626915273472,33.29626915273472,49.944403729102085,long
40289,40291,win,49.944403729102085,33.29626915273472,49.944403729102085,long
40292,40296,win,49.944403729102085,33.29626915273472,49.944403729102085,long
40350,40351,loss,-33.29626915273472,33.29626915273472,49.944403729102085,long
40373,40374,loss,-33.29626915273472,33.29626915273472,49.944403729102085,short
40445,40449,win,49.944403729102085,33.29626915273472,49.944403729102085,short
40492,40494,win,49.944403729102085,33.29626915273472,49.944403729102085,short
40504,40506,loss,-33.29626915273472,33.29626915273472,49.944403729102085,long
40555,40562,loss,-33.29626915273472,33.29626915273472,49.944403729102085,long
40612,40616,win,49.944403729102085,33.29626915273472,49.944403729102085,long
40617,40640,win,49.944403729102085,33.29626915273472,49.944403729102085,long
40680,40681,win,49.944403729102085,33.29626915273472,49.944403729102085,long
40682,40685,loss,-33.29626915273472,33.29626915273472,49.944403729102085,long
40694,40700,win,49.944403729102085,33.29626915273472,49.944403729102085,short
40701,40708,loss,-33.29626915273472,33.29626915273472,49.944403729102085,short
40725,40726,win,49.944403729102085,33.29626915273472,49.944403729102085,short
40728,40729,loss,-33.29626915273472,33.29626915273472,49.944403729102085,short
40730,40731,loss,-33.29626915273472,33.29626915273472,49.944403729102085,short
40735,40740,loss,-33.29626915273472,33.29626915273472,49.944403729102085,short
40741,40745,loss,-33.29626915273472,33.29626915273472,49.944403729102085,long
40795,40800,loss,-33.29626915273472,33.29626915273472,49.944403729102085,short
40810,40819,loss,-33.29626915273472,33.29626915273472,49.944403729102085,long
40826,40833,win,49.944403729102085,33.29626915273472,49.944403729102085,short
40834,40836,loss,-33.29626915273472,33.29626915273472,49.944403729102085,short
40839,40840,loss,-33.29626915273472,33.29626915273472,49.944403729102085,long
40848,40852,loss,-33.29626915273472,33.29626915273472,49.944403729102085,long
40912,40915,loss,-33.29626915273472,33.29626915273472,49.944403729102085,short
40917,40923,win,49.944403729102085,33.29626915273472,49.944403729102085,short
40924,40925,win,49.944403729102085,33.29626915273472,49.944403729102085,short
40929,40937,loss,-33.29626915273472,33.29626915273472,49.944403729102085,short
40940,40941,win,49.944403729102085,33.29626915273472,49.944403729102085,long
40942,40943,loss,-33.29626915273472,33.29626915273472,49.944403729102085,long
40944,40945,loss,-33.29626915273472,33.29626915273472,49.944403729102085,long
40946,40957,loss,-33.29626915273472,33.29626915273472,49.944403729102085,long
41060,41061,loss,-33.29626915273472,33.29626915273472,49.944403729102085,short
41062,41065,loss,-33.29626915273472,33.29626915273472,49.944403729102085,short
41068,41070,win,49.944403729102085,33.29626915273472,49.944403729102085,short
41085,41095,win,49.944403729102085,33.29626915273472,49.944403729102085,long
41133,41134,loss,-33.29626915273472,33.29626915273472,49.944403729102085,short
41136,41140,win,49.944403729102085,33.29626915273472,49.944403729102085,short
41165,41168,loss,-33.29626915273472,33.29626915273472,49.944403729102085,short
41179,41182,loss,-33.29626915273472,33.29626915273472,49.944403729102085,long
41194,41197,loss,-33.29626915273472,33.29626915273472,49.944403729102085,long
41203,41204,loss,-33.29626915273472,33.29626915273472,49.944403729102085,short
41238,41242,loss,-33.29626915273472,33.29626915273472,49.944403729102085,long
41266,41281,win,49.944403729102085,33.29626915273472,49.944403729102085,long
41318,41334,win,49.944403729102085,33.29626915273472,49.944403729102085,short
41335,41340,loss,-33.29626915273472,33.29626915273472,49.944403729102085,short
41350,41353,loss,-33.29626915273472,33.29626915273472,49.944403729102085,long
41355,41357,loss,-33.29626915273472,33.29626915273472,49.944403729102085,short
41359,41374,loss,-33.29626915273472,33.29626915273472,49.944403729102085,short
41400,41401,win,49.944403729102085,33.29626915273472,49.944403729102085,short
41403,41405,win,49.944403729102085,33.29626915273472,49.944403729102085,short
41419,41420,loss,-33.29626915273472,33.29626915273472,49.944403729102085,long
41422,41426,win,49.944403729102085,33.29626915273472,49.944403729102085,long
41427,41429,win,49.944403729102085,33.29626915273472,49.944403729102085,long
41507,41509,win,49.944403729102085,33.29626915273472,49.944403729102085,long
41510,41526,loss,-33.29626915273472,33.29626915273472,49.944403729102085,long
41535,41539,win,49.944403729102085,33.29626915273472,49.944403729102085,short
41595,41608,win,49.944403729102085,33.29626915273472,49.944403729102085,short
41619,41621,win,49.944403729102085,33.29626915273472,49.944403729102085,short
41626,41627,loss,-33.29626915273472,33.29626915273472,49.944403729102085,short
41630,41633,win,49.944403729102085,33.29626915273472,49.944403729102085,short
41659,41664,loss,-33.29626915273472,33.29626915273472,49.944403729102085,long
41674,41678,loss,-33.29626915273472,33.29626915273472,49.944403729102085,short
41687,41690,loss,-33.29626915273472,33.29626915273472,49.944403729102085,long
41756,41757,win,49.944403729102085,33.29626915273472,49.944403729102085,short
41758,41770,win,49.944403729102085,33.29626915273472,49.944403729102085,short
41777,41778,loss,-33.29626915273472,33.29626915273472,49.944403729102085,short
41806,41807,win,49.944403729102085,33.29626915273472,49.944403729102085,long
41808,41812,loss,-33.29626915273472,33.29626915273472,49.944403729102085,long
41815,41819,win,49.944403729102085,33.29626915273472,49.944403729102085,long
41830,41839,win,49.944403729102085,33.29626915273472,49.944403729102085,long
41840,41841,win,49.944403729102085,33.29626915273472,49.944403729102085,long
41853,41854,loss,-33.29626915273472,33.29626915273472,49.944403729102085,short
41855,41857,loss,-33.29626915273472,33.29626915273472,49.944403729102085,short
41882,41883,loss,-33.29626915273472,33.29626915273472,49.944403729102085,short
41891,41892,loss,-33.29626915273472,33.29626915273472,49.944403729102085,short
41895,41896,loss,-33.29626915273472,33.29626915273472,49.944403729102085,short
41948,41950,loss,-33.29626915273472,33.29626915273472,49.944403729102085,long
41956,41958,loss,-33.29626915273472,33.29626915273472,49.944403729102085,long
41960,41961,loss,-33.29626915273472,33.29626915273472,49.944403729102085,long
41963,41964,loss,-33.29626915273472,33.29626915273472,49.944403729102085,long
41969,41971,loss,-33.29626915273472,33.29626915273472,49.944403729102085,short
41973,41975,win,49.944403729102085,33.29626915273472,49.944403729102085,short
41977,41980,loss,-33.29626915273472,33.29626915273472,49.944403729102085,short
42021,42023,loss,-33.29626915273472,33.29626915273472,49.944403729102085,long
42131,42134,win,49.944403729102085,33.29626915273472,49.944403729102085,long
42176,42188,win,49.944403729102085,33.29626915273472,49.944403729102085,short
42189,42190,loss,-33.29626915273472,33.29626915273472,49.944403729102085,short
42199,42211,win,49.944403729102085,33.29626915273472,49.944403729102085,short
42212,42216,loss,-33.29626915273472,33.29626915273472,49.944403729102085,short
42222,42224,loss,-33.29626915273472,33.29626915273472,49.944403729102085,short
42225,42228,loss,-33.29626915273472,33.29626915273472,49.944403729102085,long
42231,42232,win,49.944403729102085,33.29626915273472,49.944403729102085,long
42233,42236,loss,-33.29626915273472,33.29626915273472,49.944403729102085,long
42246,42257,loss,-33.29626915273472,33.29626915273472,49.944403729102085,short
42340,42342,win,49.944403729102085,33.29626915273472,49.944403729102085,long
42356,42361,loss,-33.29626915273472,33.29626915273472,49.944403729102085,short
42416,42418,loss,-33.29626915273472,33.29626915273472,49.944403729102085,short
42421,42430,win,49.944403729102085,33.29626915273472,49.944403729102085,short
42432,42434,win,49.944403729102085,33.29626915273472,49.944403729102085,short
42435,42438,win,49.944403729102085,33.29626915273472,49.944403729102085,short
42461,42484,loss,-33.29626915273472,33.29626915273472,49.944403729102085,long
42507,42513,loss,-33.29626915273472,33.29626915273472,49.944403729102085,long
42554,42560,win,49.944403729102085,33.29626915273472,49.944403729102085,short
42561,42568,win,49.944403729102085,33.29626915273472,49.944403729102085,short
42589,42606,win,49.944403729102085,33.29626915273472,49.944403729102085,long
42608,42620,loss,-33.29626915273472,33.29626915273472,49.944403729102085,long
42629,42637,loss,-33.29626915273472,33.29626915273472,49.944403729102085,short
42638,42643,win,49.944403729102085,33.29626915273472,49.944403729102085,long
42646,42647,loss,-33.29626915273472,33.29626915273472,49.944403729102085,long
42657,42663,loss,-33.29626915273472,33.29626915273472,49.944403729102085,short
42694,42703,loss,-33.29626915273472,33.29626915273472,49.944403729102085,short
42708,42716,loss,-33.29626915273472,33.29626915273472,49.944403729102085,long
42808,42820,win,49.944403729102085,33.29626915273472,49.944403729102085,short
42843,42868,loss,-33.29626915273472,33.29626915273472,49.944403729102085,long
42869,42885,win,49.944403729102085,33.29626915273472,49.944403729102085,short
42889,42893,win,49.944403729102085,33.29626915273472,49.944403729102085,short
42894,42901,loss,-33.29626915273472,33.29626915273472,49.944403729102085,short
42910,42956,win,49.944403729102085,33.29626915273472,49.944403729102085,long
42961,42975,loss,-33.29626915273472,33.29626915273472,49.944403729102085,long
42976,42977,win,49.944403729102085,33.29626915273472,49.944403729102085,short
42978,42980,win,49.944403729102085,33.29626915273472,49.944403729102085,short
42981,42986,win,49.944403729102085,33.29626915273472,49.944403729102085,short
42987,42990,win,49.944403729102085,33.29626915273472,49.944403729102085,short
43013,43014,win,49.944403729102085,33.29626915273472,49.944403729102085,short
43017,43018,win,49.944403729102085,33.29626915273472,49.944403729102085,short
43019,43020,win,49.944403729102085,33.29626915273472,49.944403729102085,short
43033,43034,loss,-33.29626915273472,33.29626915273472,49.944403729102085,long
43065,43066,loss,-33.29626915273472,33.29626915273472,49.944403729102085,long
43069,43074,win,49.944403729102085,33.29626915273472,49.944403729102085,long
43075,43077,win,49.944403729102085,33.29626915273472,49.944403729102085,long
43141,43142,win,49.944403729102085,33.29626915273472,49.944403729102085,short
43143,43147,win,49.944403729102085,33.29626915273472,49.944403729102085,short
43222,43224,loss,-33.29626915273472,33.29626915273472,49.944403729102085,long
43269,43270,loss,-33.29626915273472,33.29626915273472,49.944403729102085,short
43271,43272,win,49.944403729102085,33.29626915273472,49.944403729102085,short
43273,43274,win,49.944403729102085,33.29626915273472,49.944403729102085,short
43275,43278,loss,-33.29626915273472,33.29626915273472,49.944403729102085,short
43304,43306,loss,-33.29626915273472,33.29626915273472,49.944403729102085,long
43308,43310,loss,-33.29626915273472,33.29626915273472,49.944403729102085,long
43332,43334,loss,-33.29626915273472,33.29626915273472,49.944403729102085,long
43352,43353,loss,-33.29626915273472,33.29626915273472,49.944403729102085,long
43386,43389,loss,-33.29626915273472,33.29626915273472,49.944403729102085,long
43401,43405,loss,-33.29626915273472,33.29626915273472,49.944403729102085,short
43442,43444,loss,-33.29626915273472,33.29626915273472,49.944403729102085,short
43446,43447,loss,-33.29626915273472,33.29626915273472,49.944403729102085,short
43459,43461,loss,-33.29626915273472,33.29626915273472,49.944403729102085,short
43507,43508,loss,-33.29626915273472,33.29626915273472,49.944403729102085,long
43553,43566,win,49.944403729102085,33.29626915273472,49.944403729102085,short
43626,43632,loss,-33.29626915273472,33.29626915273472,49.944403729102085,short
43637,43638,loss,-33.29626915273472,33.29626915273472,49.944403729102085,short
43641,43642,loss,-33.29626915273472,33.29626915273472,49.944403729102085,short
43646,43658,loss,-33.29626915273472,33.29626915273472,49.944403729102085,short
43659,43663,win,49.944403729102085,33.29626915273472,49.944403729102085,long
43664,43666,loss,-33.29626915273472,33.29626915273472,49.944403729102085,long
43737,43739,loss,-33.29626915273472,33.29626915273472,49.944403729102085,short
43744,43753,win,49.944403729102085,33.29626915273472,49.944403729102085,long
43768,43775,loss,-33.29626915273472,33.29626915273472,49.944403729102085,short
43793,43796,loss,-33.29626915273472,33.29626915273472,49.944403729102085,short
43814,43823,loss,-33.29626915273472,33.29626915273472,49.944403729102085,short
43828,43842,win,49.944403729102085,33.29626915273472,49.944403729102085,long
43870,43871,win,49.944403729102085,33.29626915273472,49.944403729102085,long
43872,43873,loss,-33.29626915273472,33.29626915273472,49.944403729102085,long
43874,43876,loss,-33.29626915273472,33.29626915273472,49.944403729102085,long
43907,43913,loss,-33.29626915273472,33.29626915273472,49.944403729102085,short
43965,43978,win,49.944403729102085,33.29626915273472,49.944403729102085,short
43992,43994,loss,-33.29626915273472,33.29626915273472,49.944403729102085,long
44003,44009,win,49.944403729102085,33.29626915273472,49.944403729102085,long
44010,44013,loss,-33.29626915273472,33.29626915273472,49.944403729102085,long
44034,44042,win,49.944403729102085,33.29626915273472,49.944403729102085,short
44049,44051,loss,-33.29626915273472,33.29626915273472,49.944403729102085,short
44106,44115,win,49.944403729102085,33.29626915273472,49.944403729102085,long
44116,44120,loss,-33.29626915273472,33.29626915273472,49.944403729102085,long
44156,44189,loss,-33.29626915273472,33.29626915273472,49.944403729102085,short
44190,44194,win,49.944403729102085,33.29626915273472,49.944403729102085,long
44196,44199,win,49.944403729102085,33.29626915273472,49.944403729102085,short
44200,44202,loss,-33.29626915273472,33.29626915273472,49.944403729102085,short
44203,44247,loss,-33.29626915273472,33.29626915273472,49.944403729102085,short
44258,44263,loss,-33.29626915273472,33.29626915273472,49.944403729102085,long
44276,44299,loss,-33.29626915273472,33.29626915273472,49.944403729102085,short
44300,44314,loss,-33.29626915273472,33.29626915273472,49.944403729102085,long
44320,44321,loss,-33.29626915273472,33.29626915273472,49.944403729102085,short
44332,44334,loss,-33.29626915273472,33.29626915273472,49.944403729102085,long
44353,44362,win,49.944403729102085,33.29626915273472,49.944403729102085,long
44363,44376,win,49.944403729102085,33.29626915273472,49.944403729102085,long
44386,44392,loss,-33.29626915273472,33.29626915273472,49.944403729102085,short
44445,44450,loss,-33.29626915273472,33.29626915273472,49.944403729102085,short
44456,44465,loss,-33.29626915273472,33.29626915273472,49.944403729102085,short
44482,44483,win,49.944403729102085,33.29626915273472,49.944403729102085,long
44485,44507,loss,-33.29626915273472,33.29626915273472,49.944403729102085,long
44534,44539,win,49.944403729102085,33.29626915273472,49.944403729102085,short
44542,44547,win,49.944403729102085,33.29626915273472,49.944403729102085,short
44577,44586,loss,-33.29626915273472,33.29626915273472,49.944403729102085,long
44609,44610,loss,-33.29626915273472,33.29626915273472,49.944403729102085,long
44613,44621,loss,-33.29626915273472,33.29626915273472,49.944403729102085,long
44632,44643,win,49.944403729102085,33.29626915273472,49.944403729102085,long
44660,44672,win,49.944403729102085,33.29626915273472,49.944403729102085,short
44673,44678,loss,-33.29626915273472,33.29626915273472,49.944403729102085,short
44680,44681,loss,-33.29626915273472,33.29626915273472,49.944403729102085,short
44694,44705,loss,-33.29626915273472,33.29626915273472,49.944403729102085,long
44769,44774,loss,-33.29626915273472,33.29626915273472,49.944403729102085,short
44829,44848,win,49.944403729102085,33.29626915273472,49.944403729102085,long
44849,44864,loss,-33.29626915273472,33.29626915273472,49.944403729102085,long
44877,44879,win,49.944403729102085,33.29626915273472,49.944403729102085,short
44880,44883,win,49.944403729102085,33.29626915273472,49.944403729102085,short
44884,44885,loss,-33.29626915273472,33.29626915273472,49.944403729102085,short
44887,44891,loss,-33.29626915273472,33.29626915273472,49.944403729102085,short
44899,44900,loss,-33.29626915273472,33.29626915273472,49.944403729102085,long
44901,44902,loss,-33.29626915273472,33.29626915273472,49.944403729102085,long
44908,44913,win,49.944403729102085,33.29626915273472,49.944403729102085,long
44960,44962,loss,-33.29626915273472,33.29626915273472,49.944403729102085,short
44996,44998,win,49.944403729102085,33.29626915273472,49.944403729102085,short
45001,45004,loss,-33.29626915273472,33.29626915273472,49.944403729102085,short
45019,45020,win,49.944403729102085,33.29626915273472,49.944403729102085,long
45025,45028,loss,-33.29626915273472,33.29626915273472,49.944403729102085,long
45032,45038,loss,-33.29626915273472,33.29626915273472,49.944403729102085,long
45087,45091,loss,-33.29626915273472,33.29626915273472,49.944403729102085,short
45096,45098,loss,-33.29626915273472,33.29626915273472,49.944403729102085,short
45124,45126,loss,-33.29626915273472,33.29626915273472,49.944403729102085,long
45127,45136,win,49.944403729102085,33.29626915273472,49.944403729102085,short
45137,45141,loss,-33.29626915273472,33.29626915273472,49.944403729102085,short
45150,45154,loss,-33.29626915273472,33.29626915273472,49.944403729102085,long
45207,45211,loss,-33.29626915273472,33.29626915273472,49.944403729102085,long
45230,45235,win,49.944403729102085,33.29626915273472,49.944403729102085,long
45257,45261,loss,-33.29626915273472,33.29626915273472,49.944403729102085,short
45267,45282,loss,-33.29626915273472,33.29626915273472,49.944403729102085,long
45304,45306,win,49.944403729102085,33.29626915273472,49.944403729102085,long
45307,45309,loss,-33.29626915273472,33.29626915273472,49.944403729102085,long
45341,45356,win,49.944403729102085,33.29626915273472,49.944403729102085,short
45392,45400,loss,-33.29626915273472,33.29626915273472,49.944403729102085,long
45427,45434,loss,-33.29626915273472,33.29626915273472,49.944403729102085,short
45466,45468,loss,-33.29626915273472,33.29626915273472,49.944403729102085,short
45497,45503,loss,-33.29626915273472,33.29626915273472,49.944403729102085,short
45552,45562,win,49.944403729102085,33.29626915273472,49.944403729102085,long
45564,45574,loss,-33.29626915273472,33.29626915273472,49.944403729102085,long
45578,45581,loss,-33.29626915273472,33.29626915273472,49.944403729102085,long
45584,45599,win,49.944403729102085,33.29626915273472,49.944403729102085,long
45602,45603,loss,-33.29626915273472,33.29626915273472,49.944403729102085,long
45616,45637,win,49.944403729102085,33.29626915273472,49.944403729102085,short
45641,45642,loss,-33.29626915273472,33.29626915273472,49.944403729102085,short
45643,45644,loss,-33.29626915273472,33.29626915273472,49.944403729102085,short
45654,45655,win,49.944403729102085,33.29626915273472,49.944403729102085,long
45656,45658,win,49.944403729102085,33.29626915273472,49.944403729102085,long
45661,45663,loss,-33.29626915273472,33.29626915273472,49.944403729102085,long
45728,45731,loss,-33.29626915273472,33.29626915273472,49.944403729102085,long
45736,45739,loss,-33.29626915273472,33.29626915273472,49.944403729102085,long
45761,45781,win,49.944403729102085,33.29626915273472,49.944403729102085,short
45784,45812,loss,-33.29626915273472,33.29626915273472,49.944403729102085,short
45829,45830,win,49.944403729102085,33.29626915273472,49.944403729102085,short
45842,45848,win,49.944403729102085,33.29626915273472,49.944403729102085,long
45924,45931,win,49.944403729102085,33.29626915273472,49.944403729102085,long
45933,45934,loss,-33.29626915273472,33.29626915273472,49.944403729102085,long
45935,45936,loss,-33.29626915273472,33.29626915273472,49.944403729102085,long
45946,45952,loss,-33.29626915273472,33.29626915273472,49.944403729102085,short
46028,46053,win,49.944403729102085,33.29626915273472,49.944403729102085,short
46061,46062,win,49.944403729102085,33.29626915273472,49.944403729102085,long
46063,46083,win,49.944403729102085,33.29626915273472,49.944403729102085,long
46086,46087,win,49.944403729102085,33.29626915273472,49.944403729102085,short
46089,46091,loss,-33.29626915273472,33.29626915273472,49.944403729102085,short
46096,46104,loss,-33.29626915273472,33.29626915273472,49.944403729102085,short
46146,46158,win,49.944403729102085,33.29626915273472,49.944403729102085,long
46160,46173,loss,-33.29626915273472,33.29626915273472,49.944403729102085,short
46194,46196,loss,-33.29626915273472,33.29626915273472,49.944403729102085,long
46242,46244,win,49.944403729102085,33.29626915273472,49.944403729102085,long
46258,46260,loss,-33.29626915273472,33.29626915273472,49.944403729102085,short
46277,46297,win,49.944403729102085,33.29626915273472,49.944403729102085,short
46299,46310,loss,-33.29626915273472,33.29626915273472,49.944403729102085,short
46327,46333,loss,-33.29626915273472,33.29626915273472,49.944403729102085,long
46361,46375,loss,-33.29626915273472,33.29626915273472,49.944403729102085,short
46379,46387,loss,-33.29626915273472,33.29626915273472,49.944403729102085,long
46388,46411,loss,-33.29626915273472,33.29626915273472,49.944403729102085,short
46412,46413,loss,-33.29626915273472,33.29626915273472,49.944403729102085,long
46429,46430,loss,-33.29626915273472,33.29626915273472,49.944403729102085,short
46444,46451,win,49.944403729102085,33.29626915273472,49.944403729102085,long
46519,46520,win,49.944403729102085,33.29626915273472,49.944403729102085,long
46522,46531,win,49.944403729102085,33.29626915273472,49.944403729102085,long
46532,46535,loss,-33.29626915273472,33.29626915273472,49.944403729102085,long
46581,46593,win,49.944403729102085,33.29626915273472,49.944403729102085,short
46599,46600,win,49.944403729102085,33.29626915273472,49.944403729102085,short
46601,46604,win,49.944403729102085,33.29626915273472,49.944403729102085,short
46605,46611,win,49.944403729102085,33.29626915273472,49.944403729102085,short
46621,46626,loss,-33.29626915273472,33.29626915273472,49.944403729102085,long
46630,46646,loss,-33.29626915273472,33.29626915273472,49.944403729102085,long
46661,46668,loss,-33.29626915273472,33.29626915273472,49.944403729102085,long
46674,46675,win,49.944403729102085,33.29626915273472,49.944403729102085,short
46676,46681,loss,-33.29626915273472,33.29626915273472,49.944403729102085,short
46737,46738,loss,-33.29626915273472,33.29626915273472,49.944403729102085,long
46741,46742,win,49.944403729102085,33.29626915273472,49.944403729102085,long
46746,46763,win,49.944403729102085,33.29626915273472,49.944403729102085,long
46818,46834,win,49.944403729102085,33.29626915273472,49.944403729102085,long
46848,46866,win,49.944403729102085,33.29626915273472,49.944403729102085,short
46880,46882,loss,-33.29626915273472,33.29626915273472,49.944403729102085,short
46894,46911,loss,-33.29626915273472,33.29626915273472,49.944403729102085,long
46926,46940,loss,-33.29626915273472,33.29626915273472,49.944403729102085,long
46941,46943,loss,-33.29626915273472,33.29626915273472,49.944403729102085,short
46988,46989,loss,-33.29626915273472,33.29626915273472,49.944403729102085,short
46994,46998,win,49.944403729102085,33.29626915273472,49.944403729102085,short
46999,47004,win,49.944403729102085,33.29626915273472,49.944403729102085,short
47047,47061,loss,-33.29626915273472,33.29626915273472,49.944403729102085,long
47063,47064,loss,-33.29626915273472,33.29626915273472,49.944403729102085,short
47086,47087,loss,-33.29626915273472,33.29626915273472,49.944403729102085,long
47088,47091,loss,-33.29626915273472,33.29626915273472,49.944403729102085,long
47106,47110,win,49.944403729102085,33.29626915273472,49.944403729102085,long
47111,47114,loss,-33.29626915273472,33.29626915273472,49.944403729102085,long
47139,47143,win,49.944403729102085,33.29626915273472,49.944403729102085,short
47144,47146,loss,-33.29626915273472,33.29626915273472,49.944403729102085,short
47151,47155,loss,-33.29626915273472,33.29626915273472,49.944403729102085,short
47190,47206,win,49.944403729102085,33.29626915273472,49.944403729102085,long
47233,47238,loss,-33.29626915273472,33.29626915273472,49.944403729102085,short
47255,47258,win,49.944403729102085,33.29626915273472,49.944403729102085,short
47259,47262,loss,-33.29626915273472,33.29626915273472,49.944403729102085,short
47276,47280,loss,-33.29626915273472,33.29626915273472,49.944403729102085,long
47305,47307,win,49.944403729102085,33.29626915273472,49.944403729102085,long
47308,47309,loss,-33.29626915273472,33.29626915273472,49.944403729102085,long
47310,47311,win,49.944403729102085,33.29626915273472,49.944403729102085,long
47312,47313,win,49.944403729102085,33.29626915273472,49.944403729102085,long
47314,47319,loss,-33.29626915273472,33.29626915273472,49.944403729102085,long
47337,47340,loss,-33.29626915273472,33.29626915273472,49.944403729102085,short
47384,47413,win,49.944403729102085,33.29626915273472,49.944403729102085,short
47417,47425,loss,-33.29626915273472,33.29626915273472,49.944403729102085,short
47429,47430,loss,-33.29626915273472,33.29626915273472,49.944403729102085,short
47436,47437,win,49.944403729102085,33.29626915273472,49.944403729102085,short
47442,47444,loss,-33.29626915273472,33.29626915273472,49.944403729102085,short
47479,47481,win,49.944403729102085,33.29626915273472,49.944403729102085,long
47482,47484,win,49.944403729102085,33.29626915273472,49.944403729102085,long
47505,47517,loss,-33.29626915273472,33.29626915273472,49.944403729102085,long
47558,47560,loss,-33.29626915273472,33.29626915273472,49.944403729102085,short
47570,47572,loss,-33.29626915273472,33.29626915273472,49.944403729102085,short
47583,47585,win,49.944403729102085,33.29626915273472,49.944403729102085,long
47629,47630,loss,-33.29626915273472,33.29626915273472,49.944403729102085,short
47634,47638,loss,-33.29626915273472,33.29626915273472,49.944403729102085,short
47646,47649,loss,-33.29626915273472,33.29626915273472,49.944403729102085,long
47651,47660,loss,-33.29626915273472,33.29626915273472,49.944403729102085,long
47707,47712,loss,-33.29626915273472,33.29626915273472,49.944403729102085,short
47713,47718,win,49.944403729102085,33.29626915273472,49.944403729102085,short
47772,47774,win,49.944403729102085,33.29626915273472,49.944403729102085,long
47775,47777,loss,-33.29626915273472,33.29626915273472,49.944403729102085,long
47781,47802,win,49.944403729102085,33.29626915273472,49.944403729102085,long
47816,47829,loss,-33.29626915273472,33.29626915273472,49.944403729102085,short
47844,47846,win,49.944403729102085,33.29626915273472,49.944403729102085,short
47847,47851,loss,-33.29626915273472,33.29626915273472,49.944403729102085,short
47896,47899,loss,-33.29626915273472,33.29626915273472,49.944403729102085,long
47910,47913,win,49.944403729102085,33.29626915273472,49.944403729102085,short
47914,47915,loss,-33.29626915273472,33.29626915273472,49.944403729102085,short
47961,47967,loss,-33.29626915273472,33.29626915273472,49.944403729102085,long
47982,47983,win,49.944403729102085,33.29626915273472,49.944403729102085,long
47988,47989,win,49.944403729102085,33.29626915273472,49.944403729102085,long
47990,47991,loss,-33.29626915273472,33.29626915273472,49.944403729102085,long
48048,48051,win,49.944403729102085,33.29626915273472,49.944403729102085,short
48059,48060,win,49.944403729102085,33.29626915273472,49.944403729102085,long
48061,48062,win,49.944403729102085,33.29626915273472,49.944403729102085,long
48065,48119,loss,-33.29626915273472,33.29626915273472,49.944403729102085,long
48120,48121,loss,-33.29626915273472,33.29626915273472,49.944403729102085,short
48135,48147,loss,-33.29626915273472,33.29626915273472,49.944403729102085,short
48148,48175,loss,-33.29626915273472,33.29626915273472,49.944403729102085,long
48194,48228,win,49.944403729102085,33.29626915273472,49.944403729102085,long
48257,48260,loss,-33.29626915273472,33.29626915273472,49.944403729102085,short
48264,48269,loss,-33.29626915273472,33.29626915273472,49.944403729102085,long
48272,48278,loss,-33.29626915273472,33.29626915273472,49.944403729102085,long
48281,48319,win,49.944403729102085,33.29626915273472,49.944403729102085,short
48320,48328,win,49.944403729102085,33.29626915273472,49.944403729102085,short
48329,48331,loss,-33.29626915273472,33.29626915273472,49.944403729102085,short
48348,48355,loss,-33.29626915273472,33.29626915273472,49.944403729102085,long
48399,48403,loss,-33.29626915273472,33.29626915273472,49.944403729102085,short
48412,48419,win,49.944403729102085,33.29626915273472,49.944403729102085,short
48421,48422,loss,-33.29626915273472,33.29626915273472,49.944403729102085,short
48435,48452,win,49.944403729102085,33.29626915273472,49.944403729102085,long
48468,48469,loss,-33.29626915273472,33.29626915273472,49.944403729102085,short
48493,48502,loss,-33.29626915273472,33.29626915273472,49.944403729102085,long
48549,48555,loss,-33.29626915273472,33.29626915273472,49.944403729102085,short
48557,48560,win,49.944403729102085,33.29626915273472,49.944403729102085,short
48569,48572,loss,-33.29626915273472,33.29626915273472,49.944403729102085,short
48595,48603,loss,-33.29626915273472,33.29626915273472,49.944403729102085,short
48609,48610,win,49.944403729102085,33.29626915273472,49.944403729102085,long
48616,48623,win,49.944403729102085,33.29626915273472,49.944403729102085,long
48682,48684,loss,-33.29626915273472,33.29626915273472,49.944403729102085,short
48693,48710,win,49.944403729102085,33.29626915273472,49.944403729102085,long
48730,48731,loss,-33.29626915273472,33.29626915273472,49.944403729102085,long
48740,48741,win,49.944403729102085,33.29626915273472,49.944403729102085,long
48811,48814,loss,-33.29626915273472,33.29626915273472,49.944403729102085,short
48821,48844,loss,-33.29626915273472,33.29626915273472,49.944403729102085,short
48940,48946,loss,-33.29626915273472,33.29626915273472,49.944403729102085,short
48952,48958,win,49.944403729102085,33.29626915273472,49.944403729102085,long
48959,48997,loss,-33.29626915273472,33.29626915273472,49.944403729102085,long
49003,49009,win,49.944403729102085,33.29626915273472,49.944403729102085,short
49029,49037,loss,-33.29626915273472,33.29626915273472,49.944403729102085,long
49062,49073,win,49.944403729102085,33.29626915273472,49.944403729102085,long
49074,49076,loss,-33.29626915273472,33.29626915273472,49.944403729102085,long
49090,49092,loss,-33.29626915273472,33.29626915273472,49.944403729102085,long
49114,49141,win,49.944403729102085,33.29626915273472,49.944403729102085,short
49155,49160,loss,-33.29626915273472,33.29626915273472,49.944403729102085,short
49165,49174,win,49.944403729102085,33.29626915273472,49.944403729102085,long
49189,49193,loss,-33.29626915273472,33.29626915273472,49.944403729102085,short
49233,49236,loss,-33.29626915273472,33.29626915273472,49.944403729102085,long
49248,49264,loss,-33.29626915273472,33.29626915273472,49.944403729102085,short
49265,49274,loss,-33.29626915273472,33.29626915273472,49.944403729102085,long
49281,49289,loss,-33.29626915273472,33.29626915273472,49.944403729102085,short
49345,49354,win,49.944403729102085,33.29626915273472,49.944403729102085,long
49356,49363,win,49.944403729102085,33.29626915273472,49.944403729102085,long
49364,49379,loss,-33.29626915273472,33.29626915273472,49.944403729102085,long
49381,49382,win,49.944403729102085,33.29626915273472,49.944403729102085,short
49473,49492,loss,-33.29626915273472,33.29626915273472,49.944403729102085,long
49500,49504,loss,-33.29626915273472,33.29626915273472,49.944403729102085,short
49521,49565,win,49.944403729102085,33.29626915273472,49.944403729102085,long
49569,49571,loss,-33.29626915273472,33.29626915273472,49.944403729102085,long
49576,49585,loss,-33.29626915273472,33.29626915273472,49.944403729102085,long
49586,49626,win,49.944403729102085,33.29626915273472,49.944403729102085,short
49640,49642,loss,-33.29626915273472,33.29626915273472,49.944403729102085,long
49654,49678,loss,-33.29626915273472,33.29626915273472,49.944403729102085,short
49696,49712,loss,-33.29626915273472,33.29626915273472,49.944403729102085,long
49751,49756,loss,-33.29626915273472,33.29626915273472,49.944403729102085,short
49771,49777,loss,-33.29626915273472,33.29626915273472,49.944403729102085,short
49778,49779,loss,-33.29626915273472,33.29626915273472,49.944403729102085,long
49780,49781,loss,-33.29626915273472,33.29626915273472,49.944403729102085,short
49791,49835,loss,-33.29626915273472,33.29626915273472,49.944403729102085,short
49849,49852,win,49.944403729102085,33.29626915273472,49.944403729102085,short
49853,49855,win,49.944403729102085,33.29626915273472,49.944403729102085,short
49862,49868,loss,-33.29626915273472,33.29626915273472,49.944403729102085,short
49872,49879,loss,-33.29626915273472,33.29626915273472,49.944403729102085,long
49969,49971,loss,-33.29626915273472,33.29626915273472,49.944403729102085,long
49977,49995,loss,-33.29626915273472,33.29626915273472,49.944403729102085,long
50000,50004,win,49.944403729102085,33.29626915273472,49.944403729102085,short
50005,50006,loss,-33.29626915273472,33.29626915273472,49.944403729102085,short
50040,50051,loss,-33.29626915273472,33.29626915273472,49.944403729102085,long
50081,50085,win,49.944403729102085,33.29626915273472,49.944403729102085,long
50124,50125,loss,-33.29626915273472,33.29626915273472,49.944403729102085,short
50180,50197,loss,-33.29626915273472,33.29626915273472,49.944403729102085,short
50199,50202,loss,-33.29626915273472,33.29626915273472,49.944403729102085,long
50206,50230,loss,-33.29626915273472,33.29626915273472,49.944403729102085,long
50264,50266,loss,-33.29626915273472,33.29626915273472,49.944403729102085,short
50274,50328,win,49.944403729102085,33.29626915273472,49.944403729102085,short
50330,50386,loss,-33.29626915273472,33.29626915273472,49.944403729102085,long
50387,50398,win,49.944403729102085,33.29626915273472,49.944403729102085,short
50399,50408,win,49.944403729102085,33.29626915273472,49.944403729102085,short
50412,50416,loss,-33.29626915273472,33.29626915273472,49.944403729102085,long
50420,50421,loss,-33.29626915273472,33.29626915273472,49.944403729102085,long
50424,50426,loss,-33.29626915273472,33.29626915273472,49.944403729102085,short
50548,50555,loss,-33.29626915273472,33.29626915273472,49.944403729102085,long
50556,50569,win,49.944403729102085,33.29626915273472,49.944403729102085,short
50572,50574,loss,-33.29626915273472,33.29626915273472,49.944403729102085,short
50590,50612,win,49.944403729102085,33.29626915273472,49.944403729102085,short
50613,50615,win,49.944403729102085,33.29626915273472,49.944403729102085,long
50616,50624,loss,-33.29626915273472,33.29626915273472,49.944403729102085,long
50626,50629,win,49.944403729102085,33.29626915273472,49.944403729102085,long
50631,50638,win,49.944403729102085,33.29626915273472,49.944403729102085,long
50639,50644,loss,-33.29626915273472,33.29626915273472,49.944403729102085,long
50677,50683,win,49.944403729102085,33.29626915273472,49.944403729102085,short
50684,50693,win,49.944403729102085,33.29626915273472,49.944403729102085,short
50710,50739,win,49.944403729102085,33.29626915273472,49.944403729102085,long
50740,50753,loss,-33.29626915273472,33.29626915273472,49.944403729102085,long
50754,50760,win,49.944403729102085,33.29626915273472,49.944403729102085,short
50761,50777,win,49.944403729102085,33.29626915273472,49.944403729102085,short
50809,50861,win,49.944403729102085,33.29626915273472,49.944403729102085,long
50862,50867,loss,-33.29626915273472,33.29626915273472,49.944403729102085,long
50874,50894,loss,-33.29626915273472,33.29626915273472,49.944403729102085,long
50907,50924,win,49.944403729102085,33.29626915273472,49.944403729102085,short
50925,50934,win,49.944403729102085,33.29626915273472,49.944403729102085,short
50943,50949,win,49.944403729102085,33.29626915273472,49.944403729102085,short
50952,50956,win,49.944403729102085,33.29626915273472,49.944403729102085,short
50969,50972,loss,-33.29626915273472,33.29626915273472,49.944403729102085,long
50990,50997,loss,-33.29626915273472,33.29626915273472,49.944403729102085,long
51025,51056,loss,-33.29626915273472,33.29626915273472,49.944403729102085,long
51058,51073,loss,-33.29626915273472,33.29626915273472,49.944403729102085,short
51074,51075,win,49.944403729102085,33.29626915273472,49.944403729102085,long
51076,51086,win,49.944403729102085,33.29626915273472,49.944403729102085,long
51087,51088,win,49.944403729102085,33.29626915273472,49.944403729102085,long
51103,51107,loss,-33.29626915273472,33.29626915273472,49.944403729102085,short
51144,51150,win,49.944403729102085,33.29626915273472,49.944403729102085,short
51157,51161,loss,-33.29626915273472,33.29626915273472,49.944403729102085,long
51214,51215,loss,-33.29626915273472,33.29626915273472,49.944403729102085,short
51216,51217,loss,-33.29626915273472,33.29626915273472,49.944403729102085,long
51228,51231,loss,-33.29626915273472,33.29626915273472,49.944403729102085,long
51285,51302,win,49.944403729102085,33.29626915273472,49.944403729102085,long
51305,51332,win,49.944403729102085,33.29626915273472,49.944403729102085,long
51333,51339,loss,-33.29626915273472,33.29626915273472,49.944403729102085,long
51351,51354,win,49.944403729102085,33.29626915273472,49.944403729102085,long
51355,51359,loss,-33.29626915273472,33.29626915273472,49.944403729102085,long
51370,51373,loss,-33.29626915273472,33.29626915273472,49.944403729102085,short
51388,51422,loss,-33.29626915273472,33.29626915273472,49.944403729102085,short
51424,51426,loss,-33.29626915273472,33.29626915273472,49.944403729102085,long
51439,51473,loss,-33.29626915273472,33.29626915273472,49.944403729102085,short
51478,51485,win,49.944403729102085,33.29626915273472,49.944403729102085,short
51486,51492,win,49.944403729102085,33.29626915273472,49.944403729102085,short
51529,51544,loss,-33.29626915273472,33.29626915273472,49.944403729102085,long
51556,51558,loss,-33.29626915273472,33.29626915273472,49.944403729102085,long
51560,51566,win,49.944403729102085,33.29626915273472,49.944403729102085,long
51611,51616,win,49.944403729102085,33.29626915273472,49.944403729102085,short
51617,51619,loss,-33.29626915273472,33.29626915273472,49.944403729102085,short
51630,51635,win,49.944403729102085,33.29626915273472,49.944403729102085,long
51636,51638,win,49.944403729102085,33.29626915273472,49.944403729102085,long
51654,51676,loss,-33.29626915273472,33.29626915273472,49.944403729102085,short
51690,51698,win,49.944403729102085,33.29626915273472,49.944403729102085,short
51717,51728,loss,-33.29626915273472,33.29626915273472,49.944403729102085,short
51765,51778,loss,-33.29626915273472,33.29626915273472,49.944403729102085,long
51783,51784,win,49.944403729102085,33.29626915273472,49.944403729102085,long
51785,51786,loss,-33.29626915273472,33.29626915273472,49.944403729102085,short
51789,51790,win,49.944403729102085,33.29626915273472,49.944403729102085,short
51791,51797,loss,-33.29626915273472,33.29626915273472,49.944403729102085,short
51874,51908,win,49.944403729102085,33.29626915273472,49.944403729102085,long
51912,51928,loss,-33.29626915273472,33.29626915273472,49.944403729102085,long
51946,51961,loss,-33.29626915273472,33.29626915273472,49.944403729102085,short
51965,51972,loss,-33.29626915273472,33.29626915273472,49.944403729102085,short
51981,51983,loss,-33.29626915273472,33.29626915273472,49.944403729102085,long
52049,52070,win,49.944403729102085,33.29626915273472,49.944403729102085,long
52077,52106,loss,-33.29626915273472,33.29626915273472,49.944403729102085,long
52140,52147,loss,-33.29626915273472,33.29626915273472,49.944403729102085,short
52148,52157,loss,-33.29626915273472,33.29626915273472,49.944403729102085,long
52180,52195,win,49.944403729102085,33.29626915273472,49.944403729102085,short
52198,52217,loss,-33.29626915273472,33.29626915273472,49.944403729102085,short
52220,52232,loss,-33.29626915273472,33.29626915273472,49.944403729102085,long
52235,52262,loss,-33.29626915273472,33.29626915273472,49.944403729102085,short
52272,52283,loss,-33.29626915273472,33.29626915273472,49.944403729102085,long
52285,52288,loss,-33.29626915273472,33.29626915273472,49.944403729102085,short
52289,52294,loss,-33.29626915273472,33.29626915273472,49.944403729102085,long
52298,52300,loss,-33.29626915273472,33.29626915273472,49.944403729102085,long
52301,52310,loss,-33.29626915273472,33.29626915273472,49.944403729102085,long
52423,52426,loss,-33.29626915273472,33.29626915273472,49.944403729102085,long
52446,52455,loss,-33.29626915273472,33.29626915273472,49.944403729102085,short
52460,52461,loss,-33.29626915273472,33.29626915273472,49.944403729102085,short
52474,52503,win,49.944403729102085,33.29626915273472,49.944403729102085,long
52530,52536,loss,-33.29626915273472,33.29626915273472,49.944403729102085,short
52546,52553,loss,-33.29626915273472,33.29626915273472,49.944403729102085,long
52591,52592,loss,-33.29626915273472,33.29626915273472,49.944403729102085,long
52672,52676,loss,-33.29626915273472,33.29626915273472,49.944403729102085,short
52698,52731,loss,-33.29626915273472,33.29626915273472,49.944403729102085,long
52735,52745,win,49.944403729102085,33.29626915273472,49.944403729102085,long
52787,52806,loss,-33.29626915273472,33.29626915273472,49.944403729102085,short
52862,52867,loss,-33.29626915273472,33.29626915273472,49.944403729102085,short
52876,52881,loss,-33.29626915273472,33.29626915273472,49.944403729102085,short
52882,52901,win,49.944403729102085,33.29626915273472,49.944403729102085,short
52943,52954,loss,-33.29626915273472,33.29626915273472,49.944403729102085,long
52990,53005,loss,-33.29626915273472,33.29626915273472,49.944403729102085,short
53007,53070,loss,-33.29626915273472,33.29626915273472,49.944403729102085,long
53074,53083,win,49.944403729102085,33.29626915273472,49.944403729102085,long
53084,53100,win,49.944403729102085,33.29626915273472,49.944403729102085,long
53101,53112,loss,-33.29626915273472,33.29626915273472,49.944403729102085,long
53189,53197,win,49.944403729102085,33.29626915273472,49.944403729102085,short
53198,53201,win,49.944403729102085,33.29626915273472,49.944403729102085,short
53215,53257,loss,-33.29626915273472,33.29626915273472,49.944403729102085,long
53299,53317,loss,-33.29626915273472,33.29626915273472,49.944403729102085,short
53320,53328,win,49.944403729102085,33.29626915273472,49.944403729102085,long
53329,53339,win,49.944403729102085,33.29626915273472,49.944403729102085,long
53340,53344,win,49.944403729102085,33.29626915273472,49.944403729102085,long
53368,53402,loss,-33.29626915273472,33.29626915273472,49.944403729102085,short
53403,53408,loss,-33.29626915273472,33.29626915273472,49.944403729102085,long
53417,53423,loss,-33.29626915273472,33.29626915273472,49.944403729102085,short
53436,53440,loss,-33.29626915273472,33.29626915273472,49.944403729102085,long
53477,53489,loss,-33.29626915273472,33.29626915273472,49.944403729102085,short
53495,53501,loss,-33.29626915273472,33.29626915273472,49.944403729102085,short
53508,53524,win,49.944403729102085,33.29626915273472,49.944403729102085,long
53561,53568,loss,-33.29626915273472,33.29626915273472,49.944403729102085,short
53571,53572,loss,-33.29626915273472,33.29626915273472,49.944403729102085,long
53611,53616,win,49.944403729102085,33.29626915273472,49.944403729102085,long
53618,53626,loss,-33.29626915273472,33.29626915273472,49.944403729102085,long
53632,53633,win,49.944403729102085,33.29626915273472,49.944403729102085,short
53673,53684,win,49.944403729102085,33.29626915273472,49.944403729102085,short
53685,53689,loss,-33.29626915273472,33.29626915273472,49.944403729102085,short
53747,53753,win,49.944403729102085,33.29626915273472,49.944403729102085,long
53762,53799,loss,-33.29626915273472,33.29626915273472,49.944403729102085,short
53827,53834,loss,-33.29626915273472,33.29626915273472,49.944403729102085,long
53842,53850,loss,-33.29626915273472,33.29626915273472,49.944403729102085,short
53892,53895,loss,-33.29626915273472,33.29626915273472,49.944403729102085,short
53910,53956,win,49.944403729102085,33.29626915273472,49.944403729102085,long
53959,53960,win,49.944403729102085,33.29626915273472,49.944403729102085,long
53974,53979,loss,-33.29626915273472,33.29626915273472,49.944403729102085,short
54030,54032,loss,-33.29626915273472,33.29626915273472,49.944403729102085,long
54036,54048,loss,-33.29626915273472,33.29626915273472,49.944403729102085,short
54104,54124,win,49.944403729102085,33.29626915273472,49.944403729102085,long
54198,54203,win,49.944403729102085,33.29626915273472,49.944403729102085,long
54204,54206,loss,-33.29626915273472,33.29626915273472,49.944403729102085,long
54217,54234,loss,-33.29626915273472,33.29626915273472,49.944403729102085,short
54237,54241,loss,-33.29626915273472,33.29626915273472,49.944403729102085,short
54311,54327,loss,-33.29626915273472,33.29626915273472,49.944403729102085,long
54377,54391,win,49.944403729102085,33.29626915273472,49.944403729102085,long
54416,54435,win,49.944403729102085,33.29626915273472,49.944403729102085,long
54438,54444,loss,-33.29626915273472,33.29626915273472,49.944403729102085,long
54446,54470,win,49.944403729102085,33.29626915273472,49.944403729102085,long
54476,54487,loss,-33.29626915273472,33.29626915273472,49.944403729102085,long
54490,54511,loss,-33.29626915273472,33.29626915273472,49.944403729102085,short
54542,54560,win,49.944403729102085,33.29626915273472,49.944403729102085,short
54575,54603,loss,-33.29626915273472,33.29626915273472,49.944403729102085,long
54657,54660,win,49.944403729102085,33.29626915273472,49.944403729102085,short
54661,54665,loss,-33.29626915273472,33.29626915273472,49.944403729102085,short
54692,54706,loss,-33.29626915273472,33.29626915273472,49.944403729102085,long
54720,54727,win,49.944403729102085,33.29626915273472,49.944403729102085,long
54728,54740,loss,-33.29626915273472,33.29626915273472,49.944403729102085,long
54747,54758,loss,-33.29626915273472,33.29626915273472,49.944403729102085,short
54792,54800,loss,-33.29626915273472,33.29626915273472,49.944403729102085,long
54809,54823,loss,-33.29626915273472,33.29626915273472,49.944403729102085,short
54829,54835,win,49.944403729102085,33.29626915273472,49.944403729102085,long
54880,54900,loss,-33.29626915273472,33.29626915273472,49.944403729102085,short
54921,54961,win,49.944403729102085,33.29626915273472,49.944403729102085,long
54976,54982,win,49.944403729102085,33.29626915273472,49.944403729102085,short
54983,54984,loss,-33.29626915273472,33.29626915273472,49.944403729102085,short
54991,54997,loss,-33.29626915273472,33.29626915273472,49.944403729102085,short
55008,55016,loss,-33.29626915273472,33.29626915273472,49.944403729102085,long
55049,55070,loss,-33.29626915273472,33.29626915273472,49.944403729102085,long
55073,55128,win,49.944403729102085,33.29626915273472,49.944403729102085,short
55134,55143,loss,-33.29626915273472,33.29626915273472,49.944403729102085,short
55148,55150,win,49.944403729102085,33.29626915273472,49.944403729102085,long
55151,55172,win,49.944403729102085,33.29626915273472,49.944403729102085,long
55238,55255,win,49.944403729102085,33.29626915273472,49.944403729102085,short
55270,55281,loss,-33.29626915273472,33.29626915273472,49.944403729102085,long
55334,55376,loss,-33.29626915273472,33.29626915273472,49.944403729102085,long
55377,55400,loss,-33.29626915273472,33.29626915273472,49.944403729102085,short
55401,55408,win,49.944403729102085,33.29626915273472,49.944403729102085,long
55409,55452,loss,-33.29626915273472,33.29626915273472,49.944403729102085,long
55453,55466,loss,-33.29626915273472,33.29626915273472,49.944403729102085,short
55467,55468,loss,-33.29626915273472,33.29626915273472,49.944403729102085,short
55470,55472,loss,-33.29626915273472,33.29626915273472,49.944403729102085,short
55484,55498,loss,-33.29626915273472,33.29626915273472,49.944403729102085,long
55533,55537,loss,-33.29626915273472,33.29626915273472,49.944403729102085,long
55596,55614,loss,-33.29626915273472,33.29626915273472,49.944403729102085,long
55615,55619,loss,-33.29626915273472,33.29626915273472,49.944403729102085,short
55640,55655,win,49.944403729102085,33.29626915273472,49.944403729102085,long
55717,55722,loss,-33.29626915273472,33.29626915273472,49.944403729102085,long
55724,55726,loss,-33.29626915273472,33.29626915273472,49.944403729102085,short
55742,55744,loss,-33.29626915273472,33.29626915273472,49.944403729102085,short
55790,55797,loss,-33.29626915273472,33.29626915273472,49.944403729102085,short
55810,55812,win,49.944403729102085,33.29626915273472,49.944403729102085,long
55813,55820,loss,-33.29626915273472,33.29626915273472,49.944403729102085,long
55827,55831,loss,-33.29626915273472,33.29626915273472,49.944403729102085,short
55838,55839,win,49.944403729102085,33.29626915273472,49.944403729102085,long
55891,55898,win,49.944403729102085,33.29626915273472,49.944403729102085,short
55900,55916,win,49.944403729102085,33.29626915273472,49.944403729102085,short
55940,55946,loss,-33.29626915273472,33.29626915273472,49.944403729102085,long
55962,55964,loss,-33.29626915273472,33.29626915273472,49.944403729102085,long
55965,55969,loss,-33.29626915273472,33.29626915273472,49.944403729102085,long
56007,56019,win,49.944403729102085,33.29626915273472,49.944403729102085,short
56036,56038,win,49.944403729102085,33.29626915273472,49.944403729102085,short
56043,56053,loss,-33.29626915273472,33.29626915273472,49.944403729102085,short
56060,56070,loss,-33.29626915273472,33.29626915273472,49.944403729102085,long
56100,56108,loss,-33.29626915273472,33.29626915273472,49.944403729102085,long
56145,56148,loss,-33.29626915273472,33.29626915273472,49.944403729102085,long
56151,56156,loss,-33.29626915273472,33.29626915273472,49.944403729102085,long
56182,56187,loss,-33.29626915273472,33.29626915273472,49.944403729102085,short
56232,56272,loss,-33.29626915273472,33.29626915273472,49.944403729102085,short
56283,56292,loss,-33.29626915273472,33.29626915273472,49.944403729102085,long
56349,56363,loss,-33.29626915273472,33.29626915273472,49.944403729102085,long
56365,56370,win,49.944403729102085,33.29626915273472,49.944403729102085,short
56371,56394,loss,-33.29626915273472,33.29626915273472,49.944403729102085,short
56395,56414,loss,-33.29626915273472,33.29626915273472,49.944403729102085,long
56500,56505,loss,-33.29626915273472,33.29626915273472,49.944403729102085,short
56515,56527,win,49.944403729102085,33.29626915273472,49.944403729102085,long
56528,56552,loss,-33.29626915273472,33.29626915273472,49.944403729102085,long
56578,56585,win,49.944403729102085,33.29626915273472,49.944403729102085,short
56586,56605,win,49.944403729102085,33.29626915273472,49.944403729102085,short
56619,56644,loss,-33.29626915273472,33.29626915273472,49.944403729102085,long
56706,56764,loss,-33.29626915273472,33.29626915273472,49.944403729102085,long
56765,56778,win,49.944403729102085,33.29626915273472,49.944403729102085,short
56787,56834,win,49.944403729102085,33.29626915273472,49.944403729102085,long
56835,56846,loss,-33.29626915273472,33.29626915273472,49.944403729102085,long
56847,56854,win,49.944403729102085,33.29626915273472,49.944403729102085,long
56855,56863,loss,-33.29626915273472,33.29626915273472,49.944403729102085,long
56891,56924,win,49.944403729102085,33.29626915273472,49.944403729102085,short
56926,56951,loss,-33.29626915273472,33.29626915273472,49.944403729102085,short
56964,56972,win,49.944403729102085,33.29626915273472,49.944403729102085,long
56973,56989,loss,-33.29626915273472,33.29626915273472,49.944403729102085,long
57046,57050,win,49.944403729102085,33.29626915273472,49.944403729102085,short
57051,57060,loss,-33.29626915273472,33.29626915273472,49.944403729102085,short
57070,57071,win,49.944403729102085,33.29626915273472,49.944403729102085,long
57123,57126,loss,-33.29626915273472,33.29626915273472,49.944403729102085,short
57133,57137,loss,-33.29626915273472,33.29626915273472,49.944403729102085,short
57188,57192,loss,-33.29626915273472,33.29626915273472,49.944403729102085,long
57217,57257,loss,-33.29626915273472,33.29626915273472,49.944403729102085,long
57299,57311,win,49.944403729102085,33.29626915273472,49.944403729102085,short
57312,57314,win,49.944403729102085,33.29626915273472,49.944403729102085,short
57323,57329,win,49.944403729102085,33.29626915273472,49.944403729102085,short
57330,57334,loss,-33.29626915273472,33.29626915273472,49.944403729102085,short
57343,57364,loss,-33.29626915273472,33.29626915273472,49.944403729102085,long
57450,57463,loss,-33.29626915273472,33.29626915273472,49.944403729102085,short
57464,57472,loss,-33.29626915273472,33.29626915273472,49.944403729102085,long
57479,57494,win,49.944403729102085,33.29626915273472,49.944403729102085,short
57500,57502,loss,-33.29626915273472,33.29626915273472,49.944403729102085,long
57503,57505,win,49.944403729102085,33.29626915273472,49.944403729102085,short
57514,57522,loss,-33.29626915273472,33.29626915273472,49.944403729102085,short
57575,57585,loss,-33.29626915273472,33.29626915273472,49.944403729102085,short
57610,57614,win,49.944403729102085,33.29626915273472,49.944403729102085,short
57669,57677,loss,-33.29626915273472,33.29626915273472,49.944403729102085,long
57681,57712,loss,-33.29626915273472,33.29626915273472,49.944403729102085,short
57736,57739,win,49.944403729102085,33.29626915273472,49.944403729102085,short
57740,57745,loss,-33.29626915273472,33.29626915273472,49.944403729102085,short
57747,57749,loss,-33.29626915273472,33.29626915273472,49.944403729102085,long
57750,57798,win,49.944403729102085,33.29626915273472,49.944403729102085,long
57823,57835,loss,-33.29626915273472,33.29626915273472,49.944403729102085,short
57861,57886,win,49.944403729102085,33.29626915273472,49.944403729102085,short
57887,57894,loss,-33.29626915273472,33.29626915273472,49.944403729102085,short
57939,57943,loss,-33.29626915273472,33.29626915273472,49.944403729102085,short
57951,57953,win,49.944403729102085,33.29626915273472,49.944403729102085,long
57954,57966,loss,-33.29626915273472,33.29626915273472,49.944403729102085,long
58003,58019,loss,-33.29626915273472,33.29626915273472,49.944403729102085,short
58020,58021,loss,-33.29626915273472,33.29626915273472,49.944403729102085,long
58023,58026,loss,-33.29626915273472,33.29626915273472,49.944403729102085,short
58035,58036,loss,-33.29626915273472,33.29626915273472,49.944403729102085,long
58042,58071,win,49.944403729102085,33.29626915273472,49.944403729102085,short
58073,58081,loss,-33.29626915273472,33.29626915273472,49.944403729102085,short
58088,58089,loss,-33.29626915273472,33.29626915273472,49.944403729102085,long
58157,58158,loss,-33.29626915273472,33.29626915273472,49.944403729102085,short
58164,58165,win,49.944403729102085,33.29626915273472,49.944403729102085,long
58166,58170,loss,-33.29626915273472,33.29626915273472,49.944403729102085,long
58171,58177,loss,-33.29626915273472,33.29626915273472,49.944403729102085,long
58239,58279,loss,-33.29626915273472,33.29626915273472,49.944403729102085,short
58288,58291,loss,-33.29626915273472,33.29626915273472,49.944403729102085,short
58293,58329,loss,-33.29626915273472,33.29626915273472,49.944403729102085,short
58363,58369,win,49.944403729102085,33.29626915273472,49.944403729102085,short
58371,58374,win,49.944403729102085,33.29626915273472,49.944403729102085,short
58375,58398,loss,-33.29626915273472,33.29626915273472,49.944403729102085,short
58414,58434,loss,-33.29626915273472,33.29626915273472,49.944403729102085,long
58445,58499,loss,-33.29626915273472,33.29626915273472,49.944403729102085,short
58513,58530,win,49.944403729102085,33.29626915273472,49.944403729102085,short
58544,58562,win,49.944403729102085,33.29626915273472,49.944403729102085,long
58571,58575,loss,-33.29626915273472,33.29626915273472,49.944403729102085,long
58640,58655,loss,-33.29626915273472,33.29626915273472,49.944403729102085,long
58695,58704,win,49.944403729102085,33.29626915273472,49.944403729102085,long
58708,58715,loss,-33.29626915273472,33.29626915273472,49.944403729102085,long
58721,58778,win,49.944403729102085,33.29626915273472,49.944403729102085,short
58779,58782,loss,-33.29626915273472,33.29626915273472,49.944403729102085,short
58788,58847,win,49.944403729102085,33.29626915273472,49.944403729102085,short
58848,58852,loss,-33.29626915273472,33.29626915273472,49.944403729102085,short
58888,58902,win,49.944403729102085,33.29626915273472,49.944403729102085,long
58903,58916,win,49.944403729102085,33.29626915273472,49.944403729102085,long
58930,58967,win,49.944403729102085,33.29626915273472,49.944403729102085,short
58988,59049,loss,-33.29626915273472,33.29626915273472,49.944403729102085,long
59050,59071,win,49.944403729102085,33.29626915273472,49.944403729102085,short
59072,59117,win,49.944403729102085,33.29626915273472,49.944403729102085,long
59123,59127,loss,-33.29626915273472,33.29626915273472,49.944403729102085,long
59133,59191,win,49.944403729102085,33.29626915273472,49.944403729102085,short
59194,59204,loss,-33.29626915273472,33.29626915273472,49.944403729102085,long
59206,59299,loss,-33.29626915273472,33.29626915273472,49.944403729102085,long
59300,59307,win,49.944403729102085,33.29626915273472,49.944403729102085,short
59318,59324,win,49.944403729102085,33.29626915273472,49.944403729102085,short
59325,59344,win,49.944403729102085,33.29626915273472,49.944403729102085,short
59358,59390,loss,-33.29626915273472,33.29626915273472,49.944403729102085,long
59394,59438,win,49.944403729102085,33.29626915273472,49.944403729102085,short
59460,59464,win,49.944403729102085,33.29626915273472,49.944403729102085,long
59512,59531,win,49.944403729102085,33.29626915273472,49.944403729102085,short
59532,59547,loss,-33.29626915273472,33.29626915273472,49.944403729102085,short
59548,59554,loss,-33.29626915273472,33.29626915273472,49.944403729102085,long
59652,59666,loss,-33.29626915273472,33.29626915273472,49.944403729102085,long
59669,59683,loss,-33.29626915273472,33.29626915273472,49.944403729102085,short
59745,59798,loss,-33.29626915273472,33.29626915273472,49.944403729102085,short
59802,59803,loss,-33.29626915273472,33.29626915273472,49.944403729102085,long
59809,59874,loss,-33.29626915273472,33.29626915273472,49.944403729102085,long
59875,59878,loss,-33.29626915273472,33.29626915273472,49.944403729102085,short
59888,60008,win,49.944403729102085,33.29626915273472,49.944403729102085,long
60009,60034,loss,-33.29626915273472,33.29626915273472,49.944403729102085,long
60077,60089,loss,-33.29626915273472,33.29626915273472,49.944403729102085,long
60090,60139,loss,-33.29626915273472,33.29626915273472,49.944403729102085,short
60140,60152,win,49.944403729102085,33.29626915273472,49.944403729102085,long
60153,60237,win,49.944403729102085,33.29626915273472,49.944403729102085,long
60251,60286,loss,-33.29626915273472,33.29626915273472,49.944403729102085,long
60287,60306,win,49.944403729102085,33.29626915273472,49.944403729102085,short
60330,60353,win,49.944403729102085,33.29626915273472,49.944403729102085,short
60362,60409,loss,-33.29626915273472,33.29626915273472,49.944403729102085,long
60447,60483,win,49.944403729102085,33.29626915273472,49.944403729102085,long
60491,60494,win,49.944403729102085,33.29626915273472,49.944403729102085,long
60495,60498,win,49.944403729102085,33.29626915273472,49.944403729102085,long
60499,60504,win,49.944403729102085,33.29626915273472,49.944403729102085,long
60506,60509,win,49.944403729102085,33.29626915273472,49.944403729102085,long
60510,60511,loss,-33.29626915273472,33.29626915273472,49.944403729102085,long
60523,60545,win,49.944403729102085,33.29626915273472,49.944403729102085,short
60635,60638,loss,-33.29626915273472,33.29626915273472,49.944403729102085,long
60639,60686,win,49.944403729102085,33.29626915273472,49.944403729102085,long
60687,60698,loss,-33.29626915273472,33.29626915273472,49.944403729102085,long
60708,60712,loss,-33.29626915273472,33.29626915273472,49.944403729102085,short
60740,60751,loss,-33.29626915273472,33.29626915273472,49.944403729102085,short
60767,60769,loss,-33.29626915273472,33.29626915273472,49.944403729102085,long
60773,60777,win,49.944403729102085,33.29626915273472,49.944403729102085,long
60778,60789,loss,-33.29626915273472,33.29626915273472,49.944403729102085,long
60793,60820,win,49.944403729102085,33.29626915273472,49.944403729102085,short
60840,60877,win,49.944403729102085,33.29626915273472,49.944403729102085,long
60893,60907,loss,-33.29626915273472,33.29626915273472,49.944403729102085,short
60911,60930,loss,-33.29626915273472,33.29626915273472,49.944403729102085,long
60967,60976,loss,-33.29626915273472,33.29626915273472,49.944403729102085,short
60979,60989,win,49.944403729102085,33.29626915273472,49.944403729102085,long
60990,61009,win,49.944403729102085,33.29626915273472,49.944403729102085,long
61065,61112,win,49.944403729102085,33.29626915273472,49.944403729102085,short
61120,61147,loss,-33.29626915273472,33.29626915273472,49.944403729102085,long
61177,61181,win,49.944403729102085,33.29626915273472,49.944403729102085,short
61195,61266,loss,-33.29626915273472,33.29626915273472,49.944403729102085,long
61306,61311,loss,-33.29626915273472,33.29626915273472,49.944403729102085,long
61323,61372,win,49.944403729102085,33.29626915273472,49.944403729102085,long
61373,61381,loss,-33.29626915273472,33.29626915273472,49.944403729102085,long
61382,61398,loss,-33.29626915273472,33.29626915273472,49.944403729102085,short
61399,61426,win,49.944403729102085,33.29626915273472,49.944403729102085,long
61427,61463,win,49.944403729102085,33.29626915273472,49.944403729102085,long
61464,61467,loss,-33.29626915273472,33.29626915273472,49.944403729102085,long
61477,61480,loss,-33.29626915273472,33.29626915273472,49.944403729102085,short
61505,61515,loss,-33.29626915273472,33.29626915273472,49.944403729102085,long
61523,61626,win,49.944403729102085,33.29626915273472,49.944403729102085,short
61629,61633,win,49.944403729102085,33.29626915273472,49.944403729102085,short
61634,61646,loss,-33.29626915273472,33.29626915273472,49.944403729102085,short
61680,61712,win,49.944403729102085,33.29626915273472,49.944403729102085,long
61727,61728,win,49.944403729102085,33.29626915273472,49.944403729102085,short
61729,61730,loss,-33.29626915273472,33.29626915273472,49.944403729102085,short
61732,61772,loss,-33.29626915273472,33.29626915273472,49.944403729102085,short
61793,61805,loss,-33.29626915273472,33.29626915273472,49.944403729102085,long
61807,61825,loss,-33.29626915273472,33.29626915273472,49.944403729102085,short
61834,61852,loss,-33.29626915273472,33.29626915273472,49.944403729102085,long
61857,61859,loss,-33.29626915273472,33.29626915273472,49.944403729102085,short
61868,61869,win,49.944403729102085,33.29626915273472,49.944403729102085,long
61870,61872,loss,-33.29626915273472,33.29626915273472,49.944403729102085,long
61900,61909,win,49.944403729102085,33.29626915273472,49.944403729102085,short
61951,61995,win,49.944403729102085,33.29626915273472,49.944403729102085,long
61996,62000,loss,-33.29626915273472,33.29626915273472,49.944403729102085,long
62001,62046,win,49.944403729102085,33.29626915273472,49.944403729102085,short
62047,62066,loss,-33.29626915273472,33.29626915273472,49.944403729102085,short
62067,62071,loss,-33.29626915273472,33.29626915273472,49.944403729102085,long
62147,62171,win,49.944403729102085,33.29626915273472,49.944403729102085,short
62172,62185,win,49.944403729102085,33.29626915273472,49.944403729102085,short
62195,62204,loss,-33.29626915273472,33.29626915273472,49.944403729102085,long
62210,62229,loss,-33.29626915273472,33.29626915273472,49.944403729102085,short
62266,62287,win,49.944403729102085,33.29626915273472,49.944403729102085,long
62288,62295,win,49.944403729102085,33.29626915273472,49.944403729102085,long
62296,62308,loss,-33.29626915273472,33.29626915273472,49.944403729102085,long
62309,62318,loss,-33.29626915273472,33.29626915273472,49.944403729102085,short
62384,62398,win,49.944403729102085,33.29626915273472,49.944403729102085,long
62399,62405,loss,-33.29626915273472,33.29626915273472,49.944403729102085,long
62411,62415,win,49.944403729102085,33.29626915273472,49.944403729102085,short
62416,62480,win,49.944403729102085,33.29626915273472,49.944403729102085,short
62481,62482,loss,-33.29626915273472,33.29626915273472,49.944403729102085,long
62494,62529,loss,-33.29626915273472,33.29626915273472,49.944403729102085,long
62549,62562,win,49.944403729102085,33.29626915273472,49.944403729102085,short
62603,62618,loss,-33.29626915273472,33.29626915273472,49.944403729102085,long
62620,62686,loss,-33.29626915273472,33.29626915273472,49.944403729102085,long
62687,62699,win,49.944403729102085,33.29626915273472,49.944403729102085,short
62703,62735,loss,-33.29626915273472,33.29626915273472,49.944403729102085,short
62736,62756,loss,-33.29626915273472,33.29626915273472,49.944403729102085,long
62758,62773,loss,-33.29626915273472,33.29626915273472,49.944403729102085,short
62774,62778,loss,-33.29626915273472,33.29626915273472,49.944403729102085,long
62824,62825,win,49.944403729102085,33.29626915273472,49.944403729102085,long
62826,62827,win,49.944403729102085,33.29626915273472,49.944403729102085,long
62828,62879,loss,-33.29626915273472,33.29626915273472,49.944403729102085,long
62904,62933,win,49.944403729102085,33.29626915273472,49.944403729102085,long
62944,62951,loss,-33.29626915273472,33.29626915273472,49.944403729102085,long
62960,62963,win,49.944403729102085,33.29626915273472,49.944403729102085,short
63028,63040,loss,-33.29626915273472,33.29626915273472,49.944403729102085,long
63087,63105,win,49.944403729102085,33.29626915273472,49.944403729102085,long
63115,63169,win,49.944403729102085,33.29626915273472,49.944403729102085,short
63170,63180,loss,-33.29626915273472,33.29626915273472,49.944403729102085,long
63191,63224,loss,-33.29626915273472,33.29626915273472,49.944403729102085,short
63234,63239,loss,-33.29626915273472,33.29626915273472,49.944403729102085,short
63247,63307,loss,-33.29626915273472,33.29626915273472,49.944403729102085,long
63308,63310,win,49.944403729102085,33.29626915273472,49.944403729102085,short
63311,63315,loss,-33.29626915273472,33.29626915273472,49.944403729102085,short
63321,63340,loss,-33.29626915273472,33.29626915273472,49.944403729102085,long
63448,63454,win,49.944403729102085,33.29626915273472,49.944403729102085,short
63455,63532,win,49.944403729102085,33.29626915273472,49.944403729102085,short
63533,63563,win,49.944403729102085,33.29626915273472,49.944403729102085,short
63565,63578,loss,-33.29626915273472,33.29626915273472,49.944403729102085,short
63579,63583,loss,-33.29626915273472,33.29626915273472,49.944403729102085,long
63612,63647,win,49.944403729102085,33.29626915273472,49.944403729102085,long
63656,63662,loss,-33.29626915273472,33.29626915273472,49.944403729102085,short
63679,63681,win,49.944403729102085,33.29626915273472,49.944403729102085,short
63694,63745,loss,-33.29626915273472,33.29626915273472,49.944403729102085,long
63762,63773,win,49.944403729102085,33.29626915273472,49.944403729102085,long
63774,63782,loss,-33.29626915273472,33.29626915273472,49.944403729102085,long
63817,63830,loss,-33.29626915273472,33.29626915273472,49.944403729102085,short
63897,63916,win,49.944403729102085,33.29626915273472,49.944403729102085,long
63923,63934,loss,-33.29626915273472,33.29626915273472,49.944403729102085,long
63936,63987,win,49.944403729102085,33.29626915273472,49.944403729102085,short
63994,64004,loss,-33.29626915273472,33.29626915273472,49.944403729102085,short
64090,64107,win,49.944403729102085,33.29626915273472,49.944403729102085,short
64118,64124,win,49.944403729102085,33.29626915273472,49.944403729102085,short
64130,64173,loss,-33.29626915273472,33.29626915273472,49.944403729102085,short
64195,64231,win,49.944403729102085,33.29626915273472,49.944403729102085,long
64279,64289,win,49.944403729102085,33.29626915273472,49.944403729102085,short
64290,64297,loss,-33.29626915273472,33.29626915273472,49.944403729102085,short
64304,64331,win,49.944403729102085,33.29626915273472,49.944403729102085,long
64332,64335,loss,-33.29626915273472,33.29626915273472,49.944403729102085,long
64388,64402,win,49.944403729102085,33.29626915273472,49.944403729102085,short
64404,64408,win,49.944403729102085,33.29626915273472,49.944403729102085,short
64411,64426,loss,-33.29626915273472,33.29626915273472,49.944403729102085,short
64427,64456,loss,-33.29626915273472,33.29626915273472,49.944403729102085,long
64479,64491,loss,-33.29626915273472,33.29626915273472,49.944403729102085,short
64493,64527,loss,-33.29626915273472,33.29626915273472,49.944403729102085,long
64560,64584,loss,-33.29626915273472,33.29626915273472,49.944403729102085,long
64601,64609,loss,-33.29626915273472,33.29626915273472,49.944403729102085,short
64613,64629,loss,-33.29626915273472,33.29626915273472,49.944403729102085,short
64630,64640,loss,-33.29626915273472,33.29626915273472,49.944403729102085,long
64651,64656,loss,-33.29626915273472,33.29626915273472,49.944403729102085,short
64660,64676,loss,-33.29626915273472,33.29626915273472,49.944403729102085,long
64703,64711,loss,-33.29626915273472,33.29626915273472,49.944403729102085,short
64716,64743,win,49.944403729102085,33.29626915273472,49.944403729102085,long
64771,64781,loss,-33.29626915273472,33.29626915273472,49.944403729102085,short
64785,64808,win,49.944403729102085,33.29626915273472,49.944403729102085,long
64817,64824,loss,-33.29626915273472,33.29626915273472,49.944403729102085,short
64852,64894,loss,-33.29626915273472,33.29626915273472,49.944403729102085,long
64902,64905,win,49.944403729102085,33.29626915273472,49.944403729102085,short
64906,64909,win,49.944403729102085,33.29626915273472,49.944403729102085,short
64910,64915,loss,-33.29626915273472,33.29626915273472,49.944403729102085,short
64923,64950,loss,-33.29626915273472,33.29626915273472,49.944403729102085,long
64988,64992,loss,-33.29626915273472,33.29626915273472,49.944403729102085,short
65009,65022,loss,-33.29626915273472,33.29626915273472,49.944403729102085,short
65036,65043,loss,-33.29626915273472,33.29626915273472,49.944403729102085,short
65057,65059,loss,-33.29626915273472,33.29626915273472,49.944403729102085,short
65079,65101,win,49.944403729102085,33.29626915273472,49.944403729102085,long
65147,65154,win,49.944403729102085,33.29626915273472,49.944403729102085,long
65155,65159,loss,-33.29626915273472,33.29626915273472,49.944403729102085,long
65168,65230,win,49.944403729102085,33.29626915273472,49.944403729102085,short
65260,65279,win,49.944403729102085,33.29626915273472,49.944403729102085,short
65296,65300,loss,-33.29626915273472,33.29626915273472,49.944403729102085,long
65301,65304,win,49.944403729102085,33.29626915273472,49.944403729102085,long
65313,65332,win,49.944403729102085,33.29626915273472,49.944403729102085,long
65346,65349,loss,-33.29626915273472,33.29626915273472,49.944403729102085,short
65363,65371,win,49.944403729102085,33.29626915273472,49.944403729102085,short
65372,65374,loss,-33.29626915273472,33.29626915273472,49.944403729102085,short
65443,65494,win,49.944403729102085,33.29626915273472,49.944403729102085,short
65495,65500,win,49.944403729102085,33.29626915273472,49.944403729102085,short
65508,65510,loss,-33.29626915273472,33.29626915273472,49.944403729102085,long
65575,65578,win,49.944403729102085,33.29626915273472,49.944403729102085,long
65598,65611,loss,-33.29626915273472,33.29626915273472,49.944403729102085,short
65614,65624,loss,-33.29626915273472,33.29626915273472,49.944403729102085,long
65627,65631,loss,-33.29626915273472,33.29626915273472,49.944403729102085,short
65636,65641,win,49.944403729102085,33.29626915273472,49.944403729102085,short
65694,65711,win,49.944403729102085,33.29626915273472,49.944403729102085,short
65715,65718,win,49.944403729102085,33.29626915273472,49.944403729102085,short
65723,65737,win,49.944403729102085,33.29626915273472,49.944403729102085,short
65738,65741,loss,-33.29626915273472,33.29626915273472,49.944403729102085,short
65743,65751,loss,-33.29626915273472,33.29626915273472,49.944403729102085,short
65752,65764,win,49.944403729102085,33.29626915273472,49.944403729102085,long
65769,65786,win,49.944403729102085,33.29626915273472,49.944403729102085,long
65793,65819,loss,-33.29626915273472,33.29626915273472,49.944403729102085,long
65849,65851,loss,-33.29626915273472,33.29626915273472,49.944403729102085,short
65856,65901,win,49.944403729102085,33.29626915273472,49.944403729102085,long
65923,65927,win,49.944403729102085,33.29626915273472,49.944403729102085,short
65929,65935,loss,-33.29626915273472,33.29626915273472,49.944403729102085,short
65938,65956,win,49.944403729102085,33.29626915273472,49.944403729102085,long
65995,66042,win,49.944403729102085,33.29626915273472,49.944403729102085,short
66047,66060,loss,-33.29626915273472,33.29626915273472,49.944403729102085,long
66082,66092,win,49.944403729102085,33.29626915273472,49.944403729102085,long
66094,66110,loss,-33.29626915273472,33.29626915273472,49.944403729102085,long
66112,66125,win,49.944403729102085,33.29626915273472,49.944403729102085,short
66151,66177,loss,-33.29626915273472,33.29626915273472,49.944403729102085,long
66187,66192,loss,-33.29626915273472,33.29626915273472,49.944403729102085,short
66204,66228,win,49.944403729102085,33.29626915273472,49.944403729102085,short
66229,66249,win,49.944403729102085,33.29626915273472,49.944403729102085,short
66261,66263,win,49.944403729102085,33.29626915273472,49.944403729102085,long
66264,66266,win,49.944403729102085,33.29626915273472,49.944403729102085,long
66267,66268,loss,-33.29626915273472,33.29626915273472,49.944403729102085,long
66312,66324,loss,-33.29626915273472,33.29626915273472,49.944403729102085,short
66359,66381,loss,-33.29626915273472,33.29626915273472,49.944403729102085,short
66420,66430,loss,-33.29626915273472,33.29626915273472,49.944403729102085,long
66432,66450,loss,-33.29626915273472,33.29626915273472,49.944403729102085,short
66454,66467,win,49.944403729102085,33.29626915273472,49.944403729102085,long
66508,66515,loss,-33.29626915273472,33.29626915273472,49.944403729102085,short
66523,66532,loss,-33.29626915273472,33.29626915273472,49.944403729102085,long
66560,66609,win,49.944403729102085,33.29626915273472,49.944403729102085,short
66618,66669,win,49.944403729102085,33.29626915273472,49.944403729102085,short
66673,66682,win,49.944403729102085,33.29626915273472,49.944403729102085,short
66683,66697,loss,-33.29626915273472,33.29626915273472,49.944403729102085,short
66698,66773,loss,-33.29626915273472,33.29626915273472,49.944403729102085,long
66774,66781,loss,-33.29626915273472,33.29626915273472,49.944403729102085,short
66842,66851,loss,-33.29626915273472,33.29626915273472,49.944403729102085,short
66852,66860,loss,-33.29626915273472,33.29626915273472,49.944403729102085,long
66954,66957,loss,-33.29626915273472,33.29626915273472,49.944403729102085,short
66968,66970,loss,-33.29626915273472,33.29626915273472,49.944403729102085,long
66971,66973,win,49.944403729102085,33.29626915273472,49.944403729102085,short
66987,67001,loss,-33.29626915273472,33.29626915273472,49.944403729102085,long
67057,67060,loss,-33.29626915273472,33.29626915273472,49.944403729102085,long
67070,67072,win,49.944403729102085,33.29626915273472,49.944403729102085,short
67075,67077,loss,-33.29626915273472,33.29626915273472,49.944403729102085,short
67105,67117,loss,-33.29626915273472,33.29626915273472,49.944403729102085,long
67137,67180,loss,-33.29626915273472,33.29626915273472,49.944403729102085,long
67189,67193,loss,-33.29626915273472,33.29626915273472,49.944403729102085,short
67203,67222,win,49.944403729102085,33.29626915273472,49.944403729102085,long
67224,67228,loss,-33.29626915273472,33.29626915273472,49.944403729102085,long
67268,67274,win,49.944403729102085,33.29626915273472,49.944403729102085,short
67275,67278,win,49.944403729102085,33.29626915273472,49.944403729102085,short
67279,67284,win,49.944403729102085,33.29626915273472,49.944403729102085,short
67305,67320,loss,-33.29626915273472,33.29626915273472,49.944403729102085,long
67350,67357,loss,-33.29626915273472,33.29626915273472,49.944403729102085,long
67397,67410,win,49.944403729102085,33.29626915273472,49.944403729102085,short
67411,67415,loss,-33.29626915273472,33.29626915273472,49.944403729102085,short
67417,67436,win,49.944403729102085,33.29626915273472,49.944403729102085,long
67443,67444,win,49.944403729102085,33.29626915273472,49.944403729102085,long
67445,67447,win,49.944403729102085,33.29626915273472,49.944403729102085,long
67473,67500,win,49.944403729102085,33.29626915273472,49.944403729102085,short
67522,67525,win,49.944403729102085,33.29626915273472,49.944403729102085,short
67526,67528,loss,-33.29626915273472,33.29626915273472,49.944403729102085,short
67537,67545,loss,-33.29626915273472,33.29626915273472,49.944403729102085,long
67584,67591,win,49.944403729102085,33.29626915273472,49.944403729102085,long
67592,67594,loss,-33.29626915273472,33.29626915273472,49.944403729102085,long
67605,67610,loss,-33.29626915273472,33.29626915273472,49.944403729102085,short
67685,67687,loss,-33.29626915273472,33.29626915273472,49.944403729102085,long
67700,67702,loss,-33.29626915273472,33.29626915273472,49.944403729102085,short
67759,67760,win,49.944403729102085,33.29626915273472,49.944403729102085,short
67785,67786,win,49.944403729102085,33.29626915273472,49.944403729102085,long
67787,67788,win,49.944403729102085,33.29626915273472,49.944403729102085,long
67792,67795,win,49.944403729102085,33.29626915273472,49.944403729102085,long
67809,67811,loss,-33.29626915273472,33.29626915273472,49.944403729102085,short
67902,67905,win,49.944403729102085,33.29626915273472,49.944403729102085,long
67909,67915,loss,-33.29626915273472,33.29626915273472,49.944403729102085,long
67923,67924,loss,-33.29626915273472,33.29626915273472,49.944403729102085,short
67973,67985,loss,-33.29626915273472,33.29626915273472,49.944403729102085,long
67994,67995,win,49.944403729102085,33.29626915273472,49.944403729102085,short
67996,67999,loss,-33.29626915273472,33.29626915273472,49.944403729102085,short
68009,68020,loss,-33.29626915273472,33.29626915273472,49.944403729102085,long
68113,68117,loss,-33.29626915273472,33.29626915273472,49.944403729102085,short
68118,68124,win,49.944403729102085,33.29626915273472,49.944403729102085,long
68125,68126,loss,-33.29626915273472,33.29626915273472,49.944403729102085,long
68127,68136,loss,-33.29626915273472,33.29626915273472,49.944403729102085,long
68139,68141,loss,-33.29626915273472,33.29626915273472,49.944403729102085,short
68221,68255,win,49.944403729102085,33.29626915273472,49.944403729102085,long
68263,68264,loss,-33.29626915273472,33.29626915273472,49.944403729102085,short
68265,68266,loss,-33.29626915273472,33.29626915273472,49.944403729102085,short
68290,68319,loss,-33.29626915273472,33.29626915273472,49.944403729102085,long
68374,68379,loss,-33.29626915273472,33.29626915273472,49.944403729102085,short
68389,68409,loss,-33.29626915273472,33.29626915273472,49.944403729102085,long
68417,68422,win,49.944403729102085,33.29626915273472,49.944403729102085,short
68459,68460,loss,-33.29626915273472,33.29626915273472,49.944403729102085,long
68472,68476,win,49.944403729102085,33.29626915273472,49.944403729102085,short
68477,68478,loss,-33.29626915273472,33.29626915273472,49.944403729102085,short
68492,68498,win,49.944403729102085,33.29626915273472,49.944403729102085,long
68500,68505,win,49.944403729102085,33.29626915273472,49.944403729102085,long
68506,68508,win,49.944403729102085,33.29626915273472,49.944403729102085,long
68509,68511,loss,-33.29626915273472,33.29626915273472,49.944403729102085,long
68546,68549,win,49.944403729102085,33.29626915273472,49.944403729102085,short
68645,68650,loss,-33.29626915273472,33.29626915273472,49.944403729102085,long
68664,68668,loss,-33.29626915273472,33.29626915273472,49.944403729102085,long
68692,68708,win,49.944403729102085,33.29626915273472,49.944403729102085,short
68719,68725,loss,-33.29626915273472,33.29626915273472,49.944403729102085,short
68727,68728,loss,-33.29626915273472,33.29626915273472,49.944403729102085,long
68741,68763,win,49.944403729102085,33.29626915273472,49.944403729102085,short
68794,68795,loss,-33.29626915273472,33.29626915273472,49.944403729102085,long
68796,68797,loss,-33.29626915273472,33.29626915273472,49.944403729102085,short
68810,68821,loss,-33.29626915273472,33.29626915273472,49.944403729102085,long
68836,68848,win,49.944403729102085,33.29626915273472,49.944403729102085,long
68881,68893,loss,-33.29626915273472,33.29626915273472,49.944403729102085,long
68895,68913,loss,-33.29626915273472,33.29626915273472,49.944403729102085,short
68938,68939,win,49.944403729102085,33.29626915273472,49.944403729102085,long
68953,68959,loss,-33.29626915273472,33.29626915273472,49.944403729102085,short
68994,69000,loss,-33.29626915273472,33.29626915273472,49.944403729102085,short
69040,69048,loss,-33.29626915273472,33.29626915273472,49.944403729102085,long
69058,69068,loss,-33.29626915273472,33.29626915273472,49.944403729102085,short
69080,69091,loss,-33.29626915273472,33.29626915273472,49.944403729102085,long
69116,69127,loss,-33.29626915273472,33.29626915273472,49.944403729102085,short
69180,69190,loss,-33.29626915273472,33.29626915273472,49.944403729102085,short
69201,69215,loss,-33.29626915273472,33.29626915273472,49.944403729102085,short
69227,69231,win,49.944403729102085,33.29626915273472,49.944403729102085,short
69232,69236,loss,-33.29626915273472,33.29626915273472,49.944403729102085,short
69241,69247,loss,-33.29626915273472,33.29626915273472,49.944403729102085,long
69273,69274,win,49.944403729102085,33.29626915273472,49.944403729102085,long
69357,69364,loss,-33.29626915273472,33.29626915273472,49.944403729102085,short
69366,69374,loss,-33.29626915273472,33.29626915273472,49.944403729102085,short
69381,69385,win,49.944403729102085,33.29626915273472,49.944403729102085,long
69407,69410,loss,-33.29626915273472,33.29626915273472,49.944403729102085,long
69521,69535,win,49.944403729102085,33.29626915273472,49.944403729102085,long
69549,69560,win,49.944403729102085,33.29626915273472,49.944403729102085,short
69561,69563,win,49.944403729102085,33.29626915273472,49.944403729102085,short
69564,69570,win,49.944403729102085,33.29626915273472,49.944403729102085,short
69572,69586,loss,-33.29626915273472,33.29626915273472,49.944403729102085,short
69588,69605,win,49.944403729102085,33.29626915273472,49.944403729102085,long
69692,69706,loss,-33.29626915273472,33.29626915273472,49.944403729102085,short
69708,69716,win,49.944403729102085,33.29626915273472,49.944403729102085,long
69717,69724,loss,-33.29626915273472,33.29626915273472,49.944403729102085,long
69790,69794,loss,-33.29626915273472,33.29626915273472,49.944403729102085,short
69799,69801,win,49.944403729102085,33.29626915273472,49.944403729102085,short
69802,69815,loss,-33.29626915273472,33.29626915273472,49.944403729102085,short
69816,69837,win,49.944403729102085,33.29626915273472,49.944403729102085,long
69863,69865,loss,-33.29626915273472,33.29626915273472,49.944403729102085,long
69866,69867,win,49.944403729102085,33.29626915273472,49.944403729102085,long
69868,69872,loss,-33.29626915273472,33.29626915273472,49.944403729102085,long
69874,69878,loss,-33.29626915273472,33.29626915273472,49.944403729102085,long
69881,69931,win,49.944403729102085,33.29626915273472,49.944403729102085,short
69939,69941,loss,-33.29626915273472,33.29626915273472,49.944403729102085,short
69963,69965,win,49.944403729102085,33.29626915273472,49.944403729102085,short
69972,69975,win,49.944403729102085,33.29626915273472,49.944403729102085,long
69976,69977,loss,-33.29626915273472,33.29626915273472,49.944403729102085,long
69979,69980,loss,-33.29626915273472,33.29626915273472,49.944403729102085,long
69992,69994,loss,-33.29626915273472,33.29626915273472,49.944403729102085,short
70113,70116,loss,-33.29626915273472,33.29626915273472,49.944403729102085,long
70129,70148,win,49.944403729102085,33.29626915273472,49.944403729102085,short
70214,70239,loss,-33.29626915273472,33.29626915273472,49.944403729102085,short
70240,70243,win,49.944403729102085,33.29626915273472,49.944403729102085,long
70245,70248,loss,-33.29626915273472,33.29626915273472,49.944403729102085,long
70316,70320,loss,-33.29626915273472,33.29626915273472,49.944403729102085,long
70326,70336,win,49.944403729102085,33.29626915273472,49.944403729102085,long
70337,70341,loss,-33.29626915273472,33.29626915273472,49.944403729102085,long
70351,70356,loss,-33.29626915273472,33.29626915273472,49.944403729102085,short
70364,70383,loss,-33.29626915273472,33.29626915273472,49.944403729102085,short
70453,70457,loss,-33.29626915273472,33.29626915273472,49.944403729102085,short
70465,70466,loss,-33.29626915273472,33.29626915273472,49.944403729102085,short
70471,70478,loss,-33.29626915273472,33.29626915273472,49.944403729102085,short
70516,70517,win,49.944403729102085,33.29626915273472,49.944403729102085,long
70518,70521,loss,-33.29626915273472,33.29626915273472,49.944403729102085,long
70534,70536,loss,-33.29626915273472,33.29626915273472,49.944403729102085,short
70538,70575,loss,-33.29626915273472,33.29626915273472,49.944403729102085,short
70576,70578,win,49.944403729102085,33.29626915273472,49.944403729102085,long
70579,70580,win,49.944403729102085,33.29626915273472,49.944403729102085,long
70608,70611,loss,-33.29626915273472,33.29626915273472,49.944403729102085,short
70655,70659,win,49.944403729102085,33.29626915273472,49.944403729102085,long
70660,70662,loss,-33.29626915273472,33.29626915273472,49.944403729102085,long
70664,70668,loss,-33.29626915273472,33.29626915273472,49.944403729102085,long
70694,70764,loss,-33.29626915273472,33.29626915273472,49.944403729102085,short
70766,70767,win,49.944403729102085,33.29626915273472,49.944403729102085,long
70768,70775,loss,-33.29626915273472,33.29626915273472,49.944403729102085,long
70783,70785,loss,-33.29626915273472,33.29626915273472,49.944403729102085,short
70805,70817,loss,-33.29626915273472,33.29626915273472,49.944403729102085,short
70854,70855,win,49.944403729102085,33.29626915273472,49.944403729102085,short
70856,70858,loss,-33.29626915273472,33.29626915273472,49.944403729102085,short
70863,70898,win,49.944403729102085,33.29626915273472,49.944403729102085,short
70918,70920,loss,-33.29626915273472,33.29626915273472,49.944403729102085,long
70921,70922,loss,-33.29626915273472,33.29626915273472,49.944403729102085,long
70925,70926,loss,-33.29626915273472,33.29626915273472,49.944403729102085,long
70928,70934,loss,-33.29626915273472,33.29626915273472,49.944403729102085,long
70993,70996,loss,-33.29626915273472,33.29626915273472,49.944403729102085,short
70998,71004,loss,-33.29626915273472,33.29626915273472,49.944403729102085,short
71008,71016,win,49.944403729102085,33.29626915273472,49.944403729102085,long
71021,71027,loss,-33.29626915273472,33.29626915273472,49.944403729102085,long
71043,71052,win,49.944403729102085,33.29626915273472,49.944403729102085,short
71107,71110,loss,-33.29626915273472,33.29626915273472,49.944403729102085,long
71130,71132,win,49.944403729102085,33.29626915273472,49.944403729102085,long
71133,71138,loss,-33.29626915273472,33.29626915273472,49.944403729102085,long
71158,71196,win,49.944403729102085,33.29626915273472,49.944403729102085,short
71206,71213,win,49.944403729102085,33.29626915273472,49.944403729102085,short
71215,71229,win,49.944403729102085,33.29626915273472,49.944403729102085,short
71253,71259,win,49.944403729102085,33.29626915273472,49.944403729102085,short
71290,71315,win,49.944403729102085,33.29626915273472,49.944403729102085,long
71341,71342,win,49.944403729102085,33.29626915273472,49.944403729102085,long
71343,71347,win,49.944403729102085,33.29626915273472,49.944403729102085,long
71350,71355,win,49.944403729102085,33.29626915273472,49.944403729102085,long
71368,71388,win,49.944403729102085,33.29626915273472,49.944403729102085,short
71405,71406,loss,-33.29626915273472,33.29626915273472,49.944403729102085,short
71416,71418,win,49.944403729102085,33.29626915273472,49.944403729102085,long
71427,71449,loss,-33.29626915273472,33.29626915273472,49.944403729102085,short
71458,71460,loss,-33.29626915273472,33.29626915273472,49.944403729102085,long
71469,71471,win,49.944403729102085,33.29626915273472,49.944403729102085,short
71472,71473,loss,-33.29626915273472,33.29626915273472,49.944403729102085,short
71477,71486,loss,-33.29626915273472,33.29626915273472,49.944403729102085,short
71531,71535,loss,-33.29626915273472,33.29626915273472,49.944403729102085,long
71546,71548,loss,-33.29626915273472,33.29626915273472,49.944403729102085,short
71565,71567,win,49.944403729102085,33.29626915273472,49.944403729102085,long
71568,71591,loss,-33.29626915273472,33.29626915273472,49.944403729102085,long
71601,71608,loss,-33.29626915273472,33.29626915273472,49.944403729102085,short
71670,71678,win,49.944403729102085,33.29626915273472,49.944403729102085,short
71679,71680,win,49.944403729102085,33.29626915273472,49.944403729102085,short
71681,71683,win,49.944403729102085,33.29626915273472,49.944403729102085,short
71684,71686,win,49.944403729102085,33.29626915273472,49.944403729102085,short
71700,71703,loss,-33.29626915273472,33.29626915273472,49.944403729102085,long
71717,71732,win,49.944403729102085,33.29626915273472,49.944403729102085,long
71787,71805,loss,-33.29626915273472,33.29626915273472,49.944403729102085,long
71806,71819,win,49.944403729102085,33.29626915273472,49.944403729102085,short
71847,71889,loss,-33.29626915273472,33.29626915273472,49.944403729102085,long
71895,71900,win,49.944403729102085,33.29626915273472,49.944403729102085,short
71901,71919,loss,-33.29626915273472,33.29626915273472,49.944403729102085,short
71924,71939,win,49.944403729102085,33.29626915273472,49.944403729102085,long
71969,71984,loss,-33.29626915273472,33.29626915273472,49.944403729102085,short
72017,72022,loss,-33.29626915273472,33.29626915273472,49.944403729102085,short
72028,72032,loss,-33.29626915273472,33.29626915273472,49.944403729102085,long
72094,72129,win,49.944403729102085,33.29626915273472,49.944403729102085,short
72130,72147,win,49.944403729102085,33.29626915273472,49.944403729102085,short
72151,72154,win,49.944403729102085,33.29626915273472,49.944403729102085,short
72155,72196,loss,-33.29626915273472,33.29626915273472,49.944403729102085,short
72227,72235,loss,-33.29626915273472,33.29626915273472,49.944403729102085,short
72236,72250,win,49.944403729102085,33.29626915273472,49.944403729102085,long
72290,72295,win,49.944403729102085,33.29626915273472,49.944403729102085,short
72300,72343,win,49.944403729102085,33.29626915273472,49.944403729102085,short
72352,72358,loss,-33.29626915273472,33.29626915273472,49.944403729102085,long
72369,72372,win,49.944403729102085,33.29626915273472,49.944403729102085,short
72373,72382,loss,-33.29626915273472,33.29626915273472,49.944403729102085,short
72411,72421,loss,-33.29626915273472,33.29626915273472,49.944403729102085,short
72425,72427,loss,-33.29626915273472,33.29626915273472,49.944403729102085,long
72429,72431,win,49.944403729102085,33.29626915273472,49.944403729102085,long
72481,72487,loss,-33.29626915273472,33.29626915273472,49.944403729102085,short
72505,72507,loss,-33.29626915273472,33.29626915273472,49.944403729102085,short
72517,72522,win,49.944403729102085,33.29626915273472,49.944403729102085,long
72523,72570,loss,-33.29626915273472,33.29626915273472,49.944403729102085,long
72571,72598,loss,-33.29626915273472,33.29626915273472,49.944403729102085,short
72609,72617,win,49.944403729102085,33.29626915273472,49.944403729102085,long
72618,72622,win,49.944403729102085,33.29626915273472,49.944403729102085,long
72635,72685,win,49.944403729102085,33.29626915273472,49.944403729102085,short
72703,72715,loss,-33.29626915273472,33.29626915273472,49.944403729102085,long
72723,72727,loss,-33.29626915273472,33.29626915273472,49.944403729102085,short
72766,72769,loss,-33.29626915273472,33.29626915273472,49.944403729102085,short
72777,72805,win,49.944403729102085,33.29626915273472,49.944403729102085,short
72806,72808,loss,-33.29626915273472,33.29626915273472,49.944403729102085,short
72817,72838,loss,-33.29626915273472,33.29626915273472,49.944403729102085,long
72857,72874,loss,-33.29626915273472,33.29626915273472,49.944403729102085,short
72919,72944,loss,-33.29626915273472,33.29626915273472,49.944403729102085,short
72946,72959,loss,-33.29626915273472,33.29626915273472,49.944403729102085,long
72983,72986,loss,-33.29626915273472,33.29626915273472,49.944403729102085,long
72997,73033,win,49.944403729102085,33.29626915273472,49.944403729102085,short
73046,73048,win,49.944403729102085,33.29626915273472,49.944403729102085,short
73049,73056,win,49.944403729102085,33.29626915273472,49.944403729102085,short
73057,73080,loss,-33.29626915273472,33.29626915273472,49.944403729102085,short
73157,73173,win,49.944403729102085,33.29626915273472,49.944403729102085,short
73181,73187,win,49.944403729102085,33.29626915273472,49.944403729102085,long
73258,73261,win,49.944403729102085,33.29626915273472,49.944403729102085,short
73266,73270,loss,-33.29626915273472,33.29626915273472,49.944403729102085,short
73279,73288,loss,-33.29626915273472,33.29626915273472,49.944403729102085,long
73303,73305,win,49.944403729102085,33.29626915273472,49.944403729102085,long
73306,73309,loss,-33.29626915273472,33.29626915273472,49.944403729102085,long
73332,73337,loss,-33.29626915273472,33.29626915273472,49.944403729102085,short
73428,73456,loss,-33.29626915273472,33.29626915273472,49.944403729102085,long
73461,73462,loss,-33.29626915273472,33.29626915273472,49.944403729102085,short
73531,73533,loss,-33.29626915273472,33.29626915273472,49.944403729102085,short
73534,73536,loss,-33.29626915273472,33.29626915273472,49.944403729102085,long
73545,73609,win,49.944403729102085,33.29626915273472,49.944403729102085,long
73615,73616,loss,-33.29626915273472,33.29626915273472,49.944403729102085,long
73618,73619,loss,-33.29626915273472,33.29626915273472,49.944403729102085,long
73621,73622,loss,-33.29626915273472,33.29626915273472,49.944403729102085,long
73647,73654,win,49.944403729102085,33.29626915273472,49.944403729102085,short
73655,73666,win,49.944403729102085,33.29626915273472,49.944403729102085,short
73740,73741,win,49.944403729102085,33.29626915273472,49.944403729102085,long
73742,73748,win,49.944403729102085,33.29626915273472,49.944403729102085,long
73763,73774,loss,-33.29626915273472,33.29626915273472,49.944403729102085,long
73778,73788,loss,-33.29626915273472,33.29626915273472,49.944403729102085,short
73840,73862,loss,-33.29626915273472,33.29626915273472,49.944403729102085,short
73868,73874,loss,-33.29626915273472,33.29626915273472,49.944403729102085,long
73883,73887,loss,-33.29626915273472,33.29626915273472,49.944403729102085,short
73931,73943,win,49.944403729102085,33.29626915273472,49.944403729102085,long
73998,73999,win,49.944403729102085,33.29626915273472,49.944403729102085,long
74000,74006,loss,-33.29626915273472,33.29626915273472,49.944403729102085,long
74013,74067,win,49.944403729102085,33.29626915273472,49.944403729102085,short
74076,74081,loss,-33.29626915273472,33.29626915273472,49.944403729102085,short
74099,74103,loss,-33.29626915273472,33.29626915273472,49.944403729102085,long
74108,74133,win,49.944403729102085,33.29626915273472,49.944403729102085,short
74161,74193,loss,-33.29626915273472,33.29626915273472,49.944403729102085,long
74214,74226,win,49.944403729102085,33.29626915273472,49.944403729102085,long
74239,74253,loss,-33.29626915273472,33.29626915273472,49.944403729102085,short
74288,74292,win,49.944403729102085,33.29626915273472,49.944403729102085,long
74293,74300,win,49.944403729102085,33.29626915273472,49.944403729102085,long
74362,74375,loss,-33.29626915273472,33.29626915273472,49.944403729102085,short
74377,74383,win,49.944403729102085,33.29626915273472,49.944403729102085,long
74386,74412,win,49.944403729102085,33.29626915273472,49.944403729102085,long
74426,74428,loss,-33.29626915273472,33.29626915273472,49.944403729102085,short
74446,74483,win,49.944403729102085,33.29626915273472,49.944403729102085,short
74497,74562,loss,-33.29626915273472,33.29626915273472,49.944403729102085,long
74563,74571,win,49.944403729102085,33.29626915273472,49.944403729102085,short
74572,74581,win,49.944403729102085,33.29626915273472,49.944403729102085,short
74582,74584,loss,-33.29626915273472,33.29626915273472,49.944403729102085,short
74626,74636,loss,-33.29626915273472,33.29626915273472,49.944403729102085,long
74689,74702,win,49.944403729102085,33.29626915273472,49.944403729102085,long
74736,74757,win,49.944403729102085,33.29626915273472,49.944403729102085,short
74760,74771,loss,-33.29626915273472,33.29626915273472,49.944403729102085,short
74773,74774,loss,-33.29626915273472,33.29626915273472,49.944403729102085,long
74821,74830,win,49.944403729102085,33.29626915273472,49.944403729102085,short
74842,74844,loss,-33.29626915273472,33.29626915273472,49.944403729102085,long
74847,74851,loss,-33.29626915273472,33.29626915273472,49.944403729102085,long
74911,74923,win,49.944403729102085,33.29626915273472,49.944403729102085,long
74924,74942,win,49.944403729102085,33.29626915273472,49.944403729102085,long
74955,74959,loss,-33.29626915273472,33.29626915273472,49.944403729102085,short
74983,74995,loss,-33.29626915273472,33.29626915273472,49.944403729102085,short
75029,75040,win,49.944403729102085,33.29626915273472,49.944403729102085,long
75059,75073,loss,-33.29626915273472,33.29626915273472,49.944403729102085,short
75101,75106,loss,-33.29626915273472,33.29626915273472,49.944403729102085,long
75111,75118,win,49.944403729102085,33.29626915273472,49.944403729102085,short
75119,75123,win,49.944403729102085,33.29626915273472,49.944403729102085,short
75183,75187,loss,-33.29626915273472,33.29626915273472,49.944403729102085,long
75223,75236,loss,-33.29626915273472,33.29626915273472,49.944403729102085,short
75259,75290,win,49.944403729102085,33.29626915273472,49.944403729102085,short
75301,75307,loss,-33.29626915273472,33.29626915273472,49.944403729102085,long
75320,75323,loss,-33.29626915273472,33.29626915273472,49.944403729102085,long
75339,75364,loss,-33.29626915273472,33.29626915273472,49.944403729102085,long
75388,75396,win,49.944403729102085,33.29626915273472,49.944403729102085,short
75397,75431,loss,-33.29626915273472,33.29626915273472,49.944403729102085,short
75432,75466,win,49.944403729102085,33.29626915273472,49.944403729102085,long
75467,75469,win,49.944403729102085,33.29626915273472,49.944403729102085,long
75474,75476,loss,-33.29626915273472,33.29626915273472,49.944403729102085,long
75483,75530,loss,-33.29626915273472,33.29626915273472,49.944403729102085,short
75535,75580,loss,-33.29626915273472,33.29626915273472,49.944403729102085,long
75589,75599,loss,-33.29626915273472,33.29626915273472,49.944403729102085,short
75613,75616,win,49.944403729102085,33.29626915273472,49.944403729102085,short
75617,75653,win,49.944403729102085,33.29626915273472,49.944403729102085,short
75666,75668,loss,-33.29626915273472,33.29626915273472,49.944403729102085,long
75669,75671,win,49.944403729102085,33.29626915273472,49.944403729102085,short
75672,75688,loss,-33.29626915273472,33.29626915273472,49.944403729102085,short
75739,75741,loss,-33.29626915273472,33.29626915273472,49.944403729102085,short
75751,75759,win,49.944403729102085,33.29626915273472,49.944403729102085,long
75762,75777,win,49.944403729102085,33.29626915273472,49.944403729102085,long
75823,75872,loss,-33.29626915273472,33.29626915273472,49.944403729102085,short
75875,75880,loss,-33.29626915273472,33.29626915273472,49.944403729102085,long
75881,75884,loss,-33.29626915273472,33.29626915273472,49.944403729102085,long
75893,75926,loss,-33.29626915273472,33.29626915273472,49.944403729102085,short
75931,75943,loss,-33.29626915273472,33.29626915273472,49.944403729102085,short
75948,75950,loss,-33.29626915273472,33.29626915273472,49.944403729102085,long
75953,75982,loss,-33.29626915273472,33.29626915273472,49.944403729102085,long
76068,76082,loss,-33.29626915273472,33.29626915273472,49.944403729102085,long
76084,76086,loss,-33.29626915273472,33.29626915273472,49.944403729102085,long
76109,76150,loss,-33.29626915273472,33.29626915273472,49.944403729102085,short
76151,76159,loss,-33.29626915273472,33.29626915273472,49.944403729102085,long
76160,76165,loss,-33.29626915273472,33.29626915273472,49.944403729102085,short
76213,76222,loss,-33.29626915273472,33.29626915273472,49.944403729102085,long
76228,76230,loss,-33.29626915273472,33.29626915273472,49.944403729102085,short
76286,76289,win,49.944403729102085,33.29626915273472,49.944403729102085,long
76290,76293,win,49.944403729102085,33.29626915273472,49.944403729102085,long
76294,76304,win,49.944403729102085,33.29626915273472,49.944403729102085,long
76316,76341,loss,-33.29626915273472,33.29626915273472,49.944403729102085,short
76361,76362,win,49.944403729102085,33.29626915273472,49.944403729102085,long
76363,76365,loss,-33.29626915273472,33.29626915273472,49.944403729102085,long
76376,76418,win,49.944403729102085,33.29626915273472,49.944403729102085,short
76420,76427,loss,-33.29626915273472,33.29626915273472,49.944403729102085,short
76434,76476,win,49.944403729102085,33.29626915273472,49.944403729102085,long
76477,76480,loss,-33.29626915273472,33.29626915273472,49.944403729102085,long
76500,76503,loss,-33.29626915273472,33.29626915273472,49.944403729102085,short
76555,76564,loss,-33.29626915273472,33.29626915273472,49.944403729102085,long
76569,76571,win,49.944403729102085,33.29626915273472,49.944403729102085,short
76572,76617,win,49.944403729102085,33.29626915273472,49.944403729102085,short
76629,76704,loss,-33.29626915273472,33.29626915273472,49.944403729102085,long
76705,76708,loss,-33.29626915273472,33.29626915273472,49.944403729102085,short
76757,76772,loss,-33.29626915273472,33.29626915273472,49.944403729102085,long
76773,76880,win,49.944403729102085,33.29626915273472,49.944403729102085,short
76881,76898,win,49.944403729102085,33.29626915273472,49.944403729102085,short
76929,76959,loss,-33.29626915273472,33.29626915273472,49.944403729102085,long
76967,77003,loss,-33.29626915273472,33.29626915273472,49.944403729102085,short
77023,77028,loss,-33.29626915273472,33.29626915273472,49.944403729102085,long
77030,77040,win,49.944403729102085,33.29626915273472,49.944403729102085,short
77054,77105,loss,-33.29626915273472,33.29626915273472,49.944403729102085,long
77107,77132,win,49.944403729102085,33.29626915273472,49.944403729102085,long
77146,77159,win,49.944403729102085,33.29626915273472,49.944403729102085,short
77178,77179,loss,-33.29626915273472,33.29626915273472,49.944403729102085,long
77192,77237,loss,-33.29626915273472,33.29626915273472,49.944403729102085,short
77245,77296,loss,-33.29626915273472,33.29626915273472,49.944403729102085,long
77303,77309,loss,-33.29626915273472,33.29626915273472,49.944403729102085,short
77324,77325,win,49.944403729102085,33.29626915273472,49.944403729102085,short
77339,77348,loss,-33.29626915273472,33.29626915273472,49.944403729102085,long
77419,77439,loss,-33.29626915273472,33.29626915273472,49.944403729102085,long
77450,77458,loss,-33.29626915273472,33.29626915273472,49.944403729102085,short
77467,77484,win,49.944403729102085,33.29626915273472,49.944403729102085,long
77485,77491,loss,-33.29626915273472,33.29626915273472,49.944403729102085,long
77563,77577,win,49.944403729102085,33.29626915273472,49.944403729102085,long
77587,77592,loss,-33.29626915273472,33.29626915273472,49.944403729102085,long
77593,77633,loss,-33.29626915273472,33.29626915273472,49.944403729102085,short
77641,77657,win,49.944403729102085,33.29626915273472,49.944403729102085,long
77671,77716,win,49.944403729102085,33.29626915273472,49.944403729102085,short
77717,77726,win,49.944403729102085,33.29626915273472,49.944403729102085,short
77744,77795,loss,-33.29626915273472,33.29626915273472,49.944403729102085,long
77822,77828,loss,-33.29626915273472,33.29626915273472,49.944403729102085,long
77836,77848,loss,-33.29626915273472,33.29626915273472,49.944403729102085,short
77856,77861,loss,-33.29626915273472,33.29626915273472,49.944403729102085,short
77873,77901,loss,-33.29626915273472,33.29626915273472,49.944403729102085,long
77919,77935,win,49.944403729102085,33.29626915273472,49.944403729102085,short
77937,77945,loss,-33.29626915273472,33.29626915273472,49.944403729102085,short
77950,77981,loss,-33.29626915273472,33.29626915273472,49.944403729102085,long
78018,78019,win,49.944403729102085,33.29626915273472,49.944403729102085,long
78020,78021,win,49.944403729102085,33.29626915273472,49.944403729102085,long
78022,78024,loss,-33.29626915273472,33.29626915273472,49.944403729102085,long
78035,78051,loss,-33.29626915273472,33.29626915273472,49.944403729102085,short
78068,78071,win,49.944403729102085,33.29626915273472,49.944403729102085,long
78101,78144,loss,-33.29626915273472,33.29626915273472,49.944403729102085,short
78167,78197,win,49.944403729102085,33.29626915273472,49.944403729102085,short
78228,78276,loss,-33.29626915273472,33.29626915273472,49.944403729102085,long
78309,78331,loss,-33.29626915273472,33.29626915273472,49.944403729102085,long
78346,78348,loss,-33.29626915273472,33.29626915273472,49.944403729102085,long
78353,78372,loss,-33.29626915273472,33.29626915273472,49.944403729102085,short
78375,78410,loss,-33.29626915273472,33.29626915273472,49.944403729102085,long
78445,78469,loss,-33.29626915273472,33.29626915273472,49.944403729102085,long
78473,78476,loss,-33.29626915273472,33.29626915273472,49.944403729102085,long
78485,78511,loss,-33.29626915273472,33.29626915273472,49.944403729102085,short
78546,78554,loss,-33.29626915273472,33.29626915273472,49.944403729102085,short
78622,78633,loss,-33.29626915273472,33.29626915273472,49.944403729102085,short
78634,78637,loss,-33.29626915273472,33.29626915273472,49.944403729102085,long
78649,78692,loss,-33.29626915273472,33.29626915273472,49.944403729102085,long
78745,78760,win,49.944403729102085,33.29626915273472,49.944403729102085,short
78763,78769,loss,-33.29626915273472,33.29626915273472,49.944403729102085,long
78770,78784,win,49.944403729102085,33.29626915273472,49.944403729102085,long
78798,78844,loss,-33.29626915273472,33.29626915273472,49.944403729102085,short
78846,78852,loss,-33.29626915273472,33.29626915273472,49.944403729102085,long
78858,78878,win,49.944403729102085,33.29626915273472,49.944403729102085,short
78901,78906,loss,-33.29626915273472,33.29626915273472,49.944403729102085,long
78958,78961,win,49.944403729102085,33.29626915273472,49.944403729102085,short
78962,78966,loss,-33.29626915273472,33.29626915273472,49.944403729102085,short
78976,78980,loss,-33.29626915273472,33.29626915273472,49.944403729102085,long
79020,79027,win,49.944403729102085,33.29626915273472,49.944403729102085,long
79028,79029,loss,-33.29626915273472,33.29626915273472,49.944403729102085,long
79049,79073,loss,-33.29626915273472,33.29626915273472,49.944403729102085,short
79119,79134,loss,-33.29626915273472,33.29626915273472,49.944403729102085,short
79191,79208,loss,-33.29626915273472,33.29626915273472,49.944403729102085,long
79211,79217,win,49.944403729102085,33.29626915273472,49.944403729102085,short
79218,79241,loss,-33.29626915273472,33.29626915273472,49.944403729102085,short
79342,79372,win,49.944403729102085,33.29626915273472,49.944403729102085,short
79373,79438,win,49.944403729102085,33.29626915273472,49.944403729102085,short
79451,79508,loss,-33.29626915273472,33.29626915273472,49.944403729102085,long
79509,79512,win,49.944403729102085,33.29626915273472,49.944403729102085,short
79513,79544,win,49.944403729102085,33.29626915273472,49.944403729102085,short
79545,79546,loss,-33.29626915273472,33.29626915273472,49.944403729102085,short
79558,79571,loss,-33.29626915273472,33.29626915273472,49.944403729102085,long
79686,79696,loss,-33.29626915273472,33.29626915273472,49.944403729102085,short
79727,79752,win,49.944403729102085,33.29626915273472,49.944403729102085,long
79770,79784,loss,-33.29626915273472,33.29626915273472,49.944403729102085,long
79785,79801,win,49.944403729102085,33.29626915273472,49.944403729102085,short
79822,79825,loss,-33.29626915273472,33.29626915273472,49.944403729102085,short
79862,79869,win,49.944403729102085,33.29626915273472,49.944403729102085,long
79870,79889,loss,-33.29626915273472,33.29626915273472,49.944403729102085,long
79918,79925,loss,-33.29626915273472,33.29626915273472,49.944403729102085,short
80063,80069,loss,-33.29626915273472,33.29626915273472,49.944403729102085,short
80070,80077,win,49.944403729102085,33.29626915273472,49.944403729102085,long
80079,80098,loss,-33.29626915273472,33.29626915273472,49.944403729102085,long
80110,80112,win,49.944403729102085,33.29626915273472,49.944403729102085,short
80135,80140,loss,-33.29626915273472,33.29626915273472,49.944403729102085,long
80199,80200,win,49.944403729102085,33.29626915273472,49.944403729102085,long
80201,80203,loss,-33.29626915273472,33.29626915273472,49.944403729102085,long
80229,80239,loss,-33.29626915273472,33.29626915273472,49.944403729102085,short
80285,80302,win,49.944403729102085,33.29626915273472,49.944403729102085,short
80314,80319,win,49.944403729102085,33.29626915273472,49.944403729102085,long
80321,80352,loss,-33.29626915273472,33.29626915273472,49.944403729102085,long
80362,80404,loss,-33.29626915273472,33.29626915273472,49.944403729102085,short
80405,80410,loss,-33.29626915273472,33.29626915273472,49.944403729102085,long
80476,80485,win,49.944403729102085,33.29626915273472,49.944403729102085,long
80486,80491,loss,-33.29626915273472,33.29626915273472,49.944403729102085,long
80501,80526,loss,-33.29626915273472,33.29626915273472,49.944403729102085,short
80527,80533,loss,-33.29626915273472,33.29626915273472,49.944403729102085,long
80540,80543,win,49.944403729102085,33.29626915273472,49.944403729102085,short
80544,80545,loss,-33.29626915273472,33.29626915273472,49.944403729102085,short
80557,80563,loss,-33.29626915273472,33.29626915273472,49.944403729102085,long
80619,80621,win,49.944403729102085,33.29626915273472,49.944403729102085,long
80649,80650,loss,-33.29626915273472,33.29626915273472,49.944403729102085,short
80666,80667,win,49.944403729102085,33.29626915273472,49.944403729102085,long
80673,80674,loss,-33.29626915273472,33.29626915273472,49.944403729102085,long
80681,80684,loss,-33.29626915273472,33.29626915273472,49.944403729102085,short
80774,80804,win,49.944403729102085,33.29626915273472,49.944403729102085,short
80805,80820,win,49.944403729102085,33.29626915273472,49.944403729102085,short
80867,80884,win,49.944403729102085,33.29626915273472,49.944403729102085,long
80895,80938,loss,-33.29626915273472,33.29626915273472,49.944403729102085,short
80957,80959,loss,-33.29626915273472,33.29626915273472,49.944403729102085,long
80972,81028,win,49.944403729102085,33.29626915273472,49.944403729102085,short
81029,81032,loss,-33.29626915273472,33.29626915273472,49.944403729102085,short
81041,81078,win,49.944403729102085,33.29626915273472,49.944403729102085,long
81096,81098,loss,-33.29626915273472,33.29626915273472,49.944403729102085,short
81104,81117,win,49.944403729102085,33.29626915273472,49.944403729102085,long
81138,81164,win,49.944403729102085,33.29626915273472,49.944403729102085,long
81167,81170,win,49.944403729102085,33.29626915273472,49.944403729102085,long
81171,81190,win,49.944403729102085,33.29626915273472,49.944403729102085,long
81203,81205,win,49.944403729102085,33.29626915273472,49.944403729102085,long
81216,81217,win,49.944403729102085,33.29626915273472,49.944403729102085,short
81218,81235,loss,-33.29626915273472,33.29626915273472,49.944403729102085,short
81305,81306,loss,-33.29626915273472,33.29626915273472,49.944403729102085,long
81319,81320,win,49.944403729102085,33.29626915273472,49.944403729102085,short
81377,81386,loss,-33.29626915273472,33.29626915273472,49.944403729102085,short
81399,81406,loss,-33.29626915273472,33.29626915273472,49.944403729102085,long
81416,81421,loss,-33.29626915273472,33.29626915273472,49.944403729102085,short
81476,81509,loss,-33.29626915273472,33.29626915273472,49.944403729102085,long
81510,81518,loss,-33.29626915273472,33.29626915273472,49.944403729102085,short
81537,81546,win,49.944403729102085,33.29626915273472,49.944403729102085,long
81575,81578,loss,-33.29626915273472,33.29626915273472,49.944403729102085,short
81647,81653,loss,-33.29626915273472,33.29626915273472,49.944403729102085,short
81661,81681,win,49.944403729102085,33.29626915273472,49.944403729102085,long
81682,81717,win,49.944403729102085,33.29626915273472,49.944403729102085,long
81732,81748,win,49.944403729102085,33.29626915273472,49.944403729102085,short
81749,81758,loss,-33.29626915273472,33.29626915273472,49.944403729102085,short
81851,81854,win,49.944403729102085,33.29626915273472,49.944403729102085,short
81855,81857,loss,-33.29626915273472,33.29626915273472,49.944403729102085,short
81869,81922,loss,-33.29626915273472,33.29626915273472,49.944403729102085,long
81923,81924,loss,-33.29626915273472,33.29626915273472,49.944403729102085,long
81937,82001,win,49.944403729102085,33.29626915273472,49.944403729102085,short
82009,82058,win,49.944403729102085,33.29626915273472,49.944403729102085,long
82073,82088,loss,-33.29626915273472,33.29626915273472,49.944403729102085,short
82120,82121,win,49.944403729102085,33.29626915273472,49.944403729102085,short
82122,82129,win,49.944403729102085,33.29626915273472,49.944403729102085,short
82130,82139,loss,-33.29626915273472,33.29626915273472,49.944403729102085,short
82146,82189,win,49.944403729102085,33.29626915273472,49.944403729102085,long
82190,82192,loss,-33.29626915273472,33.29626915273472,49.944403729102085,long
82197,82243,loss,-33.29626915273472,33.29626915273472,49.944403729102085,long
82244,82259,win,49.944403729102085,33.29626915273472,49.944403729102085,short
82261,82268,loss,-33.29626915273472,33.29626915273472,49.944403729102085,short
82275,82336,win,49.944403729102085,33.29626915273472,49.944403729102085,long
82339,82383,loss,-33.29626915273472,33.29626915273472,49.944403729102085,long
82390,82394,loss,-33.29626915273472,33.29626915273472,49.944403729102085,short
82404,82464,win,49.944403729102085,33.29626915273472,49.944403729102085,long
82465,82469,win,49.944403729102085,33.29626915273472,49.944403729102085,long
82470,82477,win,49.944403729102085,33.29626915273472,49.944403729102085,long
82483,82503,loss,-33.29626915273472,33.29626915273472,49.944403729102085,short
82550,82552,win,49.944403729102085,33.29626915273472,49.944403729102085,long
82553,82568,loss,-33.29626915273472,33.29626915273472,49.944403729102085,long
82570,82591,loss,-33.29626915273472,33.29626915273472,49.944403729102085,short
82635,82668,win,49.944403729102085,33.29626915273472,49.944403729102085,short
82669,82671,loss,-33.29626915273472,33.29626915273472,49.944403729102085,short
82716,82731,loss,-33.29626915273472,33.29626915273472,49.944403729102085,long
82735,82741,win,49.944403729102085,33.29626915273472,49.944403729102085,short
82742,82748,loss,-33.29626915273472,33.29626915273472,49.944403729102085,short
82756,82777,loss,-33.29626915273472,33.29626915273472,49.944403729102085,long
82791,82807,win,49.944403729102085,33.29626915273472,49.944403729102085,long
82811,82861,win,49.944403729102085,33.29626915273472,49.944403729102085,long
82880,82882,win,49.944403729102085,33.29626915273472,49.944403729102085,long
82883,82897,loss,-33.29626915273472,33.29626915273472,49.944403729102085,long
82898,82929,win,49.944403729102085,33.29626915273472,49.944403729102085,short
82988,82998,loss,-33.29626915273472,33.29626915273472,49.944403729102085,long
82999,83009,win,49.944403729102085,33.29626915273472,49.944403729102085,short
83010,83016,win,49.944403729102085,33.29626915273472,49.944403729102085,short
83052,83063,loss,-33.29626915273472,33.29626915273472,49.944403729102085,long
83088,83099,loss,-33.29626915273472,33.29626915273472,49.944403729102085,long
83122,83134,loss,-33.29626915273472,33.29626915273472,49.944403729102085,short
83155,83160,win,49.944403729102085,33.29626915273472,49.944403729102085,short
83170,83204,loss,-33.29626915273472,33.29626915273472,49.944403729102085,long
83221,83257,loss,-33.29626915273472,33.29626915273472,49.944403729102085,long
83273,83285,win,49.944403729102085,33.29626915273472,49.944403729102085,short
83292,83293,win,49.944403729102085,33.29626915273472,49.944403729102085,long
83294,83296,win,49.944403729102085,33.29626915273472,49.944403729102085,long
83297,83299,loss,-33.29626915273472,33.29626915273472,49.944403729102085,long
83358,83360,loss,-33.29626915273472,33.29626915273472,49.944403729102085,short
83365,83367,loss,-33.29626915273472,33.29626915273472,49.944403729102085,long
83431,83435,win,49.944403729102085,33.29626915273472,49.944403729102085,long
83436,83444,loss,-33.29626915273472,33.29626915273472,49.944403729102085,long
83447,83478,loss,-33.29626915273472,33.29626915273472,49.944403729102085,short
83495,83498,loss,-33.29626915273472,33.29626915273472,49.944403729102085,short
83502,83504,win,49.944403729102085,33.29626915273472,49.944403729102085,short
83511,83514,loss,-33.29626915273472,33.29626915273472,49.944403729102085,short
83563,83567,loss,-33.29626915273472,33.29626915273472,49.944403729102085,long
83568,83573,loss,-33.29626915273472,33.29626915273472,49.944403729102085,short
83581,83585,win,49.944403729102085,33.29626915273472,49.944403729102085,long
83623,83630,win,49.944403729102085,33.29626915273472,49.944403729102085,long
83661,83686,loss,-33.29626915273472,33.29626915273472,49.944403729102085,short
83695,83713,loss,-33.29626915273472,33.29626915273472,49.944403729102085,long
83714,83745,win,49.944403729102085,33.29626915273472,49.944403729102085,short
83777,83797,win,49.944403729102085,33.29626915273472,49.944403729102085,long
83835,83836,win,49.944403729102085,33.29626915273472,49.944403729102085,short
83838,83844,loss,-33.29626915273472,33.29626915273472,49.944403729102085,short
83857,83860,win,49.944403729102085,33.29626915273472,49.944403729102085,long
83864,83869,loss,-33.29626915273472,33.29626915273472,49.944403729102085,long
83928,83934,loss,-33.29626915273472,33.29626915273472,49.944403729102085,long
83938,83957,win,49.944403729102085,33.29626915273472,49.944403729102085,short
83958,83976,loss,-33.29626915273472,33.29626915273472,49.944403729102085,short
83977,83985,win,49.944403729102085,33.29626915273472,49.944403729102085,long
84004,84053,loss,-33.29626915273472,33.29626915273472,49.944403729102085,short
84081,84103,loss,-33.29626915273472,33.29626915273472,49.944403729102085,short
84104,84123,win,49.944403729102085,33.29626915273472,49.944403729102085,long
84124,84129,loss,-33.29626915273472,33.29626915273472,49.944403729102085,long
84135,84171,loss,-33.29626915273472,33.29626915273472,49.944403729102085,long
84172,84186,loss,-33.29626915273472,33.29626915273472,49.944403729102085,short
84193,84263,loss,-33.29626915273472,33.29626915273472,49.944403729102085,short
84277,84295,loss,-33.29626915273472,33.29626915273472,49.944403729102085,short
84316,84322,loss,-33.29626915273472,33.29626915273472,49.944403729102085,long
84324,84329,loss,-33.29626915273472,33.29626915273472,49.944403729102085,long
84330,84389,loss,-33.29626915273472,33.29626915273472,49.944403729102085,short
84421,84451,loss,-33.29626915273472,33.29626915273472,49.944403729102085,short
84481,84515,win,49.944403729102085,33.29626915273472,49.944403729102085,long
84524,84537,win,49.944403729102085,33.29626915273472,49.944403729102085,long
84538,84549,loss,-33.29626915273472,33.29626915273472,49.944403729102085,long
84551,84552,win,49.944403729102085,33.29626915273472,49.944403729102085,short
84553,84566,loss,-33.29626915273472,33.29626915273472,49.944403729102085,short
84567,84603,loss,-33.29626915273472,33.29626915273472,49.944403729102085,long
84633,84671,loss,-33.29626915273472,33.29626915273472,49.944403729102085,long
84676,84698,win,49.944403729102085,33.29626915273472,49.944403729102085,short
84699,84743,win,49.944403729102085,33.29626915273472,49.944403729102085,short
84766,84784,loss,-33.29626915273472,33.29626915273472,49.944403729102085,short
84785,84798,loss,-33.29626915273472,33.29626915273472,49.944403729102085,long
84824,84841,loss,-33.29626915273472,33.29626915273472,49.944403729102085,short
84850,84864,loss,-33.29626915273472,33.29626915273472,49.944403729102085,long
84920,84932,loss,-33.29626915273472,33.29626915273472,49.944403729102085,long
84975,84981,loss,-33.29626915273472,33.29626915273472,49.944403729102085,short
84989,85019,loss,-33.29626915273472,33.29626915273472,49.944403729102085,long
85020,85047,loss,-33.29626915273472,33.29626915273472,49.944403729102085,short
85048,85088,loss,-33.29626915273472,33.29626915273472,49.944403729102085,long
85089,85112,loss,-33.29626915273472,33.29626915273472,49.944403729102085,short
85113,85154,loss,-33.29626915273472,33.29626915273472,49.944403729102085,long
85155,85162,loss,-33.29626915273472,33.29626915273472,49.944403729102085,short
85179,85187,loss,-33.29626915273472,33.29626915273472,49.944403729102085,short
85249,85289,loss,-33.29626915273472,33.29626915273472,49.944403729102085,long
85293,85294,win,49.944403729102085,33.29626915273472,49.944403729102085,short
85369,85384,loss,-33.29626915273472,33.29626915273472,49.944403729102085,short
85386,85404,win,49.944403729102085,33.29626915273472,49.944403729102085,long
85421,85429,win,49.944403729102085,33.29626915273472,49.944403729102085,short
85430,85472,win,49.944403729102085,33.29626915273472,49.944403729102085,short
85475,85486,loss,-33.29626915273472,33.29626915273472,49.944403729102085,short
85487,85496,loss,-33.29626915273472,33.29626915273472,49.944403729102085,long
85506,85508,loss,-33.29626915273472,33.29626915273472,49.944403729102085,short
85509,85514,loss,-33.29626915273472,33.29626915273472,49.944403729102085,short
85544,85565,loss,-33.29626915273472,33.29626915273472,49.944403729102085,long
85592,85599,win,49.944403729102085,33.29626915273472,49.944403729102085,long
85602,85625,loss,-33.29626915273472,33.29626915273472,49.944403729102085,long
85626,85638,loss,-33.29626915273472,33.29626915273472,49.944403729102085,short
85645,85648,loss,-33.29626915273472,33.29626915273472,49.944403729102085,long
85659,85681,loss,-33.29626915273472,33.29626915273472,49.944403729102085,short
85715,85735,win,49.944403729102085,33.29626915273472,49.944403729102085,short
85736,85772,loss,-33.29626915273472,33.29626915273472,49.944403729102085,short
85774,85776,loss,-33.29626915273472,33.29626915273472,49.944403729102085,long
85800,85833,win,49.944403729102085,33.29626915273472,49.944403729102085,long
85839,85842,loss,-33.29626915273472,33.29626915273472,49.944403729102085,long
85853,85875,loss,-33.29626915273472,33.29626915273472,49.944403729102085,short
85879,85895,loss,-33.29626915273472,33.29626915273472,49.944403729102085,long
85933,85948,loss,-33.29626915273472,33.29626915273472,49.944403729102085,short
86006,86034,win,49.944403729102085,33.29626915273472,49.944403729102085,short
86035,86038,loss,-33.29626915273472,33.29626915273472,49.944403729102085,short
86049,86059,loss,-33.29626915273472,33.29626915273472,49.944403729102085,long
86121,86130,loss,-33.29626915273472,33.29626915273472,49.944403729102085,short
86135,86156,loss,-33.29626915273472,33.29626915273472,49.944403729102085,long
86190,86233,win,49.944403729102085,33.29626915273472,49.944403729102085,short
86243,86246,win,49.944403729102085,33.29626915273472,49.944403729102085,short
86260,86265,loss,-33.29626915273472,33.29626915273472,49.944403729102085,long
86280,86289,loss,-33.29626915273472,33.29626915273472,49.944403729102085,long
86302,86304,win,49.944403729102085,33.29626915273472,49.944403729102085,long
86313,86318,win,49.944403729102085,33.29626915273472,49.944403729102085,long
86375,86376,win,49.944403729102085,33.29626915273472,49.944403729102085,long
86377,86378,win,49.944403729102085,33.29626915273472,49.944403729102085,long
86379,86433,loss,-33.29626915273472,33.29626915273472,49.944403729102085,long
86444,86462,win,49.944403729102085,33.29626915273472,49.944403729102085,short
86464,86489,loss,-33.29626915273472,33.29626915273472,49.944403729102085,short
86521,86567,win,49.944403729102085,33.29626915273472,49.944403729102085,long
86593,86678,win,49.944403729102085,33.29626915273472,49.944403729102085,short
86679,86708,win,49.944403729102085,33.29626915273472,49.944403729102085,short
86720,86743,loss,-33.29626915273472,33.29626915273472,49.944403729102085,long
86767,86777,loss,-33.29626915273472,33.29626915273472,49.944403729102085,short
86807,86808,loss,-33.29626915273472,33.29626915273472,49.944403729102085,short
86889,86919,win,49.944403729102085,33.29626915273472,49.944403729102085,long
86922,86934,win,49.944403729102085,33.29626915273472,49.944403729102085,long
86936,86937,loss,-33.29626915273472,33.29626915273472,49.944403729102085,short
86941,86942,loss,-33.29626915273472,33.29626915273472,49.944403729102085,short
86945,86953,win,49.944403729102085,33.29626915273472,49.944403729102085,short
87007,87036,win,49.944403729102085,33.29626915273472,49.944403729102085,long
87063,87065,loss,-33.29626915273472,33.29626915273472,49.944403729102085,long
87077,87089,loss,-33.29626915273472,33.29626915273472,49.944403729102085,short
87123,87124,loss,-33.29626915273472,33.29626915273472,49.944403729102085,short
87150,87195,loss,-33.29626915273472,33.29626915273472,49.944403729102085,long
87207,87268,win,49.944403729102085,33.29626915273472,49.944403729102085,short
87293,87344,win,49.944403729102085,33.29626915273472,49.944403729102085,long
87359,87406,win,49.944403729102085,33.29626915273472,49.944403729102085,short
87415,87425,loss,-33.29626915273472,33.29626915273472,49.944403729102085,short
87426,87452,loss,-33.29626915273472,33.29626915273472,49.944403729102085,long
87486,87530,win,49.944403729102085,33.29626915273472,49.944403729102085,short
87558,87597,loss,-33.29626915273472,33.29626915273472,49.944403729102085,long
87613,87633,win,49.944403729102085,33.29626915273472,49.944403729102085,long
87671,87702,loss,-33.29626915273472,33.29626915273472,49.944403729102085,short
87722,87726,loss,-33.29626915273472,33.29626915273472,49.944403729102085,long
87750,87774,loss,-33.29626915273472,33.29626915273472,49.944403729102085,short
87775,87781,win,49.944403729102085,33.29626915273472,49.944403729102085,long
87787,87794,loss,-33.29626915273472,33.29626915273472,49.944403729102085,long
87831,87832,loss,-33.29626915273472,33.29626915273472,49.944403729102085,long
87846,87850,win,49.944403729102085,33.29626915273472,49.944403729102085,short
87898,87921,win,49.944403729102085,33.29626915273472,49.944403729102085,short
87957,87966,loss,-33.29626915273472,33.29626915273472,49.944403729102085,long
88025,88042,loss,-33.29626915273472,33.29626915273472,49.944403729102085,short
88068,88088,loss,-33.29626915273472,33.29626915273472,49.944403729102085,short
88095,88122,win,49.944403729102085,33.29626915273472,49.944403729102085,short
88143,88156,win,49.944403729102085,33.29626915273472,49.944403729102085,long
88191,88207,win,49.944403729102085,33.29626915273472,49.944403729102085,short
88208,88220,win,49.944403729102085,33.29626915273472,49.944403729102085,short
88233,88258,win,49.944403729102085,33.29626915273472,49.944403729102085,long
88279,88283,loss,-33.29626915273472,33.29626915273472,49.944403729102085,long
88293,88365,win,49.944403729102085,33.29626915273472,49.944403729102085,short
88371,88392,loss,-33.29626915273472,33.29626915273472,49.944403729102085,long
88396,88400,loss,-33.29626915273472,33.29626915273472,49.944403729102085,short
88440,88468,win,49.944403729102085,33.29626915273472,49.944403729102085,long
88469,88471,loss,-33.29626915273472,33.29626915273472,49.944403729102085,long
88476,88483,win,49.944403729102085,33.29626915273472,49.944403729102085,long
88495,88531,win,49.944403729102085,33.29626915273472,49.944403729102085,short
88557,88590,loss,-33.29626915273472,33.29626915273472,49.944403729102085,long
88670,88713,win,49.944403729102085,33.29626915273472,49.944403729102085,long
88715,88727,win,49.944403729102085,33.29626915273472,49.944403729102085,long
88739,88751,loss,-33.29626915273472,33.29626915273472,49.944403729102085,short
88762,88777,loss,-33.29626915273472,33.29626915273472,49.944403729102085,long
88831,88833,win,49.944403729102085,33.29626915273472,49.944403729102085,long
88834,88842,loss,-33.29626915273472,33.29626915273472,49.944403729102085,long
88847,88885,win,49.944403729102085,33.29626915273472,49.944403729102085,short
88909,88922,loss,-33.29626915273472,33.29626915273472,49.944403729102085,long
88923,88924,loss,-33.29626915273472,33.29626915273472,49.944403729102085,short
88937,88958,win,49.944403729102085,33.29626915273472,49.944403729102085,long
89032,89079,loss,-33.29626915273472,33.29626915273472,49.944403729102085,long
89091,89096,loss,-33.29626915273472,33.29626915273472,49.944403729102085,long
89116,89158,loss,-33.29626915273472,33.29626915273472,49.944403729102085,short
89164,89172,win,49.944403729102085,33.29626915273472,49.944403729102085,long
89173,89176,loss,-33.29626915273472,33.29626915273472,49.944403729102085,long
89258,89286,loss,-33.29626915273472,33.29626915273472,49.944403729102085,short
89298,89299,win,49.944403729102085,33.29626915273472,49.944403729102085,short
89300,89303,loss,-33.29626915273472,33.29626915273472,49.944403729102085,short
89313,89317,win,49.944403729102085,33.29626915273472,49.944403729102085,long
89318,89319,win,49.944403729102085,33.29626915273472,49.944403729102085,long
89322,89336,loss,-33.29626915273472,33.29626915273472,49.944403729102085,short
89369,89370,loss,-33.29626915273472,33.29626915273472,49.944403729102085,long
89373,89376,loss,-33.29626915273472,33.29626915273472,49.944403729102085,long
89416,89418,loss,-33.29626915273472,33.29626915273472,49.944403729102085,short
89503,89504,loss,-33.29626915273472,33.29626915273472,49.944403729102085,long
89505,89508,loss,-33.29626915273472,33.29626915273472,49.944403729102085,long
89512,89516,loss,-33.29626915273472,33.29626915273472,49.944403729102085,long
89523,89532,win,49.944403729102085,33.29626915273472,49.944403729102085,long
89533,89534,win,49.944403729102085,33.29626915273472,49.944403729102085,long
89548,89556,loss,-33.29626915273472,33.29626915273472,49.944403729102085,short
89595,89601,win,49.944403729102085,33.29626915273472,49.944403729102085,short
89604,89613,win,49.944403729102085,33.29626915273472,49.944403729102085,short
89666,89670,win,49.944403729102085,33.29626915273472,49.944403729102085,short
89671,89672,loss,-33.29626915273472,33.29626915273472,49.944403729102085,short
89708,89713,loss,-33.29626915273472,33.29626915273472,49.944403729102085,long
89734,89737,win,49.944403729102085,33.29626915273472,49.944403729102085,short
89751,89752,win,49.944403729102085,33.29626915273472,49.944403729102085,long
89753,89754,win,49.944403729102085,33.29626915273472,49.944403729102085,long
89755,89769,loss,-33.29626915273472,33.29626915273472,49.944403729102085,long
89852,89855,loss,-33.29626915273472,33.29626915273472,49.944403729102085,short
89859,89895,win,49.944403729102085,33.29626915273472,49.944403729102085,short
89909,89911,win,49.944403729102085,33.29626915273472,49.944403729102085,long
89912,89916,win,49.944403729102085,33.29626915273472,49.944403729102085,long
89917,89918,win,49.944403729102085,33.29626915273472,49.944403729102085,long
89919,89925,win,49.944403729102085,33.29626915273472,49.944403729102085,long
89933,89936,win,49.944403729102085,33.29626915273472,49.944403729102085,short
89937,89955,win,49.944403729102085,33.29626915273472,49.944403729102085,short
90002,90009,win,49.944403729102085,33.29626915273472,49.944403729102085,short
90022,90024,loss,-33.29626915273472,33.29626915273472,49.944403729102085,short
90032,90034,loss,-33.29626915273472,33.29626915273472,49.944403729102085,short
90038,90040,loss,-33.29626915273472,33.29626915273472,49.944403729102085,long
90042,90046,loss,-33.29626915273472,33.29626915273472,49.944403729102085,long
90074,90077,win,49.944403729102085,33.29626915273472,49.944403729102085,long
90078,90083,loss,-33.29626915273472,33.29626915273472,49.944403729102085,long
90121,90131,loss,-33.29626915273472,33.29626915273472,49.944403729102085,short
90134,90137,loss,-33.29626915273472,33.29626915273472,49.944403729102085,long
90157,90160,loss,-33.29626915273472,33.29626915273472,49.944403729102085,short
90190,90193,win,49.944403729102085,33.29626915273472,49.944403729102085,short
90194,90204,win,49.944403729102085,33.29626915273472,49.944403729102085,short
90271,90276,loss,-33.29626915273472,33.29626915273472,49.944403729102085,short
90289,90299,loss,-33.29626915273472,33.29626915273472,49.944403729102085,long
90313,90315,loss,-33.29626915273472,33.29626915273472,49.944403729102085,long
90322,90323,win,49.944403729102085,33.29626915273472,49.944403729102085,short
90324,90327,loss,-33.29626915273472,33.29626915273472,49.944403729102085,short
90336,90338,loss,-33.29626915273472,33.29626915273472,49.944403729102085,long
90409,90414,loss,-33.29626915273472,33.29626915273472,49.944403729102085,long
90432,90446,loss,-33.29626915273472,33.29626915273472,49.944403729102085,short
90459,90470,loss,-33.29626915273472,33.29626915273472,49.944403729102085,short
90523,90528,loss,-33.29626915273472,33.29626915273472,49.944403729102085,long
90531,90586,win,49.944403729102085,33.29626915273472,49.944403729102085,long
90594,90595,win,49.944403729102085,33.29626915273472,49.944403729102085,long
90598,90599,loss,-33.29626915273472,33.29626915273472,49.944403729102085,long
90603,90609,win,49.944403729102085,33.29626915273472,49.944403729102085,long
90614,90615,loss,-33.29626915273472,33.29626915273472,49.944403729102085,long
90624,90643,loss,-33.29626915273472,33.29626915273472,49.944403729102085,short
90657,90658,win,49.944403729102085,33.29626915273472,49.944403729102085,short
90677,90678,loss,-33.29626915273472,33.29626915273472,49.944403729102085,short
90780,90794,loss,-33.29626915273472,33.29626915273472,49.944403729102085,long
90797,90807,win,49.944403729102085,33.29626915273472,49.944403729102085,short
90837,90845,loss,-33.29626915273472,33.29626915273472,49.944403729102085,short
90846,90856,loss,-33.29626915273472,33.29626915273472,49.944403729102085,long
90866,90869,loss,-33.29626915273472,33.29626915273472,49.944403729102085,short
90879,90885,loss,-33.29626915273472,33.29626915273472,49.944403729102085,long
90930,90931,loss,-33.29626915273472,33.29626915273472,49.944403729102085,short
90934,90936,win,49.944403729102085,33.29626915273472,49.944403729102085,long
90937,90943,win,49.944403729102085,33.29626915273472,49.944403729102085,long
90944,90952,loss,-33.29626915273472,33.29626915273472,49.944403729102085,long
90979,90981,win,49.944403729102085,33.29626915273472,49.944403729102085,short
90982,90987,win,49.944403729102085,33.29626915273472,49.944403729102085,short
90992,90997,loss,-33.29626915273472,33.29626915273472,49.944403729102085,short
91023,91027,loss,-33.29626915273472,33.29626915273472,49.944403729102085,short
91036,91059,win,49.944403729102085,33.29626915273472,49.944403729102085,long
91083,91087,win,49.944403729102085,33.29626915273472,49.944403729102085,short
91123,91136,win,49.944403729102085,33.29626915273472,49.944403729102085,long
91209,91222,loss,-33.29626915273472,33.29626915273472,49.944403729102085,short
91223,91224,win,49.944403729102085,33.29626915273472,49.944403729102085,long
91225,91240,loss,-33.29626915273472,33.29626915273472,49.944403729102085,long
91283,91287,loss,-33.29626915273472,33.29626915273472,49.944403729102085,short
91292,91309,loss,-33.29626915273472,33.29626915273472,49.944403729102085,short
91310,91328,loss,-33.29626915273472,33.29626915273472,49.944403729102085,long
91339,91343,win,49.944403729102085,33.29626915273472,49.944403729102085,short
91370,91378,loss,-33.29626915273472,33.29626915273472,49.944403729102085,long
91393,91395,loss,-33.29626915273472,33.29626915273472,49.944403729102085,short
91396,91408,loss,-33.29626915273472,33.29626915273472,49.944403729102085,short
91465,91467,win,49.944403729102085,33.29626915273472,49.944403729102085,long
91481,91494,win,49.944403729102085,33.29626915273472,49.944403729102085,short
91495,91516,win,49.944403729102085,33.29626915273472,49.944403729102085,short
91524,91525,win,49.944403729102085,33.29626915273472,49.944403729102085,short
91526,91548,win,49.944403729102085,33.29626915273472,49.944403729102085,short
91568,91571,loss,-33.29626915273472,33.29626915273472,49.944403729102085,long
91619,91621,loss,-33.29626915273472,33.29626915273472,49.944403729102085,long
91646,91653,loss,-33.29626915273472,33.29626915273472,49.944403729102085,long
91660,91666,loss,-33.29626915273472,33.29626915273472,49.944403729102085,short
91731,91756,loss,-33.29626915273472,33.29626915273472,49.944403729102085,short
91758,91761,win,49.944403729102085,33.29626915273472,49.944403729102085,long
91762,91763,loss,-33.29626915273472,33.29626915273472,49.944403729102085,long
91771,91775,win,49.944403729102085,33.29626915273472,49.944403729102085,long
91798,91804,loss,-33.29626915273472,33.29626915273472,49.944403729102085,short
91816,91826,win,49.944403729102085,33.29626915273472,49.944403729102085,short
91827,91831,loss,-33.29626915273472,33.29626915273472,49.944403729102085,short
91876,91888,win,49.944403729102085,33.29626915273472,49.944403729102085,long
91902,91953,win,49.944403729102085,33.29626915273472,49.944403729102085,short
91954,91955,loss,-33.29626915273472,33.29626915273472,49.944403729102085,short
91956,91957,win,49.944403729102085,33.29626915273472,49.944403729102085,short
91958,91961,win,49.944403729102085,33.29626915273472,49.944403729102085,short
91972,91993,loss,-33.29626915273472,33.29626915273472,49.944403729102085,long
92060,92079,win,49.944403729102085,33.29626915273472,49.944403729102085,long
92108,92160,win,49.944403729102085,33.29626915273472,49.944403729102085,short
92164,92166,loss,-33.29626915273472,33.29626915273472,49.944403729102085,short
92198,92209,win,49.944403729102085,33.29626915273472,49.944403729102085,long
92210,92215,loss,-33.29626915273472,33.29626915273472,49.944403729102085,long
92221,92235,win,49.944403729102085,33.29626915273472,49.944403729102085,long
92246,92250,loss,-33.29626915273472,33.29626915273472,49.944403729102085,short
92265,92285,win,49.944403729102085,33.29626915273472,49.944403729102085,short
92306,92327,win,49.944403729102085,33.29626915273472,49.944403729102085,long
92328,92339,win,49.944403729102085,33.29626915273472,49.944403729102085,long
92351,92354,loss,-33.29626915273472,33.29626915273472,49.944403729102085,short
92358,92366,loss,-33.29626915273472,33.29626915273472,49.944403729102085,short
92412,92423,loss,-33.29626915273472,33.29626915273472,49.944403729102085,short
92486,92501,win,49.944403729102085,33.29626915273472,49.944403729102085,short
92503,92508,loss,-33.29626915273472,33.29626915273472,49.944403729102085,short
92519,92528,loss,-33.29626915273472,33.29626915273472,49.944403729102085,long
92529,92541,win,49.944403729102085,33.29626915273472,49.944403729102085,short
92558,92562,win,49.944403729102085,33.29626915273472,49.944403729102085,long
92563,92576,loss,-33.29626915273472,33.29626915273472,49.944403729102085,long
92673,92676,loss,-33.29626915273472,33.29626915273472,49.944403729102085,long
92678,92681,loss,-33.29626915273472,33.29626915273472,49.944403729102085,long
92687,92707,loss,-33.29626915273472,33.29626915273472,49.944403729102085,short
92729,92746,win,49.944403729102085,33.29626915273472,49.944403729102085,short
92748,92757,loss,-33.29626915273472,33.29626915273472,49.944403729102085,short
92766,92767,win,49.944403729102085,33.29626915273472,49.944403729102085,long
92768,92779,loss,-33.29626915273472,33.29626915273472,49.944403729102085,long
92826,92846,loss,-33.29626915273472,33.29626915273472,49.944403729102085,short
92865,92880,loss,-33.29626915273472,33.29626915273472,49.944403729102085,short
92885,92895,win,49.944403729102085,33.29626915273472,49.944403729102085,long
92896,92913,win,49.944403729102085,33.29626915273472,49.944403729102085,long
92927,92943,win,49.944403729102085,33.29626915273472,49.944403729102085,short
92987,92989,win,49.944403729102085,33.29626915273472,49.944403729102085,short
92990,92997,loss,-33.29626915273472,33.29626915273472,49.944403729102085,short
93006,93038,win,49.944403729102085,33.29626915273472,49.944403729102085,long
93039,93080,loss,-33.29626915273472,33.29626915273472,49.944403729102085,long
93086,93106,loss,-33.29626915273472,33.29626915273472,49.944403729102085,short
93107,93157,win,49.944403729102085,33.29626915273472,49.944403729102085,long
93188,93190,loss,-33.29626915273472,33.29626915273472,49.944403729102085,short
93193,93213,win,49.944403729102085,33.29626915273472,49.944403729102085,short
93215,93222,win,49.944403729102085,33.29626915273472,49.944403729102085,long
93223,93231,win,49.944403729102085,33.29626915273472,49.944403729102085,long
93320,93322,loss,-33.29626915273472,33.29626915273472,49.944403729102085,long
93323,93326,loss,-33.29626915273472,33.29626915273472,49.944403729102085,long
93385,93387,loss,-33.29626915273472,33.29626915273472,49.944403729102085,short
93435,93437,loss,-33.29626915273472,33.29626915273472,49.944403729102085,long
93454,93455,win,49.944403729102085,33.29626915273472,49.944403729102085,short
93456,93458,loss,-33.29626915273472,33.29626915273472,49.944403729102085,short
93506,93510,loss,-33.29626915273472,33.29626915273472,49.944403729102085,long
93518,93523,loss,-33.29626915273472,33.29626915273472,49.944403729102085,long
93524,93527,loss,-33.29626915273472,33.29626915273472,49.944403729102085,long
93533,93537,loss,-33.29626915273472,33.29626915273472,49.944403729102085,short
93538,93553,loss,-33.29626915273472,33.29626915273472,49.944403729102085,long
93602,93605,loss,-33.29626915273472,33.29626915273472,49.944403729102085,short
93656,93657,loss,-33.29626915273472,33.29626915273472,49.944403729102085,long
93658,93659,loss,-33.29626915273472,33.29626915273472,49.944403729102085,long
93668,93671,loss,-33.29626915273472,33.29626915273472,49.944403729102085,long
93675,93682,win,49.944403729102085,33.29626915273472,49.944403729102085,short
93683,93705,win,49.944403729102085,33.29626915273472,49.944403729102085,short
93762,93800,loss,-33.29626915273472,33.29626915273472,49.944403729102085,long
93814,93816,loss,-33.29626915273472,33.29626915273472,49.944403729102085,long
93875,93878,loss,-33.29626915273472,33.29626915273472,49.944403729102085,short
93885,93899,loss,-33.29626915273472,33.29626915273472,49.944403729102085,long
93903,93923,win,49.944403729102085,33.29626915273472,49.944403729102085,short
93927,93933,loss,-33.29626915273472,33.29626915273472,49.944403729102085,short
93949,93957,win,49.944403729102085,33.29626915273472,49.944403729102085,short
93958,93964,loss,-33.29626915273472,33.29626915273472,49.944403729102085,short
93981,94001,loss,-33.29626915273472,33.29626915273472,49.944403729102085,long
94052,94071,win,49.944403729102085,33.29626915273472,49.944403729102085,long
94076,94107,loss,-33.29626915273472,33.29626915273472,49.944403729102085,short
94144,94151,loss,-33.29626915273472,33.29626915273472,49.944403729102085,long
94166,94171,loss,-33.29626915273472,33.29626915273472,49.944403729102085,long
94225,94228,win,49.944403729102085,33.29626915273472,49.944403729102085,short
94229,94233,loss,-33.29626915273472,33.29626915273472,49.944403729102085,short
94243,94244,loss,-33.29626915273472,33.29626915273472,49.944403729102085,long
94291,94348,win,49.944403729102085,33.29626915273472,49.944403729102085,long
94355,94379,loss,-33.29626915273472,33.29626915273472,49.944403729102085,short
94396,94417,win,49.944403729102085,33.29626915273472,49.944403729102085,short
94430,94448,loss,-33.29626915273472,33.29626915273472,49.944403729102085,long
94456,94471,win,49.944403729102085,33.29626915273472,49.944403729102085,short
94527,94532,loss,-33.29626915273472,33.29626915273472,49.944403729102085,long
94570,94579,loss,-33.29626915273472,33.29626915273472,49.944403729102085,long
94581,94585,loss,-33.29626915273472,33.29626915273472,49.944403729102085,short
94593,94595,loss,-33.29626915273472,33.29626915273472,49.944403729102085,long
94661,94663,loss,-33.29626915273472,33.29626915273472,49.944403729102085,short
94674,94683,loss,-33.29626915273472,33.29626915273472,49.944403729102085,long
94728,94750,loss,-33.29626915273472,33.29626915273472,49.944403729102085,short
94751,94757,win,49.944403729102085,33.29626915273472,49.944403729102085,long
94796,94816,loss,-33.29626915273472,33.29626915273472,49.944403729102085,short
94854,94864,loss,-33.29626915273472,33.29626915273472,49.944403729102085,short
94890,94895,loss,-33.29626915273472,33.29626915273472,49.944403729102085,short
94901,94933,win,49.944403729102085,33.29626915273472,49.944403729102085,long
94956,95018,loss,-33.29626915273472,33.29626915273472,49.944403729102085,short
95019,95023,win,49.944403729102085,33.29626915273472,49.944403729102085,long
95057,95095,loss,-33.29626915273472,33.29626915273472,49.944403729102085,short
95125,95153,win,49.944403729102085,33.29626915273472,49.944403729102085,short
95154,95160,loss,-33.29626915273472,33.29626915273472,49.944403729102085,short
95168,95199,win,49.944403729102085,33.29626915273472,49.944403729102085,long
95227,95255,win,49.944403729102085,33.29626915273472,49.944403729102085,long
95269,95281,win,49.944403729102085,33.29626915273472,49.944403729102085,short
95284,95296,loss,-33.29626915273472,33.29626915273472,49.944403729102085,short
95299,95364,win,49.944403729102085,33.29626915273472,49.944403729102085,long
95367,95370,loss,-33.29626915273472,33.29626915273472,49.944403729102085,long
95411,95436,loss,-33.29626915273472,33.29626915273472,49.944403729102085,long
95447,95487,win,49.944403729102085,33.29626915273472,49.944403729102085,short
95495,95501,win,49.944403729102085,33.29626915273472,49.944403729102085,long
95502,95503,loss,-33.29626915273472,33.29626915273472,49.944403729102085,long
95524,95534,loss,-33.29626915273472,33.29626915273472,49.944403729102085,long
95535,95550,loss,-33.29626915273472,33.29626915273472,49.944403729102085,short
95567,95569,loss,-33.29626915273472,33.29626915273472,49.944403729102085,short
95586,95589,loss,-33.29626915273472,33.29626915273472,49.944403729102085,long
95591,95594,loss,-33.29626915273472,33.29626915273472,49.944403729102085,long
95620,95627,loss,-33.29626915273472,33.29626915273472,49.944403729102085,long
95634,95638,loss,-33.29626915273472,33.29626915273472,49.944403729102085,short
95652,95653,loss,-33.29626915273472,33.29626915273472,49.944403729102085,short
95654,95656,loss,-33.29626915273472,33.29626915273472,49.944403729102085,short
95658,95663,win,49.944403729102085,33.29626915273472,49.944403729102085,short
95702,95712,win,49.944403729102085,33.29626915273472,49.944403729102085,long
95729,95733,loss,-33.29626915273472,33.29626915273472,49.944403729102085,long
95743,95748,win,49.944403729102085,33.29626915273472,49.944403729102085,short
95791,95808,win,49.944403729102085,33.29626915273472,49.944403729102085,long
95841,95850,win,49.944403729102085,33.29626915273472,49.944403729102085,short
95851,95894,win,49.944403729102085,33.29626915273472,49.944403729102085,short
95940,95964,loss,-33.29626915273472,33.29626915273472,49.944403729102085,short
95979,95981,loss,-33.29626915273472,33.29626915273472,49.944403729102085,short
95992,95995,loss,-33.29626915273472,33.29626915273472,49.944403729102085,long
96006,96009,win,49.944403729102085,33.29626915273472,49.944403729102085,short
96012,96017,win,49.944403729102085,33.29626915273472,49.944403729102085,long
96018,96019,loss,-33.29626915273472,33.29626915273472,49.944403729102085,long
96020,96021,win,49.944403729102085,33.29626915273472,49.944403729102085,long
96022,96023,win,49.944403729102085,33.29626915273472,49.944403729102085,long
96024,96025,win,49.944403729102085,33.29626915273472,49.944403729102085,long
96026,96027,loss,-33.29626915273472,33.29626915273472,49.944403729102085,long
96040,96042,win,49.944403729102085,33.29626915273472,49.944403729102085,short
96077,96078,loss,-33.29626915273472,33.29626915273472,49.944403729102085,short
96154,96157,win,49.944403729102085,33.29626915273472,49.944403729102085,short
96158,96166,win,49.944403729102085,33.29626915273472,49.944403729102085,short
96199,96215,loss,-33.29626915273472,33.29626915273472,49.944403729102085,long
96228,96233,loss,-33.29626915273472,33.29626915273472,49.944403729102085,long
96280,96286,win,49.944403729102085,33.29626915273472,49.944403729102085,short
96287,96317,loss,-33.29626915273472,33.29626915273472,49.944403729102085,short
96336,96338,loss,-33.29626915273472,33.29626915273472,49.944403729102085,long
96357,96364,win,49.944403729102085,33.29626915273472,49.944403729102085,long
96365,96376,win,49.944403729102085,33.29626915273472,49.944403729102085,long
96377,96400,win,49.944403729102085,33.29626915273472,49.944403729102085,long
96414,96417,loss,-33.29626915273472,33.29626915273472,49.944403729102085,short
96421,96423,win,49.944403729102085,33.29626915273472,49.944403729102085,short
96435,96436,win,49.944403729102085,33.29626915273472,49.944403729102085,long
96490,96491,win,49.944403729102085,33.29626915273472,49.944403729102085,short
96518,96523,loss,-33.29626915273472,33.29626915273472,49.944403729102085,long
96544,96553,win,49.944403729102085,33.29626915273472,49.944403729102085,long
96554,96558,win,49.944403729102085,33.29626915273472,49.944403729102085,long
96559,96577,loss,-33.29626915273472,33.29626915273472,49.944403729102085,long
96594,96597,win,49.944403729102085,33.29626915273472,49.944403729102085,short
96600,96610,win,49.944403729102085,33.29626915273472,49.944403729102085,short
96665,96673,loss,-33.29626915273472,33.29626915273472,49.944403729102085,short
96685,96695,loss,-33.29626915273472,33.29626915273472,49.944403729102085,long
96730,96731,loss,-33.29626915273472,33.29626915273472,49.944403729102085,short
96744,96749,win,49.944403729102085,33.29626915273472,49.944403729102085,long
96758,96762,loss,-33.29626915273472,33.29626915273472,49.944403729102085,long
96826,96831,loss,-33.29626915273472,33.29626915273472,49.944403729102085,short
96840,96859,loss,-33.29626915273472,33.29626915273472,49.944403729102085,long
96871,96874,loss,-33.29626915273472,33.29626915273472,49.944403729102085,short
96877,96880,win,49.944403729102085,33.29626915273472,49.944403729102085,short
96894,96903,loss,-33.29626915273472,33.29626915273472,49.944403729102085,long
96917,96923,win,49.944403729102085,33.29626915273472,49.944403729102085,long
96962,96966,loss,-33.29626915273472,33.29626915273472,49.944403729102085,short
96974,96978,win,49.944403729102085,33.29626915273472,49.944403729102085,short
96986,96993,win,49.944403729102085,33.29626915273472,49.944403729102085,short
97017,97031,win,49.944403729102085,33.29626915273472,49.944403729102085,long
97032,97040,loss,-33.29626915273472,33.29626915273472,49.944403729102085,long
97078,97079,loss,-33.29626915273472,33.29626915273472,49.944403729102085,short
97082,97083,loss,-33.29626915273472,33.29626915273472,49.944403729102085,short
97098,97099,win,49.944403729102085,33.29626915273472,49.944403729102085,long
97100,97101,loss,-33.29626915273472,33.29626915273472,49.944403729102085,long
97113,97147,loss,-33.29626915273472,33.29626915273472,49.944403729102085,short
97185,97201,win,49.944403729102085,33.29626915273472,49.944403729102085,long
97202,97212,loss,-33.29626915273472,33.29626915273472,49.944403729102085,long
97264,97277,win,49.944403729102085,33.29626915273472,49.944403729102085,short
97278,97281,win,49.944403729102085,33.29626915273472,49.944403729102085,short
97283,97289,loss,-33.29626915273472,33.29626915273472,49.944403729102085,short
97329,97339,win,49.944403729102085,33.29626915273472,49.944403729102085,long
97360,97372,win,49.944403729102085,33.29626915273472,49.944403729102085,long
97392,97424,win,49.944403729102085,33.29626915273472,49.944403729102085,short
97442,97447,loss,-33.29626915273472,33.29626915273472,49.944403729102085,long
97453,97492,win,49.944403729102085,33.29626915273472,49.944403729102085,short
97500,97508,loss,-33.29626915273472,33.29626915273472,49.944403729102085,long
97524,97528,loss,-33.29626915273472,33.29626915273472,49.944403729102085,long
97585,97627,loss,-33.29626915273472,33.29626915273472,49.944403729102085,short
97628,97630,win,49.944403729102085,33.29626915273472,49.944403729102085,long
97647,97682,win,49.944403729102085,33.29626915273472,49.944403729102085,long
97743,97752,win,49.944403729102085,33.29626915273472,49.944403729102085,short
97765,97766,win,49.944403729102085,33.29626915273472,49.944403729102085,long
97767,97768,loss,-33.29626915273472,33.29626915273472,49.944403729102085,long
97794,97844,loss,-33.29626915273472,33.29626915273472,49.944403729102085,short
97845,97869,loss,-33.29626915273472,33.29626915273472,49.944403729102085,long
97870,97884,loss,-33.29626915273472,33.29626915273472,49.944403729102085,short
97886,97888,win,49.944403729102085,33.29626915273472,49.944403729102085,long
97889,97904,win,49.944403729102085,33.29626915273472,49.944403729102085,long
97932,97938,loss,-33.29626915273472,33.29626915273472,49.944403729102085,short
97978,97986,loss,-33.29626915273472,33.29626915273472,49.944403729102085,short
98016,98037,loss,-33.29626915273472,33.29626915273472,49.944403729102085,short
98038,98110,loss,-33.29626915273472,33.29626915273472,49.944403729102085,long
98111,98114,win,49.944403729102085,33.29626915273472,49.944403729102085,short
98115,98136,win,49.944403729102085,33.29626915273472,49.944403729102085,short
98152,98162,loss,-33.29626915273472,33.29626915273472,49.944403729102085,long
98184,98205,loss,-33.29626915273472,33.29626915273472,49.944403729102085,long
98233,98250,loss,-33.29626915273472,33.29626915273472,49.944403729102085,short
98251,98280,win,49.944403729102085,33.29626915273472,49.944403729102085,long
98281,98293,win,49.944403729102085,33.29626915273472,49.944403729102085,long
98321,98325,win,49.944403729102085,33.29626915273472,49.944403729102085,short
98330,98388,loss,-33.29626915273472,33.29626915273472,49.944403729102085,short
98391,98397,loss,-33.29626915273472,33.29626915273472,49.944403729102085,long
98405,98406,win,49.944403729102085,33.29626915273472,49.944403729102085,short
98407,98455,loss,-33.29626915273472,33.29626915273472,49.944403729102085,short
98456,98457,loss,-33.29626915273472,33.29626915273472,49.944403729102085,long
98459,98466,loss,-33.29626915273472,33.29626915273472,49.944403729102085,long
98469,98508,loss,-33.29626915273472,33.29626915273472,49.944403729102085,short
98547,98557,loss,-33.29626915273472,33.29626915273472,49.944403729102085,short
98558,98580,win,49.944403729102085,33.29626915273472,49.944403729102085,long
98603,98607,loss,-33.29626915273472,33.29626915273472,49.944403729102085,short
98669,98677,loss,-33.29626915273472,33.29626915273472,49.944403729102085,long
98680,98689,win,49.944403729102085,33.29626915273472,49.944403729102085,long
98690,98721,loss,-33.29626915273472,33.29626915273472,49.944403729102085,long
98763,98779,loss,-33.29626915273472,33.29626915273472,49.944403729102085,short
98826,98840,win,49.944403729102085,33.29626915273472,49.944403729102085,short
98862,98922,win,49.944403729102085,33.29626915273472,49.944403729102085,long
98937,98938,loss,-33.29626915273472,33.29626915273472,49.944403729102085,short
98964,99008,win,49.944403729102085,33.29626915273472,49.944403729102085,short
99009,99025,win,49.944403729102085,33.29626915273472,49.944403729102085,short
99057,99068,loss,-33.29626915273472,33.29626915273472,49.944403729102085,long
99077,99081,loss,-33.29626915273472,33.29626915273472,49.944403729102085,short
99090,99141,win,49.944403729102085,33.29626915273472,49.944403729102085,long
99142,99146,win,49.944403729102085,33.29626915273472,49.944403729102085,long
99151,99152,loss,-33.29626915273472,33.29626915273472,49.944403729102085,long
99155,99156,win,49.944403729102085,33.29626915273472,49.944403729102085,short
99160,99180,win,49.944403729102085,33.29626915273472,49.944403729102085,short
99252,99267,loss,-33.29626915273472,33.29626915273472,49.944403729102085,long
99268,99292,win,49.944403729102085,33.29626915273472,49.944403729102085,short
99296,99304,win,49.944403729102085,33.29626915273472,49.944403729102085,short
99305,99320,loss,-33.29626915273472,33.29626915273472,49.944403729102085,short
99321,99351,loss,-33.29626915273472,33.29626915273472,49.944403729102085,long
99379,99383,loss,-33.29626915273472,33.29626915273472,49.944403729102085,long
99433,99471,loss,-33.29626915273472,33.29626915273472,49.944403729102085,long
99472,99488,loss,-33.29626915273472,33.29626915273472,49.944403729102085,short
99490,99491,loss,-33.29626915273472,33.29626915273472,49.944403729102085,long
99526,99542,loss,-33.29626915273472,33.29626915273472,49.944403729102085,short
99608,99617,win,49.944403729102085,33.29626915273472,49.944403729102085,long
99621,99628,win,49.944403729102085,33.29626915273472,49.944403729102085,long
99629,99632,win,49.944403729102085,33.29626915273472,49.944403729102085,long
99646,99657,loss,-33.29626915273472,33.29626915273472,49.944403729102085,short
99671,99686,loss,-33.29626915273472,33.29626915273472,49.944403729102085,short
99695,99715,loss,-33.29626915273472,33.29626915273472,49.944403729102085,short
99745,99754,loss,-33.29626915273472,33.29626915273472,49.944403729102085,long
99756,99757,loss,-33.29626915273472,33.29626915273472,49.944403729102085,short
99759,99765,win,49.944403729102085,33.29626915273472,49.944403729102085,short
99766,99826,win,49.944403729102085,33.29626915273472,49.944403729102085,short
99832,99840,loss,-33.29626915273472,33.29626915273472,49.944403729102085,long
99842,99859,win,49.944403729102085,33.29626915273472,49.944403729102085,short
99872,99885,loss,-33.29626915273472,33.29626915273472,49.944403729102085,long
99908,99961,loss,-33.29626915273472,33.29626915273472,49.944403729102085,long
99962,99975,win,49.944403729102085,33.29626915273472,49.944403729102085,short
99979,99990,loss,-33.29626915273472,33.29626915273472,49.944403729102085,short
99991,100021,loss,-33.29626915273472,33.29626915273472,49.944403729102085,short
100068,100075,loss,-33.29626915273472,33.29626915273472,49.944403729102085,long
100077,100099,loss,-33.29626915273472,33.29626915273472,49.944403729102085,short
100102,100106,loss,-33.29626915273472,33.29626915273472,49.944403729102085,short
100116,100119,loss,-33.29626915273472,33.29626915273472,49.944403729102085,long
100171,100175,loss,-33.29626915273472,33.29626915273472,49.944403729102085,short
100196,100221,win,49.944403729102085,33.29626915273472,49.944403729102085,long
100238,100289,loss,-33.29626915273472,33.29626915273472,49.944403729102085,short
100303,100350,loss,-33.29626915273472,33.29626915273472,49.944403729102085,short
100351,100356,loss,-33.29626915273472,33.29626915273472,49.944403729102085,short
100357,100373,win,49.944403729102085,33.29626915273472,49.944403729102085,long
100400,100402,loss,-33.29626915273472,33.29626915273472,49.944403729102085,long
100414,100444,loss,-33.29626915273472,33.29626915273472,49.944403729102085,short
100470,100557,loss,-33.29626915273472,33.29626915273472,49.944403729102085,short
100558,100573,loss,-33.29626915273472,33.29626915273472,49.944403729102085,long
100577,100623,win,49.944403729102085,33.29626915273472,49.944403729102085,short
100624,100628,win,49.944403729102085,33.29626915273472,49.944403729102085,short
100629,100678,win,49.944403729102085,33.29626915273472,49.944403729102085,short
100688,100698,loss,-33.29626915273472,33.29626915273472,49.944403729102085,long
100700,100711,loss,-33.29626915273472,33.29626915273472,49.944403729102085,short
100776,100786,loss,-33.29626915273472,33.29626915273472,49.944403729102085,long
100836,100846,win,49.944403729102085,33.29626915273472,49.944403729102085,short
100847,100857,loss,-33.29626915273472,33.29626915273472,49.944403729102085,short
100868,100871,loss,-33.29626915273472,33.29626915273472,49.944403729102085,long
100912,100968,win,49.944403729102085,33.29626915273472,49.944403729102085,short
100970,100973,win,49.944403729102085,33.29626915273472,49.944403729102085,short
100977,100979,win,49.944403729102085,33.29626915273472,49.944403729102085,short
100980,100982,win,49.944403729102085,33.29626915273472,49.944403729102085,short
101008,101041,loss,-33.29626915273472,33.29626915273472,49.944403729102085,long
101051,101052,loss,-33.29626915273472,33.29626915273472,49.944403729102085,short
101110,101117,loss,-33.29626915273472,33.29626915273472,49.944403729102085,short
101133,101136,loss,-33.29626915273472,33.29626915273472,49.944403729102085,long
101143,101149,loss,-33.29626915273472,33.29626915273472,49.944403729102085,long
101177,101180,loss,-33.29626915273472,33.29626915273472,49.944403729102085,long
101185,101186,loss,-33.29626915273472,33.29626915273472,49.944403729102085,short
101200,101207,win,49.944403729102085,33.29626915273472,49.944403729102085,long
101209,101213,loss,-33.29626915273472,33.29626915273472,49.944403729102085,long
101270,101296,loss,-33.29626915273472,33.29626915273472,49.944403729102085,short
101324,101329,loss,-33.29626915273472,33.29626915273472,49.944403729102085,long
101338,101343,loss,-33.29626915273472,33.29626915273472,49.944403729102085,short
101352,101381,loss,-33.29626915273472,33.29626915273472,49.944403729102085,long
101407,101421,loss,-33.29626915273472,33.29626915273472,49.944403729102085,short
101427,101441,loss,-33.29626915273472,33.29626915273472,49.944403729102085,long
101480,101516,win,49.944403729102085,33.29626915273472,49.944403729102085,short
101528,101536,loss,-33.29626915273472,33.29626915273472,49.944403729102085,long
101609,101621,loss,-33.29626915273472,33.29626915273472,49.944403729102085,short
101622,101665,win,49.944403729102085,33.29626915273472,49.944403729102085,long
101679,101685,loss,-33.29626915273472,33.29626915273472,49.944403729102085,short
101693,101714,win,49.944403729102085,33.29626915273472,49.944403729102085,long
101715,101797,loss,-33.29626915273472,33.29626915273472,49.944403729102085,long
101804,101845,win,49.944403729102085,33.29626915273472,49.944403729102085,short
101857,101930,win,49.944403729102085,33.29626915273472,49.944403729102085,long
101931,101934,loss,-33.29626915273472,33.29626915273472,49.944403729102085,long
101945,101976,loss,-33.29626915273472,33.29626915273472,49.944403729102085,short
102015,102063,loss,-33.29626915273472,33.29626915273472,49.944403729102085,long
102064,102081,win,49.944403729102085,33.29626915273472,49.944403729102085,short
102082,102122,loss,-33.29626915273472,33.29626915273472,49.944403729102085,short
102123,102162,loss,-33.29626915273472,33.29626915273472,49.944403729102085,long
102176,102190,loss,-33.29626915273472,33.29626915273472,49.944403729102085,long
102209,102214,loss,-33.29626915273472,33.29626915273472,49.944403729102085,long
102220,102221,win,49.944403729102085,33.29626915273472,49.944403729102085,long
102232,102259,loss,-33.29626915273472,33.29626915273472,49.944403729102085,long
102309,102324,loss,-33.29626915273472,33.29626915273472,49.944403729102085,short
102335,102342,win,49.944403729102085,33.29626915273472,49.944403729102085,long
102345,102387,win,49.944403729102085,33.29626915273472,49.944403729102085,long
102417,102418,loss,-33.29626915273472,33.29626915273472,49.944403729102085,long
102421,102429,win,49.944403729102085,33.29626915273472,49.944403729102085,long
102433,102453,loss,-33.29626915273472,33.29626915273472,49.944403729102085,short
102454,102461,loss,-33.29626915273472,33.29626915273472,49.944403729102085,long
102469,102477,win,49.944403729102085,33.29626915273472,49.944403729102085,short
102478,102481,loss,-33.29626915273472,33.29626915273472,49.944403729102085,short
102493,102530,loss,-33.29626915273472,33.29626915273472,49.944403729102085,long
102576,102577,win,49.944403729102085,33.29626915273472,49.944403729102085,short
102578,102580,loss,-33.29626915273472,33.29626915273472,49.944403729102085,short
102687,102694,loss,-33.29626915273472,33.29626915273472,49.944403729102085,short
102697,102700,loss,-33.29626915273472,33.29626915273472,49.944403729102085,short
102708,102714,win,49.944403729102085,33.29626915273472,49.944403729102085,short
102723,102724,win,49.944403729102085,33.29626915273472,49.944403729102085,long
102726,102727,win,49.944403729102085,33.29626915273472,49.944403729102085,long
102728,102729,loss,-33.29626915273472,33.29626915273472,49.944403729102085,long
102731,102732,loss,-33.29626915273472,33.29626915273472,49.944403729102085,long
102741,102742,loss,-33.29626915273472,33.29626915273472,49.944403729102085,short
102743,102748,loss,-33.29626915273472,33.29626915273472,49.944403729102085,short
102793,102798,loss,-33.29626915273472,33.29626915273472,49.944403729102085,long
102835,102836,win,49.944403729102085,33.29626915273472,49.944403729102085,short
102874,102878,loss,-33.29626915273472,33.29626915273472,49.944403729102085,long
102899,102900,loss,-33.29626915273472,33.29626915273472,49.944403729102085,short
102901,102903,win,49.944403729102085,33.29626915273472,49.944403729102085,short
102904,102905,loss,-33.29626915273472,33.29626915273472,49.944403729102085,short
102910,102917,loss,-33.29626915273472,33.29626915273472,49.944403729102085,short
102924,102925,loss,-33.29626915273472,33.29626915273472,49.944403729102085,long
102954,102957,loss,-33.29626915273472,33.29626915273472,49.944403729102085,long
102993,103001,loss,-33.29626915273472,33.29626915273472,49.944403729102085,long
103066,103083,loss,-33.29626915273472,33.29626915273472,49.944403729102085,long
103084,103098,win,49.944403729102085,33.29626915273472,49.944403729102085,short
103126,103154,loss,-33.29626915273472,33.29626915273472,49.944403729102085,short
103163,103170,loss,-33.29626915273472,33.29626915273472,49.944403729102085,long
103184,103187,win,49.944403729102085,33.29626915273472,49.944403729102085,short
103188,103193,loss,-33.29626915273472,33.29626915273472,49.944403729102085,short
103204,103207,loss,-33.29626915273472,33.29626915273472,49.944403729102085,short
103208,103223,win,49.944403729102085,33.29626915273472,49.944403729102085,short
103237,103240,win,49.944403729102085,33.29626915273472,49.944403729102085,long
103243,103244,loss,-33.29626915273472,33.29626915273472,49.944403729102085,long
103318,103337,loss,-33.29626915273472,33.29626915273472,49.944403729102085,short
103339,103358,loss,-33.29626915273472,33.29626915273472,49.944403729102085,long
103359,103363,loss,-33.29626915273472,33.29626915273472,49.944403729102085,short
103381,103384,win,49.944403729102085,33.29626915273472,49.944403729102085,short
103411,103432,loss,-33.29626915273472,33.29626915273472,49.944403729102085,long
103447,103451,win,49.944403729102085,33.29626915273472,49.944403729102085,short
103452,103453,win,49.944403729102085,33.29626915273472,49.944403729102085,short
103454,103455,loss,-33.29626915273472,33.29626915273472,49.944403729102085,short
103467,103479,loss,-33.29626915273472,33.29626915273472,49.944403729102085,long
103536,103537,loss,-33.29626915273472,33.29626915273472,49.944403729102085,short
103551,103554,win,49.944403729102085,33.29626915273472,49.944403729102085,long
103557,103558,win,49.944403729102085,33.29626915273472,49.944403729102085,long
103559,103561,loss,-33.29626915273472,33.29626915273472,49.944403729102085,long
103595,103623,loss,-33.29626915273472,33.29626915273472,49.944403729102085,long
103700,103705,loss,-33.29626915273472,33.29626915273472,49.944403729102085,short
103712,103736,win,49.944403729102085,33.29626915273472,49.944403729102085,long
103770,103771,loss,-33.29626915273472,33.29626915273472,49.944403729102085,short
103775,103779,win,49.944403729102085,33.29626915273472,49.944403729102085,short
103804,103810,loss,-33.29626915273472,33.29626915273472,49.944403729102085,short
103818,103824,loss,-33.29626915273472,33.29626915273472,49.944403729102085,long
103858,103860,loss,-33.29626915273472,33.29626915273472,49.944403729102085,long
103903,103906,loss,-33.29626915273472,33.29626915273472,49.944403729102085,short
103910,103911,loss,-33.29626915273472,33.29626915273472,49.944403729102085,short
103916,103935,win,49.944403729102085,33.29626915273472,49.944403729102085,long
103936,103937,loss,-33.29626915273472,33.29626915273472,49.944403729102085,long
103949,103961,win,49.944403729102085,33.29626915273472,49.944403729102085,short
104064,104104,loss,-33.29626915273472,33.29626915273472,49.944403729102085,short
104105,104118,win,49.944403729102085,33.29626915273472,49.944403729102085,long
104119,104132,loss,-33.29626915273472,33.29626915273472,49.944403729102085,long
104134,104151,loss,-33.29626915273472,33.29626915273472,49.944403729102085,short
104154,104167,loss,-33.29626915273472,33.29626915273472,49.944403729102085,long
104189,104219,win,49.944403729102085,33.29626915273472,49.944403729102085,short
104233,104249,loss,-33.29626915273472,33.29626915273472,49.944403729102085,long
104252,104254,loss,-33.29626915273472,33.29626915273472,49.944403729102085,short
104259,104273,win,49.944403729102085,33.29626915273472,49.944403729102085,short
104298,104308,loss,-33.29626915273472,33.29626915273472,49.944403729102085,long
104324,104335,win,49.944403729102085,33.29626915273472,49.944403729102085,long
104336,104341,loss,-33.29626915273472,33.29626915273472,49.944403729102085,long
104376,104392,loss,-33.29626915273472,33.29626915273472,49.944403729102085,short
104393,104394,loss,-33.29626915273472,33.29626915273472,49.944403729102085,long
104406,104440,loss,-33.29626915273472,33.29626915273472,49.944403729102085,short
104477,104478,win,49.944403729102085,33.29626915273472,49.944403729102085,short
104479,104480,win,49.944403729102085,33.29626915273472,49.944403729102085,short
104481,104483,win,49.944403729102085,33.29626915273472,49.944403729102085,short
104487,104491,win,49.944403729102085,33.29626915273472,49.944403729102085,short
104504,104511,loss,-33.29626915273472,33.29626915273472,49.944403729102085,long
104566,104588,win,49.944403729102085,33.29626915273472,49.944403729102085,long
104603,104608,loss,-33.29626915273472,33.29626915273472,49.944403729102085,short
104623,104628,loss,-33.29626915273472,33.29626915273472,49.944403729102085,short
104694,104717,win,49.944403729102085,33.29626915273472,49.944403729102085,short
104718,104733,win,49.944403729102085,33.29626915273472,49.944403729102085,short
104739,104747,loss,-33.29626915273472,33.29626915273472,49.944403729102085,short
104749,104773,win,49.944403729102085,33.29626915273472,49.944403729102085,long
104775,104813,loss,-33.29626915273472,33.29626915273472,49.944403729102085,long
104816,104951,loss,-33.29626915273472,33.29626915273472,49.944403729102085,short
104952,104967,loss,-33.29626915273472,33.29626915273472,49.944403729102085,long
104968,104978,loss,-33.29626915273472,33.29626915273472,49.944403729102085,short
104981,104994,win,49.944403729102085,33.29626915273472,49.944403729102085,long
105118,105148,loss,-33.29626915273472,33.29626915273472,49.944403729102085,long
105157,105159,win,49.944403729102085,33.29626915273472,49.944403729102085,long
105164,105177,win,49.944403729102085,33.29626915273472,49.944403729102085,long
105228,105232,win,49.944403729102085,33.29626915273472,49.944403729102085,short
105233,105250,loss,-33.29626915273472,33.29626915273472,49.944403729102085,short
105254,105269,loss,-33.29626915273472,33.29626915273472,49.944403729102085,long
105381,105385,loss,-33.29626915273472,33.29626915273472,49.944403729102085,short
105388,105401,win,49.944403729102085,33.29626915273472,49.944403729102085,long
105418,105422,loss,-33.29626915273472,33.29626915273472,49.944403729102085,short
105450,105474,win,49.944403729102085,33.29626915273472,49.944403729102085,short
105526,105557,win,49.944403729102085,33.29626915273472,49.944403729102085,long
105558,105578,win,49.944403729102085,33.29626915273472,49.944403729102085,long
105587,105600,loss,-33.29626915273472,33.29626915273472,49.944403729102085,short
105602,105630,loss,-33.29626915273472,33.29626915273472,49.944403729102085,long
105631,105635,loss,-33.29626915273472,33.29626915273472,49.944403729102085,short
105704,105706,win,49.944403729102085,33.29626915273472,49.944403729102085,short
105709,105710,loss,-33.29626915273472,33.29626915273472,49.944403729102085,short
105715,105719,loss,-33.29626915273472,33.29626915273472,49.944403729102085,long
105720,105736,win,49.944403729102085,33.29626915273472,49.944403729102085,long
105770,105775,loss,-33.29626915273472,33.29626915273472,49.944403729102085,short
105777,105789,win,49.944403729102085,33.29626915273472,49.944403729102085,short
105796,105830,loss,-33.29626915273472,33.29626915273472,49.944403729102085,short
105856,105866,win,49.944403729102085,33.29626915273472,49.944403729102085,long
105867,105887,win,49.944403729102085,33.29626915273472,49.944403729102085,long
105901,105934,loss,-33.29626915273472,33.29626915273472,49.944403729102085,short
105948,106015,loss,-33.29626915273472,33.29626915273472,49.944403729102085,long
106053,106066,win,49.944403729102085,33.29626915273472,49.944403729102085,short
106098,106103,loss,-33.29626915273472,33.29626915273472,49.944403729102085,long
106121,106157,loss,-33.29626915273472,33.29626915273472,49.944403729102085,long
106161,106168,loss,-33.29626915273472,33.29626915273472,49.944403729102085,short
106189,106191,loss,-33.29626915273472,33.29626915273472,49.944403729102085,long
106196,106199,win,49.944403729102085,33.29626915273472,49.944403729102085,long
106200,106227,loss,-33.29626915273472,33.29626915273472,49.944403729102085,long
106292,106313,loss,-33.29626915273472,33.29626915273472,49.944403729102085,short
106326,106355,win,49.944403729102085,33.29626915273472,49.944403729102085,short
106373,106380,loss,-33.29626915273472,33.29626915273472,49.944403729102085,long
106381,106384,loss,-33.29626915273472,33.29626915273472,49.944403729102085,short
106390,106398,loss,-33.29626915273472,33.29626915273472,49.944403729102085,short
106404,106425,loss,-33.29626915273472,33.29626915273472,49.944403729102085,long
106446,106448,loss,-33.29626915273472,33.29626915273472,49.944403729102085,short
106467,106479,loss,-33.29626915273472,33.29626915273472,49.944403729102085,long
106526,106542,win,49.944403729102085,33.29626915273472,49.944403729102085,long
106543,106569,loss,-33.29626915273472,33.29626915273472,49.944403729102085,long
106570,106586,loss,-33.29626915273472,33.29626915273472,49.944403729102085,short
106609,106613,loss,-33.29626915273472,33.29626915273472,49.944403729102085,short
106623,106639,loss,-33.29626915273472,33.29626915273472,49.944403729102085,long
106657,106696,loss,-33.29626915273472,33.29626915273472,49.944403729102085,long
106725,106728,win,49.944403729102085,33.29626915273472,49.944403729102085,short
106729,106733,loss,-33.29626915273472,33.29626915273472,49.944403729102085,short
106742,106760,win,49.944403729102085,33.29626915273472,49.944403729102085,long
106787,106799,loss,-33.29626915273472,33.29626915273472,49.944403729102085,long
106800,106831,win,49.944403729102085,33.29626915273472,49.944403729102085,short
106863,106887,win,49.944403729102085,33.29626915273472,49.944403729102085,long
106892,106929,win,49.944403729102085,33.29626915273472,49.944403729102085,long
106965,106999,win,49.944403729102085,33.29626915273472,49.944403729102085,short
107026,107054,loss,-33.29626915273472,33.29626915273472,49.944403729102085,short
107062,107072,win,49.944403729102085,33.29626915273472,49.944403729102085,long
107095,107123,loss,-33.29626915273472,33.29626915273472,49.944403729102085,short
107142,107143,win,49.944403729102085,33.29626915273472,49.944403729102085,short
107155,107162,win,49.944403729102085,33.29626915273472,49.944403729102085,short
107163,107169,win,49.944403729102085,33.29626915273472,49.944403729102085,short
107191,107211,win,49.944403729102085,33.29626915273472,49.944403729102085,long
107215,107233,loss,-33.29626915273472,33.29626915273472,49.944403729102085,long
107234,107276,win,49.944403729102085,33.29626915273472,49.944403729102085,short
107291,107341,win,49.944403729102085,33.29626915273472,49.944403729102085,long
107351,107361,loss,-33.29626915273472,33.29626915273472,49.944403729102085,short
107363,107374,loss,-33.29626915273472,33.29626915273472,49.944403729102085,long
107414,107416,loss,-33.29626915273472,33.29626915273472,49.944403729102085,short
107427,107445,win,49.944403729102085,33.29626915273472,49.944403729102085,long
107542,107559,loss,-33.29626915273472,33.29626915273472,49.944403729102085,long
107561,107584,win,49.944403729102085,33.29626915273472,49.944403729102085,short
107609,107646,loss,-33.29626915273472,33.29626915273472,49.944403729102085,long
107647,107678,win,49.944403729102085,33.29626915273472,49.944403729102085,short
107682,107690,win,49.944403729102085,33.29626915273472,49.944403729102085,long
107691,107701,loss,-33.29626915273472,33.29626915273472,49.944403729102085,long
107704,107744,loss,-33.29626915273472,33.29626915273472,49.944403729102085,short
107752,107763,loss,-33.29626915273472,33.29626915273472,49.944403729102085,short
107766,107812,win,49.944403729102085,33.29626915273472,49.944403729102085,long
107814,107822,win,49.944403729102085,33.29626915273472,49.944403729102085,long
107823,107863,win,49.944403729102085,33.29626915273472,49.944403729102085,long
107872,107888,loss,-33.29626915273472,33.29626915273472,49.944403729102085,long
107892,107904,loss,-33.29626915273472,33.29626915273472,49.944403729102085,short
107907,107917,loss,-33.29626915273472,33.29626915273472,49.944403729102085,short
107961,107968,loss,-33.29626915273472,33.29626915273472,49.944403729102085,long
107972,108037,win,49.944403729102085,33.29626915273472,49.944403729102085,short
108038,108051,win,49.944403729102085,33.29626915273472,49.944403729102085,short
108101,108106,win,49.944403729102085,33.29626915273472,49.944403729102085,long
108107,108138,loss,-33.29626915273472,33.29626915273472,49.944403729102085,long
108156,108171,win,49.944403729102085,33.29626915273472,49.944403729102085,short
108172,108187,loss,-33.29626915273472,33.29626915273472,49.944403729102085,short
108217,108228,loss,-33.29626915273472,33.29626915273472,49.944403729102085,short
108229,108233,loss,-33.29626915273472,33.29626915273472,49.944403729102085,long
108246,108305,loss,-33.29626915273472,33.29626915273472,49.944403729102085,long
108308,108366,win,49.944403729102085,33.29626915273472,49.944403729102085,short
108370,108422,win,49.944403729102085,33.29626915273472,49.944403729102085,short
108444,108446,loss,-33.29626915273472,33.29626915273472,49.944403729102085,short
108460,108513,win,49.944403729102085,33.29626915273472,49.944403729102085,short
108534,108574,loss,-33.29626915273472,33.29626915273472,49.944403729102085,short
108575,108578,loss,-33.29626915273472,33.29626915273472,49.944403729102085,long
108600,108626,win,49.944403729102085,33.29626915273472,49.944403729102085,long
108640,108697,win,49.944403729102085,33.29626915273472,49.944403729102085,short
108708,108731,loss,-33.29626915273472,33.29626915273472,49.944403729102085,long
108732,108758,loss,-33.29626915273472,33.29626915273472,49.944403729102085,short
108763,108778,loss,-33.29626915273472,33.29626915273472,49.944403729102085,long
108798,108800,win,49.944403729102085,33.29626915273472,49.944403729102085,long
108803,108819,win,49.944403729102085,33.29626915273472,49.944403729102085,long
108845,108849,loss,-33.29626915273472,33.29626915273472,49.944403729102085,short
108863,108954,loss,-33.29626915273472,33.29626915273472,49.944403729102085,short
108955,109025,loss,-33.29626915273472,33.29626915273472,49.944403729102085,long
109026,109049,loss,-33.29626915273472,33.29626915273472,49.944403729102085,short
109050,109060,win,49.944403729102085,33.29626915273472,49.944403729102085,long
109062,109073,win,49.944403729102085,33.29626915273472,49.944403729102085,long
109122,109127,loss,-33.29626915273472,33.29626915273472,49.944403729102085,short
109138,109157,loss,-33.29626915273472,33.29626915273472,49.944403729102085,long
109165,109184,loss,-33.29626915273472,33.29626915273472,49.944403729102085,short
109196,109199,loss,-33.29626915273472,33.29626915273472,49.944403729102085,long
109207,109209,loss,-33.29626915273472,33.29626915273472,49.944403729102085,short
109210,109252,win,49.944403729102085,33.29626915273472,49.944403729102085,short
109261,109284,win,49.944403729102085,33.29626915273472,49.944403729102085,long
109288,109290,loss,-33.29626915273472,33.29626915273472,49.944403729102085,short
109291,109299,win,49.944403729102085,33.29626915273472,49.944403729102085,long
109300,109336,win,49.944403729102085,33.29626915273472,49.944403729102085,long
109342,109402,loss,-33.29626915273472,33.29626915273472,49.944403729102085,short
109418,109540,win,49.944403729102085,33.29626915273472,49.944403729102085,short
109541,109543,loss,-33.29626915273472,33.29626915273472,49.944403729102085,short
109565,109614,loss,-33.29626915273472,33.29626915273472,49.944403729102085,short
109615,109622,win,49.944403729102085,33.29626915273472,49.944403729102085,long
109623,109665,loss,-33.29626915273472,33.29626915273472,49.944403729102085,long
109685,109730,win,49.944403729102085,33.29626915273472,49.944403729102085,long
109749,109815,win,49.944403729102085,33.29626915273472,49.944403729102085,short
109816,109820,win,49.944403729102085,33.29626915273472,49.944403729102085,short
109834,109837,win,49.944403729102085,33.29626915273472,49.944403729102085,long
109838,109860,loss,-33.29626915273472,33.29626915273472,49.944403729102085,long
109908,109921,win,49.944403729102085,33.29626915273472,49.944403729102085,long
109922,109954,win,49.944403729102085,33.29626915273472,49.944403729102085,long
109968,109970,win,49.944403729102085,33.29626915273472,49.944403729102085,short
109972,110023,win,49.944403729102085,33.29626915273472,49.944403729102085,short
110034,110038,loss,-33.29626915273472,33.29626915273472,49.944403729102085,long
110053,110092,win,49.944403729102085,33.29626915273472,49.944403729102085,long
110095,110099,win,49.944403729102085,33.29626915273472,49.944403729102085,long
110100,110126,win,49.944403729102085,33.29626915273472,49.944403729102085,long
110133,110161,loss,-33.29626915273472,33.29626915273472,49.944403729102085,short
110181,110197,win,49.944403729102085,33.29626915273472,49.944403729102085,long
110210,110223,loss,-33.29626915273472,33.29626915273472,49.944403729102085,short
110234,110243,loss,-33.29626915273472,33.29626915273472,49.944403729102085,short
110256,110279,loss,-33.29626915273472,33.29626915273472,49.944403729102085,long
110280,110290,loss,-33.29626915273472,33.29626915273472,49.944403729102085,short
110359,110364,loss,-33.29626915273472,33.29626915273472,49.944403729102085,long
110379,110404,loss,-33.29626915273472,33.29626915273472,49.944403729102085,long
110428,110438,loss,-33.29626915273472,33.29626915273472,49.944403729102085,short
110441,110444,loss,-33.29626915273472,33.29626915273472,49.944403729102085,short
110455,110457,loss,-33.29626915273472,33.29626915273472,49.944403729102085,long
110513,110516,loss,-33.29626915273472,33.29626915273472,49.944403729102085,long
110571,110580,loss,-33.29626915273472,33.29626915273472,49.944403729102085,long
110583,110601,loss,-33.29626915273472,33.29626915273472,49.944403729102085,long
110602,110605,loss,-33.29626915273472,33.29626915273472,49.944403729102085,short
110615,110624,loss,-33.29626915273472,33.29626915273472,49.944403729102085,long
110724,110728,loss,-33.29626915273472,33.29626915273472,49.944403729102085,short
110751,110798,loss,-33.29626915273472,33.29626915273472,49.944403729102085,long
110799,110833,loss,-33.29626915273472,33.29626915273472,49.944403729102085,long
110834,110916,loss,-33.29626915273472,33.29626915273472,49.944403729102085,short
110918,110923,loss,-33.29626915273472,33.29626915273472,49.944403729102085,long
110946,110954,loss,-33.29626915273472,33.29626915273472,49.944403729102085,long
110960,110994,loss,-33.29626915273472,33.29626915273472,49.944403729102085,short
111001,111009,loss,-33.29626915273472,33.29626915273472,49.944403729102085,short
111072,111127,loss,-33.29626915273472,33.29626915273472,49.944403729102085,long
111133,111144,loss,-33.29626915273472,33.29626915273472,49.944403729102085,short
111147,111149,loss,-33.29626915273472,33.29626915273472,49.944403729102085,long
111150,111178,win,49.944403729102085,33.29626915273472,49.944403729102085,short
111229,111241,win,49.944403729102085,33.29626915273472,49.944403729102085,long
111242,111265,loss,-33.29626915273472,33.29626915273472,49.944403729102085,long
111270,111295,loss,-33.29626915273472,33.29626915273472,49.944403729102085,short
111296,111297,loss,-33.29626915273472,33.29626915273472,49.944403729102085,long
111305,111327,win,49.944403729102085,33.29626915273472,49.944403729102085,long
111328,111335,loss,-33.29626915273472,33.29626915273472,49.944403729102085,long
111341,111402,win,49.944403729102085,33.29626915273472,49.944403729102085,short
111404,111416,win,49.944403729102085,33.29626915273472,49.944403729102085,short
111424,111459,win,49.944403729102085,33.29626915273472,49.944403729102085,long
111488,111522,loss,-33.29626915273472,33.29626915273472,49.944403729102085,short
111529,111547,win,49.944403729102085,33.29626915273472,49.944403729102085,long
111564,111592,loss,-33.29626915273472,33.29626915273472,49.944403729102085,short
111623,111649,loss,-33.29626915273472,33.29626915273472,49.944403729102085,short
111659,111681,win,49.944403729102085,33.29626915273472,49.944403729102085,long
111692,111718,loss,-33.29626915273472,33.29626915273472,49.944403729102085,short
111770,111778,loss,-33.29626915273472,33.29626915273472,49.944403729102085,short
111779,111810,win,49.944403729102085,33.29626915273472,49.944403729102085,long
111820,111824,win,49.944403729102085,33.29626915273472,49.944403729102085,long
111859,111869,win,49.944403729102085,33.29626915273472,49.944403729102085,short
111870,111876,loss,-33.29626915273472,33.29626915273472,49.944403729102085,short
111891,111896,loss,-33.29626915273472,33.29626915273472,49.944403729102085,short
111902,111938,loss,-33.29626915273472,33.29626915273472,49.944403729102085,short
111947,111983,win,49.944403729102085,33.29626915273472,49.944403729102085,long
111990,112021,loss,-33.29626915273472,33.29626915273472,49.944403729102085,short
112040,112080,loss,-33.29626915273472,33.29626915273472,49.944403729102085,long
112087,112096,loss,-33.29626915273472,33.29626915273472,49.944403729102085,short
112103,112113,win,49.944403729102085,33.29626915273472,49.944403729102085,short
112114,112162,loss,-33.29626915273472,33.29626915273472,49.944403729102085,short
112185,112231,loss,-33.29626915273472,33.29626915273472,49.944403729102085,long
112232,112277,loss,-33.29626915273472,33.29626915273472,49.944403729102085,short
112284,112295,win,49.944403729102085,33.29626915273472,49.944403729102085,long
112296,112412,loss,-33.29626915273472,33.29626915273472,49.944403729102085,long
112478,112494,win,49.944403729102085,33.29626915273472,49.944403729102085,long
112495,112509,win,49.944403729102085,33.29626915273472,49.944403729102085,long
112511,112517,loss,-33.29626915273472,33.29626915273472,49.944403729102085,long
112523,112563,win,49.944403729102085,33.29626915273472,49.944403729102085,short
112579,112596,loss,-33.29626915273472,33.29626915273472,49.944403729102085,long
112597,112633,loss,-33.29626915273472,33.29626915273472,49.944403729102085,short
112634,112641,win,49.944403729102085,33.29626915273472,49.944403729102085,long
112682,112701,loss,-33.29626915273472,33.29626915273472,49.944403729102085,short
112712,112737,loss,-33.29626915273472,33.29626915273472,49.944403729102085,short
112739,112752,win,49.944403729102085,33.29626915273472,49.944403729102085,long
112783,112856,win,49.944403729102085,33.29626915273472,49.944403729102085,short
112857,112912,win,49.944403729102085,33.29626915273472,49.944403729102085,short
112927,112944,loss,-33.29626915273472,33.29626915273472,49.944403729102085,long
112948,112979,win,49.944403729102085,33.29626915273472,49.944403729102085,short
113026,113039,loss,-33.29626915273472,33.29626915273472,49.944403729102085,long
113073,113077,loss,-33.29626915273472,33.29626915273472,49.944403729102085,short
113095,113121,loss,-33.29626915273472,33.29626915273472,49.944403729102085,short
113122,113179,loss,-33.29626915273472,33.29626915273472,49.944403729102085,long
113227,113257,loss,-33.29626915273472,33.29626915273472,49.944403729102085,long
113264,113295,win,49.944403729102085,33.29626915273472,49.944403729102085,short
113367,113396,loss,-33.29626915273472,33.29626915273472,49.944403729102085,short
113430,113434,loss,-33.29626915273472,33.29626915273472,49.944403729102085,short
113457,113469,win,49.944403729102085,33.29626915273472,49.944403729102085,long
113470,113518,win,49.944403729102085,33.29626915273472,49.944403729102085,long
113532,113552,win,49.944403729102085,33.29626915273472,49.944403729102085,short
113554,113618,loss,-33.29626915273472,33.29626915273472,49.944403729102085,short
113686,113701,win,49.944403729102085,33.29626915273472,49.944403729102085,short
113734,113746,loss,-33.29626915273472,33.29626915273472,49.944403729102085,long
113790,113799,loss,-33.29626915273472,33.29626915273472,49.944403729102085,long
113804,113832,win,49.944403729102085,33.29626915273472,49.944403729102085,short
113835,113841,win,49.944403729102085,33.29626915273472,49.944403729102085,short
113842,113888,loss,-33.29626915273472,33.29626915273472,49.944403729102085,short
113889,113967,loss,-33.29626915273472,33.29626915273472,49.944403729102085,long
113968,113974,win,49.944403729102085,33.29626915273472,49.944403729102085,short
113975,114007,win,49.944403729102085,33.29626915273472,49.944403729102085,short
114030,114060,loss,-33.29626915273472,33.29626915273472,49.944403729102085,long
114095,114164,win,49.944403729102085,33.29626915273472,49.944403729102085,long
114165,114203,loss,-33.29626915273472,33.29626915273472,49.944403729102085,long
114247,114264,win,49.944403729102085,33.29626915273472,49.944403729102085,long
114289,114357,win,49.944403729102085,33.29626915273472,49.944403729102085,long
114375,114390,loss,-33.29626915273472,33.29626915273472,49.944403729102085,short
114432,114525,win,49.944403729102085,33.29626915273472,49.944403729102085,short
114536,114547,loss,-33.29626915273472,33.29626915273472,49.944403729102085,long
114605,114697,win,49.944403729102085,33.29626915273472,49.944403729102085,long
114702,114746,win,49.944403729102085,33.29626915273472,49.944403729102085,short
114760,114763,loss,-33.29626915273472,33.29626915273472,49.944403729102085,long
114778,114802,win,49.944403729102085,33.29626915273472,49.944403729102085,long
114815,114829,loss,-33.29626915273472,33.29626915273472,49.944403729102085,long
114890,114904,loss,-33.29626915273472,33.29626915273472,49.944403729102085,long
114905,114918,loss,-33.29626915273472,33.29626915273472,49.944403729102085,short
114927,114936,loss,-33.29626915273472,33.29626915273472,49.944403729102085,long
114944,114990,loss,-33.29626915273472,33.29626915273472,49.944403729102085,short
114994,115002,loss,-33.29626915273472,33.29626915273472,49.944403729102085,long
115008,115067,win,49.944403729102085,33.29626915273472,49.944403729102085,short
115070,115148,loss,-33.29626915273472,33.29626915273472,49.944403729102085,short
115176,115185,loss,-33.29626915273472,33.29626915273472,49.944403729102085,long
115186,115196,loss,-33.29626915273472,33.29626915273472,49.944403729102085,short
115200,115230,win,49.944403729102085,33.29626915273472,49.944403729102085,long
115232,115249,win,49.944403729102085,33.29626915273472,49.944403729102085,long
115262,115280,loss,-33.29626915273472,33.29626915273472,49.944403729102085,short
115298,115344,loss,-33.29626915273472,33.29626915273472,49.944403729102085,long
115345,115388,win,49.944403729102085,33.29626915273472,49.944403729102085,short
115450,115487,loss,-33.29626915273472,33.29626915273472,49.944403729102085,long
115492,115499,win,49.944403729102085,33.29626915273472,49.944403729102085,long
115500,115502,win,49.944403729102085,33.29626915273472,49.944403729102085,long
115511,115517,win,49.944403729102085,33.29626915273472,49.944403729102085,long
115541,115602,loss,-33.29626915273472,33.29626915273472,49.944403729102085,short
115610,115619,loss,-33.29626915273472,33.29626915273472,49.944403729102085,long
115622,115633,loss,-33.29626915273472,33.29626915273472,49.944403729102085,short
115689,115712,win,49.944403729102085,33.29626915273472,49.944403729102085,short
115714,115733,loss,-33.29626915273472,33.29626915273472,49.944403729102085,short
115775,115796,win,49.944403729102085,33.29626915273472,49.944403729102085,long
115838,115938,loss,-33.29626915273472,33.29626915273472,49.944403729102085,short
115951,115985,loss,-33.29626915273472,33.29626915273472,49.944403729102085,short
116030,116048,win,49.944403729102085,33.29626915273472,49.944403729102085,long
116049,116051,win,49.944403729102085,33.29626915273472,49.944403729102085,long
116057,116060,loss,-33.29626915273472,33.29626915273472,49.944403729102085,long
116065,116073,loss,-33.29626915273472,33.29626915273472,49.944403729102085,short
116090,116120,loss,-33.29626915273472,33.29626915273472,49.944403729102085,short
116127,116137,loss,-33.29626915273472,33.29626915273472,49.944403729102085,long
116139,116145,loss,-33.29626915273472,33.29626915273472,49.944403729102085,short
116148,116155,loss,-33.29626915273472,33.29626915273472,49.944403729102085,short
116233,116269,loss,-33.29626915273472,33.29626915273472,49.944403729102085,short
116273,116290,win,49.944403729102085,33.29626915273472,49.944403729102085,long
116298,116302,loss,-33.29626915273472,33.29626915273472,49.944403729102085,long
116316,116332,win,49.944403729102085,33.29626915273472,49.944403729102085,long
116350,116353,loss,-33.29626915273472,33.29626915273472,49.944403729102085,short
116359,116365,win,49.944403729102085,33.29626915273472,49.944403729102085,short
116366,116384,win,49.944403729102085,33.29626915273472,49.944403729102085,short
116386,116391,loss,-33.29626915273472,33.29626915273472,49.944403729102085,short
116453,116456,loss,-33.29626915273472,33.29626915273472,49.944403729102085,long
116459,116485,win,49.944403729102085,33.29626915273472,49.944403729102085,long
116486,116503,loss,-33.29626915273472,33.29626915273472,49.944403729102085,long
116506,116515,loss,-33.29626915273472,33.29626915273472,49.944403729102085,short
116555,116566,loss,-33.29626915273472,33.29626915273472,49.944403729102085,long
116595,116622,loss,-33.29626915273472,33.29626915273472,49.944403729102085,long
116630,116640,loss,-33.29626915273472,33.29626915273472,49.944403729102085,short
116665,116694,win,49.944403729102085,33.29626915273472,49.944403729102085,short
116730,116814,win,49.944403729102085,33.29626915273472,49.944403729102085,long
116848,116852,loss,-33.29626915273472,33.29626915273472,49.944403729102085,short
116853,116861,loss,-33.29626915273472,33.29626915273472,49.944403729102085,short
116862,116863,win,49.944403729102085,33.29626915273472,49.944403729102085,short
116864,116913,loss,-33.29626915273472,33.29626915273472,49.944403729102085,short
116914,116917,win,49.944403729102085,33.29626915273472,49.944403729102085,long
116918,116948,win,49.944403729102085,33.29626915273472,49.944403729102085,long
116962,116968,win,49.944403729102085,33.29626915273472,49.944403729102085,short
116987,117014,win,49.944403729102085,33.29626915273472,49.944403729102085,short
117030,117052,loss,-33.29626915273472,33.29626915273472,49.944403729102085,long
117056,117107,loss,-33.29626915273472,33.29626915273472,49.944403729102085,short
117133,117163,win,49.944403729102085,33.29626915273472,49.944403729102085,long
117165,117168,loss,-33.29626915273472,33.29626915273472,49.944403729102085,long
117177,117237,win,49.944403729102085,33.29626915273472,49.944403729102085,short
117256,117286,loss,-33.29626915273472,33.29626915273472,49.944403729102085,long
117293,117313,win,49.944403729102085,33.29626915273472,49.944403729102085,long
117393,117410,win,49.944403729102085,33.29626915273472,49.944403729102085,long
117431,117502,loss,-33.29626915273472,33.29626915273472,49.944403729102085,short
117503,117601,win,49.944403729102085,33.29626915273472,49.944403729102085,long
117615,117619,loss,-33.29626915273472,33.29626915273472,49.944403729102085,short
117620,117673,win,49.944403729102085,33.29626915273472,49.944403729102085,long
117703,117708,win,49.944403729102085,33.29626915273472,49.944403729102085,short
117775,117806,loss,-33.29626915273472,33.29626915273472,49.944403729102085,long
117808,117824,win,49.944403729102085,33.29626915273472,49.944403729102085,short
117877,117888,win,49.944403729102085,33.29626915273472,49.944403729102085,long
117932,117948,win,49.944403729102085,33.29626915273472,49.944403729102085,short
117993,118042,loss,-33.29626915273472,33.29626915273472,49.944403729102085,short
118043,118049,loss,-33.29626915273472,33.29626915273472,49.944403729102085,long
118053,118087,loss,-33.29626915273472,33.29626915273472,49.944403729102085,long
118088,118121,loss,-33.29626915273472,33.29626915273472,49.944403729102085,short
118143,118172,loss,-33.29626915273472,33.29626915273472,49.944403729102085,short
118173,118175,loss,-33.29626915273472,33.29626915273472,49.944403729102085,long
118182,118186,loss,-33.29626915273472,33.29626915273472,49.944403729102085,long
118225,118247,win,49.944403729102085,33.29626915273472,49.944403729102085,short
118254,118313,loss,-33.29626915273472,33.29626915273472,49.944403729102085,short
118314,118386,win,49.944403729102085,33.29626915273472,49.944403729102085,long
118388,118441,loss,-33.29626915273472,33.29626915273472,49.944403729102085,long
118442,118451,win,49.944403729102085,33.29626915273472,49.944403729102085,short
118453,118495,loss,-33.29626915273472,33.29626915273472,49.944403729102085,short
118496,118505,win,49.944403729102085,33.29626915273472,49.944403729102085,long
118506,118514,loss,-33.29626915273472,33.29626915273472,49.944403729102085,long
118519,118520,loss,-33.29626915273472,33.29626915273472,49.944403729102085,short
118575,118589,loss,-33.29626915273472,33.29626915273472,49.944403729102085,short
118613,118634,loss,-33.29626915273472,33.29626915273472,49.944403729102085,long
118657,118670,loss,-33.29626915273472,33.29626915273472,49.944403729102085,short
118713,118728,win,49.944403729102085,33.29626915273472,49.944403729102085,long
118729,118774,loss,-33.29626915273472,33.29626915273472,49.944403729102085,long
118778,118791,loss,-33.29626915273472,33.29626915273472,49.944403729102085,short
118794,118830,loss,-33.29626915273472,33.29626915273472,49.944403729102085,short
118848,118866,win,49.944403729102085,33.29626915273472,49.944403729102085,long
118867,118874,loss,-33.29626915273472,33.29626915273472,49.944403729102085,long
118875,118920,loss,-33.29626915273472,33.29626915273472,49.944403729102085,short
119003,119056,loss,-33.29626915273472,33.29626915273472,49.944403729102085,short
119085,119117,win,49.944403729102085,33.29626915273472,49.944403729102085,short
119118,119132,loss,-33.29626915273472,33.29626915273472,49.944403729102085,short
119138,119147,win,49.944403729102085,33.29626915273472,49.944403729102085,long
119148,119159,loss,-33.29626915273472,33.29626915273472,49.944403729102085,long
119208,119304,loss,-33.29626915273472,33.29626915273472,49.944403729102085,short
119305,119348,win,49.944403729102085,33.29626915273472,49.944403729102085,long
119351,119354,win,49.944403729102085,33.29626915273472,49.944403729102085,long
119355,119374,loss,-33.29626915273472,33.29626915273472,49.944403729102085,long
119375,119413,win,49.944403729102085,33.29626915273472,49.944403729102085,short
119414,119418,win,49.944403729102085,33.29626915273472,49.944403729102085,short
119419,119482,loss,-33.29626915273472,33.29626915273472,49.944403729102085,short
119487,119500,loss,-33.29626915273472,33.29626915273472,49.944403729102085,long
119526,119549,win,49.944403729102085,33.29626915273472,49.944403729102085,long
119573,119667,win,49.944403729102085,33.29626915273472,49.944403729102085,short
119705,119728,win,49.944403729102085,33.29626915273472,49.944403729102085,long
119734,119737,loss,-33.29626915273472,33.29626915273472,49.944403729102085,long
119747,119870,win,49.944403729102085,33.29626915273472,49.944403729102085,short
119871,119879,win,49.944403729102085,33.29626915273472,49.944403729102085,short
119880,119940,win,49.944403729102085,33.29626915273472,49.944403729102085,short
119950,120017,loss,-33.29626915273472,33.29626915273472,49.944403729102085,short
120018,120020,loss,-33.29626915273472,33.29626915273472,49.944403729102085,long
120032,120035,win,49.944403729102085,33.29626915273472,49.944403729102085,short
120086,120149,loss,-33.29626915273472,33.29626915273472,49.944403729102085,long
120150,120154,win,49.944403729102085,33.29626915273472,49.944403729102085,short
120155,120168,loss,-33.29626915273472,33.29626915273472,49.944403729102085,short
120169,120219,loss,-33.29626915273472,33.29626915273472,49.944403729102085,long
120263,120277,win,49.944403729102085,33.29626915273472,49.944403729102085,short
120305,120307,loss,-33.29626915273472,33.29626915273472,49.944403729102085,short
120317,120354,loss,-33.29626915273472,33.29626915273472,49.944403729102085,long
120424,120441,win,49.944403729102085,33.29626915273472,49.944403729102085,short
120442,120467,loss,-33.29626915273472,33.29626915273472,49.944403729102085,short
120511,120569,win,49.944403729102085,33.29626915273472,49.944403729102085,long
120573,120578,win,49.944403729102085,33.29626915273472,49.944403729102085,long
120579,120594,win,49.944403729102085,33.29626915273472,49.944403729102085,long
120615,120627,loss,-33.29626915273472,33.29626915273472,49.944403729102085,short
120636,120644,loss,-33.29626915273472,33.29626915273472,49.944403729102085,short
120699,120702,loss,-33.29626915273472,33.29626915273472,49.944403729102085,long
120705,120761,loss,-33.29626915273472,33.29626915273472,49.944403729102085,short
120772,120897,win,49.944403729102085,33.29626915273472,49.944403729102085,long
120940,120959,loss,-33.29626915273472,33.29626915273472,49.944403729102085,long
121047,121070,win,49.944403729102085,33.29626915273472,49.944403729102085,long
121074,121105,win,49.944403729102085,33.29626915273472,49.944403729102085,long
121115,121144,loss,-33.29626915273472,33.29626915273472,49.944403729102085,short
121203,121284,win,49.944403729102085,33.29626915273472,49.944403729102085,long
121296,121307,win,49.944403729102085,33.29626915273472,49.944403729102085,long
121308,121322,win,49.944403729102085,33.29626915273472,49.944403729102085,long
121333,121362,win,49.944403729102085,33.29626915273472,49.944403729102085,long
121368,121377,loss,-33.29626915273472,33.29626915273472,49.944403729102085,long
121378,121405,loss,-33.29626915273472,33.29626915273472,49.944403729102085,short
121428,121430,loss,-33.29626915273472,33.29626915273472,49.944403729102085,short
121434,121442,win,49.944403729102085,33.29626915273472,49.944403729102085,short
121462,121479,win,49.944403729102085,33.29626915273472,49.944403729102085,long
121492,121497,win,49.944403729102085,33.29626915273472,49.944403729102085,long
121498,121505,loss,-33.29626915273472,33.29626915273472,49.944403729102085,long
121511,121532,win,49.944403729102085,33.29626915273472,49.944403729102085,short
121594,121686,win,49.944403729102085,33.29626915273472,49.944403729102085,short
121703,121713,loss,-33.29626915273472,33.29626915273472,49.944403729102085,long
121718,121723,loss,-33.29626915273472,33.29626915273472,49.944403729102085,short
121746,121748,win,49.944403729102085,33.29626915273472,49.944403729102085,long
121764,121823,loss,-33.29626915273472,33.29626915273472,49.944403729102085,short
121860,121880,win,49.944403729102085,33.29626915273472,49.944403729102085,long
121893,121900,loss,-33.29626915273472,33.29626915273472,49.944403729102085,short
121909,121934,win,49.944403729102085,33.29626915273472,49.944403729102085,long
122005,122014,loss,-33.29626915273472,33.29626915273472,49.944403729102085,short
122024,122036,win,49.944403729102085,33.29626915273472,49.944403729102085,long
122045,122057,loss,-33.29626915273472,33.29626915273472,49.944403729102085,long
122064,122078,loss,-33.29626915273472,33.29626915273472,49.944403729102085,short
122106,122160,loss,-33.29626915273472,33.29626915273472,49.944403729102085,short
122188,122208,win,49.944403729102085,33.29626915273472,49.944403729102085,long
122210,122224,loss,-33.29626915273472,33.29626915273472,49.944403729102085,long
122267,122286,loss,-33.29626915273472,33.29626915273472,49.944403729102085,short
122335,122365,loss,-33.29626915273472,33.29626915273472,49.944403729102085,long
122366,122369,loss,-33.29626915273472,33.29626915273472,49.944403729102085,short
122380,122411,win,49.944403729102085,33.29626915273472,49.944403729102085,long
122418,122430,win,49.944403729102085,33.29626915273472,49.944403729102085,long
122462,122468,loss,-33.29626915273472,33.29626915273472,49.944403729102085,short
122486,122503,loss,-33.29626915273472,33.29626915273472,49.944403729102085,short
122519,122521,loss,-33.29626915273472,33.29626915273472,49.944403729102085,short
122522,122533,loss,-33.29626915273472,33.29626915273472,49.944403729102085,short
122536,122553,win,49.944403729102085,33.29626915273472,49.944403729102085,long
122637,122647,win,49.944403729102085,33.29626915273472,49.944403729102085,short
122648,122652,loss,-33.29626915273472,33.29626915273472,49.944403729102085,short
122657,122662,loss,-33.29626915273472,33.29626915273472,49.944403729102085,long
122676,122695,loss,-33.29626915273472,33.29626915273472,49.944403729102085,short
122697,122710,win,49.944403729102085,33.29626915273472,49.944403729102085,long
122791,122794,loss,-33.29626915273472,33.29626915273472,49.944403729102085,short
122795,122796,loss,-33.29626915273472,33.29626915273472,49.944403729102085,short
122806,122809,loss,-33.29626915273472,33.29626915273472,49.944403729102085,long
122866,122906,loss,-33.29626915273472,33.29626915273472,49.944403729102085,long
122908,122915,win,49.944403729102085,33.29626915273472,49.944403729102085,short
122916,122920,win,49.944403729102085,33.29626915273472,49.944403729102085,short
122921,122926,loss,-33.29626915273472,33.29626915273472,49.944403729102085,short
122940,122950,loss,-33.29626915273472,33.29626915273472,49.944403729102085,long
122978,122988,loss,-33.29626915273472,33.29626915273472,49.944403729102085,long
123008,123017,loss,-33.29626915273472,33.29626915273472,49.944403729102085,long
123020,123027,loss,-33.29626915273472,33.29626915273472,49.944403729102085,long
123038,123042,loss,-33.29626915273472,33.29626915273472,49.944403729102085,short
123051,123056,win,49.944403729102085,33.29626915273472,49.944403729102085,short
123057,123060,win,49.944403729102085,33.29626915273472,49.944403729102085,short
123061,123062,loss,-33.29626915273472,33.29626915273472,49.944403729102085,short
123087,123118,loss,-33.29626915273472,33.29626915273472,49.944403729102085,long
123123,123133,win,49.944403729102085,33.29626915273472,49.944403729102085,short
123149,123154,loss,-33.29626915273472,33.29626915273472,49.944403729102085,long
123202,123244,loss,-33.29626915273472,33.29626915273472,49.944403729102085,long
123255,123259,loss,-33.29626915273472,33.29626915273472,49.944403729102085,short
123283,123292,win,49.944403729102085,33.29626915273472,49.944403729102085,long
123293,123325,loss,-33.29626915273472,33.29626915273472,49.944403729102085,long
123326,123333,loss,-33.29626915273472,33.29626915273472,49.944403729102085,short
123400,123404,loss,-33.29626915273472,33.29626915273472,49.944403729102085,short
123424,123438,win,49.944403729102085,33.29626915273472,49.944403729102085,long
123468,123469,loss,-33.29626915273472,33.29626915273472,49.944403729102085,short
123473,123481,win,49.944403729102085,33.29626915273472,49.944403729102085,long
123482,123532,loss,-33.29626915273472,33.29626915273472,49.944403729102085,long
123533,123536,loss,-33.29626915273472,33.29626915273472,49.944403729102085,short
123573,123602,loss,-33.29626915273472,33.29626915273472,49.944403729102085,long
123603,123610,win,49.944403729102085,33.29626915273472,49.944403729102085,short
123621,123694,win,49.944403729102085,33.29626915273472,49.944403729102085,short
123695,123715,win,49.944403729102085,33.29626915273472,49.944403729102085,short
123727,123732,loss,-33.29626915273472,33.29626915273472,49.944403729102085,long
123733,123737,loss,-33.29626915273472,33.29626915273472,49.944403729102085,long
123740,123765,win,49.944403729102085,33.29626915273472,49.944403729102085,short
123819,123849,win,49.944403729102085,33.29626915273472,49.944403729102085,short
123871,123881,win,49.944403729102085,33.29626915273472,49.944403729102085,long
123910,123971,loss,-33.29626915273472,33.29626915273472,49.944403729102085,short
123972,123983,win,49.944403729102085,33.29626915273472,49.944403729102085,long
124009,124075,win,49.944403729102085,33.29626915273472,49.944403729102085,short
124076,124081,win,49.944403729102085,33.29626915273472,49.944403729102085,short
124082,124083,win,49.944403729102085,33.29626915273472,49.944403729102085,short
124084,124134,loss,-33.29626915273472,33.29626915273472,49.944403729102085,short
124135,124146,loss,-33.29626915273472,33.29626915273472,49.944403729102085,long
124170,124192,win,49.944403729102085,33.29626915273472,49.944403729102085,short
124200,124211,win,49.944403729102085,33.29626915273472,49.944403729102085,short
124213,124215,loss,-33.29626915273472,33.29626915273472,49.944403729102085,short
124223,124229,loss,-33.29626915273472,33.29626915273472,49.944403729102085,long
124234,124276,win,49.944403729102085,33.29626915273472,49.944403729102085,long
124353,124411,loss,-33.29626915273472,33.29626915273472,49.944403729102085,short
124416,124423,win,49.944403729102085,33.29626915273472,49.944403729102085,long
124427,124450,win,49.944403729102085,33.29626915273472,49.944403729102085,long
124464,124496,win,49.944403729102085,33.29626915273472,49.944403729102085,short
124497,124562,win,49.944403729102085,33.29626915273472,49.944403729102085,short
124566,124628,win,49.944403729102085,33.29626915273472,49.944403729102085,short
124638,124685,loss,-33.29626915273472,33.29626915273472,49.944403729102085,long
124687,124693,win,49.944403729102085,33.29626915273472,49.944403729102085,short
124694,124699,loss,-33.29626915273472,33.29626915273472,49.944403729102085,short
124705,124716,win,49.944403729102085,33.29626915273472,49.944403729102085,long
124717,124743,loss,-33.29626915273472,33.29626915273472,49.944403729102085,long
124770,124771,loss,-33.29626915273472,33.29626915273472,49.944403729102085,long
124822,124834,loss,-33.29626915273472,33.29626915273472,49.944403729102085,short
124876,124891,loss,-33.29626915273472,33.29626915273472,49.944403729102085,long
124894,124906,win,49.944403729102085,33.29626915273472,49.944403729102085,short
124917,124964,loss,-33.29626915273472,33.29626915273472,49.944403729102085,short
124965,124975,loss,-33.29626915273472,33.29626915273472,49.944403729102085,long
124977,125023,win,49.944403729102085,33.29626915273472,49.944403729102085,short
125035,125052,win,49.944403729102085,33.29626915273472,49.944403729102085,long
125053,125075,loss,-33.29626915273472,33.29626915273472,49.944403729102085,long
125104,125117,win,49.944403729102085,33.29626915273472,49.944403729102085,short
125129,125166,win,49.944403729102085,33.29626915273472,49.944403729102085,long
125188,125197,win,49.944403729102085,33.29626915273472,49.944403729102085,long
125200,125227,loss,-33.29626915273472,33.29626915273472,49.944403729102085,long
125228,125233,loss,-33.29626915273472,33.29626915273472,49.944403729102085,short
125277,125282,win,49.944403729102085,33.29626915273472,49.944403729102085,long
125283,125318,win,49.944403729102085,33.29626915273472,49.944403729102085,long
125359,125390,loss,-33.29626915273472,33.29626915273472,49.944403729102085,short
125413,125432,loss,-33.29626915273472,33.29626915273472,49.944403729102085,short
125452,125455,win,49.944403729102085,33.29626915273472,49.944403729102085,short
125456,125492,loss,-33.29626915273472,33.29626915273472,49.944403729102085,short
125528,125532,win,49.944403729102085,33.29626915273472,49.944403729102085,short
125554,125577,loss,-33.29626915273472,33.29626915273472,49.944403729102085,long
125617,125630,win,49.944403729102085,33.29626915273472,49.944403729102085,long
125631,125661,win,49.944403729102085,33.29626915273472,49.944403729102085,long
125679,125683,loss,-33.29626915273472,33.29626915273472,49.944403729102085,long
125691,125734,win,49.944403729102085,33.29626915273472,49.944403729102085,short
125739,125741,loss,-33.29626915273472,33.29626915273472,49.944403729102085,short
125755,125786,win,49.944403729102085,33.29626915273472,49.944403729102085,long
125787,125789,win,49.944403729102085,33.29626915273472,49.944403729102085,long
125794,125806,loss,-33.29626915273472,33.29626915273472,49.944403729102085,long
125807,125808,win,49.944403729102085,33.29626915273472,49.944403729102085,short
125809,125838,win,49.944403729102085,33.29626915273472,49.944403729102085,short
125865,125870,loss,-33.29626915273472,33.29626915273472,49.944403729102085,long
125900,125915,loss,-33.29626915273472,33.29626915273472,49.944403729102085,long
125919,125924,win,49.944403729102085,33.29626915273472,49.944403729102085,short
125993,126008,loss,-33.29626915273472,33.29626915273472,49.944403729102085,short
126010,126077,win,49.944403729102085,33.29626915273472,49.944403729102085,long
126127,126142,win,49.944403729102085,33.29626915273472,49.944403729102085,long
126143,126146,win,49.944403729102085,33.29626915273472,49.944403729102085,long
126147,126153,win,49.944403729102085,33.29626915273472,49.944403729102085,long
126154,126157,loss,-33.29626915273472,33.29626915273472,49.944403729102085,long
126163,126170,loss,-33.29626915273472,33.29626915273472,49.944403729102085,short
126243,126280,loss,-33.29626915273472,33.29626915273472,49.944403729102085,long
126294,126310,loss,-33.29626915273472,33.29626915273472,49.944403729102085,long
126311,126314,loss,-33.29626915273472,33.29626915273472,49.944403729102085,short
126319,126334,loss,-33.29626915273472,33.29626915273472,49.944403729102085,long
126337,126340,loss,-33.29626915273472,33.29626915273472,49.944403729102085,short
126398,126405,loss,-33.29626915273472,33.29626915273472,49.944403729102085,short
126418,126434,loss,-33.29626915273472,33.29626915273472,49.944403729102085,short
126437,126470,loss,-33.29626915273472,33.29626915273472,49.944403729102085,long
126489,126494,win,49.944403729102085,33.29626915273472,49.944403729102085,long
126551,126569,win,49.944403729102085,33.29626915273472,49.944403729102085,short
126642,126656,win,49.944403729102085,33.29626915273472,49.944403729102085,short
126657,126688,win,49.944403729102085,33.29626915273472,49.944403729102085,short
126717,126771,win,49.944403729102085,33.29626915273472,49.944403729102085,long
126803,126820,win,49.944403729102085,33.29626915273472,49.944403729102085,short
126823,126910,win,49.944403729102085,33.29626915273472,49.944403729102085,short
126911,126975,loss,-33.29626915273472,33.29626915273472,49.944403729102085,short
126976,127027,loss,-33.29626915273472,33.29626915273472,49.944403729102085,long
127053,127082,loss,-33.29626915273472,33.29626915273472,49.944403729102085,long
127107,127119,win,49.944403729102085,33.29626915273472,49.944403729102085,short
127123,127154,win,49.944403729102085,33.29626915273472,49.944403729102085,long
127155,127183,loss,-33.29626915273472,33.29626915273472,49.944403729102085,long
127185,127198,loss,-33.29626915273472,33.29626915273472,49.944403729102085,short
127213,127217,loss,-33.29626915273472,33.29626915273472,49.944403729102085,short
127248,127252,loss,-33.29626915273472,33.29626915273472,49.944403729102085,long
127303,127319,loss,-33.29626915273472,33.29626915273472,49.944403729102085,short
127320,127321,loss,-33.29626915273472,33.29626915273472,49.944403729102085,long
127332,127354,win,49.944403729102085,33.29626915273472,49.944403729102085,long
127368,127447,win,49.944403729102085,33.29626915273472,49.944403729102085,short
127468,127470,loss,-33.29626915273472,33.29626915273472,49.944403729102085,long
127474,127475,loss,-33.29626915273472,33.29626915273472,49.944403729102085,long
127476,127492,loss,-33.29626915273472,33.29626915273472,49.944403729102085,long
127498,127510,win,49.944403729102085,33.29626915273472,49.944403729102085,short
127511,127523,loss,-33.29626915273472,33.29626915273472,49.944403729102085,short
127524,127532,win,49.944403729102085,33.29626915273472,49.944403729102085,long
127533,127538,loss,-33.29626915273472,33.29626915273472,49.944403729102085,long
127593,127597,win,49.944403729102085,33.29626915273472,49.944403729102085,long
127636,127652,loss,-33.29626915273472,33.29626915273472,49.944403729102085,short
127655,127672,loss,-33.29626915273472,33.29626915273472,49.944403729102085,long
127679,127749,win,49.944403729102085,33.29626915273472,49.944403729102085,short
127751,127796,win,49.944403729102085,33.29626915273472,49.944403729102085,short
127802,127803,win,49.944403729102085,33.29626915273472,49.944403729102085,short
127804,127815,win,49.944403729102085,33.29626915273472,49.944403729102085,short
127830,127868,loss,-33.29626915273472,33.29626915273472,49.944403729102085,long
127885,127928,loss,-33.29626915273472,33.29626915273472,49.944403729102085,long
127929,127942,loss,-33.29626915273472,33.29626915273472,49.944403729102085,short
127991,128010,loss,-33.29626915273472,33.29626915273472,49.944403729102085,long
128015,128053,loss,-33.29626915273472,33.29626915273472,49.944403729102085,long
128058,128087,loss,-33.29626915273472,33.29626915273472,49.944403729102085,short
128092,128131,loss,-33.29626915273472,33.29626915273472,49.944403729102085,long
128139,128152,loss,-33.29626915273472,33.29626915273472,49.944403729102085,long
128208,128216,loss,-33.29626915273472,33.29626915273472,49.944403729102085,long
128220,128224,loss,-33.29626915273472,33.29626915273472,49.944403729102085,short
128290,128319,loss,-33.29626915273472,33.29626915273472,49.944403729102085,long
128320,128344,loss,-33.29626915273472,33.29626915273472,49.944403729102085,short
128377,128404,win,49.944403729102085,33.29626915273472,49.944403729102085,short
128459,128468,loss,-33.29626915273472,33.29626915273472,49.944403729102085,short
128469,128480,loss,-33.29626915273472,33.29626915273472,49.944403729102085,long
128482,128487,loss,-33.29626915273472,33.29626915273472,49.944403729102085,short
128498,128502,loss,-33.29626915273472,33.29626915273472,49.944403729102085,long
128618,128623,loss,-33.29626915273472,33.29626915273472,49.944403729102085,short
128684,128687,win,49.944403729102085,33.29626915273472,49.944403729102085,short
128701,128719,loss,-33.29626915273472,33.29626915273472,49.944403729102085,long
128757,128764,loss,-33.29626915273472,33.29626915273472,49.944403729102085,long
128771,128834,loss,-33.29626915273472,33.29626915273472,49.944403729102085,short
128835,128890,loss,-33.29626915273472,33.29626915273472,49.944403729102085,long
128910,128947,loss,-33.29626915273472,33.29626915273472,49.944403729102085,short
128977,129011,win,49.944403729102085,33.29626915273472,49.944403729102085,short
129025,129088,loss,-33.29626915273472,33.29626915273472,49.944403729102085,long
129089,129104,loss,-33.29626915273472,33.29626915273472,49.944403729102085,short
129107,129169,loss,-33.29626915273472,33.29626915273472,49.944403729102085,long
129170,129173,loss,-33.29626915273472,33.29626915273472,49.944403729102085,short
129191,129248,loss,-33.29626915273472,33.29626915273472,49.944403729102085,short
129259,129299,win,49.944403729102085,33.29626915273472,49.944403729102085,long
129313,129315,loss,-33.29626915273472,33.29626915273472,49.944403729102085,short
129359,129377,win,49.944403729102085,33.29626915273472,49.944403729102085,short
129378,129379,win,49.944403729102085,33.29626915273472,49.944403729102085,short
129380,129383,win,49.944403729102085,33.29626915273472,49.944403729102085,short
129384,129392,win,49.944403729102085,33.29626915273472,49.944403729102085,short
129400,129511,loss,-33.29626915273472,33.29626915273472,49.944403729102085,long
129512,129519,loss,-33.29626915273472,33.29626915273472,49.944403729102085,short
129586,129599,loss,-33.29626915273472,33.29626915273472,49.944403729102085,long
129603,129631,win,49.944403729102085,33.29626915273472,49.944403729102085,short
129632,129661,loss,-33.29626915273472,33.29626915273472,49.944403729102085,short
129666,129769,loss,-33.29626915273472,33.29626915273472,49.944403729102085,long
129770,129777,loss,-33.29626915273472,33.29626915273472,49.944403729102085,short
129792,129844,win,49.944403729102085,33.29626915273472,49.944403729102085,short
129852,129864,loss,-33.29626915273472,33.29626915273472,49.944403729102085,short
129867,129874,loss,-33.29626915273472,33.29626915273472,49.944403729102085,long
130000,130012,loss,-33.29626915273472,33.29626915273472,49.944403729102085,long
130013,130042,loss,-33.29626915273472,33.29626915273472,49.944403729102085,short
130047,130053,loss,-33.29626915273472,33.29626915273472,49.944403729102085,long
130079,130086,loss,-33.29626915273472,33.29626915273472,49.944403729102085,long
130090,130113,loss,-33.29626915273472,33.29626915273472,49.944403729102085,long
130115,130145,win,49.944403729102085,33.29626915273472,49.944403729102085,short
130146,130173,win,49.944403729102085,33.29626915273472,49.944403729102085,short
130187,130197,win,49.944403729102085,33.29626915273472,49.944403729102085,long
130208,130238,win,49.944403729102085,33.29626915273472,49.944403729102085,long
130240,130250,loss,-33.29626915273472,33.29626915273472,49.944403729102085,long
130269,130285,loss,-33.29626915273472,33.29626915273472,49.944403729102085,short
130338,130347,loss,-33.29626915273472,33.29626915273472,49.944403729102085,long
130363,130367,loss,-33.29626915273472,33.29626915273472,49.944403729102085,long
130371,130380,loss,-33.29626915273472,33.29626915273472,49.944403729102085,short
130425,130449,win,49.944403729102085,33.29626915273472,49.944403729102085,long
130474,130491,win,49.944403729102085,33.29626915273472,49.944403729102085,short
130525,130533,win,49.944403729102085,33.29626915273472,49.944403729102085,short
130534,130537,loss,-33.29626915273472,33.29626915273472,49.944403729102085,short
130546,130572,loss,-33.29626915273472,33.29626915273472,49.944403729102085,long
130681,130728,loss,-33.29626915273472,33.29626915273472,49.944403729102085,long
130729,130743,win,49.944403729102085,33.29626915273472,49.944403729102085,short
130744,130848,loss,-33.29626915273472,33.29626915273472,49.944403729102085,long
130849,130863,loss,-33.29626915273472,33.29626915273472,49.944403729102085,short
130884,130888,win,49.944403729102085,33.29626915273472,49.944403729102085,short
130889,130939,win,49.944403729102085,33.29626915273472,49.944403729102085,short
130953,131004,loss,-33.29626915273472,33.29626915273472,49.944403729102085,long
131006,131020,win,49.944403729102085,33.29626915273472,49.944403729102085,short
131034,131038,loss,-33.29626915273472,33.29626915273472,49.944403729102085,long
131136,131159,win,49.944403729102085,33.29626915273472,49.944403729102085,short
131167,131204,win,49.944403729102085,33.29626915273472,49.944403729102085,short
131218,131232,win,49.944403729102085,33.29626915273472,49.944403729102085,long
131283,131294,win,49.944403729102085,33.29626915273472,49.944403729102085,long
131307,131312,loss,-33.29626915273472,33.29626915273472,49.944403729102085,short
131344,131382,win,49.944403729102085,33.29626915273472,49.944403729102085,short
131401,131422,loss,-33.29626915273472,33.29626915273472,49.944403729102085,long
131423,131434,loss,-33.29626915273472,33.29626915273472,49.944403729102085,short
131436,131473,loss,-33.29626915273472,33.29626915273472,49.944403729102085,long
131511,131538,loss,-33.29626915273472,33.29626915273472,49.944403729102085,long
131544,131574,win,49.944403729102085,33.29626915273472,49.944403729102085,short
131580,131584,win,49.944403729102085,33.29626915273472,49.944403729102085,long
131585,131607,loss,-33.29626915273472,33.29626915273472,49.944403729102085,long
131608,131649,win,49.944403729102085,33.29626915273472,49.944403729102085,short
131676,131701,loss,-33.29626915273472,33.29626915273472,49.944403729102085,long
131705,131728,win,49.944403729102085,33.29626915273472,49.944403729102085,short
131734,131775,loss,-33.29626915273472,33.29626915273472,49.944403729102085,short
131776,131784,win,49.944403729102085,33.29626915273472,49.944403729102085,long
131785,131793,loss,-33.29626915273472,33.29626915273472,49.944403729102085,long
131800,131815,loss,-33.29626915273472,33.29626915273472,49.944403729102085,short
131830,131847,win,49.944403729102085,33.29626915273472,49.944403729102085,short
131887,131907,win,49.944403729102085,33.29626915273472,49.944403729102085,long
131908,131921,loss,-33.29626915273472,33.29626915273472,49.944403729102085,long
131941,131953,loss,-33.29626915273472,33.29626915273472,49.944403729102085,short
131954,131981,loss,-33.29626915273472,33.29626915273472,49.944403729102085,long
131984,132000,loss,-33.29626915273472,33.29626915273472,49.944403729102085,short
132001,132036,win,49.944403729102085,33.29626915273472,49.944403729102085,long
132069,132105,win,49.944403729102085,33.29626915273472,49.944403729102085,short
132116,132127,win,49.944403729102085,33.29626915273472,49.944403729102085,long
132162,132180,win,49.944403729102085,33.29626915273472,49.944403729102085,short
132185,132187,win,49.944403729102085,33.29626915273472,49.944403729102085,short
132217,132293,loss,-33.29626915273472,33.29626915273472,49.944403729102085,long
132294,132305,win,49.944403729102085,33.29626915273472,49.944403729102085,short
132352,132360,loss,-33.29626915273472,33.29626915273472,49.944403729102085,long
132361,132362,win,49.944403729102085,33.29626915273472,49.944403729102085,short
132376,132417,loss,-33.29626915273472,33.29626915273472,49.944403729102085,long
132446,132453,loss,-33.29626915273472,33.29626915273472,49.944403729102085,short
132492,132518,win,49.944403729102085,33.29626915273472,49.944403729102085,long
132533,132544,loss,-33.29626915273472,33.29626915273472,49.944403729102085,short
132582,132600,loss,-33.29626915273472,33.29626915273472,49.944403729102085,long
132601,132615,loss,-33.29626915273472,33.29626915273472,49.944403729102085,short
132623,132666,win,49.944403729102085,33.29626915273472,49.944403729102085,long
132681,132687,loss,-33.29626915273472,33.29626915273472,49.944403729102085,short
132707,132723,win,49.944403729102085,33.29626915273472,49.944403729102085,short
132739,132741,loss,-33.29626915273472,33.29626915273472,49.944403729102085,long
132744,132750,loss,-33.29626915273472,33.29626915273472,49.944403729102085,long
132784,132805,win,49.944403729102085,33.29626915273472,49.944403729102085,long
132813,132816,win,49.944403729102085,33.29626915273472,49.944403729102085,long
132818,132829,loss,-33.29626915273472,33.29626915273472,49.944403729102085,long
132830,132879,loss,-33.29626915273472,33.29626915273472,49.944403729102085,short
132882,132958,loss,-33.29626915273472,33.29626915273472,49.944403729102085,long
132959,132963,win,49.944403729102085,33.29626915273472,49.944403729102085,short
132982,133084,loss,-33.29626915273472,33.29626915273472,49.944403729102085,long
133119,133134,win,49.944403729102085,33.29626915273472,49.944403729102085,long
133170,133202,loss,-33.29626915273472,33.29626915273472,49.944403729102085,short
133203,133214,loss,-33.29626915273472,33.29626915273472,49.944403729102085,long
133256,133275,win,49.944403729102085,33.29626915273472,49.944403729102085,short
133289,133344,win,49.944403729102085,33.29626915273472,49.944403729102085,long
133359,133374,loss,-33.29626915273472,33.29626915273472,49.944403729102085,short
133375,133391,loss,-33.29626915273472,33.29626915273472,49.944403729102085,long
133405,133419,loss,-33.29626915273472,33.29626915273472,49.944403729102085,long
133420,133446,loss,-33.29626915273472,33.29626915273472,49.944403729102085,short
133552,133585,loss,-33.29626915273472,33.29626915273472,49.944403729102085,long
133587,133616,win,49.944403729102085,33.29626915273472,49.944403729102085,short
133627,133660,loss,-33.29626915273472,33.29626915273472,49.944403729102085,long
133696,133753,win,49.944403729102085,33.29626915273472,49.944403729102085,long
133768,133804,loss,-33.29626915273472,33.29626915273472,49.944403729102085,short
133827,133835,win,49.944403729102085,33.29626915273472,49.944403729102085,short
133863,133889,win,49.944403729102085,33.29626915273472,49.944403729102085,long
133894,133903,loss,-33.29626915273472,33.29626915273472,49.944403729102085,long
133909,134005,loss,-33.29626915273472,33.29626915273472,49.944403729102085,short
134006,134128,win,49.944403729102085,33.29626915273472,49.944403729102085,long
134137,134158,loss,-33.29626915273472,33.29626915273472,49.944403729102085,long
134159,134165,win,49.944403729102085,33.29626915273472,49.944403729102085,short
134166,134168,loss,-33.29626915273472,33.29626915273472,49.944403729102085,short
134180,134233,win,49.944403729102085,33.29626915273472,49.944403729102085,long
134237,134244,loss,-33.29626915273472,33.29626915273472,49.944403729102085,long
134316,134368,win,49.944403729102085,33.29626915273472,49.944403729102085,short
134369,134385,loss,-33.29626915273472,33.29626915273472,49.944403729102085,short
134400,134435,loss,-33.29626915273472,33.29626915273472,49.944403729102085,long
134437,134439,win,49.944403729102085,33.29626915273472,49.944403729102085,short
134440,134513,loss,-33.29626915273472,33.29626915273472,49.944403729102085,short
134514,134554,loss,-33.29626915273472,33.29626915273472,49.944403729102085,long
134611,134642,win,49.944403729102085,33.29626915273472,49.944403729102085,long
134643,134646,win,49.944403729102085,33.29626915273472,49.944403729102085,long
134648,134652,loss,-33.29626915273472,33.29626915273472,49.944403729102085,long
134663,134673,loss,-33.29626915273472,33.29626915273472,49.944403729102085,short
134697,134723,win,49.944403729102085,33.29626915273472,49.944403729102085,short
134727,134777,loss,-33.29626915273472,33.29626915273472,49.944403729102085,short
134778,134791,loss,-33.29626915273472,33.29626915273472,49.944403729102085,long
134799,134845,loss,-33.29626915273472,33.29626915273472,49.944403729102085,short
134876,134880,loss,-33.29626915273472,33.29626915273472,49.944403729102085,long
134881,134913,win,49.944403729102085,33.29626915273472,49.944403729102085,short
134914,134919,loss,-33.29626915273472,33.29626915273472,49.944403729102085,short
134923,134944,loss,-33.29626915273472,33.29626915273472,49.944403729102085,short
134946,134975,loss,-33.29626915273472,33.29626915273472,49.944403729102085,long
135013,135041,loss,-33.29626915273472,33.29626915273472,49.944403729102085,long
135045,135065,loss,-33.29626915273472,33.29626915273472,49.944403729102085,short
135070,135106,win,49.944403729102085,33.29626915273472,49.944403729102085,long
135112,135121,win,49.944403729102085,33.29626915273472,49.944403729102085,long
135138,135153,loss,-33.29626915273472,33.29626915273472,49.944403729102085,long
135154,135238,loss,-33.29626915273472,33.29626915273472,49.944403729102085,short
135240,135258,loss,-33.29626915273472,33.29626915273472,49.944403729102085,long
135259,135325,loss,-33.29626915273472,33.29626915273472,49.944403729102085,short
135342,135372,win,49.944403729102085,33.29626915273472,49.944403729102085,short
135373,135381,loss,-33.29626915273472,33.29626915273472,49.944403729102085,short
135382,135428,loss,-33.29626915273472,33.29626915273472,49.944403729102085,long
135458,135472,win,49.944403729102085,33.29626915273472,49.944403729102085,long
135473,135478,loss,-33.29626915273472,33.29626915273472,49.944403729102085,long
135498,135516,loss,-33.29626915273472,33.29626915273472,49.944403729102085,long
135517,135525,loss,-33.29626915273472,33.29626915273472,49.944403729102085,short
135561,135585,loss,-33.29626915273472,33.29626915273472,49.944403729102085,long
135586,135649,loss,-33.29626915273472,33.29626915273472,49.944403729102085,short
135650,135655,win,49.944403729102085,33.29626915273472,49.944403729102085,long
135656,135674,loss,-33.29626915273472,33.29626915273472,49.944403729102085,long
135678,135734,win,49.944403729102085,33.29626915273472,49.944403729102085,short
135761,135786,win,49.944403729102085,33.29626915273472,49.944403729102085,long
135791,135807,loss,-33.29626915273472,33.29626915273472,49.944403729102085,short
135821,135834,loss,-33.29626915273472,33.29626915273472,49.944403729102085,short
135835,135860,win,49.944403729102085,33.29626915273472,49.944403729102085,long
135882,135885,loss,-33.29626915273472,33.29626915273472,49.944403729102085,long
135895,135929,win,49.944403729102085,33.29626915273472,49.944403729102085,short
135966,135976,loss,-33.29626915273472,33.29626915273472,49.944403729102085,long
136002,136011,loss,-33.29626915273472,33.29626915273472,49.944403729102085,short
136046,136065,win,49.944403729102085,33.29626915273472,49.944403729102085,short
136101,136129,win,49.944403729102085,33.29626915273472,49.944403729102085,long
136130,136146,win,49.944403729102085,33.29626915273472,49.944403729102085,long
136154,136156,loss,-33.29626915273472,33.29626915273472,49.944403729102085,long
136172,136222,loss,-33.29626915273472,33.29626915273472,49.944403729102085,short
136224,136284,win,49.944403729102085,33.29626915273472,49.944403729102085,short
136285,136288,loss,-33.29626915273472,33.29626915273472,49.944403729102085,short
136339,136358,loss,-33.29626915273472,33.29626915273472,49.944403729102085,long
136360,136369,win,49.944403729102085,33.29626915273472,49.944403729102085,short
136384,136387,loss,-33.29626915273472,33.29626915273472,49.944403729102085,long
136426,136428,loss,-33.29626915273472,33.29626915273472,49.944403729102085,short
136431,136465,win,49.944403729102085,33.29626915273472,49.944403729102085,short
136475,136493,loss,-33.29626915273472,33.29626915273472,49.944403729102085,long
136507,136512,loss,-33.29626915273472,33.29626915273472,49.944403729102085,long
136522,136560,win,49.944403729102085,33.29626915273472,49.944403729102085,short
136561,136571,win,49.944403729102085,33.29626915273472,49.944403729102085,short
136586,136605,loss,-33.29626915273472,33.29626915273472,49.944403729102085,long
136655,136684,loss,-33.29626915273472,33.29626915273472,49.944403729102085,long
136685,136696,loss,-33.29626915273472,33.29626915273472,49.944403729102085,short
136723,136753,loss,-33.29626915273472,33.29626915273472,49.944403729102085,long
136754,136762,loss,-33.29626915273472,33.29626915273472,49.944403729102085,short
136780,136791,loss,-33.29626915273472,33.29626915273472,49.944403729102085,long
136795,136814,loss,-33.29626915273472,33.29626915273472,49.944403729102085,short
136904,136943,loss,-33.29626915273472,33.29626915273472,49.944403729102085,long
136944,136960,loss,-33.29626915273472,33.29626915273472,49.944403729102085,short
137010,137020,loss,-33.29626915273472,33.29626915273472,49.944403729102085,short
137022,137027,loss,-33.29626915273472,33.29626915273472,49.944403729102085,long
137052,137091,loss,-33.29626915273472,33.29626915273472,49.944403729102085,short
137092,137113,win,49.944403729102085,33.29626915273472,49.944403729102085,long
137130,137167,loss,-33.29626915273472,33.29626915273472,49.944403729102085,short
137196,137218,win,49.944403729102085,33.29626915273472,49.944403729102085,short
137219,137236,loss,-33.29626915273472,33.29626915273472,49.944403729102085,short
137242,137342,loss,-33.29626915273472,33.29626915273472,49.944403729102085,long
137353,137363,loss,-33.29626915273472,33.29626915273472,49.944403729102085,long
137367,137370,win,49.944403729102085,33.29626915273472,49.944403729102085,short
137371,137442,loss,-33.29626915273472,33.29626915273472,49.944403729102085,short
137443,137475,win,49.944403729102085,33.29626915273472,49.944403729102085,long
137517,137572,win,49.944403729102085,33.29626915273472,49.944403729102085,short
137586,137607,win,49.944403729102085,33.29626915273472,49.944403729102085,long
137616,137669,win,49.944403729102085,33.29626915273472,49.944403729102085,long
137678,137706,win,49.944403729102085,33.29626915273472,49.944403729102085,long
137721,137844,loss,-33.29626915273472,33.29626915273472,49.944403729102085,short
137845,137855,loss,-33.29626915273472,33.29626915273472,49.944403729102085,long
137911,137928,win,49.944403729102085,33.29626915273472,49.944403729102085,long
137948,137977,win,49.944403729102085,33.29626915273472,49.944403729102085,short
138003,138061,loss,-33.29626915273472,33.29626915273472,49.944403729102085,long
138078,138184,loss,-33.29626915273472,33.29626915273472,49.944403729102085,long
138235,138319,loss,-33.29626915273472,33.29626915273472,49.944403729102085,short
138332,138460,win,49.944403729102085,33.29626915273472,49.944403729102085,long
138461,138471,loss,-33.29626915273472,33.29626915273472,49.944403729102085,long
138475,138507,loss,-33.29626915273472,33.29626915273472,49.944403729102085,short
138514,138528,win,49.944403729102085,33.29626915273472,49.944403729102085,long
138545,138583,win,49.944403729102085,33.29626915273472,49.944403729102085,short
138618,138629,win,49.944403729102085,33.29626915273472,49.944403729102085,long
138630,138653,loss,-33.29626915273472,33.29626915273472,49.944403729102085,long
138731,138738,win,49.944403729102085,33.29626915273472,49.944403729102085,short
138739,138749,loss,-33.29626915273472,33.29626915273472,49.944403729102085,short
138750,138768,loss,-33.29626915273472,33.29626915273472,49.944403729102085,long
138815,138822,loss,-33.29626915273472,33.29626915273472,49.944403729102085,short
138880,138913,loss,-33.29626915273472,33.29626915273472,49.944403729102085,short
138915,138922,loss,-33.29626915273472,33.29626915273472,49.944403729102085,long
138928,138957,loss,-33.29626915273472,33.29626915273472,49.944403729102085,short
138964,139002,loss,-33.29626915273472,33.29626915273472,49.944403729102085,long
139004,139010,loss,-33.29626915273472,33.29626915273472,49.944403729102085,short
139014,139016,loss,-33.29626915273472,33.29626915273472,49.944403729102085,long
139018,139037,win,49.944403729102085,33.29626915273472,49.944403729102085,long
139113,139126,win,49.944403729102085,33.29626915273472,49.944403729102085,short
139130,139131,loss,-33.29626915273472,33.29626915273472,49.944403729102085,short
139157,139191,win,49.944403729102085,33.29626915273472,49.944403729102085,long
139201,139237,win,49.944403729102085,33.29626915273472,49.944403729102085,short
139238,139266,loss,-33.29626915273472,33.29626915273472,49.944403729102085,short
139268,139303,loss,-33.29626915273472,33.29626915273472,49.944403729102085,long
139304,139330,loss,-33.29626915273472,33.29626915273472,49.944403729102085,short
139333,139348,win,49.944403729102085,33.29626915273472,49.944403729102085,long
139385,139401,win,49.944403729102085,33.29626915273472,49.944403729102085,short
139433,139452,win,49.944403729102085,33.29626915273472,49.944403729102085,long
139470,139498,loss,-33.29626915273472,33.29626915273472,49.944403729102085,short
139499,139535,loss,-33.29626915273472,33.29626915273472,49.944403729102085,long
139605,139611,loss,-33.29626915273472,33.29626915273472,49.944403729102085,long
139664,139677,loss,-33.29626915273472,33.29626915273472,49.944403729102085,short
139678,139741,loss,-33.29626915273472,33.29626915273472,49.944403729102085,long
139797,139809,win,49.944403729102085,33.29626915273472,49.944403729102085,short
139841,139862,loss,-33.29626915273472,33.29626915273472,49.944403729102085,long
139868,139917,loss,-33.29626915273472,33.29626915273472,49.944403729102085,short
139918,139939,loss,-33.29626915273472,33.29626915273472,49.944403729102085,long
140001,140011,loss,-33.29626915273472,33.29626915273472,49.944403729102085,short
140016,140052,loss,-33.29626915273472,33.29626915273472,49.944403729102085,long
140103,140140,win,49.944403729102085,33.29626915273472,49.944403729102085,long
140141,140144,win,49.944403729102085,33.29626915273472,49.944403729102085,long
140145,140163,win,49.944403729102085,33.29626915273472,49.944403729102085,long
140185,140253,loss,-33.29626915273472,33.29626915273472,49.944403729102085,short
140279,140281,loss,-33.29626915273472,33.29626915273472,49.944403729102085,short
140307,140318,loss,-33.29626915273472,33.29626915273472,49.944403729102085,short
140321,140343,loss,-33.29626915273472,33.29626915273472,49.944403729102085,long
140362,140413,win,49.944403729102085,33.29626915273472,49.944403729102085,long
140428,140483,loss,-33.29626915273472,33.29626915273472,49.944403729102085,short
140490,140520,win,49.944403729102085,33.29626915273472,49.944403729102085,short
140559,140700,loss,-33.29626915273472,33.29626915273472,49.944403729102085,long
140701,140711,win,49.944403729102085,33.29626915273472,49.944403729102085,short
140738,140753,win,49.944403729102085,33.29626915273472,49.944403729102085,long
140754,140762,loss,-33.29626915273472,33.29626915273472,49.944403729102085,long
140793,140819,loss,-33.29626915273472,33.29626915273472,49.944403729102085,short
140823,140859,loss,-33.29626915273472,33.29626915273472,49.944403729102085,long
140868,140881,win,49.944403729102085,33.29626915273472,49.944403729102085,short
140883,140938,loss,-33.29626915273472,33.29626915273472,49.944403729102085,short
140940,140964,loss,-33.29626915273472,33.29626915273472,49.944403729102085,long
140965,140973,loss,-33.29626915273472,33.29626915273472,49.944403729102085,short
141022,141032,loss,-33.29626915273472,33.29626915273472,49.944403729102085,short
141034,141036,loss,-33.29626915273472,33.29626915273472,49.944403729102085,long
141046,141095,win,49.944403729102085,33.29626915273472,49.944403729102085,short
141109,141157,win,49.944403729102085,33.29626915273472,49.944403729102085,long
141186,141232,win,49.944403729102085,33.29626915273472,49.944403729102085,long
141276,141293,win,49.944403729102085,33.29626915273472,49.944403729102085,long
141295,141321,win,49.944403729102085,33.29626915273472,49.944403729102085,long
141337,141349,loss,-33.29626915273472,33.29626915273472,49.944403729102085,short
141375,141377,loss,-33.29626915273472,33.29626915273472,49.944403729102085,short
141380,141414,win,49.944403729102085,33.29626915273472,49.944403729102085,short
141441,141497,loss,-33.29626915273472,33.29626915273472,49.944403729102085,short
141500,141561,loss,-33.29626915273472,33.29626915273472,49.944403729102085,long
141599,141613,loss,-33.29626915273472,33.29626915273472,49.944403729102085,long
141614,141639,loss,-33.29626915273472,33.29626915273472,49.944403729102085,short
141650,141684,loss,-33.29626915273472,33.29626915273472,49.944403729102085,long
141708,141754,loss,-33.29626915273472,33.29626915273472,49.944403729102085,short
141756,141770,loss,-33.29626915273472,33.29626915273472,49.944403729102085,long
141775,141819,win,49.944403729102085,33.29626915273472,49.944403729102085,short
141849,141855,win,49.944403729102085,33.29626915273472,49.944403729102085,short
141856,141890,win,49.944403729102085,33.29626915273472,49.944403729102085,short
141961,141973,loss,-33.29626915273472,33.29626915273472,49.944403729102085,short
141990,142023,win,49.944403729102085,33.29626915273472,49.944403729102085,long
142036,142109,loss,-33.29626915273472,33.29626915273472,49.944403729102085,short
142158,142180,win,49.944403729102085,33.29626915273472,49.944403729102085,long
142203,142252,win,49.944403729102085,33.29626915273472,49.944403729102085,short
142287,142334,win,49.944403729102085,33.29626915273472,49.944403729102085,long
142335,142372,win,49.944403729102085,33.29626915273472,49.944403729102085,long
142417,142425,win,49.944403729102085,33.29626915273472,49.944403729102085,short
142426,142444,win,49.944403729102085,33.29626915273472,49.944403729102085,short
142455,142493,loss,-33.29626915273472,33.29626915273472,49.944403729102085,short
142494,142510,win,49.944403729102085,33.29626915273472,49.944403729102085,long
142541,142583,loss,-33.29626915273472,33.29626915273472,49.944403729102085,short
142584,142605,loss,-33.29626915273472,33.29626915273472,49.944403729102085,long
142647,142654,loss,-33.29626915273472,33.29626915273472,49.944403729102085,short
142686,142732,loss,-33.29626915273472,33.29626915273472,49.944403729102085,short
142747,142748,loss,-33.29626915273472,33.29626915273472,49.944403729102085,long
142749,142782,win,49.944403729102085,33.29626915273472,49.944403729102085,long
142802,142809,win,49.944403729102085,33.29626915273472,49.944403729102085,short
142810,142813,loss,-33.29626915273472,33.29626915273472,49.944403729102085,short
142859,142869,loss,-33.29626915273472,33.29626915273472,49.944403729102085,long
142956,142989,win,49.944403729102085,33.29626915273472,49.944403729102085,short
143023,143060,loss,-33.29626915273472,33.29626915273472,49.944403729102085,long
143078,143111,win,49.944403729102085,33.29626915273472,49.944403729102085,short
143119,143131,loss,-33.29626915273472,33.29626915273472,49.944403729102085,long
143141,143145,win,49.944403729102085,33.29626915273472,49.944403729102085,short
143146,143155,win,49.944403729102085,33.29626915273472,49.944403729102085,short
143203,143212,win,49.944403729102085,33.29626915273472,49.944403729102085,long
143213,143220,loss,-33.29626915273472,33.29626915273472,49.944403729102085,long
143278,143283,win,49.944403729102085,33.29626915273472,49.944403729102085,long
143284,143286,loss,-33.29626915273472,33.29626915273472,49.944403729102085,long
143297,143377,loss,-33.29626915273472,33.29626915273472,49.944403729102085,short
143403,143416,loss,-33.29626915273472,33.29626915273472,49.944403729102085,short
143429,143488,win,49.944403729102085,33.29626915273472,49.944403729102085,short
143489,143495,loss,-33.29626915273472,33.29626915273472,49.944403729102085,short
143502,143557,loss,-33.29626915273472,33.29626915273472,49.944403729102085,long
143590,143623,win,49.944403729102085,33.29626915273472,49.944403729102085,long
143632,143678,loss,-33.29626915273472,33.29626915273472,49.944403729102085,short
143685,143769,win,49.944403729102085,33.29626915273472,49.944403729102085,long
143771,143815,loss,-33.29626915273472,33.29626915273472,49.944403729102085,long
143824,143829,win,49.944403729102085,33.29626915273472,49.944403729102085,short
143830,143845,win,49.944403729102085,33.29626915273472,49.944403729102085,short
143860,143929,loss,-33.29626915273472,33.29626915273472,49.944403729102085,long
143931,143967,win,49.944403729102085,33.29626915273472,49.944403729102085,short
143968,143972,loss,-33.29626915273472,33.29626915273472,49.944403729102085,short
143977,144001,loss,-33.29626915273472,33.29626915273472,49.944403729102085,long
144034,144037,win,49.944403729102085,33.29626915273472,49.944403729102085,short
144044,144084,loss,-33.29626915273472,33.29626915273472,49.944403729102085,short
144156,144210,win,49.944403729102085,33.29626915273472,49.944403729102085,long
144240,144243,loss,-33.29626915273472,33.29626915273472,49.944403729102085,long
144244,144310,win,49.944403729102085,33.29626915273472,49.944403729102085,short
144311,144320,loss,-33.29626915273472,33.29626915273472,49.944403729102085,short
144325,144389,win,49.944403729102085,33.29626915273472,49.944403729102085,long
144409,144432,loss,-33.29626915273472,33.29626915273472,49.944403729102085,short
144452,144457,loss,-33.29626915273472,33.29626915273472,49.944403729102085,long
144466,144486,loss,-33.29626915273472,33.29626915273472,49.944403729102085,short
144517,144518,loss,-33.29626915273472,33.29626915273472,49.944403729102085,short
144530,144564,loss,-33.29626915273472,33.29626915273472,49.944403729102085,long
144610,144643,win,49.944403729102085,33.29626915273472,49.944403729102085,long
144654,144656,loss,-33.29626915273472,33.29626915273472,49.944403729102085,short
144679,144705,win,49.944403729102085,33.29626915273472,49.944403729102085,short
144718,144738,win,49.944403729102085,33.29626915273472,49.944403729102085,long
144740,144771,win,49.944403729102085,33.29626915273472,49.944403729102085,short
144805,144860,win,49.944403729102085,33.29626915273472,49.944403729102085,long
144861,144882,win,49.944403729102085,33.29626915273472,49.944403729102085,long
144923,145001,loss,-33.29626915273472,33.29626915273472,49.944403729102085,short
145008,145058,win,49.944403729102085,33.29626915273472,49.944403729102085,long
145063,145065,loss,-33.29626915273472,33.29626915273472,49.944403729102085,long
145069,145137,loss,-33.29626915273472,33.29626915273472,49.944403729102085,short
145146,145268,win,49.944403729102085,33.29626915273472,49.944403729102085,long
145269,145299,win,49.944403729102085,33.29626915273472,49.944403729102085,long
145308,145388,win,49.944403729102085,33.29626915273472,49.944403729102085,short
145394,145412,loss,-33.29626915273472,33.29626915273472,49.944403729102085,long
145414,145474,win,49.944403729102085,33.29626915273472,49.944403729102085,short
145475,145482,win,49.944403729102085,33.29626915273472,49.944403729102085,short
145483,145525,loss,-33.29626915273472,33.29626915273472,49.944403729102085,short
145526,145536,loss,-33.29626915273472,33.29626915273472,49.944403729102085,long
145550,145678,win,49.944403729102085,33.29626915273472,49.944403729102085,short
145682,145685,loss,-33.29626915273472,33.29626915273472,49.944403729102085,short
145690,145816,win,49.944403729102085,33.29626915273472,49.944403729102085,long
145820,146008,loss,-33.29626915273472,33.29626915273472,49.944403729102085,long
146009,146042,loss,-33.29626915273472,33.29626915273472,49.944403729102085,short
146060,146084,loss,-33.29626915273472,33.29626915273472,49.944403729102085,long
146092,146131,win,49.944403729102085,33.29626915273472,49.944403729102085,short
146142,146149,win,49.944403729102085,33.29626915273472,49.944403729102085,long
146154,146155,win,49.944403729102085,33.29626915273472,49.944403729102085,long
146227,146240,win,49.944403729102085,33.29626915273472,49.944403729102085,long
146264,146267,loss,-33.29626915273472,33.29626915273472,49.944403729102085,short
146298,146324,loss,-33.29626915273472,33.29626915273472,49.944403729102085,long
146325,146332,loss,-33.29626915273472,33.29626915273472,49.944403729102085,short
146349,146355,loss,-33.29626915273472,33.29626915273472,49.944403729102085,short
146368,146402,win,49.944403729102085,33.29626915273472,49.944403729102085,long
146404,146420,win,49.944403729102085,33.29626915273472,49.944403729102085,long
146425,146428,win,49.944403729102085,33.29626915273472,49.944403729102085,short
146429,146444,loss,-33.29626915273472,33.29626915273472,49.944403729102085,short
146508,146558,loss,-33.29626915273472,33.29626915273472,49.944403729102085,short
146559,146564,win,49.944403729102085,33.29626915273472,49.944403729102085,long
146578,146581,win,49.944403729102085,33.29626915273472,49.944403729102085,short
146593,146679,win,49.944403729102085,33.29626915273472,49.944403729102085,short
146704,146732,win,49.944403729102085,33.29626915273472,49.944403729102085,long
146733,146748,win,49.944403729102085,33.29626915273472,49.944403729102085,long
146762,146765,win,49.944403729102085,33.29626915273472,49.944403729102085,short
146812,146833,loss,-33.29626915273472,33.29626915273472,49.944403729102085,long
146847,146870,win,49.944403729102085,33.29626915273472,49.944403729102085,long
146882,146901,loss,-33.29626915273472,33.29626915273472,49.944403729102085,long
146902,146904,loss,-33.29626915273472,33.29626915273472,49.944403729102085,short
146907,146914,win,49.944403729102085,33.29626915273472,49.944403729102085,short
146967,147015,win,49.944403729102085,33.29626915273472,49.944403729102085,long
147016,147022,loss,-33.29626915273472,33.29626915273472,49.944403729102085,long
147039,147042,loss,-33.29626915273472,33.29626915273472,49.944403729102085,short
147049,147072,win,49.944403729102085,33.29626915273472,49.944403729102085,short
147116,147121,win,49.944403729102085,33.29626915273472,49.944403729102085,long
147122,147127,win,49.944403729102085,33.29626915273472,49.944403729102085,long
147128,147137,win,49.944403729102085,33.29626915273472,49.944403729102085,long
147138,147139,win,49.944403729102085,33.29626915273472,49.944403729102085,long
147167,147172,loss,-33.29626915273472,33.29626915273472,49.944403729102085,short
147210,147211,win,49.944403729102085,33.29626915273472,49.944403729102085,long
147224,147228,win,49.944403729102085,33.29626915273472,49.944403729102085,short
147266,147267,loss,-33.29626915273472,33.29626915273472,49.944403729102085,long
147337,147349,win,49.944403729102085,33.29626915273472,49.944403729102085,long
147356,147358,loss,-33.29626915273472,33.29626915273472,49.944403729102085,short
147365,147378,win,49.944403729102085,33.29626915273472,49.944403729102085,short
147392,147404,win,49.944403729102085,33.29626915273472,49.944403729102085,short
147434,147436,loss,-33.29626915273472,33.29626915273472,49.944403729102085,long
147456,147460,loss,-33.29626915273472,33.29626915273472,49.944403729102085,long
147515,147516,loss,-33.29626915273472,33.29626915273472,49.944403729102085,long
147530,147547,win,49.944403729102085,33.29626915273472,49.944403729102085,long
147548,147551,win,49.944403729102085,33.29626915273472,49.944403729102085,long
147552,147557,loss,-33.29626915273472,33.29626915273472,49.944403729102085,long
147565,147567,win,49.944403729102085,33.29626915273472,49.944403729102085,short
147607,147609,loss,-33.29626915273472,33.29626915273472,49.944403729102085,short
147644,147657,win,49.944403729102085,33.29626915273472,49.944403729102085,long
147688,147727,win,49.944403729102085,33.29626915273472,49.944403729102085,long
147729,147737,win,49.944403729102085,33.29626915273472,49.944403729102085,long
147738,147739,win,49.944403729102085,33.29626915273472,49.944403729102085,long
147743,147745,win,49.944403729102085,33.29626915273472,49.944403729102085,long
147746,147747,loss,-33.29626915273472,33.29626915273472,49.944403729102085,long
147749,147753,win,49.944403729102085,33.29626915273472,49.944403729102085,long
147759,147763,loss,-33.29626915273472,33.29626915273472,49.944403729102085,short
147767,147768,loss,-33.29626915273472,33.29626915273472,49.944403729102085,short
147791,147793,loss,-33.29626915273472,33.29626915273472,49.944403729102085,short
147814,147815,loss,-33.29626915273472,33.29626915273472,49.944403729102085,long
147871,147873,win,49.944403729102085,33.29626915273472,49.944403729102085,long
147914,147915,loss,-33.29626915273472,33.29626915273472,49.944403729102085,short
147916,147918,win,49.944403729102085,33.29626915273472,49.944403729102085,short
147919,147920,loss,-33.29626915273472,33.29626915273472,49.944403729102085,short
147932,147938,loss,-33.29626915273472,33.29626915273472,49.944403729102085,long
148028,148037,loss,-33.29626915273472,33.29626915273472,49.944403729102085,long
148052,148057,win,49.944403729102085,33.29626915273472,49.944403729102085,long
148081,148118,loss,-33.29626915273472,33.29626915273472,49.944403729102085,short
148119,148122,loss,-33.29626915273472,33.29626915273472,49.944403729102085,long
148131,148135,win,49.944403729102085,33.29626915273472,49.944403729102085,long
148166,148187,win,49.944403729102085,33.29626915273472,49.944403729102085,short
148188,148193,win,49.944403729102085,33.29626915273472,49.944403729102085,short
148194,148196,loss,-33.29626915273472,33.29626915273472,49.944403729102085,short
148211,148214,loss,-33.29626915273472,33.29626915273472,49.944403729102085,short
148225,148236,loss,-33.29626915273472,33.29626915273472,49.944403729102085,long
148274,148288,loss,-33.29626915273472,33.29626915273472,49.944403729102085,long
148293,148303,loss,-33.29626915273472,33.29626915273472,49.944403729102085,short
148348,148357,loss,-33.29626915273472,33.29626915273472,49.944403729102085,long
148393,148401,win,49.944403729102085,33.29626915273472,49.944403729102085,short
148402,148405,loss,-33.29626915273472,33.29626915273472,49.944403729102085,short
148409,148416,loss,-33.29626915273472,33.29626915273472,49.944403729102085,short
148423,148451,loss,-33.29626915273472,33.29626915273472,49.944403729102085,long
148464,148467,win,49.944403729102085,33.29626915273472,49.944403729102085,long
148468,148484,win,49.944403729102085,33.29626915273472,49.944403729102085,long
148500,148529,win,49.944403729102085,33.29626915273472,49.944403729102085,short
148544,148546,win,49.944403729102085,33.29626915273472,49.944403729102085,long
148547,148549,win,49.944403729102085,33.29626915273472,49.944403729102085,long
148550,148555,win,49.944403729102085,33.29626915273472,49.944403729102085,long
148569,148581,win,49.944403729102085,33.29626915273472,49.944403729102085,short
148605,148615,win,49.944403729102085,33.29626915273472,49.944403729102085,short
148616,148633,loss,-33.29626915273472,33.29626915273472,49.944403729102085,short
148634,148646,loss,-33.29626915273472,33.29626915273472,49.944403729102085,long
148694,148699,win,49.944403729102085,33.29626915273472,49.944403729102085,short
148726,148729,win,49.944403729102085,33.29626915273472,49.944403729102085,long
148730,148738,win,49.944403729102085,33.29626915273472,49.944403729102085,long
148752,148773,loss,-33.29626915273472,33.29626915273472,49.944403729102085,short
148820,148860,loss,-33.29626915273472,33.29626915273472,49.944403729102085,short
148869,148871,loss,-33.29626915273472,33.29626915273472,49.944403729102085,long
148874,148877,loss,-33.29626915273472,33.29626915273472,49.944403729102085,short
148883,148885,win,49.944403729102085,33.29626915273472,49.944403729102085,short
148972,148978,loss,-33.29626915273472,33.29626915273472,49.944403729102085,long
148987,149006,loss,-33.29626915273472,33.29626915273472,49.944403729102085,short
149026,149032,loss,-33.29626915273472,33.29626915273472,49.944403729102085,long
149041,149059,loss,-33.29626915273472,33.29626915273472,49.944403729102085,short
149110,149126,loss,-33.29626915273472,33.29626915273472,49.944403729102085,short
149156,149160,loss,-33.29626915273472,33.29626915273472,49.944403729102085,short
149161,149162,win,49.944403729102085,33.29626915273472,49.944403729102085,short
149163,149164,loss,-33.29626915273472,33.29626915273472,49.944403729102085,short
149165,149170,win,49.944403729102085,33.29626915273472,49.944403729102085,short
149174,149176,win,49.944403729102085,33.29626915273472,49.944403729102085,short
149208,149211,loss,-33.29626915273472,33.29626915273472,49.944403729102085,long
149214,149215,loss,-33.29626915273472,33.29626915273472,49.944403729102085,long
149221,149226,win,49.944403729102085,33.29626915273472,49.944403729102085,long
149227,149228,win,49.944403729102085,33.29626915273472,49.944403729102085,long
149229,149230,loss,-33.29626915273472,33.29626915273472,49.944403729102085,long
149235,149236,loss,-33.29626915273472,33.29626915273472,49.944403729102085,long
149238,149241,loss,-33.29626915273472,33.29626915273472,49.944403729102085,long
149249,149267,loss,-33.29626915273472,33.29626915273472,49.944403729102085,short
149320,149330,win,49.944403729102085,33.29626915273472,49.944403729102085,long
149369,149372,loss,-33.29626915273472,33.29626915273472,49.944403729102085,short
149376,149382,loss,-33.29626915273472,33.29626915273472,49.944403729102085,long
149391,149398,loss,-33.29626915273472,33.29626915273472,49.944403729102085,short
149444,149446,loss,-33.29626915273472,33.29626915273472,49.944403729102085,long
149449,149452,loss,-33.29626915273472,33.29626915273472,49.944403729102085,long
149453,149454,loss,-33.29626915273472,33.29626915273472,49.944403729102085,long
149507,149511,loss,-33.29626915273472,33.29626915273472,49.944403729102085,short
149515,149517,loss,-33.29626915273472,33.29626915273472,49.944403729102085,short
149571,149573,win,49.944403729102085,33.29626915273472,49.944403729102085,long
149624,149629,loss,-33.29626915273472,33.29626915273472,49.944403729102085,short
149644,149652,loss,-33.29626915273472,33.29626915273472,49.944403729102085,short
149661,149672,loss,-33.29626915273472,33.29626915273472,49.944403729102085,long
149679,149687,win,49.944403729102085,33.29626915273472,49.944403729102085,long
149689,149691,loss,-33.29626915273472,33.29626915273472,49.944403729102085,long
149759,149760,loss,-33.29626915273472,33.29626915273472,49.944403729102085,short
149761,149762,win,49.944403729102085,33.29626915273472,49.944403729102085,short
149763,149764,loss,-33.29626915273472,33.29626915273472,49.944403729102085,short
149765,149766,loss,-33.29626915273472,33.29626915273472,49.944403729102085,short
149821,149825,win,49.944403729102085,33.29626915273472,49.944403729102085,long
149826,149828,loss,-33.29626915273472,33.29626915273472,49.944403729102085,long
149851,149853,loss,-33.29626915273472,33.29626915273472,49.944403729102085,short
149949,149955,win,49.944403729102085,33.29626915273472,49.944403729102085,short
149956,149957,loss,-33.29626915273472,33.29626915273472,49.944403729102085,short
150029,150032,loss,-33.29626915273472,33.29626915273472,49.944403729102085,short
150044,150048,loss,-33.29626915273472,33.29626915273472,49.944403729102085,long
150089,150097,win,49.944403729102085,33.29626915273472,49.944403729102085,long
150098,150100,loss,-33.29626915273472,33.29626915273472,49.944403729102085,long
150136,150153,win,49.944403729102085,33.29626915273472,49.944403729102085,short
150154,150173,loss,-33.29626915273472,33.29626915273472,49.944403729102085,short
150183,150187,loss,-33.29626915273472,33.29626915273472,49.944403729102085,long
150217,150234,win,49.944403729102085,33.29626915273472,49.944403729102085,short
150235,150242,loss,-33.29626915273472,33.29626915273472,49.944403729102085,short
150243,150244,loss,-33.29626915273472,33.29626915273472,49.944403729102085,long
150250,150276,loss,-33.29626915273472,33.29626915273472,49.944403729102085,long
150307,150311,win,49.944403729102085,33.29626915273472,49.944403729102085,long
150312,150313,loss,-33.29626915273472,33.29626915273472,49.944403729102085,long
150314,150315,win,49.944403729102085,33.29626915273472,49.944403729102085,long
150316,150326,win,49.944403729102085,33.29626915273472,49.944403729102085,long
150345,150351,loss,-33.29626915273472,33.29626915273472,49.944403729102085,short
150358,150359,loss,-33.29626915273472,33.29626915273472,49.944403729102085,short
150362,150364,loss,-33.29626915273472,33.29626915273472,49.944403729102085,short
150365,150366,loss,-33.29626915273472,33.29626915273472,49.944403729102085,short
150450,150454,win,49.944403729102085,33.29626915273472,49.944403729102085,long
150482,150492,loss,-33.29626915273472,33.29626915273472,49.944403729102085,short
150523,150527,loss,-33.29626915273472,33.29626915273472,49.944403729102085,short
150576,150581,loss,-33.29626915273472,33.29626915273472,49.944403729102085,short
150597,150598,win,49.944403729102085,33.29626915273472,49.944403729102085,short
150599,150602,loss,-33.29626915273472,33.29626915273472,49.944403729102085,short
150612,150613,loss,-33.29626915273472,33.29626915273472,49.944403729102085,long
150665,150668,loss,-33.29626915273472,33.29626915273472,49.944403729102085,short
150673,150682,loss,-33.29626915273472,33.29626915273472,49.944403729102085,long
150687,150701,win,49.944403729102085,33.29626915273472,49.944403729102085,short
150743,150754,loss,-33.29626915273472,33.29626915273472,49.944403729102085,short
150759,150775,win,49.944403729102085,33.29626915273472,49.944403729102085,long
150778,150781,win,49.944403729102085,33.29626915273472,49.944403729102085,long
150782,150785,loss,-33.29626915273472,33.29626915273472,49.944403729102085,long
150811,150824,win,49.944403729102085,33.29626915273472,49.944403729102085,short
150856,150874,loss,-33.29626915273472,33.29626915273472,49.944403729102085,long
150878,150893,loss,-33.29626915273472,33.29626915273472,49.944403729102085,short
150915,150916,win,49.944403729102085,33.29626915273472,49.944403729102085,short
150917,150920,loss,-33.29626915273472,33.29626915273472,49.944403729102085,short
150931,150952,loss,-33.29626915273472,33.29626915273472,49.944403729102085,long
150981,150982,win,49.944403729102085,33.29626915273472,49.944403729102085,long
150983,150985,loss,-33.29626915273472,33.29626915273472,49.944403729102085,long
150997,151000,win,49.944403729102085,33.29626915273472,49.944403729102085,short
151003,151005,loss,-33.29626915273472,33.29626915273472,49.944403729102085,short
151080,151082,win,49.944403729102085,33.29626915273472,49.944403729102085,short
151107,151113,loss,-33.29626915273472,33.29626915273472,49.944403729102085,long
151216,151232,loss,-33.29626915273472,33.29626915273472,49.944403729102085,short
151236,151251,win,49.944403729102085,33.29626915273472,49.944403729102085,long
151252,151253,win,49.944403729102085,33.29626915273472,49.944403729102085,long
151266,151304,loss,-33.29626915273472,33.29626915273472,49.944403729102085,short
151328,151329,loss,-33.29626915273472,33.29626915273472,49.944403729102085,short
151332,151341,win,49.944403729102085,33.29626915273472,49.944403729102085,short
151345,151350,win,49.944403729102085,33.29626915273472,49.944403729102085,long
151351,151353,loss,-33.29626915273472,33.29626915273472,49.944403729102085,long
151354,151358,loss,-33.29626915273472,33.29626915273472,49.944403729102085,long
151410,151440,win,49.944403729102085,33.29626915273472,49.944403729102085,short
151448,151452,loss,-33.29626915273472,33.29626915273472,49.944403729102085,long
151453,151456,win,49.944403729102085,33.29626915273472,49.944403729102085,long
151528,151536,win,49.944403729102085,33.29626915273472,49.944403729102085,long
151543,151544,loss,-33.29626915273472,33.29626915273472,49.944403729102085,short
151545,151547,loss,-33.29626915273472,33.29626915273472,49.944403729102085,short
151556,151568,loss,-33.29626915273472,33.29626915273472,49.944403729102085,short
151594,151595,loss,-33.29626915273472,33.29626915273472,49.944403729102085,long
151661,151671,loss,-33.29626915273472,33.29626915273472,49.944403729102085,short
151678,151680,win,49.944403729102085,33.29626915273472,49.944403729102085,long
151682,151686,win,49.944403729102085,33.29626915273472,49.944403729102085,long
151714,151715,loss,-33.29626915273472,33.29626915273472,49.944403729102085,short
151762,151803,win,49.944403729102085,33.29626915273472,49.944403729102085,short
151807,151811,win,49.944403729102085,33.29626915273472,49.944403729102085,long
151812,151814,loss,-33.29626915273472,33.29626915273472,49.944403729102085,long
151815,151816,loss,-33.29626915273472,33.29626915273472,49.944403729102085,long
151846,151853,loss,-33.29626915273472,33.29626915273472,49.944403729102085,short
151874,151875,win,49.944403729102085,33.29626915273472,49.944403729102085,short
151876,151878,win,49.944403729102085,33.29626915273472,49.944403729102085,short
151879,151894,loss,-33.29626915273472,33.29626915273472,49.944403729102085,short
151951,151967,loss,-33.29626915273472,33.29626915273472,49.944403729102085,long
151968,151978,win,49.944403729102085,33.29626915273472,49.944403729102085,short
151979,151982,loss,-33.29626915273472,33.29626915273472,49.944403729102085,short
151994,151995,loss,-33.29626915273472,33.29626915273472,49.944403729102085,long
151997,152017,loss,-33.29626915273472,33.29626915273472,49.944403729102085,long
152049,152059,win,49.944403729102085,33.29626915273472,49.944403729102085,short
152060,152066,win,49.944403729102085,33.29626915273472,49.944403729102085,short
152074,152086,loss,-33.29626915273472,33.29626915273472,49.944403729102085,long
152125,152127,win,49.944403729102085,33.29626915273472,49.944403729102085,long
152132,152137,loss,-33.29626915273472,33.29626915273472,49.944403729102085,long
152198,152199,loss,-33.29626915273472,33.29626915273472,49.944403729102085,long
152232,152239,loss,-33.29626915273472,33.29626915273472,49.944403729102085,short
152263,152264,loss,-33.29626915273472,33.29626915273472,49.944403729102085,long
152265,152266,loss,-33.29626915273472,33.29626915273472,49.944403729102085,long
152278,152327,loss,-33.29626915273472,33.29626915273472,49.944403729102085,short
152328,152329,loss,-33.29626915273472,33.29626915273472,49.944403729102085,short
152362,152364,loss,-33.29626915273472,33.29626915273472,49.944403729102085,short
152400,152406,win,49.944403729102085,33.29626915273472,49.944403729102085,long
152407,152416,win,49.944403729102085,33.29626915273472,49.944403729102085,long
152439,152444,loss,-33.29626915273472,33.29626915273472,49.944403729102085,long
152476,152478,loss,-33.29626915273472,33.29626915273472,49.944403729102085,short
152505,152508,loss,-33.29626915273472,33.29626915273472,49.944403729102085,long
152519,152527,win,49.944403729102085,33.29626915273472,49.944403729102085,short
152549,152560,loss,-33.29626915273472,33.29626915273472,49.944403729102085,short
152583,152595,win,49.944403729102085,33.29626915273472,49.944403729102085,long
152597,152599,loss,-33.29626915273472,33.29626915273472,49.944403729102085,long
152608,152609,win,49.944403729102085,33.29626915273472,49.944403729102085,short
152610,152613,loss,-33.29626915273472,33.29626915273472,49.944403729102085,short
152616,152619,loss,-33.29626915273472,33.29626915273472,49.944403729102085,short
152630,152632,loss,-33.29626915273472,33.29626915273472,49.944403729102085,long
152634,152664,win,49.944403729102085,33.29626915273472,49.944403729102085,long
152682,152714,loss,-33.29626915273472,33.29626915273472,49.944403729102085,short
152728,152732,loss,-33.29626915273472,33.29626915273472,49.944403729102085,short
152740,152742,loss,-33.29626915273472,33.29626915273472,49.944403729102085,long
152743,152747,loss,-33.29626915273472,33.29626915273472,49.944403729102085,long
152749,152751,win,49.944403729102085,33.29626915273472,49.944403729102085,short
152752,152779,loss,-33.29626915273472,33.29626915273472,49.944403729102085,short
152790,152796,loss,-33.29626915273472,33.29626915273472,49.944403729102085,long
152816,152818,loss,-33.29626915273472,33.29626915273472,49.944403729102085,long
152826,152833,loss,-33.29626915273472,33.29626915273472,49.944403729102085,long
152863,152866,loss,-33.29626915273472,33.29626915273472,49.944403729102085,short
152878,152880,loss,-33.29626915273472,33.29626915273472,49.944403729102085,short
152889,152894,win,49.944403729102085,33.29626915273472,49.944403729102085,long
152938,152955,loss,-33.29626915273472,33.29626915273472,49.944403729102085,short
153021,153022,loss,-33.29626915273472,33.29626915273472,49.944403729102085,long
153027,153073,loss,-33.29626915273472,33.29626915273472,49.944403729102085,short
153075,153088,loss,-33.29626915273472,33.29626915273472,49.944403729102085,long
153114,153143,win,49.944403729102085,33.29626915273472,49.944403729102085,long
153176,153229,loss,-33.29626915273472,33.29626915273472,49.944403729102085,short
153230,153251,win,49.944403729102085,33.29626915273472,49.944403729102085,long
153297,153300,loss,-33.29626915273472,33.29626915273472,49.944403729102085,long
153306,153345,loss,-33.29626915273472,33.29626915273472,49.944403729102085,short
153365,153424,win,49.944403729102085,33.29626915273472,49.944403729102085,short
153425,153431,loss,-33.29626915273472,33.29626915273472,49.944403729102085,short
153433,153438,loss,-33.29626915273472,33.29626915273472,49.944403729102085,short
153440,153446,loss,-33.29626915273472,33.29626915273472,49.944403729102085,long
153448,153498,win,49.944403729102085,33.29626915273472,49.944403729102085,long
153517,153518,loss,-33.29626915273472,33.29626915273472,49.944403729102085,short
153531,153554,win,49.944403729102085,33.29626915273472,49.944403729102085,long
153559,153572,win,49.944403729102085,33.29626915273472,49.944403729102085,long
153588,153625,loss,-33.29626915273472,33.29626915273472,49.944403729102085,short
153637,153638,loss,-33.29626915273472,33.29626915273472,49.944403729102085,short
153658,153690,loss,-33.29626915273472,33.29626915273472,49.944403729102085,long
153729,153733,loss,-33.29626915273472,33.29626915273472,49.944403729102085,long
153743,153773,win,49.944403729102085,33.29626915273472,49.944403729102085,short
153776,153779,loss,-33.29626915273472,33.29626915273472,49.944403729102085,short
153780,153783,win,49.944403729102085,33.29626915273472,49.944403729102085,short
153784,153807,loss,-33.29626915273472,33.29626915273472,49.944403729102085,short
153814,153840,loss,-33.29626915273472,33.29626915273472,49.944403729102085,long
153854,153870,loss,-33.29626915273472,33.29626915273472,49.944403729102085,long
153895,153919,win,49.944403729102085,33.29626915273472,49.944403729102085,short
153920,153922,win,49.944403729102085,33.29626915273472,49.944403729102085,short
153923,153924,loss,-33.29626915273472,33.29626915273472,49.944403729102085,short
153936,153975,loss,-33.29626915273472,33.29626915273472,49.944403729102085,long
153989,153993,loss,-33.29626915273472,33.29626915273472,49.944403729102085,long
154053,154055,win,49.944403729102085,33.29626915273472,49.944403729102085,short
154068,154094,loss,-33.29626915273472,33.29626915273472,49.944403729102085,long
154135,154173,win,49.944403729102085,33.29626915273472,49.944403729102085,long
154188,154194,loss,-33.29626915273472,33.29626915273472,49.944403729102085,short
154197,154202,loss,-33.29626915273472,33.29626915273472,49.944403729102085,short
154218,154231,loss,-33.29626915273472,33.29626915273472,49.944403729102085,short
154233,154263,win,49.944403729102085,33.29626915273472,49.944403729102085,long
154265,154276,loss,-33.29626915273472,33.29626915273472,49.944403729102085,long
154283,154301,win,49.944403729102085,33.29626915273472,49.944403729102085,short
154347,154368,loss,-33.29626915273472,33.29626915273472,49.944403729102085,long
154375,154390,loss,-33.29626915273472,33.29626915273472,49.944403729102085,short
154392,154398,win,49.944403729102085,33.29626915273472,49.944403729102085,long
154399,154444,loss,-33.29626915273472,33.29626915273472,49.944403729102085,long
154449,154459,loss,-33.29626915273472,33.29626915273472,49.944403729102085,short
154486,154512,win,49.944403729102085,33.29626915273472,49.944403729102085,long
154526,154534,win,49.944403729102085,33.29626915273472,49.944403729102085,short
154535,154541,loss,-33.29626915273472,33.29626915273472,49.944403729102085,short
154543,154544,loss,-33.29626915273472,33.29626915273472,49.944403729102085,long
154554,154564,loss,-33.29626915273472,33.29626915273472,49.944403729102085,long
154596,154597,loss,-33.29626915273472,33.29626915273472,49.944403729102085,short
154612,154646,loss,-33.29626915273472,33.29626915273472,49.944403729102085,short
154647,154656,win,49.944403729102085,33.29626915273472,49.944403729102085,long
154673,154690,win,49.944403729102085,33.29626915273472,49.944403729102085,short
154743,154751,loss,-33.29626915273472,33.29626915273472,49.944403729102085,long
154780,154805,loss,-33.29626915273472,33.29626915273472,49.944403729102085,long
154813,154870,loss,-33.29626915273472,33.29626915273472,49.944403729102085,long
154896,154995,loss,-33.29626915273472,33.29626915273472,49.944403729102085,long
155002,155040,loss,-33.29626915273472,33.29626915273472,49.944403729102085,long
155086,155113,loss,-33.29626915273472,33.29626915273472,49.944403729102085,short
155115,155125,win,49.944403729102085,33.29626915273472,49.944403729102085,long
155181,155193,loss,-33.29626915273472,33.29626915273472,49.944403729102085,short
155196,155199,loss,-33.29626915273472,33.29626915273472,49.944403729102085,long
155310,155329,loss,-33.29626915273472,33.29626915273472,49.944403729102085,short
155332,155334,win,49.944403729102085,33.29626915273472,49.944403729102085,short
155335,155393,loss,-33.29626915273472,33.29626915273472,49.944403729102085,short
155410,155451,loss,-33.29626915273472,33.29626915273472,49.944403729102085,short
155452,155464,win,49.944403729102085,33.29626915273472,49.944403729102085,long
155476,155522,loss,-33.29626915273472,33.29626915273472,49.944403729102085,short
155523,155543,win,49.944403729102085,33.29626915273472,49.944403729102085,long
155544,155553,loss,-33.29626915273472,33.29626915273472,49.944403729102085,long
155555,155558,loss,-33.29626915273472,33.29626915273472,49.944403729102085,long
155569,155604,loss,-33.29626915273472,33.29626915273472,49.944403729102085,short
155606,155608,loss,-33.29626915273472,33.29626915273472,49.944403729102085,long
155609,155623,win,49.944403729102085,33.29626915273472,49.944403729102085,short
155684,155801,win,49.944403729102085,33.29626915273472,49.944403729102085,long
155816,155865,loss,-33.29626915273472,33.29626915273472,49.944403729102085,short
155877,155884,loss,-33.29626915273472,33.29626915273472,49.944403729102085,short
155891,155960,win,49.944403729102085,33.29626915273472,49.944403729102085,long
155975,156061,loss,-33.29626915273472,33.29626915273472,49.944403729102085,short
156062,156117,win,49.944403729102085,33.29626915273472,49.944403729102085,long
156120,156155,win,49.944403729102085,33.29626915273472,49.944403729102085,long
156157,156174,win,49.944403729102085,33.29626915273472,49.944403729102085,long
156227,156244,loss,-33.29626915273472,33.29626915273472,49.944403729102085,short
156256,156266,loss,-33.29626915273472,33.29626915273472,49.944403729102085,short
156312,156334,loss,-33.29626915273472,33.29626915273472,49.944403729102085,long
156375,156393,win,49.944403729102085,33.29626915273472,49.944403729102085,long
156407,156415,win,49.944403729102085,33.29626915273472,49.944403729102085,short
156416,156418,loss,-33.29626915273472,33.29626915273472,49.944403729102085,short
156433,156459,loss,-33.29626915273472,33.29626915273472,49.944403729102085,short
156479,156489,loss,-33.29626915273472,33.29626915273472,49.944403729102085,long
156513,156523,win,49.944403729102085,33.29626915273472,49.944403729102085,long
156524,156534,win,49.944403729102085,33.29626915273472,49.944403729102085,long
156549,156552,loss,-33.29626915273472,33.29626915273472,49.944403729102085,short
156570,156571,loss,-33.29626915273472,33.29626915273472,49.944403729102085,long
156595,156599,loss,-33.29626915273472,33.29626915273472,49.944403729102085,short
156619,156640,win,49.944403729102085,33.29626915273472,49.944403729102085,short
156641,156643,loss,-33.29626915273472,33.29626915273472,49.944403729102085,short
156654,156663,loss,-33.29626915273472,33.29626915273472,49.944403729102085,long
156701,156702,win,49.944403729102085,33.29626915273472,49.944403729102085,long
156703,156704,win,49.944403729102085,33.29626915273472,49.944403729102085,long
156705,156706,loss,-33.29626915273472,33.29626915273472,49.944403729102085,long
156718,156725,win,49.944403729102085,33.29626915273472,49.944403729102085,short
156754,156761,win,49.944403729102085,33.29626915273472,49.944403729102085,short
156763,156766,loss,-33.29626915273472,33.29626915273472,49.944403729102085,short
156777,156783,loss,-33.29626915273472,33.29626915273472,49.944403729102085,long
156792,156797,loss,-33.29626915273472,33.29626915273472,49.944403729102085,short
156811,156812,loss,-33.29626915273472,33.29626915273472,49.944403729102085,long
156888,156891,win,49.944403729102085,33.29626915273472,49.944403729102085,long
156893,156911,loss,-33.29626915273472,33.29626915273472,49.944403729102085,long
156912,156929,win,49.944403729102085,33.29626915273472,49.944403729102085,short
156977,156980,win,49.944403729102085,33.29626915273472,49.944403729102085,short
156981,156986,loss,-33.29626915273472,33.29626915273472,49.944403729102085,short
157007,157044,win,49.944403729102085,33.29626915273472,49.944403729102085,long
157045,157087,win,49.944403729102085,33.29626915273472,49.944403729102085,long
157133,157142,loss,-33.29626915273472,33.29626915273472,49.944403729102085,short
157176,157220,win,49.944403729102085,33.29626915273472,49.944403729102085,long
157249,157266,loss,-33.29626915273472,33.29626915273472,49.944403729102085,short
157267,157289,loss,-33.29626915273472,33.29626915273472,49.944403729102085,long
157310,157329,loss,-33.29626915273472,33.29626915273472,49.944403729102085,long
157330,157333,win,49.944403729102085,33.29626915273472,49.944403729102085,short
157340,157349,win,49.944403729102085,33.29626915273472,49.944403729102085,short
157407,157416,loss,-33.29626915273472,33.29626915273472,49.944403729102085,long
157445,157449,loss,-33.29626915273472,33.29626915273472,49.944403729102085,long
157457,157468,win,49.944403729102085,33.29626915273472,49.944403729102085,short
157474,157487,loss,-33.29626915273472,33.29626915273472,49.944403729102085,short
157494,157502,loss,-33.29626915273472,33.29626915273472,49.944403729102085,long
157513,157558,loss,-33.29626915273472,33.29626915273472,49.944403729102085,short
157559,157560,win,49.944403729102085,33.29626915273472,49.944403729102085,long
157561,157565,win,49.944403729102085,33.29626915273472,49.944403729102085,long
157577,157579,loss,-33.29626915273472,33.29626915273472,49.944403729102085,long
157591,157608,loss,-33.29626915273472,33.29626915273472,49.944403729102085,short
157658,157685,win,49.944403729102085,33.29626915273472,49.944403729102085,short
157686,157691,loss,-33.29626915273472,33.29626915273472,49.944403729102085,short
157695,157697,loss,-33.29626915273472,33.29626915273472,49.944403729102085,short
157737,157751,win,49.944403729102085,33.29626915273472,49.944403729102085,long
157778,157809,win,49.944403729102085,33.29626915273472,49.944403729102085,long
157830,157831,loss,-33.29626915273472,33.29626915273472,49.944403729102085,short
157848,157851,win,49.944403729102085,33.29626915273472,49.944403729102085,short
157852,157881,loss,-33.29626915273472,33.29626915273472,49.944403729102085,short
157884,157900,win,49.944403729102085,33.29626915273472,49.944403729102085,long
157921,157923,loss,-33.29626915273472,33.29626915273472,49.944403729102085,long
157928,157943,win,49.944403729102085,33.29626915273472,49.944403729102085,short
157981,157995,loss,-33.29626915273472,33.29626915273472,49.944403729102085,long
158018,158022,loss,-33.29626915273472,33.29626915273472,49.944403729102085,short
158036,158037,win,49.944403729102085,33.29626915273472,49.944403729102085,short
158038,158042,win,49.944403729102085,33.29626915273472,49.944403729102085,short
158058,158073,win,49.944403729102085,33.29626915273472,49.944403729102085,long
158080,158085,loss,-33.29626915273472,33.29626915273472,49.944403729102085,long
158156,158161,win,49.944403729102085,33.29626915273472,49.944403729102085,long
158162,158170,loss,-33.29626915273472,33.29626915273472,49.944403729102085,long
158244,158255,loss,-33.29626915273472,33.29626915273472,49.944403729102085,short
158259,158262,win,49.944403729102085,33.29626915273472,49.944403729102085,long
158263,158268,loss,-33.29626915273472,33.29626915273472,49.944403729102085,long
158329,158341,win,49.944403729102085,33.29626915273472,49.944403729102085,short
158372,158380,loss,-33.29626915273472,33.29626915273472,49.944403729102085,long
158400,158451,loss,-33.29626915273472,33.29626915273472,49.944403729102085,short
158472,158476,loss,-33.29626915273472,33.29626915273472,49.944403729102085,long
158480,158501,win,49.944403729102085,33.29626915273472,49.944403729102085,long
158552,158580,loss,-33.29626915273472,33.29626915273472,49.944403729102085,short
158581,158658,win,49.944403729102085,33.29626915273472,49.944403729102085,long
158659,158691,win,49.944403729102085,33.29626915273472,49.944403729102085,long
158698,158701,loss,-33.29626915273472,33.29626915273472,49.944403729102085,short
158708,158752,win,49.944403729102085,33.29626915273472,49.944403729102085,long
158793,158802,loss,-33.29626915273472,33.29626915273472,49.944403729102085,long
158821,158824,loss,-33.29626915273472,33.29626915273472,49.944403729102085,short
158834,158842,loss,-33.29626915273472,33.29626915273472,49.944403729102085,long
158927,158931,loss,-33.29626915273472,33.29626915273472,49.944403729102085,short
158945,158954,loss,-33.29626915273472,33.29626915273472,49.944403729102085,short
158973,158976,loss,-33.29626915273472,33.29626915273472,49.944403729102085,short
158992,158993,win,49.944403729102085,33.29626915273472,49.944403729102085,short
158994,158995,loss,-33.29626915273472,33.29626915273472,49.944403729102085,short
159001,159003,win,49.944403729102085,33.29626915273472,49.944403729102085,short
159004,159008,loss,-33.29626915273472,33.29626915273472,49.944403729102085,short
159036,159037,loss,-33.29626915273472,33.29626915273472,49.944403729102085,long
159065,159066,loss,-33.29626915273472,33.29626915273472,49.944403729102085,short
159130,159133,loss,-33.29626915273472,33.29626915273472,49.944403729102085,long
159193,159196,loss,-33.29626915273472,33.29626915273472,49.944403729102085,short
159200,159202,win,49.944403729102085,33.29626915273472,49.944403729102085,short
159207,159210,loss,-33.29626915273472,33.29626915273472,49.944403729102085,long
159232,159234,loss,-33.29626915273472,33.29626915273472,49.944403729102085,short
159255,159256,win,49.944403729102085,33.29626915273472,49.944403729102085,short
159257,159258,loss,-33.29626915273472,33.29626915273472,49.944403729102085,short
159265,159266,loss,-33.29626915273472,33.29626915273472,49.944403729102085,short
159271,159272,loss,-33.29626915273472,33.29626915273472,49.944403729102085,long
159277,159278,win,49.944403729102085,33.29626915273472,49.944403729102085,long
159279,159280,loss,-33.29626915273472,33.29626915273472,49.944403729102085,long
159281,159284,loss,-33.29626915273472,33.29626915273472,49.944403729102085,long
159348,159351,loss,-33.29626915273472,33.29626915273472,49.944403729102085,long
159352,159363,loss,-33.29626915273472,33.29626915273472,49.944403729102085,long
159390,159391,loss,-33.29626915273472,33.29626915273472,49.944403729102085,long
159392,159393,win,49.944403729102085,33.29626915273472,49.944403729102085,long
159395,159396,win,49.944403729102085,33.29626915273472,49.944403729102085,long
159397,159400,loss,-33.29626915273472,33.29626915273472,49.944403729102085,long
159426,159430,loss,-33.29626915273472,33.29626915273472,49.944403729102085,short
159435,159436,loss,-33.29626915273472,33.29626915273472,49.944403729102085,short
159477,159486,loss,-33.29626915273472,33.29626915273472,49.944403729102085,short
159513,159520,win,49.944403729102085,33.29626915273472,49.944403729102085,long
159523,159524,loss,-33.29626915273472,33.29626915273472,49.944403729102085,long
159563,159564,loss,-33.29626915273472,33.29626915273472,49.944403729102085,short
159572,159573,win,49.944403729102085,33.29626915273472,49.944403729102085,short
159574,159576,loss,-33.29626915273472,33.29626915273472,49.944403729102085,short
159586,159592,loss,-33.29626915273472,33.29626915273472,49.944403729102085,long
159593,159594,loss,-33.29626915273472,33.29626915273472,49.944403729102085,short
159598,159599,loss,-33.29626915273472,33.29626915273472,49.944403729102085,short
159612,159613,loss,-33.29626915273472,33.29626915273472,49.944403729102085,long
159615,159616,loss,-33.29626915273472,33.29626915273472,49.944403729102085,long
159620,159621,loss,-33.29626915273472,33.29626915273472,49.944403729102085,long
159634,159635,win,49.944403729102085,33.29626915273472,49.944403729102085,short
159754,159760,win,49.944403729102085,33.29626915273472,49.944403729102085,long
159761,159772,win,49.944403729102085,33.29626915273472,49.944403729102085,long
159806,159809,win,49.944403729102085,33.29626915273472,49.944403729102085,short
159811,159814,win,49.944403729102085,33.29626915273472,49.944403729102085,short
159841,159843,loss,-33.29626915273472,33.29626915273472,49.944403729102085,short
159861,159862,win,49.944403729102085,33.29626915273472,49.944403729102085,short
159863,159865,win,49.944403729102085,33.29626915273472,49.944403729102085,short
159866,159867,win,49.944403729102085,33.29626915273472,49.944403729102085,short
159868,159869,loss,-33.29626915273472,33.29626915273472,49.944403729102085,short
159870,159871,win,49.944403729102085,33.29626915273472,49.944403729102085,short
159872,159873,loss,-33.29626915273472,33.29626915273472,49.944403729102085,short
159879,159880,loss,-33.29626915273472,33.29626915273472,49.944403729102085,long
159886,159887,win,49.944403729102085,33.29626915273472,49.944403729102085,long
159895,159897,loss,-33.29626915273472,33.29626915273472,49.944403729102085,long
159911,159912,loss,-33.29626915273472,33.29626915273472,49.944403729102085,long
159913,159914,loss,-33.29626915273472,33.29626915273472,49.944403729102085,long
159939,159940,loss,-33.29626915273472,33.29626915273472,49.944403729102085,short
159941,159942,loss,-33.29626915273472,33.29626915273472,49.944403729102085,short
159943,159944,loss,-33.29626915273472,33.29626915273472,49.944403729102085,short
159946,159947,loss,-33.29626915273472,33.29626915273472,49.944403729102085,short
159957,159958,loss,-33.29626915273472,33.29626915273472,49.944403729102085,long
159995,159996,loss,-33.29626915273472,33.29626915273472,49.944403729102085,short
159997,159998,loss,-33.29626915273472,33.29626915273472,49.944403729102085,short
160077,160078,loss,-33.29626915273472,33.29626915273472,49.944403729102085,long
160119,160120,win,49.944403729102085,33.29626915273472,49.944403729102085,short
160121,160122,loss,-33.29626915273472,33.29626915273472,49.944403729102085,short
160124,160125,loss,-33.29626915273472,33.29626915273472,49.944403729102085,short
160126,160127,win,49.944403729102085,33.29626915273472,49.944403729102085,short
160130,160131,loss,-33.29626915273472,33.29626915273472,49.944403729102085,short
160183,160185,loss,-33.29626915273472,33.29626915273472,49.944403729102085,short
160233,160234,win,49.944403729102085,33.29626915273472,49.944403729102085,short
160247,160249,loss,-33.29626915273472,33.29626915273472,49.944403729102085,long
160302,160303,loss,-33.29626915273472,33.29626915273472,49.944403729102085,long
160316,160318,loss,-33.29626915273472,33.29626915273472,49.944403729102085,short
160353,160354,win,49.944403729102085,33.29626915273472,49.944403729102085,long
160356,160357,loss,-33.29626915273472,33.29626915273472,49.944403729102085,long
160376,160377,loss,-33.29626915273472,33.29626915273472,49.944403729102085,long
160378,160380,win,49.944403729102085,33.29626915273472,49.944403729102085,long
160381,160382,loss,-33.29626915273472,33.29626915273472,49.944403729102085,long
160384,160385,win,49.944403729102085,33.29626915273472,49.944403729102085,long
160394,160396,loss,-33.29626915273472,33.29626915273472,49.944403729102085,short
160398,160399,loss,-33.29626915273472,33.29626915273472,49.944403729102085,long
160401,160402,win,49.944403729102085,33.29626915273472,49.944403729102085,long
160407,160408,win,49.944403729102085,33.29626915273472,49.944403729102085,long
160409,160410,loss,-33.29626915273472,33.29626915273472,49.944403729102085,long
160411,160412,loss,-33.29626915273472,33.29626915273472,49.944403729102085,short
160545,160548,loss,-33.29626915273472,33.29626915273472,49.944403729102085,long
160549,160550,loss,-33.29626915273472,33.29626915273472,49.944403729102085,long
160552,160553,loss,-33.29626915273472,33.29626915273472,49.944403729102085,long
160554,160555,loss,-33.29626915273472,33.29626915273472,49.944403729102085,long
160578,160579,win,49.944403729102085,33.29626915273472,49.944403729102085,short
160582,160587,win,49.944403729102085,33.29626915273472,49.944403729102085,short
160589,160600,win,49.944403729102085,33.29626915273472,49.944403729102085,short
160633,160637,loss,-33.29626915273472,33.29626915273472,49.944403729102085,long
160641,160642,loss,-33.29626915273472,33.29626915273472,49.944403729102085,long
160655,160656,loss,-33.29626915273472,33.29626915273472,49.944403729102085,short
160660,160668,win,49.944403729102085,33.29626915273472,49.944403729102085,short
160682,160683,loss,-33.29626915273472,33.29626915273472,49.944403729102085,long
160686,160687,loss,-33.29626915273472,33.29626915273472,49.944403729102085,long
160726,160729,loss,-33.29626915273472,33.29626915273472,49.944403729102085,short
160754,160755,win,49.944403729102085,33.29626915273472,49.944403729102085,short
160767,160768,loss,-33.29626915273472,33.29626915273472,49.944403729102085,long
160779,160780,win,49.944403729102085,33.29626915273472,49.944403729102085,short
160781,160785,win,49.944403729102085,33.29626915273472,49.944403729102085,short
160799,160808,win,49.944403729102085,33.29626915273472,49.944403729102085,long
160813,160814,win,49.944403729102085,33.29626915273472,49.944403729102085,long
160828,160829,loss,-33.29626915273472,33.29626915273472,49.944403729102085,short
160831,160832,loss,-33.29626915273472,33.29626915273472,49.944403729102085,short
160856,160861,loss,-33.29626915273472,33.29626915273472,49.944403729102085,long
160924,160928,loss,-33.29626915273472,33.29626915273472,49.944403729102085,short
160973,160974,loss,-33.29626915273472,33.29626915273472,49.944403729102085,long
160975,160976,loss,-33.29626915273472,33.29626915273472,49.944403729102085,long
160989,160993,loss,-33.29626915273472,33.29626915273472,49.944403729102085,short
161048,161049,loss,-33.29626915273472,33.29626915273472,49.944403729102085,long
161055,161056,loss,-33.29626915273472,33.29626915273472,49.944403729102085,long
161057,161058,loss,-33.29626915273472,33.29626915273472,49.944403729102085,short
161063,161064,loss,-33.29626915273472,33.29626915273472,49.944403729102085,short
161069,161070,win,49.944403729102085,33.29626915273472,49.944403729102085,short
161141,161142,loss,-33.29626915273472,33.29626915273472,49.944403729102085,long
161148,161149,loss,-33.29626915273472,33.29626915273472,49.944403729102085,long
161157,161166,loss,-33.29626915273472,33.29626915273472,49.944403729102085,long
161223,161228,win,49.944403729102085,33.29626915273472,49.944403729102085,long
161229,161236,loss,-33.29626915273472,33.29626915273472,49.944403729102085,long
161243,161244,loss,-33.29626915273472,33.29626915273472,49.944403729102085,long
161250,161253,win,49.944403729102085,33.29626915273472,49.944403729102085,long
161263,161264,loss,-33.29626915273472,33.29626915273472,49.944403729102085,short
161265,161266,loss,-33.29626915273472,33.29626915273472,49.944403729102085,short
161271,161272,loss,-33.29626915273472,33.29626915273472,49.944403729102085,long
161282,161289,loss,-33.29626915273472,33.29626915273472,49.944403729102085,short
161326,161328,loss,-33.29626915273472,33.29626915273472,49.944403729102085,long
161334,161336,loss,-33.29626915273472,33.29626915273472,49.944403729102085,short
161406,161409,loss,-33.29626915273472,33.29626915273472,49.944403729102085,short
161445,161446,loss,-33.29626915273472,33.29626915273472,49.944403729102085,long
161450,161451,loss,-33.29626915273472,33.29626915273472,49.944403729102085,long
161470,161475,loss,-33.29626915273472,33.29626915273472,49.944403729102085,short
161483,161496,loss,-33.29626915273472,33.29626915273472,49.944403729102085,short
161541,161544,loss,-33.29626915273472,33.29626915273472,49.944403729102085,short
161555,161557,loss,-33.29626915273472,33.29626915273472,49.944403729102085,long
161565,161566,loss,-33.29626915273472,33.29626915273472,49.944403729102085,short
161623,161631,loss,-33.29626915273472,33.29626915273472,49.944403729102085,long
161677,161689,win,49.944403729102085,33.29626915273472,49.944403729102085,short
161715,161716,loss,-33.29626915273472,33.29626915273472,49.944403729102085,short
161717,161718,loss,-33.29626915273472,33.29626915273472,49.944403729102085,short
161729,161730,loss,-33.29626915273472,33.29626915273472,49.944403729102085,long
161731,161732,loss,-33.29626915273472,33.29626915273472,49.944403729102085,long
161746,161747,loss,-33.29626915273472,33.29626915273472,49.944403729102085,long
161757,161759,loss,-33.29626915273472,33.29626915273472,49.944403729102085,long
161778,161785,loss,-33.29626915273472,33.29626915273472,49.944403729102085,long
161817,161818,loss,-33.29626915273472,33.29626915273472,49.944403729102085,short
161884,161891,win,49.944403729102085,33.29626915273472,49.944403729102085,short
161892,161908,loss,-33.29626915273472,33.29626915273472,49.944403729102085,short
161921,161922,loss,-33.29626915273472,33.29626915273472,49.944403729102085,long
162020,162025,win,49.944403729102085,33.29626915273472,49.944403729102085,short
162027,162034,win,49.944403729102085,33.29626915273472,49.944403729102085,short
162049,162051,win,49.944403729102085,33.29626915273472,49.944403729102085,long
162052,162054,loss,-33.29626915273472,33.29626915273472,49.944403729102085,long
162152,162153,loss,-33.29626915273472,33.29626915273472,49.944403729102085,long
162166,162179,loss,-33.29626915273472,33.29626915273472,49.944403729102085,short
162200,162201,win,49.944403729102085,33.29626915273472,49.944403729102085,short
162209,162210,win,49.944403729102085,33.29626915273472,49.944403729102085,short
162211,162213,loss,-33.29626915273472,33.29626915273472,49.944403729102085,short
162237,162246,loss,-33.29626915273472,33.29626915273472,49.944403729102085,long
162287,162288,loss,-33.29626915273472,33.29626915273472,49.944403729102085,long
162327,162329,loss,-33.29626915273472,33.29626915273472,49.944403729102085,long
162360,162369,win,49.944403729102085,33.29626915273472,49.944403729102085,short
162390,162391,loss,-33.29626915273472,33.29626915273472,49.944403729102085,long
162430,162438,loss,-33.29626915273472,33.29626915273472,49.944403729102085,short
162509,162521,loss,-33.29626915273472,33.29626915273472,49.944403729102085,long
162567,162576,loss,-33.29626915273472,33.29626915273472,49.944403729102085,short
162644,162651,loss,-33.29626915273472,33.29626915273472,49.944403729102085,long
162658,162667,win,49.944403729102085,33.29626915273472,49.944403729102085,short
162706,162708,loss,-33.29626915273472,33.29626915273472,49.944403729102085,long
162723,162733,win,49.944403729102085,33.29626915273472,49.944403729102085,long
162765,162767,loss,-33.29626915273472,33.29626915273472,49.944403729102085,short
162782,162790,loss,-33.29626915273472,33.29626915273472,49.944403729102085,short
162809,162810,loss,-33.29626915273472,33.29626915273472,49.944403729102085,long
162852,162857,loss,-33.29626915273472,33.29626915273472,49.944403729102085,short
162866,162875,loss,-33.29626915273472,33.29626915273472,49.944403729102085,long
162880,162881,loss,-33.29626915273472,33.29626915273472,49.944403729102085,long
162885,162888,win,49.944403729102085,33.29626915273472,49.944403729102085,long
162889,162926,win,49.944403729102085,33.29626915273472,49.944403729102085,long
162953,162955,win,49.944403729102085,33.29626915273472,49.944403729102085,long
162956,162962,loss,-33.29626915273472,33.29626915273472,49.944403729102085,long
162972,162973,win,49.944403729102085,33.29626915273472,49.944403729102085,long
162974,162976,loss,-33.29626915273472,33.29626915273472,49.944403729102085,long
162980,162986,loss,-33.29626915273472,33.29626915273472,49.944403729102085,long
163010,163012,win,49.944403729102085,33.29626915273472,49.944403729102085,short
163013,163014,loss,-33.29626915273472,33.29626915273472,49.944403729102085,short
163015,163016,loss,-33.29626915273472,33.29626915273472,49.944403729102085,short
163019,163020,win,49.944403729102085,33.29626915273472,49.944403729102085,short
163022,163028,loss,-33.29626915273472,33.29626915273472,49.944403729102085,short
163045,163062,loss,-33.29626915273472,33.29626915273472,49.944403729102085,long
163063,163065,loss,-33.29626915273472,33.29626915273472,49.944403729102085,short
163150,163153,loss,-33.29626915273472,33.29626915273472,49.944403729102085,short
163156,163158,loss,-33.29626915273472,33.29626915273472,49.944403729102085,short
163180,163184,win,49.944403729102085,33.29626915273472,49.944403729102085,short
163189,163196,loss,-33.29626915273472,33.29626915273472,49.944403729102085,short
163200,163206,win,49.944403729102085,33.29626915273472,49.944403729102085,short
163209,163215,loss,-33.29626915273472,33.29626915273472,49.944403729102085,short
163221,163222,loss,-33.29626915273472,33.29626915273472,49.944403729102085,long
163224,163230,loss,-33.29626915273472,33.29626915273472,49.944403729102085,short
163232,163240,loss,-33.29626915273472,33.29626915273472,49.944403729102085,short
163270,163275,win,49.944403729102085,33.29626915273472,49.944403729102085,long
163313,163333,win,49.944403729102085,33.29626915273472,49.944403729102085,short
163343,163356,loss,-33.29626915273472,33.29626915273472,49.944403729102085,long
163361,163367,loss,-33.29626915273472,33.29626915273472,49.944403729102085,long
163381,163392,loss,-33.29626915273472,33.29626915273472,49.944403729102085,long
163398,163402,win,49.944403729102085,33.29626915273472,49.944403729102085,short
163403,163409,loss,-33.29626915273472,33.29626915273472,49.944403729102085,short
163417,163419,loss,-33.29626915273472,33.29626915273472,49.944403729102085,short
163423,163445,loss,-33.29626915273472,33.29626915273472,49.944403729102085,short
163490,163494,win,49.944403729102085,33.29626915273472,49.944403729102085,long
163495,163504,loss,-33.29626915273472,33.29626915273472,49.944403729102085,long
163508,163516,loss,-33.29626915273472,33.29626915273472,49.944403729102085,short
163574,163583,loss,-33.29626915273472,33.29626915273472,49.944403729102085,long
163638,163640,loss,-33.29626915273472,33.29626915273472,49.944403729102085,short
163643,163646,loss,-33.29626915273472,33.29626915273472,49.944403729102085,long
163651,163659,win,49.944403729102085,33.29626915273472,49.944403729102085,long
163673,163676,win,49.944403729102085,33.29626915273472,49.944403729102085,short
163678,163685,win,49.944403729102085,33.29626915273472,49.944403729102085,short
163723,163733,loss,-33.29626915273472,33.29626915273472,49.944403729102085,long
163761,163762,win,49.944403729102085,33.29626915273472,49.944403729102085,short
163763,163780,loss,-33.29626915273472,33.29626915273472,49.944403729102085,short
163826,163827,win,49.944403729102085,33.29626915273472,49.944403729102085,short
163828,163830,loss,-33.29626915273472,33.29626915273472,49.944403729102085,short
163841,163858,win,49.944403729102085,33.29626915273472,49.944403729102085,long
163859,163871,loss,-33.29626915273472,33.29626915273472,49.944403729102085,long
163885,163887,loss,-33.29626915273472,33.29626915273472,49.944403729102085,long
163899,163901,loss,-33.29626915273472,33.29626915273472,49.944403729102085,short
163931,163938,loss,-33.29626915273472,33.29626915273472,49.944403729102085,short
163959,163960,win,49.944403729102085,33.29626915273472,49.944403729102085,short
163961,163962,loss,-33.29626915273472,33.29626915273472,49.944403729102085,short
163963,163964,loss,-33.29626915273472,33.29626915273472,49.944403729102085,short
163965,163967,loss,-33.29626915273472,33.29626915273472,49.944403729102085,short
163979,163984,loss,-33.29626915273472,33.29626915273472,49.944403729102085,long
163998,164007,win,49.944403729102085,33.29626915273472,49.944403729102085,long
164126,164128,loss,-33.29626915273472,33.29626915273472,49.944403729102085,short
164168,164169,loss,-33.29626915273472,33.29626915273472,49.944403729102085,long
164180,164182,loss,-33.29626915273472,33.29626915273472,49.944403729102085,long
164183,164184,win,49.944403729102085,33.29626915273472,49.944403729102085,long
164185,164187,loss,-33.29626915273472,33.29626915273472,49.944403729102085,long
164188,164198,loss,-33.29626915273472,33.29626915273472,49.944403729102085,long
164203,164212,win,49.944403729102085,33.29626915273472,49.944403729102085,short
164229,164232,loss,-33.29626915273472,33.29626915273472,49.944403729102085,short
164252,164253,loss,-33.29626915273472,33.29626915273472,49.944403729102085,short
164255,164258,loss,-33.29626915273472,33.29626915273472,49.944403729102085,short
164282,164287,win,49.944403729102085,33.29626915273472,49.944403729102085,long
164288,164293,loss,-33.29626915273472,33.29626915273472,49.944403729102085,long
164347,164352,win,49.944403729102085,33.29626915273472,49.944403729102085,short
164358,164361,win,49.944403729102085,33.29626915273472,49.944403729102085,short
164375,164384,win,49.944403729102085,33.29626915273472,49.944403729102085,long
164385,164389,loss,-33.29626915273472,33.29626915273472,49.944403729102085,long
164438,164439,loss,-33.29626915273472,33.29626915273472,49.944403729102085,short
164498,164500,loss,-33.29626915273472,33.29626915273472,49.944403729102085,short
164510,164512,win,49.944403729102085,33.29626915273472,49.944403729102085,long
164566,164572,win,49.944403729102085,33.29626915273472,49.944403729102085,short
164573,164574,loss,-33.29626915273472,33.29626915273472,49.944403729102085,short
164577,164579,win,49.944403729102085,33.29626915273472,49.944403729102085,short
164626,164643,win,49.944403729102085,33.29626915273472,49.944403729102085,long
164645,164649,win,49.944403729102085,33.29626915273472,49.944403729102085,long
164651,164652,loss,-33.29626915273472,33.29626915273472,49.944403729102085,long
164653,164666,win,49.944403729102085,33.29626915273472,49.944403729102085,long
164667,164676,win,49.944403729102085,33.29626915273472,49.944403729102085,long
164677,164678,loss,-33.29626915273472,33.29626915273472,49.944403729102085,long
164690,164694,win,49.944403729102085,33.29626915273472,49.944403729102085,short
164783,164785,loss,-33.29626915273472,33.29626915273472,49.944403729102085,long
164787,164800,win,49.944403729102085,33.29626915273472,49.944403729102085,long
164803,164810,loss,-33.29626915273472,33.29626915273472,49.944403729102085,short
164850,164851,loss,-33.29626915273472,33.29626915273472,49.944403729102085,short
164852,164853,loss,-33.29626915273472,33.29626915273472,49.944403729102085,short
164856,164873,win,49.944403729102085,33.29626915273472,49.944403729102085,short
164900,164905,loss,-33.29626915273472,33.29626915273472,49.944403729102085,long
164988,164989,win,49.944403729102085,33.29626915273472,49.944403729102085,short
164990,164991,loss,-33.29626915273472,33.29626915273472,49.944403729102085,short
164999,165008,win,49.944403729102085,33.29626915273472,49.944403729102085,long
165080,165085,loss,-33.29626915273472,33.29626915273472,49.944403729102085,long
165117,165125,loss,-33.29626915273472,33.29626915273472,49.944403729102085,short
165127,165173,win,49.944403729102085,33.29626915273472,49.944403729102085,long
165183,165186,win,49.944403729102085,33.29626915273472,49.944403729102085,short
165187,165189,win,49.944403729102085,33.29626915273472,49.944403729102085,short
165191,165192,win,49.944403729102085,33.29626915273472,49.944403729102085,short
165193,165195,win,49.944403729102085,33.29626915273472,49.944403729102085,short
165251,165257,loss,-33.29626915273472,33.29626915273472,49.944403729102085,long
165274,165291,loss,-33.29626915273472,33.29626915273472,49.944403729102085,long
165341,165368,loss,-33.29626915273472,33.29626915273472,49.944403729102085,short
165374,165383,win,49.944403729102085,33.29626915273472,49.944403729102085,long
165410,165440,win,49.944403729102085,33.29626915273472,49.944403729102085,short
165456,165458,win,49.944403729102085,33.29626915273472,49.944403729102085,long
165459,165509,win,49.944403729102085,33.29626915273472,49.944403729102085,long
165528,165531,loss,-33.29626915273472,33.29626915273472,49.944403729102085,long
165548,165574,loss,-33.29626915273472,33.29626915273472,49.944403729102085,short
165589,165592,loss,-33.29626915273472,33.29626915273472,49.944403729102085,short
165599,165600,loss,-33.29626915273472,33.29626915273472,49.944403729102085,short
165649,165660,win,49.944403729102085,33.29626915273472,49.944403729102085,long
165674,165675,loss,-33.29626915273472,33.29626915273472,49.944403729102085,short
165748,165761,win,49.944403729102085,33.29626915273472,49.944403729102085,short
165777,165780,loss,-33.29626915273472,33.29626915273472,49.944403729102085,long
165788,165792,loss,-33.29626915273472,33.29626915273472,49.944403729102085,short
165802,165851,win,49.944403729102085,33.29626915273472,49.944403729102085,long
165866,165869,loss,-33.29626915273472,33.29626915273472,49.944403729102085,short
165875,165912,loss,-33.29626915273472,33.29626915273472,49.944403729102085,long
165925,165933,loss,-33.29626915273472,33.29626915273472,49.944403729102085,short
165947,165991,loss,-33.29626915273472,33.29626915273472,49.944403729102085,short
166025,166058,loss,-33.29626915273472,33.29626915273472,49.944403729102085,short
166068,166071,loss,-33.29626915273472,33.29626915273472,49.944403729102085,long
166074,166075,loss,-33.29626915273472,33.29626915273472,49.944403729102085,long
166076,166120,win,49.944403729102085,33.29626915273472,49.944403729102085,long
166130,166136,win,49.944403729102085,33.29626915273472,49.944403729102085,long
166137,166140,loss,-33.29626915273472,33.29626915273472,49.944403729102085,long
166172,166173,loss,-33.29626915273472,33.29626915273472,49.944403729102085,long
166187,166191,win,49.944403729102085,33.29626915273472,49.944403729102085,short
166192,166193,win,49.944403729102085,33.29626915273472,49.944403729102085,short
166263,166264,loss,-33.29626915273472,33.29626915273472,49.944403729102085,long
166277,166279,loss,-33.29626915273472,33.29626915273472,49.944403729102085,short
166298,166299,loss,-33.29626915273472,33.29626915273472,49.944403729102085,short
166351,166353,loss,-33.29626915273472,33.29626915273472,49.944403729102085,long
166361,166367,loss,-33.29626915273472,33.29626915273472,49.944403729102085,short
166368,166371,win,49.944403729102085,33.29626915273472,49.944403729102085,long
166372,166378,win,49.944403729102085,33.29626915273472,49.944403729102085,long
166379,166381,win,49.944403729102085,33.29626915273472,49.944403729102085,long
166382,166383,loss,-33.29626915273472,33.29626915273472,49.944403729102085,long
166412,166414,loss,-33.29626915273472,33.29626915273472,49.944403729102085,short
166419,166423,win,49.944403729102085,33.29626915273472,49.944403729102085,short
166430,166432,loss,-33.29626915273472,33.29626915273472,49.944403729102085,short
166440,166441,win,49.944403729102085,33.29626915273472,49.944403729102085,long
166442,166443,loss,-33.29626915273472,33.29626915273472,49.944403729102085,long
166445,166446,loss,-33.29626915273472,33.29626915273472,49.944403729102085,long
166451,166452,loss,-33.29626915273472,33.29626915273472,49.944403729102085,short
166453,166454,loss,-33.29626915273472,33.29626915273472,49.944403729102085,short
166455,166457,win,49.944403729102085,33.29626915273472,49.944403729102085,short
166458,166459,loss,-33.29626915273472,33.29626915273472,49.944403729102085,short
166460,166463,win,49.944403729102085,33.29626915273472,49.944403729102085,short
166464,166465,loss,-33.29626915273472,33.29626915273472,49.944403729102085,short
166567,166568,loss,-33.29626915273472,33.29626915273472,49.944403729102085,long
166586,166588,loss,-33.29626915273472,33.29626915273472,49.944403729102085,short
166597,166598,loss,-33.29626915273472,33.29626915273472,49.944403729102085,short
166602,166603,loss,-33.29626915273472,33.29626915273472,49.944403729102085,short
166638,166644,win,49.944403729102085,33.29626915273472,49.944403729102085,long
166654,166657,win,49.944403729102085,33.29626915273472,49.944403729102085,long
166688,166689,win,49.944403729102085,33.29626915273472,49.944403729102085,short
166711,166713,loss,-33.29626915273472,33.29626915273472,49.944403729102085,long
166723,166745,win,49.944403729102085,33.29626915273472,49.944403729102085,short
166819,166821,loss,-33.29626915273472,33.29626915273472,49.944403729102085,short
166828,166832,win,49.944403729102085,33.29626915273472,49.944403729102085,long
166833,166835,win,49.944403729102085,33.29626915273472,49.944403729102085,long
166836,166838,win,49.944403729102085,33.29626915273472,49.944403729102085,long
166845,166846,loss,-33.29626915273472,33.29626915273472,49.944403729102085,long
166847,166848,loss,-33.29626915273472,33.29626915273472,49.944403729102085,long
166852,166853,loss,-33.29626915273472,33.29626915273472,49.944403729102085,long
166861,166867,loss,-33.29626915273472,33.29626915273472,49.944403729102085,short
166963,166964,loss,-33.29626915273472,33.29626915273472,49.944403729102085,long
166986,166991,loss,-33.29626915273472,33.29626915273472,49.944403729102085,long
167000,167001,win,49.944403729102085,33.29626915273472,49.944403729102085,short
167002,167003,win,49.944403729102085,33.29626915273472,49.944403729102085,short
167034,167035,loss,-33.29626915273472,33.29626915273472,49.944403729102085,short
167038,167039,loss,-33.29626915273472,33.29626915273472,49.944403729102085,short
167043,167044,loss,-33.29626915273472,33.29626915273472,49.944403729102085,short
167066,167075,win,49.944403729102085,33.29626915273472,49.944403729102085,long
167112,167114,loss,-33.29626915273472,33.29626915273472,49.944403729102085,short
167139,167143,win,49.944403729102085,33.29626915273472,49.944403729102085,short
167145,167146,loss,-33.29626915273472,33.29626915273472,49.944403729102085,short
167150,167151,win,49.944403729102085,33.29626915273472,49.944403729102085,short
167152,167153,loss,-33.29626915273472,33.29626915273472,49.944403729102085,short
167165,167166,loss,-33.29626915273472,33.29626915273472,49.944403729102085,short
167167,167168,loss,-33.29626915273472,33.29626915273472,49.944403729102085,short
167204,167205,loss,-33.29626915273472,33.29626915273472,49.944403729102085,short
167208,167209,loss,-33.29626915273472,33.29626915273472,49.944403729102085,short
167215,167216,win,49.944403729102085,33.29626915273472,49.944403729102085,long
167218,167219,win,49.944403729102085,33.29626915273472,49.944403729102085,long
167222,167223,win,49.944403729102085,33.29626915273472,49.944403729102085,long
167333,167335,win,49.944403729102085,33.29626915273472,49.944403729102085,long
167394,167396,loss,-33.29626915273472,33.29626915273472,49.944403729102085,long
167399,167401,win,49.944403729102085,33.29626915273472,49.944403729102085,short
167408,167413,loss,-33.29626915273472,33.29626915273472,49.944403729102085,short
167441,167442,win,49.944403729102085,33.29626915273472,49.944403729102085,long
167443,167445,win,49.944403729102085,33.29626915273472,49.944403729102085,long
167447,167452,loss,-33.29626915273472,33.29626915273472,49.944403729102085,long
167510,167511,loss,-33.29626915273472,33.29626915273472,49.944403729102085,short
167582,167583,loss,-33.29626915273472,33.29626915273472,49.944403729102085,short
167591,167592,loss,-33.29626915273472,33.29626915273472,49.944403729102085,short
167599,167600,loss,-33.29626915273472,33.29626915273472,49.944403729102085,short
167611,167612,loss,-33.29626915273472,33.29626915273472,49.944403729102085,long
167613,167614,loss,-33.29626915273472,33.29626915273472,49.944403729102085,long
167618,167620,loss,-33.29626915273472,33.29626915273472,49.944403729102085,long
167700,167701,loss,-33.29626915273472,33.29626915273472,49.944403729102085,short
167709,167710,win,49.944403729102085,33.29626915273472,49.944403729102085,short
167723,167724,loss,-33.29626915273472,33.29626915273472,49.944403729102085,long
167725,167727,win,49.944403729102085,33.29626915273472,49.944403729102085,long
167767,167777,win,49.944403729102085,33.29626915273472,49.944403729102085,long
167791,167796,win,49.944403729102085,33.29626915273472,49.944403729102085,short
167873,167881,loss,-33.29626915273472,33.29626915273472,49.944403729102085,long
167897,167905,loss,-33.29626915273472,33.29626915273472,49.944403729102085,short
167922,167923,loss,-33.29626915273472,33.29626915273472,49.944403729102085,long
167925,167926,loss,-33.29626915273472,33.29626915273472,49.944403729102085,long
167928,167936,win,49.944403729102085,33.29626915273472,49.944403729102085,long
167987,167988,loss,-33.29626915273472,33.29626915273472,49.944403729102085,long
168001,168003,loss,-33.29626915273472,33.29626915273472,49.944403729102085,short
168096,168101,win,49.944403729102085,33.29626915273472,49.944403729102085,short
168102,168105,win,49.944403729102085,33.29626915273472,49.944403729102085,short
168106,168110,loss,-33.29626915273472,33.29626915273472,49.944403729102085,short
168159,168174,win,49.944403729102085,33.29626915273472,49.944403729102085,long
168195,168196,loss,-33.29626915273472,33.29626915273472,49.944403729102085,short
168199,168201,loss,-33.29626915273472,33.29626915273472,49.944403729102085,short
168203,168208,win,49.944403729102085,33.29626915273472,49.944403729102085,short
168262,168263,loss,-33.29626915273472,33.29626915273472,49.944403729102085,short
168264,168268,loss,-33.29626915273472,33.29626915273472,49.944403729102085,short
168272,168274,loss,-33.29626915273472,33.29626915273472,49.944403729102085,short
168296,168298,loss,-33.29626915273472,33.29626915273472,49.944403729102085,long
168365,168367,loss,-33.29626915273472,33.29626915273472,49.944403729102085,long
168372,168375,loss,-33.29626915273472,33.29626915273472,49.944403729102085,long
168378,168381,loss,-33.29626915273472,33.29626915273472,49.944403729102085,short
168398,168399,loss,-33.29626915273472,33.29626915273472,49.944403729102085,short
168400,168401,win,49.944403729102085,33.29626915273472,49.944403729102085,short
168403,168404,win,49.944403729102085,33.29626915273472,49.944403729102085,short
168405,168406,win,49.944403729102085,33.29626915273472,49.944403729102085,short
168407,168408,loss,-33.29626915273472,33.29626915273472,49.944403729102085,short
168412,168415,win,49.944403729102085,33.29626915273472,49.944403729102085,long
168417,168419,loss,-33.29626915273472,33.29626915273472,49.944403729102085,long
168421,168427,loss,-33.29626915273472,33.29626915273472,49.944403729102085,long
168481,168483,loss,-33.29626915273472,33.29626915273472,49.944403729102085,long
168505,168506,loss,-33.29626915273472,33.29626915273472,49.944403729102085,long
168512,168513,loss,-33.29626915273472,33.29626915273472,49.944403729102085,short
168514,168517,win,49.944403729102085,33.29626915273472,49.944403729102085,short
168527,168530,win,49.944403729102085,33.29626915273472,49.944403729102085,long
168531,168533,win,49.944403729102085,33.29626915273472,49.944403729102085,long
168534,168537,loss,-33.29626915273472,33.29626915273472,49.944403729102085,long
168595,168608,win,49.944403729102085,33.29626915273472,49.944403729102085,long
168658,168659,win,49.944403729102085,33.29626915273472,49.944403729102085,long
168661,168663,loss,-33.29626915273472,33.29626915273472,49.944403729102085,long
168675,168677,win,49.944403729102085,33.29626915273472,49.944403729102085,short
168680,168683,loss,-33.29626915273472,33.29626915273472,49.944403729102085,short
168749,168758,loss,-33.29626915273472,33.29626915273472,49.944403729102085,short
168763,168769,loss,-33.29626915273472,33.29626915273472,49.944403729102085,long
168802,168805,loss,-33.29626915273472,33.29626915273472,49.944403729102085,long
168839,168844,loss,-33.29626915273472,33.29626915273472,49.944403729102085,long
168866,168873,loss,-33.29626915273472,33.29626915273472,49.944403729102085,short
168905,168911,loss,-33.29626915273472,33.29626915273472,49.944403729102085,long
168951,168952,loss,-33.29626915273472,33.29626915273472,49.944403729102085,short
168953,168967,win,49.944403729102085,33.29626915273472,49.944403729102085,short
168968,168971,win,49.944403729102085,33.29626915273472,49.944403729102085,short
168972,168977,loss,-33.29626915273472,33.29626915273472,49.944403729102085,short
168985,168990,loss,-33.29626915273472,33.29626915273472,49.944403729102085,long
169039,169068,loss,-33.29626915273472,33.29626915273472,49.944403729102085,long
169091,169093,loss,-33.29626915273472,33.29626915273472,49.944403729102085,short
169094,169100,loss,-33.29626915273472,33.29626915273472,49.944403729102085,short
169123,169125,win,49.944403729102085,33.29626915273472,49.944403729102085,short
169126,169134,win,49.944403729102085,33.29626915273472,49.944403729102085,short
169135,169137,win,49.944403729102085,33.29626915273472,49.944403729102085,short
169140,169141,loss,-33.29626915273472,33.29626915273472,49.944403729102085,short
169154,169164,win,49.944403729102085,33.29626915273472,49.944403729102085,long
169248,169249,win,49.944403729102085,33.29626915273472,49.944403729102085,short
169253,169254,loss,-33.29626915273472,33.29626915273472,49.944403729102085,short
169266,169268,loss,-33.29626915273472,33.29626915273472,49.944403729102085,long
169346,169347,loss,-33.29626915273472,33.29626915273472,49.944403729102085,long
169350,169352,win,49.944403729102085,33.29626915273472,49.944403729102085,long
169355,169357,win,49.944403729102085,33.29626915273472,49.944403729102085,long
169406,169407,loss,-33.29626915273472,33.29626915273472,49.944403729102085,short
169410,169411,loss,-33.29626915273472,33.29626915273472,49.944403729102085,short
169475,169476,win,49.944403729102085,33.29626915273472,49.944403729102085,long
169477,169478,win,49.944403729102085,33.29626915273472,49.944403729102085,long
169479,169480,loss,-33.29626915273472,33.29626915273472,49.944403729102085,long
169524,169528,loss,-33.29626915273472,33.29626915273472,49.944403729102085,short
169560,169565,loss,-33.29626915273472,33.29626915273472,49.944403729102085,long
169586,169595,win,49.944403729102085,33.29626915273472,49.944403729102085,short
169615,169617,loss,-33.29626915273472,33.29626915273472,49.944403729102085,long
169622,169623,loss,-33.29626915273472,33.29626915273472,49.944403729102085,long
169627,169628,loss,-33.29626915273472,33.29626915273472,49.944403729102085,long
169636,169650,loss,-33.29626915273472,33.29626915273472,49.944403729102085,short
169705,169709,loss,-33.29626915273472,33.29626915273472,49.944403729102085,short
169714,169720,win,49.944403729102085,33.29626915273472,49.944403729102085,short
169721,169723,win,49.944403729102085,33.29626915273472,49.944403729102085,short
169724,169730,loss,-33.29626915273472,33.29626915273472,49.944403729102085,short
169734,169737,loss,-33.29626915273472,33.29626915273472,49.944403729102085,long
169794,169802,win,49.944403729102085,33.29626915273472,49.944403729102085,short
169807,169816,win,49.944403729102085,33.29626915273472,49.944403729102085,long
169817,169821,win,49.944403729102085,33.29626915273472,49.944403729102085,long
169889,169891,loss,-33.29626915273472,33.29626915273472,49.944403729102085,long
169898,169903,win,49.944403729102085,33.29626915273472,49.944403729102085,short
169906,169907,win,49.944403729102085,33.29626915273472,49.944403729102085,short
169908,169909,win,49.944403729102085,33.29626915273472,49.944403729102085,short
169910,169912,win,49.944403729102085,33.29626915273472,49.944403729102085,short
169913,169923,win,49.944403729102085,33.29626915273472,49.944403729102085,short
169937,169939,win,49.944403729102085,33.29626915273472,49.944403729102085,long
169940,169941,loss,-33.29626915273472,33.29626915273472,49.944403729102085,long
170004,170009,win,49.944403729102085,33.29626915273472,49.944403729102085,long
170010,170024,win,49.944403729102085,33.29626915273472,49.944403729102085,long
170033,170039,win,49.944403729102085,33.29626915273472,49.944403729102085,short
170052,170060,win,49.944403729102085,33.29626915273472,49.944403729102085,long
170063,170066,win,49.944403729102085,33.29626915273472,49.944403729102085,long
170125,170127,loss,-33.29626915273472,33.29626915273472,49.944403729102085,short
170134,170140,loss,-33.29626915273472,33.29626915273472,49.944403729102085,short
170151,170158,loss,-33.29626915273472,33.29626915273472,49.944403729102085,short
170199,170208,loss,-33.29626915273472,33.29626915273472,49.944403729102085,short
170213,170217,win,49.944403729102085,33.29626915273472,49.944403729102085,long
170218,170225,loss,-33.29626915273472,33.29626915273472,49.944403729102085,long
170231,170232,win,49.944403729102085,33.29626915273472,49.944403729102085,short
170234,170235,loss,-33.29626915273472,33.29626915273472,49.944403729102085,short
170243,170264,win,49.944403729102085,33.29626915273472,49.944403729102085,short
170279,170294,win,49.944403729102085,33.29626915273472,49.944403729102085,long
170299,170302,win,49.944403729102085,33.29626915273472,49.944403729102085,long
170303,170308,loss,-33.29626915273472,33.29626915273472,49.944403729102085,long
170321,170332,win,49.944403729102085,33.29626915273472,49.944403729102085,short
170333,170334,win,49.944403729102085,33.29626915273472,49.944403729102085,short
170393,170412,loss,-33.29626915273472,33.29626915273472,49.944403729102085,long
170444,170468,win,49.944403729102085,33.29626915273472,49.944403729102085,short
170482,170496,win,49.944403729102085,33.29626915273472,49.944403729102085,long
170510,170522,win,49.944403729102085,33.29626915273472,49.944403729102085,short
170524,170527,loss,-33.29626915273472,33.29626915273472,49.944403729102085,short
170540,170543,loss,-33.29626915273472,33.29626915273472,49.944403729102085,short
170562,170566,loss,-33.29626915273472,33.29626915273472,49.944403729102085,long
170585,170595,loss,-33.29626915273472,33.29626915273472,49.944403729102085,long
170596,170597,loss,-33.29626915273472,33.29626915273472,49.944403729102085,short
170606,170610,win,49.944403729102085,33.29626915273472,49.944403729102085,long
170660,170666,loss,-33.29626915273472,33.29626915273472,49.944403729102085,short
170676,170678,win,49.944403729102085,33.29626915273472,49.944403729102085,short
170679,170691,loss,-33.29626915273472,33.29626915273472,49.944403729102085,short
170715,170718,loss,-33.29626915273472,33.29626915273472,49.944403729102085,short
170729,170763,win,49.944403729102085,33.29626915273472,49.944403729102085,long
170783,170784,win,49.944403729102085,33.29626915273472,49.944403729102085,short
170785,170786,loss,-33.29626915273472,33.29626915273472,49.944403729102085,short
170787,170792,loss,-33.29626915273472,33.29626915273472,49.944403729102085,short
170803,170804,loss,-33.29626915273472,33.29626915273472,49.944403729102085,short
170817,170824,loss,-33.29626915273472,33.29626915273472,49.944403729102085,long
170837,170849,win,49.944403729102085,33.29626915273472,49.944403729102085,long
170870,170879,loss,-33.29626915273472,33.29626915273472,49.944403729102085,short
170901,170914,loss,-33.29626915273472,33.29626915273472,49.944403729102085,short
170976,170979,win,49.944403729102085,33.29626915273472,49.944403729102085,short
170981,170982,win,49.944403729102085,33.29626915273472,49.944403729102085,short
170983,170984,win,49.944403729102085,33.29626915273472,49.944403729102085,short
170986,170989,win,49.944403729102085,33.29626915273472,49.944403729102085,short
171015,171018,loss,-33.29626915273472,33.29626915273472,49.944403729102085,long
171019,171032,win,49.944403729102085,33.29626915273472,49.944403729102085,long
171050,171051,win,49.944403729102085,33.29626915273472,49.944403729102085,short
171053,171054,loss,-33.29626915273472,33.29626915273472,49.944403729102085,short
171089,171099,loss,-33.29626915273472,33.29626915273472,49.944403729102085,long
171121,171124,loss,-33.29626915273472,33.29626915273472,49.944403729102085,long
171188,171190,loss,-33.29626915273472,33.29626915273472,49.944403729102085,long
171221,171223,loss,-33.29626915273472,33.29626915273472,49.944403729102085,short
171227,171243,loss,-33.29626915273472,33.29626915273472,49.944403729102085,short
171247,171258,win,49.944403729102085,33.29626915273472,49.944403729102085,long
171285,171288,loss,-33.29626915273472,33.29626915273472,49.944403729102085,long
171290,171291,win,49.944403729102085,33.29626915273472,49.944403729102085,short
171294,171295,loss,-33.29626915273472,33.29626915273472,49.944403729102085,short
171299,171300,loss,-33.29626915273472,33.29626915273472,49.944403729102085,short
171323,171326,win,49.944403729102085,33.29626915273472,49.944403729102085,long
171401,171402,loss,-33.29626915273472,33.29626915273472,49.944403729102085,long
171403,171404,win,49.944403729102085,33.29626915273472,49.944403729102085,long
171423,171424,loss,-33.29626915273472,33.29626915273472,49.944403729102085,short
171426,171429,win,49.944403729102085,33.29626915273472,49.944403729102085,short
171526,171527,win,49.944403729102085,33.29626915273472,49.944403729102085,short
171528,171529,win,49.944403729102085,33.29626915273472,49.944403729102085,short
171530,171531,win,49.944403729102085,33.29626915273472,49.944403729102085,short
171532,171533,loss,-33.29626915273472,33.29626915273472,49.944403729102085,short
171535,171536,loss,-33.29626915273472,33.29626915273472,49.944403729102085,short
171537,171538,win,49.944403729102085,33.29626915273472,49.944403729102085,short
171552,171553,loss,-33.29626915273472,33.29626915273472,49.944403729102085,long
171555,171556,loss,-33.29626915273472,33.29626915273472,49.944403729102085,long
171570,171572,win,49.944403729102085,33.29626915273472,49.944403729102085,long
171637,171639,loss,-33.29626915273472,33.29626915273472,49.944403729102085,long
171662,171663,loss,-33.29626915273472,33.29626915273472,49.944403729102085,short
171671,171672,loss,-33.29626915273472,33.29626915273472,49.944403729102085,short
171695,171699,loss,-33.29626915273472,33.29626915273472,49.944403729102085,long
171703,171717,loss,-33.29626915273472,33.29626915273472,49.944403729102085,long
171739,171744,win,49.944403729102085,33.29626915273472,49.944403729102085,long
171756,171770,loss,-33.29626915273472,33.29626915273472,49.944403729102085,short
171806,171808,win,49.944403729102085,33.29626915273472,49.944403729102085,long
171809,171812,loss,-33.29626915273472,33.29626915273472,49.944403729102085,long
171822,171830,loss,-33.29626915273472,33.29626915273472,49.944403729102085,short
171851,171857,loss,-33.29626915273472,33.29626915273472,49.944403729102085,short
171868,171869,loss,-33.29626915273472,33.29626915273472,49.944403729102085,short
171872,171873,loss,-33.29626915273472,33.29626915273472,49.944403729102085,short
171883,171885,loss,-33.29626915273472,33.29626915273472,49.944403729102085,long
171964,171980,win,49.944403729102085,33.29626915273472,49.944403729102085,short
171993,171999,loss,-33.29626915273472,33.29626915273472,49.944403729102085,long
172006,172007,win,49.944403729102085,33.29626915273472,49.944403729102085,short
172021,172024,loss,-33.29626915273472,33.29626915273472,49.944403729102085,long
172079,172080,loss,-33.29626915273472,33.29626915273472,49.944403729102085,long
172094,172125,win,49.944403729102085,33.29626915273472,49.944403729102085,long
172201,172209,win,49.944403729102085,33.29626915273472,49.944403729102085,short
172219,172220,win,49.944403729102085,33.29626915273472,49.944403729102085,short
172221,172223,win,49.944403729102085,33.29626915273472,49.944403729102085,short
172224,172225,loss,-33.29626915273472,33.29626915273472,49.944403729102085,short
172235,172237,loss,-33.29626915273472,33.29626915273472,49.944403729102085,long
172265,172266,loss,-33.29626915273472,33.29626915273472,49.944403729102085,long
172316,172322,loss,-33.29626915273472,33.29626915273472,49.944403729102085,long
172382,172383,loss,-33.29626915273472,33.29626915273472,49.944403729102085,long
172385,172398,loss,-33.29626915273472,33.29626915273472,49.944403729102085,long
172433,172440,loss,-33.29626915273472,33.29626915273472,49.944403729102085,short
172455,172478,win,49.944403729102085,33.29626915273472,49.944403729102085,short
172479,172480,win,49.944403729102085,33.29626915273472,49.944403729102085,short
172481,172483,loss,-33.29626915273472,33.29626915273472,49.944403729102085,short
172521,172525,loss,-33.29626915273472,33.29626915273472,49.944403729102085,long
172580,172591,win,49.944403729102085,33.29626915273472,49.944403729102085,long
172598,172601,win,49.944403729102085,33.29626915273472,49.944403729102085,long
172602,172607,win,49.944403729102085,33.29626915273472,49.944403729102085,long
172634,172641,loss,-33.29626915273472,33.29626915273472,49.944403729102085,short
172668,172671,loss,-33.29626915273472,33.29626915273472,49.944403729102085,long
172746,172749,loss,-33.29626915273472,33.29626915273472,49.944403729102085,short
172752,172753,win,49.944403729102085,33.29626915273472,49.944403729102085,short
172754,172755,loss,-33.29626915273472,33.29626915273472,49.944403729102085,short
172769,172815,loss,-33.29626915273472,33.29626915273472,49.944403729102085,long
172823,172827,loss,-33.29626915273472,33.29626915273472,49.944403729102085,short
172853,172865,loss,-33.29626915273472,33.29626915273472,49.944403729102085,long
172866,172869,loss,-33.29626915273472,33.29626915273472,49.944403729102085,short
172874,172877,loss,-33.29626915273472,33.29626915273472,49.944403729102085,short
172881,172884,win,49.944403729102085,33.29626915273472,49.944403729102085,long
172885,172886,win,49.944403729102085,33.29626915273472,49.944403729102085,long
172887,172888,win,49.944403729102085,33.29626915273472,49.944403729102085,long
172889,172897,loss,-33.29626915273472,33.29626915273472,49.944403729102085,long
172980,172988,win,49.944403729102085,33.29626915273472,49.944403729102085,short
172989,172998,loss,-33.29626915273472,33.29626915273472,49.944403729102085,short
173032,173033,win,49.944403729102085,33.29626915273472,49.944403729102085,short
173034,173035,win,49.944403729102085,33.29626915273472,49.944403729102085,short
173050,173054,win,49.944403729102085,33.29626915273472,49.944403729102085,long
173061,173067,loss,-33.29626915273472,33.29626915273472,49.944403729102085,long
173089,173090,loss,-33.29626915273472,33.29626915273472,49.944403729102085,long
173092,173093,loss,-33.29626915273472,33.29626915273472,49.944403729102085,long
173102,173114,loss,-33.29626915273472,33.29626915273472,49.944403729102085,short
173163,173167,loss,-33.29626915273472,33.29626915273472,49.944403729102085,long
173208,173214,win,49.944403729102085,33.29626915273472,49.944403729102085,short
173226,173227,loss,-33.29626915273472,33.29626915273472,49.944403729102085,long
173228,173258,win,49.944403729102085,33.29626915273472,49.944403729102085,long
173263,173268,win,49.944403729102085,33.29626915273472,49.944403729102085,long
173269,173275,win,49.944403729102085,33.29626915273472,49.944403729102085,long
173321,173328,loss,-33.29626915273472,33.29626915273472,49.944403729102085,short
173345,173346,loss,-33.29626915273472,33.29626915273472,49.944403729102085,short
173350,173351,loss,-33.29626915273472,33.29626915273472,49.944403729102085,long
173361,173363,loss,-33.29626915273472,33.29626915273472,49.944403729102085,short
173378,173379,loss,-33.29626915273472,33.29626915273472,49.944403729102085,short
173384,173403,win,49.944403729102085,33.29626915273472,49.944403729102085,long
173468,173473,loss,-33.29626915273472,33.29626915273472,49.944403729102085,short
173522,173527,win,49.944403729102085,33.29626915273472,49.944403729102085,long
173528,173530,loss,-33.29626915273472,33.29626915273472,49.944403729102085,long
173531,173540,win,49.944403729102085,33.29626915273472,49.944403729102085,long
173548,173549,loss,-33.29626915273472,33.29626915273472,49.944403729102085,short
173551,173554,win,49.944403729102085,33.29626915273472,49.944403729102085,short
173555,173556,loss,-33.29626915273472,33.29626915273472,49.944403729102085,short
173599,173610,loss,-33.29626915273472,33.29626915273472,49.944403729102085,long
173667,173670,loss,-33.29626915273472,33.29626915273472,49.944403729102085,long
173673,173690,win,49.944403729102085,33.29626915273472,49.944403729102085,long
173713,173721,loss,-33.29626915273472,33.29626915273472,49.944403729102085,long
173775,173776,loss,-33.29626915273472,33.29626915273472,49.944403729102085,short
173786,173792,win,49.944403729102085,33.29626915273472,49.944403729102085,long
173795,173798,loss,-33.29626915273472,33.29626915273472,49.944403729102085,long
173808,173809,loss,-33.29626915273472,33.29626915273472,49.944403729102085,short
173845,173858,loss,-33.29626915273472,33.29626915273472,49.944403729102085,short
173859,173864,loss,-33.29626915273472,33.29626915273472,49.944403729102085,long
173866,173882,win,49.944403729102085,33.29626915273472,49.944403729102085,long
173937,173945,loss,-33.29626915273472,33.29626915273472,49.944403729102085,long
173999,174004,loss,-33.29626915273472,33.29626915273472,49.944403729102085,long
174009,174018,loss,-33.29626915273472,33.29626915273472,49.944403729102085,short
174025,174027,loss,-33.29626915273472,33.29626915273472,49.944403729102085,long
174060,174061,win,49.944403729102085,33.29626915273472,49.944403729102085,long
174062,174068,win,49.944403729102085,33.29626915273472,49.944403729102085,long
174114,174115,loss,-33.29626915273472,33.29626915273472,49.944403729102085,short
174116,174117,loss,-33.29626915273472,33.29626915273472,49.944403729102085,short
174121,174125,loss,-33.29626915273472,33.29626915273472,49.944403729102085,short
174132,174137,win,49.944403729102085,33.29626915273472,49.944403729102085,short
174164,174173,win,49.944403729102085,33.29626915273472,49.944403729102085,long
174209,174210,loss,-33.29626915273472,33.29626915273472,49.944403729102085,short
174211,174222,loss,-33.29626915273472,33.29626915273472,49.944403729102085,short
174226,174231,win,49.944403729102085,33.29626915273472,49.944403729102085,long
174239,174240,loss,-33.29626915273472,33.29626915273472,49.944403729102085,short
174241,174243,win,49.944403729102085,33.29626915273472,49.944403729102085,short
174244,174245,win,49.944403729102085,33.29626915273472,49.944403729102085,short
174247,174248,win,49.944403729102085,33.29626915273472,49.944403729102085,short
174268,174273,loss,-33.29626915273472,33.29626915273472,49.944403729102085,long
174352,174355,loss,-33.29626915273472,33.29626915273472,49.944403729102085,short
174363,174364,loss,-33.29626915273472,33.29626915273472,49.944403729102085,short
174395,174396,loss,-33.29626915273472,33.29626915273472,49.944403729102085,short
174405,174406,loss,-33.29626915273472,33.29626915273472,49.944403729102085,long
174417,174419,loss,-33.29626915273472,33.29626915273472,49.944403729102085,short
174422,174424,win,49.944403729102085,33.29626915273472,49.944403729102085,long
174429,174430,loss,-33.29626915273472,33.29626915273472,49.944403729102085,long
174431,174442,loss,-33.29626915273472,33.29626915273472,49.944403729102085,long
174492,174496,win,49.944403729102085,33.29626915273472,49.944403729102085,long
174515,174516,win,49.944403729102085,33.29626915273472,49.944403729102085,short
174517,174518,win,49.944403729102085,33.29626915273472,49.944403729102085,short
174532,174547,win,49.944403729102085,33.29626915273472,49.944403729102085,long
174605,174608,win,49.944403729102085,33.29626915273472,49.944403729102085,short
174619,174620,loss,-33.29626915273472,33.29626915273472,49.944403729102085,short
174656,174657,loss,-33.29626915273472,33.29626915273472,49.944403729102085,long
174658,174665,win,49.944403729102085,33.29626915273472,49.944403729102085,long
174666,174669,loss,-33.29626915273472,33.29626915273472,49.944403729102085,long
174722,174723,loss,-33.29626915273472,33.29626915273472,49.944403729102085,short
174725,174726,win,49.944403729102085,33.29626915273472,49.944403729102085,short
174727,174728,win,49.944403729102085,33.29626915273472,49.944403729102085,short
174729,174730,loss,-33.29626915273472,33.29626915273472,49.944403729102085,short
174745,174746,win,49.944403729102085,33.29626915273472,49.944403729102085,short
174747,174748,loss,-33.29626915273472,33.29626915273472,49.944403729102085,short
174759,174763,win,49.944403729102085,33.29626915273472,49.944403729102085,long
174764,174770,loss,-33.29626915273472,33.29626915273472,49.944403729102085,long
174821,174824,loss,-33.29626915273472,33.29626915273472,49.944403729102085,short
174843,174845,loss,-33.29626915273472,33.29626915273472,49.944403729102085,short
174850,174852,loss,-33.29626915273472,33.29626915273472,49.944403729102085,short
174876,174886,win,49.944403729102085,33.29626915273472,49.944403729102085,long
174909,174911,loss,-33.29626915273472,33.29626915273472,49.944403729102085,short
174912,174913,loss,-33.29626915273472,33.29626915273472,49.944403729102085,short
174923,174925,loss,-33.29626915273472,33.29626915273472,49.944403729102085,long
174926,174928,win,49.944403729102085,33.29626915273472,49.944403729102085,long
174973,174981,win,49.944403729102085,33.29626915273472,49.944403729102085,short
174983,174984,loss,-33.29626915273472,33.29626915273472,49.944403729102085,short
174992,174998,loss,-33.29626915273472,33.29626915273472,49.944403729102085,short
175004,175014,loss,-33.29626915273472,33.29626915273472,49.944403729102085,long
175042,175044,win,49.944403729102085,33.29626915273472,49.944403729102085,short
175045,175048,win,49.944403729102085,33.29626915273472,49.944403729102085,short
175049,175051,win,49.944403729102085,33.29626915273472,49.944403729102085,short
175063,175079,win,49.944403729102085,33.29626915273472,49.944403729102085,long
175110,175117,win,49.944403729102085,33.29626915273472,49.944403729102085,long
175118,175120,loss,-33.29626915273472,33.29626915273472,49.944403729102085,long
175123,175125,win,49.944403729102085,33.29626915273472,49.944403729102085,short
175126,175128,loss,-33.29626915273472,33.29626915273472,49.944403729102085,short
175168,175170,loss,-33.29626915273472,33.29626915273472,49.944403729102085,short
175183,175190,loss,-33.29626915273472,33.29626915273472,49.944403729102085,long
175192,175204,loss,-33.29626915273472,33.29626915273472,49.944403729102085,long
175263,175267,loss,-33.29626915273472,33.29626915273472,49.944403729102085,long
175273,175274,loss,-33.29626915273472,33.29626915273472,49.944403729102085,long
175294,175308,loss,-33.29626915273472,33.29626915273472,49.944403729102085,short
175325,175327,win,49.944403729102085,33.29626915273472,49.944403729102085,long
175339,175341,loss,-33.29626915273472,33.29626915273472,49.944403729102085,short
175386,175387,win,49.944403729102085,33.29626915273472,49.944403729102085,long
175388,175391,win,49.944403729102085,33.29626915273472,49.944403729102085,long
175392,175393,loss,-33.29626915273472,33.29626915273472,49.944403729102085,long
175403,175405,win,49.944403729102085,33.29626915273472,49.944403729102085,short
175406,175413,win,49.944403729102085,33.29626915273472,49.944403729102085,short
175474,175480,loss,-33.29626915273472,33.29626915273472,49.944403729102085,short
175485,175489,win,49.944403729102085,33.29626915273472,49.944403729102085,short
175497,175509,win,49.944403729102085,33.29626915273472,49.944403729102085,short
175510,175511,win,49.944403729102085,33.29626915273472,49.944403729102085,short
175528,175529,loss,-33.29626915273472,33.29626915273472,49.944403729102085,short
175532,175536,loss,-33.29626915273472,33.29626915273472,49.944403729102085,short
175545,175563,win,49.944403729102085,33.29626915273472,49.944403729102085,long
175564,175566,loss,-33.29626915273472,33.29626915273472,49.944403729102085,long
175631,175635,win,49.944403729102085,33.29626915273472,49.944403729102085,short
175636,175643,win,49.944403729102085,33.29626915273472,49.944403729102085,short
175649,175650,loss,-33.29626915273472,33.29626915273472,49.944403729102085,long
175661,175663,loss,-33.29626915273472,33.29626915273472,49.944403729102085,short
175668,175669,win,49.944403729102085,33.29626915273472,49.944403729102085,short
175670,175671,loss,-33.29626915273472,33.29626915273472,49.944403729102085,short
175678,175681,loss,-33.29626915273472,33.29626915273472,49.944403729102085,short
175684,175711,win,49.944403729102085,33.29626915273472,49.944403729102085,long
175719,175730,loss,-33.29626915273472,33.29626915273472,49.944403729102085,long
175799,175800,loss,-33.29626915273472,33.29626915273472,49.944403729102085,long
175801,175803,win,49.944403729102085,33.29626915273472,49.944403729102085,long
175806,175814,loss,-33.29626915273472,33.29626915273472,49.944403729102085,long
175873,175874,loss,-33.29626915273472,33.29626915273472,49.944403729102085,short
175907,175921,win,49.944403729102085,33.29626915273472,49.944403729102085,long
175940,175942,loss,-33.29626915273472,33.29626915273472,49.944403729102085,long
175953,175957,loss,-33.29626915273472,33.29626915273472,49.944403729102085,short
175978,175988,loss,-33.29626915273472,33.29626915273472,49.944403729102085,short
175992,175994,loss,-33.29626915273472,33.29626915273472,49.944403729102085,long
175996,176008,win,49.944403729102085,33.29626915273472,49.944403729102085,long
176019,176026,win,49.944403729102085,33.29626915273472,49.944403729102085,short
176084,176086,loss,-33.29626915273472,33.29626915273472,49.944403729102085,long
176087,176090,loss,-33.29626915273472,33.29626915273472,49.944403729102085,long
176092,176095,loss,-33.29626915273472,33.29626915273472,49.944403729102085,long
176122,176140,loss,-33.29626915273472,33.29626915273472,49.944403729102085,short
176169,176176,loss,-33.29626915273472,33.29626915273472,49.944403729102085,long
176195,176198,win,49.944403729102085,33.29626915273472,49.944403729102085,short
176199,176200,win,49.944403729102085,33.29626915273472,49.944403729102085,short
176201,176203,win,49.944403729102085,33.29626915273472,49.944403729102085,short
176277,176278,loss,-33.29626915273472,33.29626915273472,49.944403729102085,short
176298,176307,win,49.944403729102085,33.29626915273472,49.944403729102085,long
176343,176344,loss,-33.29626915273472,33.29626915273472,49.944403729102085,short
176369,176370,win,49.944403729102085,33.29626915273472,49.944403729102085,short
176371,176374,loss,-33.29626915273472,33.29626915273472,49.944403729102085,short
176384,176385,win,49.944403729102085,33.29626915273472,49.944403729102085,long
176409,176410,loss,-33.29626915273472,33.29626915273472,49.944403729102085,long
176411,176412,loss,-33.29626915273472,33.29626915273472,49.944403729102085,long
176416,176417,loss,-33.29626915273472,33.29626915273472,49.944403729102085,long
176444,176449,loss,-33.29626915273472,33.29626915273472,49.944403729102085,short
176524,176530,win,49.944403729102085,33.29626915273472,49.944403729102085,short
176531,176533,loss,-33.29626915273472,33.29626915273472,49.944403729102085,short
176558,176569,loss,-33.29626915273472,33.29626915273472,49.944403729102085,short
176572,176576,win,49.944403729102085,33.29626915273472,49.944403729102085,long
176578,176580,loss,-33.29626915273472,33.29626915273472,49.944403729102085,long
176612,176613,loss,-33.29626915273472,33.29626915273472,49.944403729102085,short
176614,176615,loss,-33.29626915273472,33.29626915273472,49.944403729102085,short
176616,176617,loss,-33.29626915273472,33.29626915273472,49.944403729102085,short
176719,176722,loss,-33.29626915273472,33.29626915273472,49.944403729102085,long
176730,176732,loss,-33.29626915273472,33.29626915273472,49.944403729102085,short
176740,176742,loss,-33.29626915273472,33.29626915273472,49.944403729102085,long
176754,176755,win,49.944403729102085,33.29626915273472,49.944403729102085,short
176759,176760,loss,-33.29626915273472,33.29626915273472,49.944403729102085,short
176772,176778,win,49.944403729102085,33.29626915273472,49.944403729102085,long
176782,176793,win,49.944403729102085,33.29626915273472,49.944403729102085,long
176825,176827,win,49.944403729102085,33.29626915273472,49.944403729102085,short
176832,176838,loss,-33.29626915273472,33.29626915273472,49.944403729102085,short
176863,176865,win,49.944403729102085,33.29626915273472,49.944403729102085,long
176868,176870,win,49.944403729102085,33.29626915273472,49.944403729102085,long
176871,176875,win,49.944403729102085,33.29626915273472,49.944403729102085,long
176882,176884,loss,-33.29626915273472,33.29626915273472,49.944403729102085,long
176923,176937,win,49.944403729102085,33.29626915273472,49.944403729102085,short
176947,176949,loss,-33.29626915273472,33.29626915273472,49.944403729102085,short
176952,176953,loss,-33.29626915273472,33.29626915273472,49.944403729102085,short
176955,176956,loss,-33.29626915273472,33.29626915273472,49.944403729102085,short
176960,176961,loss,-33.29626915273472,33.29626915273472,49.944403729102085,short
176967,176971,loss,-33.29626915273472,33.29626915273472,49.944403729102085,long
176979,176983,loss,-33.29626915273472,33.29626915273472,49.944403729102085,short
177003,177006,loss,-33.29626915273472,33.29626915273472,49.944403729102085,long
177024,177027,loss,-33.29626915273472,33.29626915273472,49.944403729102085,long
177039,177041,loss,-33.29626915273472,33.29626915273472,49.944403729102085,short
177043,177046,loss,-33.29626915273472,33.29626915273472,49.944403729102085,short
177090,177091,loss,-33.29626915273472,33.29626915273472,49.944403729102085,long
177093,177094,loss,-33.29626915273472,33.29626915273472,49.944403729102085,long
177105,177106,loss,-33.29626915273472,33.29626915273472,49.944403729102085,long
177114,177116,loss,-33.29626915273472,33.29626915273472,49.944403729102085,long
177128,177133,loss,-33.29626915273472,33.29626915273472,49.944403729102085,short
177143,177144,win,49.944403729102085,33.29626915273472,49.944403729102085,short
177145,177148,loss,-33.29626915273472,33.29626915273472,49.944403729102085,short
177183,177187,loss,-33.29626915273472,33.29626915273472,49.944403729102085,long
177192,177205,win,49.944403729102085,33.29626915273472,49.944403729102085,long
177214,177220,win,49.944403729102085,33.29626915273472,49.944403729102085,long
177221,177223,loss,-33.29626915273472,33.29626915273472,49.944403729102085,long
177243,177261,win,49.944403729102085,33.29626915273472,49.944403729102085,short
177290,177294,loss,-33.29626915273472,33.29626915273472,49.944403729102085,short
177297,177298,loss,-33.29626915273472,33.29626915273472,49.944403729102085,long
177300,177309,win,49.944403729102085,33.29626915273472,49.944403729102085,long
177340,177349,win,49.944403729102085,33.29626915273472,49.944403729102085,long
177358,177362,loss,-33.29626915273472,33.29626915273472,49.944403729102085,short
177365,177367,win,49.944403729102085,33.29626915273472,49.944403729102085,short
177369,177370,loss,-33.29626915273472,33.29626915273472,49.944403729102085,short
177411,177413,win,49.944403729102085,33.29626915273472,49.944403729102085,short
177420,177433,loss,-33.29626915273472,33.29626915273472,49.944403729102085,short
177437,177439,loss,-33.29626915273472,33.29626915273472,49.944403729102085,long
177441,177442,win,49.944403729102085,33.29626915273472,49.944403729102085,long
177443,177448,win,49.944403729102085,33.29626915273472,49.944403729102085,long
177449,177456,win,49.944403729102085,33.29626915273472,49.944403729102085,long
177552,177555,loss,-33.29626915273472,33.29626915273472,49.944403729102085,short
177558,177566,loss,-33.29626915273472,33.29626915273472,49.944403729102085,short
177613,177624,loss,-33.29626915273472,33.29626915273472,49.944403729102085,long
177633,177642,win,49.944403729102085,33.29626915273472,49.944403729102085,short
177654,177656,win,49.944403729102085,33.29626915273472,49.944403729102085,long
177663,177673,win,49.944403729102085,33.29626915273472,49.944403729102085,long
177691,177695,win,49.944403729102085,33.29626915273472,49.944403729102085,short
177699,177703,win,49.944403729102085,33.29626915273472,49.944403729102085,short
177704,177708,win,49.944403729102085,33.29626915273472,49.944403729102085,short
177756,177760,win,49.944403729102085,33.29626915273472,49.944403729102085,long
177811,177813,loss,-33.29626915273472,33.29626915273472,49.944403729102085,short
177814,177817,loss,-33.29626915273472,33.29626915273472,49.944403729102085,short
177835,177837,loss,-33.29626915273472,33.29626915273472,49.944403729102085,short
177897,177915,loss,-33.29626915273472,33.29626915273472,49.944403729102085,long
177917,177918,win,49.944403729102085,33.29626915273472,49.944403729102085,short
177919,177920,loss,-33.29626915273472,33.29626915273472,49.944403729102085,short
177921,177950,loss,-33.29626915273472,33.29626915273472,49.944403729102085,short
177953,177966,loss,-33.29626915273472,33.29626915273472,49.944403729102085,long
177993,177996,loss,-33.29626915273472,33.29626915273472,49.944403729102085,long
178037,178049,win,49.944403729102085,33.29626915273472,49.944403729102085,short
178054,178055,loss,-33.29626915273472,33.29626915273472,49.944403729102085,long
178068,178091,win,49.944403729102085,33.29626915273472,49.944403729102085,short
178130,178137,loss,-33.29626915273472,33.29626915273472,49.944403729102085,long
178173,178192,win,49.944403729102085,33.29626915273472,49.944403729102085,short
178193,178194,win,49.944403729102085,33.29626915273472,49.944403729102085,short
178197,178202,loss,-33.29626915273472,33.29626915273472,49.944403729102085,short
178220,178228,loss,-33.29626915273472,33.29626915273472,49.944403729102085,long
178259,178260,loss,-33.29626915273472,33.29626915273472,49.944403729102085,short
178291,178294,loss,-33.29626915273472,33.29626915273472,49.944403729102085,long
178309,178312,loss,-33.29626915273472,33.29626915273472,49.944403729102085,long
178319,178327,loss,-33.29626915273472,33.29626915273472,49.944403729102085,long
178331,178332,loss,-33.29626915273472,33.29626915273472,49.944403729102085,long
178333,178334,win,49.944403729102085,33.29626915273472,49.944403729102085,long
178337,178341,win,49.944403729102085,33.29626915273472,49.944403729102085,long
178403,178407,loss,-33.29626915273472,33.29626915273472,49.944403729102085,long
178435,178465,loss,-33.29626915273472,33.29626915273472,49.944403729102085,short
178473,178477,loss,-33.29626915273472,33.29626915273472,49.944403729102085,long
178501,178517,loss,-33.29626915273472,33.29626915273472,49.944403729102085,long
178525,178530,loss,-33.29626915273472,33.29626915273472,49.944403729102085,short
178571,178585,loss,-33.29626915273472,33.29626915273472,49.944403729102085,short
178611,178612,loss,-33.29626915273472,33.29626915273472,49.944403729102085,long
178614,178623,loss,-33.29626915273472,33.29626915273472,49.944403729102085,long
178652,178668,win,49.944403729102085,33.29626915273472,49.944403729102085,long
178676,178720,loss,-33.29626915273472,33.29626915273472,49.944403729102085,long
178722,178734,win,49.944403729102085,33.29626915273472,49.944403729102085,short
178742,178743,win,49.944403729102085,33.29626915273472,49.944403729102085,short
178755,178758,loss,-33.29626915273472,33.29626915273472,49.944403729102085,long
178817,178846,loss,-33.29626915273472,33.29626915273472,49.944403729102085,short
178855,178863,loss,-33.29626915273472,33.29626915273472,49.944403729102085,short
178872,178875,win,49.944403729102085,33.29626915273472,49.944403729102085,long
178876,178877,win,49.944403729102085,33.29626915273472,49.944403729102085,long
178878,178879,win,49.944403729102085,33.29626915273472,49.944403729102085,long
178880,178881,loss,-33.29626915273472,33.29626915273472,49.944403729102085,long
178924,178926,loss,-33.29626915273472,33.29626915273472,49.944403729102085,short
178947,178948,loss,-33.29626915273472,33.29626915273472,49.944403729102085,short
178960,178977,loss,-33.29626915273472,33.29626915273472,49.944403729102085,short
178985,178995,win,49.944403729102085,33.29626915273472,49.944403729102085,long
178996,179013,win,49.944403729102085,33.29626915273472,49.944403729102085,long
179019,179023,win,49.944403729102085,33.29626915273472,49.944403729102085,long
179024,179039,loss,-33.29626915273472,33.29626915273472,49.944403729102085,long
179082,179085,loss,-33.29626915273472,33.29626915273472,49.944403729102085,long
179105,179112,loss,-33.29626915273472,33.29626915273472,49.944403729102085,short
179128,179134,loss,-33.29626915273472,33.29626915273472,49.944403729102085,short
179148,179151,win,49.944403729102085,33.29626915273472,49.944403729102085,short
179152,179156,loss,-33.29626915273472,33.29626915273472,49.944403729102085,short
179203,179205,loss,-33.29626915273472,33.29626915273472,49.944403729102085,long
179233,179259,win,49.944403729102085,33.29626915273472,49.944403729102085,long
179262,179270,win,49.944403729102085,33.29626915273472,49.944403729102085,long
179276,179283,loss,-33.29626915273472,33.29626915273472,49.944403729102085,short
179291,179292,loss,-33.29626915273472,33.29626915273472,49.944403729102085,long
179348,179355,win,49.944403729102085,33.29626915273472,49.944403729102085,short
179359,179365,win,49.944403729102085,33.29626915273472,49.944403729102085,short
179379,179393,win,49.944403729102085,33.29626915273472,49.944403729102085,long
179394,179404,loss,-33.29626915273472,33.29626915273472,49.944403729102085,long
179422,179425,win,49.944403729102085,33.29626915273472,49.944403729102085,long
179426,179427,loss,-33.29626915273472,33.29626915273472,49.944403729102085,long
179430,179433,loss,-33.29626915273472,33.29626915273472,49.944403729102085,short
179436,179439,loss,-33.29626915273472,33.29626915273472,49.944403729102085,short
179440,179459,loss,-33.29626915273472,33.29626915273472,49.944403729102085,short
179530,179534,loss,-33.29626915273472,33.29626915273472,49.944403729102085,short
179592,179595,win,49.944403729102085,33.29626915273472,49.944403729102085,short
179597,179600,loss,-33.29626915273472,33.29626915273472,49.944403729102085,short
179634,179647,win,49.944403729102085,33.29626915273472,49.944403729102085,long
179648,179664,win,49.944403729102085,33.29626915273472,49.944403729102085,long
179679,179686,win,49.944403729102085,33.29626915273472,49.944403729102085,short
179690,179698,loss,-33.29626915273472,33.29626915273472,49.944403729102085,short
179702,179703,loss,-33.29626915273472,33.29626915273472,49.944403729102085,short
179717,179731,loss,-33.29626915273472,33.29626915273472,49.944403729102085,long
179802,179815,win,49.944403729102085,33.29626915273472,49.944403729102085,long
179816,179819,loss,-33.29626915273472,33.29626915273472,49.944403729102085,long
179834,179836,win,49.944403729102085,33.29626915273472,49.944403729102085,long
179838,179842,loss,-33.29626915273472,33.29626915273472,49.944403729102085,long
179852,179880,win,49.944403729102085,33.29626915273472,49.944403729102085,short
179881,179889,loss,-33.29626915273472,33.29626915273472,49.944403729102085,short
179906,179908,loss,-33.29626915273472,33.29626915273472,49.944403729102085,long
179909,179910,loss,-33.29626915273472,33.29626915273472,49.944403729102085,long
179911,179912,win,49.944403729102085,33.29626915273472,49.944403729102085,short
179913,179916,loss,-33.29626915273472,33.29626915273472,49.944403729102085,short
179917,179940,loss,-33.29626915273472,33.29626915273472,49.944403729102085,short
179973,179974,loss,-33.29626915273472,33.29626915273472,49.944403729102085,long
179982,179997,win,49.944403729102085,33.29626915273472,49.944403729102085,long
180043,180044,win,49.944403729102085,33.29626915273472,49.944403729102085,long
180045,180047,win,49.944403729102085,33.29626915273472,49.944403729102085,long
180048,180081,win,49.944403729102085,33.29626915273472,49.944403729102085,long
180110,180111,loss,-33.29626915273472,33.29626915273472,49.944403729102085,long
180124,180132,loss,-33.29626915273472,33.29626915273472,49.944403729102085,short
180187,180209,win,49.944403729102085,33.29626915273472,49.944403729102085,short
180241,180244,loss,-33.29626915273472,33.29626915273472,49.944403729102085,long
180245,180246,win,49.944403729102085,33.29626915273472,49.944403729102085,short
180247,180248,loss,-33.29626915273472,33.29626915273472,49.944403729102085,short
180260,180279,loss,-33.29626915273472,33.29626915273472,49.944403729102085,long
180337,180343,loss,-33.29626915273472,33.29626915273472,49.944403729102085,short
180351,180354,loss,-33.29626915273472,33.29626915273472,49.944403729102085,long
180389,180422,loss,-33.29626915273472,33.29626915273472,49.944403729102085,long
180434,180454,win,49.944403729102085,33.29626915273472,49.944403729102085,long
180475,180484,win,49.944403729102085,33.29626915273472,49.944403729102085,long
180507,180518,win,49.944403729102085,33.29626915273472,49.944403729102085,short
180519,180520,loss,-33.29626915273472,33.29626915273472,49.944403729102085,short
180532,180554,win,49.944403729102085,33.29626915273472,49.944403729102085,long
180599,180616,loss,-33.29626915273472,33.29626915273472,49.944403729102085,short
180617,180622,loss,-33.29626915273472,33.29626915273472,49.944403729102085,long
180629,180636,win,49.944403729102085,33.29626915273472,49.944403729102085,long
180638,180641,loss,-33.29626915273472,33.29626915273472,49.944403729102085,long
180644,180647,win,49.944403729102085,33.29626915273472,49.944403729102085,short
180648,180654,loss,-33.29626915273472,33.29626915273472,49.944403729102085,short
180658,180659,win,49.944403729102085,33.29626915273472,49.944403729102085,long
180660,180661,loss,-33.29626915273472,33.29626915273472,49.944403729102085,long
180662,180668,loss,-33.29626915273472,33.29626915273472,49.944403729102085,long
180793,180797,loss,-33.29626915273472,33.29626915273472,49.944403729102085,long
180807,180808,loss,-33.29626915273472,33.29626915273472,49.944403729102085,short
180885,180894,win,49.944403729102085,33.29626915273472,49.944403729102085,short
180895,180900,loss,-33.29626915273472,33.29626915273472,49.944403729102085,short
180904,180907,loss,-33.29626915273472,33.29626915273472,49.944403729102085,long
180910,180933,win,49.944403729102085,33.29626915273472,49.944403729102085,long
180942,180963,win,49.944403729102085,33.29626915273472,49.944403729102085,long
181004,181005,loss,-33.29626915273472,33.29626915273472,49.944403729102085,short
181011,181013,win,49.944403729102085,33.29626915273472,49.944403729102085,short
181014,181016,loss,-33.29626915273472,33.29626915273472,49.944403729102085,short
181045,181055,loss,-33.29626915273472,33.29626915273472,49.944403729102085,long
181146,181150,win,49.944403729102085,33.29626915273472,49.944403729102085,long
181184,181221,loss,-33.29626915273472,33.29626915273472,49.944403729102085,short
181225,181246,loss,-33.29626915273472,33.29626915273472,49.944403729102085,long
181250,181256,loss,-33.29626915273472,33.29626915273472,49.944403729102085,short
181313,181323,loss,-33.29626915273472,33.29626915273472,49.944403729102085,long
181326,181334,loss,-33.29626915273472,33.29626915273472,49.944403729102085,long
181337,181375,loss,-33.29626915273472,33.29626915273472,49.944403729102085,long
181378,181382,win,49.944403729102085,33.29626915273472,49.944403729102085,short
181399,181401,loss,-33.29626915273472,33.29626915273472,49.944403729102085,short
181404,181433,win,49.944403729102085,33.29626915273472,49.944403729102085,short
181434,181436,loss,-33.29626915273472,33.29626915273472,49.944403729102085,short
181447,181450,win,49.944403729102085,33.29626915273472,49.944403729102085,long
181467,181471,win,49.944403729102085,33.29626915273472,49.944403729102085,long
181509,181533,loss,-33.29626915273472,33.29626915273472,49.944403729102085,short
181539,181548,win,49.944403729102085,33.29626915273472,49.944403729102085,long
181549,181576,loss,-33.29626915273472,33.29626915273472,49.944403729102085,long
181579,181586,win,49.944403729102085,33.29626915273472,49.944403729102085,short
181592,181596,loss,-33.29626915273472,33.29626915273472,49.944403729102085,short
181600,181601,loss,-33.29626915273472,33.29626915273472,49.944403729102085,long
181612,181635,loss,-33.29626915273472,33.29626915273472,49.944403729102085,short
181702,181723,win,49.944403729102085,33.29626915273472,49.944403729102085,short
181724,181727,loss,-33.29626915273472,33.29626915273472,49.944403729102085,short
181734,181737,win,49.944403729102085,33.29626915273472,49.944403729102085,short
181738,181739,loss,-33.29626915273472,33.29626915273472,49.944403729102085,long
181740,181741,loss,-33.29626915273472,33.29626915273472,49.944403729102085,long
181747,181758,win,49.944403729102085,33.29626915273472,49.944403729102085,long
181777,181791,loss,-33.29626915273472,33.29626915273472,49.944403729102085,short
181803,181808,win,49.944403729102085,33.29626915273472,49.944403729102085,short
181840,181855,win,49.944403729102085,33.29626915273472,49.944403729102085,short
181877,181879,win,49.944403729102085,33.29626915273472,49.944403729102085,long
181880,181882,loss,-33.29626915273472,33.29626915273472,49.944403729102085,long
181886,181909,loss,-33.29626915273472,33.29626915273472,49.944403729102085,long
181937,181947,win,49.944403729102085,33.29626915273472,49.944403729102085,short
181952,181964,loss,-33.29626915273472,33.29626915273472,49.944403729102085,short
182022,182028,loss,-33.29626915273472,33.29626915273472,49.944403729102085,long
182029,182030,win,49.944403729102085,33.29626915273472,49.944403729102085,short
182033,182035,win,49.944403729102085,33.29626915273472,49.944403729102085,short
182036,182039,loss,-33.29626915273472,33.29626915273472,49.944403729102085,short
182050,182058,loss,-33.29626915273472,33.29626915273472,49.944403729102085,long
182116,182118,loss,-33.29626915273472,33.29626915273472,49.944403729102085,long
182119,182134,win,49.944403729102085,33.29626915273472,49.944403729102085,long
182150,182154,win,49.944403729102085,33.29626915273472,49.944403729102085,short
182155,182160,win,49.944403729102085,33.29626915273472,49.944403729102085,short
182203,182214,loss,-33.29626915273472,33.29626915273472,49.944403729102085,long
182263,182279,loss,-33.29626915273472,33.29626915273472,49.944403729102085,short
182313,182340,win,49.944403729102085,33.29626915273472,49.944403729102085,long
182357,182360,loss,-33.29626915273472,33.29626915273472,49.944403729102085,long
182366,182371,win,49.944403729102085,33.29626915273472,49.944403729102085,short
182372,182374,win,49.944403729102085,33.29626915273472,49.944403729102085,short
182416,182429,loss,-33.29626915273472,33.29626915273472,49.944403729102085,long
182482,182491,win,49.944403729102085,33.29626915273472,49.944403729102085,long
182502,182514,loss,-33.29626915273472,33.29626915273472,49.944403729102085,short
182517,182523,loss,-33.29626915273472,33.29626915273472,49.944403729102085,long
182538,182544,loss,-33.29626915273472,33.29626915273472,49.944403729102085,long
182547,182559,loss,-33.29626915273472,33.29626915273472,49.944403729102085,short
182613,182617,loss,-33.29626915273472,33.29626915273472,49.944403729102085,short
182620,182622,win,49.944403729102085,33.29626915273472,49.944403729102085,short
182627,182629,loss,-33.29626915273472,33.29626915273472,49.944403729102085,short
182631,182634,loss,-33.29626915273472,33.29626915273472,49.944403729102085,short
182641,182672,loss,-33.29626915273472,33.29626915273472,49.944403729102085,long
182702,182708,win,49.944403729102085,33.29626915273472,49.944403729102085,long
182709,182711,loss,-33.29626915273472,33.29626915273472,49.944403729102085,long
182774,182778,loss,-33.29626915273472,33.29626915273472,49.944403729102085,short
182828,182832,loss,-33.29626915273472,33.29626915273472,49.944403729102085,long
182841,182849,loss,-33.29626915273472,33.29626915273472,49.944403729102085,short
182863,182865,loss,-33.29626915273472,33.29626915273472,49.944403729102085,short
182934,182942,win,49.944403729102085,33.29626915273472,49.944403729102085,long
182966,182967,win,49.944403729102085,33.29626915273472,49.944403729102085,short
182968,182970,loss,-33.29626915273472,33.29626915273472,49.944403729102085,short
183005,183012,win,49.944403729102085,33.29626915273472,49.944403729102085,long
183016,183027,loss,-33.29626915273472,33.29626915273472,49.944403729102085,long
183038,183042,loss,-33.29626915273472,33.29626915273472,49.944403729102085,short
183067,183078,loss,-33.29626915273472,33.29626915273472,49.944403729102085,short
183079,183082,win,49.944403729102085,33.29626915273472,49.944403729102085,long
183083,183085,loss,-33.29626915273472,33.29626915273472,49.944403729102085,long
183089,183091,loss,-33.29626915273472,33.29626915273472,49.944403729102085,long
183103,183116,loss,-33.29626915273472,33.29626915273472,49.944403729102085,short
183174,183191,loss,-33.29626915273472,33.29626915273472,49.944403729102085,long
183197,183208,win,49.944403729102085,33.29626915273472,49.944403729102085,short
183236,183266,win,49.944403729102085,33.29626915273472,49.944403729102085,long
183294,183297,loss,-33.29626915273472,33.29626915273472,49.944403729102085,short
183343,183366,win,49.944403729102085,33.29626915273472,49.944403729102085,long
183367,183371,loss,-33.29626915273472,33.29626915273472,49.944403729102085,long
183406,183416,loss,-33.29626915273472,33.29626915273472,49.944403729102085,short
183430,183441,win,49.944403729102085,33.29626915273472,49.944403729102085,short
183442,183446,loss,-33.29626915273472,33.29626915273472,49.944403729102085,short
183500,183506,loss,-33.29626915273472,33.29626915273472,49.944403729102085,short
183512,183517,loss,-33.29626915273472,33.29626915273472,49.944403729102085,short
183535,183539,loss,-33.29626915273472,33.29626915273472,49.944403729102085,long
183540,183552,loss,-33.29626915273472,33.29626915273472,49.944403729102085,long
183561,183568,loss,-33.29626915273472,33.29626915273472,49.944403729102085,short
183573,183574,loss,-33.29626915273472,33.29626915273472,49.944403729102085,long
183575,183576,loss,-33.29626915273472,33.29626915273472,49.944403729102085,long
183585,183603,win,49.944403729102085,33.29626915273472,49.944403729102085,long
183606,183627,loss,-33.29626915273472,33.29626915273472,49.944403729102085,long
183647,183691,loss,-33.29626915273472,33.29626915273472,49.944403729102085,short
183774,183778,loss,-33.29626915273472,33.29626915273472,49.944403729102085,short
183779,183780,loss,-33.29626915273472,33.29626915273472,49.944403729102085,long
183787,183828,loss,-33.29626915273472,33.29626915273472,49.944403729102085,long
183843,183844,win,49.944403729102085,33.29626915273472,49.944403729102085,short
183858,183871,loss,-33.29626915273472,33.29626915273472,49.944403729102085,long
183918,183920,loss,-33.29626915273472,33.29626915273472,49.944403729102085,short
183925,183964,win,49.944403729102085,33.29626915273472,49.944403729102085,short
183980,183981,win,49.944403729102085,33.29626915273472,49.944403729102085,long
183983,183987,loss,-33.29626915273472,33.29626915273472,49.944403729102085,long
184023,184037,loss,-33.29626915273472,33.29626915273472,49.944403729102085,long
184038,184049,win,49.944403729102085,33.29626915273472,49.944403729102085,short
184080,184086,win,49.944403729102085,33.29626915273472,49.944403729102085,long
184091,184109,win,49.944403729102085,33.29626915273472,49.944403729102085,long
184142,184190,win,49.944403729102085,33.29626915273472,49.944403729102085,short
184191,184200,win,49.944403729102085,33.29626915273472,49.944403729102085,short
184201,184203,win,49.944403729102085,33.29626915273472,49.944403729102085,short
184207,184210,loss,-33.29626915273472,33.29626915273472,49.944403729102085,short
184221,184222,loss,-33.29626915273472,33.29626915273472,49.944403729102085,long
184247,184254,loss,-33.29626915273472,33.29626915273472,49.944403729102085,long
184266,184287,loss,-33.29626915273472,33.29626915273472,49.944403729102085,long
184328,184330,loss,-33.29626915273472,33.29626915273472,49.944403729102085,long
184391,184392,win,49.944403729102085,33.29626915273472,49.944403729102085,long
184393,184395,win,49.944403729102085,33.29626915273472,49.944403729102085,long
184396,184398,loss,-33.29626915273472,33.29626915273472,49.944403729102085,long
184404,184448,loss,-33.29626915273472,33.29626915273472,49.944403729102085,short
184459,184462,loss,-33.29626915273472,33.29626915273472,49.944403729102085,long
184467,184475,loss,-33.29626915273472,33.29626915273472,49.944403729102085,short
184531,184532,win,49.944403729102085,33.29626915273472,49.944403729102085,short
184533,184535,win,49.944403729102085,33.29626915273472,49.944403729102085,short
184536,184539,win,49.944403729102085,33.29626915273472,49.944403729102085,short
184543,184546,loss,-33.29626915273472,33.29626915273472,49.944403729102085,short
184556,184557,loss,-33.29626915273472,33.29626915273472,49.944403729102085,short
184571,184576,win,49.944403729102085,33.29626915273472,49.944403729102085,long
184683,184697,loss,-33.29626915273472,33.29626915273472,49.944403729102085,long
184735,184736,loss,-33.29626915273472,33.29626915273472,49.944403729102085,long
184772,184786,loss,-33.29626915273472,33.29626915273472,49.944403729102085,short
184800,184804,win,49.944403729102085,33.29626915273472,49.944403729102085,short
184807,184808,loss,-33.29626915273472,33.29626915273472,49.944403729102085,short
184875,184878,win,49.944403729102085,33.29626915273472,49.944403729102085,long
184879,184882,win,49.944403729102085,33.29626915273472,49.944403729102085,long
184883,184905,win,49.944403729102085,33.29626915273472,49.944403729102085,long
184910,184918,win,49.944403729102085,33.29626915273472,49.944403729102085,short
184919,184939,loss,-33.29626915273472,33.29626915273472,49.944403729102085,short
184950,184987,win,49.944403729102085,33.29626915273472,49.944403729102085,long
185007,185010,win,49.944403729102085,33.29626915273472,49.944403729102085,short
185011,185013,win,49.944403729102085,33.29626915273472,49.944403729102085,short
185014,185043,loss,-33.29626915273472,33.29626915273472,49.944403729102085,short
185099,185112,loss,-33.29626915273472,33.29626915273472,49.944403729102085,long
185118,185128,loss,-33.29626915273472,33.29626915273472,49.944403729102085,short
185137,185145,loss,-33.29626915273472,33.29626915273472,49.944403729102085,long
185240,185249,loss,-33.29626915273472,33.29626915273472,49.944403729102085,short
185252,185266,loss,-33.29626915273472,33.29626915273472,49.944403729102085,long
185282,185284,win,49.944403729102085,33.29626915273472,49.944403729102085,long
185320,185346,loss,-33.29626915273472,33.29626915273472,49.944403729102085,short
185351,185353,loss,-33.29626915273472,33.29626915273472,49.944403729102085,long
185375,185383,win,49.944403729102085,33.29626915273472,49.944403729102085,short
185384,185416,win,49.944403729102085,33.29626915273472,49.944403729102085,short
185437,185454,loss,-33.29626915273472,33.29626915273472,49.944403729102085,long
185496,185499,loss,-33.29626915273472,33.29626915273472,49.944403729102085,long
185539,185542,loss,-33.29626915273472,33.29626915273472,49.944403729102085,long
185545,185558,loss,-33.29626915273472,33.29626915273472,49.944403729102085,short
185566,185567,win,49.944403729102085,33.29626915273472,49.944403729102085,long
185568,185579,win,49.944403729102085,33.29626915273472,49.944403729102085,long
185635,185658,loss,-33.29626915273472,33.29626915273472,49.944403729102085,short
185663,185673,win,49.944403729102085,33.29626915273472,49.944403729102085,long
185688,185693,win,49.944403729102085,33.29626915273472,49.944403729102085,short
185694,185695,loss,-33.29626915273472,33.29626915273472,49.944403729102085,short
185707,185727,loss,-33.29626915273472,33.29626915273472,49.944403729102085,long
185818,185830,loss,-33.29626915273472,33.29626915273472,49.944403729102085,long
185833,185834,loss,-33.29626915273472,33.29626915273472,49.944403729102085,short
185835,185836,loss,-33.29626915273472,33.29626915273472,49.944403729102085,short
185840,185865,loss,-33.29626915273472,33.29626915273472,49.944403729102085,short
185870,185899,win,49.944403729102085,33.29626915273472,49.944403729102085,long
185901,185903,loss,-33.29626915273472,33.29626915273472,49.944403729102085,long
185905,185907,win,49.944403729102085,33.29626915273472,49.944403729102085,long
185929,185967,win,49.944403729102085,33.29626915273472,49.944403729102085,short
185983,186001,loss,-33.29626915273472,33.29626915273472,49.944403729102085,long
186002,186009,win,49.944403729102085,33.29626915273472,49.944403729102085,short
186013,186027,win,49.944403729102085,33.29626915273472,49.944403729102085,short
186028,186030,win,49.944403729102085,33.29626915273472,49.944403729102085,short
186031,186061,loss,-33.29626915273472,33.29626915273472,49.944403729102085,short
186096,186097,win,49.944403729102085,33.29626915273472,49.944403729102085,short
186151,186157,win,49.944403729102085,33.29626915273472,49.944403729102085,long
186171,186174,loss,-33.29626915273472,33.29626915273472,49.944403729102085,short
186222,186228,loss,-33.29626915273472,33.29626915273472,49.944403729102085,short
186231,186245,win,49.944403729102085,33.29626915273472,49.944403729102085,short
186275,186277,loss,-33.29626915273472,33.29626915273472,49.944403729102085,long
186357,186364,loss,-33.29626915273472,33.29626915273472,49.944403729102085,short
186365,186367,loss,-33.29626915273472,33.29626915273472,49.944403729102085,long
186370,186372,win,49.944403729102085,33.29626915273472,49.944403729102085,long
186373,186399,loss,-33.29626915273472,33.29626915273472,49.944403729102085,long
186421,186429,loss,-33.29626915273472,33.29626915273472,49.944403729102085,short
186434,186437,loss,-33.29626915273472,33.29626915273472,49.944403729102085,short
186438,186440,win,49.944403729102085,33.29626915273472,49.944403729102085,short
186441,186482,win,49.944403729102085,33.29626915273472,49.944403729102085,short
186486,186494,win,49.944403729102085,33.29626915273472,49.944403729102085,short
186495,186499,win,49.944403729102085,33.29626915273472,49.944403729102085,short
186501,186502,win,49.944403729102085,33.29626915273472,49.944403729102085,short
186503,186505,win,49.944403729102085,33.29626915273472,49.944403729102085,short
186506,186510,loss,-33.29626915273472,33.29626915273472,49.944403729102085,short
186520,186526,loss,-33.29626915273472,33.29626915273472,49.944403729102085,long
186541,186551,win,49.944403729102085,33.29626915273472,49.944403729102085,long
186553,186556,loss,-33.29626915273472,33.29626915273472,49.944403729102085,long
186561,186566,loss,-33.29626915273472,33.29626915273472,49.944403729102085,long
186573,186576,loss,-33.29626915273472,33.29626915273472,49.944403729102085,short
186577,186580,loss,-33.29626915273472,33.29626915273472,49.944403729102085,short
186621,186626,win,49.944403729102085,33.29626915273472,49.944403729102085,long
186682,186695,loss,-33.29626915273472,33.29626915273472,49.944403729102085,short
186697,186705,win,49.944403729102085,33.29626915273472,49.944403729102085,long
186706,186712,win,49.944403729102085,33.29626915273472,49.944403729102085,long
186728,186746,loss,-33.29626915273472,33.29626915273472,49.944403729102085,short
186771,186779,loss,-33.29626915273472,33.29626915273472,49.944403729102085,short
186784,186792,loss,-33.29626915273472,33.29626915273472,49.944403729102085,long
186793,186794,loss,-33.29626915273472,33.29626915273472,49.944403729102085,long
186807,186810,win,49.944403729102085,33.29626915273472,49.944403729102085,short
186834,186844,loss,-33.29626915273472,33.29626915273472,49.944403729102085,long
186847,186852,win,49.944403729102085,33.29626915273472,49.944403729102085,short
186853,186854,loss,-33.29626915273472,33.29626915273472,49.944403729102085,short
186869,186873,loss,-33.29626915273472,33.29626915273472,49.944403729102085,short
186943,186945,win,49.944403729102085,33.29626915273472,49.944403729102085,long
186946,186965,loss,-33.29626915273472,33.29626915273472,49.944403729102085,long
186972,186979,loss,-33.29626915273472,33.29626915273472,49.944403729102085,short
187017,187022,loss,-33.29626915273472,33.29626915273472,49.944403729102085,long
187031,187034,loss,-33.29626915273472,33.29626915273472,49.944403729102085,short
187040,187043,win,49.944403729102085,33.29626915273472,49.944403729102085,short
187057,187058,loss,-33.29626915273472,33.29626915273472,49.944403729102085,long
187063,187068,loss,-33.29626915273472,33.29626915273472,49.944403729102085,long
187087,187110,win,49.944403729102085,33.29626915273472,49.944403729102085,long
187122,187125,loss,-33.29626915273472,33.29626915273472,49.944403729102085,short
187130,187147,loss,-33.29626915273472,33.29626915273472,49.944403729102085,short
187154,187169,loss,-33.29626915273472,33.29626915273472,49.944403729102085,long
187190,187191,win,49.944403729102085,33.29626915273472,49.944403729102085,long
187192,187193,win,49.944403729102085,33.29626915273472,49.944403729102085,long
187194,187195,loss,-33.29626915273472,33.29626915273472,49.944403729102085,long
187220,187222,loss,-33.29626915273472,33.29626915273472,49.944403729102085,short
187264,187279,win,49.944403729102085,33.29626915273472,49.944403729102085,long
187293,187306,win,49.944403729102085,33.29626915273472,49.944403729102085,short
187310,187321,loss,-33.29626915273472,33.29626915273472,49.944403729102085,short
187327,187330,loss,-33.29626915273472,33.29626915273472,49.944403729102085,long
187332,187337,loss,-33.29626915273472,33.29626915273472,49.944403729102085,long
187399,187425,loss,-33.29626915273472,33.29626915273472,49.944403729102085,long
187430,187440,win,49.944403729102085,33.29626915273472,49.944403729102085,short
187447,187455,loss,-33.29626915273472,33.29626915273472,49.944403729102085,short
187466,187467,loss,-33.29626915273472,33.29626915273472,49.944403729102085,long
187528,187533,loss,-33.29626915273472,33.29626915273472,49.944403729102085,short
187595,187597,win,49.944403729102085,33.29626915273472,49.944403729102085,long
187598,187600,win,49.944403729102085,33.29626915273472,49.944403729102085,long
187611,187621,win,49.944403729102085,33.29626915273472,49.944403729102085,short
187710,187720,loss,-33.29626915273472,33.29626915273472,49.944403729102085,long
187750,187769,loss,-33.29626915273472,33.29626915273472,49.944403729102085,short
187787,187795,win,49.944403729102085,33.29626915273472,49.944403729102085,long
187796,187799,win,49.944403729102085,33.29626915273472,49.944403729102085,long
187805,187806,win,49.944403729102085,33.29626915273472,49.944403729102085,long
187807,187837,loss,-33.29626915273472,33.29626915273472,49.944403729102085,long
187902,187923,win,49.944403729102085,33.29626915273472,49.944403729102085,short
187924,187929,win,49.944403729102085,33.29626915273472,49.944403729102085,short
187937,187939,win,49.944403729102085,33.29626915273472,49.944403729102085,short
187940,187942,loss,-33.29626915273472,33.29626915273472,49.944403729102085,short
187964,187985,loss,-33.29626915273472,33.29626915273472,49.944403729102085,long
188041,188053,win,49.944403729102085,33.29626915273472,49.944403729102085,long
188079,188085,win,49.944403729102085,33.29626915273472,49.944403729102085,short
188086,188109,loss,-33.29626915273472,33.29626915273472,49.944403729102085,short
188119,188131,win,49.944403729102085,33.29626915273472,49.944403729102085,long
188142,188144,loss,-33.29626915273472,33.29626915273472,49.944403729102085,long
188166,188176,loss,-33.29626915273472,33.29626915273472,49.944403729102085,short
188240,188262,win,49.944403729102085,33.29626915273472,49.944403729102085,long
188281,188285,win,49.944403729102085,33.29626915273472,49.944403729102085,long
188286,188288,loss,-33.29626915273472,33.29626915273472,49.944403729102085,long
188289,188290,win,49.944403729102085,33.29626915273472,49.944403729102085,short
188296,188299,loss,-33.29626915273472,33.29626915273472,49.944403729102085,short
188300,188311,loss,-33.29626915273472,33.29626915273472,49.944403729102085,short
188366,188400,win,49.944403729102085,33.29626915273472,49.944403729102085,short
188418,188420,win,49.944403729102085,33.29626915273472,49.944403729102085,short
188421,188426,loss,-33.29626915273472,33.29626915273472,49.944403729102085,short
188433,188452,loss,-33.29626915273472,33.29626915273472,49.944403729102085,long
188487,188488,loss,-33.29626915273472,33.29626915273472,49.944403729102085,long
188547,188549,loss,-33.29626915273472,33.29626915273472,49.944403729102085,short
188570,188591,win,49.944403729102085,33.29626915273472,49.944403729102085,short
188621,188622,loss,-33.29626915273472,33.29626915273472,49.944403729102085,short
188623,188626,win,49.944403729102085,33.29626915273472,49.944403729102085,short
188628,188637,loss,-33.29626915273472,33.29626915273472,49.944403729102085,short
188639,188649,loss,-33.29626915273472,33.29626915273472,49.944403729102085,long
188698,188723,loss,-33.29626915273472,33.29626915273472,49.944403729102085,long
188726,188733,loss,-33.29626915273472,33.29626915273472,49.944403729102085,short
188753,188756,loss,-33.29626915273472,33.29626915273472,49.944403729102085,short
188762,188764,loss,-33.29626915273472,33.29626915273472,49.944403729102085,short
188790,188797,win,49.944403729102085,33.29626915273472,49.944403729102085,short
188821,188826,loss,-33.29626915273472,33.29626915273472,49.944403729102085,long
188829,188831,win,49.944403729102085,33.29626915273472,49.944403729102085,short
188832,188835,loss,-33.29626915273472,33.29626915273472,49.944403729102085,short
188836,188843,loss,-33.29626915273472,33.29626915273472,49.944403729102085,short
188845,188846,loss,-33.29626915273472,33.29626915273472,49.944403729102085,long
188847,188851,loss,-33.29626915273472,33.29626915273472,49.944403729102085,long
188853,188890,win,49.944403729102085,33.29626915273472,49.944403729102085,long
188963,188964,loss,-33.29626915273472,33.29626915273472,49.944403729102085,short
188972,188973,win,49.944403729102085,33.29626915273472,49.944403729102085,long
188974,188976,win,49.944403729102085,33.29626915273472,49.944403729102085,long
188977,188996,win,49.944403729102085,33.29626915273472,49.944403729102085,long
189085,189086,loss,-33.29626915273472,33.29626915273472,49.944403729102085,short
189115,189116,loss,-33.29626915273472,33.29626915273472,49.944403729102085,long
189121,189141,loss,-33.29626915273472,33.29626915273472,49.944403729102085,long
189142,189171,loss,-33.29626915273472,33.29626915273472,49.944403729102085,short
189172,189173,win,49.944403729102085,33.29626915273472,49.944403729102085,long
189174,189175,loss,-33.29626915273472,33.29626915273472,49.944403729102085,long
189187,189190,loss,-33.29626915273472,33.29626915273472,49.944403729102085,short
189276,189285,loss,-33.29626915273472,33.29626915273472,49.944403729102085,short
189299,189302,win,49.944403729102085,33.29626915273472,49.944403729102085,short
189313,189314,win,49.944403729102085,33.29626915273472,49.944403729102085,long
189315,189322,win,49.944403729102085,33.29626915273472,49.944403729102085,long
189407,189411,loss,-33.29626915273472,33.29626915273472,49.944403729102085,short
189426,189430,loss,-33.29626915273472,33.29626915273472,49.944403729102085,short
189431,189442,loss,-33.29626915273472,33.29626915273472,49.944403729102085,long
189446,189447,loss,-33.29626915273472,33.29626915273472,49.944403729102085,short
189448,189449,loss,-33.29626915273472,33.29626915273472,49.944403729102085,short
189453,189454,loss,-33.29626915273472,33.29626915273472,49.944403729102085,short
189457,189476,loss,-33.29626915273472,33.29626915273472,49.944403729102085,short
189500,189512,win,49.944403729102085,33.29626915273472,49.944403729102085,long
189530,189543,loss,-33.29626915273472,33.29626915273472,49.944403729102085,short
189546,189551,loss,-33.29626915273472,33.29626915273472,49.944403729102085,long
189562,189565,loss,-33.29626915273472,33.29626915273472,49.944403729102085,short
189622,189631,loss,-33.29626915273472,33.29626915273472,49.944403729102085,long
189634,189638,win,49.944403729102085,33.29626915273472,49.944403729102085,short
189648,189650,loss,-33.29626915273472,33.29626915273472,49.944403729102085,long
189651,189653,loss,-33.29626915273472,33.29626915273472,49.944403729102085,long
189664,189666,loss,-33.29626915273472,33.29626915273472,49.944403729102085,short
189674,189676,loss,-33.29626915273472,33.29626915273472,49.944403729102085,short
189719,189720,win,49.944403729102085,33.29626915273472,49.944403729102085,short
189745,189765,loss,-33.29626915273472,33.29626915273472,49.944403729102085,long
189808,189820,win,49.944403729102085,33.29626915273472,49.944403729102085,long
189827,189845,loss,-33.29626915273472,33.29626915273472,49.944403729102085,long
189853,189857,win,49.944403729102085,33.29626915273472,49.944403729102085,short
189858,189864,loss,-33.29626915273472,33.29626915273472,49.944403729102085,short
189919,189943,loss,-33.29626915273472,33.29626915273472,49.944403729102085,short
189946,189950,win,49.944403729102085,33.29626915273472,49.944403729102085,long
189951,189961,win,49.944403729102085,33.29626915273472,49.944403729102085,long
189984,189985,win,49.944403729102085,33.29626915273472,49.944403729102085,short
189986,189990,win,49.944403729102085,33.29626915273472,49.944403729102085,short
189991,189993,loss,-33.29626915273472,33.29626915273472,49.944403729102085,short
190004,190027,win,49.944403729102085,33.29626915273472,49.944403729102085,long
190087,190088,loss,-33.29626915273472,33.29626915273472,49.944403729102085,long
190117,190118,win,49.944403729102085,33.29626915273472,49.944403729102085,short
190119,190120,loss,-33.29626915273472,33.29626915273472,49.944403729102085,short
190125,190142,loss,-33.29626915273472,33.29626915273472,49.944403729102085,short
190145,190156,win,49.944403729102085,33.29626915273472,49.944403729102085,long
190157,190161,loss,-33.29626915273472,33.29626915273472,49.944403729102085,long
190191,190201,win,49.944403729102085,33.29626915273472,49.944403729102085,short
190221,190232,win,49.944403729102085,33.29626915273472,49.944403729102085,short
190233,190238,loss,-33.29626915273472,33.29626915273472,49.944403729102085,short
190259,190268,loss,-33.29626915273472,33.29626915273472,49.944403729102085,short
190287,190300,loss,-33.29626915273472,33.29626915273472,49.944403729102085,long
190332,190340,loss,-33.29626915273472,33.29626915273472,49.944403729102085,long
190364,190372,win,49.944403729102085,33.29626915273472,49.944403729102085,short
190438,190439,loss,-33.29626915273472,33.29626915273472,49.944403729102085,long
190452,190454,loss,-33.29626915273472,33.29626915273472,49.944403729102085,short
190466,190487,win,49.944403729102085,33.29626915273472,49.944403729102085,long
190516,190521,win,49.944403729102085,33.29626915273472,49.944403729102085,short
190524,190525,loss,-33.29626915273472,33.29626915273472,49.944403729102085,short
190526,190540,loss,-33.29626915273472,33.29626915273472,49.944403729102085,short
190586,190593,loss,-33.29626915273472,33.29626915273472,49.944403729102085,short
190626,190637,loss,-33.29626915273472,33.29626915273472,49.944403729102085,long
190659,190660,win,49.944403729102085,33.29626915273472,49.944403729102085,long
190661,190662,loss,-33.29626915273472,33.29626915273472,49.944403729102085,long
190737,190778,win,49.944403729102085,33.29626915273472,49.944403729102085,short
190779,190794,win,49.944403729102085,33.29626915273472,49.944403729102085,short
190795,190796,win,49.944403729102085,33.29626915273472,49.944403729102085,short
190797,190798,loss,-33.29626915273472,33.29626915273472,49.944403729102085,short
190810,190843,loss,-33.29626915273472,33.29626915273472,49.944403729102085,long
190875,190879,win,49.944403729102085,33.29626915273472,49.944403729102085,short
190883,190897,win,49.944403729102085,33.29626915273472,49.944403729102085,long
191002,191016,win,49.944403729102085,33.29626915273472,49.944403729102085,short
191036,191049,loss,-33.29626915273472,33.29626915273472,49.944403729102085,long
191101,191120,win,49.944403729102085,33.29626915273472,49.944403729102085,long
191121,191139,loss,-33.29626915273472,33.29626915273472,49.944403729102085,long
191142,191202,loss,-33.29626915273472,33.29626915273472,49.944403729102085,short
191213,191224,win,49.944403729102085,33.29626915273472,49.944403729102085,long
191225,191274,win,49.944403729102085,33.29626915273472,49.944403729102085,long
191277,191279,loss,-33.29626915273472,33.29626915273472,49.944403729102085,short
191292,191332,loss,-33.29626915273472,33.29626915273472,49.944403729102085,long
191350,191354,loss,-33.29626915273472,33.29626915273472,49.944403729102085,long
191392,191413,win,49.944403729102085,33.29626915273472,49.944403729102085,long
191415,191420,win,49.944403729102085,33.29626915273472,49.944403729102085,short
191421,191441,win,49.944403729102085,33.29626915273472,49.944403729102085,short
191472,191480,win,49.944403729102085,33.29626915273472,49.944403729102085,short
191482,191484,loss,-33.29626915273472,33.29626915273472,49.944403729102085,short
191487,191496,win,49.944403729102085,33.29626915273472,49.944403729102085,long
191558,191570,win,49.944403729102085,33.29626915273472,49.944403729102085,long
191586,191600,loss,-33.29626915273472,33.29626915273472,49.944403729102085,short
191603,191606,loss,-33.29626915273472,33.29626915273472,49.944403729102085,short
191629,191641,win,49.944403729102085,33.29626915273472,49.944403729102085,long
191655,191684,win,49.944403729102085,33.29626915273472,49.944403729102085,short
191685,191688,win,49.944403729102085,33.29626915273472,49.944403729102085,short
191689,191691,loss,-33.29626915273472,33.29626915273472,49.944403729102085,short
191707,191717,win,49.944403729102085,33.29626915273472,49.944403729102085,long
191761,191811,win,49.944403729102085,33.29626915273472,49.944403729102085,long
191824,191829,loss,-33.29626915273472,33.29626915273472,49.944403729102085,long
191840,191841,loss,-33.29626915273472,33.29626915273472,49.944403729102085,short
191844,191868,win,49.944403729102085,33.29626915273472,49.944403729102085,short
191883,191885,loss,-33.29626915273472,33.29626915273472,49.944403729102085,long
191975,191987,loss,-33.29626915273472,33.29626915273472,49.944403729102085,long
191989,192014,loss,-33.29626915273472,33.29626915273472,49.944403729102085,short
192022,192023,loss,-33.29626915273472,33.29626915273472,49.944403729102085,long
192028,192031,loss,-33.29626915273472,33.29626915273472,49.944403729102085,short
192032,192039,loss,-33.29626915273472,33.29626915273472,49.944403729102085,short
192098,192099,loss,-33.29626915273472,33.29626915273472,49.944403729102085,short
192110,192118,win,49.944403729102085,33.29626915273472,49.944403729102085,long
192156,192165,loss,-33.29626915273472,33.29626915273472,49.944403729102085,short
192221,192231,loss,-33.29626915273472,33.29626915273472,49.944403729102085,short
192242,192245,loss,-33.29626915273472,33.29626915273472,49.944403729102085,short
192255,192273,win,49.944403729102085,33.29626915273472,49.944403729102085,long
192274,192290,loss,-33.29626915273472,33.29626915273472,49.944403729102085,long
192297,192299,loss,-33.29626915273472,33.29626915273472,49.944403729102085,short
192301,192303,loss,-33.29626915273472,33.29626915273472,49.944403729102085,short
192318,192321,loss,-33.29626915273472,33.29626915273472,49.944403729102085,short
192342,192401,loss,-33.29626915273472,33.29626915273472,49.944403729102085,long
192406,192411,win,49.944403729102085,33.29626915273472,49.944403729102085,short
192412,192418,win,49.944403729102085,33.29626915273472,49.944403729102085,short
192431,192432,loss,-33.29626915273472,33.29626915273472,49.944403729102085,long
192436,192438,loss,-33.29626915273472,33.29626915273472,49.944403729102085,long
192457,192467,loss,-33.29626915273472,33.29626915273472,49.944403729102085,long
192487,192499,win,49.944403729102085,33.29626915273472,49.944403729102085,long
192500,192504,win,49.944403729102085,33.29626915273472,49.944403729102085,long
192505,192510,win,49.944403729102085,33.29626915273472,49.944403729102085,long
192511,192528,loss,-33.29626915273472,33.29626915273472,49.944403729102085,long
192573,192577,loss,-33.29626915273472,33.29626915273472,49.944403729102085,long
192583,192600,win,49.944403729102085,33.29626915273472,49.944403729102085,short
192621,192627,loss,-33.29626915273472,33.29626915273472,49.944403729102085,short
192636,192643,loss,-33.29626915273472,33.29626915273472,49.944403729102085,long
192671,192689,win,49.944403729102085,33.29626915273472,49.944403729102085,long
192776,192777,loss,-33.29626915273472,33.29626915273472,49.944403729102085,long
192804,192843,win,49.944403729102085,33.29626915273472,49.944403729102085,short
192844,192846,loss,-33.29626915273472,33.29626915273472,49.944403729102085,short
192852,192858,loss,-33.29626915273472,33.29626915273472,49.944403729102085,short
192896,192903,loss,-33.29626915273472,33.29626915273472,49.944403729102085,long
192919,192936,loss,-33.29626915273472,33.29626915273472,49.944403729102085,short
193000,193040,win,49.944403729102085,33.29626915273472,49.944403729102085,long
193048,193049,loss,-33.29626915273472,33.29626915273472,49.944403729102085,long
193076,193089,loss,-33.29626915273472,33.29626915273472,49.944403729102085,short
193100,193118,loss,-33.29626915273472,33.29626915273472,49.944403729102085,long
193119,193120,loss,-33.29626915273472,33.29626915273472,49.944403729102085,short
193172,193182,win,49.944403729102085,33.29626915273472,49.944403729102085,long
193231,193251,win,49.944403729102085,33.29626915273472,49.944403729102085,short
193256,193257,loss,-33.29626915273472,33.29626915273472,49.944403729102085,short
193270,193310,win,49.944403729102085,33.29626915273472,49.944403729102085,long
193321,193323,loss,-33.29626915273472,33.29626915273472,49.944403729102085,short
193336,193346,win,49.944403729102085,33.29626915273472,49.944403729102085,long
193406,193432,loss,-33.29626915273472,33.29626915273472,49.944403729102085,long
193434,193457,loss,-33.29626915273472,33.29626915273472,49.944403729102085,short
193462,193524,win,49.944403729102085,33.29626915273472,49.944403729102085,long
193534,193594,loss,-33.29626915273472,33.29626915273472,49.944403729102085,long
193600,193602,loss,-33.29626915273472,33.29626915273472,49.944403729102085,long
193603,193607,loss,-33.29626915273472,33.29626915273472,49.944403729102085,long
193608,193611,loss,-33.29626915273472,33.29626915273472,49.944403729102085,long
193614,193626,win,49.944403729102085,33.29626915273472,49.944403729102085,short
193670,193675,win,49.944403729102085,33.29626915273472,49.944403729102085,long
193677,193678,win,49.944403729102085,33.29626915273472,49.944403729102085,long
193679,193680,loss,-33.29626915273472,33.29626915273472,49.944403729102085,long
193682,193684,win,49.944403729102085,33.29626915273472,49.944403729102085,long
193696,193729,loss,-33.29626915273472,33.29626915273472,49.944403729102085,short
193752,193767,win,49.944403729102085,33.29626915273472,49.944403729102085,long
193782,193784,win,49.944403729102085,33.29626915273472,49.944403729102085,short
193785,193786,win,49.944403729102085,33.29626915273472,49.944403729102085,short
193790,193793,win,49.944403729102085,33.29626915273472,49.944403729102085,short
193795,193797,loss,-33.29626915273472,33.29626915273472,49.944403729102085,short
193875,193878,win,49.944403729102085,33.29626915273472,49.944403729102085,long
193879,193907,win,49.944403729102085,33.29626915273472,49.944403729102085,long
193921,193924,win,49.944403729102085,33.29626915273472,49.944403729102085,long
193925,193926,loss,-33.29626915273472,33.29626915273472,49.944403729102085,long
193938,193939,loss,-33.29626915273472,33.29626915273472,49.944403729102085,short
193969,193989,loss,-33.29626915273472,33.29626915273472,49.944403729102085,short
194010,194012,loss,-33.29626915273472,33.29626915273472,49.944403729102085,long
194028,194033,loss,-33.29626915273472,33.29626915273472,49.944403729102085,long
194042,194044,win,49.944403729102085,33.29626915273472,49.944403729102085,short
194045,194056,loss,-33.29626915273472,33.29626915273472,49.944403729102085,short
194088,194089,win,49.944403729102085,33.29626915273472,49.944403729102085,long
194092,194093,loss,-33.29626915273472,33.29626915273472,49.944403729102085,long
194117,194118,win,49.944403729102085,33.29626915273472,49.944403729102085,short
194119,194124,win,49.944403729102085,33.29626915273472,49.944403729102085,short
194126,194127,win,49.944403729102085,33.29626915273472,49.944403729102085,short
194128,194129,loss,-33.29626915273472,33.29626915273472,49.944403729102085,short
194187,194199,loss,-33.29626915273472,33.29626915273472,49.944403729102085,short
194201,194206,win,49.944403729102085,33.29626915273472,49.944403729102085,long
194207,194227,win,49.944403729102085,33.29626915273472,49.944403729102085,long
194239,194240,win,49.944403729102085,33.29626915273472,49.944403729102085,long
194242,194243,loss,-33.29626915273472,33.29626915273472,49.944403729102085,long
194257,194258,loss,-33.29626915273472,33.29626915273472,49.944403729102085,short
194261,194265,loss,-33.29626915273472,33.29626915273472,49.944403729102085,long
194274,194275,loss,-33.29626915273472,33.29626915273472,49.944403729102085,short
194276,194277,loss,-33.29626915273472,33.29626915273472,49.944403729102085,short
194288,194289,loss,-33.29626915273472,33.29626915273472,49.944403729102085,short
194302,194303,loss,-33.29626915273472,33.29626915273472,49.944403729102085,long
194362,194363,loss,-33.29626915273472,33.29626915273472,49.944403729102085,long
194465,194472,loss,-33.29626915273472,33.29626915273472,49.944403729102085,long
194504,194506,win,49.944403729102085,33.29626915273472,49.944403729102085,short
194507,194509,loss,-33.29626915273472,33.29626915273472,49.944403729102085,short
194511,194521,win,49.944403729102085,33.29626915273472,49.944403729102085,short
194534,194536,loss,-33.29626915273472,33.29626915273472,49.944403729102085,short
194539,194542,loss,-33.29626915273472,33.29626915273472,49.944403729102085,short
194567,194587,loss,-33.29626915273472,33.29626915273472,49.944403729102085,long
194620,194621,loss,-33.29626915273472,33.29626915273472,49.944403729102085,short
194633,194634,loss,-33.29626915273472,33.29626915273472,49.944403729102085,long
194642,194644,loss,-33.29626915273472,33.29626915273472,49.944403729102085,long
194657,194668,loss,-33.29626915273472,33.29626915273472,49.944403729102085,short
194700,194704,win,49.944403729102085,33.29626915273472,49.944403729102085,long
194705,194710,win,49.944403729102085,33.29626915273472,49.944403729102085,long
194712,194713,loss,-33.29626915273472,33.29626915273472,49.944403729102085,long
194722,194725,win,49.944403729102085,33.29626915273472,49.944403729102085,short
194726,194729,loss,-33.29626915273472,33.29626915273472,49.944403729102085,short
194746,194747,loss,-33.29626915273472,33.29626915273472,49.944403729102085,short
194795,194796,win,49.944403729102085,33.29626915273472,49.944403729102085,long
194797,194798,loss,-33.29626915273472,33.29626915273472,49.944403729102085,long
194799,194800,loss,-33.29626915273472,33.29626915273472,49.944403729102085,long
194821,194822,win,49.944403729102085,33.29626915273472,49.944403729102085,long
194823,194824,win,49.944403729102085,33.29626915273472,49.944403729102085,long
194835,194836,loss,-33.29626915273472,33.29626915273472,49.944403729102085,short
194873,194874,loss,-33.29626915273472,33.29626915273472,49.944403729102085,short
194875,194877,win,49.944403729102085,33.29626915273472,49.944403729102085,short
194944,194946,win,49.944403729102085,33.29626915273472,49.944403729102085,long
194947,194949,win,49.944403729102085,33.29626915273472,49.944403729102085,long
194951,194952,loss,-33.29626915273472,33.29626915273472,49.944403729102085,long
195014,195016,loss,-33.29626915273472,33.29626915273472,49.944403729102085,long
195019,195020,win,49.944403729102085,33.29626915273472,49.944403729102085,short
195023,195024,win,49.944403729102085,33.29626915273472,49.944403729102085,short
195034,195037,loss,-33.29626915273472,33.29626915273472,49.944403729102085,long
195038,195044,loss,-33.29626915273472,33.29626915273472,49.944403729102085,long
195133,195136,win,49.944403729102085,33.29626915273472,49.944403729102085,short
195152,195153,loss,-33.29626915273472,33.29626915273472,49.944403729102085,long
195163,195164,win,49.944403729102085,33.29626915273472,49.944403729102085,short
195165,195167,loss,-33.29626915273472,33.29626915273472,49.944403729102085,short
195173,195174,loss,-33.29626915273472,33.29626915273472,49.944403729102085,long
195177,195179,loss,-33.29626915273472,33.29626915273472,49.944403729102085,long
195196,195201,loss,-33.29626915273472,33.29626915273472,49.944403729102085,long
195225,195226,loss,-33.29626915273472,33.29626915273472,49.944403729102085,long
195233,195234,loss,-33.29626915273472,33.29626915273472,49.944403729102085,short
195239,195244,loss,-33.29626915273472,33.29626915273472,49.944403729102085,short
195247,195249,win,49.944403729102085,33.29626915273472,49.944403729102085,long
195253,195263,win,49.944403729102085,33.29626915273472,49.944403729102085,long
195313,195320,loss,-33.29626915273472,33.29626915273472,49.944403729102085,short
195335,195338,win,49.944403729102085,33.29626915273472,49.944403729102085,short
195400,195402,win,49.944403729102085,33.29626915273472,49.944403729102085,long
195403,195415,loss,-33.29626915273472,33.29626915273472,49.944403729102085,long
195453,195467,loss,-33.29626915273472,33.29626915273472,49.944403729102085,long
195469,195474,loss,-33.29626915273472,33.29626915273472,49.944403729102085,short
195490,195504,loss,-33.29626915273472,33.29626915273472,49.944403729102085,short
195522,195532,loss,-33.29626915273472,33.29626915273472,49.944403729102085,long
195565,195569,loss,-33.29626915273472,33.29626915273472,49.944403729102085,long
195596,195608,loss,-33.29626915273472,33.29626915273472,49.944403729102085,long
195616,195627,loss,-33.29626915273472,33.29626915273472,49.944403729102085,short
195640,195641,loss,-33.29626915273472,33.29626915273472,49.944403729102085,long
195646,195647,win,49.944403729102085,33.29626915273472,49.944403729102085,long
195665,195672,loss,-33.29626915273472,33.29626915273472,49.944403729102085,short
195736,195745,loss,-33.29626915273472,33.29626915273472,49.944403729102085,long
195753,195758,win,49.944403729102085,33.29626915273472,49.944403729102085,short
195759,195767,win,49.944403729102085,33.29626915273472,49.944403729102085,short
195778,195779,loss,-33.29626915273472,33.29626915273472,49.944403729102085,long
195791,195795,loss,-33.29626915273472,33.29626915273472,49.944403729102085,long
195801,195803,loss,-33.29626915273472,33.29626915273472,49.944403729102085,short
195848,195849,loss,-33.29626915273472,33.29626915273472,49.944403729102085,short
195862,195865,win,49.944403729102085,33.29626915273472,49.944403729102085,long
195921,195924,win,49.944403729102085,33.29626915273472,49.944403729102085,long
195925,195929,loss,-33.29626915273472,33.29626915273472,49.944403729102085,long
195953,195962,win,49.944403729102085,33.29626915273472,49.944403729102085,short
195963,195967,loss,-33.29626915273472,33.29626915273472,49.944403729102085,short
195988,195995,win,49.944403729102085,33.29626915273472,49.944403729102085,long
196061,196062,loss,-33.29626915273472,33.29626915273472,49.944403729102085,short
196104,196108,win,49.944403729102085,33.29626915273472,49.944403729102085,long
196110,196111,loss,-33.29626915273472,33.29626915273472,49.944403729102085,long
196159,196173,loss,-33.29626915273472,33.29626915273472,49.944403729102085,short
196191,196193,win,49.944403729102085,33.29626915273472,49.944403729102085,long
196194,196195,loss,-33.29626915273472,33.29626915273472,49.944403729102085,long
196200,196201,loss,-33.29626915273472,33.29626915273472,49.944403729102085,short
196205,196224,win,49.944403729102085,33.29626915273472,49.944403729102085,short
196249,196253,loss,-33.29626915273472,33.29626915273472,49.944403729102085,long
196277,196278,loss,-33.29626915273472,33.29626915273472,49.944403729102085,short
196343,196349,loss,-33.29626915273472,33.29626915273472,49.944403729102085,long
196374,196376,loss,-33.29626915273472,33.29626915273472,49.944403729102085,short
196396,196397,loss,-33.29626915273472,33.29626915273472,49.944403729102085,long
196400,196402,win,49.944403729102085,33.29626915273472,49.944403729102085,long
196403,196405,loss,-33.29626915273472,33.29626915273472,49.944403729102085,long
196434,196450,loss,-33.29626915273472,33.29626915273472,49.944403729102085,short
196451,196461,win,49.944403729102085,33.29626915273472,49.944403729102085,long
196463,196464,loss,-33.29626915273472,33.29626915273472,49.944403729102085,long
196476,196478,loss,-33.29626915273472,33.29626915273472,49.944403729102085,short
196532,196533,win,49.944403729102085,33.29626915273472,49.944403729102085,long
196534,196535,loss,-33.29626915273472,33.29626915273472,49.944403729102085,long
196539,196540,loss,-33.29626915273472,33.29626915273472,49.944403729102085,long
196544,196546,loss,-33.29626915273472,33.29626915273472,49.944403729102085,long
196644,196655,loss,-33.29626915273472,33.29626915273472,49.944403729102085,short
196667,196670,loss,-33.29626915273472,33.29626915273472,49.944403729102085,long
196679,196680,loss,-33.29626915273472,33.29626915273472,49.944403729102085,short
196693,196697,win,49.944403729102085,33.29626915273472,49.944403729102085,long
196698,196700,win,49.944403729102085,33.29626915273472,49.944403729102085,long
196701,196706,loss,-33.29626915273472,33.29626915273472,49.944403729102085,long
196743,196745,win,49.944403729102085,33.29626915273472,49.944403729102085,short
196746,196748,loss,-33.29626915273472,33.29626915273472,49.944403729102085,short
196753,196755,win,49.944403729102085,33.29626915273472,49.944403729102085,short
196798,196809,loss,-33.29626915273472,33.29626915273472,49.944403729102085,long
196810,196811,loss,-33.29626915273472,33.29626915273472,49.944403729102085,short
196814,196815,loss,-33.29626915273472,33.29626915273472,49.944403729102085,short
196817,196819,loss,-33.29626915273472,33.29626915273472,49.944403729102085,short
196866,196870,win,49.944403729102085,33.29626915273472,49.944403729102085,long
196871,196876,loss,-33.29626915273472,33.29626915273472,49.944403729102085,long
196936,196944,win,49.944403729102085,33.29626915273472,49.944403729102085,short
196965,196986,loss,-33.29626915273472,33.29626915273472,49.944403729102085,long
197004,197009,win,49.944403729102085,33.29626915273472,49.944403729102085,short
197010,197014,win,49.944403729102085,33.29626915273472,49.944403729102085,short
197037,197044,loss,-33.29626915273472,33.29626915273472,49.944403729102085,long
197081,197082,win,49.944403729102085,33.29626915273472,49.944403729102085,short
197096,197100,win,49.944403729102085,33.29626915273472,49.944403729102085,long
197101,197103,loss,-33.29626915273472,33.29626915273472,49.944403729102085,long
197146,197148,loss,-33.29626915273472,33.29626915273472,49.944403729102085,long
197149,197150,loss,-33.29626915273472,33.29626915273472,49.944403729102085,long
197167,197173,loss,-33.29626915273472,33.29626915273472,49.944403729102085,short
197182,197185,loss,-33.29626915273472,33.29626915273472,49.944403729102085,long
197206,197207,loss,-33.29626915273472,33.29626915273472,49.944403729102085,short
197224,197227,win,49.944403729102085,33.29626915273472,49.944403729102085,short
197228,197229,loss,-33.29626915273472,33.29626915273472,49.944403729102085,short
197232,197235,loss,-33.29626915273472,33.29626915273472,49.944403729102085,short
197274,197276,loss,-33.29626915273472,33.29626915273472,49.944403729102085,long
197277,197280,win,49.944403729102085,33.29626915273472,49.944403729102085,long
197281,197288,loss,-33.29626915273472,33.29626915273472,49.944403729102085,long
197357,197359,loss,-33.29626915273472,33.29626915273472,49.944403729102085,short
197360,197361,loss,-33.29626915273472,33.29626915273472,49.944403729102085,short
197365,197367,loss,-33.29626915273472,33.29626915273472,49.944403729102085,short
197378,197379,win,49.944403729102085,33.29626915273472,49.944403729102085,short
197381,197388,win,49.944403729102085,33.29626915273472,49.944403729102085,short
197389,197393,win,49.944403729102085,33.29626915273472,49.944403729102085,short
197438,197442,loss,-33.29626915273472,33.29626915273472,49.944403729102085,long
197495,197496,win,49.944403729102085,33.29626915273472,49.944403729102085,long
197498,197501,loss,-33.29626915273472,33.29626915273472,49.944403729102085,long
197580,197582,loss,-33.29626915273472,33.29626915273472,49.944403729102085,long
197590,197593,win,49.944403729102085,33.29626915273472,49.944403729102085,long
197615,197616,loss,-33.29626915273472,33.29626915273472,49.944403729102085,short
197617,197619,loss,-33.29626915273472,33.29626915273472,49.944403729102085,short
197637,197638,win,49.944403729102085,33.29626915273472,49.944403729102085,short
197639,197640,win,49.944403729102085,33.29626915273472,49.944403729102085,short
197641,197644,loss,-33.29626915273472,33.29626915273472,49.944403729102085,short
197645,197651,loss,-33.29626915273472,33.29626915273472,49.944403729102085,short
197690,197699,win,49.944403729102085,33.29626915273472,49.944403729102085,long
197724,197732,win,49.944403729102085,33.29626915273472,49.944403729102085,short
197736,197748,win,49.944403729102085,33.29626915273472,49.944403729102085,short
197759,197764,loss,-33.29626915273472,33.29626915273472,49.944403729102085,short
197773,197774,loss,-33.29626915273472,33.29626915273472,49.944403729102085,long
197776,197778,loss,-33.29626915273472,33.29626915273472,49.944403729102085,long
197805,197810,win,49.944403729102085,33.29626915273472,49.944403729102085,long
197842,197844,win,49.944403729102085,33.29626915273472,49.944403729102085,short
197845,197846,loss,-33.29626915273472,33.29626915273472,49.944403729102085,short
197849,197856,win,49.944403729102085,33.29626915273472,49.944403729102085,short
197879,197885,win,49.944403729102085,33.29626915273472,49.944403729102085,long
197886,197887,win,49.944403729102085,33.29626915273472,49.944403729102085,long
197888,197893,win,49.944403729102085,33.29626915273472,49.944403729102085,long
197977,197981,win,49.944403729102085,33.29626915273472,49.944403729102085,short
197985,197999,win,49.944403729102085,33.29626915273472,49.944403729102085,short
198013,198023,loss,-33.29626915273472,33.29626915273472,49.944403729102085,long
198058,198072,win,49.944403729102085,33.29626915273472,49.944403729102085,long
198075,198076,loss,-33.29626915273472,33.29626915273472,49.944403729102085,long
198093,198094,loss,-33.29626915273472,33.29626915273472,49.944403729102085,short
198107,198112,win,49.944403729102085,33.29626915273472,49.944403729102085,long
198128,198138,win,49.944403729102085,33.29626915273472,49.944403729102085,long
198139,198142,loss,-33.29626915273472,33.29626915273472,49.944403729102085,long
198183,198193,win,49.944403729102085,33.29626915273472,49.944403729102085,short
198232,198242,loss,-33.29626915273472,33.29626915273472,49.944403729102085,long
198251,198253,loss,-33.29626915273472,33.29626915273472,49.944403729102085,short
198258,198260,loss,-33.29626915273472,33.29626915273472,49.944403729102085,long
198304,198307,win,49.944403729102085,33.29626915273472,49.944403729102085,long
198310,198314,win,49.944403729102085,33.29626915273472,49.944403729102085,long
198315,198317,loss,-33.29626915273472,33.29626915273472,49.944403729102085,long
198335,198344,loss,-33.29626915273472,33.29626915273472,49.944403729102085,short
198381,198382,loss,-33.29626915273472,33.29626915273472,49.944403729102085,short
198388,198390,loss,-33.29626915273472,33.29626915273472,49.944403729102085,short
198402,198406,win,49.944403729102085,33.29626915273472,49.944403729102085,long
198408,198414,win,49.944403729102085,33.29626915273472,49.944403729102085,long
198415,198417,loss,-33.29626915273472,33.29626915273472,49.944403729102085,long
198450,198459,win,49.944403729102085,33.29626915273472,49.944403729102085,short
198460,198465,loss,-33.29626915273472,33.29626915273472,49.944403729102085,short
198503,198520,win,49.944403729102085,33.29626915273472,49.944403729102085,long
198522,198523,loss,-33.29626915273472,33.29626915273472,49.944403729102085,long
198524,198529,win,49.944403729102085,33.29626915273472,49.944403729102085,long
198544,198555,win,49.944403729102085,33.29626915273472,49.944403729102085,short
198556,198568,win,49.944403729102085,33.29626915273472,49.944403729102085,short
198576,198578,loss,-33.29626915273472,33.29626915273472,49.944403729102085,short
198582,198583,loss,-33.29626915273472,33.29626915273472,49.944403729102085,short
198588,198592,win,49.944403729102085,33.29626915273472,49.944403729102085,short
198597,198604,loss,-33.29626915273472,33.29626915273472,49.944403729102085,short
198607,198624,loss,-33.29626915273472,33.29626915273472,49.944403729102085,long
198704,198713,win,49.944403729102085,33.29626915273472,49.944403729102085,long
198725,198727,loss,-33.29626915273472,33.29626915273472,49.944403729102085,short
198751,198758,loss,-33.29626915273472,33.29626915273472,49.944403729102085,short
198764,198772,win,49.944403729102085,33.29626915273472,49.944403729102085,long
198807,198817,win,49.944403729102085,33.29626915273472,49.944403729102085,short
198818,198822,loss,-33.29626915273472,33.29626915273472,49.944403729102085,short
198832,198845,loss,-33.29626915273472,33.29626915273472,49.944403729102085,long
198922,198923,win,49.944403729102085,33.29626915273472,49.944403729102085,long
198924,198926,loss,-33.29626915273472,33.29626915273472,49.944403729102085,long
198932,198973,win,49.944403729102085,33.29626915273472,49.944403729102085,long
198995,198996,win,49.944403729102085,33.29626915273472,49.944403729102085,long
198997,199024,win,49.944403729102085,33.29626915273472,49.944403729102085,long
199038,199060,win,49.944403729102085,33.29626915273472,49.944403729102085,short
199061,199063,loss,-33.29626915273472,33.29626915273472,49.944403729102085,short
199068,199071,win,49.944403729102085,33.29626915273472,49.944403729102085,short
199089,199125,win,49.944403729102085,33.29626915273472,49.944403729102085,long
199136,199156,win,49.944403729102085,33.29626915273472,49.944403729102085,short
199171,199175,loss,-33.29626915273472,33.29626915273472,49.944403729102085,long
199180,199190,win,49.944403729102085,33.29626915273472,49.944403729102085,long
199228,199264,win,49.944403729102085,33.29626915273472,49.944403729102085,short
199272,199278,loss,-33.29626915273472,33.29626915273472,49.944403729102085,long
199287,199329,win,49.944403729102085,33.29626915273472,49.944403729102085,short
199399,199401,win,49.944403729102085,33.29626915273472,49.944403729102085,short
199405,199406,loss,-33.29626915273472,33.29626915273472,49.944403729102085,short
199408,199409,win,49.944403729102085,33.29626915273472,49.944403729102085,long
199410,199411,win,49.944403729102085,33.29626915273472,49.944403729102085,long
199412,199414,win,49.944403729102085,33.29626915273472,49.944403729102085,long
199415,199425,win,49.944403729102085,33.29626915273472,49.944403729102085,long
199469,199471,win,49.944403729102085,33.29626915273472,49.944403729102085,short
199472,199474,win,49.944403729102085,33.29626915273472,49.944403729102085,short
199477,199478,loss,-33.29626915273472,33.29626915273472,49.944403729102085,short
199494,199496,loss,-33.29626915273472,33.29626915273472,49.944403729102085,short
199508,199527,loss,-33.29626915273472,33.29626915273472,49.944403729102085,long
199570,199573,win,49.944403729102085,33.29626915273472,49.944403729102085,long
199574,199588,win,49.944403729102085,33.29626915273472,49.944403729102085,long
199603,199605,loss,-33.29626915273472,33.29626915273472,49.944403729102085,long
199607,199609,loss,-33.29626915273472,33.29626915273472,49.944403729102085,long
199616,199623,loss,-33.29626915273472,33.29626915273472,49.944403729102085,short
199625,199626,win,49.944403729102085,33.29626915273472,49.944403729102085,long
199627,199628,loss,-33.29626915273472,33.29626915273472,49.944403729102085,long
199669,199671,win,49.944403729102085,33.29626915273472,49.944403729102085,short
199685,199688,win,49.944403729102085,33.29626915273472,49.944403729102085,long
199714,199722,loss,-33.29626915273472,33.29626915273472,49.944403729102085,short
199781,199797,loss,-33.29626915273472,33.29626915273472,49.944403729102085,long
199826,199830,loss,-33.29626915273472,33.29626915273472,49.944403729102085,short
199838,199848,loss,-33.29626915273472,33.29626915273472,49.944403729102085,long
199855,199858,loss,-33.29626915273472,33.29626915273472,49.944403729102085,short
199891,199896,loss,-33.29626915273472,33.29626915273472,49.944403729102085,short
199936,199937,win,49.944403729102085,33.29626915273472,49.944403729102085,long
199938,199939,loss,-33.29626915273472,33.29626915273472,49.944403729102085,long
199942,199944,loss,-33.29626915273472,33.29626915273472,49.944403729102085,long
200007,200008,loss,-33.29626915273472,33.29626915273472,49.944403729102085,short
200014,200016,loss,-33.29626915273472,33.29626915273472,49.944403729102085,long
200017,200019,loss,-33.29626915273472,33.29626915273472,49.944403729102085,long
200027,200031,loss,-33.29626915273472,33.29626915273472,49.944403729102085,short
200102,200109,loss,-33.29626915273472,33.29626915273472,49.944403729102085,long
200113,200130,win,49.944403729102085,33.29626915273472,49.944403729102085,long
200144,200146,win,49.944403729102085,33.29626915273472,49.944403729102085,short
200147,200150,win,49.944403729102085,33.29626915273472,49.944403729102085,short
200151,200196,loss,-33.29626915273472,33.29626915273472,49.944403729102085,short
200198,200208,loss,-33.29626915273472,33.29626915273472,49.944403729102085,long
200258,200265,loss,-33.29626915273472,33.29626915273472,49.944403729102085,long
200272,200277,loss,-33.29626915273472,33.29626915273472,49.944403729102085,short
200278,200283,win,49.944403729102085,33.29626915273472,49.944403729102085,long
200284,200286,loss,-33.29626915273472,33.29626915273472,49.944403729102085,long
200292,200295,loss,-33.29626915273472,33.29626915273472,49.944403729102085,short
200297,200316,loss,-33.29626915273472,33.29626915273472,49.944403729102085,short
200353,200354,loss,-33.29626915273472,33.29626915273472,49.944403729102085,long
200363,200367,loss,-33.29626915273472,33.29626915273472,49.944403729102085,long
200405,200416,win,49.944403729102085,33.29626915273472,49.944403729102085,short
200426,200427,loss,-33.29626915273472,33.29626915273472,49.944403729102085,long
200428,200429,win,49.944403729102085,33.29626915273472,49.944403729102085,long
200430,200432,loss,-33.29626915273472,33.29626915273472,49.944403729102085,long
200478,200494,loss,-33.29626915273472,33.29626915273472,49.944403729102085,short
200538,200540,loss,-33.29626915273472,33.29626915273472,49.944403729102085,short
200544,200549,loss,-33.29626915273472,33.29626915273472,49.944403729102085,short
200553,200554,win,49.944403729102085,33.29626915273472,49.944403729102085,short
200555,200556,win,49.944403729102085,33.29626915273472,49.944403729102085,short
200557,200560,loss,-33.29626915273472,33.29626915273472,49.944403729102085,short
200563,200581,loss,-33.29626915273472,33.29626915273472,49.944403729102085,short
200583,200593,loss,-33.29626915273472,33.29626915273472,49.944403729102085,long
200623,200624,loss,-33.29626915273472,33.29626915273472,49.944403729102085,short
200625,200626,win,49.944403729102085,33.29626915273472,49.944403729102085,short
200627,200638,loss,-33.29626915273472,33.29626915273472,49.944403729102085,short
200644,200659,win,49.944403729102085,33.29626915273472,49.944403729102085,long
200660,200671,loss,-33.29626915273472,33.29626915273472,49.944403729102085,long
200697,200720,loss,-33.29626915273472,33.29626915273472,49.944403729102085,short
200741,200743,loss,-33.29626915273472,33.29626915273472,49.944403729102085,short
200755,200756,loss,-33.29626915273472,33.29626915273472,49.944403729102085,long
200763,200764,loss,-33.29626915273472,33.29626915273472,49.944403729102085,long
200844,200854,loss,-33.29626915273472,33.29626915273472,49.944403729102085,short
200857,200858,loss,-33.29626915273472,33.29626915273472,49.944403729102085,short
200860,200864,loss,-33.29626915273472,33.29626915273472,49.944403729102085,long
200871,200873,win,49.944403729102085,33.29626915273472,49.944403729102085,long
200950,200960,loss,-33.29626915273472,33.29626915273472,49.944403729102085,long
200961,200962,loss,-33.29626915273472,33.29626915273472,49.944403729102085,short
200974,200977,loss,-33.29626915273472,33.29626915273472,49.944403729102085,long
201046,201067,win,49.944403729102085,33.29626915273472,49.944403729102085,long
201100,201101,loss,-33.29626915273472,33.29626915273472,49.944403729102085,long
201124,201136,win,49.944403729102085,33.29626915273472,49.944403729102085,long
201163,201165,loss,-33.29626915273472,33.29626915273472,49.944403729102085,short
201170,201173,win,49.944403729102085,33.29626915273472,49.944403729102085,short
201213,201225,win,49.944403729102085,33.29626915273472,49.944403729102085,long
201228,201231,loss,-33.29626915273472,33.29626915273472,49.944403729102085,long
201293,201297,loss,-33.29626915273472,33.29626915273472,49.944403729102085,long
201315,201324,win,49.944403729102085,33.29626915273472,49.944403729102085,short
201325,201337,win,49.944403729102085,33.29626915273472,49.944403729102085,short
201371,201372,win,49.944403729102085,33.29626915273472,49.944403729102085,long
201373,201374,loss,-33.29626915273472,33.29626915273472,49.944403729102085,long
201375,201378,win,49.944403729102085,33.29626915273472,49.944403729102085,long
201379,201392,win,49.944403729102085,33.29626915273472,49.944403729102085,long
201444,201446,loss,-33.29626915273472,33.29626915273472,49.944403729102085,long
201458,201479,loss,-33.29626915273472,33.29626915273472,49.944403729102085,short
201573,201578,loss,-33.29626915273472,33.29626915273472,49.944403729102085,short
201608,201612,loss,-33.29626915273472,33.29626915273472,49.944403729102085,long
201628,201632,win,49.944403729102085,33.29626915273472,49.944403729102085,long
201634,201639,loss,-33.29626915273472,33.29626915273472,49.944403729102085,long
201645,201648,win,49.944403729102085,33.29626915273472,49.944403729102085,short
201649,201652,loss,-33.29626915273472,33.29626915273472,49.944403729102085,short
201662,201663,win,49.944403729102085,33.29626915273472,49.944403729102085,long
201664,201666,loss,-33.29626915273472,33.29626915273472,49.944403729102085,long
201773,201775,loss,-33.29626915273472,33.29626915273472,49.944403729102085,short
201776,201781,win,49.944403729102085,33.29626915273472,49.944403729102085,short
201782,201786,win,49.944403729102085,33.29626915273472,49.944403729102085,short
201840,201848,loss,-33.29626915273472,33.29626915273472,49.944403729102085,long
201854,201860,loss,-33.29626915273472,33.29626915273472,49.944403729102085,short
201917,201919,loss,-33.29626915273472,33.29626915273472,49.944403729102085,long
201931,201933,win,49.944403729102085,33.29626915273472,49.944403729102085,short
201936,201939,win,49.944403729102085,33.29626915273472,49.944403729102085,short
201940,201944,win,49.944403729102085,33.29626915273472,49.944403729102085,short
202027,202044,win,49.944403729102085,33.29626915273472,49.944403729102085,long
202049,202053,win,49.944403729102085,33.29626915273472,49.944403729102085,long
202071,202111,loss,-33.29626915273472,33.29626915273472,49.944403729102085,long
202112,202124,win,49.944403729102085,33.29626915273472,49.944403729102085,short
202125,202127,loss,-33.29626915273472,33.29626915273472,49.944403729102085,short
202140,202147,loss,-33.29626915273472,33.29626915273472,49.944403729102085,long
202193,202196,win,49.944403729102085,33.29626915273472,49.944403729102085,long
202197,202227,loss,-33.29626915273472,33.29626915273472,49.944403729102085,long
202228,202231,loss,-33.29626915273472,33.29626915273472,49.944403729102085,short
202234,202246,loss,-33.29626915273472,33.29626915273472,49.944403729102085,short
202304,202319,loss,-33.29626915273472,33.29626915273472,49.944403729102085,short
202328,202329,loss,-33.29626915273472,33.29626915273472,49.944403729102085,long
202348,202354,loss,-33.29626915273472,33.29626915273472,49.944403729102085,short
202397,202401,win,49.944403729102085,33.29626915273472,49.944403729102085,long
202410,202441,loss,-33.29626915273472,33.29626915273472,49.944403729102085,short
202469,202471,loss,-33.29626915273472,33.29626915273472,49.944403729102085,long
202478,202506,loss,-33.29626915273472,33.29626915273472,49.944403729102085,long
202518,202521,win,49.944403729102085,33.29626915273472,49.944403729102085,short
202523,202525,win,49.944403729102085,33.29626915273472,49.944403729102085,short
202526,202532,loss,-33.29626915273472,33.29626915273472,49.944403729102085,short
202540,202587,loss,-33.29626915273472,33.29626915273472,49.944403729102085,long
202588,202596,loss,-33.29626915273472,33.29626915273472,49.944403729102085,short
202646,202654,loss,-33.29626915273472,33.29626915273472,49.944403729102085,long
202663,202666,win,49.944403729102085,33.29626915273472,49.944403729102085,short
202667,202671,loss,-33.29626915273472,33.29626915273472,49.944403729102085,short
202673,202674,loss,-33.29626915273472,33.29626915273472,49.944403729102085,short
202678,202687,loss,-33.29626915273472,33.29626915273472,49.944403729102085,short
202732,202739,loss,-33.29626915273472,33.29626915273472,49.944403729102085,long
202747,202750,win,49.944403729102085,33.29626915273472,49.944403729102085,short
202751,202783,win,49.944403729102085,33.29626915273472,49.944403729102085,short
202809,202812,loss,-33.29626915273472,33.29626915273472,49.944403729102085,long
202859,202863,win,49.944403729102085,33.29626915273472,49.944403729102085,short
202877,202878,loss,-33.29626915273472,33.29626915273472,49.944403729102085,long
202879,202880,loss,-33.29626915273472,33.29626915273472,49.944403729102085,long
202889,202931,win,49.944403729102085,33.29626915273472,49.944403729102085,long
202943,202944,loss,-33.29626915273472,33.29626915273472,49.944403729102085,short
202945,202947,loss,-33.29626915273472,33.29626915273472,49.944403729102085,short
202948,202949,loss,-33.29626915273472,33.29626915273472,49.944403729102085,long
202950,202958,loss,-33.29626915273472,33.29626915273472,49.944403729102085,long
203013,203017,loss,-33.29626915273472,33.29626915273472,49.944403729102085,short
203020,203024,loss,-33.29626915273472,33.29626915273472,49.944403729102085,long
203081,203083,loss,-33.29626915273472,33.29626915273472,49.944403729102085,short
203084,203095,loss,-33.29626915273472,33.29626915273472,49.944403729102085,short
203132,203134,loss,-33.29626915273472,33.29626915273472,49.944403729102085,long
203146,203150,loss,-33.29626915273472,33.29626915273472,49.944403729102085,short
203158,203167,loss,-33.29626915273472,33.29626915273472,49.944403729102085,short
203168,203182,win,49.944403729102085,33.29626915273472,49.944403729102085,short
203210,203216,win,49.944403729102085,33.29626915273472,49.944403729102085,long
203217,203220,win,49.944403729102085,33.29626915273472,49.944403729102085,long
203221,203222,loss,-33.29626915273472,33.29626915273472,49.944403729102085,long
203287,203290,win,49.944403729102085,33.29626915273472,49.944403729102085,short
203291,203341,win,49.944403729102085,33.29626915273472,49.944403729102085,short
203344,203358,loss,-33.29626915273472,33.29626915273472,49.944403729102085,short
203359,203360,win,49.944403729102085,33.29626915273472,49.944403729102085,long
203361,203362,loss,-33.29626915273472,33.29626915273472,49.944403729102085,long
203363,203367,loss,-33.29626915273472,33.29626915273472,49.944403729102085,long
203381,203387,win,49.944403729102085,33.29626915273472,49.944403729102085,short
203392,203403,loss,-33.29626915273472,33.29626915273472,49.944403729102085,short
203429,203431,loss,-33.29626915273472,33.29626915273472,49.944403729102085,short
203444,203472,win,49.944403729102085,33.29626915273472,49.944403729102085,long
203492,203493,loss,-33.29626915273472,33.29626915273472,49.944403729102085,long
203495,203499,win,49.944403729102085,33.29626915273472,49.944403729102085,long
203500,203507,loss,-33.29626915273472,33.29626915273472,49.944403729102085,long
203508,203510,loss,-33.29626915273472,33.29626915273472,49.944403729102085,short
203512,203551,loss,-33.29626915273472,33.29626915273472,49.944403729102085,short
203575,203580,loss,-33.29626915273472,33.29626915273472,49.944403729102085,short
203583,203585,win,49.944403729102085,33.29626915273472,49.944403729102085,long
203586,203587,loss,-33.29626915273472,33.29626915273472,49.944403729102085,long
203600,203610,win,49.944403729102085,33.29626915273472,49.944403729102085,short
203629,203654,win,49.944403729102085,33.29626915273472,49.944403729102085,short
203661,203673,loss,-33.29626915273472,33.29626915273472,49.944403729102085,short
203676,203691,loss,-33.29626915273472,33.29626915273472,49.944403729102085,long
203701,203704,win,49.944403729102085,33.29626915273472,49.944403729102085,long
203705,203729,loss,-33.29626915273472,33.29626915273472,49.944403729102085,long
203761,203763,loss,-33.29626915273472,33.29626915273472,49.944403729102085,short
203764,203774,loss,-33.29626915273472,33.29626915273472,49.944403729102085,short
203795,203803,win,49.944403729102085,33.29626915273472,49.944403729102085,long
203813,203826,loss,-33.29626915273472,33.29626915273472,49.944403729102085,long
203829,203831,win,49.944403729102085,33.29626915273472,49.944403729102085,short
203832,203833,loss,-33.29626915273472,33.29626915273472,49.944403729102085,short
203878,203891,win,49.944403729102085,33.29626915273472,49.944403729102085,long
203919,203955,loss,-33.29626915273472,33.29626915273472,49.944403729102085,short
203963,203964,win,49.944403729102085,33.29626915273472,49.944403729102085,short
203965,203966,loss,-33.29626915273472,33.29626915273472,49.944403729102085,short
203973,203976,loss,-33.29626915273472,33.29626915273472,49.944403729102085,short
204010,204017,loss,-33.29626915273472,33.29626915273472,49.944403729102085,long
204020,204030,loss,-33.29626915273472,33.29626915273472,49.944403729102085,long
204047,204052,win,49.944403729102085,33.29626915273472,49.944403729102085,short
204053,204057,loss,-33.29626915273472,33.29626915273472,49.944403729102085,short
204078,204094,loss,-33.29626915273472,33.29626915273472,49.944403729102085,short
204106,204107,loss,-33.29626915273472,33.29626915273472,49.944403729102085,long
204108,204112,win,49.944403729102085,33.29626915273472,49.944403729102085,short
204119,204136,loss,-33.29626915273472,33.29626915273472,49.944403729102085,short
204166,204170,loss,-33.29626915273472,33.29626915273472,49.944403729102085,long
204175,204176,win,49.944403729102085,33.29626915273472,49.944403729102085,long
204177,204180,loss,-33.29626915273472,33.29626915273472,49.944403729102085,long
204208,204217,win,49.944403729102085,33.29626915273472,49.944403729102085,short
204283,204290,loss,-33.29626915273472,33.29626915273472,49.944403729102085,short
204292,204308,win,49.944403729102085,33.29626915273472,49.944403729102085,short
204337,204350,loss,-33.29626915273472,33.29626915273472,49.944403729102085,long
204355,204356,win,49.944403729102085,33.29626915273472,49.944403729102085,long
204364,204379,loss,-33.29626915273472,33.29626915273472,49.944403729102085,long
204381,204391,win,49.944403729102085,33.29626915273472,49.944403729102085,short
204393,204394,loss,-33.29626915273472,33.29626915273472,49.944403729102085,long
204406,204409,win,49.944403729102085,33.29626915273472,49.944403729102085,short
204503,204504,loss,-33.29626915273472,33.29626915273472,49.944403729102085,short
204505,204507,win,49.944403729102085,33.29626915273472,49.944403729102085,short
204508,204509,loss,-33.29626915273472,33.29626915273472,49.944403729102085,short
204521,204527,loss,-33.29626915273472,33.29626915273472,49.944403729102085,long
204569,204571,loss,-33.29626915273472,33.29626915273472,49.944403729102085,long
204610,204627,win,49.944403729102085,33.29626915273472,49.944403729102085,long
204661,204666,loss,-33.29626915273472,33.29626915273472,49.944403729102085,short
204710,204713,loss,-33.29626915273472,33.29626915273472,49.944403729102085,long
204715,204716,win,49.944403729102085,33.29626915273472,49.944403729102085,long
204718,204719,win,49.944403729102085,33.29626915273472,49.944403729102085,long
204720,204724,win,49.944403729102085,33.29626915273472,49.944403729102085,long
204765,204768,loss,-33.29626915273472,33.29626915273472,49.944403729102085,short
204795,204816,win,49.944403729102085,33.29626915273472,49.944403729102085,long
204851,204854,loss,-33.29626915273472,33.29626915273472,49.944403729102085,short
204873,204886,loss,-33.29626915273472,33.29626915273472,49.944403729102085,short
204888,204890,loss,-33.29626915273472,33.29626915273472,49.944403729102085,long
204925,204926,win,49.944403729102085,33.29626915273472,49.944403729102085,long
204927,204928,win,49.944403729102085,33.29626915273472,49.944403729102085,long
204931,204932,loss,-33.29626915273472,33.29626915273472,49.944403729102085,long
204935,204942,win,49.944403729102085,33.29626915273472,49.944403729102085,long
204962,204969,loss,-33.29626915273472,33.29626915273472,49.944403729102085,short
204986,204988,loss,-33.29626915273472,33.29626915273472,49.944403729102085,short
204998,205003,loss,-33.29626915273472,33.29626915273472,49.944403729102085,long
205028,205040,loss,-33.29626915273472,33.29626915273472,49.944403729102085,short
205050,205052,loss,-33.29626915273472,33.29626915273472,49.944403729102085,short
205055,205058,loss,-33.29626915273472,33.29626915273472,49.944403729102085,short
205077,205090,win,49.944403729102085,33.29626915273472,49.944403729102085,long
205120,205127,loss,-33.29626915273472,33.29626915273472,49.944403729102085,short
205190,205196,loss,-33.29626915273472,33.29626915273472,49.944403729102085,short
205197,205198,loss,-33.29626915273472,33.29626915273472,49.944403729102085,short
205201,205203,loss,-33.29626915273472,33.29626915273472,49.944403729102085,short
205211,205215,loss,-33.29626915273472,33.29626915273472,49.944403729102085,long
205269,205278,loss,-33.29626915273472,33.29626915273472,49.944403729102085,short
205284,205300,loss,-33.29626915273472,33.29626915273472,49.944403729102085,long
205329,205334,loss,-33.29626915273472,33.29626915273472,49.944403729102085,long
205340,205343,win,49.944403729102085,33.29626915273472,49.944403729102085,long
205354,205363,win,49.944403729102085,33.29626915273472,49.944403729102085,short
205383,205385,loss,-33.29626915273472,33.29626915273472,49.944403729102085,long
205432,205451,win,49.944403729102085,33.29626915273472,49.944403729102085,short
205466,205468,loss,-33.29626915273472,33.29626915273472,49.944403729102085,long
205469,205470,win,49.944403729102085,33.29626915273472,49.944403729102085,short
205471,205472,loss,-33.29626915273472,33.29626915273472,49.944403729102085,short
205473,205477,loss,-33.29626915273472,33.29626915273472,49.944403729102085,short
205484,205487,loss,-33.29626915273472,33.29626915273472,49.944403729102085,long
205572,205579,loss,-33.29626915273472,33.29626915273472,49.944403729102085,long
205618,205620,win,49.944403729102085,33.29626915273472,49.944403729102085,short
205621,205648,loss,-33.29626915273472,33.29626915273472,49.944403729102085,short
205650,205654,loss,-33.29626915273472,33.29626915273472,49.944403729102085,long
205723,205725,win,49.944403729102085,33.29626915273472,49.944403729102085,short
205726,205728,loss,-33.29626915273472,33.29626915273472,49.944403729102085,short
205768,205774,loss,-33.29626915273472,33.29626915273472,49.944403729102085,long
205786,205803,win,49.944403729102085,33.29626915273472,49.944403729102085,long
205830,205853,win,49.944403729102085,33.29626915273472,49.944403729102085,short
205875,205879,loss,-33.29626915273472,33.29626915273472,49.944403729102085,long
205881,205883,win,49.944403729102085,33.29626915273472,49.944403729102085,long
205884,205886,loss,-33.29626915273472,33.29626915273472,49.944403729102085,long
205890,205892,loss,-33.29626915273472,33.29626915273472,49.944403729102085,long
205893,205901,win,49.944403729102085,33.29626915273472,49.944403729102085,long
205921,205930,win,49.944403729102085,33.29626915273472,49.944403729102085,short
205994,206004,win,49.944403729102085,33.29626915273472,49.944403729102085,short
206005,206017,loss,-33.29626915273472,33.29626915273472,49.944403729102085,short
206018,206019,win,49.944403729102085,33.29626915273472,49.944403729102085,long
206020,206021,loss,-33.29626915273472,33.29626915273472,49.944403729102085,long
206085,206087,loss,-33.29626915273472,33.29626915273472,49.944403729102085,short
206147,206153,win,49.944403729102085,33.29626915273472,49.944403729102085,short
206205,206206,win,49.944403729102085,33.29626915273472,49.944403729102085,short
206207,206210,win,49.944403729102085,33.29626915273472,49.944403729102085,short
206212,206219,loss,-33.29626915273472,33.29626915273472,49.944403729102085,short
206324,206338,win,49.944403729102085,33.29626915273472,49.944403729102085,long
206340,206342,loss,-33.29626915273472,33.29626915273472,49.944403729102085,long
206357,206361,loss,-33.29626915273472,33.29626915273472,49.944403729102085,long
206365,206368,loss,-33.29626915273472,33.29626915273472,49.944403729102085,short
206432,206443,loss,-33.29626915273472,33.29626915273472,49.944403729102085,short
206444,206445,loss,-33.29626915273472,33.29626915273472,49.944403729102085,long
206454,206460,loss,-33.29626915273472,33.29626915273472,49.944403729102085,short
206502,206503,loss,-33.29626915273472,33.29626915273472,49.944403729102085,long
206540,206542,win,49.944403729102085,33.29626915273472,49.944403729102085,long
206544,206555,win,49.944403729102085,33.29626915273472,49.944403729102085,long
206556,206558,loss,-33.29626915273472,33.29626915273472,49.944403729102085,short
206570,206573,loss,-33.29626915273472,33.29626915273472,49.944403729102085,long
206590,206597,win,49.944403729102085,33.29626915273472,49.944403729102085,short
206599,206604,loss,-33.29626915273472,33.29626915273472,49.944403729102085,short
206677,206696,loss,-33.29626915273472,33.29626915273472,49.944403729102085,short
206702,206706,win,49.944403729102085,33.29626915273472,49.944403729102085,long
206707,206708,loss,-33.29626915273472,33.29626915273472,49.944403729102085,long
206709,206720,loss,-33.29626915273472,33.29626915273472,49.944403729102085,long
206725,206735,win,49.944403729102085,33.29626915273472,49.944403729102085,short
206769,206773,loss,-33.29626915273472,33.29626915273472,49.944403729102085,short
206789,206791,loss,-33.29626915273472,33.29626915273472,49.944403729102085,short
206840,206841,loss,-33.29626915273472,33.29626915273472,49.944403729102085,long
206842,206844,win,49.944403729102085,33.29626915273472,49.944403729102085,long
206845,206846,win,49.944403729102085,33.29626915273472,49.944403729102085,long
206847,206848,loss,-33.29626915273472,33.29626915273472,49.944403729102085,long
206873,206876,loss,-33.29626915273472,33.29626915273472,49.944403729102085,short
206905,206907,loss,-33.29626915273472,33.29626915273472,49.944403729102085,short
206909,206913,win,49.944403729102085,33.29626915273472,49.944403729102085,short
206979,206980,win,49.944403729102085,33.29626915273472,49.944403729102085,long
207041,207044,loss,-33.29626915273472,33.29626915273472,49.944403729102085,short
207058,207059,loss,-33.29626915273472,33.29626915273472,49.944403729102085,short
207062,207064,win,49.944403729102085,33.29626915273472,49.944403729102085,long
207065,207076,loss,-33.29626915273472,33.29626915273472,49.944403729102085,long
207151,207162,loss,-33.29626915273472,33.29626915273472,49.944403729102085,short
207166,207169,loss,-33.29626915273472,33.29626915273472,49.944403729102085,long
207223,207238,loss,-33.29626915273472,33.29626915273472,49.944403729102085,long
207253,207254,win,49.944403729102085,33.29626915273472,49.944403729102085,short
207255,207258,loss,-33.29626915273472,33.29626915273472,49.944403729102085,short
207265,207280,win,49.944403729102085,33.29626915273472,49.944403729102085,short
207317,207322,loss,-33.29626915273472,33.29626915273472,49.944403729102085,long
207357,207365,loss,-33.29626915273472,33.29626915273472,49.944403729102085,long
207394,207427,win,49.944403729102085,33.29626915273472,49.944403729102085,short
207428,207435,loss,-33.29626915273472,33.29626915273472,49.944403729102085,short
207441,207442,loss,-33.29626915273472,33.29626915273472,49.944403729102085,long
207455,207456,win,49.944403729102085,33.29626915273472,49.944403729102085,short
207469,207472,win,49.944403729102085,33.29626915273472,49.944403729102085,long
207528,207554,loss,-33.29626915273472,33.29626915273472,49.944403729102085,short
207558,207562,loss,-33.29626915273472,33.29626915273472,49.944403729102085,long
207565,207583,win,49.944403729102085,33.29626915273472,49.944403729102085,short
207595,207600,loss,-33.29626915273472,33.29626915273472,49.944403729102085,long
207612,207621,loss,-33.29626915273472,33.29626915273472,49.944403729102085,short
207633,207636,loss,-33.29626915273472,33.29626915273472,49.944403729102085,long
207646,207649,win,49.944403729102085,33.29626915273472,49.944403729102085,short
207650,207652,loss,-33.29626915273472,33.29626915273472,49.944403729102085,short
207720,207752,loss,-33.29626915273472,33.29626915273472,49.944403729102085,short
207753,207767,win,49.944403729102085,33.29626915273472,49.944403729102085,long
207768,207780,loss,-33.29626915273472,33.29626915273472,49.944403729102085,long
207785,207795,loss,-33.29626915273472,33.29626915273472,49.944403729102085,short
207799,207808,win,49.944403729102085,33.29626915273472,49.944403729102085,long
207809,207815,loss,-33.29626915273472,33.29626915273472,49.944403729102085,long
207918,207919,win,49.944403729102085,33.29626915273472,49.944403729102085,short
207933,207944,win,49.944403729102085,33.29626915273472,49.944403729102085,long
207989,207991,loss,-33.29626915273472,33.29626915273472,49.944403729102085,short
207993,207998,win,49.944403729102085,33.29626915273472,49.944403729102085,short
208017,208029,loss,-33.29626915273472,33.29626915273472,49.944403729102085,long
208064,208088,loss,-33.29626915273472,33.29626915273472,49.944403729102085,short
208125,208127,loss,-33.29626915273472,33.29626915273472,49.944403729102085,long
208138,208154,loss,-33.29626915273472,33.29626915273472,49.944403729102085,long
208155,208170,loss,-33.29626915273472,33.29626915273472,49.944403729102085,short
208197,208199,loss,-33.29626915273472,33.29626915273472,49.944403729102085,long
208225,208244,loss,-33.29626915273472,33.29626915273472,49.944403729102085,long
208246,208250,loss,-33.29626915273472,33.29626915273472,49.944403729102085,short
208257,208260,loss,-33.29626915273472,33.29626915273472,49.944403729102085,long
208268,208269,loss,-33.29626915273472,33.29626915273472,49.944403729102085,short
208292,208313,loss,-33.29626915273472,33.29626915273472,49.944403729102085,short
208334,208363,loss,-33.29626915273472,33.29626915273472,49.944403729102085,short
208381,208395,win,49.944403729102085,33.29626915273472,49.944403729102085,long
208396,208397,win,49.944403729102085,33.29626915273472,49.944403729102085,long
208398,208399,win,49.944403729102085,33.29626915273472,49.944403729102085,long
208411,208459,win,49.944403729102085,33.29626915273472,49.944403729102085,short
208473,208479,loss,-33.29626915273472,33.29626915273472,49.944403729102085,long
208481,208482,win,49.944403729102085,33.29626915273472,49.944403729102085,short
208495,208496,loss,-33.29626915273472,33.29626915273472,49.944403729102085,long
208518,208521,loss,-33.29626915273472,33.29626915273472,49.944403729102085,short
208537,208538,loss,-33.29626915273472,33.29626915273472,49.944403729102085,long
208600,208606,win,49.944403729102085,33.29626915273472,49.944403729102085,long
208607,208608,loss,-33.29626915273472,33.29626915273472,49.944403729102085,long
208649,208652,loss,-33.29626915273472,33.29626915273472,49.944403729102085,short
208667,208675,win,49.944403729102085,33.29626915273472,49.944403729102085,short
208676,208681,loss,-33.29626915273472,33.29626915273472,49.944403729102085,short
208706,208713,loss,-33.29626915273472,33.29626915273472,49.944403729102085,long
208718,208723,win,49.944403729102085,33.29626915273472,49.944403729102085,long
208724,208726,win,49.944403729102085,33.29626915273472,49.944403729102085,long
208727,208735,loss,-33.29626915273472,33.29626915273472,49.944403729102085,long
208749,208751,loss,-33.29626915273472,33.29626915273472,49.944403729102085,long
208812,208813,loss,-33.29626915273472,33.29626915273472,49.944403729102085,long
208825,208837,loss,-33.29626915273472,33.29626915273472,49.944403729102085,short
208876,208878,win,49.944403729102085,33.29626915273472,49.944403729102085,short
208879,208880,win,49.944403729102085,33.29626915273472,49.944403729102085,short
208881,208889,win,49.944403729102085,33.29626915273472,49.944403729102085,short
208903,208933,win,49.944403729102085,33.29626915273472,49.944403729102085,long
208965,208967,loss,-33.29626915273472,33.29626915273472,49.944403729102085,short
208968,208998,win,49.944403729102085,33.29626915273472,49.944403729102085,long
209016,209017,loss,-33.29626915273472,33.29626915273472,49.944403729102085,long
209030,209060,win,49.944403729102085,33.29626915273472,49.944403729102085,short
209153,209154,loss,-33.29626915273472,33.29626915273472,49.944403729102085,long
209159,209169,loss,-33.29626915273472,33.29626915273472,49.944403729102085,long
209200,209211,loss,-33.29626915273472,33.29626915273472,49.944403729102085,short
209219,209222,loss,-33.29626915273472,33.29626915273472,49.944403729102085,long
209240,209241,win,49.944403729102085,33.29626915273472,49.944403729102085,long
209246,209248,loss,-33.29626915273472,33.29626915273472,49.944403729102085,long
209252,209262,win,49.944403729102085,33.29626915273472,49.944403729102085,long
209270,209271,loss,-33.29626915273472,33.29626915273472,49.944403729102085,short
209276,209283,loss,-33.29626915273472,33.29626915273472,49.944403729102085,short
209302,209317,loss,-33.29626915273472,33.29626915273472,49.944403729102085,short
209335,209337,win,49.944403729102085,33.29626915273472,49.944403729102085,long
209338,209350,loss,-33.29626915273472,33.29626915273472,49.944403729102085,long
209367,209370,win,49.944403729102085,33.29626915273472,49.944403729102085,short
209423,209427,win,49.944403729102085,33.29626915273472,49.944403729102085,short
209428,209430,loss,-33.29626915273472,33.29626915273472,49.944403729102085,short
209458,209479,loss,-33.29626915273472,33.29626915273472,49.944403729102085,long
209492,209493,loss,-33.29626915273472,33.29626915273472,49.944403729102085,long
209496,209497,loss,-33.29626915273472,33.29626915273472,49.944403729102085,long
209498,209507,win,49.944403729102085,33.29626915273472,49.944403729102085,long
209540,209558,loss,-33.29626915273472,33.29626915273472,49.944403729102085,short
209575,209587,win,49.944403729102085,33.29626915273472,49.944403729102085,short
209660,209662,loss,-33.29626915273472,33.29626915273472,49.944403729102085,short
209671,209676,loss,-33.29626915273472,33.29626915273472,49.944403729102085,long
209691,209696,loss,-33.29626915273472,33.29626915273472,49.944403729102085,short
209697,209699,win,49.944403729102085,33.29626915273472,49.944403729102085,short
209700,209703,win,49.944403729102085,33.29626915273472,49.944403729102085,short
209764,209765,loss,-33.29626915273472,33.29626915273472,49.944403729102085,short
209769,209772,loss,-33.29626915273472,33.29626915273472,49.944403729102085,short
209778,209779,loss,-33.29626915273472,33.29626915273472,49.944403729102085,long
209819,209827,loss,-33.29626915273472,33.29626915273472,49.944403729102085,long
209844,209848,win,49.944403729102085,33.29626915273472,49.944403729102085,long
209881,209885,win,49.944403729102085,33.29626915273472,49.944403729102085,short
209958,209960,loss,-33.29626915273472,33.29626915273472,49.944403729102085,long
209964,209965,loss,-33.29626915273472,33.29626915273472,49.944403729102085,long
209967,209974,loss,-33.29626915273472,33.29626915273472,49.944403729102085,long
210001,210010,loss,-33.29626915273472,33.29626915273472,49.944403729102085,short
210015,210016,loss,-33.29626915273472,33.29626915273472,49.944403729102085,long
210017,210027,win,49.944403729102085,33.29626915273472,49.944403729102085,long
210043,210059,loss,-33.29626915273472,33.29626915273472,49.944403729102085,short
210105,210116,win,49.944403729102085,33.29626915273472,49.944403729102085,long
210120,210121,loss,-33.29626915273472,33.29626915273472,49.944403729102085,long
210122,210132,loss,-33.29626915273472,33.29626915273472,49.944403729102085,long
210143,210146,loss,-33.29626915273472,33.29626915273472,49.944403729102085,short
210167,210171,win,49.944403729102085,33.29626915273472,49.944403729102085,short
210214,210221,loss,-33.29626915273472,33.29626915273472,49.944403729102085,short
210227,210235,loss,-33.29626915273472,33.29626915273472,49.944403729102085,long
210239,210240,win,49.944403729102085,33.29626915273472,49.944403729102085,short
210251,210268,win,49.944403729102085,33.29626915273472,49.944403729102085,long
210305,210306,win,49.944403729102085,33.29626915273472,49.944403729102085,short
210308,210309,loss,-33.29626915273472,33.29626915273472,49.944403729102085,short
210323,210342,loss,-33.29626915273472,33.29626915273472,49.944403729102085,long
210347,210352,loss,-33.29626915273472,33.29626915273472,49.944403729102085,short
210383,210388,win,49.944403729102085,33.29626915273472,49.944403729102085,long
210429,210436,win,49.944403729102085,33.29626915273472,49.944403729102085,short
210451,210453,loss,-33.29626915273472,33.29626915273472,49.944403729102085,short
210465,210473,win,49.944403729102085,33.29626915273472,49.944403729102085,long
210518,210519,loss,-33.29626915273472,33.29626915273472,49.944403729102085,short
210529,210533,loss,-33.29626915273472,33.29626915273472,49.944403729102085,long
210625,210630,win,49.944403729102085,33.29626915273472,49.944403729102085,short
210631,210640,win,49.944403729102085,33.29626915273472,49.944403729102085,short
210644,210646,win,49.944403729102085,33.29626915273472,49.944403729102085,long
210647,210650,win,49.944403729102085,33.29626915273472,49.944403729102085,long
210653,210681,loss,-33.29626915273472,33.29626915273472,49.944403729102085,long
210725,210730,loss,-33.29626915273472,33.29626915273472,49.944403729102085,short
210732,210733,loss,-33.29626915273472,33.29626915273472,49.944403729102085,short
210734,210735,loss,-33.29626915273472,33.29626915273472,49.944403729102085,long
210736,210741,win,49.944403729102085,33.29626915273472,49.944403729102085,long
210742,210765,win,49.944403729102085,33.29626915273472,49.944403729102085,long
210785,210788,win,49.944403729102085,33.29626915273472,49.944403729102085,short
210789,210793,win,49.944403729102085,33.29626915273472,49.944403729102085,short
210794,210797,win,49.944403729102085,33.29626915273472,49.944403729102085,short
210854,210855,win,49.944403729102085,33.29626915273472,49.944403729102085,short
210858,210860,win,49.944403729102085,33.29626915273472,49.944403729102085,short
210861,210865,win,49.944403729102085,33.29626915273472,49.944403729102085,short
210879,210881,win,49.944403729102085,33.29626915273472,49.944403729102085,long
210883,210890,win,49.944403729102085,33.29626915273472,49.944403729102085,long
210953,210981,loss,-33.29626915273472,33.29626915273472,49.944403729102085,long
210982,210984,loss,-33.29626915273472,33.29626915273472,49.944403729102085,short
210995,210996,loss,-33.29626915273472,33.29626915273472,49.944403729102085,long
210997,210999,loss,-33.29626915273472,33.29626915273472,49.944403729102085,long
211001,211002,loss,-33.29626915273472,33.29626915273472,49.944403729102085,long
211057,211059,loss,-33.29626915273472,33.29626915273472,49.944403729102085,short
211061,211065,loss,-33.29626915273472,33.29626915273472,49.944403729102085,short
211126,211127,loss,-33.29626915273472,33.29626915273472,49.944403729102085,short
211128,211129,loss,-33.29626915273472,33.29626915273472,49.944403729102085,long
211132,211134,win,49.944403729102085,33.29626915273472,49.944403729102085,short
211138,211144,win,49.944403729102085,33.29626915273472,49.944403729102085,short
211179,211182,loss,-33.29626915273472,33.29626915273472,49.944403729102085,long
211241,211248,loss,-33.29626915273472,33.29626915273472,49.944403729102085,long
211261,211271,win,49.944403729102085,33.29626915273472,49.944403729102085,short
211272,211291,loss,-33.29626915273472,33.29626915273472,49.944403729102085,short
211310,211311,loss,-33.29626915273472,33.29626915273472,49.944403729102085,long
211324,211327,loss,-33.29626915273472,33.29626915273472,49.944403729102085,short
211333,211334,loss,-33.29626915273472,33.29626915273472,49.944403729102085,short
211347,211362,win,49.944403729102085,33.29626915273472,49.944403729102085,long
211413,211432,win,49.944403729102085,33.29626915273472,49.944403729102085,long
211433,211444,loss,-33.29626915273472,33.29626915273472,49.944403729102085,long
211457,211459,loss,-33.29626915273472,33.29626915273472,49.944403729102085,short
211469,211470,loss,-33.29626915273472,33.29626915273472,49.944403729102085,short
211473,211474,loss,-33.29626915273472,33.29626915273472,49.944403729102085,short
211482,211489,loss,-33.29626915273472,33.29626915273472,49.944403729102085,long
211496,211502,win,49.944403729102085,33.29626915273472,49.944403729102085,short
211503,211511,win,49.944403729102085,33.29626915273472,49.944403729102085,short
211543,211544,loss,-33.29626915273472,33.29626915273472,49.944403729102085,long
211554,211561,loss,-33.29626915273472,33.29626915273472,49.944403729102085,long
211618,211647,win,49.944403729102085,33.29626915273472,49.944403729102085,short
211664,211668,win,49.944403729102085,33.29626915273472,49.944403729102085,long
211672,211673,loss,-33.29626915273472,33.29626915273472,49.944403729102085,long
211682,211686,loss,-33.29626915273472,33.29626915273472,49.944403729102085,short
211718,211719,loss,-33.29626915273472,33.29626915273472,49.944403729102085,long
211730,211733,loss,-33.29626915273472,33.29626915273472,49.944403729102085,long
211736,211739,loss,-33.29626915273472,33.29626915273472,49.944403729102085,long
211745,211751,win,49.944403729102085,33.29626915273472,49.944403729102085,short
211754,211772,loss,-33.29626915273472,33.29626915273472,49.944403729102085,short
211841,211854,loss,-33.29626915273472,33.29626915273472,49.944403729102085,long
211871,211872,win,49.944403729102085,33.29626915273472,49.944403729102085,short
211873,211876,win,49.944403729102085,33.29626915273472,49.944403729102085,short
211877,211909,win,49.944403729102085,33.29626915273472,49.944403729102085,short
211923,211925,loss,-33.29626915273472,33.29626915273472,49.944403729102085,long
211939,211989,loss,-33.29626915273472,33.29626915273472,49.944403729102085,long
211991,211993,loss,-33.29626915273472,33.29626915273472,49.944403729102085,short
212009,212012,win,49.944403729102085,33.29626915273472,49.944403729102085,long
212013,212019,win,49.944403729102085,33.29626915273472,49.944403729102085,long
212021,212035,loss,-33.29626915273472,33.29626915273472,49.944403729102085,long
212110,212139,loss,-33.29626915273472,33.29626915273472,49.944403729102085,short
212140,212142,loss,-33.29626915273472,33.29626915273472,49.944403729102085,long
212173,212194,win,49.944403729102085,33.29626915273472,49.944403729102085,long
212201,212217,loss,-33.29626915273472,33.29626915273472,49.944403729102085,long
212219,212220,loss,-33.29626915273472,33.29626915273472,49.944403729102085,short
212233,212272,loss,-33.29626915273472,33.29626915273472,49.944403729102085,long
212273,212278,loss,-33.29626915273472,33.29626915273472,49.944403729102085,short
212325,212330,loss,-33.29626915273472,33.29626915273472,49.944403729102085,long
212345,212349,win,49.944403729102085,33.29626915273472,49.944403729102085,short
212351,212354,win,49.944403729102085,33.29626915273472,49.944403729102085,short
212355,212356,win,49.944403729102085,33.29626915273472,49.944403729102085,short
212357,212361,loss,-33.29626915273472,33.29626915273472,49.944403729102085,short
212395,212421,win,49.944403729102085,33.29626915273472,49.944403729102085,long
212422,212423,loss,-33.29626915273472,33.29626915273472,49.944403729102085,long
212424,212428,loss,-33.29626915273472,33.29626915273472,49.944403729102085,long
212438,212473,loss,-33.29626915273472,33.29626915273472,49.944403729102085,short
212480,212487,loss,-33.29626915273472,33.29626915273472,49.944403729102085,long
212488,212490,win,49.944403729102085,33.29626915273472,49.944403729102085,long
212491,212495,loss,-33.29626915273472,33.29626915273472,49.944403729102085,long
212506,212517,loss,-33.29626915273472,33.29626915273472,49.944403729102085,short
212528,212533,loss,-33.29626915273472,33.29626915273472,49.944403729102085,short
212558,212559,win,49.944403729102085,33.29626915273472,49.944403729102085,long
212560,212562,win,49.944403729102085,33.29626915273472,49.944403729102085,long
212563,212564,loss,-33.29626915273472,33.29626915273472,49.944403729102085,long
212579,212580,loss,-33.29626915273472,33.29626915273472,49.944403729102085,long
212582,212583,loss,-33.29626915273472,33.29626915273472,49.944403729102085,long
212606,212608,loss,-33.29626915273472,33.29626915273472,49.944403729102085,short
212691,212692,loss,-33.29626915273472,33.29626915273472,49.944403729102085,short
212747,212751,loss,-33.29626915273472,33.29626915273472,49.944403729102085,short
212754,212757,win,49.944403729102085,33.29626915273472,49.944403729102085,long
212758,212759,win,49.944403729102085,33.29626915273472,49.944403729102085,long
212760,212761,win,49.944403729102085,33.29626915273472,49.944403729102085,long
212762,212763,loss,-33.29626915273472,33.29626915273472,49.944403729102085,long
212778,212780,loss,-33.29626915273472,33.29626915273472,49.944403729102085,short
212877,212879,loss,-33.29626915273472,33.29626915273472,49.944403729102085,long
212898,212900,win,49.944403729102085,33.29626915273472,49.944403729102085,long
212902,212904,win,49.944403729102085,33.29626915273472,49.944403729102085,long
212905,212906,loss,-33.29626915273472,33.29626915273472,49.944403729102085,long
212915,212917,win,49.944403729102085,33.29626915273472,49.944403729102085,long
212923,212924,loss,-33.29626915273472,33.29626915273472,49.944403729102085,long
212931,212933,win,49.944403729102085,33.29626915273472,49.944403729102085,short
212936,212938,loss,-33.29626915273472,33.29626915273472,49.944403729102085,short
212952,212953,loss,-33.29626915273472,33.29626915273472,49.944403729102085,long
212966,212967,win,49.944403729102085,33.29626915273472,49.944403729102085,short
212968,212969,loss,-33.29626915273472,33.29626915273472,49.944403729102085,short
213030,213031,loss,-33.29626915273472,33.29626915273472,49.944403729102085,short
213045,213046,loss,-33.29626915273472,33.29626915273472,49.944403729102085,short
213048,213050,loss,-33.29626915273472,33.29626915273472,49.944403729102085,short
213069,213075,loss,-33.29626915273472,33.29626915273472,49.944403729102085,long
213122,213123,loss,-33.29626915273472,33.29626915273472,49.944403729102085,long
213124,213125,loss,-33.29626915273472,33.29626915273472,49.944403729102085,long
213138,213144,loss,-33.29626915273472,33.29626915273472,49.944403729102085,short
213175,213176,loss,-33.29626915273472,33.29626915273472,49.944403729102085,short
213203,213225,win,49.944403729102085,33.29626915273472,49.944403729102085,short
213258,213259,loss,-33.29626915273472,33.29626915273472,49.944403729102085,short
213270,213274,loss,-33.29626915273472,33.29626915273472,49.944403729102085,short
213313,213314,loss,-33.29626915273472,33.29626915273472,49.944403729102085,short
213381,213383,loss,-33.29626915273472,33.29626915273472,49.944403729102085,long
213384,213386,loss,-33.29626915273472,33.29626915273472,49.944403729102085,long
213387,213395,win,49.944403729102085,33.29626915273472,49.944403729102085,long
213471,213485,win,49.944403729102085,33.29626915273472,49.944403729102085,short
213500,213503,win,49.944403729102085,33.29626915273472,49.944403729102085,long
213531,213534,loss,-33.29626915273472,33.29626915273472,49.944403729102085,long
213573,213579,loss,-33.29626915273472,33.29626915273472,49.944403729102085,short
213602,213611,win,49.944403729102085,33.29626915273472,49.944403729102085,short
213612,213621,loss,-33.29626915273472,33.29626915273472,49.944403729102085,short
213640,213644,win,49.944403729102085,33.29626915273472,49.944403729102085,long
213647,213651,win,49.944403729102085,33.29626915273472,49.944403729102085,long
213660,213661,loss,-33.29626915273472,33.29626915273472,49.944403729102085,long
213698,213709,loss,-33.29626915273472,33.29626915273472,49.944403729102085,short
213727,213728,win,49.944403729102085,33.29626915273472,49.944403729102085,long
213729,213730,loss,-33.29626915273472,33.29626915273472,49.944403729102085,long
213734,213735,loss,-33.29626915273472,33.29626915273472,49.944403729102085,long
213798,213799,win,49.944403729102085,33.29626915273472,49.944403729102085,short
213806,213827,win,49.944403729102085,33.29626915273472,49.944403729102085,short
213846,213861,loss,-33.29626915273472,33.29626915273472,49.944403729102085,long
213865,213866,loss,-33.29626915273472,33.29626915273472,49.944403729102085,short
213887,213888,loss,-33.29626915273472,33.29626915273472,49.944403729102085,short
213901,213912,win,49.944403729102085,33.29626915273472,49.944403729102085,long
213980,213987,win,49.944403729102085,33.29626915273472,49.944403729102085,long
214036,214045,win,49.944403729102085,33.29626915273472,49.944403729102085,long
214056,214068,loss,-33.29626915273472,33.29626915273472,49.944403729102085,short
214069,214070,loss,-33.29626915273472,33.29626915273472,49.944403729102085,long
214082,214084,loss,-33.29626915273472,33.29626915273472,49.944403729102085,short
214138,214139,loss,-33.29626915273472,33.29626915273472,49.944403729102085,long
214141,214143,loss,-33.29626915273472,33.29626915273472,49.944403729102085,long
214155,214171,loss,-33.29626915273472,33.29626915273472,49.944403729102085,short
214193,214198,loss,-33.29626915273472,33.29626915273472,49.944403729102085,short
214207,214209,loss,-33.29626915273472,33.29626915273472,49.944403729102085,short
214211,214213,win,49.944403729102085,33.29626915273472,49.944403729102085,short
214214,214217,win,49.944403729102085,33.29626915273472,49.944403729102085,short
214228,214229,loss,-33.29626915273472,33.29626915273472,49.944403729102085,long
214252,214265,loss,-33.29626915273472,33.29626915273472,49.944403729102085,long
214279,214280,loss,-33.29626915273472,33.29626915273472,49.944403729102085,short
214344,214345,loss,-33.29626915273472,33.29626915273472,49.944403729102085,short
214347,214354,loss,-33.29626915273472,33.29626915273472,49.944403729102085,long
214358,214390,loss,-33.29626915273472,33.29626915273472,49.944403729102085,long
214391,214393,loss,-33.29626915273472,33.29626915273472,49.944403729102085,short
214397,214399,win,49.944403729102085,33.29626915273472,49.944403729102085,short
214400,214401,win,49.944403729102085,33.29626915273472,49.944403729102085,short
214402,214410,loss,-33.29626915273472,33.29626915273472,49.944403729102085,short
214415,214420,loss,-33.29626915273472,33.29626915273472,49.944403729102085,long
214422,214450,loss,-33.29626915273472,33.29626915273472,49.944403729102085,long
214483,214484,win,49.944403729102085,33.29626915273472,49.944403729102085,long
214498,214515,win,49.944403729102085,33.29626915273472,49.944403729102085,short
214527,214530,win,49.944403729102085,33.29626915273472,49.944403729102085,short
214531,214538,loss,-33.29626915273472,33.29626915273472,49.944403729102085,short
214550,214551,win,49.944403729102085,33.29626915273472,49.944403729102085,long
214556,214565,loss,-33.29626915273472,33.29626915273472,49.944403729102085,short
214573,214582,loss,-33.29626915273472,33.29626915273472,49.944403729102085,long
214631,214645,win,49.944403729102085,33.29626915273472,49.944403729102085,long
214647,214654,loss,-33.29626915273472,33.29626915273472,49.944403729102085,long
214670,214677,win,49.944403729102085,33.29626915273472,49.944403729102085,short
214678,214681,win,49.944403729102085,33.29626915273472,49.944403729102085,short
214682,214683,loss,-33.29626915273472,33.29626915273472,49.944403729102085,short
214750,214752,loss,-33.29626915273472,33.29626915273472,49.944403729102085,short
214763,214771,loss,-33.29626915273472,33.29626915273472,49.944403729102085,short
214781,214790,win,49.944403729102085,33.29626915273472,49.944403729102085,long
214791,214804,win,49.944403729102085,33.29626915273472,49.944403729102085,long
214823,214824,win,49.944403729102085,33.29626915273472,49.944403729102085,short
214825,214826,loss,-33.29626915273472,33.29626915273472,49.944403729102085,short
214897,214898,loss,-33.29626915273472,33.29626915273472,49.944403729102085,long
214902,214904,loss,-33.29626915273472,33.29626915273472,49.944403729102085,long
214927,214931,loss,-33.29626915273472,33.29626915273472,49.944403729102085,short
214955,214956,win,49.944403729102085,33.29626915273472,49.944403729102085,long
214957,214959,loss,-33.29626915273472,33.29626915273472,49.944403729102085,long
214970,215018,loss,-33.29626915273472,33.29626915273472,49.944403729102085,short
215030,215031,win,49.944403729102085,33.29626915273472,49.944403729102085,long
215032,215035,win,49.944403729102085,33.29626915273472,49.944403729102085,long
215036,215037,loss,-33.29626915273472,33.29626915273472,49.944403729102085,long
215051,215069,loss,-33.29626915273472,33.29626915273472,49.944403729102085,short
215075,215077,loss,-33.29626915273472,33.29626915273472,49.944403729102085,short
215079,215093,win,49.944403729102085,33.29626915273472,49.944403729102085,short
215107,215111,loss,-33.29626915273472,33.29626915273472,49.944403729102085,long
215116,215117,loss,-33.29626915273472,33.29626915273472,49.944403729102085,long
215119,215120,win,49.944403729102085,33.29626915273472,49.944403729102085,long
215134,215145,win,49.944403729102085,33.29626915273472,49.944403729102085,short
215232,215233,win,49.944403729102085,33.29626915273472,49.944403729102085,short
215234,215235,win,49.944403729102085,33.29626915273472,49.944403729102085,short
215236,215238,loss,-33.29626915273472,33.29626915273472,49.944403729102085,short
215247,215268,win,49.944403729102085,33.29626915273472,49.944403729102085,long
215321,215334,loss,-33.29626915273472,33.29626915273472,49.944403729102085,short
215341,215355,loss,-33.29626915273472,33.29626915273472,49.944403729102085,long
215381,215404,loss,-33.29626915273472,33.29626915273472,49.944403729102085,long
215408,215424,win,49.944403729102085,33.29626915273472,49.944403729102085,short
215436,215438,loss,-33.29626915273472,33.29626915273472,49.944403729102085,long
215450,215452,loss,-33.29626915273472,33.29626915273472,49.944403729102085,short
215503,215504,loss,-33.29626915273472,33.29626915273472,49.944403729102085,long
215509,215510,loss,-33.29626915273472,33.29626915273472,49.944403729102085,short
215515,215517,loss,-33.29626915273472,33.29626915273472,49.944403729102085,short
215575,215576,win,49.944403729102085,33.29626915273472,49.944403729102085,long
215577,215579,loss,-33.29626915273472,33.29626915273472,49.944403729102085,long
215690,215691,win,49.944403729102085,33.29626915273472,49.944403729102085,short
215710,215711,loss,-33.29626915273472,33.29626915273472,49.944403729102085,long
215723,215741,loss,-33.29626915273472,33.29626915273472,49.944403729102085,short
215747,215757,loss,-33.29626915273472,33.29626915273472,49.944403729102085,long
215816,215820,loss,-33.29626915273472,33.29626915273472,49.944403729102085,long
215849,215854,win,49.944403729102085,33.29626915273472,49.944403729102085,short
215855,215856,loss,-33.29626915273472,33.29626915273472,49.944403729102085,short
215874,215883,loss,-33.29626915273472,33.29626915273472,49.944403729102085,long
215887,215898,win,49.944403729102085,33.29626915273472,49.944403729102085,long
215919,215924,loss,-33.29626915273472,33.29626915273472,49.944403729102085,short
215925,215926,loss,-33.29626915273472,33.29626915273472,49.944403729102085,long
215928,215932,win,49.944403729102085,33.29626915273472,49.944403729102085,long
215933,215935,loss,-33.29626915273472,33.29626915273472,49.944403729102085,long
215962,215964,loss,-33.29626915273472,33.29626915273472,49.944403729102085,short
215986,215987,loss,-33.29626915273472,33.29626915273472,49.944403729102085,short
215988,215996,loss,-33.29626915273472,33.29626915273472,49.944403729102085,short
216018,216031,win,49.944403729102085,33.29626915273472,49.944403729102085,short
216050,216053,win,49.944403729102085,33.29626915273472,49.944403729102085,long
216054,216055,loss,-33.29626915273472,33.29626915273472,49.944403729102085,long
216056,216057,loss,-33.29626915273472,33.29626915273472,49.944403729102085,long
216058,216060,loss,-33.29626915273472,33.29626915273472,49.944403729102085,long
216063,216069,win,49.944403729102085,33.29626915273472,49.944403729102085,long
216104,216105,loss,-33.29626915273472,33.29626915273472,49.944403729102085,short
216109,216117,loss,-33.29626915273472,33.29626915273472,49.944403729102085,short
216125,216126,loss,-33.29626915273472,33.29626915273472,49.944403729102085,short
216129,216130,win,49.944403729102085,33.29626915273472,49.944403729102085,short
216131,216135,loss,-33.29626915273472,33.29626915273472,49.944403729102085,short
216177,216179,loss,-33.29626915273472,33.29626915273472,49.944403729102085,long
216183,216189,loss,-33.29626915273472,33.29626915273472,49.944403729102085,long
216190,216191,loss,-33.29626915273472,33.29626915273472,49.944403729102085,short
216204,216210,loss,-33.29626915273472,33.29626915273472,49.944403729102085,long
216228,216243,win,49.944403729102085,33.29626915273472,49.944403729102085,long
216244,216246,loss,-33.29626915273472,33.29626915273472,49.944403729102085,long
216258,216259,loss,-33.29626915273472,33.29626915273472,49.944403729102085,short
216264,216270,loss,-33.29626915273472,33.29626915273472,49.944403729102085,short
216325,216328,loss,-33.29626915273472,33.29626915273472,49.944403729102085,long
216347,216355,loss,-33.29626915273472,33.29626915273472,49.944403729102085,short
216366,216368,loss,-33.29626915273472,33.29626915273472,49.944403729102085,short
216375,216378,win,49.944403729102085,33.29626915273472,49.944403729102085,long
216379,216384,win,49.944403729102085,33.29626915273472,49.944403729102085,long
216385,216386,loss,-33.29626915273472,33.29626915273472,49.944403729102085,long
216459,216460,loss,-33.29626915273472,33.29626915273472,49.944403729102085,long
216462,216466,loss,-33.29626915273472,33.29626915273472,49.944403729102085,long
216476,216508,win,49.944403729102085,33.29626915273472,49.944403729102085,short
216522,216523,loss,-33.29626915273472,33.29626915273472,49.944403729102085,long
216526,216527,win,49.944403729102085,33.29626915273472,49.944403729102085,long
216528,216532,win,49.944403729102085,33.29626915273472,49.944403729102085,long
216538,216565,win,49.944403729102085,33.29626915273472,49.944403729102085,long
216579,216582,loss,-33.29626915273472,33.29626915273472,49.944403729102085,short
216595,216597,win,49.944403729102085,33.29626915273472,49.944403729102085,short
216598,216600,loss,-33.29626915273472,33.29626915273472,49.944403729102085,short
216604,216607,win,49.944403729102085,33.29626915273472,49.944403729102085,short
216651,216655,loss,-33.29626915273472,33.29626915273472,49.944403729102085,long
216662,216664,win,49.944403729102085,33.29626915273472,49.944403729102085,long
216666,216676,win,49.944403729102085,33.29626915273472,49.944403729102085,long
216714,216717,loss,-33.29626915273472,33.29626915273472,49.944403729102085,short
216732,216733,loss,-33.29626915273472,33.29626915273472,49.944403729102085,short
216735,216738,loss,-33.29626915273472,33.29626915273472,49.944403729102085,short
216746,216779,loss,-33.29626915273472,33.29626915273472,49.944403729102085,long
216781,216786,loss,-33.29626915273472,33.29626915273472,49.944403729102085,short
216801,216802,loss,-33.29626915273472,33.29626915273472,49.944403729102085,long
216807,216809,win,49.944403729102085,33.29626915273472,49.944403729102085,short
216815,216829,loss,-33.29626915273472,33.29626915273472,49.944403729102085,short
216866,216869,win,49.944403729102085,33.29626915273472,49.944403729102085,long
216870,216881,loss,-33.29626915273472,33.29626915273472,49.944403729102085,long
216884,216935,loss,-33.29626915273472,33.29626915273472,49.944403729102085,short
216949,216968,win,49.944403729102085,33.29626915273472,49.944403729102085,short
216980,216994,win,49.944403729102085,33.29626915273472,49.944403729102085,long
217004,217005,win,49.944403729102085,33.29626915273472,49.944403729102085,short
217006,217009,loss,-33.29626915273472,33.29626915273472,49.944403729102085,short
217053,217069,loss,-33.29626915273472,33.29626915273472,49.944403729102085,long
217073,217075,win,49.944403729102085,33.29626915273472,49.944403729102085,short
217078,217079,win,49.944403729102085,33.29626915273472,49.944403729102085,short
217080,217081,loss,-33.29626915273472,33.29626915273472,49.944403729102085,short
217140,217155,loss,-33.29626915273472,33.29626915273472,49.944403729102085,long
217156,217157,loss,-33.29626915273472,33.29626915273472,49.944403729102085,short
217160,217164,win,49.944403729102085,33.29626915273472,49.944403729102085,short
217210,217212,win,49.944403729102085,33.29626915273472,49.944403729102085,long
217213,217245,win,49.944403729102085,33.29626915273472,49.944403729102085,long
217280,217282,loss,-33.29626915273472,33.29626915273472,49.944403729102085,short
217283,217285,loss,-33.29626915273472,33.29626915273472,49.944403729102085,short
217287,217294,loss,-33.29626915273472,33.29626915273472,49.944403729102085,short
217362,217371,loss,-33.29626915273472,33.29626915273472,49.944403729102085,long
217406,217408,win,49.944403729102085,33.29626915273472,49.944403729102085,short
217409,217412,loss,-33.29626915273472,33.29626915273472,49.944403729102085,short
217444,217452,loss,-33.29626915273472,33.29626915273472,49.944403729102085,long
217476,217477,win,49.944403729102085,33.29626915273472,49.944403729102085,short
217491,217499,loss,-33.29626915273472,33.29626915273472,49.944403729102085,long
217549,217552,win,49.944403729102085,33.29626915273472,49.944403729102085,short
217553,217555,loss,-33.29626915273472,33.29626915273472,49.944403729102085,short
217575,217580,loss,-33.29626915273472,33.29626915273472,49.944403729102085,long
217589,217595,loss,-33.29626915273472,33.29626915273472,49.944403729102085,long
217597,217611,win,49.944403729102085,33.29626915273472,49.944403729102085,long
217613,217615,win,49.944403729102085,33.29626915273472,49.944403729102085,long
217616,217617,loss,-33.29626915273472,33.29626915273472,49.944403729102085,long
217627,217635,loss,-33.29626915273472,33.29626915273472,49.944403729102085,short
217690,217715,loss,-33.29626915273472,33.29626915273472,49.944403729102085,short
217752,217753,loss,-33.29626915273472,33.29626915273472,49.944403729102085,short
217755,217799,win,49.944403729102085,33.29626915273472,49.944403729102085,short
217832,217841,loss,-33.29626915273472,33.29626915273472,49.944403729102085,long
217880,217885,loss,-33.29626915273472,33.29626915273472,49.944403729102085,long
217886,217889,loss,-33.29626915273472,33.29626915273472,49.944403729102085,short
217899,217935,loss,-33.29626915273472,33.29626915273472,49.944403729102085,long
217959,217960,loss,-33.29626915273472,33.29626915273472,49.944403729102085,long
217964,217990,loss,-33.29626915273472,33.29626915273472,49.944403729102085,long
218007,218010,loss,-33.29626915273472,33.29626915273472,49.944403729102085,short
218011,218020,loss,-33.29626915273472,33.29626915273472,49.944403729102085,short
218024,218033,loss,-33.29626915273472,33.29626915273472,49.944403729102085,long
218102,218137,loss,-33.29626915273472,33.29626915273472,49.944403729102085,short
218147,218153,win,49.944403729102085,33.29626915273472,49.944403729102085,long
218156,218157,win,49.944403729102085,33.29626915273472,49.944403729102085,short
218158,218168,win,49.944403729102085,33.29626915273472,49.944403729102085,short
218188,218215,win,49.944403729102085,33.29626915273472,49.944403729102085,long
218216,218219,loss,-33.29626915273472,33.29626915273472,49.944403729102085,long
218220,218222,loss,-33.29626915273472,33.29626915273472,49.944403729102085,short
218228,218267,loss,-33.29626915273472,33.29626915273472,49.944403729102085,short
218289,218290,loss,-33.29626915273472,33.29626915273472,49.944403729102085,long
218292,218295,win,49.944403729102085,33.29626915273472,49.944403729102085,long
218296,218297,loss,-33.29626915273472,33.29626915273472,49.944403729102085,long
218309,218333,win,49.944403729102085,33.29626915273472,49.944403729102085,short
218355,218358,loss,-33.29626915273472,33.29626915273472,49.944403729102085,short
218369,218406,win,49.944403729102085,33.29626915273472,49.944403729102085,long
218407,218408,loss,-33.29626915273472,33.29626915273472,49.944403729102085,long
218425,218430,loss,-33.29626915273472,33.29626915273472,49.944403729102085,short
218431,218457,loss,-33.29626915273472,33.29626915273472,49.944403729102085,short
218493,218494,loss,-33.29626915273472,33.29626915273472,49.944403729102085,long
218496,218501,win,49.944403729102085,33.29626915273472,49.944403729102085,long
218506,218508,loss,-33.29626915273472,33.29626915273472,49.944403729102085,long
218519,218533,loss,-33.29626915273472,33.29626915273472,49.944403729102085,short
218563,218564,loss,-33.29626915273472,33.29626915273472,49.944403729102085,short
218629,218633,loss,-33.29626915273472,33.29626915273472,49.944403729102085,long
218650,218652,loss,-33.29626915273472,33.29626915273472,49.944403729102085,long
218654,218685,loss,-33.29626915273472,33.29626915273472,49.944403729102085,short
218696,218697,loss,-33.29626915273472,33.29626915273472,49.944403729102085,long
218762,218763,loss,-33.29626915273472,33.29626915273472,49.944403729102085,long
218771,218773,win,49.944403729102085,33.29626915273472,49.944403729102085,long
218774,218775,loss,-33.29626915273472,33.29626915273472,49.944403729102085,long
218786,218819,loss,-33.29626915273472,33.29626915273472,49.944403729102085,short
218833,218835,loss,-33.29626915273472,33.29626915273472,49.944403729102085,short
218841,218843,loss,-33.29626915273472,33.29626915273472,49.944403729102085,short
218871,218884,loss,-33.29626915273472,33.29626915273472,49.944403729102085,long
218890,218892,loss,-33.29626915273472,33.29626915273472,49.944403729102085,short
218905,218906,loss,-33.29626915273472,33.29626915273472,49.944403729102085,short
218910,218935,loss,-33.29626915273472,33.29626915273472,49.944403729102085,short
218940,218950,loss,-33.29626915273472,33.29626915273472,49.944403729102085,long
219024,219027,loss,-33.29626915273472,33.29626915273472,49.944403729102085,long
219029,219043,loss,-33.29626915273472,33.29626915273472,49.944403729102085,long
219045,219056,win,49.944403729102085,33.29626915273472,49.944403729102085,short
219057,219075,loss,-33.29626915273472,33.29626915273472,49.944403729102085,short
219105,219106,loss,-33.29626915273472,33.29626915273472,49.944403729102085,short
219118,219159,win,49.944403729102085,33.29626915273472,49.944403729102085,long
219180,219182,loss,-33.29626915273472,33.29626915273472,49.944403729102085,short
219195,219197,loss,-33.29626915273472,33.29626915273472,49.944403729102085,long
219210,219212,loss,-33.29626915273472,33.29626915273472,49.944403729102085,short
219246,219247,win,49.944403729102085,33.29626915273472,49.944403729102085,short
219248,219249,win,49.944403729102085,33.29626915273472,49.944403729102085,short
219250,219260,loss,-33.29626915273472,33.29626915273472,49.944403729102085,short
219273,219286,win,49.944403729102085,33.29626915273472,49.944403729102085,long
219290,219291,loss,-33.29626915273472,33.29626915273472,49.944403729102085,long
219315,219317,loss,-33.29626915273472,33.29626915273472,49.944403729102085,long
219347,219359,win,49.944403729102085,33.29626915273472,49.944403729102085,short
219381,219385,win,49.944403729102085,33.29626915273472,49.944403729102085,long
219404,219419,win,49.944403729102085,33.29626915273472,49.944403729102085,short
219451,219455,loss,-33.29626915273472,33.29626915273472,49.944403729102085,short
219458,219476,loss,-33.29626915273472,33.29626915273472,49.944403729102085,short
219477,219496,loss,-33.29626915273472,33.29626915273472,49.944403729102085,long
219524,219528,win,49.944403729102085,33.29626915273472,49.944403729102085,short
219529,219534,loss,-33.29626915273472,33.29626915273472,49.944403729102085,short
219585,219587,loss,-33.29626915273472,33.29626915273472,49.944403729102085,long
219638,219657,loss,-33.29626915273472,33.29626915273472,49.944403729102085,short
219658,219659,win,49.944403729102085,33.29626915273472,49.944403729102085,long
219660,219662,loss,-33.29626915273472,33.29626915273472,49.944403729102085,long
219671,219681,win,49.944403729102085,33.29626915273472,49.944403729102085,long
219701,219726,loss,-33.29626915273472,33.29626915273472,49.944403729102085,short
219740,219778,win,49.944403729102085,33.29626915273472,49.944403729102085,short
219795,219798,loss,-33.29626915273472,33.29626915273472,49.944403729102085,short
219828,219856,loss,-33.29626915273472,33.29626915273472,49.944403729102085,long
219858,219867,win,49.944403729102085,33.29626915273472,49.944403729102085,short
219868,219918,loss,-33.29626915273472,33.29626915273472,49.944403729102085,short
219930,219931,loss,-33.29626915273472,33.29626915273472,49.944403729102085,long
219937,219939,loss,-33.29626915273472,33.29626915273472,49.944403729102085,short
219944,219947,win,49.944403729102085,33.29626915273472,49.944403729102085,short
219989,220000,loss,-33.29626915273472,33.29626915273472,49.944403729102085,long
220065,220066,loss,-33.29626915273472,33.29626915273472,49.944403729102085,short
220068,220070,loss,-33.29626915273472,33.29626915273472,49.944403729102085,short
220079,220084,loss,-33.29626915273472,33.29626915273472,49.944403729102085,long
220140,220146,loss,-33.29626915273472,33.29626915273472,49.944403729102085,long
220148,220159,loss,-33.29626915273472,33.29626915273472,49.944403729102085,long
220220,220224,win,49.944403729102085,33.29626915273472,49.944403729102085,short
220225,220254,loss,-33.29626915273472,33.29626915273472,49.944403729102085,short
220255,220261,loss,-33.29626915273472,33.29626915273472,49.944403729102085,long
220265,220274,win,49.944403729102085,33.29626915273472,49.944403729102085,long
220275,220276,loss,-33.29626915273472,33.29626915273472,49.944403729102085,long
220283,220306,loss,-33.29626915273472,33.29626915273472,49.944403729102085,short
220358,220378,loss,-33.29626915273472,33.29626915273472,49.944403729102085,short
220382,220386,loss,-33.29626915273472,33.29626915273472,49.944403729102085,long
220392,220405,loss,-33.29626915273472,33.29626915273472,49.944403729102085,short
220408,220410,loss,-33.29626915273472,33.29626915273472,49.944403729102085,long
220469,220476,loss,-33.29626915273472,33.29626915273472,49.944403729102085,long
220479,220484,loss,-33.29626915273472,33.29626915273472,49.944403729102085,short
220548,220549,win,49.944403729102085,33.29626915273472,49.944403729102085,long
220550,220584,win,49.944403729102085,33.29626915273472,49.944403729102085,long
220613,220619,loss,-33.29626915273472,33.29626915273472,49.944403729102085,short
220689,220692,loss,-33.29626915273472,33.29626915273472,49.944403729102085,short
220704,220753,win,49.944403729102085,33.29626915273472,49.944403729102085,long
220759,220761,loss,-33.29626915273472,33.29626915273472,49.944403729102085,long
220772,220789,loss,-33.29626915273472,33.29626915273472,49.944403729102085,short
220823,220878,win,49.944403729102085,33.29626915273472,49.944403729102085,long
220905,220922,loss,-33.29626915273472,33.29626915273472,49.944403729102085,short
220965,220992,loss,-33.29626915273472,33.29626915273472,49.944403729102085,short
220993,220997,loss,-33.29626915273472,33.29626915273472,49.944403729102085,long
221025,221026,loss,-33.29626915273472,33.29626915273472,49.944403729102085,long
221027,221029,loss,-33.29626915273472,33.29626915273472,49.944403729102085,long
221031,221033,loss,-33.29626915273472,33.29626915273472,49.944403729102085,short
221039,221058,loss,-33.29626915273472,33.29626915273472,49.944403729102085,short
221130,221135,loss,-33.29626915273472,33.29626915273472,49.944403729102085,long
221137,221141,loss,-33.29626915273472,33.29626915273472,49.944403729102085,long
221143,221154,win,49.944403729102085,33.29626915273472,49.944403729102085,short
221201,221206,loss,-33.29626915273472,33.29626915273472,49.944403729102085,long
221221,221223,loss,-33.29626915273472,33.29626915273472,49.944403729102085,long
221226,221227,loss,-33.29626915273472,33.29626915273472,49.944403729102085,long
221228,221235,loss,-33.29626915273472,33.29626915273472,49.944403729102085,short
221240,221263,loss,-33.29626915273472,33.29626915273472,49.944403729102085,short
221289,221291,loss,-33.29626915273472,33.29626915273472,49.944403729102085,long
221297,221324,loss,-33.29626915273472,33.29626915273472,49.944403729102085,short
221325,221362,loss,-33.29626915273472,33.29626915273472,49.944403729102085,long
221372,221393,loss,-33.29626915273472,33.29626915273472,49.944403729102085,short
221400,221408,win,49.944403729102085,33.29626915273472,49.944403729102085,long
221442,221489,win,49.944403729102085,33.29626915273472,49.944403729102085,short
221492,221564,win,49.944403729102085,33.29626915273472,49.944403729102085,short
221598,221602,loss,-33.29626915273472,33.29626915273472,49.944403729102085,long
221634,221640,loss,-33.29626915273472,33.29626915273472,49.944403729102085,short
221647,221670,win,49.944403729102085,33.29626915273472,49.944403729102085,long
221705,221723,loss,-33.29626915273472,33.29626915273472,49.944403729102085,long
221783,221872,loss,-33.29626915273472,33.29626915273472,49.944403729102085,long
221899,221910,win,49.944403729102085,33.29626915273472,49.944403729102085,long
221911,221923,loss,-33.29626915273472,33.29626915273472,49.944403729102085,long
221927,221929,win,49.944403729102085,33.29626915273472,49.944403729102085,short
221930,221940,win,49.944403729102085,33.29626915273472,49.944403729102085,short
221990,222013,win,49.944403729102085,33.29626915273472,49.944403729102085,long
222014,222090,loss,-33.29626915273472,33.29626915273472,49.944403729102085,long
222093,222115,loss,-33.29626915273472,33.29626915273472,49.944403729102085,long
222116,222162,win,49.944403729102085,33.29626915273472,49.944403729102085,short
222187,222223,win,49.944403729102085,33.29626915273472,49.944403729102085,short
222255,222259,win,49.944403729102085,33.29626915273472,49.944403729102085,short
222260,222321,win,49.944403729102085,33.29626915273472,49.944403729102085,short
222324,222325,win,49.944403729102085,33.29626915273472,49.944403729102085,short
222326,222339,loss,-33.29626915273472,33.29626915273472,49.944403729102085,short
222340,222358,loss,-33.29626915273472,33.29626915273472,49.944403729102085,long
222371,222382,loss,-33.29626915273472,33.29626915273472,49.944403729102085,long
222392,222395,win,49.944403729102085,33.29626915273472,49.944403729102085,short
222400,222409,win,49.944403729102085,33.29626915273472,49.944403729102085,short
222481,222483,loss,-33.29626915273472,33.29626915273472,49.944403729102085,short
222491,222495,loss,-33.29626915273472,33.29626915273472,49.944403729102085,short
222504,222508,win,49.944403729102085,33.29626915273472,49.944403729102085,long
222586,222589,win,49.944403729102085,33.29626915273472,49.944403729102085,long
222605,222611,loss,-33.29626915273472,33.29626915273472,49.944403729102085,short
222628,222641,loss,-33.29626915273472,33.29626915273472,49.944403729102085,long
222642,222659,win,49.944403729102085,33.29626915273472,49.944403729102085,short
222660,222662,loss,-33.29626915273472,33.29626915273472,49.944403729102085,short
222698,222708,loss,-33.29626915273472,33.29626915273472,49.944403729102085,long
222728,222730,loss,-33.29626915273472,33.29626915273472,49.944403729102085,short
222734,222735,loss,-33.29626915273472,33.29626915273472,49.944403729102085,long
222737,222741,loss,-33.29626915273472,33.29626915273472,49.944403729102085,long
222742,222751,win,49.944403729102085,33.29626915273472,49.944403729102085,long
222759,222760,loss,-33.29626915273472,33.29626915273472,49.944403729102085,long
222762,222775,win,49.944403729102085,33.29626915273472,49.944403729102085,long
222797,222800,loss,-33.29626915273472,33.29626915273472,49.944403729102085,short
222821,222844,loss,-33.29626915273472,33.29626915273472,49.944403729102085,long
222845,222873,loss,-33.29626915273472,33.29626915273472,49.944403729102085,short
222918,222926,win,49.944403729102085,33.29626915273472,49.944403729102085,long
222927,222932,loss,-33.29626915273472,33.29626915273472,49.944403729102085,long
223002,223005,win,49.944403729102085,33.29626915273472,49.944403729102085,short
223006,223015,win,49.944403729102085,33.29626915273472,49.944403729102085,short
223034,223046,win,49.944403729102085,33.29626915273472,49.944403729102085,long
223055,223061,win,49.944403729102085,33.29626915273472,49.944403729102085,long
223062,223067,win,49.944403729102085,33.29626915273472,49.944403729102085,long
223068,223070,win,49.944403729102085,33.29626915273472,49.944403729102085,long
223071,223072,loss,-33.29626915273472,33.29626915273472,49.944403729102085,long
223078,223081,win,49.944403729102085,33.29626915273472,49.944403729102085,long
223093,223107,win,49.944403729102085,33.29626915273472,49.944403729102085,short
223120,223126,loss,-33.29626915273472,33.29626915273472,49.944403729102085,short
223196,223204,win,49.944403729102085,33.29626915273472,49.944403729102085,long
223237,223241,win,49.944403729102085,33.29626915273472,49.944403729102085,long
223242,223246,loss,-33.29626915273472,33.29626915273472,49.944403729102085,long
223291,223317,win,49.944403729102085,33.29626915273472,49.944403729102085,short
223352,223353,loss,-33.29626915273472,33.29626915273472,49.944403729102085,long
223357,223358,win,49.944403729102085,33.29626915273472,49.944403729102085,long
223359,223373,win,49.944403729102085,33.29626915273472,49.944403729102085,long
223387,223397,loss,-33.29626915273472,33.29626915273472,49.944403729102085,short
223410,223416,loss,-33.29626915273472,33.29626915273472,49.944403729102085,short
223426,223427,loss,-33.29626915273472,33.29626915273472,49.944403729102085,short
223429,223432,loss,-33.29626915273472,33.29626915273472,49.944403729102085,short
223433,223438,win,49.944403729102085,33.29626915273472,49.944403729102085,short
223461,223468,win,49.944403729102085,33.29626915273472,49.944403729102085,long
223520,223522,loss,-33.29626915273472,33.29626915273472,49.944403729102085,long
223541,223546,win,49.944403729102085,33.29626915273472,49.944403729102085,short
223562,223571,loss,-33.29626915273472,33.29626915273472,49.944403729102085,long
223623,223624,loss,-33.29626915273472,33.29626915273472,49.944403729102085,long
223627,223628,loss,-33.29626915273472,33.29626915273472,49.944403729102085,short
223641,223655,win,49.944403729102085,33.29626915273472,49.944403729102085,long
223687,223688,win,49.944403729102085,33.29626915273472,49.944403729102085,short
223689,223693,win,49.944403729102085,33.29626915273472,49.944403729102085,short
223694,223696,loss,-33.29626915273472,33.29626915273472,49.944403729102085,short
223754,223757,loss,-33.29626915273472,33.29626915273472,49.944403729102085,short
223758,223760,loss,-33.29626915273472,33.29626915273472,49.944403729102085,short
223772,223774,win,49.944403729102085,33.29626915273472,49.944403729102085,long
223775,223783,loss,-33.29626915273472,33.29626915273472,49.944403729102085,long
223813,223826,loss,-33.29626915273472,33.29626915273472,49.944403729102085,short
223900,223901,loss,-33.29626915273472,33.29626915273472,49.944403729102085,long
223906,223910,win,49.944403729102085,33.29626915273472,49.944403729102085,short
223911,223913,win,49.944403729102085,33.29626915273472,49.944403729102085,short
223914,223929,win,49.944403729102085,33.29626915273472,49.944403729102085,short
223963,223967,loss,-33.29626915273472,33.29626915273472,49.944403729102085,long
223970,223971,loss,-33.29626915273472,33.29626915273472,49.944403729102085,long
223983,223984,loss,-33.29626915273472,33.29626915273472,49.944403729102085,short
223990,224000,win,49.944403729102085,33.29626915273472,49.944403729102085,long
224042,224045,loss,-33.29626915273472,33.29626915273472,49.944403729102085,short
224102,224104,loss,-33.29626915273472,33.29626915273472,49.944403729102085,long
224116,224120,loss,-33.29626915273472,33.29626915273472,49.944403729102085,short
224234,224238,win,49.944403729102085,33.29626915273472,49.944403729102085,short
224239,224240,loss,-33.29626915273472,33.29626915273472,49.944403729102085,short
224241,224244,loss,-33.29626915273472,33.29626915273472,49.944403729102085,long
224248,224256,win,49.944403729102085,33.29626915273472,49.944403729102085,long
224300,224303,loss,-33.29626915273472,33.29626915273472,49.944403729102085,short
224306,224308,loss,-33.29626915273472,33.29626915273472,49.944403729102085,short
224316,224327,win,49.944403729102085,33.29626915273472,49.944403729102085,short
224341,224346,loss,-33.29626915273472,33.29626915273472,49.944403729102085,long
224382,224385,win,49.944403729102085,33.29626915273472,49.944403729102085,long
224441,224445,win,49.944403729102085,33.29626915273472,49.944403729102085,short
224447,224454,win,49.944403729102085,33.29626915273472,49.944403729102085,short
224470,224474,loss,-33.29626915273472,33.29626915273472,49.944403729102085,long
224487,224492,loss,-33.29626915273472,33.29626915273472,49.944403729102085,short
224528,224585,loss,-33.29626915273472,33.29626915273472,49.944403729102085,long
224587,224588,win,49.944403729102085,33.29626915273472,49.944403729102085,long
224589,224592,loss,-33.29626915273472,33.29626915273472,49.944403729102085,long
224603,224625,loss,-33.29626915273472,33.29626915273472,49.944403729102085,short
224655,224658,win,49.944403729102085,33.29626915273472,49.944403729102085,short
224659,224661,loss,-33.29626915273472,33.29626915273472,49.944403729102085,short
224701,224723,win,49.944403729102085,33.29626915273472,49.944403729102085,long
224727,224729,win,49.944403729102085,33.29626915273472,49.944403729102085,long
224731,224733,loss,-33.29626915273472,33.29626915273472,49.944403729102085,long
224743,224754,loss,-33.29626915273472,33.29626915273472,49.944403729102085,short
224795,224818,win,49.944403729102085,33.29626915273472,49.944403729102085,short
224821,224823,loss,-33.29626915273472,33.29626915273472,49.944403729102085,short
224834,224845,loss,-33.29626915273472,33.29626915273472,49.944403729102085,long
224888,224892,win,49.944403729102085,33.29626915273472,49.944403729102085,long
224893,224901,win,49.944403729102085,33.29626915273472,49.944403729102085,long
225004,225015,win,49.944403729102085,33.29626915273472,49.944403729102085,short
225039,225042,loss,-33.29626915273472,33.29626915273472,49.944403729102085,long
225087,225131,win,49.944403729102085,33.29626915273472,49.944403729102085,long
225155,225157,loss,-33.29626915273472,33.29626915273472,49.944403729102085,long
225169,225175,loss,-33.29626915273472,33.29626915273472,49.944403729102085,short
225200,225201,loss,-33.29626915273472,33.29626915273472,49.944403729102085,short
225262,225267,win,49.944403729102085,33.29626915273472,49.944403729102085,long
225268,225270,win,49.944403729102085,33.29626915273472,49.944403729102085,long
225271,225275,loss,-33.29626915273472,33.29626915273472,49.944403729102085,long
225306,225317,win,49.944403729102085,33.29626915273472,49.944403729102085,short
225318,225327,loss,-33.29626915273472,33.29626915273472,49.944403729102085,short
225388,225390,loss,-33.29626915273472,33.29626915273472,49.944403729102085,short
225391,225397,loss,-33.29626915273472,33.29626915273472,49.944403729102085,short
225425,225453,win,49.944403729102085,33.29626915273472,49.944403729102085,long
225467,225470,loss,-33.29626915273472,33.29626915273472,49.944403729102085,short
225475,225478,win,49.944403729102085,33.29626915273472,49.944403729102085,long
225479,225480,win,49.944403729102085,33.29626915273472,49.944403729102085,long
225481,225482,win,49.944403729102085,33.29626915273472,49.944403729102085,long
225483,225485,loss,-33.29626915273472,33.29626915273472,49.944403729102085,long
225493,225494,loss,-33.29626915273472,33.29626915273472,49.944403729102085,long
225495,225496,loss,-33.29626915273472,33.29626915273472,49.944403729102085,long
225508,225512,loss,-33.29626915273472,33.29626915273472,49.944403729102085,short
225564,225566,win,49.944403729102085,33.29626915273472,49.944403729102085,long
225567,225579,loss,-33.29626915273472,33.29626915273472,49.944403729102085,long
225612,225616,loss,-33.29626915273472,33.29626915273472,49.944403729102085,short
225657,225659,loss,-33.29626915273472,33.29626915273472,49.944403729102085,long
225671,225672,loss,-33.29626915273472,33.29626915273472,49.944403729102085,short
225746,225747,win,49.944403729102085,33.29626915273472,49.944403729102085,short
225748,225754,win,49.944403729102085,33.29626915273472,49.944403729102085,short
225812,225813,loss,-33.29626915273472,33.29626915273472,49.944403729102085,short
225814,225815,win,49.944403729102085,33.29626915273472,49.944403729102085,short
225816,225817,loss,-33.29626915273472,33.29626915273472,49.944403729102085,short
225820,225823,win,49.944403729102085,33.29626915273472,49.944403729102085,short
225824,225827,loss,-33.29626915273472,33.29626915273472,49.944403729102085,short
225837,225848,loss,-33.29626915273472,33.29626915273472,49.944403729102085,long
225890,225894,win,49.944403729102085,33.29626915273472,49.944403729102085,short
225895,225896,loss,-33.29626915273472,33.29626915273472,49.944403729102085,short
225904,225911,win,49.944403729102085,33.29626915273472,49.944403729102085,long
225920,225949,win,49.944403729102085,33.29626915273472,49.944403729102085,long
225957,225997,win,49.944403729102085,33.29626915273472,49.944403729102085,short
226011,226019,loss,-33.29626915273472,33.29626915273472,49.944403729102085,long
226036,226037,win,49.944403729102085,33.29626915273472,49.944403729102085,long
226038,226040,win,49.944403729102085,33.29626915273472,49.944403729102085,long
226041,226046,win,49.944403729102085,33.29626915273472,49.944403729102085,long
226047,226049,win,49.944403729102085,33.29626915273472,49.944403729102085,long
226063,226065,loss,-33.29626915273472,33.29626915273472,49.944403729102085,short
226088,226089,loss,-33.29626915273472,33.29626915273472,49.944403729102085,short
226104,226108,loss,-33.29626915273472,33.29626915273472,49.944403729102085,short
226149,226157,loss,-33.29626915273472,33.29626915273472,49.944403729102085,long
226158,226159,loss,-33.29626915273472,33.29626915273472,49.944403729102085,short
226173,226189,loss,-33.29626915273472,33.29626915273472,49.944403729102085,short
226239,226240,loss,-33.29626915273472,33.29626915273472,49.944403729102085,long
226254,226267,win,49.944403729102085,33.29626915273472,49.944403729102085,short
226268,226280,loss,-33.29626915273472,33.29626915273472,49.944403729102085,short
226300,226302,loss,-33.29626915273472,33.29626915273472,49.944403729102085,long
226304,226306,loss,-33.29626915273472,33.29626915273472,49.944403729102085,long
226315,226346,loss,-33.29626915273472,33.29626915273472,49.944403729102085,short
226358,226366,loss,-33.29626915273472,33.29626915273472,49.944403729102085,short
226388,226389,loss,-33.29626915273472,33.29626915273472,49.944403729102085,short
226400,226433,loss,-33.29626915273472,33.29626915273472,49.944403729102085,long
226448,226450,loss,-33.29626915273472,33.29626915273472,49.944403729102085,short
226459,226461,win,49.944403729102085,33.29626915273472,49.944403729102085,long
226513,226516,loss,-33.29626915273472,33.29626915273472,49.944403729102085,short
226517,226520,win,49.944403729102085,33.29626915273472,49.944403729102085,short
226521,226528,loss,-33.29626915273472,33.29626915273472,49.944403729102085,short
226646,226647,loss,-33.29626915273472,33.29626915273472,49.944403729102085,long
226652,226656,loss,-33.29626915273472,33.29626915273472,49.944403729102085,long
226663,226669,loss,-33.29626915273472,33.29626915273472,49.944403729102085,short
226694,226696,win,49.944403729102085,33.29626915273472,49.944403729102085,short
226704,226709,loss,-33.29626915273472,33.29626915273472,49.944403729102085,short
226743,226767,loss,-33.29626915273472,33.29626915273472,49.944403729102085,long
226806,226810,win,49.944403729102085,33.29626915273472,49.944403729102085,long
226814,226824,win,49.944403729102085,33.29626915273472,49.944403729102085,long
226842,226851,win,49.944403729102085,33.29626915273472,49.944403729102085,short
226853,226855,loss,-33.29626915273472,33.29626915273472,49.944403729102085,short
226910,226912,win,49.944403729102085,33.29626915273472,49.944403729102085,short
226913,226914,loss,-33.29626915273472,33.29626915273472,49.944403729102085,short
226918,226921,loss,-33.29626915273472,33.29626915273472,49.944403729102085,short
226936,226955,win,49.944403729102085,33.29626915273472,49.944403729102085,long
226987,226990,loss,-33.29626915273472,33.29626915273472,49.944403729102085,short
227049,227054,win,49.944403729102085,33.29626915273472,49.944403729102085,short
227059,227060,win,49.944403729102085,33.29626915273472,49.944403729102085,long
227068,227070,win,49.944403729102085,33.29626915273472,49.944403729102085,long
227099,227102,loss,-33.29626915273472,33.29626915273472,49.944403729102085,short
227130,227134,loss,-33.29626915273472,33.29626915273472,49.944403729102085,long
227206,227212,loss,-33.29626915273472,33.29626915273472,49.944403729102085,short
227250,227259,loss,-33.29626915273472,33.29626915273472,49.944403729102085,long
227266,227268,loss,-33.29626915273472,33.29626915273472,49.944403729102085,short
227278,227281,loss,-33.29626915273472,33.29626915273472,49.944403729102085,short
227338,227339,win,49.944403729102085,33.29626915273472,49.944403729102085,short
227340,227347,loss,-33.29626915273472,33.29626915273472,49.944403729102085,short
227353,227356,win,49.944403729102085,33.29626915273472,49.944403729102085,long
227357,227361,loss,-33.29626915273472,33.29626915273472,49.944403729102085,long
227413,227433,loss,-33.29626915273472,33.29626915273472,49.944403729102085,short
227501,227515,win,49.944403729102085,33.29626915273472,49.944403729102085,short
227517,227526,win,49.944403729102085,33.29626915273472,49.944403729102085,short
227529,227530,loss,-33.29626915273472,33.29626915273472,49.944403729102085,short
227542,227565,loss,-33.29626915273472,33.29626915273472,49.944403729102085,short
227588,227597,win,49.944403729102085,33.29626915273472,49.944403729102085,long
227604,227609,win,49.944403729102085,33.29626915273472,49.944403729102085,short
227610,227626,loss,-33.29626915273472,33.29626915273472,49.944403729102085,short
227683,227702,win,49.944403729102085,33.29626915273472,49.944403729102085,long
227708,227719,loss,-33.29626915273472,33.29626915273472,49.944403729102085,short
227724,227735,win,49.944403729102085,33.29626915273472,49.944403729102085,long
227741,227742,win,49.944403729102085,33.29626915273472,49.944403729102085,short
227743,227745,loss,-33.29626915273472,33.29626915273472,49.944403729102085,short
227747,227749,loss,-33.29626915273472,33.29626915273472,49.944403729102085,short
227751,227769,loss,-33.29626915273472,33.29626915273472,49.944403729102085,short
227783,227801,loss,-33.29626915273472,33.29626915273472,49.944403729102085,short
227804,227805,loss,-33.29626915273472,33.29626915273472,49.944403729102085,long
227847,227855,win,49.944403729102085,33.29626915273472,49.944403729102085,long
227856,227857,loss,-33.29626915273472,33.29626915273472,49.944403729102085,long
227869,227874,loss,-33.29626915273472,33.29626915273472,49.944403729102085,short
227931,227947,loss,-33.29626915273472,33.29626915273472,49.944403729102085,long
227948,227949,win,49.944403729102085,33.29626915273472,49.944403729102085,short
227950,227952,win,49.944403729102085,33.29626915273472,49.944403729102085,short
227953,227955,loss,-33.29626915273472,33.29626915273472,49.944403729102085,short
227959,228003,loss,-33.29626915273472,33.29626915273472,49.944403729102085,short
228015,228019,loss,-33.29626915273472,33.29626915273472,49.944403729102085,long
228027,228028,loss,-33.29626915273472,33.29626915273472,49.944403729102085,short
228029,228031,loss,-33.29626915273472,33.29626915273472,49.944403729102085,short
228038,228082,win,49.944403729102085,33.29626915273472,49.944403729102085,long
228088,228108,loss,-33.29626915273472,33.29626915273472,49.944403729102085,short
228109,228111,loss,-33.29626915273472,33.29626915273472,49.944403729102085,long
228155,228162,loss,-33.29626915273472,33.29626915273472,49.944403729102085,short
228166,228171,loss,-33.29626915273472,33.29626915273472,49.944403729102085,short
228172,228202,win,49.944403729102085,33.29626915273472,49.944403729102085,long
228226,228230,loss,-33.29626915273472,33.29626915273472,49.944403729102085,short
228236,228238,loss,-33.29626915273472,33.29626915273472,49.944403729102085,short
228292,228293,win,49.944403729102085,33.29626915273472,49.944403729102085,long
228294,228295,loss,-33.29626915273472,33.29626915273472,49.944403729102085,long
228307,228308,loss,-33.29626915273472,33.29626915273472,49.944403729102085,short
228309,228310,win,49.944403729102085,33.29626915273472,49.944403729102085,short
228324,228336,loss,-33.29626915273472,33.29626915273472,49.944403729102085,long
228368,228371,loss,-33.29626915273472,33.29626915273472,49.944403729102085,long
228427,228428,win,49.944403729102085,33.29626915273472,49.944403729102085,short
228429,228431,loss,-33.29626915273472,33.29626915273472,49.944403729102085,short
228442,228457,loss,-33.29626915273472,33.29626915273472,49.944403729102085,long
228511,228564,win,49.944403729102085,33.29626915273472,49.944403729102085,long
228569,228570,win,49.944403729102085,33.29626915273472,49.944403729102085,long
228571,228577,loss,-33.29626915273472,33.29626915273472,49.944403729102085,long
228619,228628,loss,-33.29626915273472,33.29626915273472,49.944403729102085,short
228631,228634,loss,-33.29626915273472,33.29626915273472,49.944403729102085,short
228638,228639,loss,-33.29626915273472,33.29626915273472,49.944403729102085,long
228652,228669,loss,-33.29626915273472,33.29626915273472,49.944403729102085,short
228678,228692,loss,-33.29626915273472,33.29626915273472,49.944403729102085,short
228699,228703,win,49.944403729102085,33.29626915273472,49.944403729102085,short
228705,228706,loss,-33.29626915273472,33.29626915273472,49.944403729102085,short
228711,228717,win,49.944403729102085,33.29626915273472,49.944403729102085,long
228718,228770,loss,-33.29626915273472,33.29626915273472,49.944403729102085,long
228771,228772,loss,-33.29626915273472,33.29626915273472,49.944403729102085,short
228780,228798,loss,-33.29626915273472,33.29626915273472,49.944403729102085,short
228848,228852,loss,-33.29626915273472,33.29626915273472,49.944403729102085,short
228855,228889,loss,-33.29626915273472,33.29626915273472,49.944403729102085,short
228893,228910,loss,-33.29626915273472,33.29626915273472,49.944403729102085,long
228911,228913,win,49.944403729102085,33.29626915273472,49.944403729102085,short
228914,228915,win,49.944403729102085,33.29626915273472,49.944403729102085,short
228916,228919,loss,-33.29626915273472,33.29626915273472,49.944403729102085,short
228978,228983,loss,-33.29626915273472,33.29626915273472,49.944403729102085,long
228985,228987,loss,-33.29626915273472,33.29626915273472,49.944403729102085,short
228993,228998,loss,-33.29626915273472,33.29626915273472,49.944403729102085,long
228999,229032,win,49.944403729102085,33.29626915273472,49.944403729102085,long
229049,229055,loss,-33.29626915273472,33.29626915273472,49.944403729102085,long
229079,229099,loss,-33.29626915273472,33.29626915273472,49.944403729102085,short
229117,229118,loss,-33.29626915273472,33.29626915273472,49.944403729102085,short
229119,229121,loss,-33.29626915273472,33.29626915273472,49.944403729102085,short
229131,229147,win,49.944403729102085,33.29626915273472,49.944403729102085,long
229153,229159,loss,-33.29626915273472,33.29626915273472,49.944403729102085,long
229194,229198,loss,-33.29626915273472,33.29626915273472,49.944403729102085,short
229240,229278,loss,-33.29626915273472,33.29626915273472,49.944403729102085,long
229329,229336,loss,-33.29626915273472,33.29626915273472,49.944403729102085,short
229344,229370,win,49.944403729102085,33.29626915273472,49.944403729102085,long
229387,229392,win,49.944403729102085,33.29626915273472,49.944403729102085,short
229393,229419,loss,-33.29626915273472,33.29626915273472,49.944403729102085,short
229435,229439,loss,-33.29626915273472,33.29626915273472,49.944403729102085,short
229444,229448,loss,-33.29626915273472,33.29626915273472,49.944403729102085,short
229449,229453,win,49.944403729102085,33.29626915273472,49.944403729102085,long
229454,229457,loss,-33.29626915273472,33.29626915273472,49.944403729102085,long
229459,229463,win,49.944403729102085,33.29626915273472,49.944403729102085,long
229464,229467,win,49.944403729102085,33.29626915273472,49.944403729102085,long
229486,229506,loss,-33.29626915273472,33.29626915273472,49.944403729102085,short
229545,229579,win,49.944403729102085,33.29626915273472,49.944403729102085,long
229602,229608,loss,-33.29626915273472,33.29626915273472,49.944403729102085,short
229662,229715,win,49.944403729102085,33.29626915273472,49.944403729102085,long
229723,229732,loss,-33.29626915273472,33.29626915273472,49.944403729102085,short
229733,229741,loss,-33.29626915273472,33.29626915273472,49.944403729102085,long
229786,229788,loss,-33.29626915273472,33.29626915273472,49.944403729102085,short
229801,229804,win,49.944403729102085,33.29626915273472,49.944403729102085,long
229808,229809,win,49.944403729102085,33.29626915273472,49.944403729102085,long
229810,229812,win,49.944403729102085,33.29626915273472,49.944403729102085,long
229813,229834,loss,-33.29626915273472,33.29626915273472,49.944403729102085,long
229877,229878,win,49.944403729102085,33.29626915273472,49.944403729102085,long
229879,229881,loss,-33.29626915273472,33.29626915273472,49.944403729102085,long
229894,229915,loss,-33.29626915273472,33.29626915273472,49.944403729102085,short
229953,229954,loss,-33.29626915273472,33.29626915273472,49.944403729102085,short
229970,229990,loss,-33.29626915273472,33.29626915273472,49.944403729102085,short
230008,230010,win,49.944403729102085,33.29626915273472,49.944403729102085,long
230011,230012,win,49.944403729102085,33.29626915273472,49.944403729102085,long
230026,230029,loss,-33.29626915273472,33.29626915273472,49.944403729102085,short
230090,230105,loss,-33.29626915273472,33.29626915273472,49.944403729102085,short
230131,230135,win,49.944403729102085,33.29626915273472,49.944403729102085,long
230136,230141,loss,-33.29626915273472,33.29626915273472,49.944403729102085,long
230146,230147,loss,-33.29626915273472,33.29626915273472,49.944403729102085,long
230157,230158,loss,-33.29626915273472,33.29626915273472,49.944403729102085,long
230171,230176,loss,-33.29626915273472,33.29626915273472,49.944403729102085,short
230283,230284,loss,-33.29626915273472,33.29626915273472,49.944403729102085,short
230286,230287,loss,-33.29626915273472,33.29626915273472,49.944403729102085,short
230288,230289,win,49.944403729102085,33.29626915273472,49.944403729102085,short
230315,230347,win,49.944403729102085,33.29626915273472,49.944403729102085,long
230356,230357,loss,-33.29626915273472,33.29626915273472,49.944403729102085,long
230360,230362,win,49.944403729102085,33.29626915273472,49.944403729102085,long
230363,230367,win,49.944403729102085,33.29626915273472,49.944403729102085,long
230368,230373,loss,-33.29626915273472,33.29626915273472,49.944403729102085,long
230394,230403,win,49.944403729102085,33.29626915273472,49.944403729102085,short
230405,230414,loss,-33.29626915273472,33.29626915273472,49.944403729102085,short
230428,230431,win,49.944403729102085,33.29626915273472,49.944403729102085,short
230432,230436,loss,-33.29626915273472,33.29626915273472,49.944403729102085,short
230445,230471,win,49.944403729102085,33.29626915273472,49.944403729102085,long
230491,230493,loss,-33.29626915273472,33.29626915273472,49.944403729102085,short
230494,230495,loss,-33.29626915273472,33.29626915273472,49.944403729102085,short
230497,230498,loss,-33.29626915273472,33.29626915273472,49.944403729102085,short
230512,230517,win,49.944403729102085,33.29626915273472,49.944403729102085,short
230545,230550,win,49.944403729102085,33.29626915273472,49.944403729102085,long
230553,230557,win,49.944403729102085,33.29626915273472,49.944403729102085,long
230610,230616,win,49.944403729102085,33.29626915273472,49.944403729102085,short
230617,230618,loss,-33.29626915273472,33.29626915273472,49.944403729102085,short
230631,230633,loss,-33.29626915273472,33.29626915273472,49.944403729102085,long
230652,230685,loss,-33.29626915273472,33.29626915273472,49.944403729102085,long
230697,230702,loss,-33.29626915273472,33.29626915273472,49.944403729102085,short
230713,230715,win,49.944403729102085,33.29626915273472,49.944403729102085,long
230717,230718,loss,-33.29626915273472,33.29626915273472,49.944403729102085,long
230719,230724,win,49.944403729102085,33.29626915273472,49.944403729102085,long
230738,230748,loss,-33.29626915273472,33.29626915273472,49.944403729102085,short
230771,230772,win,49.944403729102085,33.29626915273472,49.944403729102085,short
230773,230775,win,49.944403729102085,33.29626915273472,49.944403729102085,short
230776,230778,loss,-33.29626915273472,33.29626915273472,49.944403729102085,short
230872,230877,loss,-33.29626915273472,33.29626915273472,49.944403729102085,long
230909,230922,loss,-33.29626915273472,33.29626915273472,49.944403729102085,long
230964,230966,win,49.944403729102085,33.29626915273472,49.944403729102085,long
230967,230969,win,49.944403729102085,33.29626915273472,49.944403729102085,long
230970,230974,loss,-33.29626915273472,33.29626915273472,49.944403729102085,long
230980,230982,win,49.944403729102085,33.29626915273472,49.944403729102085,short
230983,230986,loss,-33.29626915273472,33.29626915273472,49.944403729102085,short
231035,231038,win,49.944403729102085,33.29626915273472,49.944403729102085,long
231039,231041,loss,-33.29626915273472,33.29626915273472,49.944403729102085,long
231052,231058,loss,-33.29626915273472,33.29626915273472,49.944403729102085,short
231080,231082,loss,-33.29626915273472,33.29626915273472,49.944403729102085,short
231106,231111,win,49.944403729102085,33.29626915273472,49.944403729102085,long
231137,231138,win,49.944403729102085,33.29626915273472,49.944403729102085,long
231142,231144,win,49.944403729102085,33.29626915273472,49.944403729102085,long
231145,231146,loss,-33.29626915273472,33.29626915273472,49.944403729102085,long
231147,231154,win,49.944403729102085,33.29626915273472,49.944403729102085,long
231168,231172,win,49.944403729102085,33.29626915273472,49.944403729102085,short
231173,231176,win,49.944403729102085,33.29626915273472,49.944403729102085,short
231177,231182,loss,-33.29626915273472,33.29626915273472,49.944403729102085,short
231185,231186,win,49.944403729102085,33.29626915273472,49.944403729102085,short
231187,231188,loss,-33.29626915273472,33.29626915273472,49.944403729102085,short
231258,231259,win,49.944403729102085,33.29626915273472,49.944403729102085,short
231272,231276,win,49.944403729102085,33.29626915273472,49.944403729102085,long
231277,231280,loss,-33.29626915273472,33.29626915273472,49.944403729102085,long
231305,231308,loss,-33.29626915273472,33.29626915273472,49.944403729102085,short
231372,231386,win,49.944403729102085,33.29626915273472,49.944403729102085,short
231404,231405,win,49.944403729102085,33.29626915273472,49.944403729102085,long
231406,231407,win,49.944403729102085,33.29626915273472,49.944403729102085,long
231409,231410,loss,-33.29626915273472,33.29626915273472,49.944403729102085,short
231420,231422,win,49.944403729102085,33.29626915273472,49.944403729102085,short
231463,231464,win,49.944403729102085,33.29626915273472,49.944403729102085,long
231466,231468,loss,-33.29626915273472,33.29626915273472,49.944403729102085,long
231471,231477,loss,-33.29626915273472,33.29626915273472,49.944403729102085,long
231483,231484,win,49.944403729102085,33.29626915273472,49.944403729102085,short
231485,231486,loss,-33.29626915273472,33.29626915273472,49.944403729102085,short
231497,231498,loss,-33.29626915273472,33.29626915273472,49.944403729102085,long
231579,231583,win,49.944403729102085,33.29626915273472,49.944403729102085,long
231584,231586,win,49.944403729102085,33.29626915273472,49.944403729102085,long
231595,231596,loss,-33.29626915273472,33.29626915273472,49.944403729102085,short
231597,231598,loss,-33.29626915273472,33.29626915273472,49.944403729102085,short
231602,231603,win,49.944403729102085,33.29626915273472,49.944403729102085,short
231605,231606,loss,-33.29626915273472,33.29626915273472,49.944403729102085,short
231608,231611,loss,-33.29626915273472,33.29626915273472,49.944403729102085,short
231614,231618,loss,-33.29626915273472,33.29626915273472,49.944403729102085,short
231664,231665,loss,-33.29626915273472,33.29626915273472,49.944403729102085,short
231666,231667,loss,-33.29626915273472,33.29626915273472,49.944403729102085,short
231681,231682,loss,-33.29626915273472,33.29626915273472,49.944403729102085,long
231699,231705,win,49.944403729102085,33.29626915273472,49.944403729102085,long
231752,231755,win,49.944403729102085,33.29626915273472,49.944403729102085,long
231756,231758,loss,-33.29626915273472,33.29626915273472,49.944403729102085,long
231800,231804,loss,-33.29626915273472,33.29626915273472,49.944403729102085,short
231809,231810,loss,-33.29626915273472,33.29626915273472,49.944403729102085,long
231811,231812,loss,-33.29626915273472,33.29626915273472,49.944403729102085,short
231813,231814,win,49.944403729102085,33.29626915273472,49.944403729102085,short
231815,231816,loss,-33.29626915273472,33.29626915273472,49.944403729102085,short
231817,231818,loss,-33.29626915273472,33.29626915273472,49.944403729102085,short
231820,231821,win,49.944403729102085,33.29626915273472,49.944403729102085,short
231822,231823,loss,-33.29626915273472,33.29626915273472,49.944403729102085,short
231890,231891,win,49.944403729102085,33.29626915273472,49.944403729102085,long
231897,231898,loss,-33.29626915273472,33.29626915273472,49.944403729102085,long
231927,231932,loss,-33.29626915273472,33.29626915273472,49.944403729102085,short
231959,231963,loss,-33.29626915273472,33.29626915273472,49.944403729102085,long
232021,232022,win,49.944403729102085,33.29626915273472,49.944403729102085,short
232029,232030,loss,-33.29626915273472,33.29626915273472,49.944403729102085,short
232034,232035,loss,-33.29626915273472,33.29626915273472,49.944403729102085,short
232111,232113,loss,-33.29626915273472,33.29626915273472,49.944403729102085,short
232114,232115,loss,-33.29626915273472,33.29626915273472,49.944403729102085,long
232116,232117,loss,-33.29626915273472,33.29626915273472,49.944403729102085,long
232128,232130,loss,-33.29626915273472,33.29626915273472,49.944403729102085,short
232199,232201,loss,-33.29626915273472,33.29626915273472,49.944403729102085,short
232212,232213,win,49.944403729102085,33.29626915273472,49.944403729102085,short
232217,232218,loss,-33.29626915273472,33.29626915273472,49.944403729102085,short
232219,232220,loss,-33.29626915273472,33.29626915273472,49.944403729102085,short
232221,232222,loss,-33.29626915273472,33.29626915273472,49.944403729102085,short
232247,232249,loss,-33.29626915273472,33.29626915273472,49.944403729102085,long
232253,232254,loss,-33.29626915273472,33.29626915273472,49.944403729102085,short
232267,232268,loss,-33.29626915273472,33.29626915273472,49.944403729102085,long
232270,232272,loss,-33.29626915273472,33.29626915273472,49.944403729102085,long
232289,232290,loss,-33.29626915273472,33.29626915273472,49.944403729102085,long
232343,232344,win,49.944403729102085,33.29626915273472,49.944403729102085,short
232345,232347,loss,-33.29626915273472,33.29626915273472,49.944403729102085,short
232361,232362,win,49.944403729102085,33.29626915273472,49.944403729102085,long
232376,232379,win,49.944403729102085,33.29626915273472,49.944403729102085,short
232395,232397,loss,-33.29626915273472,33.29626915273472,49.944403729102085,short
232410,232423,win,49.944403729102085,33.29626915273472,49.944403729102085,long
232430,232431,loss,-33.29626915273472,33.29626915273472,49.944403729102085,long
232439,232457,loss,-33.29626915273472,33.29626915273472,49.944403729102085,long
232498,232500,loss,-33.29626915273472,33.29626915273472,49.944403729102085,short
232528,232529,loss,-33.29626915273472,33.29626915273472,49.944403729102085,short
232546,232553,win,49.944403729102085,33.29626915273472,49.944403729102085,long
232555,232559,loss,-33.29626915273472,33.29626915273472,49.944403729102085,long
232587,232600,win,49.944403729102085,33.29626915273472,49.944403729102085,short
232637,232638,loss,-33.29626915273472,33.29626915273472,49.944403729102085,short
232668,232673,loss,-33.29626915273472,33.29626915273472,49.944403729102085,long
232689,232691,win,49.944403729102085,33.29626915273472,49.944403729102085,long
232696,232702,win,49.944403729102085,33.29626915273472,49.944403729102085,long
232704,232705,loss,-33.29626915273472,33.29626915273472,49.944403729102085,long
232717,232718,win,49.944403729102085,33.29626915273472,49.944403729102085,long
232728,232739,loss,-33.29626915273472,33.29626915273472,49.944403729102085,long
232740,232747,win,49.944403729102085,33.29626915273472,49.944403729102085,short
232751,232752,win,49.944403729102085,33.29626915273472,49.944403729102085,short
232755,232759,win,49.944403729102085,33.29626915273472,49.944403729102085,short
232762,232764,loss,-33.29626915273472,33.29626915273472,49.944403729102085,short
232786,232789,loss,-33.29626915273472,33.29626915273472,49.944403729102085,long
232837,232838,loss,-33.29626915273472,33.29626915273472,49.944403729102085,long
232840,232841,loss,-33.29626915273472,33.29626915273472,49.944403729102085,short
232851,232852,loss,-33.29626915273472,33.29626915273472,49.944403729102085,short
232962,232977,loss,-33.29626915273472,33.29626915273472,49.944403729102085,short
232981,232982,loss,-33.29626915273472,33.29626915273472,49.944403729102085,long
233002,233010,loss,-33.29626915273472,33.29626915273472,49.944403729102085,long
233031,233033,loss,-33.29626915273472,33.29626915273472,49.944403729102085,short
233045,233046,loss,-33.29626915273472,33.29626915273472,49.944403729102085,long
233069,233081,loss,-33.29626915273472,33.29626915273472,49.944403729102085,short
233091,233094,loss,-33.29626915273472,33.29626915273472,49.944403729102085,long
233113,233115,loss,-33.29626915273472,33.29626915273472,49.944403729102085,long
233118,233119,loss,-33.29626915273472,33.29626915273472,49.944403729102085,long
233183,233184,loss,-33.29626915273472,33.29626915273472,49.944403729102085,short
233186,233187,loss,-33.29626915273472,33.29626915273472,49.944403729102085,short
233188,233189,win,49.944403729102085,33.29626915273472,49.944403729102085,short
233190,233192,loss,-33.29626915273472,33.29626915273472,49.944403729102085,short
233254,233255,loss,-33.29626915273472,33.29626915273472,49.944403729102085,long
233277,233289,win,49.944403729102085,33.29626915273472,49.944403729102085,long
233290,233302,loss,-33.29626915273472,33.29626915273472,49.944403729102085,long
233334,233337,win,49.944403729102085,33.29626915273472,49.944403729102085,long
233389,233390,win,49.944403729102085,33.29626915273472,49.944403729102085,long
233393,233394,loss,-33.29626915273472,33.29626915273472,49.944403729102085,short
233397,233399,loss,-33.29626915273472,33.29626915273472,49.944403729102085,long
233400,233404,win,49.944403729102085,33.29626915273472,49.944403729102085,long
233407,233418,win,49.944403729102085,33.29626915273472,49.944403729102085,long
233451,233459,win,49.944403729102085,33.29626915273472,49.944403729102085,short
233460,233461,loss,-33.29626915273472,33.29626915273472,49.944403729102085,short
233462,233463,loss,-33.29626915273472,33.29626915273472,49.944403729102085,short
233497,233498,loss,-33.29626915273472,33.29626915273472,49.944403729102085,long
233528,233529,win,49.944403729102085,33.29626915273472,49.944403729102085,long
233530,233533,win,49.944403729102085,33.29626915273472,49.944403729102085,long
233534,233535,loss,-33.29626915273472,33.29626915273472,49.944403729102085,long
233562,233564,win,49.944403729102085,33.29626915273472,49.944403729102085,long
233579,233580,loss,-33.29626915273472,33.29626915273472,49.944403729102085,short
233590,233593,win,49.944403729102085,33.29626915273472,49.944403729102085,short
233596,233597,win,49.944403729102085,33.29626915273472,49.944403729102085,short
233600,233601,win,49.944403729102085,33.29626915273472,49.944403729102085,short
233673,233674,loss,-33.29626915273472,33.29626915273472,49.944403729102085,long
233732,233733,loss,-33.29626915273472,33.29626915273472,49.944403729102085,short
233739,233740,loss,-33.29626915273472,33.29626915273472,49.944403729102085,short
233741,233742,loss,-33.29626915273472,33.29626915273472,49.944403729102085,short
233752,233764,loss,-33.29626915273472,33.29626915273472,49.944403729102085,short
233766,233769,loss,-33.29626915273472,33.29626915273472,49.944403729102085,long
233809,233810,win,49.944403729102085,33.29626915273472,49.944403729102085,short
233811,233813,loss,-33.29626915273472,33.29626915273472,49.944403729102085,short
233816,233818,win,49.944403729102085,33.29626915273472,49.944403729102085,short
233819,233820,loss,-33.29626915273472,33.29626915273472,49.944403729102085,short
233856,233874,win,49.944403729102085,33.29626915273472,49.944403729102085,long
233888,233889,loss,-33.29626915273472,33.29626915273472,49.944403729102085,short
233899,233906,loss,-33.29626915273472,33.29626915273472,49.944403729102085,long
233912,233916,loss,-33.29626915273472,33.29626915273472,49.944403729102085,long
233959,233961,loss,-33.29626915273472,33.29626915273472,49.944403729102085,short
234003,234004,loss,-33.29626915273472,33.29626915273472,49.944403729102085,long
234005,234006,loss,-33.29626915273472,33.29626915273472,49.944403729102085,long
234060,234062,win,49.944403729102085,33.29626915273472,49.944403729102085,short
234063,234064,loss,-33.29626915273472,33.29626915273472,49.944403729102085,short
234070,234073,win,49.944403729102085,33.29626915273472,49.944403729102085,short
234108,234111,loss,-33.29626915273472,33.29626915273472,49.944403729102085,long
234121,234123,loss,-33.29626915273472,33.29626915273472,49.944403729102085,short
234126,234136,win,49.944403729102085,33.29626915273472,49.944403729102085,long
234146,234148,loss,-33.29626915273472,33.29626915273472,49.944403729102085,long
234211,234213,loss,-33.29626915273472,33.29626915273472,49.944403729102085,long
234217,234218,win,49.944403729102085,33.29626915273472,49.944403729102085,short
234219,234220,loss,-33.29626915273472,33.29626915273472,49.944403729102085,short
234224,234225,win,49.944403729102085,33.29626915273472,49.944403729102085,short
234226,234230,win,49.944403729102085,33.29626915273472,49.944403729102085,short
234269,234274,win,49.944403729102085,33.29626915273472,49.944403729102085,long
234275,234278,loss,-33.29626915273472,33.29626915273472,49.944403729102085,long
234292,234293,win,49.944403729102085,33.29626915273472,49.944403729102085,long
234318,234325,loss,-33.29626915273472,33.29626915273472,49.944403729102085,short
234335,234338,win,49.944403729102085,33.29626915273472,49.944403729102085,short
234339,234341,loss,-33.29626915273472,33.29626915273472,49.944403729102085,short
234343,234348,loss,-33.29626915273472,33.29626915273472,49.944403729102085,short
234367,234387,win,49.944403729102085,33.29626915273472,49.944403729102085,long
234423,234424,loss,-33.29626915273472,33.29626915273472,49.944403729102085,long
234425,234427,win,49.944403729102085,33.29626915273472,49.944403729102085,long
234429,234452,win,49.944403729102085,33.29626915273472,49.944403729102085,long
234453,234454,loss,-33.29626915273472,33.29626915273472,49.944403729102085,long
234468,234469,loss,-33.29626915273472,33.29626915273472,49.944403729102085,short
234471,234474,win,49.944403729102085,33.29626915273472,49.944403729102085,short
234477,234486,loss,-33.29626915273472,33.29626915273472,49.944403729102085,short
234542,234543,win,49.944403729102085,33.29626915273472,49.944403729102085,short
234544,234545,win,49.944403729102085,33.29626915273472,49.944403729102085,short
234546,234549,win,49.944403729102085,33.29626915273472,49.944403729102085,short
234555,234556,win,49.944403729102085,33.29626915273472,49.944403729102085,short
234589,234599,loss,-33.29626915273472,33.29626915273472,49.944403729102085,long
234663,234680,loss,-33.29626915273472,33.29626915273472,49.944403729102085,short
234693,234695,loss,-33.29626915273472,33.29626915273472,49.944403729102085,long
234762,234763,loss,-33.29626915273472,33.29626915273472,49.944403729102085,long
234764,234765,loss,-33.29626915273472,33.29626915273472,49.944403729102085,long
234778,234779,win,49.944403729102085,33.29626915273472,49.944403729102085,short
234784,234785,loss,-33.29626915273472,33.29626915273472,49.944403729102085,short
234786,234794,win,49.944403729102085,33.29626915273472,49.944403729102085,short
234832,234833,loss,-33.29626915273472,33.29626915273472,49.944403729102085,long
234845,234866,loss,-33.29626915273472,33.29626915273472,49.944403729102085,short
234892,234894,win,49.944403729102085,33.29626915273472,49.944403729102085,long
234895,234896,loss,-33.29626915273472,33.29626915273472,49.944403729102085,long
234898,234900,loss,-33.29626915273472,33.29626915273472,49.944403729102085,long
234910,234911,loss,-33.29626915273472,33.29626915273472,49.944403729102085,short
234912,234915,loss,-33.29626915273472,33.29626915273472,49.944403729102085,short
234927,234935,win,49.944403729102085,33.29626915273472,49.944403729102085,short
234975,234978,loss,-33.29626915273472,33.29626915273472,49.944403729102085,long
235039,235040,win,49.944403729102085,33.29626915273472,49.944403729102085,long
235041,235042,win,49.944403729102085,33.29626915273472,49.944403729102085,long
235043,235046,loss,-33.29626915273472,33.29626915273472,49.944403729102085,long
235047,235053,win,49.944403729102085,33.29626915273472,49.944403729102085,long
235107,235108,loss,-33.29626915273472,33.29626915273472,49.944403729102085,short
235136,235139,loss,-33.29626915273472,33.29626915273472,49.944403729102085,long
235145,235148,win,49.944403729102085,33.29626915273472,49.944403729102085,long
235160,235163,loss,-33.29626915273472,33.29626915273472,49.944403729102085,short
235173,235175,win,49.944403729102085,33.29626915273472,49.944403729102085,long
235176,235177,loss,-33.29626915273472,33.29626915273472,49.944403729102085,long
235240,235241,win,49.944403729102085,33.29626915273472,49.944403729102085,short
235242,235243,win,49.944403729102085,33.29626915273472,49.944403729102085,short
235244,235245,win,49.944403729102085,33.29626915273472,49.944403729102085,short
235246,235248,loss,-33.29626915273472,33.29626915273472,49.944403729102085,short
235249,235252,win,49.944403729102085,33.29626915273472,49.944403729102085,short
235253,235259,loss,-33.29626915273472,33.29626915273472,49.944403729102085,short
235293,235297,loss,-33.29626915273472,33.29626915273472,49.944403729102085,long
235314,235318,loss,-33.29626915273472,33.29626915273472,49.944403729102085,long
235320,235343,loss,-33.29626915273472,33.29626915273472,49.944403729102085,long
235366,235373,loss,-33.29626915273472,33.29626915273472,49.944403729102085,long
235380,235381,win,49.944403729102085,33.29626915273472,49.944403729102085,short
235384,235385,win,49.944403729102085,33.29626915273472,49.944403729102085,short
235447,235448,win,49.944403729102085,33.29626915273472,49.944403729102085,short
235449,235450,loss,-33.29626915273472,33.29626915273472,49.944403729102085,short
235462,235475,loss,-33.29626915273472,33.29626915273472,49.944403729102085,long
235504,235512,win,49.944403729102085,33.29626915273472,49.944403729102085,long
235513,235514,win,49.944403729102085,33.29626915273472,49.944403729102085,long
235515,235519,win,49.944403729102085,33.29626915273472,49.944403729102085,long
235533,235549,win,49.944403729102085,33.29626915273472,49.944403729102085,short
235550,235553,loss,-33.29626915273472,33.29626915273472,49.944403729102085,short
235583,235586,loss,-33.29626915273472,33.29626915273472,49.944403729102085,long
235590,235592,loss,-33.29626915273472,33.29626915273472,49.944403729102085,short
235599,235629,win,49.944403729102085,33.29626915273472,49.944403729102085,short
235642,235648,win,49.944403729102085,33.29626915273472,49.944403729102085,long
235695,235700,loss,-33.29626915273472,33.29626915273472,49.944403729102085,short
235706,235707,loss,-33.29626915273472,33.29626915273472,49.944403729102085,short
235747,235761,loss,-33.29626915273472,33.29626915273472,49.944403729102085,long
235773,235776,win,49.944403729102085,33.29626915273472,49.944403729102085,long
235777,235781,loss,-33.29626915273472,33.29626915273472,49.944403729102085,long
235795,235796,loss,-33.29626915273472,33.29626915273472,49.944403729102085,long
235809,235821,loss,-33.29626915273472,33.29626915273472,49.944403729102085,short
235841,235845,loss,-33.29626915273472,33.29626915273472,49.944403729102085,short
235893,235907,win,49.944403729102085,33.29626915273472,49.944403729102085,long
235921,235922,loss,-33.29626915273472,33.29626915273472,49.944403729102085,short
235925,235926,loss,-33.29626915273472,33.29626915273472,49.944403729102085,long
235928,235929,win,49.944403729102085,33.29626915273472,49.944403729102085,long
235930,235936,win,49.944403729102085,33.29626915273472,49.944403729102085,long
235982,235984,loss,-33.29626915273472,33.29626915273472,49.944403729102085,short
236000,236004,loss,-33.29626915273472,33.29626915273472,49.944403729102085,short
236015,236025,win,49.944403729102085,33.29626915273472,49.944403729102085,long
236030,236044,loss,-33.29626915273472,33.29626915273472,49.944403729102085,long
236081,236095,win,49.944403729102085,33.29626915273472,49.944403729102085,long
236142,236146,win,49.944403729102085,33.29626915273472,49.944403729102085,short
236197,236198,win,49.944403729102085,33.29626915273472,49.944403729102085,long
236199,236200,win,49.944403729102085,33.29626915273472,49.944403729102085,long
236204,236205,loss,-33.29626915273472,33.29626915273472,49.944403729102085,long
236206,236207,loss,-33.29626915273472,33.29626915273472,49.944403729102085,long
236219,236233,win,49.944403729102085,33.29626915273472,49.944403729102085,short
236260,236266,win,49.944403729102085,33.29626915273472,49.944403729102085,short
236267,236268,loss,-33.29626915273472,33.29626915273472,49.944403729102085,short
236274,236282,win,49.944403729102085,33.29626915273472,49.944403729102085,long
236342,236344,win,49.944403729102085,33.29626915273472,49.944403729102085,long
236357,236370,loss,-33.29626915273472,33.29626915273472,49.944403729102085,short
236411,236412,win,49.944403729102085,33.29626915273472,49.944403729102085,long
236413,236415,loss,-33.29626915273472,33.29626915273472,49.944403729102085,long
236418,236420,win,49.944403729102085,33.29626915273472,49.944403729102085,long
236446,236454,win,49.944403729102085,33.29626915273472,49.944403729102085,short
236455,236458,loss,-33.29626915273472,33.29626915273472,49.944403729102085,short
236481,236482,loss,-33.29626915273472,33.29626915273472,49.944403729102085,short
236485,236487,loss,-33.29626915273472,33.29626915273472,49.944403729102085,short
236489,236490,loss,-33.29626915273472,33.29626915273472,49.944403729102085,short
236491,236493,loss,-33.29626915273472,33.29626915273472,49.944403729102085,short
236526,236530,loss,-33.29626915273472,33.29626915273472,49.944403729102085,long
236555,236560,win,49.944403729102085,33.29626915273472,49.944403729102085,short
236561,236562,win,49.944403729102085,33.29626915273472,49.944403729102085,short
236563,236574,win,49.944403729102085,33.29626915273472,49.944403729102085,short
236575,236577,win,49.944403729102085,33.29626915273472,49.944403729102085,short
236627,236637,win,49.944403729102085,33.29626915273472,49.944403729102085,long
236638,236646,loss,-33.29626915273472,33.29626915273472,49.944403729102085,long
236679,236680,loss,-33.29626915273472,33.29626915273472,49.944403729102085,short
236686,236688,loss,-33.29626915273472,33.29626915273472,49.944403729102085,short
236689,236691,loss,-33.29626915273472,33.29626915273472,49.944403729102085,short
236744,236749,loss,-33.29626915273472,33.29626915273472,49.944403729102085,long
236804,236817,loss,-33.29626915273472,33.29626915273472,49.944403729102085,short
236825,236826,loss,-33.29626915273472,33.29626915273472,49.944403729102085,long
236834,236840,win,49.944403729102085,33.29626915273472,49.944403729102085,short
236841,236845,win,49.944403729102085,33.29626915273472,49.944403729102085,short
236855,236856,loss,-33.29626915273472,33.29626915273472,49.944403729102085,short
236857,236860,win,49.944403729102085,33.29626915273472,49.944403729102085,short
236862,236866,win,49.944403729102085,33.29626915273472,49.944403729102085,short
236916,236922,loss,-33.29626915273472,33.29626915273472,49.944403729102085,long
236924,236927,win,49.944403729102085,33.29626915273472,49.944403729102085,long
236929,236931,loss,-33.29626915273472,33.29626915273472,49.944403729102085,long
236936,236937,loss,-33.29626915273472,33.29626915273472,49.944403729102085,long
236976,236979,loss,-33.29626915273472,33.29626915273472,49.944403729102085,short
236982,236992,loss,-33.29626915273472,33.29626915273472,49.944403729102085,long
236997,237013,win,49.944403729102085,33.29626915273472,49.944403729102085,short
237032,237033,win,49.944403729102085,33.29626915273472,49.944403729102085,short
237034,237035,loss,-33.29626915273472,33.29626915273472,49.944403729102085,short
237104,237105,loss,-33.29626915273472,33.29626915273472,49.944403729102085,short
237107,237108,win,49.944403729102085,33.29626915273472,49.944403729102085,long
237109,237110,loss,-33.29626915273472,33.29626915273472,49.944403729102085,long
237117,237129,loss,-33.29626915273472,33.29626915273472,49.944403729102085,long
237132,237135,loss,-33.29626915273472,33.29626915273472,49.944403729102085,short
237184,237185,loss,-33.29626915273472,33.29626915273472,49.944403729102085,long
237186,237193,loss,-33.29626915273472,33.29626915273472,49.944403729102085,long
237203,237207,loss,-33.29626915273472,33.29626915273472,49.944403729102085,short
237247,237249,loss,-33.29626915273472,33.29626915273472,49.944403729102085,short
237251,237253,loss,-33.29626915273472,33.29626915273472,49.944403729102085,short
237282,237286,loss,-33.29626915273472,33.29626915273472,49.944403729102085,long
237307,237308,win,49.944403729102085,33.29626915273472,49.944403729102085,short
237309,237310,loss,-33.29626915273472,33.29626915273472,49.944403729102085,short
237315,237317,loss,-33.29626915273472,33.29626915273472,49.944403729102085,short
237330,237331,loss,-33.29626915273472,33.29626915273472,49.944403729102085,long
237347,237348,loss,-33.29626915273472,33.29626915273472,49.944403729102085,long
237384,237385,loss,-33.29626915273472,33.29626915273472,49.944403729102085,long
237439,237441,loss,-33.29626915273472,33.29626915273472,49.944403729102085,short
237445,237446,loss,-33.29626915273472,33.29626915273472,49.944403729102085,short
237447,237448,loss,-33.29626915273472,33.29626915273472,49.944403729102085,short
237490,237492,loss,-33.29626915273472,33.29626915273472,49.944403729102085,long
237527,237528,loss,-33.29626915273472,33.29626915273472,49.944403729102085,short
237535,237541,loss,-33.29626915273472,33.29626915273472,49.944403729102085,short
237572,237573,win,49.944403729102085,33.29626915273472,49.944403729102085,long
237574,237575,win,49.944403729102085,33.29626915273472,49.944403729102085,long
237576,237577,loss,-33.29626915273472,33.29626915273472,49.944403729102085,long
237580,237581,loss,-33.29626915273472,33.29626915273472,49.944403729102085,long
237582,237584,loss,-33.29626915273472,33.29626915273472,49.944403729102085,long
237612,237613,loss,-33.29626915273472,33.29626915273472,49.944403729102085,short
237616,237625,win,49.944403729102085,33.29626915273472,49.944403729102085,short
237628,237631,loss,-33.29626915273472,33.29626915273472,49.944403729102085,short
237666,237673,loss,-33.29626915273472,33.29626915273472,49.944403729102085,short
237699,237704,win,49.944403729102085,33.29626915273472,49.944403729102085,long
237724,237726,win,49.944403729102085,33.29626915273472,49.944403729102085,long
237727,237731,win,49.944403729102085,33.29626915273472,49.944403729102085,long
237749,237750,win,49.944403729102085,33.29626915273472,49.944403729102085,short
237751,237752,loss,-33.29626915273472,33.29626915273472,49.944403729102085,short
237755,237759,loss,-33.29626915273472,33.29626915273472,49.944403729102085,short
237760,237769,loss,-33.29626915273472,33.29626915273472,49.944403729102085,short
237823,237824,loss,-33.29626915273472,33.29626915273472,49.944403729102085,short
237834,237835,loss,-33.29626915273472,33.29626915273472,49.944403729102085,short
237837,237841,win,49.944403729102085,33.29626915273472,49.944403729102085,long
237842,237844,loss,-33.29626915273472,33.29626915273472,49.944403729102085,long
237855,237856,win,49.944403729102085,33.29626915273472,49.944403729102085,short
237859,237862,win,49.944403729102085,33.29626915273472,49.944403729102085,short
237863,237865,win,49.944403729102085,33.29626915273472,49.944403729102085,short
237924,237925,loss,-33.29626915273472,33.29626915273472,49.944403729102085,short
237938,237942,win,49.944403729102085,33.29626915273472,49.944403729102085,long
237985,237987,win,49.944403729102085,33.29626915273472,49.944403729102085,long
237988,237989,win,49.944403729102085,33.29626915273472,49.944403729102085,long
237990,237992,win,49.944403729102085,33.29626915273472,49.944403729102085,long
237993,237994,win,49.944403729102085,33.29626915273472,49.944403729102085,long
237995,237996,loss,-33.29626915273472,33.29626915273472,49.944403729102085,long
238025,238026,loss,-33.29626915273472,33.29626915273472,49.944403729102085,short
238027,238029,win,49.944403729102085,33.29626915273472,49.944403729102085,short
238071,238095,win,49.944403729102085,33.29626915273472,49.944403729102085,long
238116,238118,win,49.944403729102085,33.29626915273472,49.944403729102085,long
238119,238129,win,49.944403729102085,33.29626915273472,49.944403729102085,long
238137,238138,loss,-33.29626915273472,33.29626915273472,49.944403729102085,short
238139,238140,win,49.944403729102085,33.29626915273472,49.944403729102085,short
238215,238216,loss,-33.29626915273472,33.29626915273472,49.944403729102085,long
238217,238218,loss,-33.29626915273472,33.29626915273472,49.944403729102085,long
238270,238271,loss,-33.29626915273472,33.29626915273472,49.944403729102085,short
238272,238273,loss,-33.29626915273472,33.29626915273472,49.944403729102085,short
238287,238297,win,49.944403729102085,33.29626915273472,49.944403729102085,long
238300,238306,loss,-33.29626915273472,33.29626915273472,49.944403729102085,long
238341,238342,win,49.944403729102085,33.29626915273472,49.944403729102085,long
238343,238344,win,49.944403729102085,33.29626915273472,49.944403729102085,long
238345,238346,loss,-33.29626915273472,33.29626915273472,49.944403729102085,long
238356,238365,loss,-33.29626915273472,33.29626915273472,49.944403729102085,short
238410,238418,loss,-33.29626915273472,33.29626915273472,49.944403729102085,short
238488,238492,win,49.944403729102085,33.29626915273472,49.944403729102085,long
238517,238520,win,49.944403729102085,33.29626915273472,49.944403729102085,short
238521,238524,win,49.944403729102085,33.29626915273472,49.944403729102085,short
238543,238544,loss,-33.29626915273472,33.29626915273472,49.944403729102085,short
238575,238587,win,49.944403729102085,33.29626915273472,49.944403729102085,long
238613,238614,loss,-33.29626915273472,33.29626915273472,49.944403729102085,short
238683,238686,win,49.944403729102085,33.29626915273472,49.944403729102085,short
238687,238688,loss,-33.29626915273472,33.29626915273472,49.944403729102085,short
238691,238692,loss,-33.29626915273472,33.29626915273472,49.944403729102085,short
238693,238696,win,49.944403729102085,33.29626915273472,49.944403729102085,short
238734,238738,win,49.944403729102085,33.29626915273472,49.944403729102085,long
238739,238740,loss,-33.29626915273472,33.29626915273472,49.944403729102085,long
238779,238781,loss,-33.29626915273472,33.29626915273472,49.944403729102085,short
238800,238804,loss,-33.29626915273472,33.29626915273472,49.944403729102085,long
238810,238811,loss,-33.29626915273472,33.29626915273472,49.944403729102085,short
238815,238816,win,49.944403729102085,33.29626915273472,49.944403729102085,short
238818,238819,win,49.944403729102085,33.29626915273472,49.944403729102085,short
238830,238833,win,49.944403729102085,33.29626915273472,49.944403729102085,long
238886,238887,win,49.944403729102085,33.29626915273472,49.944403729102085,long
238939,238950,win,49.944403729102085,33.29626915273472,49.944403729102085,long
238957,238964,loss,-33.29626915273472,33.29626915273472,49.944403729102085,short
239019,239020,loss,-33.29626915273472,33.29626915273472,49.944403729102085,long
239022,239023,loss,-33.29626915273472,33.29626915273472,49.944403729102085,short
239024,239025,win,49.944403729102085,33.29626915273472,49.944403729102085,short
239030,239032,win,49.944403729102085,33.29626915273472,49.944403729102085,short
239033,239034,loss,-33.29626915273472,33.29626915273472,49.944403729102085,short
239109,239145,loss,-33.29626915273472,33.29626915273472,49.944403729102085,long
239167,239186,win,49.944403729102085,33.29626915273472,49.944403729102085,long
239219,239224,loss,-33.29626915273472,33.29626915273472,49.944403729102085,short
239225,239226,loss,-33.29626915273472,33.29626915273472,49.944403729102085,short
239227,239228,loss,-33.29626915273472,33.29626915273472,49.944403729102085,short
239229,239230,loss,-33.29626915273472,33.29626915273472,49.944403729102085,short
239231,239234,loss,-33.29626915273472,33.29626915273472,49.944403729102085,short
239241,239272,win,49.944403729102085,33.29626915273472,49.944403729102085,long
239296,239297,loss,-33.29626915273472,33.29626915273472,49.944403729102085,long
239298,239299,win,49.944403729102085,33.29626915273472,49.944403729102085,long
239302,239303,loss,-33.29626915273472,33.29626915273472,49.944403729102085,long
239304,239306,loss,-33.29626915273472,33.29626915273472,49.944403729102085,long
239362,239364,loss,-33.29626915273472,33.29626915273472,49.944403729102085,short
239368,239374,win,49.944403729102085,33.29626915273472,49.944403729102085,long
239375,239376,loss,-33.29626915273472,33.29626915273472,49.944403729102085,long
239388,239402,loss,-33.29626915273472,33.29626915273472,49.944403729102085,short
239427,239431,loss,-33.29626915273472,33.29626915273472,49.944403729102085,short
239489,239491,loss,-33.29626915273472,33.29626915273472,49.944403729102085,long
239497,239499,loss,-33.29626915273472,33.29626915273472,49.944403729102085,short
239502,239503,loss,-33.29626915273472,33.29626915273472,49.944403729102085,short
239512,239518,loss,-33.29626915273472,33.29626915273472,49.944403729102085,short
239526,239537,win,49.944403729102085,33.29626915273472,49.944403729102085,long
239587,239588,loss,-33.29626915273472,33.29626915273472,49.944403729102085,short
239589,239590,loss,-33.29626915273472,33.29626915273472,49.944403729102085,long
239591,239592,win,49.944403729102085,33.29626915273472,49.944403729102085,short
239593,239594,loss,-33.29626915273472,33.29626915273472,49.944403729102085,short
239602,239606,win,49.944403729102085,33.29626915273472,49.944403729102085,short
239693,239697,win,49.944403729102085,33.29626915273472,49.944403729102085,long
239698,239700,loss,-33.29626915273472,33.29626915273472,49.944403729102085,long
239713,239714,loss,-33.29626915273472,33.29626915273472,49.944403729102085,short
239764,239765,loss,-33.29626915273472,33.29626915273472,49.944403729102085,short
239767,239769,loss,-33.29626915273472,33.29626915273472,49.944403729102085,short
239782,239783,loss,-33.29626915273472,33.29626915273472,49.944403729102085,long
239828,239832,win,49.944403729102085,33.29626915273472,49.944403729102085,short
239833,239840,loss,-33.29626915273472,33.29626915273472,49.944403729102085,short
239854,239857,loss,-33.29626915273472,33.29626915273472,49.944403729102085,long
239858,239860,win,49.944403729102085,33.29626915273472,49.944403729102085,long
239943,239948,loss,-33.29626915273472,33.29626915273472,49.944403729102085,long
239980,239981,win,49.944403729102085,33.29626915273472,49.944403729102085,long
239982,239983,loss,-33.29626915273472,33.29626915273472,49.944403729102085,long
239987,239988,loss,-33.29626915273472,33.29626915273472,49.944403729102085,short
239989,239990,loss,-33.29626915273472,33.29626915273472,49.944403729102085,short
239996,240000,loss,-33.29626915273472,33.29626915273472,49.944403729102085,short
240061,240063,loss,-33.29626915273472,33.29626915273472,49.944403729102085,short
240064,240065,loss,-33.29626915273472,33.29626915273472,49.944403729102085,short
240068,240070,win,49.944403729102085,33.29626915273472,49.944403729102085,short
240079,240083,win,49.944403729102085,33.29626915273472,49.944403729102085,long
240084,240089,loss,-33.29626915273472,33.29626915273472,49.944403729102085,long
240155,240170,win,49.944403729102085,33.29626915273472,49.944403729102085,long
240195,240196,win,49.944403729102085,33.29626915273472,49.944403729102085,long
240210,240214,win,49.944403729102085,33.29626915273472,49.944403729102085,short
240219,240226,win,49.944403729102085,33.29626915273472,49.944403729102085,short
240240,240244,loss,-33.29626915273472,33.29626915273472,49.944403729102085,short
240283,240297,loss,-33.29626915273472,33.29626915273472,49.944403729102085,long
240318,240328,loss,-33.29626915273472,33.29626915273472,49.944403729102085,short
240342,240343,loss,-33.29626915273472,33.29626915273472,49.944403729102085,long
240345,240356,loss,-33.29626915273472,33.29626915273472,49.944403729102085,long
240399,240400,loss,-33.29626915273472,33.29626915273472,49.944403729102085,short
240414,240419,loss,-33.29626915273472,33.29626915273472,49.944403729102085,long
240461,240468,loss,-33.29626915273472,33.29626915273472,49.944403729102085,long
240543,240545,win,49.944403729102085,33.29626915273472,49.944403729102085,short
240546,240547,loss,-33.29626915273472,33.29626915273472,49.944403729102085,short
240550,240551,loss,-33.29626915273472,33.29626915273472,49.944403729102085,short
240560,240573,loss,-33.29626915273472,33.29626915273472,49.944403729102085,long
240619,240643,loss,-33.29626915273472,33.29626915273472,49.944403729102085,short
240646,240649,loss,-33.29626915273472,33.29626915273472,49.944403729102085,long
240676,240677,loss,-33.29626915273472,33.29626915273472,49.944403729102085,long
240679,240681,loss,-33.29626915273472,33.29626915273472,49.944403729102085,long
240686,240688,loss,-33.29626915273472,33.29626915273472,49.944403729102085,long
240732,240742,loss,-33.29626915273472,33.29626915273472,49.944403729102085,short
240754,240765,loss,-33.29626915273472,33.29626915273472,49.944403729102085,long
240770,240771,loss,-33.29626915273472,33.29626915273472,49.944403729102085,short
240772,240776,win,49.944403729102085,33.29626915273472,49.944403729102085,short
240870,240872,loss,-33.29626915273472,33.29626915273472,49.944403729102085,long
240874,240880,loss,-33.29626915273472,33.29626915273472,49.944403729102085,long
240893,240894,loss,-33.29626915273472,33.29626915273472,49.944403729102085,long
240955,240956,loss,-33.29626915273472,33.29626915273472,49.944403729102085,short
240957,240958,win,49.944403729102085,33.29626915273472,49.944403729102085,short
240962,240964,loss,-33.29626915273472,33.29626915273472,49.944403729102085,short
241026,241028,loss,-33.29626915273472,33.29626915273472,49.944403729102085,long
241034,241037,loss,-33.29626915273472,33.29626915273472,49.944403729102085,long
241057,241059,win,49.944403729102085,33.29626915273472,49.944403729102085,long
241139,241141,loss,-33.29626915273472,33.29626915273472,49.944403729102085,short
241143,241144,loss,-33.29626915273472,33.29626915273472,49.944403729102085,short
241164,241165,win,49.944403729102085,33.29626915273472,49.944403729102085,short
241166,241167,loss,-33.29626915273472,33.29626915273472,49.944403729102085,short
241168,241171,loss,-33.29626915273472,33.29626915273472,49.944403729102085,short
241176,241178,win,49.944403729102085,33.29626915273472,49.944403729102085,short
241191,241194,win,49.944403729102085,33.29626915273472,49.944403729102085,long
241198,241202,win,49.944403729102085,33.29626915273472,49.944403729102085,long
241203,241206,loss,-33.29626915273472,33.29626915273472,49.944403729102085,long
241263,241270,loss,-33.29626915273472,33.29626915273472,49.944403729102085,short
241277,241278,loss,-33.29626915273472,33.29626915273472,49.944403729102085,long
241280,241284,win,49.944403729102085,33.29626915273472,49.944403729102085,long
241297,241298,win,49.944403729102085,33.29626915273472,49.944403729102085,short
241299,241300,loss,-33.29626915273472,33.29626915273472,49.944403729102085,short
241301,241302,loss,-33.29626915273472,33.29626915273472,49.944403729102085,short
241303,241304,win,49.944403729102085,33.29626915273472,49.944403729102085,short
241371,241372,loss,-33.29626915273472,33.29626915273472,49.944403729102085,short
241436,241439,win,49.944403729102085,33.29626915273472,49.944403729102085,long
241440,241442,win,49.944403729102085,33.29626915273472,49.944403729102085,long
241469,241471,loss,-33.29626915273472,33.29626915273472,49.944403729102085,short
241473,241482,loss,-33.29626915273472,33.29626915273472,49.944403729102085,short
241569,241574,loss,-33.29626915273472,33.29626915273472,49.944403729102085,short
241577,241578,loss,-33.29626915273472,33.29626915273472,49.944403729102085,long
241579,241580,loss,-33.29626915273472,33.29626915273472,49.944403729102085,long
241583,241584,loss,-33.29626915273472,33.29626915273472,49.944403729102085,long
241586,241592,win,49.944403729102085,33.29626915273472,49.944403729102085,long
241636,241640,win,49.944403729102085,33.29626915273472,49.944403729102085,short
241644,241645,loss,-33.29626915273472,33.29626915273472,49.944403729102085,short
241649,241650,loss,-33.29626915273472,33.29626915273472,49.944403729102085,short
241713,241714,win,49.944403729102085,33.29626915273472,49.944403729102085,short
241715,241716,win,49.944403729102085,33.29626915273472,49.944403729102085,short
241717,241718,loss,-33.29626915273472,33.29626915273472,49.944403729102085,short
241719,241720,loss,-33.29626915273472,33.29626915273472,49.944403729102085,short
241731,241735,loss,-33.29626915273472,33.29626915273472,49.944403729102085,long
241786,241792,win,49.944403729102085,33.29626915273472,49.944403729102085,short
241793,241794,win,49.944403729102085,33.29626915273472,49.944403729102085,short
241795,241805,win,49.944403729102085,33.29626915273472,49.944403729102085,short
241819,241826,loss,-33.29626915273472,33.29626915273472,49.944403729102085,long
241849,241851,loss,-33.29626915273472,33.29626915273472,49.944403729102085,long
241864,241881,win,49.944403729102085,33.29626915273472,49.944403729102085,short
241899,241901,loss,-33.29626915273472,33.29626915273472,49.944403729102085,long
241949,241950,loss,-33.29626915273472,33.29626915273472,49.944403729102085,short
241955,241956,win,49.944403729102085,33.29626915273472,49.944403729102085,short
241957,241958,loss,-33.29626915273472,33.29626915273472,49.944403729102085,short
241965,241966,loss,-33.29626915273472,33.29626915273472,49.944403729102085,short
241979,241980,loss,-33.29626915273472,33.29626915273472,49.944403729102085,long
241986,241987,loss,-33.29626915273472,33.29626915273472,49.944403729102085,short
241989,241990,loss,-33.29626915273472,33.29626915273472,49.944403729102085,short
242047,242053,win,49.944403729102085,33.29626915273472,49.944403729102085,long
242055,242057,win,49.944403729102085,33.29626915273472,49.944403729102085,long
242058,242060,win,49.944403729102085,33.29626915273472,49.944403729102085,long
242061,242063,loss,-33.29626915273472,33.29626915273472,49.944403729102085,long
242090,242095,win,49.944403729102085,33.29626915273472,49.944403729102085,short
242098,242103,win,49.944403729102085,33.29626915273472,49.944403729102085,short
242140,242144,loss,-33.29626915273472,33.29626915273472,49.944403729102085,short
242158,242160,win,49.944403729102085,33.29626915273472,49.944403729102085,short
242184,242185,loss,-33.29626915273472,33.29626915273472,49.944403729102085,long
242193,242194,win,49.944403729102085,33.29626915273472,49.944403729102085,short
242195,242196,win,49.944403729102085,33.29626915273472,49.944403729102085,short
242197,242198,loss,-33.29626915273472,33.29626915273472,49.944403729102085,short
242214,242218,loss,-33.29626915273472,33.29626915273472,49.944403729102085,long
242221,242226,loss,-33.29626915273472,33.29626915273472,49.944403729102085,long
242262,242264,win,49.944403729102085,33.29626915273472,49.944403729102085,long
242265,242266,loss,-33.29626915273472,33.29626915273472,49.944403729102085,long
242340,242341,win,49.944403729102085,33.29626915273472,49.944403729102085,short
242342,242345,loss,-33.29626915273472,33.29626915273472,49.944403729102085,short
242346,242351,win,49.944403729102085,33.29626915273472,49.944403729102085,short
242402,242404,loss,-33.29626915273472,33.29626915273472,49.944403729102085,long
242406,242408,win,49.944403729102085,33.29626915273472,49.944403729102085,long
242495,242501,win,49.944403729102085,33.29626915273472,49.944403729102085,long
242502,242503,loss,-33.29626915273472,33.29626915273472,49.944403729102085,long
242504,242507,loss,-33.29626915273472,33.29626915273472,49.944403729102085,long
242589,242593,loss,-33.29626915273472,33.29626915273472,49.944403729102085,short
242605,242606,loss,-33.29626915273472,33.29626915273472,49.944403729102085,long
242609,242610,loss,-33.29626915273472,33.29626915273472,49.944403729102085,short
242611,242612,loss,-33.29626915273472,33.29626915273472,49.944403729102085,short
242613,242615,loss,-33.29626915273472,33.29626915273472,49.944403729102085,short
242659,242663,loss,-33.29626915273472,33.29626915273472,49.944403729102085,short
242676,242677,loss,-33.29626915273472,33.29626915273472,49.944403729102085,long
242679,242680,loss,-33.29626915273472,33.29626915273472,49.944403729102085,long
242681,242682,loss,-33.29626915273472,33.29626915273472,49.944403729102085,long
242683,242687,win,49.944403729102085,33.29626915273472,49.944403729102085,long
242744,242747,loss,-33.29626915273472,33.29626915273472,49.944403729102085,short
242749,242750,loss,-33.29626915273472,33.29626915273472,49.944403729102085,short
242752,242755,win,49.944403729102085,33.29626915273472,49.944403729102085,short
242783,242784,loss,-33.29626915273472,33.29626915273472,49.944403729102085,long
242788,242790,loss,-33.29626915273472,33.29626915273472,49.944403729102085,long
242799,242801,loss,-33.29626915273472,33.29626915273472,49.944403729102085,long
242803,242805,win,49.944403729102085,33.29626915273472,49.944403729102085,long
242814,242817,win,49.944403729102085,33.29626915273472,49.944403729102085,short
242839,242840,loss,-33.29626915273472,33.29626915273472,49.944403729102085,long
242841,242844,loss,-33.29626915273472,33.29626915273472,49.944403729102085,long
242853,242854,win,49.944403729102085,33.29626915273472,49.944403729102085,short
242855,242856,loss,-33.29626915273472,33.29626915273472,49.944403729102085,short
242898,242901,loss,-33.29626915273472,33.29626915273472,49.944403729102085,short
242925,242927,loss,-33.29626915273472,33.29626915273472,49.944403729102085,long
243026,243027,loss,-33.29626915273472,33.29626915273472,49.944403729102085,short
243030,243032,win,49.944403729102085,33.29626915273472,49.944403729102085,short
243036,243040,win,49.944403729102085,33.29626915273472,49.944403729102085,short
243070,243076,win,49.944403729102085,33.29626915273472,49.944403729102085,long
243077,243094,loss,-33.29626915273472,33.29626915273472,49.944403729102085,long
243119,243126,win,49.944403729102085,33.29626915273472,49.944403729102085,long
243128,243134,loss,-33.29626915273472,33.29626915273472,49.944403729102085,long
243168,243173,win,49.944403729102085,33.29626915273472,49.944403729102085,short
243174,243176,win,49.944403729102085,33.29626915273472,49.944403729102085,short
243177,243178,win,49.944403729102085,33.29626915273472,49.944403729102085,short
243179,243180,loss,-33.29626915273472,33.29626915273472,49.944403729102085,short
243198,243202,win,49.944403729102085,33.29626915273472,49.944403729102085,long
243203,243208,win,49.944403729102085,33.29626915273472,49.944403729102085,long
243209,243211,loss,-33.29626915273472,33.29626915273472,49.944403729102085,long
243300,243303,win,49.944403729102085,33.29626915273472,49.944403729102085,short
243329,243335,loss,-33.29626915273472,33.29626915273472,49.944403729102085,long
243357,243359,win,49.944403729102085,33.29626915273472,49.944403729102085,long
243365,243370,loss,-33.29626915273472,33.29626915273472,49.944403729102085,long
243412,243416,loss,-33.29626915273472,33.29626915273472,49.944403729102085,short
243427,243429,loss,-33.29626915273472,33.29626915273472,49.944403729102085,short
243431,243432,win,49.944403729102085,33.29626915273472,49.944403729102085,short
243433,243441,loss,-33.29626915273472,33.29626915273472,49.944403729102085,short
243468,243477,win,49.944403729102085,33.29626915273472,49.944403729102085,long
243579,243591,loss,-33.29626915273472,33.29626915273472,49.944403729102085,short
243627,243628,loss,-33.29626915273472,33.29626915273472,49.944403729102085,long
243630,243632,win,49.944403729102085,33.29626915273472,49.944403729102085,long
243633,243635,loss,-33.29626915273472,33.29626915273472,49.944403729102085,long
243671,243673,win,49.944403729102085,33.29626915273472,49.944403729102085,short
243674,243675,loss,-33.29626915273472,33.29626915273472,49.944403729102085,short
243687,243698,loss,-33.29626915273472,33.29626915273472,49.944403729102085,long
243731,243735,win,49.944403729102085,33.29626915273472,49.944403729102085,short
243770,243771,loss,-33.29626915273472,33.29626915273472,49.944403729102085,short
243774,243775,loss,-33.29626915273472,33.29626915273472,49.944403729102085,short
243776,243779,loss,-33.29626915273472,33.29626915273472,49.944403729102085,short
243807,243815,loss,-33.29626915273472,33.29626915273472,49.944403729102085,long
243872,243880,loss,-33.29626915273472,33.29626915273472,49.944403729102085,long
243881,243890,win,49.944403729102085,33.29626915273472,49.944403729102085,long
243891,243899,win,49.944403729102085,33.29626915273472,49.944403729102085,long
243900,243902,loss,-33.29626915273472,33.29626915273472,49.944403729102085,long
243962,243965,loss,-33.29626915273472,33.29626915273472,49.944403729102085,short
243966,243969,loss,-33.29626915273472,33.29626915273472,49.944403729102085,short
243970,243972,loss,-33.29626915273472,33.29626915273472,49.944403729102085,short
243989,243996,loss,-33.29626915273472,33.29626915273472,49.944403729102085,long
244044,244046,win,49.944403729102085,33.29626915273472,49.944403729102085,short
244047,244053,win,49.944403729102085,33.29626915273472,49.944403729102085,short
244060,244061,loss,-33.29626915273472,33.29626915273472,49.944403729102085,short
244062,244063,loss,-33.29626915273472,33.29626915273472,49.944403729102085,short
244064,244065,loss,-33.29626915273472,33.29626915273472,49.944403729102085,short
244067,244069,loss,-33.29626915273472,33.29626915273472,49.944403729102085,short
244077,244079,loss,-33.29626915273472,33.29626915273472,49.944403729102085,long
244081,244082,loss,-33.29626915273472,33.29626915273472,49.944403729102085,long
244184,244185,loss,-33.29626915273472,33.29626915273472,49.944403729102085,long
244186,244187,win,49.944403729102085,33.29626915273472,49.944403729102085,long
244188,244189,loss,-33.29626915273472,33.29626915273472,49.944403729102085,long
244203,244212,win,49.944403729102085,33.29626915273472,49.944403729102085,short
244214,244216,loss,-33.29626915273472,33.29626915273472,49.944403729102085,short
244276,244286,win,49.944403729102085,33.29626915273472,49.944403729102085,long
244410,244424,loss,-33.29626915273472,33.29626915273472,49.944403729102085,short
244429,244444,win,49.944403729102085,33.29626915273472,49.944403729102085,short
244450,244452,loss,-33.29626915273472,33.29626915273472,49.944403729102085,short
244454,244466,win,49.944403729102085,33.29626915273472,49.944403729102085,short
244470,244473,win,49.944403729102085,33.29626915273472,49.944403729102085,long
244519,244520,win,49.944403729102085,33.29626915273472,49.944403729102085,short
244521,244523,win,49.944403729102085,33.29626915273472,49.944403729102085,short
244526,244527,loss,-33.29626915273472,33.29626915273472,49.944403729102085,short
244589,244612,win,49.944403729102085,33.29626915273472,49.944403729102085,long
244657,244662,loss,-33.29626915273472,33.29626915273472,49.944403729102085,long
244663,244664,loss,-33.29626915273472,33.29626915273472,49.944403729102085,long
244673,244681,loss,-33.29626915273472,33.29626915273472,49.944403729102085,short
244700,244708,loss,-33.29626915273472,33.29626915273472,49.944403729102085,short
244723,244724,loss,-33.29626915273472,33.29626915273472,49.944403729102085,short
244725,244726,loss,-33.29626915273472,33.29626915273472,49.944403729102085,short
244727,244739,win,49.944403729102085,33.29626915273472,49.944403729102085,short
244744,244750,win,49.944403729102085,33.29626915273472,49.944403729102085,long
244751,244753,loss,-33.29626915273472,33.29626915273472,49.944403729102085,long
244781,244782,win,49.944403729102085,33.29626915273472,49.944403729102085,long
244783,244786,win,49.944403729102085,33.29626915273472,49.944403729102085,long
244788,244789,loss,-33.29626915273472,33.29626915273472,49.944403729102085,short
244857,244858,loss,-33.29626915273472,33.29626915273472,49.944403729102085,long
244861,244862,win,49.944403729102085,33.29626915273472,49.944403729102085,short
244863,244864,loss,-33.29626915273472,33.29626915273472,49.944403729102085,short
244868,244874,win,49.944403729102085,33.29626915273472,49.944403729102085,short
244927,244928,win,49.944403729102085,33.29626915273472,49.944403729102085,long
244929,244931,win,49.944403729102085,33.29626915273472,49.944403729102085,long
244932,244937,loss,-33.29626915273472,33.29626915273472,49.944403729102085,long
244938,244939,loss,-33.29626915273472,33.29626915273472,49.944403729102085,short
244941,244942,loss,-33.29626915273472,33.29626915273472,49.944403729102085,short
244992,244996,loss,-33.29626915273472,33.29626915273472,49.944403729102085,long
245006,245008,loss,-33.29626915273472,33.29626915273472,49.944403729102085,short
245063,245064,loss,-33.29626915273472,33.29626915273472,49.944403729102085,short
245073,245074,loss,-33.29626915273472,33.29626915273472,49.944403729102085,long
245075,245077,loss,-33.29626915273472,33.29626915273472,49.944403729102085,long
245125,245128,win,49.944403729102085,33.29626915273472,49.944403729102085,short
245129,245130,loss,-33.29626915273472,33.29626915273472,49.944403729102085,short
245131,245132,win,49.944403729102085,33.29626915273472,49.944403729102085,short
245133,245136,loss,-33.29626915273472,33.29626915273472,49.944403729102085,short
245159,245175,win,49.944403729102085,33.29626915273472,49.944403729102085,long
245227,245232,loss,-33.29626915273472,33.29626915273472,49.944403729102085,long
245239,245243,loss,-33.29626915273472,33.29626915273472,49.944403729102085,short
245271,245272,loss,-33.29626915273472,33.29626915273472,49.944403729102085,long
245275,245276,loss,-33.29626915273472,33.29626915273472,49.944403729102085,short
245277,245278,loss,-33.29626915273472,33.29626915273472,49.944403729102085,short
245288,245302,win,49.944403729102085,33.29626915273472,49.944403729102085,long
245331,245335,loss,-33.29626915273472,33.29626915273472,49.944403729102085,long
245350,245354,loss,-33.29626915273472,33.29626915273472,49.944403729102085,long
245363,245374,loss,-33.29626915273472,33.29626915273472,49.944403729102085,short
245412,245416,win,49.944403729102085,33.29626915273472,49.944403729102085,long
245417,245419,loss,-33.29626915273472,33.29626915273472,49.944403729102085,long
245428,245435,win,49.944403729102085,33.29626915273472,49.944403729102085,short
245451,245457,win,49.944403729102085,33.29626915273472,49.944403729102085,long
245495,245498,loss,-33.29626915273472,33.29626915273472,49.944403729102085,short
245509,245514,win,49.944403729102085,33.29626915273472,49.944403729102085,long
245515,245521,win,49.944403729102085,33.29626915273472,49.944403729102085,long
245610,245615,loss,-33.29626915273472,33.29626915273472,49.944403729102085,short
245666,245669,loss,-33.29626915273472,33.29626915273472,49.944403729102085,short
245674,245677,win,49.944403729102085,33.29626915273472,49.944403729102085,short
245678,245679,loss,-33.29626915273472,33.29626915273472,49.944403729102085,short
245688,245708,win,49.944403729102085,33.29626915273472,49.944403729102085,long
245712,245713,loss,-33.29626915273472,33.29626915273472,49.944403729102085,long
245714,245719,loss,-33.29626915273472,33.29626915273472,49.944403729102085,long
245754,245756,win,49.944403729102085,33.29626915273472,49.944403729102085,short
245757,245772,win,49.944403729102085,33.29626915273472,49.944403729102085,short
245781,245784,loss,-33.29626915273472,33.29626915273472,49.944403729102085,short
245802,245805,win,49.944403729102085,33.29626915273472,49.944403729102085,long
245806,245811,loss,-33.29626915273472,33.29626915273472,49.944403729102085,long
245820,245825,win,49.944403729102085,33.29626915273472,49.944403729102085,short
245883,245886,win,49.944403729102085,33.29626915273472,49.944403729102085,long
245890,245899,win,49.944403729102085,33.29626915273472,49.944403729102085,long
245925,245935,win,49.944403729102085,33.29626915273472,49.944403729102085,short
245952,245953,loss,-33.29626915273472,33.29626915273472,49.944403729102085,short
245959,245960,loss,-33.29626915273472,33.29626915273472,49.944403729102085,short
245963,245970,win,49.944403729102085,33.29626915273472,49.944403729102085,short
245974,245983,win,49.944403729102085,33.29626915273472,49.944403729102085,long
245984,245998,loss,-33.29626915273472,33.29626915273472,49.944403729102085,long
246046,246050,loss,-33.29626915273472,33.29626915273472,49.944403729102085,short
246091,246096,win,49.944403729102085,33.29626915273472,49.944403729102085,long
246106,246110,win,49.944403729102085,33.29626915273472,49.944403729102085,short
246117,246118,win,49.944403729102085,33.29626915273472,49.944403729102085,short
246127,246128,loss,-33.29626915273472,33.29626915273472,49.944403729102085,short
246144,246145,win,49.944403729102085,33.29626915273472,49.944403729102085,long
246164,246165,loss,-33.29626915273472,33.29626915273472,49.944403729102085,long
246229,246230,loss,-33.29626915273472,33.29626915273472,49.944403729102085,long
246232,246235,loss,-33.29626915273472,33.29626915273472,49.944403729102085,long
246299,246300,loss,-33.29626915273472,33.29626915273472,49.944403729102085,short
246307,246308,loss,-33.29626915273472,33.29626915273472,49.944403729102085,short
246316,246317,win,49.944403729102085,33.29626915273472,49.944403729102085,short
246318,246323,loss,-33.29626915273472,33.29626915273472,49.944403729102085,short
246372,246373,loss,-33.29626915273472,33.29626915273472,49.944403729102085,short
246403,246411,loss,-33.29626915273472,33.29626915273472,49.944403729102085,long
246440,246441,win,49.944403729102085,33.29626915273472,49.944403729102085,long
246442,246443,loss,-33.29626915273472,33.29626915273472,49.944403729102085,long
246445,246447,win,49.944403729102085,33.29626915273472,49.944403729102085,short
246448,246450,loss,-33.29626915273472,33.29626915273472,49.944403729102085,short
246453,246462,loss,-33.29626915273472,33.29626915273472,49.944403729102085,short
246487,246492,win,49.944403729102085,33.29626915273472,49.944403729102085,long
246493,246495,win,49.944403729102085,33.29626915273472,49.944403729102085,long
246516,246518,loss,-33.29626915273472,33.29626915273472,49.944403729102085,short
246532,246536,win,49.944403729102085,33.29626915273472,49.944403729102085,long
246537,246538,loss,-33.29626915273472,33.29626915273472,49.944403729102085,long
246539,246540,win,49.944403729102085,33.29626915273472,49.944403729102085,long
246542,246543,win,49.944403729102085,33.29626915273472,49.944403729102085,short
246546,246548,win,49.944403729102085,33.29626915273472,49.944403729102085,short
246549,246551,loss,-33.29626915273472,33.29626915273472,49.944403729102085,short
246553,246555,win,49.944403729102085,33.29626915273472,49.944403729102085,short
246643,246644,loss,-33.29626915273472,33.29626915273472,49.944403729102085,short
246646,246647,loss,-33.29626915273472,33.29626915273472,49.944403729102085,long
246649,246653,win,49.944403729102085,33.29626915273472,49.944403729102085,long
246654,246657,loss,-33.29626915273472,33.29626915273472,49.944403729102085,long
246740,246741,loss,-33.29626915273472,33.29626915273472,49.944403729102085,long
246780,246781,loss,-33.29626915273472,33.29626915273472,49.944403729102085,short
246782,246783,loss,-33.29626915273472,33.29626915273472,49.944403729102085,short
246786,246787,win,49.944403729102085,33.29626915273472,49.944403729102085,short
246789,246791,win,49.944403729102085,33.29626915273472,49.944403729102085,short
246794,246799,win,49.944403729102085,33.29626915273472,49.944403729102085,short
246810,246811,loss,-33.29626915273472,33.29626915273472,49.944403729102085,long
246813,246814,win,49.944403729102085,33.29626915273472,49.944403729102085,long
246815,246819,win,49.944403729102085,33.29626915273472,49.944403729102085,long
246820,246824,loss,-33.29626915273472,33.29626915273472,49.944403729102085,long
246887,246895,loss,-33.29626915273472,33.29626915273472,49.944403729102085,long
246943,246944,loss,-33.29626915273472,33.29626915273472,49.944403729102085,short
246949,246958,loss,-33.29626915273472,33.29626915273472,49.944403729102085,short
246968,246975,loss,-33.29626915273472,33.29626915273472,49.944403729102085,long
246988,246989,loss,-33.29626915273472,33.29626915273472,49.944403729102085,short
247010,247014,loss,-33.29626915273472,33.29626915273472,49.944403729102085,long
247051,247052,win,49.944403729102085,33.29626915273472,49.944403729102085,short
247097,247098,loss,-33.29626915273472,33.29626915273472,49.944403729102085,short
247165,247167,win,49.944403729102085,33.29626915273472,49.944403729102085,long
247262,247263,win,49.944403729102085,33.29626915273472,49.944403729102085,short
247264,247265,win,49.944403729102085,33.29626915273472,49.944403729102085,short
247266,247267,win,49.944403729102085,33.29626915273472,49.944403729102085,short
247279,247285,win,49.944403729102085,33.29626915273472,49.944403729102085,long
247343,247346,loss,-33.29626915273472,33.29626915273472,49.944403729102085,long
247401,247402,win,49.944403729102085,33.29626915273472,49.944403729102085,short
247466,247467,win,49.944403729102085,33.29626915273472,49.944403729102085,short
247468,247469,loss,-33.29626915273472,33.29626915273472,49.944403729102085,short
247482,247484,win,49.944403729102085,33.29626915273472,49.944403729102085,long
247488,247490,win,49.944403729102085,33.29626915273472,49.944403729102085,long
247491,247492,loss,-33.29626915273472,33.29626915273472,49.944403729102085,long
247565,247566,loss,-33.29626915273472,33.29626915273472,49.944403729102085,short
247570,247571,loss,-33.29626915273472,33.29626915273472,49.944403729102085,short
247584,247586,win,49.944403729102085,33.29626915273472,49.944403729102085,long
247587,247588,loss,-33.29626915273472,33.29626915273472,49.944403729102085,long
247590,247592,loss,-33.29626915273472,33.29626915273472,49.944403729102085,long
247595,247599,win,49.944403729102085,33.29626915273472,49.944403729102085,long
247607,247608,loss,-33.29626915273472,33.29626915273472,49.944403729102085,short
247610,247612,loss,-33.29626915273472,33.29626915273472,49.944403729102085,short
247615,247616,loss,-33.29626915273472,33.29626915273472,49.944403729102085,short
247639,247640,loss,-33.29626915273472,33.29626915273472,49.944403729102085,short
247672,247673,loss,-33.29626915273472,33.29626915273472,49.944403729102085,short
247686,247690,win,49.944403729102085,33.29626915273472,49.944403729102085,long
247729,247731,loss,-33.29626915273472,33.29626915273472,49.944403729102085,short
247743,247744,win,49.944403729102085,33.29626915273472,49.944403729102085,long
247769,247774,loss,-33.29626915273472,33.29626915273472,49.944403729102085,short
247828,247830,loss,-33.29626915273472,33.29626915273472,49.944403729102085,short
247838,247846,loss,-33.29626915273472,33.29626915273472,49.944403729102085,long
247894,247895,win,49.944403729102085,33.29626915273472,49.944403729102085,short
247898,247899,loss,-33.29626915273472,33.29626915273472,49.944403729102085,short
247918,247920,loss,-33.29626915273472,33.29626915273472,49.944403729102085,long
247922,247927,loss,-33.29626915273472,33.29626915273472,49.944403729102085,long
247937,247945,win,49.944403729102085,33.29626915273472,49.944403729102085,long
247970,247982,win,49.944403729102085,33.29626915273472,49.944403729102085,short
248024,248027,win,49.944403729102085,33.29626915273472,49.944403729102085,long
248028,248037,loss,-33.29626915273472,33.29626915273472,49.944403729102085,long
248070,248072,loss,-33.29626915273472,33.29626915273472,49.944403729102085,short
248092,248093,loss,-33.29626915273472,33.29626915273472,49.944403729102085,long
248094,248095,loss,-33.29626915273472,33.29626915273472,49.944403729102085,long
248096,248098,win,49.944403729102085,33.29626915273472,49.944403729102085,long
248099,248102,win,49.944403729102085,33.29626915273472,49.944403729102085,long
248131,248141,loss,-33.29626915273472,33.29626915273472,49.944403729102085,short
248157,248158,win,49.944403729102085,33.29626915273472,49.944403729102085,short
248159,248160,win,49.944403729102085,33.29626915273472,49.944403729102085,short
248161,248162,win,49.944403729102085,33.29626915273472,49.944403729102085,short
248184,248186,loss,-33.29626915273472,33.29626915273472,49.944403729102085,long
248227,248228,loss,-33.29626915273472,33.29626915273472,49.944403729102085,short
248232,248239,loss,-33.29626915273472,33.29626915273472,49.944403729102085,short
248264,248266,loss,-33.29626915273472,33.29626915273472,49.944403729102085,long
248281,248283,loss,-33.29626915273472,33.29626915273472,49.944403729102085,long
248285,248287,loss,-33.29626915273472,33.29626915273472,49.944403729102085,long
248293,248295,loss,-33.29626915273472,33.29626915273472,49.944403729102085,long
248306,248312,loss,-33.29626915273472,33.29626915273472,49.944403729102085,short
248328,248330,loss,-33.29626915273472,33.29626915273472,49.944403729102085,short
248350,248352,loss,-33.29626915273472,33.29626915273472,49.944403729102085,short
248379,248381,win,49.944403729102085,33.29626915273472,49.944403729102085,long
248389,248394,win,49.944403729102085,33.29626915273472,49.944403729102085,long
248421,248423,win,49.944403729102085,33.29626915273472,49.944403729102085,short
248424,248425,loss,-33.29626915273472,33.29626915273472,49.944403729102085,short
248427,248429,loss,-33.29626915273472,33.29626915273472,49.944403729102085,short
248459,248465,loss,-33.29626915273472,33.29626915273472,49.944403729102085,long
248502,248503,win,49.944403729102085,33.29626915273472,49.944403729102085,short
248504,248505,loss,-33.29626915273472,33.29626915273472,49.944403729102085,short
248517,248519,loss,-33.29626915273472,33.29626915273472,49.944403729102085,long
248574,248575,loss,-33.29626915273472,33.29626915273472,49.944403729102085,short
248576,248579,loss,-33.29626915273472,33.29626915273472,49.944403729102085,short
248593,248606,loss,-33.29626915273472,33.29626915273472,49.944403729102085,long
248654,248674,loss,-33.29626915273472,33.29626915273472,49.944403729102085,short
248714,248723,loss,-33.29626915273472,33.29626915273472,49.944403729102085,short
248740,248746,win,49.944403729102085,33.29626915273472,49.944403729102085,long
248748,248751,win,49.944403729102085,33.29626915273472,49.944403729102085,long
248768,248769,win,49.944403729102085,33.29626915273472,49.944403729102085,long
248770,248775,loss,-33.29626915273472,33.29626915273472,49.944403729102085,long
248796,248807,loss,-33.29626915273472,33.29626915273472,49.944403729102085,short
248832,248835,loss,-33.29626915273472,33.29626915273472,49.944403729102085,short
248837,248838,loss,-33.29626915273472,33.29626915273472,49.944403729102085,short
248880,248882,win,49.944403729102085,33.29626915273472,49.944403729102085,long
248883,248884,loss,-33.29626915273472,33.29626915273472,49.944403729102085,long
248890,248891,loss,-33.29626915273472,33.29626915273472,49.944403729102085,long
248892,248893,win,49.944403729102085,33.29626915273472,49.944403729102085,long
248917,248919,loss,-33.29626915273472,33.29626915273472,49.944403729102085,short
248959,248962,loss,-33.29626915273472,33.29626915273472,49.944403729102085,long
248968,248969,loss,-33.29626915273472,33.29626915273472,49.944403729102085,short
248993,248994,loss,-33.29626915273472,33.29626915273472,49.944403729102085,short
249021,249023,loss,-33.29626915273472,33.29626915273472,49.944403729102085,long
249074,249075,loss,-33.29626915273472,33.29626915273472,49.944403729102085,short
249078,249080,win,49.944403729102085,33.29626915273472,49.944403729102085,long
249081,249082,win,49.944403729102085,33.29626915273472,49.944403729102085,long
249088,249090,loss,-33.29626915273472,33.29626915273472,49.944403729102085,long
249102,249103,loss,-33.29626915273472,33.29626915273472,49.944403729102085,short
249115,249116,loss,-33.29626915273472,33.29626915273472,49.944403729102085,short
249117,249118,loss,-33.29626915273472,33.29626915273472,49.944403729102085,short
249120,249121,loss,-33.29626915273472,33.29626915273472,49.944403729102085,short
249122,249123,loss,-33.29626915273472,33.29626915273472,49.944403729102085,short
249136,249137,loss,-33.29626915273472,33.29626915273472,49.944403729102085,long
249193,249194,win,49.944403729102085,33.29626915273472,49.944403729102085,short
249195,249196,loss,-33.29626915273472,33.29626915273472,49.944403729102085,short
249197,249198,win,49.944403729102085,33.29626915273472,49.944403729102085,short
249199,249200,loss,-33.29626915273472,33.29626915273472,49.944403729102085,short
249223,249224,loss,-33.29626915273472,33.29626915273472,49.944403729102085,short
249230,249231,loss,-33.29626915273472,33.29626915273472,49.944403729102085,long
249232,249233,win,49.944403729102085,33.29626915273472,49.944403729102085,long
249235,249236,loss,-33.29626915273472,33.29626915273472,49.944403729102085,long
249237,249238,loss,-33.29626915273472,33.29626915273472,49.944403729102085,long
249294,249296,win,49.944403729102085,33.29626915273472,49.944403729102085,long
249338,249339,win,49.944403729102085,33.29626915273472,49.944403729102085,short
249340,249341,win,49.944403729102085,33.29626915273472,49.944403729102085,short
249343,249344,win,49.944403729102085,33.29626915273472,49.944403729102085,short
249348,249349,loss,-33.29626915273472,33.29626915273472,49.944403729102085,short
249364,249365,loss,-33.29626915273472,33.29626915273472,49.944403729102085,long
249371,249373,win,49.944403729102085,33.29626915273472,49.944403729102085,long
249375,249377,win,49.944403729102085,33.29626915273472,49.944403729102085,long
249385,249386,loss,-33.29626915273472,33.29626915273472,49.944403729102085,long
249405,249406,loss,-33.29626915273472,33.29626915273472,49.944403729102085,long
249412,249413,loss,-33.29626915273472,33.29626915273472,49.944403729102085,short
249435,249436,loss,-33.29626915273472,33.29626915273472,49.944403729102085,long
249514,249515,loss,-33.29626915273472,33.29626915273472,49.944403729102085,short
249560,249565,loss,-33.29626915273472,33.29626915273472,49.944403729102085,short
249641,249644,win,49.944403729102085,33.29626915273472,49.944403729102085,long
249646,249651,loss,-33.29626915273472,33.29626915273472,49.944403729102085,long
249676,249677,loss,-33.29626915273472,33.29626915273472,49.944403729102085,short
249699,249702,win,49.944403729102085,33.29626915273472,49.944403729102085,long
249703,249704,win,49.944403729102085,33.29626915273472,49.944403729102085,long
249705,249707,win,49.944403729102085,33.29626915273472,49.944403729102085,long
249742,249743,loss,-33.29626915273472,33.29626915273472,49.944403729102085,short
249778,249779,loss,-33.29626915273472,33.29626915273472,49.944403729102085,short
249781,249784,loss,-33.29626915273472,33.29626915273472,49.944403729102085,short
249790,249791,loss,-33.29626915273472,33.29626915273472,49.944403729102085,short
249830,249831,win,49.944403729102085,33.29626915273472,49.944403729102085,long
249834,249836,win,49.944403729102085,33.29626915273472,49.944403729102085,long
249837,249839,win,49.944403729102085,33.29626915273472,49.944403729102085,long
249842,249843,win,49.944403729102085,33.29626915273472,49.944403729102085,long
249844,249845,win,49.944403729102085,33.29626915273472,49.944403729102085,long
249911,249912,loss,-33.29626915273472,33.29626915273472,49.944403729102085,short
249913,249914,loss,-33.29626915273472,33.29626915273472,49.944403729102085,short
249918,249919,win,49.944403729102085,33.29626915273472,49.944403729102085,long
249920,249921,loss,-33.29626915273472,33.29626915273472,49.944403729102085,long
249925,249926,loss,-33.29626915273472,33.29626915273472,49.944403729102085,long
249928,249929,loss,-33.29626915273472,33.29626915273472,49.944403729102085,long
249935,249936,win,49.944403729102085,33.29626915273472,49.944403729102085,short
249937,249938,loss,-33.29626915273472,33.29626915273472,49.944403729102085,short
249943,249944,loss,-33.29626915273472,33.29626915273472,49.944403729102085,short
249949,249950,loss,-33.29626915273472,33.29626915273472,49.944403729102085,short
249952,249953,loss,-33.29626915273472,33.29626915273472,49.944403729102085,short
249956,249957,win,49.944403729102085,33.29626915273472,49.944403729102085,short
249959,249960,win,49.944403729102085,33.29626915273472,49.944403729102085,short
249961,249962,loss,-33.29626915273472,33.29626915273472,49.944403729102085,short
249974,249975,loss,-33.29626915273472,33.29626915273472,49.944403729102085,short
249976,249977,loss,-33.29626915273472,33.29626915273472,49.944403729102085,short
249988,249989,loss,-33.29626915273472,33.29626915273472,49.944403729102085,long
250045,250048,win,49.944403729102085,33.29626915273472,49.944403729102085,long
250049,250050,win,49.944403729102085,33.29626915273472,49.944403729102085,long
250052,250053,win,49.944403729102085,33.29626915273472,49.944403729102085,long
250055,250056,loss,-33.29626915273472,33.29626915273472,49.944403729102085,long
250112,250113,loss,-33.29626915273472,33.29626915273472,49.944403729102085,long
250114,250115,loss,-33.29626915273472,33.29626915273472,49.944403729102085,long
250129,250130,loss,-33.29626915273472,33.29626915273472,49.944403729102085,short
250133,250134,win,49.944403729102085,33.29626915273472,49.944403729102085,short
250135,250136,win,49.944403729102085,33.29626915273472,49.944403729102085,short
250180,250181,win,49.944403729102085,33.29626915273472,49.944403729102085,long
250242,250246,win,49.944403729102085,33.29626915273472,49.944403729102085,long
250261,250262,loss,-33.29626915273472,33.29626915273472,49.944403729102085,short
250271,250272,loss,-33.29626915273472,33.29626915273472,49.944403729102085,short
250306,250307,loss,-33.29626915273472,33.29626915273472,49.944403729102085,long
250339,250340,loss,-33.29626915273472,33.29626915273472,49.944403729102085,short
250349,250350,win,49.944403729102085,33.29626915273472,49.944403729102085,short
250352,250353,loss,-33.29626915273472,33.29626915273472,49.944403729102085,short
250354,250356,loss,-33.29626915273472,33.29626915273472,49.944403729102085,short
250364,250365,loss,-33.29626915273472,33.29626915273472,49.944403729102085,long
250366,250367,loss,-33.29626915273472,33.29626915273472,49.944403729102085,long
250395,250396,win,49.944403729102085,33.29626915273472,49.944403729102085,short
250397,250398,loss,-33.29626915273472,33.29626915273472,49.944403729102085,short
250399,250400,loss,-33.29626915273472,33.29626915273472,49.944403729102085,short
250438,250439,loss,-33.29626915273472,33.29626915273472,49.944403729102085,long
250443,250444,win,49.944403729102085,33.29626915273472,49.944403729102085,long
250454,250455,loss,-33.29626915273472,33.29626915273472,49.944403729102085,long
250456,250457,win,49.944403729102085,33.29626915273472,49.944403729102085,long
250502,250503,loss,-33.29626915273472,33.29626915273472,49.944403729102085,short
250509,250510,win,49.944403729102085,33.29626915273472,49.944403729102085,short
250511,250512,loss,-33.29626915273472,33.29626915273472,49.944403729102085,short
250513,250514,loss,-33.29626915273472,33.29626915273472,49.944403729102085,short
250531,250532,loss,-33.29626915273472,33.29626915273472,49.944403729102085,long
250535,250536,win,49.944403729102085,33.29626915273472,49.944403729102085,long
250561,250562,win,49.944403729102085,33.29626915273472,49.944403729102085,long
250563,250565,win,49.944403729102085,33.29626915273472,49.944403729102085,long
250605,250606,win,49.944403729102085,33.29626915273472,49.944403729102085,long
250607,250608,loss,-33.29626915273472,33.29626915273472,49.944403729102085,long
250620,250622,loss,-33.29626915273472,33.29626915273472,49.944403729102085,short
250664,250665,loss,-33.29626915273472,33.29626915273472,49.944403729102085,short
250666,250667,loss,-33.29626915273472,33.29626915273472,49.944403729102085,short
250671,250672,win,49.944403729102085,33.29626915273472,49.944403729102085,short
250674,250675,loss,-33.29626915273472,33.29626915273472,49.944403729102085,short
250742,250743,loss,-33.29626915273472,33.29626915273472,49.944403729102085,long
250744,250745,win,49.944403729102085,33.29626915273472,49.944403729102085,long
250756,250757,loss,-33.29626915273472,33.29626915273472,49.944403729102085,short
250758,250759,loss,-33.29626915273472,33.29626915273472,49.944403729102085,short
250811,250812,loss,-33.29626915273472,33.29626915273472,49.944403729102085,long
250826,250827,loss,-33.29626915273472,33.29626915273472,49.944403729102085,long
250828,250829,win,49.944403729102085,33.29626915273472,49.944403729102085,long
250871,250872,loss,-33.29626915273472,33.29626915273472,49.944403729102085,short
250873,250874,loss,-33.29626915273472,33.29626915273472,49.944403729102085,short
250916,250917,loss,-33.29626915273472,33.29626915273472,49.944403729102085,long
250918,250919,loss,-33.29626915273472,33.29626915273472,49.944403729102085,long
250920,250921,loss,-33.29626915273472,33.29626915273472,49.944403729102085,long
250923,250924,win,49.944403729102085,33.29626915273472,49.944403729102085,long
250965,250966,win,49.944403729102085,33.29626915273472,49.944403729102085,long
250987,250988,loss,-33.29626915273472,33.29626915273472,49.944403729102085,short
251024,251027,win,49.944403729102085,33.29626915273472,49.944403729102085,short
251052,251053,loss,-33.29626915273472,33.29626915273472,49.944403729102085,short
251054,251055,loss,-33.29626915273472,33.29626915273472,49.944403729102085,short
251086,251087,loss,-33.29626915273472,33.29626915273472,49.944403729102085,long
251110,251111,win,49.944403729102085,33.29626915273472,49.944403729102085,long
251112,251113,loss,-33.29626915273472,33.29626915273472,49.944403729102085,long
251114,251118,loss,-33.29626915273472,33.29626915273472,49.944403729102085,long
251161,251162,win,49.944403729102085,33.29626915273472,49.944403729102085,short
251163,251165,loss,-33.29626915273472,33.29626915273472,49.944403729102085,short
251185,251186,loss,-33.29626915273472,33.29626915273472,49.944403729102085,short
251188,251189,loss,-33.29626915273472,33.29626915273472,49.944403729102085,short
251213,251214,loss,-33.29626915273472,33.29626915273472,49.944403729102085,long
251216,251217,loss,-33.29626915273472,33.29626915273472,49.944403729102085,long
251218,251219,win,49.944403729102085,33.29626915273472,49.944403729102085,long
251222,251224,loss,-33.29626915273472,33.29626915273472,49.944403729102085,long
251297,251298,loss,-33.29626915273472,33.29626915273472,49.944403729102085,short
251314,251315,loss,-33.29626915273472,33.29626915273472,49.944403729102085,long
251317,251318,loss,-33.29626915273472,33.29626915273472,49.944403729102085,long
251324,251327,loss,-33.29626915273472,33.29626915273472,49.944403729102085,long
251333,251334,loss,-33.29626915273472,33.29626915273472,49.944403729102085,long
251335,251336,loss,-33.29626915273472,33.29626915273472,49.944403729102085,long
251391,251392,win,49.944403729102085,33.29626915273472,49.944403729102085,short
251393,251397,win,49.944403729102085,33.29626915273472,49.944403729102085,short
251436,251438,win,49.944403729102085,33.29626915273472,49.944403729102085,long
251454,251455,win,49.944403729102085,33.29626915273472,49.944403729102085,short
251456,251459,win,49.944403729102085,33.29626915273472,49.944403729102085,short
251460,251461,loss,-33.29626915273472,33.29626915273472,49.944403729102085,short
251462,251463,loss,-33.29626915273472,33.29626915273472,49.944403729102085,short
251514,251515,win,49.944403729102085,33.29626915273472,49.944403729102085,long
251516,251518,win,49.944403729102085,33.29626915273472,49.944403729102085,long
251519,251522,loss,-33.29626915273472,33.29626915273472,49.944403729102085,long
251535,251536,loss,-33.29626915273472,33.29626915273472,49.944403729102085,long
251537,251538,loss,-33.29626915273472,33.29626915273472,49.944403729102085,long
251561,251562,loss,-33.29626915273472,33.29626915273472,49.944403729102085,short
251566,251567,loss,-33.29626915273472,33.29626915273472,49.944403729102085,short
251568,251569,loss,-33.29626915273472,33.29626915273472,49.944403729102085,short
251646,251647,loss,-33.29626915273472,33.29626915273472,49.944403729102085,short
251649,251650,loss,-33.29626915273472,33.29626915273472,49.944403729102085,short
251651,251652,loss,-33.29626915273472,33.29626915273472,49.944403729102085,short
251690,251691,loss,-33.29626915273472,33.29626915273472,49.944403729102085,long
251698,251701,loss,-33.29626915273472,33.29626915273472,49.944403729102085,long
251705,251706,loss,-33.29626915273472,33.29626915273472,49.944403729102085,long
251721,251724,loss,-33.29626915273472,33.29626915273472,49.944403729102085,long
251738,251739,loss,-33.29626915273472,33.29626915273472,49.944403729102085,short
251760,251761,loss,-33.29626915273472,33.29626915273472,49.944403729102085,short
251764,251765,win,49.944403729102085,33.29626915273472,49.944403729102085,short
251766,251767,loss,-33.29626915273472,33.29626915273472,49.944403729102085,short
251770,251771,loss,-33.29626915273472,33.29626915273472,49.944403729102085,short
251784,251785,loss,-33.29626915273472,33.29626915273472,49.944403729102085,long
251797,251799,win,49.944403729102085,33.29626915273472,49.944403729102085,long
251801,251802,win,49.944403729102085,33.29626915273472,49.944403729102085,long
251807,251808,win,49.944403729102085,33.29626915273472,49.944403729102085,long
251842,251843,win,49.944403729102085,33.29626915273472,49.944403729102085,short
251844,251845,loss,-33.29626915273472,33.29626915273472,49.944403729102085,short
251848,251852,loss,-33.29626915273472,33.29626915273472,49.944403729102085,short
251854,251855,loss,-33.29626915273472,33.29626915273472,49.944403729102085,short
251874,251875,loss,-33.29626915273472,33.29626915273472,49.944403729102085,long
251878,251879,win,49.944403729102085,33.29626915273472,49.944403729102085,short
251880,251881,loss,-33.29626915273472,33.29626915273472,49.944403729102085,short
251892,251897,loss,-33.29626915273472,33.29626915273472,49.944403729102085,long
251899,251900,loss,-33.29626915273472,33.29626915273472,49.944403729102085,long
251901,251904,loss,-33.29626915273472,33.29626915273472,49.944403729102085,long
251926,251928,loss,-33.29626915273472,33.29626915273472,49.944403729102085,long
251975,251977,win,49.944403729102085,33.29626915273472,49.944403729102085,short
251978,251979,loss,-33.29626915273472,33.29626915273472,49.944403729102085,short
251982,251984,win,49.944403729102085,33.29626915273472,49.944403729102085,short
251985,251986,loss,-33.29626915273472,33.29626915273472,49.944403729102085,short
252030,252039,win,49.944403729102085,33.29626915273472,49.944403729102085,long
252047,252050,loss,-33.29626915273472,33.29626915273472,49.944403729102085,long
252086,252087,win,49.944403729102085,33.29626915273472,49.944403729102085,long
252089,252092,win,49.944403729102085,33.29626915273472,49.944403729102085,long
252129,252130,loss,-33.29626915273472,33.29626915273472,49.944403729102085,short
252154,252155,win,49.944403729102085,33.29626915273472,49.944403729102085,short
252156,252157,loss,-33.29626915273472,33.29626915273472,49.944403729102085,short
252158,252159,win,49.944403729102085,33.29626915273472,49.944403729102085,short
252224,252225,win,49.944403729102085,33.29626915273472,49.944403729102085,short
252266,252269,win,49.944403729102085,33.29626915273472,49.944403729102085,long
252270,252276,loss,-33.29626915273472,33.29626915273472,49.944403729102085,long
252320,252322,win,49.944403729102085,33.29626915273472,49.944403729102085,short
252323,252324,win,49.944403729102085,33.29626915273472,49.944403729102085,short
252338,252341,loss,-33.29626915273472,33.29626915273472,49.944403729102085,long
252343,252344,loss,-33.29626915273472,33.29626915273472,49.944403729102085,long
252346,252348,loss,-33.29626915273472,33.29626915273472,49.944403729102085,long
252374,252376,loss,-33.29626915273472,33.29626915273472,49.944403729102085,short
252425,252426,loss,-33.29626915273472,33.29626915273472,49.944403729102085,long
252439,252440,win,49.944403729102085,33.29626915273472,49.944403729102085,short
252449,252451,win,49.944403729102085,33.29626915273472,49.944403729102085,long
252452,252454,loss,-33.29626915273472,33.29626915273472,49.944403729102085,long
252479,252480,win,49.944403729102085,33.29626915273472,49.944403729102085,short
252529,252530,loss,-33.29626915273472,33.29626915273472,49.944403729102085,long
252531,252533,win,49.944403729102085,33.29626915273472,49.944403729102085,long
252534,252535,loss,-33.29626915273472,33.29626915273472,49.944403729102085,long
252546,252547,win,49.944403729102085,33.29626915273472,49.944403729102085,short
252548,252550,loss,-33.29626915273472,33.29626915273472,49.944403729102085,short
252607,252610,win,49.944403729102085,33.29626915273472,49.944403729102085,short
252616,252617,loss,-33.29626915273472,33.29626915273472,49.944403729102085,short
252636,252637,loss,-33.29626915273472,33.29626915273472,49.944403729102085,short
252660,252663,win,49.944403729102085,33.29626915273472,49.944403729102085,long
252664,252666,loss,-33.29626915273472,33.29626915273472,49.944403729102085,long
252711,252713,loss,-33.29626915273472,33.29626915273472,49.944403729102085,short
252791,252792,win,49.944403729102085,33.29626915273472,49.944403729102085,short
252793,252795,loss,-33.29626915273472,33.29626915273472,49.944403729102085,short
252804,252805,win,49.944403729102085,33.29626915273472,49.944403729102085,long
252820,252821,win,49.944403729102085,33.29626915273472,49.944403729102085,short
252893,252898,loss,-33.29626915273472,33.29626915273472,49.944403729102085,long
252905,252906,loss,-33.29626915273472,33.29626915273472,49.944403729102085,long
252912,252918,loss,-33.29626915273472,33.29626915273472,49.944403729102085,long
252927,252928,loss,-33.29626915273472,33.29626915273472,49.944403729102085,long
252941,252942,loss,-33.29626915273472,33.29626915273472,49.944403729102085,short
252996,252997,loss,-33.29626915273472,33.29626915273472,49.944403729102085,short
253000,253001,loss,-33.29626915273472,33.29626915273472,49.944403729102085,short
253002,253003,loss,-33.29626915273472,33.29626915273472,49.944403729102085,short
253053,253060,win,49.944403729102085,33.29626915273472,49.944403729102085,long
253061,253072,win,49.944403729102085,33.29626915273472,49.944403729102085,long
253108,253109,win,49.944403729102085,33.29626915273472,49.944403729102085,short
253110,253113,loss,-33.29626915273472,33.29626915273472,49.944403729102085,short
253166,253167,loss,-33.29626915273472,33.29626915273472,49.944403729102085,long
253175,253176,loss,-33.29626915273472,33.29626915273472,49.944403729102085,short
253178,253179,win,49.944403729102085,33.29626915273472,49.944403729102085,short
253180,253181,loss,-33.29626915273472,33.29626915273472,49.944403729102085,short
253194,253197,loss,-33.29626915273472,33.29626915273472,49.944403729102085,long
253259,253260,loss,-33.29626915273472,33.29626915273472,49.944403729102085,long
253261,253262,win,49.944403729102085,33.29626915273472,49.944403729102085,long
253263,253264,loss,-33.29626915273472,33.29626915273472,49.944403729102085,long
253273,253274,loss,-33.29626915273472,33.29626915273472,49.944403729102085,short
253287,253292,win,49.944403729102085,33.29626915273472,49.944403729102085,long
253294,253297,win,49.944403729102085,33.29626915273472,49.944403729102085,long
253391,253392,win,49.944403729102085,33.29626915273472,49.944403729102085,short
253393,253416,loss,-33.29626915273472,33.29626915273472,49.944403729102085,short
253446,253449,win,49.944403729102085,33.29626915273472,49.944403729102085,long
253450,253451,loss,-33.29626915273472,33.29626915273472,49.944403729102085,long
253452,253453,loss,-33.29626915273472,33.29626915273472,49.944403729102085,long
253480,253482,loss,-33.29626915273472,33.29626915273472,49.944403729102085,long
253484,253487,win,49.944403729102085,33.29626915273472,49.944403729102085,short
253488,253489,loss,-33.29626915273472,33.29626915273472,49.944403729102085,short
253490,253493,loss,-33.29626915273472,33.29626915273472,49.944403729102085,short
253494,253499,loss,-33.29626915273472,33.29626915273472,49.944403729102085,short
253503,253507,loss,-33.29626915273472,33.29626915273472,49.944403729102085,long
253522,253523,loss,-33.29626915273472,33.29626915273472,49.944403729102085,short
253568,253575,loss,-33.29626915273472,33.29626915273472,49.944403729102085,long
253592,253595,loss,-33.29626915273472,33.29626915273472,49.944403729102085,short
253614,253615,loss,-33.29626915273472,33.29626915273472,49.944403729102085,short
253617,253618,win,49.944403729102085,33.29626915273472,49.944403729102085,short
253619,253620,loss,-33.29626915273472,33.29626915273472,49.944403729102085,short
253657,253660,win,49.944403729102085,33.29626915273472,49.944403729102085,long
253661,253662,win,49.944403729102085,33.29626915273472,49.944403729102085,long
253664,253666,loss,-33.29626915273472,33.29626915273472,49.944403729102085,long
253674,253676,loss,-33.29626915273472,33.29626915273472,49.944403729102085,long
253710,253711,loss,-33.29626915273472,33.29626915273472,49.944403729102085,short
253715,253716,loss,-33.29626915273472,33.29626915273472,49.944403729102085,short
253722,253723,win,49.944403729102085,33.29626915273472,49.944403729102085,short
253724,253725,win,49.944403729102085,33.29626915273472,49.944403729102085,short
253739,253742,loss,-33.29626915273472,33.29626915273472,49.944403729102085,long
253788,253789,loss,-33.29626915273472,33.29626915273472,49.944403729102085,long
253790,253791,win,49.944403729102085,33.29626915273472,49.944403729102085,long
253792,253795,loss,-33.29626915273472,33.29626915273472,49.944403729102085,long
253797,253806,win,49.944403729102085,33.29626915273472,49.944403729102085,long
253853,253856,loss,-33.29626915273472,33.29626915273472,49.944403729102085,short
253859,253860,loss,-33.29626915273472,33.29626915273472,49.944403729102085,short
253928,253930,win,49.944403729102085,33.29626915273472,49.944403729102085,long
253932,253933,loss,-33.29626915273472,33.29626915273472,49.944403729102085,long
253945,253950,loss,-33.29626915273472,33.29626915273472,49.944403729102085,short
253951,253953,win,49.944403729102085,33.29626915273472,49.944403729102085,long
253965,253969,loss,-33.29626915273472,33.29626915273472,49.944403729102085,short
253993,253995,loss,-33.29626915273472,33.29626915273472,49.944403729102085,short
253999,254001,loss,-33.29626915273472,33.29626915273472,49.944403729102085,short
254063,254064,loss,-33.29626915273472,33.29626915273472,49.944403729102085,short
254065,254066,loss,-33.29626915273472,33.29626915273472,49.944403729102085,short
254071,254072,loss,-33.29626915273472,33.29626915273472,49.944403729102085,short
254073,254074,loss,-33.29626915273472,33.29626915273472,49.944403729102085,short
254104,254109,win,49.944403729102085,33.29626915273472,49.944403729102085,long
254114,254117,loss,-33.29626915273472,33.29626915273472,49.944403729102085,long
254139,254140,loss,-33.29626915273472,33.29626915273472,49.944403729102085,long
254153,254157,loss,-33.29626915273472,33.29626915273472,49.944403729102085,short
254209,254226,win,49.944403729102085,33.29626915273472,49.944403729102085,long
254284,254295,win,49.944403729102085,33.29626915273472,49.944403729102085,short
254296,254301,loss,-33.29626915273472,33.29626915273472,49.944403729102085,short
254317,254325,loss,-33.29626915273472,33.29626915273472,49.944403729102085,long
254327,254334,win,49.944403729102085,33.29626915273472,49.944403729102085,long
254342,254343,win,49.944403729102085,33.29626915273472,49.944403729102085,long
254344,254346,loss,-33.29626915273472,33.29626915273472,49.944403729102085,long
254347,254352,loss,-33.29626915273472,33.29626915273472,49.944403729102085,long
254369,254370,win,49.944403729102085,33.29626915273472,49.944403729102085,short
254372,254374,win,49.944403729102085,33.29626915273472,49.944403729102085,short
254375,254376,loss,-33.29626915273472,33.29626915273472,49.944403729102085,short
254379,254387,win,49.944403729102085,33.29626915273472,49.944403729102085,short
254408,254409,win,49.944403729102085,33.29626915273472,49.944403729102085,long
254410,254411,loss,-33.29626915273472,33.29626915273472,49.944403729102085,long
254413,254414,loss,-33.29626915273472,33.29626915273472,49.944403729102085,long
254415,254418,win,49.944403729102085,33.29626915273472,49.944403729102085,long
254453,254456,win,49.944403729102085,33.29626915273472,49.944403729102085,short
254479,254480,loss,-33.29626915273472,33.29626915273472,49.944403729102085,short
254486,254487,win,49.944403729102085,33.29626915273472,49.944403729102085,short
254488,254492,loss,-33.29626915273472,33.29626915273472,49.944403729102085,short
254550,254553,loss,-33.29626915273472,33.29626915273472,49.944403729102085,long
254560,254562,loss,-33.29626915273472,33.29626915273472,49.944403729102085,long
254603,254605,loss,-33.29626915273472,33.29626915273472,49.944403729102085,short
254609,254615,win,49.944403729102085,33.29626915273472,49.944403729102085,short
254634,254639,loss,-33.29626915273472,33.29626915273472,49.944403729102085,long
254640,254642,win,49.944403729102085,33.29626915273472,49.944403729102085,short
254654,254657,win,49.944403729102085,33.29626915273472,49.944403729102085,long
254687,254688,loss,-33.29626915273472,33.29626915273472,49.944403729102085,short
254732,254733,loss,-33.29626915273472,33.29626915273472,49.944403729102085,long
254739,254740,loss,-33.29626915273472,33.29626915273472,49.944403729102085,long
254757,254758,loss,-33.29626915273472,33.29626915273472,49.944403729102085,short
254774,254779,loss,-33.29626915273472,33.29626915273472,49.944403729102085,short
254822,254823,win,49.944403729102085,33.29626915273472,49.944403729102085,short
254824,254825,win,49.944403729102085,33.29626915273472,49.944403729102085,short
254830,254832,loss,-33.29626915273472,33.29626915273472,49.944403729102085,short
254855,254858,win,49.944403729102085,33.29626915273472,49.944403729102085,long
254859,254861,loss,-33.29626915273472,33.29626915273472,49.944403729102085,long
254941,254944,loss,-33.29626915273472,33.29626915273472,49.944403729102085,long
254958,254959,win,49.944403729102085,33.29626915273472,49.944403729102085,long
254960,254961,win,49.944403729102085,33.29626915273472,49.944403729102085,long
254995,254996,loss,-33.29626915273472,33.29626915273472,49.944403729102085,short
254999,255000,loss,-33.29626915273472,33.29626915273472,49.944403729102085,short
255072,255080,win,49.944403729102085,33.29626915273472,49.944403729102085,short
255090,255094,win,49.944403729102085,33.29626915273472,49.944403729102085,short
255095,255096,loss,-33.29626915273472,33.29626915273472,49.944403729102085,short
255100,255101,loss,-33.29626915273472,33.29626915273472,49.944403729102085,long
255102,255103,win,49.944403729102085,33.29626915273472,49.944403729102085,long
255104,255108,loss,-33.29626915273472,33.29626915273472,49.944403729102085,long
255158,255159,loss,-33.29626915273472,33.29626915273472,49.944403729102085,short
255161,255163,loss,-33.29626915273472,33.29626915273472,49.944403729102085,short
255172,255175,loss,-33.29626915273472,33.29626915273472,49.944403729102085,long
255221,255222,loss,-33.29626915273472,33.29626915273472,49.944403729102085,long
255223,255224,loss,-33.29626915273472,33.29626915273472,49.944403729102085,short
255232,255235,loss,-33.29626915273472,33.29626915273472,49.944403729102085,short
255239,255240,loss,-33.29626915273472,33.29626915273472,49.944403729102085,long
255263,255264,loss,-33.29626915273472,33.29626915273472,49.944403729102085,long
255302,255303,loss,-33.29626915273472,33.29626915273472,49.944403729102085,short
255310,255311,loss,-33.29626915273472,33.29626915273472,49.944403729102085,short
255320,255321,loss,-33.29626915273472,33.29626915273472,49.944403729102085,short
255322,255323,loss,-33.29626915273472,33.29626915273472,49.944403729102085,short
255390,255397,loss,-33.29626915273472,33.29626915273472,49.944403729102085,long
255447,255448,loss,-33.29626915273472,33.29626915273472,49.944403729102085,short
255449,255450,loss,-33.29626915273472,33.29626915273472,49.944403729102085,short
255451,255453,loss,-33.29626915273472,33.29626915273472,49.944403729102085,long
255461,255462,loss,-33.29626915273472,33.29626915273472,49.944403729102085,long
255520,255522,loss,-33.29626915273472,33.29626915273472,49.944403729102085,short
255529,255532,loss,-33.29626915273472,33.29626915273472,49.944403729102085,short
255543,255544,win,49.944403729102085,33.29626915273472,49.944403729102085,long
255566,255568,loss,-33.29626915273472,33.29626915273472,49.944403729102085,short
255588,255590,loss,-33.29626915273472,33.29626915273472,49.944403729102085,short
255591,255594,loss,-33.29626915273472,33.29626915273472,49.944403729102085,short
255621,255625,win,49.944403729102085,33.29626915273472,49.944403729102085,long
255627,255630,loss,-33.29626915273472,33.29626915273472,49.944403729102085,long
255678,255679,loss,-33.29626915273472,33.29626915273472,49.944403729102085,short
255692,255694,win,49.944403729102085,33.29626915273472,49.944403729102085,long
255759,255761,loss,-33.29626915273472,33.29626915273472,49.944403729102085,long
255771,255774,loss,-33.29626915273472,33.29626915273472,49.944403729102085,long
255781,255785,loss,-33.29626915273472,33.29626915273472,49.944403729102085,long
255794,255799,win,49.944403729102085,33.29626915273472,49.944403729102085,short
255837,255839,loss,-33.29626915273472,33.29626915273472,49.944403729102085,long
255841,255844,loss,-33.29626915273472,33.29626915273472,49.944403729102085,long
255856,255860,win,49.944403729102085,33.29626915273472,49.944403729102085,long
255863,255864,loss,-33.29626915273472,33.29626915273472,49.944403729102085,long
255889,255902,win,49.944403729102085,33.29626915273472,49.944403729102085,short
255907,255911,loss,-33.29626915273472,33.29626915273472,49.944403729102085,short
255919,255920,win,49.944403729102085,33.29626915273472,49.944403729102085,short
255921,255922,loss,-33.29626915273472,33.29626915273472,49.944403729102085,short
255934,255936,loss,-33.29626915273472,33.29626915273472,49.944403729102085,long
255998,255999,win,49.944403729102085,33.29626915273472,49.944403729102085,long
256000,256002,win,49.944403729102085,33.29626915273472,49.944403729102085,long
256003,256004,loss,-33.29626915273472,33.29626915273472,49.944403729102085,long
256015,256016,loss,-33.29626915273472,33.29626915273472,49.944403729102085,short
256031,256035,loss,-33.29626915273472,33.29626915273472,49.944403729102085,short
256091,256092,win,49.944403729102085,33.29626915273472,49.944403729102085,short
256093,256095,loss,-33.29626915273472,33.29626915273472,49.944403729102085,short
256096,256097,win,49.944403729102085,33.29626915273472,49.944403729102085,long
256106,256108,win,49.944403729102085,33.29626915273472,49.944403729102085,long
256178,256180,loss,-33.29626915273472,33.29626915273472,49.944403729102085,short
256211,256213,win,49.944403729102085,33.29626915273472,49.944403729102085,long
256214,256235,loss,-33.29626915273472,33.29626915273472,49.944403729102085,long
256238,256241,loss,-33.29626915273472,33.29626915273472,49.944403729102085,short
256277,256279,loss,-33.29626915273472,33.29626915273472,49.944403729102085,long
256286,256292,win,49.944403729102085,33.29626915273472,49.944403729102085,long
256304,256306,win,49.944403729102085,33.29626915273472,49.944403729102085,short
256343,256344,win,49.944403729102085,33.29626915273472,49.944403729102085,long
256345,256346,loss,-33.29626915273472,33.29626915273472,49.944403729102085,long
256347,256353,win,49.944403729102085,33.29626915273472,49.944403729102085,long
256375,256376,loss,-33.29626915273472,33.29626915273472,49.944403729102085,short
256377,256378,win,49.944403729102085,33.29626915273472,49.944403729102085,long
256379,256380,loss,-33.29626915273472,33.29626915273472,49.944403729102085,long
256388,256389,win,49.944403729102085,33.29626915273472,49.944403729102085,long
256403,256410,loss,-33.29626915273472,33.29626915273472,49.944403729102085,short
256457,256459,loss,-33.29626915273472,33.29626915273472,49.944403729102085,short
256461,256463,loss,-33.29626915273472,33.29626915273472,49.944403729102085,short
256477,256478,win,49.944403729102085,33.29626915273472,49.944403729102085,long
256480,256481,win,49.944403729102085,33.29626915273472,49.944403729102085,long
256484,256488,win,49.944403729102085,33.29626915273472,49.944403729102085,long
256522,256523,win,49.944403729102085,33.29626915273472,49.944403729102085,short
256564,256566,loss,-33.29626915273472,33.29626915273472,49.944403729102085,short
256567,256568,win,49.944403729102085,33.29626915273472,49.944403729102085,short
256569,256571,win,49.944403729102085,33.29626915273472,49.944403729102085,short
256575,256576,loss,-33.29626915273472,33.29626915273472,49.944403729102085,short
256577,256578,loss,-33.29626915273472,33.29626915273472,49.944403729102085,short
256579,256580,win,49.944403729102085,33.29626915273472,49.944403729102085,short
256650,256658,loss,-33.29626915273472,33.29626915273472,49.944403729102085,long
256677,256678,loss,-33.29626915273472,33.29626915273472,49.944403729102085,long
256680,256681,win,49.944403729102085,33.29626915273472,49.944403729102085,long
256682,256683,loss,-33.29626915273472,33.29626915273472,49.944403729102085,long
256702,256703,loss,-33.29626915273472,33.29626915273472,49.944403729102085,short
256796,256797,win,49.944403729102085,33.29626915273472,49.944403729102085,short
256799,256800,loss,-33.29626915273472,33.29626915273472,49.944403729102085,short
256818,256819,loss,-33.29626915273472,33.29626915273472,49.944403729102085,long
256821,256822,loss,-33.29626915273472,33.29626915273472,49.944403729102085,short
256823,256824,loss,-33.29626915273472,33.29626915273472,49.944403729102085,short
256832,256835,win,49.944403729102085,33.29626915273472,49.944403729102085,short
256904,256905,win,49.944403729102085,33.29626915273472,49.944403729102085,short
256933,256934,loss,-33.29626915273472,33.29626915273472,49.944403729102085,short
256943,256945,loss,-33.29626915273472,33.29626915273472,49.944403729102085,short
256950,256953,loss,-33.29626915273472,33.29626915273472,49.944403729102085,short
256954,256955,loss,-33.29626915273472,33.29626915273472,49.944403729102085,long
256957,256958,loss,-33.29626915273472,33.29626915273472,49.944403729102085,long
256959,256960,loss,-33.29626915273472,33.29626915273472,49.944403729102085,long
256962,256964,win,49.944403729102085,33.29626915273472,49.944403729102085,long
256965,256967,loss,-33.29626915273472,33.29626915273472,49.944403729102085,long
257010,257012,win,49.944403729102085,33.29626915273472,49.944403729102085,short
257056,257057,win,49.944403729102085,33.29626915273472,49.944403729102085,short
257064,257074,loss,-33.29626915273472,33.29626915273472,49.944403729102085,long
257095,257098,win,49.944403729102085,33.29626915273472,49.944403729102085,long
257100,257101,win,49.944403729102085,33.29626915273472,49.944403729102085,long
257102,257103,loss,-33.29626915273472,33.29626915273472,49.944403729102085,long
257105,257109,loss,-33.29626915273472,33.29626915273472,49.944403729102085,long
257117,257123,loss,-33.29626915273472,33.29626915273472,49.944403729102085,short
257168,257169,win,49.944403729102085,33.29626915273472,49.944403729102085,short
257178,257183,loss,-33.29626915273472,33.29626915273472,49.944403729102085,short
257197,257199,win,49.944403729102085,33.29626915273472,49.944403729102085,short
257232,257233,loss,-33.29626915273472,33.29626915273472,49.944403729102085,long
257235,257244,loss,-33.29626915273472,33.29626915273472,49.944403729102085,long
257246,257247,win,49.944403729102085,33.29626915273472,49.944403729102085,short
257248,257249,loss,-33.29626915273472,33.29626915273472,49.944403729102085,short
257293,257298,win,49.944403729102085,33.29626915273472,49.944403729102085,long
257375,257376,loss,-33.29626915273472,33.29626915273472,49.944403729102085,long
257377,257379,loss,-33.29626915273472,33.29626915273472,49.944403729102085,long
257381,257383,win,49.944403729102085,33.29626915273472,49.944403729102085,long
257418,257419,win,49.944403729102085,33.29626915273472,49.944403729102085,long
257426,257428,loss,-33.29626915273472,33.29626915273472,49.944403729102085,long
257440,257441,win,49.944403729102085,33.29626915273472,49.944403729102085,short
257464,257465,loss,-33.29626915273472,33.29626915273472,49.944403729102085,short
257475,257476,win,49.944403729102085,33.29626915273472,49.944403729102085,short
257493,257494,win,49.944403729102085,33.29626915273472,49.944403729102085,long
257495,257496,win,49.944403729102085,33.29626915273472,49.944403729102085,long
257510,257511,win,49.944403729102085,33.29626915273472,49.944403729102085,short
257512,257513,loss,-33.29626915273472,33.29626915273472,49.944403729102085,short
257517,257518,loss,-33.29626915273472,33.29626915273472,49.944403729102085,short
257524,257525,loss,-33.29626915273472,33.29626915273472,49.944403729102085,short
257526,257534,loss,-33.29626915273472,33.29626915273472,49.944403729102085,short
257605,257606,win,49.944403729102085,33.29626915273472,49.944403729102085,long
257607,257609,loss,-33.29626915273472,33.29626915273472,49.944403729102085,long
257644,257645,loss,-33.29626915273472,33.29626915273472,49.944403729102085,short
257647,257648,win,49.944403729102085,33.29626915273472,49.944403729102085,short
257650,257651,loss,-33.29626915273472,33.29626915273472,49.944403729102085,short
257662,257663,loss,-33.29626915273472,33.29626915273472,49.944403729102085,long
257717,257718,win,49.944403729102085,33.29626915273472,49.944403729102085,long
257721,257723,loss,-33.29626915273472,33.29626915273472,49.944403729102085,long
257762,257764,win,49.944403729102085,33.29626915273472,49.944403729102085,long
257808,257812,loss,-33.29626915273472,33.29626915273472,49.944403729102085,short
257822,257823,win,49.944403729102085,33.29626915273472,49.944403729102085,long
257824,257828,win,49.944403729102085,33.29626915273472,49.944403729102085,long
257836,257837,loss,-33.29626915273472,33.29626915273472,49.944403729102085,short
257838,257839,loss,-33.29626915273472,33.29626915273472,49.944403729102085,short
257840,257841,loss,-33.29626915273472,33.29626915273472,49.944403729102085,short
257842,257843,loss,-33.29626915273472,33.29626915273472,49.944403729102085,short
257855,257856,loss,-33.29626915273472,33.29626915273472,49.944403729102085,long
257920,257921,loss,-33.29626915273472,33.29626915273472,49.944403729102085,short
257926,257927,loss,-33.29626915273472,33.29626915273472,49.944403729102085,short
257928,257929,loss,-33.29626915273472,33.29626915273472,49.944403729102085,short
257985,257987,loss,-33.29626915273472,33.29626915273472,49.944403729102085,long
257988,257989,loss,-33.29626915273472,33.29626915273472,49.944403729102085,long
257994,257995,win,49.944403729102085,33.29626915273472,49.944403729102085,short
257996,257997,loss,-33.29626915273472,33.29626915273472,49.944403729102085,short
257998,257999,loss,-33.29626915273472,33.29626915273472,49.944403729102085,short
258011,258014,loss,-33.29626915273472,33.29626915273472,49.944403729102085,long
258086,258089,loss,-33.29626915273472,33.29626915273472,49.944403729102085,long
258094,258095,win,49.944403729102085,33.29626915273472,49.944403729102085,long
258126,258127,loss,-33.29626915273472,33.29626915273472,49.944403729102085,short
258179,258180,loss,-33.29626915273472,33.29626915273472,49.944403729102085,short
258181,258182,loss,-33.29626915273472,33.29626915273472,49.944403729102085,short
258183,258185,loss,-33.29626915273472,33.29626915273472,49.944403729102085,short
258197,258198,loss,-33.29626915273472,33.29626915273472,49.944403729102085,long
258242,258243,win,49.944403729102085,33.29626915273472,49.944403729102085,long
258244,258245,loss,-33.29626915273472,33.29626915273472,49.944403729102085,long
258284,258285,loss,-33.29626915273472,33.29626915273472,49.944403729102085,short
258286,258287,win,49.944403729102085,33.29626915273472,49.944403729102085,short
258289,258290,win,49.944403729102085,33.29626915273472,49.944403729102085,short
258291,258293,win,49.944403729102085,33.29626915273472,49.944403729102085,short
258295,258296,loss,-33.29626915273472,33.29626915273472,49.944403729102085,short
258309,258311,loss,-33.29626915273472,33.29626915273472,49.944403729102085,long
258335,258336,loss,-33.29626915273472,33.29626915273472,49.944403729102085,long
258345,258346,win,49.944403729102085,33.29626915273472,49.944403729102085,short
258347,258348,loss,-33.29626915273472,33.29626915273472,49.944403729102085,short
258349,258350,loss,-33.29626915273472,33.29626915273472,49.944403729102085,short
258363,258365,win,49.944403729102085,33.29626915273472,49.944403729102085,long
258392,258393,win,49.944403729102085,33.29626915273472,49.944403729102085,long
258400,258401,win,49.944403729102085,33.29626915273472,49.944403729102085,long
258428,258429,win,49.944403729102085,33.29626915273472,49.944403729102085,long
258430,258431,win,49.944403729102085,33.29626915273472,49.944403729102085,long
258496,258498,loss,-33.29626915273472,33.29626915273472,49.944403729102085,short
258506,258507,win,49.944403729102085,33.29626915273472,49.944403729102085,long
258512,258513,win,49.944403729102085,33.29626915273472,49.944403729102085,long
258514,258515,loss,-33.29626915273472,33.29626915273472,49.944403729102085,long
258518,258519,loss,-33.29626915273472,33.29626915273472,49.944403729102085,long
258520,258521,loss,-33.29626915273472,33.29626915273472,49.944403729102085,short
258522,258523,loss,-33.29626915273472,33.29626915273472,49.944403729102085,short
258556,258557,loss,-33.29626915273472,33.29626915273472,49.944403729102085,long
258575,258576,win,49.944403729102085,33.29626915273472,49.944403729102085,long
258600,258601,loss,-33.29626915273472,33.29626915273472,49.944403729102085,short
258606,258607,win,49.944403729102085,33.29626915273472,49.944403729102085,short
258608,258609,win,49.944403729102085,33.29626915273472,49.944403729102085,short
258610,258611,loss,-33.29626915273472,33.29626915273472,49.944403729102085,short
258671,258672,loss,-33.29626915273472,33.29626915273472,49.944403729102085,long
258689,258690,loss,-33.29626915273472,33.29626915273472,49.944403729102085,long
258692,258693,loss,-33.29626915273472,33.29626915273472,49.944403729102085,long
258704,258705,loss,-33.29626915273472,33.29626915273472,49.944403729102085,long
258709,258710,loss,-33.29626915273472,33.29626915273472,49.944403729102085,long
258718,258719,loss,-33.29626915273472,33.29626915273472,49.944403729102085,short
258723,258724,loss,-33.29626915273472,33.29626915273472,49.944403729102085,short
258726,258727,loss,-33.29626915273472,33.29626915273472,49.944403729102085,short
258738,258739,win,49.944403729102085,33.29626915273472,49.944403729102085,short
258744,258745,win,49.944403729102085,33.29626915273472,49.944403729102085,short
258750,258751,loss,-33.29626915273472,33.29626915273472,49.944403729102085,short
258752,258753,loss,-33.29626915273472,33.29626915273472,49.944403729102085,short
258774,258775,win,49.944403729102085,33.29626915273472,49.944403729102085,long
258824,258825,loss,-33.29626915273472,33.29626915273472,49.944403729102085,long
258826,258827,loss,-33.29626915273472,33.29626915273472,49.944403729102085,long
258852,258853,loss,-33.29626915273472,33.29626915273472,49.944403729102085,short
258864,258865,loss,-33.29626915273472,33.29626915273472,49.944403729102085,short
258870,258871,loss,-33.29626915273472,33.29626915273472,49.944403729102085,short
258872,258873,loss,-33.29626915273472,33.29626915273472,49.944403729102085,short
258883,258884,loss,-33.29626915273472,33.29626915273472,49.944403729102085,short
258891,258892,loss,-33.29626915273472,33.29626915273472,49.944403729102085,short
258911,258912,win,49.944403729102085,33.29626915273472,49.944403729102085,long
258913,258914,loss,-33.29626915273472,33.29626915273472,49.944403729102085,long
258931,258932,win,49.944403729102085,33.29626915273472,49.944403729102085,long
258950,258951,loss,-33.29626915273472,33.29626915273472,49.944403729102085,short
259073,259074,loss,-33.29626915273472,33.29626915273472,49.944403729102085,short
259078,259079,loss,-33.29626915273472,33.29626915273472,49.944403729102085,short
259080,259081,loss,-33.29626915273472,33.29626915273472,49.944403729102085,short
259094,259095,loss,-33.29626915273472,33.29626915273472,49.944403729102085,long
259097,259098,loss,-33.29626915273472,33.29626915273472,49.944403729102085,long
259101,259102,loss,-33.29626915273472,33.29626915273472,49.944403729102085,long
259103,259104,loss,-33.29626915273472,33.29626915273472,49.944403729102085,long
259123,259124,loss,-33.29626915273472,33.29626915273472,49.944403729102085,short
259183,259184,win,49.944403729102085,33.29626915273472,49.944403729102085,long
259185,259186,loss,-33.29626915273472,33.29626915273472,49.944403729102085,long
259196,259197,loss,-33.29626915273472,33.29626915273472,49.944403729102085,long
259219,259220,loss,-33.29626915273472,33.29626915273472,49.944403729102085,short
259233,259234,loss,-33.29626915273472,33.29626915273472,49.944403729102085,long
259235,259236,win,49.944403729102085,33.29626915273472,49.944403729102085,long
259237,259238,win,49.944403729102085,33.29626915273472,49.944403729102085,long
259245,259246,loss,-33.29626915273472,33.29626915273472,49.944403729102085,long
259288,259289,win,49.944403729102085,33.29626915273472,49.944403729102085,long
259291,259292,loss,-33.29626915273472,33.29626915273472,49.944403729102085,long
259317,259318,loss,-33.29626915273472,33.29626915273472,49.944403729102085,short
259320,259321,loss,-33.29626915273472,33.29626915273472,49.944403729102085,short
259325,259326,loss,-33.29626915273472,33.29626915273472,49.944403729102085,short
259351,259352,loss,-33.29626915273472,33.29626915273472,49.944403729102085,long
259354,259355,win,49.944403729102085,33.29626915273472,49.944403729102085,long
259410,259411,win,49.944403729102085,33.29626915273472,49.944403729102085,short
259412,259413,loss,-33.29626915273472,33.29626915273472,49.944403729102085,short
259448,259449,loss,-33.29626915273472,33.29626915273472,49.944403729102085,short
259450,259451,loss,-33.29626915273472,33.29626915273472,49.944403729102085,short
259452,259453,loss,-33.29626915273472,33.29626915273472,49.944403729102085,short
259480,259481,loss,-33.29626915273472,33.29626915273472,49.944403729102085,long
259482,259484,loss,-33.29626915273472,33.29626915273472,49.944403729102085,long
259525,259526,loss,-33.29626915273472,33.29626915273472,49.944403729102085,short
259532,259533,loss,-33.29626915273472,33.29626915273472,49.944403729102085,short
259536,259537,loss,-33.29626915273472,33.29626915273472,49.944403729102085,short
259539,259540,loss,-33.29626915273472,33.29626915273472,49.944403729102085,short
259541,259542,loss,-33.29626915273472,33.29626915273472,49.944403729102085,short
259567,259570,win,49.944403729102085,33.29626915273472,49.944403729102085,long
259578,259579,loss,-33.29626915273472,33.29626915273472,49.944403729102085,short
259614,259615,win,49.944403729102085,33.29626915273472,49.944403729102085,long
259616,259617,win,49.944403729102085,33.29626915273472,49.944403729102085,long
259619,259620,loss,-33.29626915273472,33.29626915273472,49.944403729102085,long
259676,259677,loss,-33.29626915273472,33.29626915273472,49.944403729102085,short
259695,259696,loss,-33.29626915273472,33.29626915273472,49.944403729102085,long
259698,259699,loss,-33.29626915273472,33.29626915273472,49.944403729102085,long
259718,259719,win,49.944403729102085,33.29626915273472,49.944403729102085,short
259720,259721,loss,-33.29626915273472,33.29626915273472,49.944403729102085,short
259722,259723,loss,-33.29626915273472,33.29626915273472,49.944403729102085,short
259725,259726,loss,-33.29626915273472,33.29626915273472,49.944403729102085,short
259785,259786,loss,-33.29626915273472,33.29626915273472,49.944403729102085,short
259789,259790,loss,-33.29626915273472,33.29626915273472,49.944403729102085,short
259791,259792,loss,-33.29626915273472,33.29626915273472,49.944403729102085,long
259806,259808,loss,-33.29626915273472,33.29626915273472,49.944403729102085,short
259815,259816,loss,-33.29626915273472,33.29626915273472,49.944403729102085,long
259820,259821,win,49.944403729102085,33.29626915273472,49.944403729102085,long
259863,259864,loss,-33.29626915273472,33.29626915273472,49.944403729102085,short
259889,259895,loss,-33.29626915273472,33.29626915273472,49.944403729102085,long
259898,259899,loss,-33.29626915273472,33.29626915273472,49.944403729102085,short
259903,259904,loss,-33.29626915273472,33.29626915273472,49.944403729102085,short
259925,259926,win,49.944403729102085,33.29626915273472,49.944403729102085,short
259927,259928,loss,-33.29626915273472,33.29626915273472,49.944403729102085,short
259948,259949,loss,-33.29626915273472,33.29626915273472,49.944403729102085,long
259994,259995,loss,-33.29626915273472,33.29626915273472,49.944403729102085,long
259996,259997,win,49.944403729102085,33.29626915273472,49.944403729102085,long
259998,259999,win,49.944403729102085,33.29626915273472,49.944403729102085,long
260001,260002,loss,-33.29626915273472,33.29626915273472,49.944403729102085,long
260004,260005,loss,-33.29626915273472,33.29626915273472,49.944403729102085,long
260058,260059,loss,-33.29626915273472,33.29626915273472,49.944403729102085,short
260060,260061,win,49.944403729102085,33.29626915273472,49.944403729102085,short
260062,260063,loss,-33.29626915273472,33.29626915273472,49.944403729102085,short
260070,260071,win,49.944403729102085,33.29626915273472,49.944403729102085,short
260073,260074,loss,-33.29626915273472,33.29626915273472,49.944403729102085,short
260088,260089,loss,-33.29626915273472,33.29626915273472,49.944403729102085,long
260127,260128,loss,-33.29626915273472,33.29626915273472,49.944403729102085,short
260129,260130,loss,-33.29626915273472,33.29626915273472,49.944403729102085,short
260142,260143,loss,-33.29626915273472,33.29626915273472,49.944403729102085,long
260214,260215,win,49.944403729102085,33.29626915273472,49.944403729102085,short
260216,260217,loss,-33.29626915273472,33.29626915273472,49.944403729102085,short
260250,260251,loss,-33.29626915273472,33.29626915273472,49.944403729102085,long
260254,260257,win,49.944403729102085,33.29626915273472,49.944403729102085,long
260258,260260,loss,-33.29626915273472,33.29626915273472,49.944403729102085,long
260261,260262,loss,-33.29626915273472,33.29626915273472,49.944403729102085,long
260332,260333,loss,-33.29626915273472,33.29626915273472,49.944403729102085,long
260341,260342,win,49.944403729102085,33.29626915273472,49.944403729102085,short
260343,260344,loss,-33.29626915273472,33.29626915273472,49.944403729102085,short
260345,260346,loss,-33.29626915273472,33.29626915273472,49.944403729102085,short
260353,260354,loss,-33.29626915273472,33.29626915273472,49.944403729102085,short
260366,260367,loss,-33.29626915273472,33.29626915273472,49.944403729102085,long
260452,260453,loss,-33.29626915273472,33.29626915273472,49.944403729102085,short
260469,260470,loss,-33.29626915273472,33.29626915273472,49.944403729102085,long
260482,260483,loss,-33.29626915273472,33.29626915273472,49.944403729102085,long
260506,260507,loss,-33.29626915273472,33.29626915273472,49.944403729102085,short
260556,260557,win,49.944403729102085,33.29626915273472,49.944403729102085,long
260558,260559,loss,-33.29626915273472,33.29626915273472,49.944403729102085,long
260566,260567,loss,-33.29626915273472,33.29626915273472,49.944403729102085,long
260569,260570,loss,-33.29626915273472,33.29626915273472,49.944403729102085,long
260591,260592,win,49.944403729102085,33.29626915273472,49.944403729102085,short
260595,260596,win,49.944403729102085,33.29626915273472,49.944403729102085,short
260628,260630,win,49.944403729102085,33.29626915273472,49.944403729102085,long
260646,260647,win,49.944403729102085,33.29626915273472,49.944403729102085,long
260648,260650,win,49.944403729102085,33.29626915273472,49.944403729102085,long
260673,260674,loss,-33.29626915273472,33.29626915273472,49.944403729102085,long
260681,260682,loss,-33.29626915273472,33.29626915273472,49.944403729102085,short
260683,260684,loss,-33.29626915273472,33.29626915273472,49.944403729102085,short
260719,260721,loss,-33.29626915273472,33.29626915273472,49.944403729102085,short
260731,260733,win,49.944403729102085,33.29626915273472,49.944403729102085,long
260734,260735,loss,-33.29626915273472,33.29626915273472,49.944403729102085,long
260768,260770,win,49.944403729102085,33.29626915273472,49.944403729102085,long
260771,260773,loss,-33.29626915273472,33.29626915273472,49.944403729102085,long
260789,260790,win,49.944403729102085,33.29626915273472,49.944403729102085,short
260791,260792,win,49.944403729102085,33.29626915273472,49.944403729102085,short
260795,260796,loss,-33.29626915273472,33.29626915273472,49.944403729102085,short
260806,260807,loss,-33.29626915273472,33.29626915273472,49.944403729102085,long
260808,260809,win,49.944403729102085,33.29626915273472,49.944403729102085,long
260874,260875,loss,-33.29626915273472,33.29626915273472,49.944403729102085,short
260876,260877,win,49.944403729102085,33.29626915273472,49.944403729102085,short
260902,260903,loss,-33.29626915273472,33.29626915273472,49.944403729102085,short
260927,260928,loss,-33.29626915273472,33.29626915273472,49.944403729102085,short
260929,260930,loss,-33.29626915273472,33.29626915273472,49.944403729102085,short
260931,260932,loss,-33.29626915273472,33.29626915273472,49.944403729102085,short
260941,260942,win,49.944403729102085,33.29626915273472,49.944403729102085,long
261018,261019,loss,-33.29626915273472,33.29626915273472,49.944403729102085,short
261021,261022,win,49.944403729102085,33.29626915273472,49.944403729102085,short
261023,261024,win,49.944403729102085,33.29626915273472,49.944403729102085,short
261025,261026,loss,-33.29626915273472,33.29626915273472,49.944403729102085,short
261068,261069,loss,-33.29626915273472,33.29626915273472,49.944403729102085,long
261070,261071,loss,-33.29626915273472,33.29626915273472,49.944403729102085,long
261086,261087,win,49.944403729102085,33.29626915273472,49.944403729102085,long
261088,261093,loss,-33.29626915273472,33.29626915273472,49.944403729102085,long
261123,261128,loss,-33.29626915273472,33.29626915273472,49.944403729102085,long
261151,261152,loss,-33.29626915273472,33.29626915273472,49.944403729102085,long
261153,261154,loss,-33.29626915273472,33.29626915273472,49.944403729102085,short
261157,261158,loss,-33.29626915273472,33.29626915273472,49.944403729102085,short
261159,261160,win,49.944403729102085,33.29626915273472,49.944403729102085,short
261161,261162,win,49.944403729102085,33.29626915273472,49.944403729102085,short
261163,261167,win,49.944403729102085,33.29626915273472,49.944403729102085,short
261222,261223,loss,-33.29626915273472,33.29626915273472,49.944403729102085,short
261270,261271,loss,-33.29626915273472,33.29626915273472,49.944403729102085,long
261273,261274,loss,-33.29626915273472,33.29626915273472,49.944403729102085,long
261275,261279,loss,-33.29626915273472,33.29626915273472,49.944403729102085,long
261342,261343,win,49.944403729102085,33.29626915273472,49.944403729102085,short
261369,261370,loss,-33.29626915273472,33.29626915273472,49.944403729102085,long
261372,261373,loss,-33.29626915273472,33.29626915273472,49.944403729102085,long
261374,261375,loss,-33.29626915273472,33.29626915273472,49.944403729102085,long
261381,261383,loss,-33.29626915273472,33.29626915273472,49.944403729102085,long
261391,261392,loss,-33.29626915273472,33.29626915273472,49.944403729102085,short
261394,261397,win,49.944403729102085,33.29626915273472,49.944403729102085,short
261398,261399,loss,-33.29626915273472,33.29626915273472,49.944403729102085,short
261496,261497,loss,-33.29626915273472,33.29626915273472,49.944403729102085,short
261498,261499,loss,-33.29626915273472,33.29626915273472,49.944403729102085,short
261500,261501,win,49.944403729102085,33.29626915273472,49.944403729102085,short
261567,261568,win,49.944403729102085,33.29626915273472,49.944403729102085,short
261569,261570,win,49.944403729102085,33.29626915273472,49.944403729102085,short
261624,261627,win,49.944403729102085,33.29626915273472,49.944403729102085,long
261628,261629,loss,-33.29626915273472,33.29626915273472,49.944403729102085,long
261630,261631,loss,-33.29626915273472,33.29626915273472,49.944403729102085,long
261698,261699,loss,-33.29626915273472,33.29626915273472,49.944403729102085,long
261702,261703,loss,-33.29626915273472,33.29626915273472,49.944403729102085,long
261763,261765,win,49.944403729102085,33.29626915273472,49.944403729102085,short
261767,261768,loss,-33.29626915273472,33.29626915273472,49.944403729102085,long
261770,261771,loss,-33.29626915273472,33.29626915273472,49.944403729102085,short
261774,261775,loss,-33.29626915273472,33.29626915273472,49.944403729102085,long
261778,261779,loss,-33.29626915273472,33.29626915273472,49.944403729102085,short
261780,261781,loss,-33.29626915273472,33.29626915273472,49.944403729102085,short
261782,261783,win,49.944403729102085,33.29626915273472,49.944403729102085,short
261788,261790,win,49.944403729102085,33.29626915273472,49.944403729102085,short
261840,261841,loss,-33.29626915273472,33.29626915273472,49.944403729102085,long
261842,261843,loss,-33.29626915273472,33.29626915273472,49.944403729102085,long
261845,261848,win,49.944403729102085,33.29626915273472,49.944403729102085,long
261865,261867,loss,-33.29626915273472,33.29626915273472,49.944403729102085,long
261868,261869,win,49.944403729102085,33.29626915273472,49.944403729102085,long
261870,261871,win,49.944403729102085,33.29626915273472,49.944403729102085,long
261872,261874,win,49.944403729102085,33.29626915273472,49.944403729102085,long
261933,261934,loss,-33.29626915273472,33.29626915273472,49.944403729102085,long
261935,261936,win,49.944403729102085,33.29626915273472,49.944403729102085,long
261938,261939,loss,-33.29626915273472,33.29626915273472,49.944403729102085,long
261940,261941,loss,-33.29626915273472,33.29626915273472,49.944403729102085,long
261952,261953,loss,-33.29626915273472,33.29626915273472,49.944403729102085,short
261955,261958,loss,-33.29626915273472,33.29626915273472,49.944403729102085,short
261975,261976,loss,-33.29626915273472,33.29626915273472,49.944403729102085,short
261977,261978,loss,-33.29626915273472,33.29626915273472,49.944403729102085,short
262002,262003,win,49.944403729102085,33.29626915273472,49.944403729102085,long
262017,262018,loss,-33.29626915273472,33.29626915273472,49.944403729102085,short
262019,262020,loss,-33.29626915273472,33.29626915273472,49.944403729102085,short
262061,262062,loss,-33.29626915273472,33.29626915273472,49.944403729102085,long
262063,262064,loss,-33.29626915273472,33.29626915273472,49.944403729102085,long
262119,262120,win,49.944403729102085,33.29626915273472,49.944403729102085,short
262122,262123,loss,-33.29626915273472,33.29626915273472,49.944403729102085,short
262129,262130,loss,-33.29626915273472,33.29626915273472,49.944403729102085,short
262149,262150,win,49.944403729102085,33.29626915273472,49.944403729102085,short
262154,262155,loss,-33.29626915273472,33.29626915273472,49.944403729102085,short
262156,262157,loss,-33.29626915273472,33.29626915273472,49.944403729102085,short
262170,262171,win,49.944403729102085,33.29626915273472,49.944403729102085,short
262172,262173,win,49.944403729102085,33.29626915273472,49.944403729102085,short
262174,262175,loss,-33.29626915273472,33.29626915273472,49.944403729102085,short
262202,262203,loss,-33.29626915273472,33.29626915273472,49.944403729102085,long
262205,262206,loss,-33.29626915273472,33.29626915273472,49.944403729102085,long
262207,262208,loss,-33.29626915273472,33.29626915273472,49.944403729102085,long
262244,262245,loss,-33.29626915273472,33.29626915273472,49.944403729102085,short
262249,262250,win,49.944403729102085,33.29626915273472,49.944403729102085,short
262262,262263,loss,-33.29626915273472,33.29626915273472,49.944403729102085,short
262264,262265,win,49.944403729102085,33.29626915273472,49.944403729102085,short
262283,262284,loss,-33.29626915273472,33.29626915273472,49.944403729102085,short
262298,262299,win,49.944403729102085,33.29626915273472,49.944403729102085,long
262307,262308,loss,-33.29626915273472,33.29626915273472,49.944403729102085,long
262312,262313,loss,-33.29626915273472,33.29626915273472,49.944403729102085,long
262332,262333,win,49.944403729102085,33.29626915273472,49.944403729102085,long
262334,262335,loss,-33.29626915273472,33.29626915273472,49.944403729102085,long
262336,262337,win,49.944403729102085,33.29626915273472,49.944403729102085,long
262338,262339,win,49.944403729102085,33.29626915273472,49.944403729102085,long
262340,262341,win,49.944403729102085,33.29626915273472,49.944403729102085,long
262342,262344,win,49.944403729102085,33.29626915273472,49.944403729102085,long
262372,262373,loss,-33.29626915273472,33.29626915273472,49.944403729102085,short
262375,262376,loss,-33.29626915273472,33.29626915273472,49.944403729102085,short
262377,262378,win,49.944403729102085,33.29626915273472,49.944403729102085,short
262380,262381,loss,-33.29626915273472,33.29626915273472,49.944403729102085,short
262385,262386,win,49.944403729102085,33.29626915273472,49.944403729102085,short
262398,262399,loss,-33.29626915273472,33.29626915273472,49.944403729102085,long
262400,262401,win,49.944403729102085,33.29626915273472,49.944403729102085,long
262402,262403,loss,-33.29626915273472,33.29626915273472,49.944403729102085,long
262404,262405,win,49.944403729102085,33.29626915273472,49.944403729102085,long
262500,262501,loss,-33.29626915273472,33.29626915273472,49.944403729102085,short
262551,262553,win,49.944403729102085,33.29626915273472,49.944403729102085,short
262555,262556,win,49.944403729102085,33.29626915273472,49.944403729102085,short
262578,262579,loss,-33.29626915273472,33.29626915273472,49.944403729102085,short
262584,262585,loss,-33.29626915273472,33.29626915273472,49.944403729102085,short
262598,262601,loss,-33.29626915273472,33.29626915273472,49.944403729102085,long
262654,262655,win,49.944403729102085,33.29626915273472,49.944403729102085,long
262656,262657,win,49.944403729102085,33.29626915273472,49.944403729102085,long
262658,262659,loss,-33.29626915273472,33.29626915273472,49.944403729102085,long
262723,262724,loss,-33.29626915273472,33.29626915273472,49.944403729102085,long
262728,262729,loss,-33.29626915273472,33.29626915273472,49.944403729102085,long
262737,262738,win,49.944403729102085,33.29626915273472,49.944403729102085,short
262744,262745,win,49.944403729102085,33.29626915273472,49.944403729102085,long
262746,262747,loss,-33.29626915273472,33.29626915273472,49.944403729102085,long
262748,262749,loss,-33.29626915273472,33.29626915273472,49.944403729102085,long
262762,262763,loss,-33.29626915273472,33.29626915273472,49.944403729102085,short
262807,262808,win,49.944403729102085,33.29626915273472,49.944403729102085,short
262813,262814,loss,-33.29626915273472,33.29626915273472,49.944403729102085,short
262854,262855,win,49.944403729102085,33.29626915273472,49.944403729102085,long
262856,262857,win,49.944403729102085,33.29626915273472,49.944403729102085,long
262858,262859,win,49.944403729102085,33.29626915273472,49.944403729102085,long
262869,262870,loss,-33.29626915273472,33.29626915273472,49.944403729102085,short
262872,262873,loss,-33.29626915273472,33.29626915273472,49.944403729102085,short
262876,262877,loss,-33.29626915273472,33.29626915273472,49.944403729102085,short
262957,262958,loss,-33.29626915273472,33.29626915273472,49.944403729102085,short
263008,263009,loss,-33.29626915273472,33.29626915273472,49.944403729102085,long
263061,263062,loss,-33.29626915273472,33.29626915273472,49.944403729102085,short
263068,263069,loss,-33.29626915273472,33.29626915273472,49.944403729102085,short
263082,263083,loss,-33.29626915273472,33.29626915273472,49.944403729102085,long
263088,263089,win,49.944403729102085,33.29626915273472,49.944403729102085,long
263166,263167,win,49.944403729102085,33.29626915273472,49.944403729102085,long
263168,263169,loss,-33.29626915273472,33.29626915273472,49.944403729102085,long
263170,263171,loss,-33.29626915273472,33.29626915273472,49.944403729102085,long
263174,263175,win,49.944403729102085,33.29626915273472,49.944403729102085,long
263176,263177,win,49.944403729102085,33.29626915273472,49.944403729102085,long
263179,263180,loss,-33.29626915273472,33.29626915273472,49.944403729102085,long
263225,263226,win,49.944403729102085,33.29626915273472,49.944403729102085,long
263227,263228,loss,-33.29626915273472,33.29626915273472,49.944403729102085,long
263231,263232,loss,-33.29626915273472,33.29626915273472,49.944403729102085,long
263234,263235,win,49.944403729102085,33.29626915273472,49.944403729102085,long
263249,263250,loss,-33.29626915273472,33.29626915273472,49.944403729102085,short
263251,263252,loss,-33.29626915273472,33.29626915273472,49.944403729102085,short
263253,263254,loss,-33.29626915273472,33.29626915273472,49.944403729102085,short
263255,263256,win,49.944403729102085,33.29626915273472,49.944403729102085,short
263264,263265,loss,-33.29626915273472,33.29626915273472,49.944403729102085,short
263267,263268,loss,-33.29626915273472,33.29626915273472,49.944403729102085,short
263273,263274,loss,-33.29626915273472,33.29626915273472,49.944403729102085,short
263280,263281,loss,-33.29626915273472,33.29626915273472,49.944403729102085,short
263308,263309,loss,-33.29626915273472,33.29626915273472,49.944403729102085,long
263312,263313,loss,-33.29626915273472,33.29626915273472,49.944403729102085,long
263338,263339,loss,-33.29626915273472,33.29626915273472,49.944403729102085,long
263340,263341,loss,-33.29626915273472,33.29626915273472,49.944403729102085,long
263343,263344,win,49.944403729102085,33.29626915273472,49.944403729102085,long
263345,263346,loss,-33.29626915273472,33.29626915273472,49.944403729102085,long
263385,263386,loss,-33.29626915273472,33.29626915273472,49.944403729102085,short
263387,263388,loss,-33.29626915273472,33.29626915273472,49.944403729102085,short
263427,263428,loss,-33.29626915273472,33.29626915273472,49.944403729102085,long
263429,263430,win,49.944403729102085,33.29626915273472,49.944403729102085,long
263432,263433,win,49.944403729102085,33.29626915273472,49.944403729102085,long
263434,263435,loss,-33.29626915273472,33.29626915273472,49.944403729102085,long
263436,263437,loss,-33.29626915273472,33.29626915273472,49.944403729102085,long
263463,263465,win,49.944403729102085,33.29626915273472,49.944403729102085,short
263468,263469,win,49.944403729102085,33.29626915273472,49.944403729102085,short
263471,263472,loss,-33.29626915273472,33.29626915273472,49.944403729102085,short
263486,263487,loss,-33.29626915273472,33.29626915273472,49.944403729102085,short
263488,263489,loss,-33.29626915273472,33.29626915273472,49.944403729102085,short
263493,263494,loss,-33.29626915273472,33.29626915273472,49.944403729102085,short
263502,263503,loss,-33.29626915273472,33.29626915273472,49.944403729102085,long
263507,263508,loss,-33.29626915273472,33.29626915273472,49.944403729102085,long
263560,263561,loss,-33.29626915273472,33.29626915273472,49.944403729102085,long
263562,263563,loss,-33.29626915273472,33.29626915273472,49.944403729102085,long
263570,263571,win,49.944403729102085,33.29626915273472,49.944403729102085,long
263600,263601,loss,-33.29626915273472,33.29626915273472,49.944403729102085,short
263602,263603,win,49.944403729102085,33.29626915273472,49.944403729102085,short
263604,263605,loss,-33.29626915273472,33.29626915273472,49.944403729102085,short
263606,263607,loss,-33.29626915273472,33.29626915273472,49.944403729102085,short
263612,263613,loss,-33.29626915273472,33.29626915273472,49.944403729102085,short
263628,263629,loss,-33.29626915273472,33.29626915273472,49.944403729102085,long
263630,263631,loss,-33.29626915273472,33.29626915273472,49.944403729102085,long
263632,263633,win,49.944403729102085,33.29626915273472,49.944403729102085,long
263634,263635,loss,-33.29626915273472,33.29626915273472,49.944403729102085,long
263648,263649,loss,-33.29626915273472,33.29626915273472,49.944403729102085,short
263662,263663,loss,-33.29626915273472,33.29626915273472,49.944403729102085,short
263668,263669,loss,-33.29626915273472,33.29626915273472,49.944403729102085,short
263681,263682,loss,-33.29626915273472,33.29626915273472,49.944403729102085,short
263683,263684,loss,-33.29626915273472,33.29626915273472,49.944403729102085,short
263697,263698,win,49.944403729102085,33.29626915273472,49.944403729102085,long
263777,263778,loss,-33.29626915273472,33.29626915273472,49.944403729102085,short
263805,263806,loss,-33.29626915273472,33.29626915273472,49.944403729102085,long
263807,263808,loss,-33.29626915273472,33.29626915273472,49.944403729102085,long
263898,263899,loss,-33.29626915273472,33.29626915273472,49.944403729102085,short
263906,263907,loss,-33.29626915273472,33.29626915273472,49.944403729102085,short
263917,263918,win,49.944403729102085,33.29626915273472,49.944403729102085,long
263924,263925,loss,-33.29626915273472,33.29626915273472,49.944403729102085,long
263955,263956,loss,-33.29626915273472,33.29626915273472,49.944403729102085,short
263958,263959,loss,-33.29626915273472,33.29626915273472,49.944403729102085,short
263961,263962,win,49.944403729102085,33.29626915273472,49.944403729102085,short
263980,263981,loss,-33.29626915273472,33.29626915273472,49.944403729102085,long
263990,263991,loss,-33.29626915273472,33.29626915273472,49.944403729102085,short
263992,263993,loss,-33.29626915273472,33.29626915273472,49.944403729102085,short
263996,263997,loss,-33.29626915273472,33.29626915273472,49.944403729102085,short
264062,264063,loss,-33.29626915273472,33.29626915273472,49.944403729102085,long
264064,264065,loss,-33.29626915273472,33.29626915273472,49.944403729102085,long
264067,264068,loss,-33.29626915273472,33.29626915273472,49.944403729102085,long
264131,264132,loss,-33.29626915273472,33.29626915273472,49.944403729102085,short
264185,264186,loss,-33.29626915273472,33.29626915273472,49.944403729102085,short
264190,264191,loss,-33.29626915273472,33.29626915273472,49.944403729102085,short
264192,264193,loss,-33.29626915273472,33.29626915273472,49.944403729102085,short
264255,264256,loss,-33.29626915273472,33.29626915273472,49.944403729102085,long
264258,264259,loss,-33.29626915273472,33.29626915273472,49.944403729102085,long
264291,264292,win,49.944403729102085,33.29626915273472,49.944403729102085,long
264301,264302,loss,-33.29626915273472,33.29626915273472,49.944403729102085,short
264303,264304,loss,-33.29626915273472,33.29626915273472,49.944403729102085,short
264305,264306,loss,-33.29626915273472,33.29626915273472,49.944403729102085,short
264374,264375,loss,-33.29626915273472,33.29626915273472,49.944403729102085,short
264380,264381,loss,-33.29626915273472,33.29626915273472,49.944403729102085,short
264398,264399,loss,-33.29626915273472,33.29626915273472,49.944403729102085,long
264400,264401,loss,-33.29626915273472,33.29626915273472,49.944403729102085,long
264402,264403,loss,-33.29626915273472,33.29626915273472,49.944403729102085,long
264406,264407,loss,-33.29626915273472,33.29626915273472,49.944403729102085,long
264408,264409,loss,-33.29626915273472,33.29626915273472,49.944403729102085,long
264471,264472,win,49.944403729102085,33.29626915273472,49.944403729102085,short
264473,264474,win,49.944403729102085,33.29626915273472,49.944403729102085,short
264528,264529,loss,-33.29626915273472,33.29626915273472,49.944403729102085,short
264541,264542,win,49.944403729102085,33.29626915273472,49.944403729102085,short
264556,264557,loss,-33.29626915273472,33.29626915273472,49.944403729102085,long
264608,264609,win,49.944403729102085,33.29626915273472,49.944403729102085,long
264638,264639,loss,-33.29626915273472,33.29626915273472,49.944403729102085,long
264640,264641,loss,-33.29626915273472,33.29626915273472,49.944403729102085,long
264644,264645,win,49.944403729102085,33.29626915273472,49.944403729102085,long
264661,264662,loss,-33.29626915273472,33.29626915273472,49.944403729102085,short
264666,264667,loss,-33.29626915273472,33.29626915273472,49.944403729102085,short
264698,264699,win,49.944403729102085,33.29626915273472,49.944403729102085,short
264758,264759,loss,-33.29626915273472,33.29626915273472,49.944403729102085,long
264760,264761,loss,-33.29626915273472,33.29626915273472,49.944403729102085,long
264778,264779,win,49.944403729102085,33.29626915273472,49.944403729102085,short
264793,264795,win,49.944403729102085,33.29626915273472,49.944403729102085,long
264799,264800,win,49.944403729102085,33.29626915273472,49.944403729102085,long
264801,264802,loss,-33.29626915273472,33.29626915273472,49.944403729102085,long
264874,264875,loss,-33.29626915273472,33.29626915273472,49.944403729102085,short
264882,264883,win,49.944403729102085,33.29626915273472,49.944403729102085,short
264927,264928,loss,-33.29626915273472,33.29626915273472,49.944403729102085,long
264951,264952,loss,-33.29626915273472,33.29626915273472,49.944403729102085,long
265002,265003,loss,-33.29626915273472,33.29626915273472,49.944403729102085,short
265005,265006,loss,-33.29626915273472,33.29626915273472,49.944403729102085,short
265017,265018,win,49.944403729102085,33.29626915273472,49.944403729102085,long
265019,265020,win,49.944403729102085,33.29626915273472,49.944403729102085,long
265023,265024,win,49.944403729102085,33.29626915273472,49.944403729102085,long
265069,265070,loss,-33.29626915273472,33.29626915273472,49.944403729102085,long
265118,265119,loss,-33.29626915273472,33.29626915273472,49.944403729102085,long
265121,265122,loss,-33.29626915273472,33.29626915273472,49.944403729102085,long
265123,265124,loss,-33.29626915273472,33.29626915273472,49.944403729102085,long
265125,265126,loss,-33.29626915273472,33.29626915273472,49.944403729102085,long
265144,265145,loss,-33.29626915273472,33.29626915273472,49.944403729102085,long
265146,265147,loss,-33.29626915273472,33.29626915273472,49.944403729102085,long
265159,265160,win,49.944403729102085,33.29626915273472,49.944403729102085,short
265190,265191,loss,-33.29626915273472,33.29626915273472,49.944403729102085,short
265192,265193,loss,-33.29626915273472,33.29626915273472,49.944403729102085,short
265194,265195,win,49.944403729102085,33.29626915273472,49.944403729102085,short
265216,265217,loss,-33.29626915273472,33.29626915273472,49.944403729102085,long
265244,265245,loss,-33.29626915273472,33.29626915273472,49.944403729102085,short
265249,265250,loss,-33.29626915273472,33.29626915273472,49.944403729102085,short
265251,265252,loss,-33.29626915273472,33.29626915273472,49.944403729102085,short
265260,265261,loss,-33.29626915273472,33.29626915273472,49.944403729102085,short
265275,265276,win,49.944403729102085,33.29626915273472,49.944403729102085,long
265330,265331,loss,-33.29626915273472,33.29626915273472,49.944403729102085,short
265332,265333,loss,-33.29626915273472,33.29626915273472,49.944403729102085,short
265338,265339,win,49.944403729102085,33.29626915273472,49.944403729102085,short
265354,265355,loss,-33.29626915273472,33.29626915273472,49.944403729102085,long
265363,265364,loss,-33.29626915273472,33.29626915273472,49.944403729102085,long
265394,265395,loss,-33.29626915273472,33.29626915273472,49.944403729102085,short
265399,265400,loss,-33.29626915273472,33.29626915273472,49.944403729102085,short
265403,265404,loss,-33.29626915273472,33.29626915273472,49.944403729102085,short
265406,265407,win,49.944403729102085,33.29626915273472,49.944403729102085,short
265421,265422,loss,-33.29626915273472,33.29626915273472,49.944403729102085,long
265427,265428,win,49.944403729102085,33.29626915273472,49.944403729102085,long
265430,265431,loss,-33.29626915273472,33.29626915273472,49.944403729102085,long
265432,265433,loss,-33.29626915273472,33.29626915273472,49.944403729102085,long
265468,265469,win,49.944403729102085,33.29626915273472,49.944403729102085,long
265472,265473,loss,-33.29626915273472,33.29626915273472,49.944403729102085,long
265491,265492,loss,-33.29626915273472,33.29626915273472,49.944403729102085,short
265493,265494,loss,-33.29626915273472,33.29626915273472,49.944403729102085,short
265495,265496,loss,-33.29626915273472,33.29626915273472,49.944403729102085,short
265497,265498,loss,-33.29626915273472,33.29626915273472,49.944403729102085,short
265573,265574,loss,-33.29626915273472,33.29626915273472,49.944403729102085,long
265595,265596,loss,-33.29626915273472,33.29626915273472,49.944403729102085,short
265618,265619,loss,-33.29626915273472,33.29626915273472,49.944403729102085,short
265623,265624,win,49.944403729102085,33.29626915273472,49.944403729102085,short
265625,265626,loss,-33.29626915273472,33.29626915273472,49.944403729102085,short
265627,265628,win,49.944403729102085,33.29626915273472,49.944403729102085,short
265698,265699,loss,-33.29626915273472,33.29626915273472,49.944403729102085,short
265701,265702,loss,-33.29626915273472,33.29626915273472,49.944403729102085,short
265713,265715,loss,-33.29626915273472,33.29626915273472,49.944403729102085,long
265716,265717,win,49.944403729102085,33.29626915273472,49.944403729102085,long
265725,265726,win,49.944403729102085,33.29626915273472,49.944403729102085,long
265730,265731,win,49.944403729102085,33.29626915273472,49.944403729102085,long
265732,265733,loss,-33.29626915273472,33.29626915273472,49.944403729102085,long
265777,265778,loss,-33.29626915273472,33.29626915273472,49.944403729102085,long
265815,265816,loss,-33.29626915273472,33.29626915273472,49.944403729102085,short
265818,265819,loss,-33.29626915273472,33.29626915273472,49.944403729102085,short
265821,265822,loss,-33.29626915273472,33.29626915273472,49.944403729102085,short
265956,265957,loss,-33.29626915273472,33.29626915273472,49.944403729102085,short
265960,265961,loss,-33.29626915273472,33.29626915273472,49.944403729102085,short
265962,265963,loss,-33.29626915273472,33.29626915273472,49.944403729102085,short
266009,266010,win,49.944403729102085,33.29626915273472,49.944403729102085,short
266011,266012,win,49.944403729102085,33.29626915273472,49.944403729102085,short
266013,266014,win,49.944403729102085,33.29626915273472,49.944403729102085,short
266015,266016,loss,-33.29626915273472,33.29626915273472,49.944403729102085,short
266017,266018,loss,-33.29626915273472,33.29626915273472,49.944403729102085,short
266031,266032,loss,-33.29626915273472,33.29626915273472,49.944403729102085,long
266053,266054,win,49.944403729102085,33.29626915273472,49.944403729102085,long
266056,266057,loss,-33.29626915273472,33.29626915273472,49.944403729102085,long
266071,266072,loss,-33.29626915273472,33.29626915273472,49.944403729102085,short
266073,266074,loss,-33.29626915273472,33.29626915273472,49.944403729102085,short
266078,266079,win,49.944403729102085,33.29626915273472,49.944403729102085,short
266085,266086,win,49.944403729102085,33.29626915273472,49.944403729102085,short
266100,266101,loss,-33.29626915273472,33.29626915273472,49.944403729102085,long
266155,266156,loss,-33.29626915273472,33.29626915273472,49.944403729102085,short
266157,266158,loss,-33.29626915273472,33.29626915273472,49.944403729102085,short
266159,266160,loss,-33.29626915273472,33.29626915273472,49.944403729102085,short
266179,266180,loss,-33.29626915273472,33.29626915273472,49.944403729102085,short
266185,266186,loss,-33.29626915273472,33.29626915273472,49.944403729102085,short
266187,266188,loss,-33.29626915273472,33.29626915273472,49.944403729102085,short
266200,266201,loss,-33.29626915273472,33.29626915273472,49.944403729102085,long
266206,266207,loss,-33.29626915273472,33.29626915273472,49.944403729102085,short
266218,266219,loss,-33.29626915273472,33.29626915273472,49.944403729102085,long
266220,266221,loss,-33.29626915273472,33.29626915273472,49.944403729102085,long
266223,266224,loss,-33.29626915273472,33.29626915273472,49.944403729102085,long
266228,266229,loss,-33.29626915273472,33.29626915273472,49.944403729102085,long
266316,266317,loss,-33.29626915273472,33.29626915273472,49.944403729102085,long
266319,266320,loss,-33.29626915273472,33.29626915273472,49.944403729102085,long
266321,266322,loss,-33.29626915273472,33.29626915273472,49.944403729102085,long
266324,266325,loss,-33.29626915273472,33.29626915273472,49.944403729102085,long
266327,266328,loss,-33.29626915273472,33.29626915273472,49.944403729102085,long
266360,266361,win,49.944403729102085,33.29626915273472,49.944403729102085,short
266365,266366,loss,-33.29626915273472,33.29626915273472,49.944403729102085,short
266368,266369,loss,-33.29626915273472,33.29626915273472,49.944403729102085,short
266371,266372,loss,-33.29626915273472,33.29626915273472,49.944403729102085,short
266380,266381,loss,-33.29626915273472,33.29626915273472,49.944403729102085,short
266394,266395,loss,-33.29626915273472,33.29626915273472,49.944403729102085,long
266398,266399,loss,-33.29626915273472,33.29626915273472,49.944403729102085,long
266409,266410,loss,-33.29626915273472,33.29626915273472,49.944403729102085,short
266419,266420,loss,-33.29626915273472,33.29626915273472,49.944403729102085,short
266461,266462,loss,-33.29626915273472,33.29626915273472,49.944403729102085,long
266465,266466,loss,-33.29626915273472,33.29626915273472,49.944403729102085,long
266476,266477,loss,-33.29626915273472,33.29626915273472,49.944403729102085,long
266478,266479,win,49.944403729102085,33.29626915273472,49.944403729102085,long
266505,266506,loss,-33.29626915273472,33.29626915273472,49.944403729102085,long
266507,266508,loss,-33.29626915273472,33.29626915273472,49.944403729102085,long
266527,266528,loss,-33.29626915273472,33.29626915273472,49.944403729102085,short
266529,266530,win,49.944403729102085,33.29626915273472,49.944403729102085,short
266604,266605,loss,-33.29626915273472,33.29626915273472,49.944403729102085,long
266740,266741,loss,-33.29626915273472,33.29626915273472,49.944403729102085,short
266744,266745,loss,-33.29626915273472,33.29626915273472,49.944403729102085,short
266746,266747,loss,-33.29626915273472,33.29626915273472,49.944403729102085,short
266748,266749,loss,-33.29626915273472,33.29626915273472,49.944403729102085,short
266753,266754,win,49.944403729102085,33.29626915273472,49.944403729102085,short
266769,266770,loss,-33.29626915273472,33.29626915273472,49.944403729102085,long
266779,266780,win,49.944403729102085,33.29626915273472,49.944403729102085,long
266781,266782,loss,-33.29626915273472,33.29626915273472,49.944403729102085,long
266790,266791,win,49.944403729102085,33.29626915273472,49.944403729102085,long
266881,266882,loss,-33.29626915273472,33.29626915273472,49.944403729102085,short
266891,266892,loss,-33.29626915273472,33.29626915273472,49.944403729102085,short
266900,266901,win,49.944403729102085,33.29626915273472,49.944403729102085,long
266905,266906,loss,-33.29626915273472,33.29626915273472,49.944403729102085,long
266916,266917,win,49.944403729102085,33.29626915273472,49.944403729102085,short
266930,266931,loss,-33.29626915273472,33.29626915273472,49.944403729102085,long
266934,266935,win,49.944403729102085,33.29626915273472,49.944403729102085,long
266936,266937,win,49.944403729102085,33.29626915273472,49.944403729102085,long
266938,266939,loss,-33.29626915273472,33.29626915273472,49.944403729102085,long
266940,266941,loss,-33.29626915273472,33.29626915273472,49.944403729102085,long
266942,266943,win,49.944403729102085,33.29626915273472,49.944403729102085,long
266944,266945,loss,-33.29626915273472,33.29626915273472,49.944403729102085,long
266975,266976,loss,-33.29626915273472,33.29626915273472,49.944403729102085,short
266988,266989,loss,-33.29626915273472,33.29626915273472,49.944403729102085,short
266990,266991,win,49.944403729102085,33.29626915273472,49.944403729102085,short
266992,266993,loss,-33.29626915273472,33.29626915273472,49.944403729102085,short
266994,266995,loss,-33.29626915273472,33.29626915273472,49.944403729102085,short
266997,266998,loss,-33.29626915273472,33.29626915273472,49.944403729102085,short
267000,267001,loss,-33.29626915273472,33.29626915273472,49.944403729102085,short
267027,267028,loss,-33.29626915273472,33.29626915273472,49.944403729102085,long
267037,267038,win,49.944403729102085,33.29626915273472,49.944403729102085,long
267044,267045,loss,-33.29626915273472,33.29626915273472,49.944403729102085,long
267046,267047,win,49.944403729102085,33.29626915273472,49.944403729102085,long
267054,267055,loss,-33.29626915273472,33.29626915273472,49.944403729102085,long
267059,267060,loss,-33.29626915273472,33.29626915273472,49.944403729102085,long
267061,267062,loss,-33.29626915273472,33.29626915273472,49.944403729102085,long
267064,267065,loss,-33.29626915273472,33.29626915273472,49.944403729102085,long
267075,267076,loss,-33.29626915273472,33.29626915273472,49.944403729102085,short
267079,267081,loss,-33.29626915273472,33.29626915273472,49.944403729102085,short
267090,267091,loss,-33.29626915273472,33.29626915273472,49.944403729102085,short
267108,267109,loss,-33.29626915273472,33.29626915273472,49.944403729102085,short
267122,267123,loss,-33.29626915273472,33.29626915273472,49.944403729102085,long
267145,267146,win,49.944403729102085,33.29626915273472,49.944403729102085,short
267147,267148,win,49.944403729102085,33.29626915273472,49.944403729102085,short
267149,267150,loss,-33.29626915273472,33.29626915273472,49.944403729102085,short
267159,267160,loss,-33.29626915273472,33.29626915273472,49.944403729102085,long
267161,267162,win,49.944403729102085,33.29626915273472,49.944403729102085,long
267251,267252,loss,-33.29626915273472,33.29626915273472,49.944403729102085,short
267255,267256,win,49.944403729102085,33.29626915273472,49.944403729102085,short
267266,267267,loss,-33.29626915273472,33.29626915273472,49.944403729102085,long
267271,267272,win,49.944403729102085,33.29626915273472,49.944403729102085,long
267356,267357,win,49.944403729102085,33.29626915273472,49.944403729102085,long
267358,267359,loss,-33.29626915273472,33.29626915273472,49.944403729102085,long
267360,267361,loss,-33.29626915273472,33.29626915273472,49.944403729102085,long
267399,267400,loss,-33.29626915273472,33.29626915273472,49.944403729102085,short
267401,267402,win,49.944403729102085,33.29626915273472,49.944403729102085,short
267445,267446,loss,-33.29626915273472,33.29626915273472,49.944403729102085,long
267462,267463,win,49.944403729102085,33.29626915273472,49.944403729102085,long
267464,267465,win,49.944403729102085,33.29626915273472,49.944403729102085,long
267466,267467,loss,-33.29626915273472,33.29626915273472,49.944403729102085,long
267468,267469,loss,-33.29626915273472,33.29626915273472,49.944403729102085,long
267470,267471,loss,-33.29626915273472,33.29626915273472,49.944403729102085,long
267489,267490,win,49.944403729102085,33.29626915273472,49.944403729102085,short
267494,267495,win,49.944403729102085,33.29626915273472,49.944403729102085,short
267574,267576,win,49.944403729102085,33.29626915273472,49.944403729102085,short
267579,267580,loss,-33.29626915273472,33.29626915273472,49.944403729102085,short
267583,267585,win,49.944403729102085,33.29626915273472,49.944403729102085,short
267604,267605,loss,-33.29626915273472,33.29626915273472,49.944403729102085,short
267609,267610,loss,-33.29626915273472,33.29626915273472,49.944403729102085,short
267613,267614,win,49.944403729102085,33.29626915273472,49.944403729102085,short
267615,267616,loss,-33.29626915273472,33.29626915273472,49.944403729102085,short
267620,267621,loss,-33.29626915273472,33.29626915273472,49.944403729102085,short
267631,267633,win,49.944403729102085,33.29626915273472,49.944403729102085,long
267634,267636,loss,-33.29626915273472,33.29626915273472,49.944403729102085,long
267638,267639,loss,-33.29626915273472,33.29626915273472,49.944403729102085,long
267703,267704,loss,-33.29626915273472,33.29626915273472,49.944403729102085,short
267719,267720,loss,-33.29626915273472,33.29626915273472,49.944403729102085,short
267739,267740,win,49.944403729102085,33.29626915273472,49.944403729102085,long
267742,267743,win,49.944403729102085,33.29626915273472,49.944403729102085,long
267744,267745,loss,-33.29626915273472,33.29626915273472,49.944403729102085,long
267747,267748,loss,-33.29626915273472,33.29626915273472,49.944403729102085,long
267756,267757,loss,-33.29626915273472,33.29626915273472,49.944403729102085,short
267763,267766,loss,-33.29626915273472,33.29626915273472,49.944403729102085,short
267806,267807,loss,-33.29626915273472,33.29626915273472,49.944403729102085,long
267814,267815,loss,-33.29626915273472,33.29626915273472,49.944403729102085,long
267816,267817,loss,-33.29626915273472,33.29626915273472,49.944403729102085,long
267835,267836,win,49.944403729102085,33.29626915273472,49.944403729102085,short
267837,267838,win,49.944403729102085,33.29626915273472,49.944403729102085,short
267839,267840,loss,-33.29626915273472,33.29626915273472,49.944403729102085,short
267841,267842,loss,-33.29626915273472,33.29626915273472,49.944403729102085,short
267925,267926,loss,-33.29626915273472,33.29626915273472,49.944403729102085,short
267927,267928,loss,-33.29626915273472,33.29626915273472,49.944403729102085,short
267945,267946,loss,-33.29626915273472,33.29626915273472,49.944403729102085,short
267959,267960,win,49.944403729102085,33.29626915273472,49.944403729102085,long
268020,268021,loss,-33.29626915273472,33.29626915273472,49.944403729102085,short
268047,268048,loss,-33.29626915273472,33.29626915273472,49.944403729102085,long
268049,268050,win,49.944403729102085,33.29626915273472,49.944403729102085,long
268071,268072,win,49.944403729102085,33.29626915273472,49.944403729102085,long
268073,268076,win,49.944403729102085,33.29626915273472,49.944403729102085,long
268093,268094,loss,-33.29626915273472,33.29626915273472,49.944403729102085,short
268095,268096,win,49.944403729102085,33.29626915273472,49.944403729102085,short
268137,268139,win,49.944403729102085,33.29626915273472,49.944403729102085,short
268140,268141,loss,-33.29626915273472,33.29626915273472,49.944403729102085,short
268142,268143,win,49.944403729102085,33.29626915273472,49.944403729102085,short
268154,268155,loss,-33.29626915273472,33.29626915273472,49.944403729102085,long
268156,268157,loss,-33.29626915273472,33.29626915273472,49.944403729102085,long
268158,268159,win,49.944403729102085,33.29626915273472,49.944403729102085,long
268160,268161,loss,-33.29626915273472,33.29626915273472,49.944403729102085,long
268211,268213,loss,-33.29626915273472,33.29626915273472,49.944403729102085,short
268216,268217,loss,-33.29626915273472,33.29626915273472,49.944403729102085,short
268248,268249,loss,-33.29626915273472,33.29626915273472,49.944403729102085,long
268250,268251,loss,-33.29626915273472,33.29626915273472,49.944403729102085,long
268259,268261,win,49.944403729102085,33.29626915273472,49.944403729102085,long
268299,268300,loss,-33.29626915273472,33.29626915273472,49.944403729102085,long
268301,268302,loss,-33.29626915273472,33.29626915273472,49.944403729102085,long
268308,268309,loss,-33.29626915273472,33.29626915273472,49.944403729102085,short
268310,268311,loss,-33.29626915273472,33.29626915273472,49.944403729102085,short
268312,268314,win,49.944403729102085,33.29626915273472,49.944403729102085,short
268320,268321,loss,-33.29626915273472,33.29626915273472,49.944403729102085,long
268322,268323,win,49.944403729102085,33.29626915273472,49.944403729102085,long
268324,268325,win,49.944403729102085,33.29626915273472,49.944403729102085,long
268326,268327,loss,-33.29626915273472,33.29626915273472,49.944403729102085,long
268328,268330,win,49.944403729102085,33.29626915273472,49.944403729102085,long
268331,268332,win,49.944403729102085,33.29626915273472,49.944403729102085,long
268333,268334,loss,-33.29626915273472,33.29626915273472,49.944403729102085,long
268364,268365,loss,-33.29626915273472,33.29626915273472,49.944403729102085,short
268369,268370,win,49.944403729102085,33.29626915273472,49.944403729102085,short
268371,268372,win,49.944403729102085,33.29626915273472,49.944403729102085,short
268413,268414,loss,-33.29626915273472,33.29626915273472,49.944403729102085,long
268417,268418,win,49.944403729102085,33.29626915273472,49.944403729102085,long
268441,268442,loss,-33.29626915273472,33.29626915273472,49.944403729102085,short
268443,268444,loss,-33.29626915273472,33.29626915273472,49.944403729102085,short
268445,268446,loss,-33.29626915273472,33.29626915273472,49.944403729102085,short
268449,268450,win,49.944403729102085,33.29626915273472,49.944403729102085,short
268451,268452,win,49.944403729102085,33.29626915273472,49.944403729102085,short
268517,268518,win,49.944403729102085,33.29626915273472,49.944403729102085,short
268525,268526,loss,-33.29626915273472,33.29626915273472,49.944403729102085,short
268530,268531,win,49.944403729102085,33.29626915273472,49.944403729102085,short
268533,268534,loss,-33.29626915273472,33.29626915273472,49.944403729102085,short
268568,268569,loss,-33.29626915273472,33.29626915273472,49.944403729102085,long
268570,268571,win,49.944403729102085,33.29626915273472,49.944403729102085,long
268572,268573,loss,-33.29626915273472,33.29626915273472,49.944403729102085,long
268611,268612,loss,-33.29626915273472,33.29626915273472,49.944403729102085,short
268613,268614,win,49.944403729102085,33.29626915273472,49.944403729102085,short
268646,268648,loss,-33.29626915273472,33.29626915273472,49.944403729102085,short
268649,268650,loss,-33.29626915273472,33.29626915273472,49.944403729102085,short
268659,268660,loss,-33.29626915273472,33.29626915273472,49.944403729102085,long
268713,268714,loss,-33.29626915273472,33.29626915273472,49.944403729102085,short
268751,268752,loss,-33.29626915273472,33.29626915273472,49.944403729102085,long
268758,268759,loss,-33.29626915273472,33.29626915273472,49.944403729102085,long
268760,268761,loss,-33.29626915273472,33.29626915273472,49.944403729102085,long
268779,268780,loss,-33.29626915273472,33.29626915273472,49.944403729102085,short
268787,268788,loss,-33.29626915273472,33.29626915273472,49.944403729102085,short
268789,268792,win,49.944403729102085,33.29626915273472,49.944403729102085,short
268808,268809,loss,-33.29626915273472,33.29626915273472,49.944403729102085,short
268817,268819,loss,-33.29626915273472,33.29626915273472,49.944403729102085,short
268832,268833,loss,-33.29626915273472,33.29626915273472,49.944403729102085,short
268834,268835,loss,-33.29626915273472,33.29626915273472,49.944403729102085,short
268850,268851,loss,-33.29626915273472,33.29626915273472,49.944403729102085,long
268862,268864,loss,-33.29626915273472,33.29626915273472,49.944403729102085,long
268878,268879,win,49.944403729102085,33.29626915273472,49.944403729102085,short
268892,268893,loss,-33.29626915273472,33.29626915273472,49.944403729102085,long
268956,268957,win,49.944403729102085,33.29626915273472,49.944403729102085,short
268985,268986,loss,-33.29626915273472,33.29626915273472,49.944403729102085,short
269016,269017,loss,-33.29626915273472,33.29626915273472,49.944403729102085,long
269047,269048,win,49.944403729102085,33.29626915273472,49.944403729102085,long
269057,269058,loss,-33.29626915273472,33.29626915273472,49.944403729102085,long
269059,269060,loss,-33.29626915273472,33.29626915273472,49.944403729102085,long
269069,269070,loss,-33.29626915273472,33.29626915273472,49.944403729102085,long
269090,269091,win,49.944403729102085,33.29626915273472,49.944403729102085,short
269094,269095,loss,-33.29626915273472,33.29626915273472,49.944403729102085,short
269097,269098,win,49.944403729102085,33.29626915273472,49.944403729102085,short
269099,269100,loss,-33.29626915273472,33.29626915273472,49.944403729102085,short
269101,269102,loss,-33.29626915273472,33.29626915273472,49.944403729102085,short
269123,269124,loss,-33.29626915273472,33.29626915273472,49.944403729102085,short
269134,269135,win,49.944403729102085,33.29626915273472,49.944403729102085,long
269136,269137,loss,-33.29626915273472,33.29626915273472,49.944403729102085,long
269195,269196,loss,-33.29626915273472,33.29626915273472,49.944403729102085,short
269208,269209,loss,-33.29626915273472,33.29626915273472,49.944403729102085,long
269215,269216,win,49.944403729102085,33.29626915273472,49.944403729102085,long
269217,269218,win,49.944403729102085,33.29626915273472,49.944403729102085,long
269219,269220,loss,-33.29626915273472,33.29626915273472,49.944403729102085,long
269223,269224,loss,-33.29626915273472,33.29626915273472,49.944403729102085,long
269281,269282,win,49.944403729102085,33.29626915273472,49.944403729102085,short
269283,269284,loss,-33.29626915273472,33.29626915273472,49.944403729102085,short
269285,269286,win,49.944403729102085,33.29626915273472,49.944403729102085,short
269287,269288,loss,-33.29626915273472,33.29626915273472,49.944403729102085,short
269289,269291,win,49.944403729102085,33.29626915273472,49.944403729102085,short
269315,269316,loss,-33.29626915273472,33.29626915273472,49.944403729102085,long
269351,269352,win,49.944403729102085,33.29626915273472,49.944403729102085,long
269383,269384,loss,-33.29626915273472,33.29626915273472,49.944403729102085,short
269385,269386,win,49.944403729102085,33.29626915273472,49.944403729102085,short
269387,269388,loss,-33.29626915273472,33.29626915273472,49.944403729102085,short
269391,269392,loss,-33.29626915273472,33.29626915273472,49.944403729102085,short
269405,269407,win,49.944403729102085,33.29626915273472,49.944403729102085,long
269459,269460,loss,-33.29626915273472,33.29626915273472,49.944403729102085,long
269463,269464,loss,-33.29626915273472,33.29626915273472,49.944403729102085,long
269465,269466,win,49.944403729102085,33.29626915273472,49.944403729102085,long
269467,269469,win,49.944403729102085,33.29626915273472,49.944403729102085,long
269470,269471,win,49.944403729102085,33.29626915273472,49.944403729102085,long
269472,269474,win,49.944403729102085,33.29626915273472,49.944403729102085,long
269534,269535,win,49.944403729102085,33.29626915273472,49.944403729102085,long
269549,269550,loss,-33.29626915273472,33.29626915273472,49.944403729102085,short
269553,269554,win,49.944403729102085,33.29626915273472,49.944403729102085,short
269599,269600,win,49.944403729102085,33.29626915273472,49.944403729102085,short
269603,269604,loss,-33.29626915273472,33.29626915273472,49.944403729102085,short
269613,269614,loss,-33.29626915273472,33.29626915273472,49.944403729102085,long
269615,269617,loss,-33.29626915273472,33.29626915273472,49.944403729102085,long
269647,269649,win,49.944403729102085,33.29626915273472,49.944403729102085,long
269650,269651,loss,-33.29626915273472,33.29626915273472,49.944403729102085,long
269668,269669,loss,-33.29626915273472,33.29626915273472,49.944403729102085,short
269670,269671,loss,-33.29626915273472,33.29626915273472,49.944403729102085,short
269675,269676,win,49.944403729102085,33.29626915273472,49.944403729102085,short
269677,269678,loss,-33.29626915273472,33.29626915273472,49.944403729102085,short
269679,269680,loss,-33.29626915273472,33.29626915273472,49.944403729102085,short
269713,269714,win,49.944403729102085,33.29626915273472,49.944403729102085,short
269723,269724,loss,-33.29626915273472,33.29626915273472,49.944403729102085,short
269762,269763,loss,-33.29626915273472,33.29626915273472,49.944403729102085,long
269764,269765,loss,-33.29626915273472,33.29626915273472,49.944403729102085,long
269766,269767,loss,-33.29626915273472,33.29626915273472,49.944403729102085,long
269770,269771,loss,-33.29626915273472,33.29626915273472,49.944403729102085,long
269772,269773,loss,-33.29626915273472,33.29626915273472,49.944403729102085,long
269774,269775,loss,-33.29626915273472,33.29626915273472,49.944403729102085,long
269815,269817,win,49.944403729102085,33.29626915273472,49.944403729102085,short
269818,269821,win,49.944403729102085,33.29626915273472,49.944403729102085,short
269844,269846,loss,-33.29626915273472,33.29626915273472,49.944403729102085,short
269867,269868,loss,-33.29626915273472,33.29626915273472,49.944403729102085,long
269873,269874,loss,-33.29626915273472,33.29626915273472,49.944403729102085,short
269875,269876,loss,-33.29626915273472,33.29626915273472,49.944403729102085,short
269877,269878,win,49.944403729102085,33.29626915273472,49.944403729102085,short
269879,269880,win,49.944403729102085,33.29626915273472,49.944403729102085,short
269881,269882,win,49.944403729102085,33.29626915273472,49.944403729102085,short
269883,269884,loss,-33.29626915273472,33.29626915273472,49.944403729102085,short
269937,269938,loss,-33.29626915273472,33.29626915273472,49.944403729102085,long
269942,269943,loss,-33.29626915273472,33.29626915273472,49.944403729102085,long
269944,269945,loss,-33.29626915273472,33.29626915273472,49.944403729102085,long
270014,270015,loss,-33.29626915273472,33.29626915273472,49.944403729102085,long
270017,270018,win,49.944403729102085,33.29626915273472,49.944403729102085,short
270019,270020,loss,-33.29626915273472,33.29626915273472,49.944403729102085,short
270021,270022,loss,-33.29626915273472,33.29626915273472,49.944403729102085,short
270023,270024,loss,-33.29626915273472,33.29626915273472,49.944403729102085,short
270028,270029,win,49.944403729102085,33.29626915273472,49.944403729102085,short
270108,270109,loss,-33.29626915273472,33.29626915273472,49.944403729102085,short
270122,270123,win,49.944403729102085,33.29626915273472,49.944403729102085,long
270163,270164,loss,-33.29626915273472,33.29626915273472,49.944403729102085,long
270167,270168,win,49.944403729102085,33.29626915273472,49.944403729102085,long
270169,270170,win,49.944403729102085,33.29626915273472,49.944403729102085,long
270176,270177,loss,-33.29626915273472,33.29626915273472,49.944403729102085,long
270190,270191,win,49.944403729102085,33.29626915273472,49.944403729102085,short
270195,270196,loss,-33.29626915273472,33.29626915273472,49.944403729102085,short
270243,270244,loss,-33.29626915273472,33.29626915273472,49.944403729102085,long
270250,270251,loss,-33.29626915273472,33.29626915273472,49.944403729102085,long
270252,270253,win,49.944403729102085,33.29626915273472,49.944403729102085,long
270254,270255,win,49.944403729102085,33.29626915273472,49.944403729102085,long
270256,270257,loss,-33.29626915273472,33.29626915273472,49.944403729102085,long
270303,270307,win,49.944403729102085,33.29626915273472,49.944403729102085,short
270310,270311,win,49.944403729102085,33.29626915273472,49.944403729102085,short
270349,270351,loss,-33.29626915273472,33.29626915273472,49.944403729102085,long
270430,270431,loss,-33.29626915273472,33.29626915273472,49.944403729102085,long
270439,270440,win,49.944403729102085,33.29626915273472,49.944403729102085,long
270441,270442,loss,-33.29626915273472,33.29626915273472,49.944403729102085,short
270444,270445,win,49.944403729102085,33.29626915273472,49.944403729102085,short
270446,270447,loss,-33.29626915273472,33.29626915273472,49.944403729102085,short
270458,270459,win,49.944403729102085,33.29626915273472,49.944403729102085,long
270460,270461,win,49.944403729102085,33.29626915273472,49.944403729102085,long
270539,270540,loss,-33.29626915273472,33.29626915273472,49.944403729102085,short
270550,270551,loss,-33.29626915273472,33.29626915273472,49.944403729102085,long
270552,270554,loss,-33.29626915273472,33.29626915273472,49.944403729102085,long
270584,270585,win,49.944403729102085,33.29626915273472,49.944403729102085,long
270629,270630,win,49.944403729102085,33.29626915273472,49.944403729102085,short
270655,270656,win,49.944403729102085,33.29626915273472,49.944403729102085,short
270657,270658,loss,-33.29626915273472,33.29626915273472,49.944403729102085,short
270659,270660,win,49.944403729102085,33.29626915273472,49.944403729102085,short
270661,270662,loss,-33.29626915273472,33.29626915273472,49.944403729102085,short
270665,270666,loss,-33.29626915273472,33.29626915273472,49.944403729102085,short
270667,270668,loss,-33.29626915273472,33.29626915273472,49.944403729102085,short
270688,270689,loss,-33.29626915273472,33.29626915273472,49.944403729102085,long
270692,270693,win,49.944403729102085,33.29626915273472,49.944403729102085,long
270727,270728,loss,-33.29626915273472,33.29626915273472,49.944403729102085,short
270741,270742,loss,-33.29626915273472,33.29626915273472,49.944403729102085,long
270743,270745,win,49.944403729102085,33.29626915273472,49.944403729102085,long
270746,270747,loss,-33.29626915273472,33.29626915273472,49.944403729102085,long
270758,270759,loss,-33.29626915273472,33.29626915273472,49.944403729102085,short
270772,270773,loss,-33.29626915273472,33.29626915273472,49.944403729102085,long
270835,270836,win,49.944403729102085,33.29626915273472,49.944403729102085,long
270837,270838,loss,-33.29626915273472,33.29626915273472,49.944403729102085,long
270865,270866,win,49.944403729102085,33.29626915273472,49.944403729102085,short
270868,270869,loss,-33.29626915273472,33.29626915273472,49.944403729102085,short
270900,270901,loss,-33.29626915273472,33.29626915273472,49.944403729102085,long
270902,270903,loss,-33.29626915273472,33.29626915273472,49.944403729102085,long
270904,270905,loss,-33.29626915273472,33.29626915273472,49.944403729102085,long
270907,270910,loss,-33.29626915273472,33.29626915273472,49.944403729102085,long
270943,270944,loss,-33.29626915273472,33.29626915273472,49.944403729102085,short
270953,270954,loss,-33.29626915273472,33.29626915273472,49.944403729102085,short
270956,270957,loss,-33.29626915273472,33.29626915273472,49.944403729102085,short
270959,270961,win,49.944403729102085,33.29626915273472,49.944403729102085,short
270969,270970,loss,-33.29626915273472,33.29626915273472,49.944403729102085,short
270999,271000,loss,-33.29626915273472,33.29626915273472,49.944403729102085,short
271002,271003,loss,-33.29626915273472,33.29626915273472,49.944403729102085,short
271013,271014,win,49.944403729102085,33.29626915273472,49.944403729102085,long
271015,271016,win,49.944403729102085,33.29626915273472,49.944403729102085,long
271017,271018,win,49.944403729102085,33.29626915273472,49.944403729102085,long
271068,271069,loss,-33.29626915273472,33.29626915273472,49.944403729102085,short
271070,271071,win,49.944403729102085,33.29626915273472,49.944403729102085,short
271098,271099,loss,-33.29626915273472,33.29626915273472,49.944403729102085,long
271100,271101,loss,-33.29626915273472,33.29626915273472,49.944403729102085,long
271105,271106,win,49.944403729102085,33.29626915273472,49.944403729102085,long
271107,271108,win,49.944403729102085,33.29626915273472,49.944403729102085,long
271124,271125,win,49.944403729102085,33.29626915273472,49.944403729102085,short
271127,271128,loss,-33.29626915273472,33.29626915273472,49.944403729102085,short
271171,271172,loss,-33.29626915273472,33.29626915273472,49.944403729102085,long
271175,271176,loss,-33.29626915273472,33.29626915273472,49.944403729102085,long
271270,271273,win,49.944403729102085,33.29626915273472,49.944403729102085,short
271278,271279,loss,-33.29626915273472,33.29626915273472,49.944403729102085,short
271339,271340,win,49.944403729102085,33.29626915273472,49.944403729102085,short
271365,271366,loss,-33.29626915273472,33.29626915273472,49.944403729102085,long
271369,271370,loss,-33.29626915273472,33.29626915273472,49.944403729102085,long
271386,271387,loss,-33.29626915273472,33.29626915273472,49.944403729102085,short
271392,271394,win,49.944403729102085,33.29626915273472,49.944403729102085,short
271423,271424,loss,-33.29626915273472,33.29626915273472,49.944403729102085,short
271425,271426,win,49.944403729102085,33.29626915273472,49.944403729102085,short
271427,271428,loss,-33.29626915273472,33.29626915273472,49.944403729102085,short
271432,271433,loss,-33.29626915273472,33.29626915273472,49.944403729102085,short
271455,271457,loss,-33.29626915273472,33.29626915273472,49.944403729102085,long
271458,271459,loss,-33.29626915273472,33.29626915273472,49.944403729102085,long
271492,271493,loss,-33.29626915273472,33.29626915273472,49.944403729102085,long
271541,271542,loss,-33.29626915273472,33.29626915273472,49.944403729102085,short
271553,271556,win,49.944403729102085,33.29626915273472,49.944403729102085,short
271559,271561,win,49.944403729102085,33.29626915273472,49.944403729102085,short
271562,271563,loss,-33.29626915273472,33.29626915273472,49.944403729102085,short
271579,271580,loss,-33.29626915273472,33.29626915273472,49.944403729102085,short
271593,271595,win,49.944403729102085,33.29626915273472,49.944403729102085,long
271598,271599,loss,-33.29626915273472,33.29626915273472,49.944403729102085,long
271600,271601,win,49.944403729102085,33.29626915273472,49.944403729102085,short
271602,271603,loss,-33.29626915273472,33.29626915273472,49.944403729102085,short
271606,271607,loss,-33.29626915273472,33.29626915273472,49.944403729102085,short
271610,271612,loss,-33.29626915273472,33.29626915273472,49.944403729102085,short
271630,271633,loss,-33.29626915273472,33.29626915273472,49.944403729102085,long
271647,271648,loss,-33.29626915273472,33.29626915273472,49.944403729102085,short
271649,271650,loss,-33.29626915273472,33.29626915273472,49.944403729102085,short
271654,271655,loss,-33.29626915273472,33.29626915273472,49.944403729102085,short
271657,271658,win,49.944403729102085,33.29626915273472,49.944403729102085,short
271659,271660,loss,-33.29626915273472,33.29626915273472,49.944403729102085,short
271688,271690,win,49.944403729102085,33.29626915273472,49.944403729102085,long
271691,271693,loss,-33.29626915273472,33.29626915273472,49.944403729102085,long
271711,271712,loss,-33.29626915273472,33.29626915273472,49.944403729102085,long
271715,271716,loss,-33.29626915273472,33.29626915273472,49.944403729102085,long
271717,271718,win,49.944403729102085,33.29626915273472,49.944403729102085,long
271719,271720,loss,-33.29626915273472,33.29626915273472,49.944403729102085,long
271726,271729,win,49.944403729102085,33.29626915273472,49.944403729102085,short
271730,271732,win,49.944403729102085,33.29626915273472,49.944403729102085,short
271733,271735,win,49.944403729102085,33.29626915273472,49.944403729102085,short
271780,271781,loss,-33.29626915273472,33.29626915273472,49.944403729102085,long
271782,271783,loss,-33.29626915273472,33.29626915273472,49.944403729102085,long
271817,271818,win,49.944403729102085,33.29626915273472,49.944403729102085,short
271819,271820,loss,-33.29626915273472,33.29626915273472,49.944403729102085,short
271850,271851,loss,-33.29626915273472,33.29626915273472,49.944403729102085,short
271884,271885,loss,-33.29626915273472,33.29626915273472,49.944403729102085,long
271890,271891,loss,-33.29626915273472,33.29626915273472,49.944403729102085,long
271902,271904,loss,-33.29626915273472,33.29626915273472,49.944403729102085,long
271928,271929,loss,-33.29626915273472,33.29626915273472,49.944403729102085,long
271930,271931,win,49.944403729102085,33.29626915273472,49.944403729102085,long
271932,271934,loss,-33.29626915273472,33.29626915273472,49.944403729102085,long
271998,272000,win,49.944403729102085,33.29626915273472,49.944403729102085,short
272026,272027,loss,-33.29626915273472,33.29626915273472,49.944403729102085,long
272028,272029,win,49.944403729102085,33.29626915273472,49.944403729102085,long
272031,272033,win,49.944403729102085,33.29626915273472,49.944403729102085,long
272038,272039,win,49.944403729102085,33.29626915273472,49.944403729102085,long
272053,272054,win,49.944403729102085,33.29626915273472,49.944403729102085,short
272095,272096,win,49.944403729102085,33.29626915273472,49.944403729102085,long
272097,272098,loss,-33.29626915273472,33.29626915273472,49.944403729102085,long
272111,272112,loss,-33.29626915273472,33.29626915273472,49.944403729102085,short
272151,272152,loss,-33.29626915273472,33.29626915273472,49.944403729102085,short
272180,272181,win,49.944403729102085,33.29626915273472,49.944403729102085,short
272191,272192,loss,-33.29626915273472,33.29626915273472,49.944403729102085,short
272196,272197,loss,-33.29626915273472,33.29626915273472,49.944403729102085,short
272198,272199,loss,-33.29626915273472,33.29626915273472,49.944403729102085,short
272248,272251,win,49.944403729102085,33.29626915273472,49.944403729102085,long
272252,272253,loss,-33.29626915273472,33.29626915273472,49.944403729102085,long
272255,272261,loss,-33.29626915273472,33.29626915273472,49.944403729102085,long
272289,272290,win,49.944403729102085,33.29626915273472,49.944403729102085,long
272291,272292,loss,-33.29626915273472,33.29626915273472,49.944403729102085,long
272294,272295,win,49.944403729102085,33.29626915273472,49.944403729102085,long
272298,272299,loss,-33.29626915273472,33.29626915273472,49.944403729102085,long
272301,272302,loss,-33.29626915273472,33.29626915273472,49.944403729102085,long
272337,272338,win,49.944403729102085,33.29626915273472,49.944403729102085,short
272368,272369,win,49.944403729102085,33.29626915273472,49.944403729102085,short
272395,272396,loss,-33.29626915273472,33.29626915273472,49.944403729102085,short
272409,272410,win,49.944403729102085,33.29626915273472,49.944403729102085,long
272411,272412,loss,-33.29626915273472,33.29626915273472,49.944403729102085,long
272413,272414,loss,-33.29626915273472,33.29626915273472,49.944403729102085,long
272442,272443,loss,-33.29626915273472,33.29626915273472,49.944403729102085,long
272450,272451,win,49.944403729102085,33.29626915273472,49.944403729102085,long
272469,272470,loss,-33.29626915273472,33.29626915273472,49.944403729102085,short
272474,272475,win,49.944403729102085,33.29626915273472,49.944403729102085,short
272484,272485,loss,-33.29626915273472,33.29626915273472,49.944403729102085,long
272486,272487,win,49.944403729102085,33.29626915273472,49.944403729102085,long
272488,272489,win,49.944403729102085,33.29626915273472,49.944403729102085,long
272490,272491,loss,-33.29626915273472,33.29626915273472,49.944403729102085,long
272504,272505,loss,-33.29626915273472,33.29626915273472,49.944403729102085,short
272623,272625,win,49.944403729102085,33.29626915273472,49.944403729102085,long
272626,272628,loss,-33.29626915273472,33.29626915273472,49.944403729102085,long
272634,272635,loss,-33.29626915273472,33.29626915273472,49.944403729102085,long
272640,272641,loss,-33.29626915273472,33.29626915273472,49.944403729102085,long
272668,272669,loss,-33.29626915273472,33.29626915273472,49.944403729102085,short
272680,272681,loss,-33.29626915273472,33.29626915273472,49.944403729102085,short
272709,272710,loss,-33.29626915273472,33.29626915273472,49.944403729102085,long
272746,272747,loss,-33.29626915273472,33.29626915273472,49.944403729102085,long
272749,272750,loss,-33.29626915273472,33.29626915273472,49.944403729102085,long
272751,272752,loss,-33.29626915273472,33.29626915273472,49.944403729102085,long
272775,272776,win,49.944403729102085,33.29626915273472,49.944403729102085,short
272786,272787,win,49.944403729102085,33.29626915273472,49.944403729102085,long
272789,272790,win,49.944403729102085,33.29626915273472,49.944403729102085,long
272791,272794,win,49.944403729102085,33.29626915273472,49.944403729102085,long
272795,272796,win,49.944403729102085,33.29626915273472,49.944403729102085,long
272822,272823,win,49.944403729102085,33.29626915273472,49.944403729102085,long
272824,272825,loss,-33.29626915273472,33.29626915273472,49.944403729102085,long
272837,272841,loss,-33.29626915273472,33.29626915273472,49.944403729102085,short
272863,272864,loss,-33.29626915273472,33.29626915273472,49.944403729102085,short
272867,272868,loss,-33.29626915273472,33.29626915273472,49.944403729102085,short
272922,272923,loss,-33.29626915273472,33.29626915273472,49.944403729102085,long
272927,272928,loss,-33.29626915273472,33.29626915273472,49.944403729102085,long
272931,272932,loss,-33.29626915273472,33.29626915273472,49.944403729102085,long
272934,272935,loss,-33.29626915273472,33.29626915273472,49.944403729102085,long
272940,272941,loss,-33.29626915273472,33.29626915273472,49.944403729102085,long
272944,272945,win,49.944403729102085,33.29626915273472,49.944403729102085,long
272953,272954,loss,-33.29626915273472,33.29626915273472,49.944403729102085,long
272967,272968,loss,-33.29626915273472,33.29626915273472,49.944403729102085,short
