signal_bar,entry_bar,exit_bar,direction,entry_price,exit_price,outcome,pnl_pip,sl_pip,bars_held
186,187,202,long,1386.1,1381.06855,loss,-53.614499999999495,50.31449999999994,15
205,206,206,long,1391.9,1386.8685500000001,loss,-53.614499999999495,50.31449999999994,0
231,232,238,short,1358.15,1363.18145,loss,-53.614499999999495,50.31449999999994,6
320,321,321,short,1357.6,1350.052825,win,72.17174999999925,50.31449999999994,0
328,329,335,short,1343.9,1348.93145,loss,-53.614499999999495,50.31449999999994,6
341,342,354,short,1343.6,1348.6314499999999,loss,-53.614499999999495,50.31449999999994,12
364,365,378,short,1336.45,1328.9028250000001,win,72.17174999999925,50.31449999999994,13
433,434,437,short,1318.4,1310.8528250000002,win,72.17174999999925,50.31449999999994,3
442,443,443,short,1308.2,1313.23145,loss,-53.614499999999495,50.31449999999994,0
553,554,568,long,1353.75,1348.71855,loss,-53.614499999999495,50.31449999999994,14
614,615,619,long,1355.15,1350.1185500000001,loss,-53.614499999999495,50.31449999999994,4
620,621,664,long,1361.9,1356.8685500000001,loss,-53.614499999999495,50.31449999999994,43
735,736,767,long,1371.6,1379.1471749999998,win,72.17174999999925,50.31449999999994,31
777,778,802,long,1377.65,1385.197175,win,72.17174999999925,50.31449999999994,24
802,803,821,long,1385.0,1392.547175,win,72.17174999999925,50.31449999999994,18
827,828,836,long,1396.3,1403.8471749999999,win,72.17174999999925,50.31449999999994,8
840,841,844,long,1409.4,1404.3685500000001,loss,-53.614499999999495,50.31449999999994,3
880,881,908,long,1411.2,1406.16855,loss,-53.614499999999495,50.31449999999994,27
970,971,976,long,1418.7,1426.247175,win,72.17174999999925,50.31449999999994,5
979,980,998,long,1429.85,1437.3971749999998,win,72.17174999999925,50.31449999999994,18
999,1000,1003,long,1438.45,1433.41855,loss,-53.614499999999495,50.31449999999994,3
1066,1067,1069,long,1441.4,1436.3685500000001,loss,-53.614499999999495,50.31449999999994,2
1142,1143,1145,short,1407.45,1412.48145,loss,-53.614499999999495,50.31449999999994,2
1209,1210,1210,short,1396.3,1388.752825,win,72.17174999999925,50.31449999999994,0
1245,1246,1246,short,1387.05,1392.08145,loss,-53.614499999999495,50.31449999999994,0
1304,1305,1310,long,1430.95,1425.91855,loss,-53.614499999999495,50.31449999999994,5
1351,1352,1355,long,1433.35,1440.8971749999998,win,72.17174999999925,50.31449999999994,3
1355,1356,1382,long,1440.05,1435.01855,loss,-53.614499999999495,50.31449999999994,26
1424,1425,1426,short,1412.35,1417.3814499999999,loss,-53.614499999999495,50.31449999999994,1
1561,1562,1565,long,1438.45,1433.41855,loss,-53.614499999999495,50.31449999999994,3
1570,1571,1571,long,1441.95,1449.497175,win,72.17174999999925,50.31449999999994,0
1574,1575,1592,long,1453.2,1460.747175,win,72.17174999999925,50.31449999999994,17
1593,1594,1595,long,1460.95,1455.91855,loss,-53.614499999999495,50.31449999999994,1
1617,1618,1619,long,1461.1,1456.06855,loss,-53.614499999999495,50.31449999999994,1
1630,1631,1638,long,1464.25,1471.797175,win,72.17174999999925,50.31449999999994,7
1644,1645,1661,long,1471.5,1466.46855,loss,-53.614499999999495,50.31449999999994,16
1745,1746,1754,long,1476.75,1471.71855,loss,-53.614499999999495,50.31449999999994,8
1761,1762,1783,long,1482.0,1489.547175,win,72.17174999999925,50.31449999999994,21
1783,1784,1784,long,1492.35,1487.31855,loss,-53.614499999999495,50.31449999999994,0
1786,1787,1797,long,1494.6,1489.56855,loss,-53.614499999999495,50.31449999999994,10
1810,1811,1827,long,1496.45,1503.997175,win,72.17174999999925,50.31449999999994,16
1828,1829,1835,long,1504.35,1499.31855,loss,-53.614499999999495,50.31449999999994,6
1842,1843,1865,long,1504.7,1512.247175,win,72.17174999999925,50.31449999999994,22
1869,1870,1879,long,1513.6,1508.56855,loss,-53.614499999999495,50.31449999999994,9
1931,1932,1938,long,1522.65,1530.197175,win,72.17174999999925,50.31449999999994,6
1942,1943,1950,long,1531.7,1526.66855,loss,-53.614499999999495,50.31449999999994,7
1951,1952,1953,long,1535.25,1530.21855,loss,-53.614499999999495,50.31449999999994,1
1957,1958,1976,long,1536.35,1543.8971749999998,win,72.17174999999925,50.31449999999994,18
1999,2000,2000,long,1568.05,1563.01855,loss,-53.614499999999495,50.31449999999994,0
2067,2068,2068,short,1497.2,1502.23145,loss,-53.614499999999495,50.31449999999994,0
2072,2073,2073,short,1486.4,1478.8528250000002,win,72.17174999999925,50.31449999999994,0
2259,2260,2261,short,1478.6,1483.6314499999999,loss,-53.614499999999495,50.31449999999994,1
2262,2263,2263,short,1476.15,1481.18145,loss,-53.614499999999495,50.31449999999994,0
2341,2342,2342,long,1516.9,1511.8685500000001,loss,-53.614499999999495,50.31449999999994,0
2366,2367,2379,long,1517.55,1525.0971749999999,win,72.17174999999925,50.31449999999994,12
2379,2380,2382,long,1526.8,1521.76855,loss,-53.614499999999495,50.31449999999994,2
2399,2400,2422,long,1526.7,1521.66855,loss,-53.614499999999495,50.31449999999994,22
2451,2452,2495,long,1533.05,1540.5971749999999,win,72.17174999999925,50.31449999999994,43
2519,2520,2524,long,1543.05,1538.01855,loss,-53.614499999999495,50.31449999999994,4
2590,2591,2593,long,1550.45,1545.41855,loss,-53.614499999999495,50.31449999999994,2
2704,2705,2707,short,1524.8,1529.83145,loss,-53.614499999999495,50.31449999999994,2
2710,2711,2712,short,1524.3,1516.752825,win,72.17174999999925,50.31449999999994,1
2827,2828,2828,long,1544.7,1539.66855,loss,-53.614499999999495,50.31449999999994,0
2852,2853,2872,long,1546.3,1541.26855,loss,-53.614499999999495,50.31449999999994,19
2875,2876,2880,long,1553.1,1548.06855,loss,-53.614499999999495,50.31449999999994,4
2900,2901,2908,short,1517.95,1522.98145,loss,-53.614499999999495,50.31449999999994,7
2923,2924,2924,short,1516.0,1508.452825,win,72.17174999999925,50.31449999999994,0
2926,2927,2939,short,1503.2,1495.6528250000001,win,72.17174999999925,50.31449999999994,12
2939,2940,2941,short,1491.65,1496.68145,loss,-53.614499999999495,50.31449999999994,1
3038,3039,3041,short,1488.55,1493.58145,loss,-53.614499999999495,50.31449999999994,2
3041,3042,3043,short,1488.3,1480.752825,win,72.17174999999925,50.31449999999994,1
3050,3051,3052,long,1583.05,1590.5971749999999,win,72.17174999999925,50.31449999999994,1
3086,3087,3100,long,1593.2,1600.747175,win,72.17174999999925,50.31449999999994,13
3100,3101,3102,long,1601.1,1596.06855,loss,-53.614499999999495,50.31449999999994,1
3104,3105,3127,long,1603.35,1598.31855,loss,-53.614499999999495,50.31449999999994,22
3207,3208,3208,long,1621.1,1616.06855,loss,-53.614499999999495,50.31449999999994,0
3257,3258,3268,long,1622.05,1617.01855,loss,-53.614499999999495,50.31449999999994,10
3270,3271,3271,long,1625.85,1620.81855,loss,-53.614499999999495,50.31449999999994,0
3318,3319,3319,long,1628.55,1623.51855,loss,-53.614499999999495,50.31449999999994,0
3343,3344,3345,long,1629.5,1624.46855,loss,-53.614499999999495,50.31449999999994,1
3363,3364,3364,long,1632.2,1639.747175,win,72.17174999999925,50.31449999999994,0
3366,3367,3371,long,1637.8,1645.3471749999999,win,72.17174999999925,50.31449999999994,4
3371,3372,3376,long,1657.65,1652.6185500000001,loss,-53.614499999999495,50.31449999999994,4
3381,3382,3382,long,1662.2,1669.747175,win,72.17174999999925,50.31449999999994,0
3384,3385,3388,long,1669.6,1664.56855,loss,-53.614499999999495,50.31449999999994,3
3411,3412,3412,long,1670.4,1677.947175,win,72.17174999999925,50.31449999999994,0
3445,3446,3448,long,1686.3,1693.8471749999999,win,72.17174999999925,50.31449999999994,2
3448,3449,3451,long,1692.9,1700.447175,win,72.17174999999925,50.31449999999994,2
3463,3464,3464,long,1716.8,1711.76855,loss,-53.614499999999495,50.31449999999994,0
3467,3468,3472,long,1719.2,1726.747175,win,72.17174999999925,50.31449999999994,4
3480,3481,3481,long,1766.2,1761.16855,loss,-53.614499999999495,50.31449999999994,0
3508,3509,3509,long,1771.45,1778.997175,win,72.17174999999925,50.31449999999994,0
3514,3515,3515,long,1792.15,1787.1185500000001,loss,-53.614499999999495,50.31449999999994,0
3649,3650,3650,long,1813.25,1808.21855,loss,-53.614499999999495,50.31449999999994,0
3652,3653,3653,long,1820.85,1815.81855,loss,-53.614499999999495,50.31449999999994,0
3655,3656,3662,long,1821.55,1829.0971749999999,win,72.17174999999925,50.31449999999994,6
3662,3663,3664,long,1836.2,1831.16855,loss,-53.614499999999495,50.31449999999994,1
3664,3665,3668,long,1840.7,1848.247175,win,72.17174999999925,50.31449999999994,3
3672,3673,3673,long,1871.35,1866.31855,loss,-53.614499999999495,50.31449999999994,0
3685,3686,3686,long,1875.3,1870.26855,loss,-53.614499999999495,50.31449999999994,0
3689,3690,3691,long,1875.7,1883.247175,win,72.17174999999925,50.31449999999994,1
3702,3703,3707,long,1892.6,1900.1471749999998,win,72.17174999999925,50.31449999999994,4
3749,3750,3750,short,1766.3,1758.752825,win,72.17174999999925,50.31449999999994,0
3755,3756,3757,short,1752.25,1757.28145,loss,-53.614499999999495,50.31449999999994,1
3761,3762,3762,short,1733.9,1738.93145,loss,-53.614499999999495,50.31449999999994,0
3765,3766,3766,short,1726.15,1718.6028250000002,win,72.17174999999925,50.31449999999994,0
3907,3908,3908,long,1852.1,1847.06855,loss,-53.614499999999495,50.31449999999994,0
3911,3912,3912,long,1858.7,1866.247175,win,72.17174999999925,50.31449999999994,0
3914,3915,3919,long,1876.05,1883.5971749999999,win,72.17174999999925,50.31449999999994,4
3930,3931,3932,long,1893.25,1900.797175,win,72.17174999999925,50.31449999999994,1
3938,3939,3943,long,1899.9,1894.8685500000001,loss,-53.614499999999495,50.31449999999994,4
3946,3947,3948,long,1908.1,1915.6471749999998,win,72.17174999999925,50.31449999999994,1
4055,4056,4057,short,1804.7,1809.73145,loss,-53.614499999999495,50.31449999999994,1
4120,4121,4122,short,1801.15,1793.6028250000002,win,72.17174999999925,50.31449999999994,1
4122,4123,4123,short,1782.95,1787.98145,loss,-53.614499999999495,50.31449999999994,0
4124,4125,4125,short,1775.2,1780.23145,loss,-53.614499999999495,50.31449999999994,0
4136,4137,4139,short,1766.5,1771.53145,loss,-53.614499999999495,50.31449999999994,2
4140,4141,4141,short,1765.7,1770.73145,loss,-53.614499999999495,50.31449999999994,0
4239,4240,4240,short,1751.6,1756.6314499999999,loss,-53.614499999999495,50.31449999999994,0
4241,4242,4242,short,1734.15,1739.18145,loss,-53.614499999999495,50.31449999999994,0
4263,4264,4264,short,1705.45,1710.48145,loss,-53.614499999999495,50.31449999999994,0
4278,4279,4279,short,1637.25,1629.702825,win,72.17174999999925,50.31449999999994,0
4425,4426,4426,long,1674.0,1668.96855,loss,-53.614499999999495,50.31449999999994,0
4529,4530,4530,long,1674.8,1669.76855,loss,-53.614499999999495,50.31449999999994,0
4533,4534,4538,long,1677.25,1672.21855,loss,-53.614499999999495,50.31449999999994,4
4539,4540,4542,long,1682.75,1677.71855,loss,-53.614499999999495,50.31449999999994,2
4571,4572,4573,long,1685.0,1679.96855,loss,-53.614499999999495,50.31449999999994,1
4574,4575,4575,long,1686.0,1680.96855,loss,-53.614499999999495,50.31449999999994,0
4640,4641,4643,long,1689.2,1684.16855,loss,-53.614499999999495,50.31449999999994,2
4668,4669,4669,short,1638.35,1643.3814499999999,loss,-53.614499999999495,50.31449999999994,0
4705,4706,4708,short,1630.45,1622.9028250000001,win,72.17174999999925,50.31449999999994,2
4720,4721,4723,short,1610.9,1615.93145,loss,-53.614499999999495,50.31449999999994,2
4790,4791,4791,long,1685.1,1692.6471749999998,win,72.17174999999925,50.31449999999994,0
4801,4802,4805,long,1709.45,1716.997175,win,72.17174999999925,50.31449999999994,3
4805,4806,4806,long,1718.4,1713.3685500000001,loss,-53.614499999999495,50.31449999999994,0
4816,4817,4817,long,1724.45,1719.41855,loss,-53.614499999999495,50.31449999999994,0
4825,4826,4828,long,1726.35,1721.31855,loss,-53.614499999999495,50.31449999999994,2
4838,4839,4839,long,1727.45,1734.997175,win,72.17174999999925,50.31449999999994,0
4848,4849,4850,long,1750.5,1745.46855,loss,-53.614499999999495,50.31449999999994,1
4953,4954,4954,long,1755.8,1750.76855,loss,-53.614499999999495,50.31449999999994,0
4958,4959,4964,long,1764.3,1759.26855,loss,-53.614499999999495,50.31449999999994,5
4989,4990,4992,long,1764.1,1771.6471749999998,win,72.17174999999925,50.31449999999994,2
4992,4993,4997,long,1770.55,1765.51855,loss,-53.614499999999495,50.31449999999994,4
5000,5001,5005,long,1776.25,1783.797175,win,72.17174999999925,50.31449999999994,4
5029,5030,5030,long,1800.2,1795.16855,loss,-53.614499999999495,50.31449999999994,0
5192,5193,5193,short,1745.95,1738.4028250000001,win,72.17174999999925,50.31449999999994,0
5196,5197,5197,short,1720.35,1712.802825,win,72.17174999999925,50.31449999999994,0
5199,5200,5202,short,1717.05,1722.08145,loss,-53.614499999999495,50.31449999999994,2
5203,5204,5205,short,1716.8,1721.83145,loss,-53.614499999999495,50.31449999999994,1
5227,5228,5228,short,1716.0,1721.03145,loss,-53.614499999999495,50.31449999999994,0
5234,5235,5236,short,1714.5,1706.952825,win,72.17174999999925,50.31449999999994,1
5240,5241,5241,short,1699.65,1704.68145,loss,-53.614499999999495,50.31449999999994,0
5381,5382,5383,long,1719.0,1713.96855,loss,-53.614499999999495,50.31449999999994,1
5386,5387,5393,long,1720.85,1715.81855,loss,-53.614499999999495,50.31449999999994,6
5399,5400,5401,long,1744.4,1739.3685500000001,loss,-53.614499999999495,50.31449999999994,1
5401,5402,5402,long,1749.25,1744.21855,loss,-53.614499999999495,50.31449999999994,0
5419,5420,5421,long,1750.2,1745.16855,loss,-53.614499999999495,50.31449999999994,1
5443,5444,5447,long,1751.25,1758.797175,win,72.17174999999925,50.31449999999994,3
5579,5580,5580,short,1697.9,1690.3528250000002,win,72.17174999999925,50.31449999999994,0
5585,5586,5589,short,1680.1,1672.552825,win,72.17174999999925,50.31449999999994,3
5589,5590,5590,short,1671.0,1663.452825,win,72.17174999999925,50.31449999999994,0
5600,5601,5601,short,1653.4,1658.43145,loss,-53.614499999999495,50.31449999999994,0
5605,5606,5606,short,1652.35,1657.3814499999999,loss,-53.614499999999495,50.31449999999994,0
5618,5619,5619,short,1634.85,1627.302825,win,72.17174999999925,50.31449999999994,0
5634,5635,5636,short,1626.2,1631.23145,loss,-53.614499999999495,50.31449999999994,1
5636,5637,5637,short,1623.05,1615.502825,win,72.17174999999925,50.31449999999994,0
5641,5642,5642,short,1577.4,1569.8528250000002,win,72.17174999999925,50.31449999999994,0
5652,5653,5653,short,1564.75,1569.78145,loss,-53.614499999999495,50.31449999999994,0
5832,5833,5843,short,1587.05,1592.08145,loss,-53.614499999999495,50.31449999999994,10
5846,5847,5847,short,1577.72,1570.172825,win,72.17174999999925,50.31449999999994,0
5862,5863,5863,short,1549.5,1554.53145,loss,-53.614499999999495,50.31449999999994,0
5865,5866,5866,short,1549.01,1541.462825,win,72.17174999999925,50.31449999999994,0
5941,5942,5942,long,1613.64,1608.6085500000002,loss,-53.614499999999495,50.31449999999994,0
5944,5945,5945,long,1616.26,1611.22855,loss,-53.614499999999495,50.31449999999994,0
5953,5954,5958,long,1616.54,1624.087175,win,72.17174999999925,50.31449999999994,4
5977,5978,5982,long,1624.37,1619.33855,loss,-53.614499999999495,50.31449999999994,4
6031,6032,6033,long,1627.5,1635.047175,win,72.17174999999925,50.31449999999994,1
6036,6037,6038,long,1637.35,1632.31855,loss,-53.614499999999495,50.31449999999994,1
6048,6049,6052,long,1637.38,1644.927175,win,72.17174999999925,50.31449999999994,3
6075,6076,6079,long,1645.7,1653.247175,win,72.17174999999925,50.31449999999994,3
6083,6084,6084,long,1659.27,1654.23855,loss,-53.614499999999495,50.31449999999994,0
6147,6148,6148,long,1665.3,1660.26855,loss,-53.614499999999495,50.31449999999994,0
6189,6190,6194,long,1665.65,1660.6185500000001,loss,-53.614499999999495,50.31449999999994,4
6195,6196,6197,long,1668.73,1663.69855,loss,-53.614499999999495,50.31449999999994,1
6238,6239,6250,long,1671.25,1678.797175,win,72.17174999999925,50.31449999999994,11
6257,6258,6261,long,1679.03,1673.99855,loss,-53.614499999999495,50.31449999999994,3
6299,6300,6300,long,1690.47,1698.017175,win,72.17174999999925,50.31449999999994,0
6310,6311,6314,long,1711.82,1706.78855,loss,-53.614499999999495,50.31449999999994,3
6315,6316,6317,long,1712.69,1720.237175,win,72.17174999999925,50.31449999999994,1
6319,6320,6320,long,1729.07,1724.03855,loss,-53.614499999999495,50.31449999999994,0
6345,6346,6350,long,1729.9,1737.447175,win,72.17174999999925,50.31449999999994,4
6384,6385,6391,long,1739.67,1747.217175,win,72.17174999999925,50.31449999999994,6
6410,6411,6415,long,1747.94,1742.90855,loss,-53.614499999999495,50.31449999999994,4
6425,6426,6437,long,1748.18,1743.1485500000001,loss,-53.614499999999495,50.31449999999994,11
6440,6441,6442,long,1758.88,1753.8485500000002,loss,-53.614499999999495,50.31449999999994,1
6445,6446,6460,long,1759.33,1754.29855,loss,-53.614499999999495,50.31449999999994,14
6480,6481,6482,short,1715.18,1720.21145,loss,-53.614499999999495,50.31449999999994,1
6506,6507,6507,short,1712.94,1717.97145,loss,-53.614499999999495,50.31449999999994,0
6575,6576,6577,short,1711.51,1716.54145,loss,-53.614499999999495,50.31449999999994,1
6671,6672,6672,short,1707.77,1712.80145,loss,-53.614499999999495,50.31449999999994,0
6706,6707,6713,long,1736.56,1731.52855,loss,-53.614499999999495,50.31449999999994,6
6733,6734,6741,long,1739.54,1747.087175,win,72.17174999999925,50.31449999999994,7
6741,6742,6743,long,1745.25,1752.797175,win,72.17174999999925,50.31449999999994,1
6746,6747,6765,long,1755.31,1750.27855,loss,-53.614499999999495,50.31449999999994,18
6770,6771,6771,long,1771.72,1779.267175,win,72.17174999999925,50.31449999999994,0
6785,6786,6788,long,1779.35,1774.31855,loss,-53.614499999999495,50.31449999999994,2
6789,6790,6790,long,1782.4,1777.3685500000001,loss,-53.614499999999495,50.31449999999994,0
6791,6792,6795,long,1784.31,1779.27855,loss,-53.614499999999495,50.31449999999994,3
6863,6864,6865,long,1787.84,1782.80855,loss,-53.614499999999495,50.31449999999994,1
6875,6876,6879,long,1789.69,1784.65855,loss,-53.614499999999495,50.31449999999994,3
6886,6887,6887,short,1736.95,1729.4028250000001,win,72.17174999999925,50.31449999999994,0
6891,6892,6892,short,1691.56,1696.59145,loss,-53.614499999999495,50.31449999999994,0
6976,6977,6979,short,1687.31,1679.762825,win,72.17174999999925,50.31449999999994,2
6979,6980,6980,short,1680.64,1673.0928250000002,win,72.17174999999925,50.31449999999994,0
6983,6984,6984,short,1666.95,1671.98145,loss,-53.614499999999495,50.31449999999994,0
7117,7118,7118,short,1665.82,1658.272825,win,72.17174999999925,50.31449999999994,0
7126,7127,7128,short,1636.3,1641.33145,loss,-53.614499999999495,50.31449999999994,1
7258,7259,7259,short,1635.09,1640.1214499999999,loss,-53.614499999999495,50.31449999999994,0
7260,7261,7261,short,1631.22,1636.25145,loss,-53.614499999999495,50.31449999999994,0
7288,7289,7297,long,1666.21,1661.17855,loss,-53.614499999999495,50.31449999999994,8
7305,7306,7309,long,1679.9,1687.447175,win,72.17174999999925,50.31449999999994,3
7311,7312,7330,long,1688.81,1696.3571749999999,win,72.17174999999925,50.31449999999994,18
7330,7331,7331,long,1695.61,1690.57855,loss,-53.614499999999495,50.31449999999994,0
7454,7455,7455,short,1639.3,1644.33145,loss,-53.614499999999495,50.31449999999994,0
7467,7468,7468,short,1637.94,1630.3928250000001,win,72.17174999999925,50.31449999999994,0
7471,7472,7472,short,1625.68,1618.1328250000001,win,72.17174999999925,50.31449999999994,0
7474,7475,7475,short,1613.53,1618.56145,loss,-53.614499999999495,50.31449999999994,0
7597,7598,7612,long,1676.43,1671.3985500000001,loss,-53.614499999999495,50.31449999999994,14
7691,7692,7706,short,1639.12,1644.1514499999998,loss,-53.614499999999495,50.31449999999994,14
7710,7711,7712,short,1635.27,1640.30145,loss,-53.614499999999495,50.31449999999994,1
7753,7754,7758,short,1633.7,1626.1528250000001,win,72.17174999999925,50.31449999999994,4
7828,7829,7852,long,1653.54,1661.087175,win,72.17174999999925,50.31449999999994,23
7852,7853,7875,long,1663.15,1658.1185500000001,loss,-53.614499999999495,50.31449999999994,22
7880,7881,7895,long,1665.37,1660.33855,loss,-53.614499999999495,50.31449999999994,14
7898,7899,7900,long,1668.95,1663.91855,loss,-53.614499999999495,50.31449999999994,1
7964,7965,7969,short,1631.05,1636.08145,loss,-53.614499999999495,50.31449999999994,4
8011,8012,8015,short,1627.72,1620.172825,win,72.17174999999925,50.31449999999994,3
8015,8016,8016,short,1615.22,1607.672825,win,72.17174999999925,50.31449999999994,0
8028,8029,8030,short,1597.66,1590.1128250000002,win,72.17174999999925,50.31449999999994,1
8035,8036,8040,short,1584.14,1589.17145,loss,-53.614499999999495,50.31449999999994,4
8081,8082,8083,short,1576.05,1581.08145,loss,-53.614499999999495,50.31449999999994,1
8104,8105,8105,short,1572.65,1565.1028250000002,win,72.17174999999925,50.31449999999994,0
8107,8108,8122,short,1561.24,1553.692825,win,72.17174999999925,50.31449999999994,14
8122,8123,8128,short,1554.47,1559.50145,loss,-53.614499999999495,50.31449999999994,5
8140,8141,8148,short,1542.42,1534.8728250000001,win,72.17174999999925,50.31449999999994,7
8151,8152,8153,short,1531.56,1536.59145,loss,-53.614499999999495,50.31449999999994,1
8217,8218,8225,long,1596.28,1591.24855,loss,-53.614499999999495,50.31449999999994,7
8441,8442,8442,long,1601.65,1609.197175,win,72.17174999999925,50.31449999999994,0
8502,8503,8506,long,1626.91,1634.457175,win,72.17174999999925,50.31449999999994,3
8506,8507,8516,long,1634.28,1629.24855,loss,-53.614499999999495,50.31449999999994,9
8680,8681,8681,long,1631.07,1626.03855,loss,-53.614499999999495,50.31449999999994,0
8751,8752,8752,short,1601.13,1606.16145,loss,-53.614499999999495,50.31449999999994,0
8761,8762,8762,short,1597.96,1602.99145,loss,-53.614499999999495,50.31449999999994,0
8768,8769,8773,short,1597.53,1589.982825,win,72.17174999999925,50.31449999999994,4
8776,8777,8778,short,1573.97,1566.422825,win,72.17174999999925,50.31449999999994,1
8782,8783,8794,short,1564.49,1569.52145,loss,-53.614499999999495,50.31449999999994,11
8894,8895,8906,short,1554.43,1559.46145,loss,-53.614499999999495,50.31449999999994,11
8916,8917,8921,long,1597.28,1604.827175,win,72.17174999999925,50.31449999999994,4
8921,8922,8927,long,1601.23,1596.19855,loss,-53.614499999999495,50.31449999999994,5
8954,8955,8958,long,1602.54,1610.087175,win,72.17174999999925,50.31449999999994,3
8962,8963,8964,long,1611.69,1619.237175,win,72.17174999999925,50.31449999999994,1
8966,8967,8970,long,1622.46,1617.42855,loss,-53.614499999999495,50.31449999999994,3
9082,9083,9083,short,1577.34,1569.792825,win,72.17174999999925,50.31449999999994,0
9120,9121,9125,short,1565.67,1558.1228250000001,win,72.17174999999925,50.31449999999994,4
9291,9292,9292,short,1569.01,1574.04145,loss,-53.614499999999495,50.31449999999994,0
9338,9339,9339,long,1593.29,1600.837175,win,72.17174999999925,50.31449999999994,0
9342,9343,9344,long,1601.96,1609.507175,win,72.17174999999925,50.31449999999994,1
9361,9362,9363,long,1617.0,1611.96855,loss,-53.614499999999495,50.31449999999994,1
9384,9385,9388,long,1623.23,1618.19855,loss,-53.614499999999495,50.31449999999994,3
9483,9484,9485,short,1596.93,1589.3828250000001,win,72.17174999999925,50.31449999999994,1
9591,9592,9599,long,1617.29,1612.25855,loss,-53.614499999999495,50.31449999999994,7
9608,9609,9616,long,1617.49,1612.45855,loss,-53.614499999999495,50.31449999999994,7
9626,9627,9627,long,1618.11,1625.6571749999998,win,72.17174999999925,50.31449999999994,0
9638,9639,9649,long,1622.94,1617.90855,loss,-53.614499999999495,50.31449999999994,10
9672,9673,9674,short,1596.59,1601.6214499999999,loss,-53.614499999999495,50.31449999999994,1
9691,9692,9692,short,1591.49,1596.52145,loss,-53.614499999999495,50.31449999999994,0
9785,9786,9790,long,1626.35,1633.8971749999998,win,72.17174999999925,50.31449999999994,4
9790,9791,9810,long,1636.13,1643.677175,win,72.17174999999925,50.31449999999994,19
9810,9811,9812,long,1644.45,1639.41855,loss,-53.614499999999495,50.31449999999994,1
9820,9821,9826,long,1653.56,1661.1071749999999,win,72.17174999999925,50.31449999999994,5
9826,9827,9838,long,1659.68,1667.227175,win,72.17174999999925,50.31449999999994,11
9839,9840,9850,long,1672.2,1667.16855,loss,-53.614499999999495,50.31449999999994,10
9870,9871,9883,long,1673.31,1668.27855,loss,-53.614499999999495,50.31449999999994,12
9970,9971,9975,short,1653.88,1658.91145,loss,-53.614499999999495,50.31449999999994,4
9983,9984,9985,long,1679.84,1687.3871749999998,win,72.17174999999925,50.31449999999994,1
10006,10007,10043,long,1692.91,1687.8785500000001,loss,-53.614499999999495,50.31449999999994,36
10060,10061,10065,long,1697.15,1704.697175,win,72.17174999999925,50.31449999999994,4
10069,10070,10071,long,1709.43,1704.3985500000001,loss,-53.614499999999495,50.31449999999994,1
10094,10095,10095,long,1725.16,1732.707175,win,72.17174999999925,50.31449999999994,0
10099,10100,10103,long,1738.45,1733.41855,loss,-53.614499999999495,50.31449999999994,3
10161,10162,10165,long,1742.67,1737.6385500000001,loss,-53.614499999999495,50.31449999999994,3
10193,10194,10194,long,1752.66,1760.207175,win,72.17174999999925,50.31449999999994,0
10199,10200,10205,long,1769.22,1776.767175,win,72.17174999999925,50.31449999999994,5
10276,10277,10279,long,1777.34,1772.30855,loss,-53.614499999999495,50.31449999999994,2
10328,10329,10329,long,1786.3,1781.26855,loss,-53.614499999999495,50.31449999999994,0
10397,10398,10399,short,1746.5,1738.952825,win,72.17174999999925,50.31449999999994,1
10468,10469,10469,long,1788.77,1783.73855,loss,-53.614499999999495,50.31449999999994,0
10533,10534,10536,long,1788.45,1783.41855,loss,-53.614499999999495,50.31449999999994,2
10538,10539,10542,long,1792.49,1787.45855,loss,-53.614499999999495,50.31449999999994,3
10548,10549,10555,long,1795.1,1790.06855,loss,-53.614499999999495,50.31449999999994,6
10608,10609,10628,short,1765.05,1757.502825,win,72.17174999999925,50.31449999999994,19
10628,10629,10630,short,1760.59,1765.6214499999999,loss,-53.614499999999495,50.31449999999994,1
10639,10640,10641,short,1759.15,1764.18145,loss,-53.614499999999495,50.31449999999994,1
10679,10680,10683,short,1753.81,1746.262825,win,72.17174999999925,50.31449999999994,3
10698,10699,10716,short,1735.97,1741.00145,loss,-53.614499999999495,50.31449999999994,17
10793,10794,10804,short,1718.98,1724.01145,loss,-53.614499999999495,50.31449999999994,10
10833,10834,10838,short,1712.7,1705.1528250000001,win,72.17174999999925,50.31449999999994,4
10841,10842,10848,short,1709.05,1714.08145,loss,-53.614499999999495,50.31449999999994,6
10862,10863,10870,short,1702.6,1707.6314499999999,loss,-53.614499999999495,50.31449999999994,7
10976,10977,10997,long,1722.63,1717.5985500000002,loss,-53.614499999999495,50.31449999999994,20
11019,11020,11021,short,1695.45,1687.9028250000001,win,72.17174999999925,50.31449999999994,1
11027,11028,11028,short,1676.02,1681.05145,loss,-53.614499999999495,50.31449999999994,0
11036,11037,11040,short,1675.77,1680.80145,loss,-53.614499999999495,50.31449999999994,3
11081,11082,11087,long,1726.8,1721.76855,loss,-53.614499999999495,50.31449999999994,5
11088,11089,11089,long,1727.13,1722.0985500000002,loss,-53.614499999999495,50.31449999999994,0
11116,11117,11126,long,1728.8,1736.3471749999999,win,72.17174999999925,50.31449999999994,9
11126,11127,11128,long,1737.2,1732.16855,loss,-53.614499999999495,50.31449999999994,1
11245,11246,11250,short,1709.73,1714.76145,loss,-53.614499999999495,50.31449999999994,4
11364,11365,11366,long,1745.69,1753.237175,win,72.17174999999925,50.31449999999994,1
11429,11430,11430,short,1715.09,1707.542825,win,72.17174999999925,50.31449999999994,0
11514,11515,11516,short,1700.65,1705.68145,loss,-53.614499999999495,50.31449999999994,1
11522,11523,11523,short,1694.25,1699.28145,loss,-53.614499999999495,50.31449999999994,0
11526,11527,11533,short,1693.55,1698.58145,loss,-53.614499999999495,50.31449999999994,6
11547,11548,11548,short,1686.11,1691.1414499999998,loss,-53.614499999999495,50.31449999999994,0
11660,11661,11662,long,1715.85,1710.81855,loss,-53.614499999999495,50.31449999999994,1
11664,11665,11665,long,1721.6,1716.56855,loss,-53.614499999999495,50.31449999999994,0
11717,11718,11730,short,1690.65,1695.68145,loss,-53.614499999999495,50.31449999999994,12
11757,11758,11758,short,1673.25,1678.28145,loss,-53.614499999999495,50.31449999999994,0
11759,11760,11761,short,1667.85,1672.8814499999999,loss,-53.614499999999495,50.31449999999994,1
11775,11776,11776,short,1667.34,1672.3714499999999,loss,-53.614499999999495,50.31449999999994,0
11777,11778,11779,short,1665.8,1670.83145,loss,-53.614499999999495,50.31449999999994,1
11800,11801,11802,short,1652.32,1644.772825,win,72.17174999999925,50.31449999999994,1
11931,11932,11939,long,1674.56,1682.1071749999999,win,72.17174999999925,50.31449999999994,7
11945,11946,11966,long,1687.35,1682.31855,loss,-53.614499999999495,50.31449999999994,20
11979,11980,11986,short,1652.35,1644.802825,win,72.17174999999925,50.31449999999994,6
11986,11987,11988,short,1644.05,1636.502825,win,72.17174999999925,50.31449999999994,1
12148,12149,12152,long,1681.37,1676.33855,loss,-53.614499999999495,50.31449999999994,3
12153,12154,12175,long,1681.34,1676.30855,loss,-53.614499999999495,50.31449999999994,21
12201,12202,12203,long,1686.5,1694.047175,win,72.17174999999925,50.31449999999994,1
12269,12270,12273,long,1694.93,1689.8985500000001,loss,-53.614499999999495,50.31449999999994,3
12314,12315,12316,short,1667.9,1672.93145,loss,-53.614499999999495,50.31449999999994,1
12323,12324,12329,short,1665.32,1670.3514499999999,loss,-53.614499999999495,50.31449999999994,5
12335,12336,12337,short,1665.1,1657.552825,win,72.17174999999925,50.31449999999994,1
12342,12343,12352,short,1657.19,1662.22145,loss,-53.614499999999495,50.31449999999994,9
12355,12356,12375,short,1656.48,1661.51145,loss,-53.614499999999495,50.31449999999994,19
12497,12498,12498,long,1682.77,1677.73855,loss,-53.614499999999495,50.31449999999994,0
12586,12587,12589,short,1660.58,1653.032825,win,72.17174999999925,50.31449999999994,2
12589,12590,12608,short,1649.62,1642.072825,win,72.17174999999925,50.31449999999994,18
12608,12609,12612,short,1643.4,1648.43145,loss,-53.614499999999495,50.31449999999994,3
12641,12642,12651,short,1641.26,1646.29145,loss,-53.614499999999495,50.31449999999994,9
12663,12664,12679,short,1634.25,1626.702825,win,72.17174999999925,50.31449999999994,15
12682,12683,12684,short,1613.47,1605.922825,win,72.17174999999925,50.31449999999994,1
12728,12729,12730,short,1602.56,1607.59145,loss,-53.614499999999495,50.31449999999994,1
12745,12746,12749,short,1594.34,1586.792825,win,72.17174999999925,50.31449999999994,3
12749,12750,12750,short,1588.39,1580.8428250000002,win,72.17174999999925,50.31449999999994,0
12754,12755,12757,short,1563.27,1568.30145,loss,-53.614499999999495,50.31449999999994,2
12759,12760,12760,short,1556.9,1561.93145,loss,-53.614499999999495,50.31449999999994,0
12846,12847,12853,long,1616.89,1611.8585500000002,loss,-53.614499999999495,50.31449999999994,6
13027,13028,13028,short,1566.09,1571.1214499999999,loss,-53.614499999999495,50.31449999999994,0
13071,13072,13072,long,1584.66,1592.207175,win,72.17174999999925,50.31449999999994,0
13095,13096,13096,long,1595.51,1590.47855,loss,-53.614499999999495,50.31449999999994,0
13143,13144,13148,long,1597.13,1592.0985500000002,loss,-53.614499999999495,50.31449999999994,4
13151,13152,13153,long,1603.89,1598.8585500000002,loss,-53.614499999999495,50.31449999999994,1
13159,13160,13189,long,1604.22,1611.767175,win,72.17174999999925,50.31449999999994,29
13189,13190,13216,long,1609.85,1604.81855,loss,-53.614499999999495,50.31449999999994,26
13233,13234,13255,long,1614.93,1609.8985500000001,loss,-53.614499999999495,50.31449999999994,21
13324,13325,13326,short,1593.14,1598.17145,loss,-53.614499999999495,50.31449999999994,1
13395,13396,13399,short,1585.29,1577.742825,win,72.17174999999925,50.31449999999994,3
13407,13408,13414,short,1565.0,1570.03145,loss,-53.614499999999495,50.31449999999994,6
13422,13423,13423,short,1560.17,1552.6228250000001,win,72.17174999999925,50.31449999999994,0
13429,13430,13431,short,1549.65,1542.1028250000002,win,72.17174999999925,50.31449999999994,1
13438,13439,13440,short,1543.04,1548.07145,loss,-53.614499999999495,50.31449999999994,1
13580,13581,13582,short,1537.76,1530.212825,win,72.17174999999925,50.31449999999994,1
13585,13586,13587,short,1503.32,1495.772825,win,72.17174999999925,50.31449999999994,1
13592,13593,13593,short,1445.7,1438.1528250000001,win,72.17174999999925,50.31449999999994,0
13598,13599,13599,short,1437.85,1442.8814499999999,loss,-53.614499999999495,50.31449999999994,0
13605,13606,13606,short,1364.35,1369.3814499999999,loss,-53.614499999999495,50.31449999999994,0
13609,13610,13610,short,1349.95,1354.98145,loss,-53.614499999999495,50.31449999999994,0
13611,13612,13612,short,1353.9,1358.93145,loss,-53.614499999999495,50.31449999999994,0
13614,13615,13615,short,1330.94,1335.97145,loss,-53.614499999999495,50.31449999999994,0
13777,13778,13778,long,1435.01,1442.557175,win,72.17174999999925,50.31449999999994,0
13785,13786,13788,long,1447.0,1454.547175,win,72.17174999999925,50.31449999999994,2
13788,13789,13789,long,1452.27,1447.23855,loss,-53.614499999999495,50.31449999999994,0
13791,13792,13793,long,1453.98,1461.527175,win,72.17174999999925,50.31449999999994,1
13796,13797,13799,long,1466.75,1474.297175,win,72.17174999999925,50.31449999999994,2
14039,14040,14040,short,1436.15,1428.6028250000002,win,72.17174999999925,50.31449999999994,0
14042,14043,14043,short,1430.75,1423.202825,win,72.17174999999925,50.31449999999994,0
14103,14104,14104,short,1422.61,1415.062825,win,72.17174999999925,50.31449999999994,0
14108,14109,14110,short,1409.39,1414.42145,loss,-53.614499999999495,50.31449999999994,1
14112,14113,14114,short,1396.65,1401.68145,loss,-53.614499999999495,50.31449999999994,1
14116,14117,14121,short,1394.52,1386.972825,win,72.17174999999925,50.31449999999994,4
14121,14122,14123,short,1391.79,1396.82145,loss,-53.614499999999495,50.31449999999994,1
14127,14128,14128,short,1391.22,1383.672825,win,72.17174999999925,50.31449999999994,0
14158,14159,14159,short,1360.6,1365.6314499999999,loss,-53.614499999999495,50.31449999999994,0
14163,14164,14165,short,1355.53,1360.56145,loss,-53.614499999999495,50.31449999999994,1
14165,14166,14166,short,1343.55,1348.58145,loss,-53.614499999999495,50.31449999999994,0
14354,14355,14355,long,1402.51,1410.057175,win,72.17174999999925,50.31449999999994,0
14362,14363,14373,long,1413.49,1421.037175,win,72.17174999999925,50.31449999999994,10
14373,14374,14379,long,1420.39,1415.3585500000002,loss,-53.614499999999495,50.31449999999994,5
14474,14475,14476,short,1387.87,1380.322825,win,72.17174999999925,50.31449999999994,1
14539,14540,14542,short,1376.64,1369.0928250000002,win,72.17174999999925,50.31449999999994,2
14570,14571,14571,short,1358.72,1351.172825,win,72.17174999999925,50.31449999999994,0
14575,14576,14581,short,1343.57,1336.022825,win,72.17174999999925,50.31449999999994,5
14591,14592,14592,short,1291.2,1283.6528250000001,win,72.17174999999925,50.31449999999994,0
14597,14598,14599,short,1274.32,1279.3514499999999,loss,-53.614499999999495,50.31449999999994,1
14668,14669,14669,short,1259.72,1252.172825,win,72.17174999999925,50.31449999999994,0
14674,14675,14675,short,1237.44,1229.8928250000001,win,72.17174999999925,50.31449999999994,0
14685,14686,14688,short,1226.17,1231.20145,loss,-53.614499999999495,50.31449999999994,2
14791,14792,14792,short,1224.07,1216.522825,win,72.17174999999925,50.31449999999994,0
14869,14870,14870,long,1288.66,1283.6285500000001,loss,-53.614499999999495,50.31449999999994,0
14876,14877,14877,long,1297.78,1292.74855,loss,-53.614499999999495,50.31449999999994,0
15024,15025,15030,long,1295.05,1302.5971749999999,win,72.17174999999925,50.31449999999994,5
15030,15031,15037,long,1313.13,1320.677175,win,72.17174999999925,50.31449999999994,6
15045,15046,15047,long,1323.98,1331.527175,win,72.17174999999925,50.31449999999994,1
15050,15051,15060,long,1334.55,1329.51855,loss,-53.614499999999495,50.31449999999994,9
15073,15074,15090,long,1343.23,1338.19855,loss,-53.614499999999495,50.31449999999994,16
15208,15209,15211,short,1308.73,1313.76145,loss,-53.614499999999495,50.31449999999994,2
15239,15240,15241,short,1303.48,1308.51145,loss,-53.614499999999495,50.31449999999994,1
15245,15246,15246,short,1293.75,1286.202825,win,72.17174999999925,50.31449999999994,0
15250,15251,15252,short,1287.62,1292.6514499999998,loss,-53.614499999999495,50.31449999999994,1
15252,15253,15253,short,1285.63,1290.66145,loss,-53.614499999999495,50.31449999999994,0
15300,15301,15301,short,1281.8,1286.83145,loss,-53.614499999999495,50.31449999999994,0
15310,15311,15316,short,1277.02,1282.05145,loss,-53.614499999999495,50.31449999999994,5
15318,15319,15320,short,1275.66,1280.69145,loss,-53.614499999999495,50.31449999999994,1
15378,15379,15391,long,1329.3,1324.26855,loss,-53.614499999999495,50.31449999999994,12
15393,15394,15397,long,1339.3,1334.26855,loss,-53.614499999999495,50.31449999999994,3
15448,15449,15454,long,1342.55,1337.51855,loss,-53.614499999999495,50.31449999999994,5
15465,15466,15466,long,1358.55,1366.0971749999999,win,72.17174999999925,50.31449999999994,0
15469,15470,15481,long,1365.47,1360.43855,loss,-53.614499999999495,50.31449999999994,11
15487,15488,15488,long,1368.64,1363.6085500000002,loss,-53.614499999999495,50.31449999999994,0
15489,15490,15496,long,1374.24,1381.787175,win,72.17174999999925,50.31449999999994,6
15496,15497,15501,long,1382.01,1376.97855,loss,-53.614499999999495,50.31449999999994,4
15602,15603,15609,long,1395.35,1402.8971749999998,win,72.17174999999925,50.31449999999994,6
15609,15610,15610,long,1403.77,1398.73855,loss,-53.614499999999495,50.31449999999994,0
15631,15632,15634,long,1404.58,1399.54855,loss,-53.614499999999495,50.31449999999994,2
15642,15643,15646,long,1410.45,1417.997175,win,72.17174999999925,50.31449999999994,3
15650,15651,15652,long,1419.32,1414.28855,loss,-53.614499999999495,50.31449999999994,1
15661,15662,15662,long,1419.74,1427.287175,win,72.17174999999925,50.31449999999994,0
15669,15670,15670,long,1428.15,1423.1185500000001,loss,-53.614499999999495,50.31449999999994,0
15808,15809,15811,short,1367.87,1372.9014499999998,loss,-53.614499999999495,50.31449999999994,2
15814,15815,15817,short,1366.38,1371.41145,loss,-53.614499999999495,50.31449999999994,2
15827,15828,15829,short,1366.72,1371.75145,loss,-53.614499999999495,50.31449999999994,1
15876,15877,15914,short,1364.02,1356.472825,win,72.17174999999925,50.31449999999994,37
15916,15917,15917,short,1357.24,1349.692825,win,72.17174999999925,50.31449999999994,0
15923,15924,15930,short,1329.88,1322.3328250000002,win,72.17174999999925,50.31449999999994,6
15939,15940,15940,short,1310.96,1315.99145,loss,-53.614499999999495,50.31449999999994,0
15942,15943,15944,short,1309.93,1314.96145,loss,-53.614499999999495,50.31449999999994,1
15951,15952,15952,short,1308.04,1313.07145,loss,-53.614499999999495,50.31449999999994,0
16001,16002,16003,short,1306.8,1299.252825,win,72.17174999999925,50.31449999999994,1
16026,16027,16027,long,1367.88,1362.8485500000002,loss,-53.614499999999495,50.31449999999994,0
16034,16035,16035,long,1371.18,1366.1485500000001,loss,-53.614499999999495,50.31449999999994,0
16224,16225,16226,short,1293.09,1285.542825,win,72.17174999999925,50.31449999999994,1
16226,16227,16235,short,1288.76,1281.212825,win,72.17174999999925,50.31449999999994,8
16235,16236,16236,short,1282.85,1287.8814499999999,loss,-53.614499999999495,50.31449999999994,0
16391,16392,16393,short,1295.87,1288.322825,win,72.17174999999925,50.31449999999994,1
16393,16394,16399,short,1287.25,1292.28145,loss,-53.614499999999495,50.31449999999994,5
16405,16406,16408,short,1284.8,1289.83145,loss,-53.614499999999495,50.31449999999994,2
16409,16410,16417,short,1266.95,1271.98145,loss,-53.614499999999495,50.31449999999994,7
16452,16453,16455,short,1256.2,1261.23145,loss,-53.614499999999495,50.31449999999994,2
16497,16498,16498,long,1320.22,1315.18855,loss,-53.614499999999495,50.31449999999994,0
16505,16506,16513,long,1322.71,1317.67855,loss,-53.614499999999495,50.31449999999994,7
16520,16521,16521,long,1324.15,1319.1185500000001,loss,-53.614499999999495,50.31449999999994,0
16572,16573,16574,long,1328.11,1335.6571749999998,win,72.17174999999925,50.31449999999994,1
16618,16619,16622,long,1342.21,1349.757175,win,72.17174999999925,50.31449999999994,3
16647,16648,16659,long,1352.53,1347.49855,loss,-53.614499999999495,50.31449999999994,11
16664,16665,16665,long,1353.1,1348.06855,loss,-53.614499999999495,50.31449999999994,0
16666,16667,16667,long,1358.87,1353.83855,loss,-53.614499999999495,50.31449999999994,0
16732,16733,16734,short,1329.19,1321.6428250000001,win,72.17174999999925,50.31449999999994,1
16753,16754,16758,short,1317.7,1310.1528250000001,win,72.17174999999925,50.31449999999994,4
16758,16759,16760,short,1308.89,1313.92145,loss,-53.614499999999495,50.31449999999994,1
16849,16850,16850,short,1303.74,1308.77145,loss,-53.614499999999495,50.31449999999994,0
16873,16874,16874,short,1294.72,1287.172825,win,72.17174999999925,50.31449999999994,0
16891,16892,16894,short,1282.17,1287.20145,loss,-53.614499999999495,50.31449999999994,2
16899,16900,16922,short,1281.88,1274.3328250000002,win,72.17174999999925,50.31449999999994,22
16922,16923,16925,short,1273.93,1266.3828250000001,win,72.17174999999925,50.31449999999994,2
17058,17059,17062,short,1263.35,1268.3814499999999,loss,-53.614499999999495,50.31449999999994,3
17066,17067,17070,short,1242.28,1247.31145,loss,-53.614499999999495,50.31449999999994,3
17084,17085,17088,short,1241.67,1246.70145,loss,-53.614499999999495,50.31449999999994,3
17121,17122,17123,short,1237.96,1230.412825,win,72.17174999999925,50.31449999999994,1
17123,17124,17130,short,1230.57,1235.6014499999999,loss,-53.614499999999495,50.31449999999994,6
17241,17242,17244,short,1228.93,1221.3828250000001,win,72.17174999999925,50.31449999999994,2
17263,17264,17264,short,1217.93,1222.96145,loss,-53.614499999999495,50.31449999999994,0
17279,17280,17284,short,1216.7,1221.73145,loss,-53.614499999999495,50.31449999999994,4
17377,17378,17378,long,1248.14,1255.687175,win,72.17174999999925,50.31449999999994,0
17525,17526,17528,short,1219.6,1224.6314499999999,loss,-53.614499999999495,50.31449999999994,2
17535,17536,17536,short,1216.01,1208.462825,win,72.17174999999925,50.31449999999994,0
17542,17543,17548,short,1199.53,1191.982825,win,72.17174999999925,50.31449999999994,5
17548,17549,17554,short,1190.74,1195.77145,loss,-53.614499999999495,50.31449999999994,5
17690,17691,17691,short,1188.14,1193.17145,loss,-53.614499999999495,50.31449999999994,0
17695,17696,17699,long,1222.9,1217.8685500000001,loss,-53.614499999999495,50.31449999999994,3
17701,17702,17711,long,1223.28,1230.827175,win,72.17174999999925,50.31449999999994,9
17711,17712,17712,long,1234.17,1229.1385500000001,loss,-53.614499999999495,50.31449999999994,0
17717,17718,17719,long,1235.79,1230.75855,loss,-53.614499999999495,50.31449999999994,1
17726,17727,17735,long,1235.91,1243.457175,win,72.17174999999925,50.31449999999994,8
17735,17736,17742,long,1242.16,1237.1285500000001,loss,-53.614499999999495,50.31449999999994,6
17748,17749,17749,long,1245.08,1240.04855,loss,-53.614499999999495,50.31449999999994,0
17841,17842,17850,long,1245.1,1252.6471749999998,win,72.17174999999925,50.31449999999994,8
17850,17851,17858,long,1251.04,1246.00855,loss,-53.614499999999495,50.31449999999994,7
17866,17867,17888,long,1251.39,1246.3585500000002,loss,-53.614499999999495,50.31449999999994,21
17963,17964,17992,long,1256.15,1251.1185500000001,loss,-53.614499999999495,50.31449999999994,28
18027,18028,18039,short,1236.13,1241.16145,loss,-53.614499999999495,50.31449999999994,11
18044,18045,18064,long,1259.09,1266.6371749999998,win,72.17174999999925,50.31449999999994,19
18064,18065,18066,long,1270.49,1265.45855,loss,-53.614499999999495,50.31449999999994,1
18075,18076,18082,long,1275.45,1270.41855,loss,-53.614499999999495,50.31449999999994,6
18186,18187,18188,short,1239.85,1244.8814499999999,loss,-53.614499999999495,50.31449999999994,1
18302,18303,18314,long,1267.07,1274.6171749999999,win,72.17174999999925,50.31449999999994,11
18314,18315,18330,long,1274.7,1282.247175,win,72.17174999999925,50.31449999999994,15
18341,18342,18342,long,1287.13,1282.0985500000002,loss,-53.614499999999495,50.31449999999994,0
18344,18345,18352,long,1289.77,1284.73855,loss,-53.614499999999495,50.31449999999994,7
18367,18368,18380,long,1293.55,1288.51855,loss,-53.614499999999495,50.31449999999994,12
18389,18390,18399,long,1295.54,1303.087175,win,72.17174999999925,50.31449999999994,9
18399,18400,18409,long,1306.4,1313.947175,win,72.17174999999925,50.31449999999994,9
18412,18413,18422,long,1319.46,1327.007175,win,72.17174999999925,50.31449999999994,9
18422,18423,18429,long,1326.95,1321.91855,loss,-53.614499999999495,50.31449999999994,6
18434,18435,18442,long,1327.61,1322.57855,loss,-53.614499999999495,50.31449999999994,7
18540,18541,18544,long,1329.08,1336.6271749999999,win,72.17174999999925,50.31449999999994,3
18548,18549,18566,long,1336.68,1331.6485500000001,loss,-53.614499999999495,50.31449999999994,17
18571,18572,18591,long,1339.64,1334.6085500000002,loss,-53.614499999999495,50.31449999999994,19
18653,18654,18662,long,1343.22,1350.767175,win,72.17174999999925,50.31449999999994,8
18662,18663,18677,long,1349.77,1344.73855,loss,-53.614499999999495,50.31449999999994,14
18811,18812,18822,long,1357.88,1365.427175,win,72.17174999999925,50.31449999999994,10
18826,18827,18868,long,1368.78,1376.327175,win,72.17174999999925,50.31449999999994,41
18868,18869,18871,long,1381.72,1376.68855,loss,-53.614499999999495,50.31449999999994,2
18877,18878,18880,long,1389.39,1384.3585500000002,loss,-53.614499999999495,50.31449999999994,2
18943,18944,18959,short,1330.49,1322.942825,win,72.17174999999925,50.31449999999994,15
19006,19007,19012,short,1315.56,1308.012825,win,72.17174999999925,50.31449999999994,5
19012,19013,19022,short,1309.33,1314.3614499999999,loss,-53.614499999999495,50.31449999999994,9
19054,19055,19072,short,1302.28,1294.732825,win,72.17174999999925,50.31449999999994,17
19080,19081,19092,short,1291.8,1296.83145,loss,-53.614499999999495,50.31449999999994,11
19124,19125,19133,short,1288.3,1280.752825,win,72.17174999999925,50.31449999999994,8
19146,19147,19166,short,1279.5,1284.53145,loss,-53.614499999999495,50.31449999999994,19
19215,19216,19253,long,1299.26,1306.807175,win,72.17174999999925,50.31449999999994,37
19272,19273,19281,long,1312.94,1307.90855,loss,-53.614499999999495,50.31449999999994,8
19293,19294,19301,long,1314.49,1322.037175,win,72.17174999999925,50.31449999999994,7
19304,19305,19305,long,1323.7,1318.66855,loss,-53.614499999999495,50.31449999999994,0
19337,19338,19349,long,1327.54,1322.50855,loss,-53.614499999999495,50.31449999999994,11
19353,19354,19363,long,1329.16,1324.1285500000001,loss,-53.614499999999495,50.31449999999994,9
19374,19375,19376,short,1294.09,1299.1214499999999,loss,-53.614499999999495,50.31449999999994,1
19429,19430,19431,short,1293.97,1299.00145,loss,-53.614499999999495,50.31449999999994,1
19432,19433,19444,short,1286.49,1291.52145,loss,-53.614499999999495,50.31449999999994,11
19468,19469,19478,short,1281.82,1286.8514499999999,loss,-53.614499999999495,50.31449999999994,9
19510,19511,19511,short,1277.94,1270.3928250000001,win,72.17174999999925,50.31449999999994,0
19545,19546,19559,long,1304.01,1298.97855,loss,-53.614499999999495,50.31449999999994,13
19662,19663,19669,long,1305.57,1313.1171749999999,win,72.17174999999925,50.31449999999994,6
19673,19674,19676,long,1314.45,1309.41855,loss,-53.614499999999495,50.31449999999994,2
19774,19775,19777,short,1281.25,1286.28145,loss,-53.614499999999495,50.31449999999994,2
19926,19927,19927,short,1288.27,1293.30145,loss,-53.614499999999495,50.31449999999994,0
19950,19951,19965,short,1288.14,1293.17145,loss,-53.614499999999495,50.31449999999994,14
20031,20032,20037,short,1285.99,1278.442825,win,72.17174999999925,50.31449999999994,5
20045,20046,20063,short,1263.76,1256.212825,win,72.17174999999925,50.31449999999994,17
20068,20069,20106,short,1258.38,1250.8328250000002,win,72.17174999999925,50.31449999999994,37
20107,20108,20108,short,1251.96,1244.412825,win,72.17174999999925,50.31449999999994,0
20122,20123,20128,short,1242.52,1247.55145,loss,-53.614499999999495,50.31449999999994,5
20134,20135,20151,short,1242.39,1247.42145,loss,-53.614499999999495,50.31449999999994,16
20267,20268,20315,long,1261.28,1268.827175,win,72.17174999999925,50.31449999999994,47
20317,20318,20348,long,1272.66,1280.207175,win,72.17174999999925,50.31449999999994,30
20351,20352,20360,long,1283.23,1278.19855,loss,-53.614499999999495,50.31449999999994,8
20428,20429,20430,long,1288.88,1296.427175,win,72.17174999999925,50.31449999999994,1
20493,20494,20499,long,1323.03,1317.99855,loss,-53.614499999999495,50.31449999999994,5
20594,20595,20635,long,1327.12,1322.08855,loss,-53.614499999999495,50.31449999999994,40
20637,20638,20647,long,1329.56,1324.52855,loss,-53.614499999999495,50.31449999999994,9
20694,20695,20707,short,1312.74,1317.77145,loss,-53.614499999999495,50.31449999999994,12
20752,20753,20755,long,1330.55,1325.51855,loss,-53.614499999999495,50.31449999999994,2
20766,20767,20772,long,1341.23,1336.19855,loss,-53.614499999999495,50.31449999999994,5
20815,20816,20816,short,1311.69,1304.1428250000001,win,72.17174999999925,50.31449999999994,0
20818,20819,20835,short,1306.28,1311.31145,loss,-53.614499999999495,50.31449999999994,16
20840,20841,20862,short,1296.07,1301.1014499999999,loss,-53.614499999999495,50.31449999999994,21
21000,21001,21025,short,1291.93,1296.96145,loss,-53.614499999999495,50.31449999999994,24
21114,21115,21137,short,1288.11,1280.562825,win,72.17174999999925,50.31449999999994,22
21232,21233,21245,long,1311.23,1318.777175,win,72.17174999999925,50.31449999999994,12
21367,21368,21369,short,1297.08,1302.1114499999999,loss,-53.614499999999495,50.31449999999994,1
21414,21415,21450,short,1295.11,1287.562825,win,72.17174999999925,50.31449999999994,35
21453,21454,21517,short,1279.07,1278.11,win,6.300000000000364,50.31449999999994,63
21637,21638,21641,short,1271.02,1263.472825,win,72.17174999999925,50.31449999999994,3
21692,21693,21708,short,1262.74,1267.77145,loss,-53.614499999999495,50.31449999999994,15
21733,21734,21758,short,1257.23,1249.682825,win,72.17174999999925,50.31449999999994,24
21777,21778,21798,short,1248.96,1241.412825,win,72.17174999999925,50.31449999999994,20
21798,21799,21801,short,1240.71,1245.74145,loss,-53.614499999999495,50.31449999999994,2
21802,21803,21825,short,1239.27,1231.722825,win,72.17174999999925,50.31449999999994,22
21832,21833,21835,short,1227.02,1232.05145,loss,-53.614499999999495,50.31449999999994,2
21899,21900,21917,short,1222.26,1227.29145,loss,-53.614499999999495,50.31449999999994,17
21940,21941,21950,short,1217.09,1209.542825,win,72.17174999999925,50.31449999999994,9
21950,21951,21961,short,1211.87,1216.9014499999998,loss,-53.614499999999495,50.31449999999994,10
22023,22024,22031,short,1211.48,1216.51145,loss,-53.614499999999495,50.31449999999994,7
22097,22098,22100,short,1207.07,1212.1014499999999,loss,-53.614499999999495,50.31449999999994,2
22113,22114,22122,short,1206.21,1211.24145,loss,-53.614499999999495,50.31449999999994,8
22168,22169,22170,short,1202.45,1194.9028250000001,win,72.17174999999925,50.31449999999994,1
22172,22173,22177,short,1192.44,1184.8928250000001,win,72.17174999999925,50.31449999999994,4
22179,22180,22185,short,1185.13,1190.16145,loss,-53.614499999999495,50.31449999999994,5
22244,22245,22255,long,1221.59,1229.1371749999998,win,72.17174999999925,50.31449999999994,10
22255,22256,22261,long,1228.9,1223.8685500000001,loss,-53.614499999999495,50.31449999999994,5
22293,22294,22304,long,1230.89,1225.8585500000002,loss,-53.614499999999495,50.31449999999994,10
22314,22315,22330,long,1236.71,1231.67855,loss,-53.614499999999495,50.31449999999994,15
22353,22354,22356,long,1239.97,1247.517175,win,72.17174999999925,50.31449999999994,2
22420,22421,22439,long,1246.1,1253.6471749999998,win,72.17174999999925,50.31449999999994,18
22439,22440,22443,long,1251.76,1246.72855,loss,-53.614499999999495,50.31449999999994,3
22444,22445,22463,long,1251.9,1246.8685500000001,loss,-53.614499999999495,50.31449999999994,18
22544,22545,22549,short,1225.68,1230.71145,loss,-53.614499999999495,50.31449999999994,4
22582,22583,22588,short,1222.02,1214.472825,win,72.17174999999925,50.31449999999994,5
22588,22589,22599,short,1213.62,1206.072825,win,72.17174999999925,50.31449999999994,10
22606,22607,22620,short,1201.99,1194.442825,win,72.17174999999925,50.31449999999994,13
22620,22621,22621,short,1194.88,1187.3328250000002,win,72.17174999999925,50.31449999999994,0
22625,22626,22627,short,1171.38,1176.41145,loss,-53.614499999999495,50.31449999999994,1
22628,22629,22633,short,1164.63,1169.66145,loss,-53.614499999999495,50.31449999999994,4
22687,22688,22689,short,1163.68,1156.1328250000001,win,72.17174999999925,50.31449999999994,1
22692,22693,22695,short,1145.69,1138.1428250000001,win,72.17174999999925,50.31449999999994,2
22734,22735,22736,short,1133.32,1138.3514499999999,loss,-53.614499999999495,50.31449999999994,1
22862,22863,22867,long,1188.22,1183.18855,loss,-53.614499999999495,50.31449999999994,4
22898,22899,22901,long,1192.83,1200.3771749999999,win,72.17174999999925,50.31449999999994,2
22973,22974,22976,long,1202.87,1197.83855,loss,-53.614499999999495,50.31449999999994,2
23087,23088,23088,short,1178.95,1171.4028250000001,win,72.17174999999925,50.31449999999994,0
23090,23091,23097,short,1150.89,1155.92145,loss,-53.614499999999495,50.31449999999994,6
23108,23109,23113,long,1215.17,1210.1385500000001,loss,-53.614499999999495,50.31449999999994,4
23243,23244,23244,long,1224.81,1232.3571749999999,win,72.17174999999925,50.31449999999994,0
23247,23248,23249,long,1233.07,1228.03855,loss,-53.614499999999495,50.31449999999994,1
23257,23258,23260,long,1234.18,1229.1485500000001,loss,-53.614499999999495,50.31449999999994,2
23386,23387,23391,short,1187.75,1192.78145,loss,-53.614499999999495,50.31449999999994,4
23452,23453,23454,short,1181.27,1173.722825,win,72.17174999999925,50.31449999999994,1
23553,23554,23557,long,1205.43,1200.3985500000001,loss,-53.614499999999495,50.31449999999994,3
23587,23588,23588,short,1172.82,1177.8514499999999,loss,-53.614499999999495,50.31449999999994,0
23616,23617,23628,long,1205.74,1213.287175,win,72.17174999999925,50.31449999999994,11
23635,23636,23638,long,1219.62,1214.58855,loss,-53.614499999999495,50.31449999999994,2
23706,23707,23713,long,1219.84,1227.3871749999998,win,72.17174999999925,50.31449999999994,6
23716,23717,23719,long,1229.11,1224.07855,loss,-53.614499999999495,50.31449999999994,2
23729,23730,23735,long,1232.79,1240.337175,win,72.17174999999925,50.31449999999994,5
23735,23736,23742,long,1235.94,1243.487175,win,72.17174999999925,50.31449999999994,6
23790,23791,23791,long,1250.35,1257.8971749999998,win,72.17174999999925,50.31449999999994,0
23794,23795,23795,long,1255.85,1263.3971749999998,win,72.17174999999925,50.31449999999994,0
23801,23802,23807,long,1262.86,1257.82855,loss,-53.614499999999495,50.31449999999994,5
23816,23817,23817,long,1265.23,1272.777175,win,72.17174999999925,50.31449999999994,0
23819,23820,23821,long,1278.33,1273.29855,loss,-53.614499999999495,50.31449999999994,1
23824,23825,23828,long,1280.33,1275.29855,loss,-53.614499999999495,50.31449999999994,3
23852,23853,23853,long,1279.87,1287.4171749999998,win,72.17174999999925,50.31449999999994,0
23860,23861,23864,long,1291.9,1286.8685500000001,loss,-53.614499999999495,50.31449999999994,3
23870,23871,23881,long,1296.07,1303.6171749999999,win,72.17174999999925,50.31449999999994,10
23907,23908,23918,long,1302.4,1297.3685500000001,loss,-53.614499999999495,50.31449999999994,10
24017,24018,24019,short,1268.65,1273.68145,loss,-53.614499999999495,50.31449999999994,1
24021,24022,24023,short,1264.1,1256.552825,win,72.17174999999925,50.31449999999994,1
24025,24026,24029,short,1256.32,1261.3514499999999,loss,-53.614499999999495,50.31449999999994,3
24157,24158,24158,short,1246.47,1238.922825,win,72.17174999999925,50.31449999999994,0
24227,24228,24234,short,1224.56,1217.012825,win,72.17174999999925,50.31449999999994,6
24315,24316,24334,short,1210.33,1202.782825,win,72.17174999999925,50.31449999999994,18
24334,24335,24338,short,1204.26,1209.29145,loss,-53.614499999999495,50.31449999999994,3
24340,24341,24343,short,1199.72,1204.75145,loss,-53.614499999999495,50.31449999999994,2
24401,24402,24406,short,1192.83,1197.8614499999999,loss,-53.614499999999495,50.31449999999994,4
24509,24510,24517,long,1220.1,1215.06855,loss,-53.614499999999495,50.31449999999994,7
24594,24595,24613,short,1198.96,1191.412825,win,72.17174999999925,50.31449999999994,18
24613,24614,24615,short,1182.08,1174.532825,win,72.17174999999925,50.31449999999994,1
24650,24651,24659,short,1161.35,1166.3814499999999,loss,-53.614499999999495,50.31449999999994,8
24680,24681,24684,short,1157.89,1150.3428250000002,win,72.17174999999925,50.31449999999994,3
24686,24687,24690,short,1149.73,1154.76145,loss,-53.614499999999495,50.31449999999994,3
24774,24775,24775,short,1149.7,1154.73145,loss,-53.614499999999495,50.31449999999994,0
24777,24778,24801,short,1149.28,1154.31145,loss,-53.614499999999495,50.31449999999994,23
24804,24805,24816,long,1170.76,1165.72855,loss,-53.614499999999495,50.31449999999994,11
24844,24845,24847,long,1177.92,1185.467175,win,72.17174999999925,50.31449999999994,2
24852,24853,24862,long,1185.88,1180.8485500000002,loss,-53.614499999999495,50.31449999999994,9
24869,24870,24888,long,1187.28,1194.827175,win,72.17174999999925,50.31449999999994,18
24911,24912,24929,long,1194.65,1202.197175,win,72.17174999999925,50.31449999999994,17
24929,24930,24931,long,1203.0,1210.547175,win,72.17174999999925,50.31449999999994,1
24995,24996,25004,short,1181.32,1186.3514499999999,loss,-53.614499999999495,50.31449999999994,8
25059,25060,25076,long,1216.34,1223.8871749999998,win,72.17174999999925,50.31449999999994,16
25207,25208,25212,short,1190.92,1195.95145,loss,-53.614499999999495,50.31449999999994,4
25297,25298,25300,long,1208.74,1203.70855,loss,-53.614499999999495,50.31449999999994,2
25351,25352,25374,short,1187.22,1192.25145,loss,-53.614499999999495,50.31449999999994,22
25396,25397,25417,short,1182.11,1187.1414499999998,loss,-53.614499999999495,50.31449999999994,20
25443,25444,25459,long,1213.07,1208.03855,loss,-53.614499999999495,50.31449999999994,15
25510,25511,25512,short,1173.35,1178.3814499999999,loss,-53.614499999999495,50.31449999999994,1
25513,25514,25517,short,1173.07,1178.1014499999999,loss,-53.614499999999495,50.31449999999994,3
25694,25695,25696,long,1204.15,1211.697175,win,72.17174999999925,50.31449999999994,1
25711,25712,25713,long,1218.28,1213.24855,loss,-53.614499999999495,50.31449999999994,1
25715,25716,25718,long,1218.9,1226.447175,win,72.17174999999925,50.31449999999994,2
25749,25750,25780,long,1225.06,1220.02855,loss,-53.614499999999495,50.31449999999994,30
25891,25892,25897,short,1196.56,1189.012825,win,72.17174999999925,50.31449999999994,5
25897,25898,25939,short,1186.57,1191.6014499999999,loss,-53.614499999999495,50.31449999999994,41
25944,25945,25945,short,1181.71,1186.74145,loss,-53.614499999999495,50.31449999999994,0
26052,26053,26060,short,1181.65,1174.1028250000002,win,72.17174999999925,50.31449999999994,7
26079,26080,26081,short,1174.07,1166.522825,win,72.17174999999925,50.31449999999994,1
26283,26284,26286,long,1190.99,1198.537175,win,72.17174999999925,50.31449999999994,2
26287,26288,26330,long,1198.42,1193.3885500000001,loss,-53.614499999999495,50.31449999999994,42
26380,26381,26422,short,1173.25,1178.28145,loss,-53.614499999999495,50.31449999999994,41
26426,26427,26435,short,1171.71,1176.74145,loss,-53.614499999999495,50.31449999999994,8
26473,26474,26475,short,1170.79,1175.82145,loss,-53.614499999999495,50.31449999999994,1
26495,26496,26516,short,1169.91,1162.3628250000002,win,72.17174999999925,50.31449999999994,20
26584,26585,26585,short,1156.39,1148.8428250000002,win,72.17174999999925,50.31449999999994,0
26595,26596,26607,short,1153.14,1158.17145,loss,-53.614499999999495,50.31449999999994,11
26723,26724,26767,short,1145.54,1137.992825,win,72.17174999999925,50.31449999999994,43
26767,26768,26769,short,1139.47,1131.922825,win,72.17174999999925,50.31449999999994,1
26779,26780,26780,short,1106.57,1111.6014499999999,loss,-53.614499999999495,50.31449999999994,0
26791,26792,26793,short,1106.04,1111.07145,loss,-53.614499999999495,50.31449999999994,1
26796,26797,26798,short,1105.45,1097.9028250000001,win,72.17174999999925,50.31449999999994,1
26825,26826,26836,short,1095.71,1088.162825,win,72.17174999999925,50.31449999999994,10
26866,26867,26872,short,1088.42,1080.8728250000001,win,72.17174999999925,50.31449999999994,5
26880,26881,26885,short,1080.14,1085.17145,loss,-53.614499999999495,50.31449999999994,4
27129,27130,27138,long,1097.76,1105.307175,win,72.17174999999925,50.31449999999994,8
27153,27154,27156,long,1115.56,1110.52855,loss,-53.614499999999495,50.31449999999994,2
27176,27177,27183,long,1116.34,1123.8871749999998,win,72.17174999999925,50.31449999999994,6
27297,27298,27308,long,1127.16,1134.707175,win,72.17174999999925,50.31449999999994,10
27319,27320,27321,long,1141.22,1148.767175,win,72.17174999999925,50.31449999999994,1
27328,27329,27332,long,1154.82,1162.3671749999999,win,72.17174999999925,50.31449999999994,3
27334,27335,27336,long,1164.06,1159.02855,loss,-53.614499999999495,50.31449999999994,1
27366,27367,27367,long,1165.53,1160.49855,loss,-53.614499999999495,50.31449999999994,0
27435,27436,27436,short,1118.76,1123.79145,loss,-53.614499999999495,50.31449999999994,0
27573,27574,27584,short,1118.71,1123.74145,loss,-53.614499999999495,50.31449999999994,10
27638,27639,27640,short,1116.98,1109.432825,win,72.17174999999925,50.31449999999994,1
27685,27686,27688,short,1100.25,1105.28145,loss,-53.614499999999495,50.31449999999994,2
27782,27783,27799,long,1132.23,1139.777175,win,72.17174999999925,50.31449999999994,16
27799,27800,27821,long,1140.02,1134.98855,loss,-53.614499999999495,50.31449999999994,21
27892,27893,27905,long,1152.87,1147.83855,loss,-53.614499999999495,50.31449999999994,12
27983,27984,28023,short,1116.73,1109.182825,win,72.17174999999925,50.31449999999994,39
28075,28076,28091,long,1143.67,1151.217175,win,72.17174999999925,50.31449999999994,15
28091,28092,28099,long,1150.27,1145.23855,loss,-53.614499999999495,50.31449999999994,7
28139,28140,28160,long,1152.62,1160.1671749999998,win,72.17174999999925,50.31449999999994,20
28160,28161,28179,long,1164.2,1159.16855,loss,-53.614499999999495,50.31449999999994,18
28201,28202,28213,long,1168.67,1163.6385500000001,loss,-53.614499999999495,50.31449999999994,11
28213,28214,28218,long,1175.6,1183.1471749999998,win,72.17174999999925,50.31449999999994,4
28341,28342,28353,short,1165.52,1170.55145,loss,-53.614499999999495,50.31449999999994,11
28357,28358,28367,short,1164.67,1169.70145,loss,-53.614499999999495,50.31449999999994,9
28375,28376,28380,short,1160.92,1165.95145,loss,-53.614499999999495,50.31449999999994,4
28444,28445,28448,long,1180.71,1175.67855,loss,-53.614499999999495,50.31449999999994,3
28449,28450,28455,short,1155.84,1160.8714499999999,loss,-53.614499999999495,50.31449999999994,5
28466,28467,28471,short,1154.24,1146.692825,win,72.17174999999925,50.31449999999994,4
28473,28474,28498,short,1146.12,1138.572825,win,72.17174999999925,50.31449999999994,24
28500,28501,28533,short,1138.65,1131.1028250000002,win,72.17174999999925,50.31449999999994,32
28533,28534,28537,short,1131.69,1124.1428250000001,win,72.17174999999925,50.31449999999994,3
28539,28540,28562,short,1121.26,1113.712825,win,72.17174999999925,50.31449999999994,22
28562,28563,28585,short,1112.51,1104.962825,win,72.17174999999925,50.31449999999994,22
28588,28589,28599,short,1104.93,1109.96145,loss,-53.614499999999495,50.31449999999994,10
28606,28607,28617,short,1088.49,1093.52145,loss,-53.614499999999495,50.31449999999994,10
28652,28653,28654,short,1086.72,1091.75145,loss,-53.614499999999495,50.31449999999994,1
28675,28676,28698,short,1085.94,1078.3928250000001,win,72.17174999999925,50.31449999999994,22
28699,28700,28702,short,1078.89,1083.92145,loss,-53.614499999999495,50.31449999999994,2
28757,28758,28768,short,1078.26,1070.712825,win,72.17174999999925,50.31449999999994,10
28777,28778,28782,short,1066.13,1071.16145,loss,-53.614499999999495,50.31449999999994,4
28936,28937,28946,short,1067.28,1059.732825,win,72.17174999999925,50.31449999999994,9
28946,28947,28947,short,1055.59,1060.6214499999999,loss,-53.614499999999495,50.31449999999994,0
28955,28956,28967,short,1054.63,1059.66145,loss,-53.614499999999495,50.31449999999994,11
29017,29018,29036,short,1053.74,1058.77145,loss,-53.614499999999495,50.31449999999994,18
29061,29062,29062,long,1079.17,1086.717175,win,72.17174999999925,50.31449999999994,0
29205,29206,29207,short,1059.54,1064.57145,loss,-53.614499999999495,50.31449999999994,1
29222,29223,29224,short,1059.79,1064.82145,loss,-53.614499999999495,50.31449999999994,1
29267,29268,29278,short,1050.6,1055.6314499999999,loss,-53.614499999999495,50.31449999999994,10
29312,29313,29335,long,1079.47,1074.43855,loss,-53.614499999999495,50.31449999999994,22
29449,29450,29483,short,1062.11,1067.1414499999998,loss,-53.614499999999495,50.31449999999994,33
29491,29492,29494,long,1078.48,1073.44855,loss,-53.614499999999495,50.31449999999994,2
29531,29532,29536,long,1080.39,1087.937175,win,72.17174999999925,50.31449999999994,4
29537,29538,29538,long,1088.63,1083.5985500000002,loss,-53.614499999999495,50.31449999999994,0
29539,29540,29551,long,1090.13,1097.677175,win,72.17174999999925,50.31449999999994,11
29553,29554,29557,long,1099.37,1094.33855,loss,-53.614499999999495,50.31449999999994,3
29561,29562,29566,long,1100.16,1107.707175,win,72.17174999999925,50.31449999999994,4
29568,29569,29573,long,1109.68,1104.6485500000001,loss,-53.614499999999495,50.31449999999994,4
29682,29683,29694,short,1077.8,1082.83145,loss,-53.614499999999495,50.31449999999994,11
29765,29766,29770,long,1101.54,1109.087175,win,72.17174999999925,50.31449999999994,4
29833,29834,29851,long,1106.18,1113.727175,win,72.17174999999925,50.31449999999994,17
29851,29852,29859,long,1114.79,1109.75855,loss,-53.614499999999495,50.31449999999994,7
29860,29861,29887,long,1118.69,1126.237175,win,72.17174999999925,50.31449999999994,26
29887,29888,29891,long,1127.53,1122.49855,loss,-53.614499999999495,50.31449999999994,3
29955,29956,29971,long,1128.46,1123.42855,loss,-53.614499999999495,50.31449999999994,15
29980,29981,29991,long,1129.59,1124.55855,loss,-53.614499999999495,50.31449999999994,10
29994,29995,29999,long,1129.85,1137.3971749999998,win,72.17174999999925,50.31449999999994,4
30016,30017,30021,long,1144.85,1152.3971749999998,win,72.17174999999925,50.31449999999994,4
30025,30026,30044,long,1155.22,1150.18855,loss,-53.614499999999495,50.31449999999994,18
30050,30051,30051,long,1162.3,1169.8471749999999,win,72.17174999999925,50.31449999999994,0
30064,30065,30067,long,1175.82,1183.3671749999999,win,72.17174999999925,50.31449999999994,2
30068,30069,30072,long,1191.6,1199.1471749999998,win,72.17174999999925,50.31449999999994,3
30124,30125,30132,long,1208.22,1215.767175,win,72.17174999999925,50.31449999999994,7
30132,30133,30134,long,1217.07,1224.6171749999999,win,72.17174999999925,50.31449999999994,1
30134,30135,30135,long,1224.1,1231.6471749999998,win,72.17174999999925,50.31449999999994,0
30139,30140,30140,long,1246.55,1254.0971749999999,win,72.17174999999925,50.31449999999994,0
30337,30338,30339,long,1236.94,1244.487175,win,72.17174999999925,50.31449999999994,1
30339,30340,30341,long,1243.43,1250.977175,win,72.17174999999925,50.31449999999994,1
30480,30481,30485,long,1253.83,1261.3771749999999,win,72.17174999999925,50.31449999999994,4
30496,30497,30500,long,1269.42,1264.3885500000001,loss,-53.614499999999495,50.31449999999994,3
30502,30503,30503,long,1276.22,1271.18855,loss,-53.614499999999495,50.31449999999994,0
30604,30605,30606,long,1276.94,1271.90855,loss,-53.614499999999495,50.31449999999994,1
30643,30644,30645,short,1238.55,1231.002825,win,72.17174999999925,50.31449999999994,1
30650,30651,30657,short,1228.82,1233.8514499999999,loss,-53.614499999999495,50.31449999999994,6
30799,30800,30801,short,1223.37,1215.822825,win,72.17174999999925,50.31449999999994,1
30816,30817,30822,short,1215.03,1220.06145,loss,-53.614499999999495,50.31449999999994,5
30832,30833,30846,short,1214.01,1219.04145,loss,-53.614499999999495,50.31449999999994,13
31060,31061,31066,long,1244.88,1252.427175,win,72.17174999999925,50.31449999999994,5
31066,31067,31077,long,1251.09,1258.6371749999998,win,72.17174999999925,50.31449999999994,10
31083,31084,31090,long,1258.16,1253.1285500000001,loss,-53.614499999999495,50.31449999999994,6
31092,31093,31099,long,1258.39,1253.3585500000002,loss,-53.614499999999495,50.31449999999994,6
31250,31251,31256,long,1258.29,1265.837175,win,72.17174999999925,50.31449999999994,5
31378,31379,31390,long,1273.84,1281.3871749999998,win,72.17174999999925,50.31449999999994,11
31390,31391,31391,long,1283.17,1290.717175,win,72.17174999999925,50.31449999999994,0
31396,31397,31410,long,1292.81,1300.3571749999999,win,72.17174999999925,50.31449999999994,13
31411,31412,31412,long,1300.11,1295.07855,loss,-53.614499999999495,50.31449999999994,0
31430,31431,31432,long,1300.74,1295.70855,loss,-53.614499999999495,50.31449999999994,1
31528,31529,31552,short,1264.54,1256.992825,win,72.17174999999925,50.31449999999994,23
31552,31553,31555,short,1260.76,1265.79145,loss,-53.614499999999495,50.31449999999994,2
31695,31696,31711,short,1257.13,1249.5828250000002,win,72.17174999999925,50.31449999999994,15
31773,31774,31781,short,1244.75,1237.202825,win,72.17174999999925,50.31449999999994,7
31786,31787,31800,short,1228.29,1220.742825,win,72.17174999999925,50.31449999999994,13
31804,31805,31808,short,1219.14,1224.17145,loss,-53.614499999999495,50.31449999999994,3
31839,31840,31840,short,1213.39,1218.42145,loss,-53.614499999999495,50.31449999999994,0
31851,31852,31860,short,1212.96,1205.412825,win,72.17174999999925,50.31449999999994,8
31864,31865,31870,short,1202.42,1207.45145,loss,-53.614499999999495,50.31449999999994,5
31958,31959,31966,long,1236.89,1244.437175,win,72.17174999999925,50.31449999999994,7
32018,32019,32027,long,1248.18,1255.727175,win,72.17174999999925,50.31449999999994,8
32037,32038,32045,long,1264.8,1259.76855,loss,-53.614499999999495,50.31449999999994,7
32052,32053,32074,long,1265.99,1273.537175,win,72.17174999999925,50.31449999999994,21
32083,32084,32085,long,1277.49,1272.45855,loss,-53.614499999999495,50.31449999999994,1
32089,32090,32098,long,1282.61,1277.57855,loss,-53.614499999999495,50.31449999999994,8
32148,32149,32154,long,1291.18,1298.727175,win,72.17174999999925,50.31449999999994,5
32167,32168,32168,long,1312.85,1307.81855,loss,-53.614499999999495,50.31449999999994,0
32233,32234,32250,short,1271.23,1263.682825,win,72.17174999999925,50.31449999999994,16
32250,32251,32253,short,1263.29,1268.32145,loss,-53.614499999999495,50.31449999999994,2
32266,32267,32274,short,1262.5,1267.53145,loss,-53.614499999999495,50.31449999999994,7
32278,32279,32281,short,1259.97,1265.00145,loss,-53.614499999999495,50.31449999999994,2
32287,32288,32290,short,1257.55,1262.58145,loss,-53.614499999999495,50.31449999999994,2
32294,32295,32295,long,1336.98,1331.94855,loss,-53.614499999999495,50.31449999999994,0
32419,32420,32430,long,1339.35,1346.8971749999998,win,72.17174999999925,50.31449999999994,10
32430,32431,32431,long,1348.4,1355.947175,win,72.17174999999925,50.31449999999994,0
32434,32435,32449,long,1349.42,1344.3885500000001,loss,-53.614499999999495,50.31449999999994,14
32464,32465,32470,long,1354.72,1362.267175,win,72.17174999999925,50.31449999999994,5
32476,32477,32478,long,1370.07,1365.03855,loss,-53.614499999999495,50.31449999999994,1
32480,32481,32484,long,1370.69,1365.65855,loss,-53.614499999999495,50.31449999999994,3
32578,32579,32587,short,1337.13,1329.5828250000002,win,72.17174999999925,50.31449999999994,8
32587,32588,32588,short,1330.82,1335.8514499999999,loss,-53.614499999999495,50.31449999999994,0
32617,32618,32624,short,1325.41,1330.44145,loss,-53.614499999999495,50.31449999999994,6
32712,32713,32733,short,1318.19,1323.22145,loss,-53.614499999999495,50.31449999999994,20
32834,32835,32851,long,1335.45,1342.997175,win,72.17174999999925,50.31449999999994,16
32851,32852,32853,long,1342.94,1337.90855,loss,-53.614499999999495,50.31449999999994,1
32874,32875,32875,long,1345.48,1340.44855,loss,-53.614499999999495,50.31449999999994,0
32876,32877,32881,long,1346.75,1354.297175,win,72.17174999999925,50.31449999999994,4
32904,32905,32909,long,1353.27,1348.23855,loss,-53.614499999999495,50.31449999999994,4
32915,32916,32922,long,1358.48,1366.027175,win,72.17174999999925,50.31449999999994,6
32922,32923,32944,long,1365.73,1360.69855,loss,-53.614499999999495,50.31449999999994,21
33007,33008,33012,short,1330.79,1335.82145,loss,-53.614499999999495,50.31449999999994,4
33231,33232,33245,short,1334.15,1339.18145,loss,-53.614499999999495,50.31449999999994,13
33288,33289,33297,short,1331.05,1323.502825,win,72.17174999999925,50.31449999999994,8
33300,33301,33334,short,1323.79,1328.82145,loss,-53.614499999999495,50.31449999999994,33
33346,33347,33356,short,1316.82,1321.8514499999999,loss,-53.614499999999495,50.31449999999994,9
33384,33385,33403,short,1314.98,1307.432825,win,72.17174999999925,50.31449999999994,18
33403,33404,33428,short,1306.88,1311.91145,loss,-53.614499999999495,50.31449999999994,24
33486,33487,33491,long,1328.26,1335.807175,win,72.17174999999925,50.31449999999994,4
33505,33506,33514,long,1351.68,1346.6485500000001,loss,-53.614499999999495,50.31449999999994,8
33611,33612,33631,short,1320.71,1325.74145,loss,-53.614499999999495,50.31449999999994,19
33653,33654,33654,short,1311.32,1316.3514499999999,loss,-53.614499999999495,50.31449999999994,0
33675,33676,33688,short,1310.16,1315.19145,loss,-53.614499999999495,50.31449999999994,12
33750,33751,33767,long,1329.85,1337.3971749999998,win,72.17174999999925,50.31449999999994,16
33767,33768,33827,long,1337.12,1332.08855,loss,-53.614499999999495,50.31449999999994,59
33900,33901,33923,short,1317.67,1310.1228250000001,win,72.17174999999925,50.31449999999994,22
33927,33928,33942,short,1311.56,1304.012825,win,72.17174999999925,50.31449999999994,14
33948,33949,33956,short,1268.84,1273.8714499999999,loss,-53.614499999999495,50.31449999999994,7
33968,33969,33988,short,1266.71,1259.162825,win,72.17174999999925,50.31449999999994,19
33988,33989,33990,short,1259.17,1251.6228250000001,win,72.17174999999925,50.31449999999994,1
33993,33994,33999,short,1251.01,1256.04145,loss,-53.614499999999495,50.31449999999994,5
34014,34015,34015,short,1246.15,1251.18145,loss,-53.614499999999495,50.31449999999994,0
34181,34182,34192,long,1263.53,1271.077175,win,72.17174999999925,50.31449999999994,10
34193,34194,34219,long,1270.38,1265.3485500000002,loss,-53.614499999999495,50.31449999999994,25
34289,34290,34311,long,1272.86,1267.82855,loss,-53.614499999999495,50.31449999999994,21
34360,34361,34361,long,1282.53,1277.49855,loss,-53.614499999999495,50.31449999999994,0
34398,34399,34405,long,1283.03,1290.577175,win,72.17174999999925,50.31449999999994,6
34405,34406,34424,long,1290.01,1297.557175,win,72.17174999999925,50.31449999999994,18
34424,34425,34428,long,1297.4,1304.947175,win,72.17174999999925,50.31449999999994,3
34526,34527,34527,short,1269.7,1274.73145,loss,-53.614499999999495,50.31449999999994,0
34529,34530,34530,long,1320.71,1315.67855,loss,-53.614499999999495,50.31449999999994,0
34563,34564,34564,short,1267.18,1272.21145,loss,-53.614499999999495,50.31449999999994,0
34565,34566,34566,short,1261.84,1266.8714499999999,loss,-53.614499999999495,50.31449999999994,0
34568,34569,34573,short,1259.11,1264.1414499999998,loss,-53.614499999999495,50.31449999999994,4
34573,34574,34574,short,1255.6,1260.6314499999999,loss,-53.614499999999495,50.31449999999994,0
34580,34581,34585,short,1255.06,1260.09145,loss,-53.614499999999495,50.31449999999994,4
34586,34587,34587,short,1235.47,1240.50145,loss,-53.614499999999495,50.31449999999994,0
34596,34597,34602,short,1218.56,1223.59145,loss,-53.614499999999495,50.31449999999994,5
34609,34610,34611,short,1212.62,1217.6514499999998,loss,-53.614499999999495,50.31449999999994,1
34688,34689,34698,short,1205.87,1210.9014499999998,loss,-53.614499999999495,50.31449999999994,9
34769,34770,34770,short,1195.69,1188.1428250000001,win,72.17174999999925,50.31449999999994,0
34781,34782,34788,short,1183.28,1188.31145,loss,-53.614499999999495,50.31449999999994,6
34798,34799,34799,short,1181.92,1174.3728250000001,win,72.17174999999925,50.31449999999994,0
34880,34881,34888,short,1173.37,1165.822825,win,72.17174999999925,50.31449999999994,7
34897,34898,34905,short,1166.92,1171.95145,loss,-53.614499999999495,50.31449999999994,7
35037,35038,35038,short,1161.74,1166.77145,loss,-53.614499999999495,50.31449999999994,0
35040,35041,35056,short,1161.42,1153.8728250000001,win,72.17174999999925,50.31449999999994,15
35056,35057,35061,short,1152.6,1157.6314499999999,loss,-53.614499999999495,50.31449999999994,4
35113,35114,35114,short,1149.46,1141.912825,win,72.17174999999925,50.31449999999994,0
35117,35118,35118,short,1137.57,1142.6014499999999,loss,-53.614499999999495,50.31449999999994,0
35126,35127,35128,short,1136.87,1129.322825,win,72.17174999999925,50.31449999999994,1
35132,35133,35136,short,1126.63,1131.66145,loss,-53.614499999999495,50.31449999999994,3
35285,35286,35292,long,1143.73,1138.69855,loss,-53.614499999999495,50.31449999999994,6
35324,35325,35340,long,1144.19,1151.737175,win,72.17174999999925,50.31449999999994,15
35340,35341,35364,long,1158.45,1153.41855,loss,-53.614499999999495,50.31449999999994,23
35387,35388,35390,long,1161.94,1156.90855,loss,-53.614499999999495,50.31449999999994,2
35399,35400,35416,long,1162.25,1169.797175,win,72.17174999999925,50.31449999999994,16
35418,35419,35431,long,1172.28,1179.827175,win,72.17174999999925,50.31449999999994,12
35431,35432,35443,long,1181.39,1176.3585500000002,loss,-53.614499999999495,50.31449999999994,11
35478,35479,35514,long,1183.16,1190.707175,win,72.17174999999925,50.31449999999994,35
35526,35527,35528,long,1194.84,1189.80855,loss,-53.614499999999495,50.31449999999994,1
35532,35533,35539,long,1195.24,1202.787175,win,72.17174999999925,50.31449999999994,6
35539,35540,35548,long,1204.71,1199.67855,loss,-53.614499999999495,50.31449999999994,8
35583,35584,35604,long,1206.01,1213.557175,win,72.17174999999925,50.31449999999994,20
35604,35605,35639,long,1212.49,1207.45855,loss,-53.614499999999495,50.31449999999994,34
35689,35690,35696,long,1217.75,1212.71855,loss,-53.614499999999495,50.31449999999994,6
35748,35749,35750,short,1195.93,1200.96145,loss,-53.614499999999495,50.31449999999994,1
35766,35767,35772,short,1192.64,1185.0928250000002,win,72.17174999999925,50.31449999999994,5
35772,35773,35799,short,1186.41,1191.44145,loss,-53.614499999999495,50.31449999999994,26
35872,35873,35882,long,1213.1,1220.6471749999998,win,72.17174999999925,50.31449999999994,9
35885,35886,35887,long,1223.59,1218.55855,loss,-53.614499999999495,50.31449999999994,1
35918,35919,35936,long,1223.66,1231.207175,win,72.17174999999925,50.31449999999994,17
35972,35973,35978,long,1236.97,1244.517175,win,72.17174999999925,50.31449999999994,5
35978,35979,35982,long,1242.21,1237.17855,loss,-53.614499999999495,50.31449999999994,3
36092,36093,36093,short,1219.91,1224.94145,loss,-53.614499999999495,50.31449999999994,0
36225,36226,36229,long,1243.17,1250.717175,win,72.17174999999925,50.31449999999994,3
36238,36239,36247,long,1249.76,1257.307175,win,72.17174999999925,50.31449999999994,8
36275,36276,36277,long,1262.9,1257.8685500000001,loss,-53.614499999999495,50.31449999999994,1
36353,36354,36366,short,1232.59,1225.042825,win,72.17174999999925,50.31449999999994,12
36366,36367,36370,short,1225.43,1230.46145,loss,-53.614499999999495,50.31449999999994,3
36406,36407,36415,short,1223.33,1215.782825,win,72.17174999999925,50.31449999999994,8
36427,36428,36444,short,1213.67,1206.1228250000001,win,72.17174999999925,50.31449999999994,16
36444,36445,36464,short,1207.06,1199.512825,win,72.17174999999925,50.31449999999994,19
36473,36474,36479,short,1195.82,1200.8514499999999,loss,-53.614499999999495,50.31449999999994,5
36555,36556,36566,long,1220.3,1227.8471749999999,win,72.17174999999925,50.31449999999994,10
36570,36571,36609,long,1227.14,1234.687175,win,72.17174999999925,50.31449999999994,38
36609,36610,36629,long,1234.66,1229.6285500000001,loss,-53.614499999999495,50.31449999999994,19
36641,36642,36645,long,1239.16,1246.707175,win,72.17174999999925,50.31449999999994,3
36657,36658,36702,long,1247.45,1242.41855,loss,-53.614499999999495,50.31449999999994,44
36718,36719,36733,long,1252.59,1260.1371749999998,win,72.17174999999925,50.31449999999994,14
36812,36813,36827,short,1242.18,1247.21145,loss,-53.614499999999495,50.31449999999994,14
36867,36868,36882,long,1258.59,1253.55855,loss,-53.614499999999495,50.31449999999994,14
36928,36929,36944,long,1264.39,1259.3585500000002,loss,-53.614499999999495,50.31449999999994,15
36987,36988,37015,long,1272.65,1280.197175,win,72.17174999999925,50.31449999999994,27
37015,37016,37040,long,1281.38,1288.927175,win,72.17174999999925,50.31449999999994,24
37040,37041,37047,long,1293.42,1288.3885500000001,loss,-53.614499999999495,50.31449999999994,6
37155,37156,37156,short,1269.05,1274.08145,loss,-53.614499999999495,50.31449999999994,0
37192,37193,37256,short,1266.33,1265.53,win,4.699999999999545,50.31449999999994,63
37287,37288,37307,short,1259.9,1252.3528250000002,win,72.17174999999925,50.31449999999994,19
37330,37331,37332,short,1252.83,1245.282825,win,72.17174999999925,50.31449999999994,1
37336,37337,37337,short,1247.01,1239.462825,win,72.17174999999925,50.31449999999994,0
37346,37347,37353,short,1235.48,1227.932825,win,72.17174999999925,50.31449999999994,6
37353,37354,37368,short,1228.41,1233.44145,loss,-53.614499999999495,50.31449999999994,14
37404,37405,37424,short,1226.61,1219.062825,win,72.17174999999925,50.31449999999994,19
37514,37515,37518,long,1236.16,1231.1285500000001,loss,-53.614499999999495,50.31449999999994,3
37539,37540,37557,long,1238.14,1245.687175,win,72.17174999999925,50.31449999999994,17
37557,37558,37561,long,1245.72,1253.267175,win,72.17174999999925,50.31449999999994,3
37568,37569,37577,long,1261.21,1256.17855,loss,-53.614499999999495,50.31449999999994,8
37580,37581,37583,long,1262.08,1257.04855,loss,-53.614499999999495,50.31449999999994,2
37718,37719,37763,long,1265.71,1260.67855,loss,-53.614499999999495,50.31449999999994,44
37791,37792,37798,long,1271.66,1266.6285500000001,loss,-53.614499999999495,50.31449999999994,6
37832,37833,37842,long,1273.64,1281.187175,win,72.17174999999925,50.31449999999994,9
37845,37846,37872,long,1280.61,1288.1571749999998,win,72.17174999999925,50.31449999999994,26
37876,37877,37906,long,1292.12,1287.08855,loss,-53.614499999999495,50.31449999999994,29
37978,37979,38019,short,1264.99,1257.442825,win,72.17174999999925,50.31449999999994,40
38019,38020,38048,short,1258.23,1250.682825,win,72.17174999999925,50.31449999999994,28
38048,38049,38078,short,1250.07,1242.522825,win,72.17174999999925,50.31449999999994,29
38078,38079,38110,short,1242.73,1247.76145,loss,-53.614499999999495,50.31449999999994,31
38192,38193,38194,short,1241.2,1246.23145,loss,-53.614499999999495,50.31449999999994,1
38220,38221,38236,short,1240.86,1233.312825,win,72.17174999999925,50.31449999999994,15
38245,38246,38256,short,1220.0,1225.03145,loss,-53.614499999999495,50.31449999999994,10
38284,38285,38297,short,1215.13,1207.5828250000002,win,72.17174999999925,50.31449999999994,12
38297,38298,38304,short,1206.58,1211.6114499999999,loss,-53.614499999999495,50.31449999999994,6
38387,38388,38407,long,1228.39,1235.937175,win,72.17174999999925,50.31449999999994,19
38417,38418,38477,long,1237.52,1245.067175,win,72.17174999999925,50.31449999999994,59
38477,38478,38501,long,1245.96,1253.507175,win,72.17174999999925,50.31449999999994,23
38507,38508,38536,long,1256.15,1251.1185500000001,loss,-53.614499999999495,50.31449999999994,28
38568,38569,38605,long,1270.22,1265.18855,loss,-53.614499999999495,50.31449999999994,36
38606,38607,38618,long,1270.58,1265.54855,loss,-53.614499999999495,50.31449999999994,11
38718,38719,38735,long,1274.37,1281.9171749999998,win,72.17174999999925,50.31449999999994,16
38737,38738,38752,long,1287.67,1282.6385500000001,loss,-53.614499999999495,50.31449999999994,14
38862,38863,38878,long,1291.74,1286.70855,loss,-53.614499999999495,50.31449999999994,15
38964,38965,38979,long,1293.65,1301.197175,win,72.17174999999925,50.31449999999994,14
38981,38982,38990,long,1303.01,1310.557175,win,72.17174999999925,50.31449999999994,8
38990,38991,38993,long,1308.98,1316.527175,win,72.17174999999925,50.31449999999994,2
39001,39002,39013,long,1337.38,1332.3485500000002,loss,-53.614499999999495,50.31449999999994,11
39031,39032,39053,long,1338.1,1333.06855,loss,-53.614499999999495,50.31449999999994,21
39072,39073,39085,long,1343.78,1351.327175,win,72.17174999999925,50.31449999999994,12
39085,39086,39096,long,1352.06,1347.02855,loss,-53.614499999999495,50.31449999999994,10
39146,39147,39172,short,1323.22,1328.25145,loss,-53.614499999999495,50.31449999999994,25
39199,39200,39215,short,1317.33,1309.782825,win,72.17174999999925,50.31449999999994,15
39215,39216,39252,short,1308.57,1313.6014499999999,loss,-53.614499999999495,50.31449999999994,36
39266,39267,39282,short,1293.25,1298.28145,loss,-53.614499999999495,50.31449999999994,15
39308,39309,39331,short,1277.9,1270.3528250000002,win,72.17174999999925,50.31449999999994,22
39332,39333,39358,short,1271.0,1276.03145,loss,-53.614499999999495,50.31449999999994,25
39392,39393,39409,short,1268.43,1260.8828250000001,win,72.17174999999925,50.31449999999994,16
39453,39454,39465,long,1292.16,1287.1285500000001,loss,-53.614499999999495,50.31449999999994,11
39489,39490,39500,long,1294.87,1289.83855,loss,-53.614499999999495,50.31449999999994,10
39515,39516,39520,long,1296.8,1291.76855,loss,-53.614499999999495,50.31449999999994,4
39521,39522,39550,long,1300.28,1295.24855,loss,-53.614499999999495,50.31449999999994,28
39584,39585,39613,short,1282.93,1287.96145,loss,-53.614499999999495,50.31449999999994,28
39646,39647,39662,short,1274.84,1279.8714499999999,loss,-53.614499999999495,50.31449999999994,15
39696,39697,39706,short,1272.87,1277.9014499999998,loss,-53.614499999999495,50.31449999999994,9
39732,39733,39778,short,1270.23,1275.26145,loss,-53.614499999999495,50.31449999999994,45
39892,39893,39906,long,1280.74,1275.70855,loss,-53.614499999999495,50.31449999999994,13
39935,39936,39945,long,1284.87,1279.83855,loss,-53.614499999999495,50.31449999999994,9
39955,39956,39959,long,1286.87,1281.83855,loss,-53.614499999999495,50.31449999999994,3
39963,39964,39975,long,1287.69,1282.65855,loss,-53.614499999999495,50.31449999999994,11
40098,40099,40120,long,1289.83,1284.79855,loss,-53.614499999999495,50.31449999999994,21
40224,40225,40272,long,1294.13,1289.0985500000002,loss,-53.614499999999495,50.31449999999994,47
40295,40296,40321,short,1277.67,1282.70145,loss,-53.614499999999495,50.31449999999994,25
40365,40366,40402,short,1267.67,1260.1228250000001,win,72.17174999999925,50.31449999999994,36
40402,40403,40411,short,1260.51,1252.962825,win,72.17174999999925,50.31449999999994,8
40414,40415,40417,short,1251.77,1244.222825,win,72.17174999999925,50.31449999999994,2
40429,40430,40434,short,1245.82,1250.8514499999999,loss,-53.614499999999495,50.31449999999994,4
40460,40461,40481,short,1245.54,1237.992825,win,72.17174999999925,50.31449999999994,20
40548,40549,40549,long,1259.61,1254.57855,loss,-53.614499999999495,50.31449999999994,0
40572,40573,40636,long,1260.93,1265.27,win,40.099999999999184,50.31449999999994,63
40657,40658,40667,long,1267.86,1275.4071749999998,win,72.17174999999925,50.31449999999994,9
40671,40672,40697,long,1278.14,1285.687175,win,72.17174999999925,50.31449999999994,25
40703,40704,40725,long,1286.24,1293.787175,win,72.17174999999925,50.31449999999994,21
40725,40726,40748,long,1292.97,1300.517175,win,72.17174999999925,50.31449999999994,22
40756,40757,40769,long,1309.27,1316.817175,win,72.17174999999925,50.31449999999994,12
40771,40772,40774,long,1320.19,1315.15855,loss,-53.614499999999495,50.31449999999994,2
40814,40815,40824,long,1324.29,1319.25855,loss,-53.614499999999495,50.31449999999994,9
40935,40936,40951,long,1326.11,1333.6571749999998,win,72.17174999999925,50.31449999999994,15
40951,40952,40985,long,1337.56,1332.52855,loss,-53.614499999999495,50.31449999999994,33
41121,41122,41127,long,1346.86,1354.4071749999998,win,72.17174999999925,50.31449999999994,5
41127,41128,41139,long,1354.88,1362.427175,win,72.17174999999925,50.31449999999994,11
41288,41289,41307,short,1331.78,1336.81145,loss,-53.614499999999495,50.31449999999994,18
41335,41336,41340,short,1328.15,1320.6028250000002,win,72.17174999999925,50.31449999999994,4
41358,41359,41361,short,1320.84,1313.292825,win,72.17174999999925,50.31449999999994,2
41370,41371,41380,short,1311.12,1316.1514499999998,loss,-53.614499999999495,50.31449999999994,9
41473,41474,41489,long,1348.34,1355.8871749999998,win,72.17174999999925,50.31449999999994,15
41506,41507,41518,long,1356.7,1351.66855,loss,-53.614499999999495,50.31449999999994,11
41589,41590,41607,short,1324.63,1329.66145,loss,-53.614499999999495,50.31449999999994,17
41676,41677,41716,short,1318.03,1310.482825,win,72.17174999999925,50.31449999999994,39
41718,41719,41722,short,1310.57,1303.022825,win,72.17174999999925,50.31449999999994,3
41722,41723,41723,short,1305.9,1310.93145,loss,-53.614499999999495,50.31449999999994,0
41798,41799,41803,long,1338.96,1333.92855,loss,-53.614499999999495,50.31449999999994,4
41880,41881,41886,short,1315.73,1320.76145,loss,-53.614499999999495,50.31449999999994,5
41956,41957,41970,short,1315.01,1320.04145,loss,-53.614499999999495,50.31449999999994,13
41974,41975,41999,short,1313.02,1318.05145,loss,-53.614499999999495,50.31449999999994,24
42048,42049,42070,long,1330.51,1325.47855,loss,-53.614499999999495,50.31449999999994,21
42076,42077,42088,long,1338.63,1346.177175,win,72.17174999999925,50.31449999999994,11
42088,42089,42113,long,1347.36,1354.9071749999998,win,72.17174999999925,50.31449999999994,24
42128,42129,42131,long,1355.32,1350.28855,loss,-53.614499999999495,50.31449999999994,2
42363,42364,42366,long,1348.69,1356.237175,win,72.17174999999925,50.31449999999994,2
42366,42367,42370,long,1358.99,1353.95855,loss,-53.614499999999495,50.31449999999994,3
42534,42535,42548,short,1332.99,1325.442825,win,72.17174999999925,50.31449999999994,13
42548,42549,42573,short,1325.65,1330.68145,loss,-53.614499999999495,50.31449999999994,24
42593,42594,42612,short,1320.64,1325.67145,loss,-53.614499999999495,50.31449999999994,18
42619,42620,42641,short,1317.78,1322.81145,loss,-53.614499999999495,50.31449999999994,21
42662,42663,42668,short,1313.72,1318.75145,loss,-53.614499999999495,50.31449999999994,5
42681,42682,42688,short,1310.69,1303.1428250000001,win,72.17174999999925,50.31449999999994,6
42847,42848,42850,long,1321.96,1316.92855,loss,-53.614499999999495,50.31449999999994,2
42866,42867,42878,long,1323.1,1318.06855,loss,-53.614499999999495,50.31449999999994,11
42916,42917,42921,short,1297.55,1290.002825,win,72.17174999999925,50.31449999999994,4
42938,42939,42945,short,1288.62,1293.6514499999998,loss,-53.614499999999495,50.31449999999994,6
42982,42983,42987,short,1286.31,1291.34145,loss,-53.614499999999495,50.31449999999994,4
43002,43003,43009,short,1283.29,1288.32145,loss,-53.614499999999495,50.31449999999994,6
43077,43078,43079,long,1298.59,1306.1371749999998,win,72.17174999999925,50.31449999999994,1
43082,43083,43107,long,1305.52,1300.48855,loss,-53.614499999999495,50.31449999999994,24
43211,43212,43214,short,1292.38,1297.41145,loss,-53.614499999999495,50.31449999999994,2
43226,43227,43233,short,1291.41,1296.44145,loss,-53.614499999999495,50.31449999999994,6
43245,43246,43260,short,1291.29,1296.32145,loss,-53.614499999999495,50.31449999999994,14
43412,43413,43435,long,1302.6,1297.56855,loss,-53.614499999999495,50.31449999999994,22
43441,43442,43442,short,1292.32,1284.772825,win,72.17174999999925,50.31449999999994,0
43486,43487,43524,short,1272.47,1264.922825,win,72.17174999999925,50.31449999999994,37
43597,43598,43628,short,1260.77,1253.222825,win,72.17174999999925,50.31449999999994,30
43631,43632,43654,short,1254.0,1246.452825,win,72.17174999999925,50.31449999999994,22
43696,43697,43706,short,1246.79,1239.242825,win,72.17174999999925,50.31449999999994,9
43706,43707,43712,short,1238.88,1243.91145,loss,-53.614499999999495,50.31449999999994,5
43800,43801,43822,long,1260.95,1255.91855,loss,-53.614499999999495,50.31449999999994,21
43856,43857,43877,short,1242.99,1248.02145,loss,-53.614499999999495,50.31449999999994,20
43893,43894,43944,short,1240.89,1233.3428250000002,win,72.17174999999925,50.31449999999994,50
43944,43945,43960,short,1231.69,1224.1428250000001,win,72.17174999999925,50.31449999999994,15
43984,43985,43994,short,1218.67,1223.70145,loss,-53.614499999999495,50.31449999999994,9
44171,44172,44176,short,1218.48,1223.51145,loss,-53.614499999999495,50.31449999999994,4
44198,44199,44225,short,1217.3,1209.752825,win,72.17174999999925,50.31449999999994,26
44231,44232,44241,short,1207.33,1212.3614499999999,loss,-53.614499999999495,50.31449999999994,9
44374,44375,44378,short,1204.42,1196.8728250000001,win,72.17174999999925,50.31449999999994,3
44381,44382,44415,short,1197.34,1189.792825,win,72.17174999999925,50.31449999999994,33
44415,44416,44426,short,1189.15,1181.6028250000002,win,72.17174999999925,50.31449999999994,10
44426,44427,44432,short,1181.1,1173.552825,win,72.17174999999925,50.31449999999994,5
44432,44433,44436,short,1174.49,1166.942825,win,72.17174999999925,50.31449999999994,3
44538,44539,44550,long,1199.31,1194.27855,loss,-53.614499999999495,50.31449999999994,11
44587,44588,44626,long,1205.97,1213.517175,win,72.17174999999925,50.31449999999994,38
44626,44627,44632,long,1212.96,1207.92855,loss,-53.614499999999495,50.31449999999994,5
44734,44735,44782,short,1195.35,1200.3814499999999,loss,-53.614499999999495,50.31449999999994,47
44854,44855,44857,short,1188.77,1193.80145,loss,-53.614499999999495,50.31449999999994,2
44882,44883,44902,long,1207.33,1202.29855,loss,-53.614499999999495,50.31449999999994,19
45107,45108,45111,short,1194.1,1199.1314499999999,loss,-53.614499999999495,50.31449999999994,3
45113,45114,45128,short,1194.38,1186.8328250000002,win,72.17174999999925,50.31449999999994,14
45136,45137,45153,short,1182.6,1187.6314499999999,loss,-53.614499999999495,50.31449999999994,16
45197,45198,45222,long,1203.59,1198.55855,loss,-53.614499999999495,50.31449999999994,24
45311,45312,45313,short,1185.31,1190.34145,loss,-53.614499999999495,50.31449999999994,1
45356,45357,45358,long,1208.43,1215.977175,win,72.17174999999925,50.31449999999994,1
45358,45359,45361,long,1215.89,1223.437175,win,72.17174999999925,50.31449999999994,2
45395,45396,45398,long,1224.8,1232.3471749999999,win,72.17174999999925,50.31449999999994,2
45533,45534,45538,long,1232.02,1239.567175,win,72.17174999999925,50.31449999999994,4
45609,45610,45611,long,1243.19,1238.15855,loss,-53.614499999999495,50.31449999999994,1
45650,45651,45653,short,1220.48,1225.51145,loss,-53.614499999999495,50.31449999999994,2
45664,45665,45676,short,1220.06,1212.512825,win,72.17174999999925,50.31449999999994,11
45676,45677,45687,short,1212.53,1217.56145,loss,-53.614499999999495,50.31449999999994,10
45765,45766,45768,long,1235.74,1230.70855,loss,-53.614499999999495,50.31449999999994,2
45836,45837,45852,short,1212.0,1204.452825,win,72.17174999999925,50.31449999999994,15
45859,45860,45878,short,1203.93,1196.3828250000001,win,72.17174999999925,50.31449999999994,18
45976,45977,46040,long,1223.89,1228.43,win,42.09999999999964,50.31449999999994,63
46105,46106,46130,short,1214.85,1219.8814499999999,loss,-53.614499999999495,50.31449999999994,24
46188,46189,46212,long,1231.57,1239.1171749999999,win,72.17174999999925,50.31449999999994,23
46212,46213,46234,long,1238.54,1233.50855,loss,-53.614499999999495,50.31449999999994,21
46264,46265,46268,long,1243.92,1238.8885500000001,loss,-53.614499999999495,50.31449999999994,3
46286,46287,46350,long,1243.95,1243.83,loss,-4.500000000001182,50.31449999999994,63
46400,46401,46403,short,1234.38,1239.41145,loss,-53.614499999999495,50.31449999999994,2
46442,46443,46469,long,1249.4,1256.947175,win,72.17174999999925,50.31449999999994,26
46469,46470,46473,long,1255.68,1250.6485500000001,loss,-53.614499999999495,50.31449999999994,3
46487,46488,46496,long,1256.89,1264.437175,win,72.17174999999925,50.31449999999994,8
46537,46538,46548,long,1266.24,1273.787175,win,72.17174999999925,50.31449999999994,10
46555,46556,46560,long,1274.48,1269.44855,loss,-53.614499999999495,50.31449999999994,4
46590,46591,46637,long,1278.22,1285.767175,win,72.17174999999925,50.31449999999994,46
46637,46638,46650,long,1286.12,1281.08855,loss,-53.614499999999495,50.31449999999994,12
46656,46657,46678,long,1288.19,1295.737175,win,72.17174999999925,50.31449999999994,21
46915,46916,46940,short,1285.02,1277.472825,win,72.17174999999925,50.31449999999994,24
46951,46952,46955,short,1277.44,1282.47145,loss,-53.614499999999495,50.31449999999994,3
47031,47032,47067,long,1297.45,1304.997175,win,72.17174999999925,50.31449999999994,35
47067,47068,47085,long,1304.92,1312.467175,win,72.17174999999925,50.31449999999994,17
47085,47086,47103,long,1313.66,1321.207175,win,72.17174999999925,50.31449999999994,17
47103,47104,47153,long,1319.74,1314.70855,loss,-53.614499999999495,50.31449999999994,49
47217,47218,47255,short,1306.86,1311.8914499999998,loss,-53.614499999999495,50.31449999999994,37
47367,47368,47381,long,1315.76,1323.307175,win,72.17174999999925,50.31449999999994,13
47391,47392,47412,long,1324.8,1332.3471749999999,win,72.17174999999925,50.31449999999994,20
47416,47417,47453,long,1340.48,1335.44855,loss,-53.614499999999495,50.31449999999994,36
47552,47553,47570,short,1320.75,1325.78145,loss,-53.614499999999495,50.31449999999994,17
47573,47574,47589,short,1317.2,1309.6528250000001,win,72.17174999999925,50.31449999999994,15
47594,47595,47597,short,1306.03,1311.06145,loss,-53.614499999999495,50.31449999999994,2
47597,47598,47600,short,1305.48,1297.932825,win,72.17174999999925,50.31449999999994,2
47612,47613,47676,short,1287.3,1286.45,win,5.199999999999091,50.31449999999994,63
47760,47761,47783,long,1301.81,1309.3571749999999,win,72.17174999999925,50.31449999999994,22
47783,47784,47789,long,1310.97,1305.93855,loss,-53.614499999999495,50.31449999999994,5
47898,47899,47917,long,1314.44,1309.40855,loss,-53.614499999999495,50.31449999999994,18
47961,47962,47982,long,1319.33,1314.29855,loss,-53.614499999999495,50.31449999999994,20
48030,48031,48031,short,1300.3,1292.752825,win,72.17174999999925,50.31449999999994,0
48034,48035,48053,short,1290.59,1295.6214499999999,loss,-53.614499999999495,50.31449999999994,18
48083,48084,48107,short,1287.21,1292.24145,loss,-53.614499999999495,50.31449999999994,23
48145,48146,48150,short,1284.85,1289.8814499999999,loss,-53.614499999999495,50.31449999999994,4
48190,48191,48193,long,1303.19,1298.15855,loss,-53.614499999999495,50.31449999999994,2
48213,48214,48259,long,1304.69,1299.65855,loss,-53.614499999999495,50.31449999999994,45
48298,48299,48327,short,1287.03,1279.482825,win,72.17174999999925,50.31449999999994,28
48327,48328,48363,short,1279.02,1271.472825,win,72.17174999999925,50.31449999999994,35
48365,48366,48370,short,1271.94,1276.97145,loss,-53.614499999999495,50.31449999999994,4
48419,48420,48423,short,1267.6,1272.6314499999999,loss,-53.614499999999495,50.31449999999994,3
48483,48484,48488,long,1281.89,1276.8585500000002,loss,-53.614499999999495,50.31449999999994,4
48488,48489,48552,long,1282.46,1280.93,loss,-18.599999999999728,50.31449999999994,63
48579,48580,48602,short,1269.25,1274.28145,loss,-53.614499999999495,50.31449999999994,22
48658,48659,48673,long,1286.04,1281.00855,loss,-53.614499999999495,50.31449999999994,14
48738,48739,48739,long,1291.49,1299.037175,win,72.17174999999925,50.31449999999994,0
48742,48743,48764,long,1300.27,1295.23855,loss,-53.614499999999495,50.31449999999994,21
48831,48832,48849,short,1281.33,1273.782825,win,72.17174999999925,50.31449999999994,17
48869,48870,48921,short,1274.74,1279.77145,loss,-53.614499999999495,50.31449999999994,51
49035,49036,49050,long,1287.25,1294.797175,win,72.17174999999925,50.31449999999994,14
49052,49053,49060,long,1298.77,1306.317175,win,72.17174999999925,50.31449999999994,7
49063,49064,49075,long,1308.2,1315.747175,win,72.17174999999925,50.31449999999994,11
49075,49076,49082,long,1316.42,1323.967175,win,72.17174999999925,50.31449999999994,6
49088,49089,49091,long,1326.87,1321.83855,loss,-53.614499999999495,50.31449999999994,2
49095,49096,49097,long,1328.37,1323.33855,loss,-53.614499999999495,50.31449999999994,1
49117,49118,49123,long,1333.51,1341.057175,win,72.17174999999925,50.31449999999994,5
49123,49124,49125,long,1340.78,1335.74855,loss,-53.614499999999495,50.31449999999994,1
49169,49170,49177,long,1341.02,1335.98855,loss,-53.614499999999495,50.31449999999994,7
49273,49274,49277,long,1346.83,1354.3771749999999,win,72.17174999999925,50.31449999999994,3
49277,49278,49283,long,1355.22,1350.18855,loss,-53.614499999999495,50.31449999999994,5
49358,49359,49362,long,1355.13,1362.677175,win,72.17174999999925,50.31449999999994,3
49362,49363,49363,long,1371.32,1378.8671749999999,win,72.17174999999925,50.31449999999994,0
49367,49368,49378,long,1382.5,1390.047175,win,72.17174999999925,50.31449999999994,10
49384,49385,49386,long,1390.77,1398.317175,win,72.17174999999925,50.31449999999994,1
49406,49407,49411,long,1406.89,1401.8585500000002,loss,-53.614499999999495,50.31449999999994,4
49417,49418,49422,long,1407.3,1414.8471749999999,win,72.17174999999925,50.31449999999994,4
49422,49423,49427,long,1413.83,1421.3771749999999,win,72.17174999999925,50.31449999999994,4
49427,49428,49430,long,1419.62,1427.1671749999998,win,72.17174999999925,50.31449999999994,2
49431,49432,49433,long,1425.48,1433.027175,win,72.17174999999925,50.31449999999994,1
49527,49528,49528,short,1382.97,1388.00145,loss,-53.614499999999495,50.31449999999994,0
49810,49811,49819,long,1426.31,1421.27855,loss,-53.614499999999495,50.31449999999994,8
49829,49830,49832,long,1428.77,1436.317175,win,72.17174999999925,50.31449999999994,2
50025,50026,50033,long,1431.81,1426.77855,loss,-53.614499999999495,50.31449999999994,7
50041,50042,50043,short,1412.05,1404.502825,win,72.17174999999925,50.31449999999994,1
50048,50049,50056,short,1405.97,1411.00145,loss,-53.614499999999495,50.31449999999994,7
50059,50060,50063,long,1438.39,1445.937175,win,72.17174999999925,50.31449999999994,3
50079,50080,50083,long,1446.74,1441.70855,loss,-53.614499999999495,50.31449999999994,3
50088,50089,50093,long,1448.99,1456.537175,win,72.17174999999925,50.31449999999994,4
50093,50094,50101,long,1458.42,1465.967175,win,72.17174999999925,50.31449999999994,7
50105,50106,50106,long,1467.28,1462.24855,loss,-53.614499999999495,50.31449999999994,0
50108,50109,50111,long,1473.91,1468.8785500000001,loss,-53.614499999999495,50.31449999999994,2
50130,50131,50134,long,1474.23,1481.777175,win,72.17174999999925,50.31449999999994,3
50141,50142,50144,long,1486.85,1494.3971749999998,win,72.17174999999925,50.31449999999994,2
50219,50220,50229,long,1511.77,1519.317175,win,72.17174999999925,50.31449999999994,9
50229,50230,50231,long,1519.36,1526.9071749999998,win,72.17174999999925,50.31449999999994,1
50233,50234,50234,long,1532.26,1527.22855,loss,-53.614499999999495,50.31449999999994,0
50395,50396,50397,short,1492.72,1497.75145,loss,-53.614499999999495,50.31449999999994,1
50422,50423,50423,long,1527.95,1522.91855,loss,-53.614499999999495,50.31449999999994,0
50426,50427,50427,long,1546.07,1553.6171749999999,win,72.17174999999925,50.31449999999994,0
50504,50505,50505,long,1549.26,1544.22855,loss,-53.614499999999495,50.31449999999994,0
50602,50603,50608,long,1555.53,1550.49855,loss,-53.614499999999495,50.31449999999994,5
50622,50623,50623,short,1513.89,1518.92145,loss,-53.614499999999495,50.31449999999994,0
50637,50638,50638,short,1505.96,1510.99145,loss,-53.614499999999495,50.31449999999994,0
50640,50641,50643,short,1505.05,1510.08145,loss,-53.614499999999495,50.31449999999994,2
50660,50661,50663,short,1505.06,1510.09145,loss,-53.614499999999495,50.31449999999994,2
50667,50668,50669,short,1498.77,1503.80145,loss,-53.614499999999495,50.31449999999994,1
50673,50674,50677,short,1498.6,1491.052825,win,72.17174999999925,50.31449999999994,3
50695,50696,50700,short,1486.58,1491.6114499999999,loss,-53.614499999999495,50.31449999999994,4
50878,50879,50889,long,1513.04,1520.587175,win,72.17174999999925,50.31449999999994,10
50889,50890,50917,long,1520.58,1515.54855,loss,-53.614499999999495,50.31449999999994,27
50919,50920,50920,long,1527.19,1534.737175,win,72.17174999999925,50.31449999999994,0
50994,50995,50999,short,1491.03,1483.482825,win,72.17174999999925,50.31449999999994,4
51002,51003,51003,short,1480.69,1473.1428250000001,win,72.17174999999925,50.31449999999994,0
51013,51014,51018,short,1466.93,1459.3828250000001,win,72.17174999999925,50.31449999999994,4
51018,51019,51020,short,1461.43,1466.46145,loss,-53.614499999999495,50.31449999999994,1
51189,51190,51190,short,1478.06,1483.09145,loss,-53.614499999999495,50.31449999999994,0
51393,51394,51409,long,1498.9,1506.447175,win,72.17174999999925,50.31449999999994,15
51414,51415,51416,long,1509.08,1516.6271749999999,win,72.17174999999925,50.31449999999994,1
51577,51578,51601,short,1485.72,1490.75145,loss,-53.614499999999495,50.31449999999994,23
51623,51624,51624,short,1469.64,1462.0928250000002,win,72.17174999999925,50.31449999999994,0
51643,51644,51645,short,1458.23,1463.26145,loss,-53.614499999999495,50.31449999999994,1
51668,51669,51669,short,1448.99,1454.02145,loss,-53.614499999999495,50.31449999999994,0
51807,51808,51827,long,1474.44,1469.40855,loss,-53.614499999999495,50.31449999999994,19
51894,51895,51920,short,1455.95,1460.98145,loss,-53.614499999999495,50.31449999999994,25
51982,51983,51984,short,1453.4,1458.43145,loss,-53.614499999999495,50.31449999999994,1
52021,52022,52025,long,1466.12,1473.6671749999998,win,72.17174999999925,50.31449999999994,3
52025,52026,52042,long,1474.29,1481.837175,win,72.17174999999925,50.31449999999994,16
52336,52337,52356,long,1481.16,1488.707175,win,72.17174999999925,50.31449999999994,19
52359,52360,52369,long,1490.17,1497.717175,win,72.17174999999925,50.31449999999994,9
52374,52375,52387,long,1501.3,1508.8471749999999,win,72.17174999999925,50.31449999999994,12
52398,52399,52402,long,1513.46,1508.42855,loss,-53.614499999999495,50.31449999999994,3
52412,52413,52442,long,1513.86,1521.4071749999998,win,72.17174999999925,50.31449999999994,29
52444,52445,52455,long,1521.9,1516.8685500000001,loss,-53.614499999999495,50.31449999999994,10
52476,52477,52480,long,1528.13,1523.0985500000002,loss,-53.614499999999495,50.31449999999994,3
52486,52487,52488,long,1530.56,1538.1071749999999,win,72.17174999999925,50.31449999999994,1
52493,52494,52497,long,1543.43,1550.977175,win,72.17174999999925,50.31449999999994,3
52504,52505,52507,long,1549.49,1557.037175,win,72.17174999999925,50.31449999999994,2
52507,52508,52509,long,1569.12,1576.6671749999998,win,72.17174999999925,50.31449999999994,1
52511,52512,52515,long,1578.04,1573.00855,loss,-53.614499999999495,50.31449999999994,3
52519,52520,52521,long,1578.75,1573.71855,loss,-53.614499999999495,50.31449999999994,1
52551,52552,52552,long,1595.0,1602.547175,win,72.17174999999925,50.31449999999994,0
52643,52644,52661,short,1543.45,1548.48145,loss,-53.614499999999495,50.31449999999994,17
52739,52740,52761,long,1561.85,1556.81855,loss,-53.614499999999495,50.31449999999994,21
52816,52817,52818,long,1567.26,1562.22855,loss,-53.614499999999495,50.31449999999994,1
52837,52838,52843,long,1570.06,1577.6071749999999,win,72.17174999999925,50.31449999999994,5
52843,52844,52844,long,1582.56,1577.52855,loss,-53.614499999999495,50.31449999999994,0
52853,52854,52862,long,1582.7,1577.66855,loss,-53.614499999999495,50.31449999999994,8
52951,52952,52952,long,1588.24,1583.20855,loss,-53.614499999999495,50.31449999999994,0
52957,52958,52958,long,1589.41,1584.3785500000001,loss,-53.614499999999495,50.31449999999994,0
52994,52995,52996,short,1559.85,1552.302825,win,72.17174999999925,50.31449999999994,1
53013,53014,53015,short,1548.59,1553.6214499999999,loss,-53.614499999999495,50.31449999999994,1
53157,53158,53183,long,1576.62,1584.1671749999998,win,72.17174999999925,50.31449999999994,25
53204,53205,53218,long,1584.24,1591.787175,win,72.17174999999925,50.31449999999994,13
53218,53219,53220,long,1591.32,1598.8671749999999,win,72.17174999999925,50.31449999999994,1
53220,53221,53236,long,1600.74,1608.287175,win,72.17174999999925,50.31449999999994,15
53248,53249,53252,long,1612.81,1607.77855,loss,-53.614499999999495,50.31449999999994,3
53262,53263,53277,long,1617.47,1625.017175,win,72.17174999999925,50.31449999999994,14
53283,53284,53287,long,1634.96,1642.507175,win,72.17174999999925,50.31449999999994,3
53292,53293,53293,long,1647.62,1642.58855,loss,-53.614499999999495,50.31449999999994,0
53295,53296,53296,long,1665.51,1660.47855,loss,-53.614499999999495,50.31449999999994,0
53302,53303,53304,long,1666.06,1673.6071749999999,win,72.17174999999925,50.31449999999994,1
53403,53404,53404,short,1583.55,1588.58145,loss,-53.614499999999495,50.31449999999994,0
53405,53406,53406,short,1583.61,1576.062825,win,72.17174999999925,50.31449999999994,0
53492,53493,53493,long,1655.03,1662.577175,win,72.17174999999925,50.31449999999994,0
53501,53502,53503,long,1674.6,1669.56855,loss,-53.614499999999495,50.31449999999994,1
53506,53507,53508,long,1678.46,1673.42855,loss,-53.614499999999495,50.31449999999994,1
53511,53512,53515,long,1684.41,1679.3785500000001,loss,-53.614499999999495,50.31449999999994,3
53523,53524,53524,long,1698.02,1692.98855,loss,-53.614499999999495,50.31449999999994,0
53526,53527,53527,long,1700.95,1695.91855,loss,-53.614499999999495,50.31449999999994,0
53598,53599,53600,short,1633.82,1638.8514499999999,loss,-53.614499999999495,50.31449999999994,1
53605,53606,53606,short,1610.19,1602.6428250000001,win,72.17174999999925,50.31449999999994,0
53617,53618,53618,short,1555.01,1560.04145,loss,-53.614499999999495,50.31449999999994,0
53631,53632,53632,short,1534.61,1527.062825,win,72.17174999999925,50.31449999999994,0
53649,53650,53650,short,1477.42,1469.8728250000001,win,72.17174999999925,50.31449999999994,0
53775,53776,53778,long,1563.76,1571.307175,win,72.17174999999925,50.31449999999994,2
53785,53786,53786,long,1584.84,1579.80855,loss,-53.614499999999495,50.31449999999994,0
53792,53793,53793,long,1616.7,1611.66855,loss,-53.614499999999495,50.31449999999994,0
53798,53799,53799,long,1631.69,1626.65855,loss,-53.614499999999495,50.31449999999994,0
53839,53840,53840,long,1636.16,1643.707175,win,72.17174999999925,50.31449999999994,0
53990,53991,53991,long,1631.07,1626.03855,loss,-53.614499999999495,50.31449999999994,0
53993,53994,53996,long,1636.64,1644.187175,win,72.17174999999925,50.31449999999994,2
53999,54000,54002,long,1652.47,1660.017175,win,72.17174999999925,50.31449999999994,2
54064,54065,54065,long,1673.22,1680.767175,win,72.17174999999925,50.31449999999994,0
54073,54074,54077,long,1684.59,1679.55855,loss,-53.614499999999495,50.31449999999994,3
54081,54082,54089,long,1690.43,1697.977175,win,72.17174999999925,50.31449999999994,7
54089,54090,54090,long,1699.31,1706.8571749999999,win,72.17174999999925,50.31449999999994,0
54099,54100,54102,long,1723.75,1718.71855,loss,-53.614499999999495,50.31449999999994,2
54110,54111,54111,long,1730.22,1737.767175,win,72.17174999999925,50.31449999999994,0
54115,54116,54116,long,1738.14,1733.1085500000002,loss,-53.614499999999495,50.31449999999994,0
54223,54224,54224,short,1666.66,1671.69145,loss,-53.614499999999495,50.31449999999994,0
54387,54388,54388,short,1693.68,1686.1328250000001,win,72.17174999999925,50.31449999999994,0
54400,54401,54401,short,1672.08,1677.1114499999999,loss,-53.614499999999495,50.31449999999994,0
54402,54403,54403,short,1672.36,1677.3914499999998,loss,-53.614499999999495,50.31449999999994,0
54503,54504,54504,long,1719.49,1714.45855,loss,-53.614499999999495,50.31449999999994,0
54518,54519,54521,long,1721.7,1716.66855,loss,-53.614499999999495,50.31449999999994,2
54612,54613,54634,long,1732.12,1739.6671749999998,win,72.17174999999925,50.31449999999994,21
54634,54635,54635,long,1742.75,1737.71855,loss,-53.614499999999495,50.31449999999994,0
54636,54637,54639,long,1742.7,1750.247175,win,72.17174999999925,50.31449999999994,2
54643,54644,54656,long,1758.0,1752.96855,loss,-53.614499999999495,50.31449999999994,12
54790,54791,54791,short,1718.21,1710.662825,win,72.17174999999925,50.31449999999994,0
54796,54797,54811,short,1711.59,1704.042825,win,72.17174999999925,50.31449999999994,14
54811,54812,54816,short,1700.94,1705.97145,loss,-53.614499999999495,50.31449999999994,4
54866,54867,54869,long,1738.19,1733.15855,loss,-53.614499999999495,50.31449999999994,2
54872,54873,54876,long,1741.5,1736.46855,loss,-53.614499999999495,50.31449999999994,3
54904,54905,54905,long,1744.6,1739.56855,loss,-53.614499999999495,50.31449999999994,0
54928,54929,54929,short,1693.69,1698.72145,loss,-53.614499999999495,50.31449999999994,0
54972,54973,54973,short,1687.07,1679.522825,win,72.17174999999925,50.31449999999994,0
55065,55066,55066,long,1743.42,1738.3885500000001,loss,-53.614499999999495,50.31449999999994,0
55207,55208,55211,long,1747.19,1754.737175,win,72.17174999999925,50.31449999999994,3
55211,55212,55212,long,1758.23,1753.19855,loss,-53.614499999999495,50.31449999999994,0
55223,55224,55224,long,1759.34,1754.30855,loss,-53.614499999999495,50.31449999999994,0
55246,55247,55256,long,1765.17,1772.717175,win,72.17174999999925,50.31449999999994,9
55256,55257,55262,long,1770.28,1765.24855,loss,-53.614499999999495,50.31449999999994,5
55264,55265,55268,long,1774.99,1769.95855,loss,-53.614499999999495,50.31449999999994,3
55361,55362,55377,long,1781.18,1788.727175,win,72.17174999999925,50.31449999999994,15
55377,55378,55380,long,1787.82,1782.78855,loss,-53.614499999999495,50.31449999999994,2
55472,55473,55490,long,1793.86,1801.4071749999998,win,72.17174999999925,50.31449999999994,17
55492,55493,55494,long,1804.41,1811.957175,win,72.17174999999925,50.31449999999994,1
55494,55495,55495,long,1810.31,1817.8571749999999,win,72.17174999999925,50.31449999999994,0
55497,55498,55499,long,1812.51,1807.47855,loss,-53.614499999999495,50.31449999999994,1
55510,55511,55514,long,1813.78,1808.74855,loss,-53.614499999999495,50.31449999999994,3
55674,55675,55692,long,1815.18,1822.727175,win,72.17174999999925,50.31449999999994,17
55692,55693,55698,long,1822.8,1830.3471749999999,win,72.17174999999925,50.31449999999994,5
55701,55702,55708,long,1839.54,1847.087175,win,72.17174999999925,50.31449999999994,6
55708,55709,55710,long,1842.98,1850.527175,win,72.17174999999925,50.31449999999994,1
55724,55725,55729,long,1864.16,1871.707175,win,72.17174999999925,50.31449999999994,4
55732,55733,55733,long,1872.88,1867.8485500000002,loss,-53.614499999999495,50.31449999999994,0
55738,55739,55740,long,1875.49,1883.037175,win,72.17174999999925,50.31449999999994,1
55746,55747,55747,long,1886.26,1893.807175,win,72.17174999999925,50.31449999999994,0
55767,55768,55768,long,1896.81,1904.3571749999999,win,72.17174999999925,50.31449999999994,0
55775,55776,55776,long,1906.59,1914.1371749999998,win,72.17174999999925,50.31449999999994,0
55785,55786,55789,long,1940.15,1935.1185500000001,loss,-53.614499999999495,50.31449999999994,3
55798,55799,55799,long,1948.47,1956.017175,win,72.17174999999925,50.31449999999994,0
55801,55802,55802,long,1971.62,1966.58855,loss,-53.614499999999495,50.31449999999994,0
55874,55875,55876,long,1972.26,1979.807175,win,72.17174999999925,50.31449999999994,1
55889,55890,55890,long,1983.92,1978.8885500000001,loss,-53.614499999999495,50.31449999999994,0
55928,55929,55930,long,1991.85,1999.3971749999998,win,72.17174999999925,50.31449999999994,1
55933,55934,55935,long,2016.93,2024.477175,win,72.17174999999925,50.31449999999994,1
55943,55944,55944,long,2033.5,2028.46855,loss,-53.614499999999495,50.31449999999994,0
55945,55946,55949,long,2037.56,2032.52855,loss,-53.614499999999495,50.31449999999994,3
55950,55951,55951,long,2046.45,2041.41855,loss,-53.614499999999495,50.31449999999994,0
55965,55966,55967,long,2049.11,2044.0785500000002,loss,-53.614499999999495,50.31449999999994,1
55971,55972,55972,long,2059.2,2054.16855,loss,-53.614499999999495,50.31449999999994,0
55973,55974,55974,long,2066.8,2061.7685500000002,loss,-53.614499999999495,50.31449999999994,0
55981,55982,55984,long,2070.32,2065.28855,loss,-53.614499999999495,50.31449999999994,2
56040,56041,56041,short,1963.26,1955.712825,win,72.17174999999925,50.31449999999994,0
56044,56045,56045,short,1941.92,1934.3728250000001,win,72.17174999999925,50.31449999999994,0
56050,56051,56051,short,1909.02,1914.05145,loss,-53.614499999999495,50.31449999999994,0
56052,56053,56053,short,1890.74,1895.77145,loss,-53.614499999999495,50.31449999999994,0
56222,56223,56223,short,1916.08,1921.1114499999999,loss,-53.614499999999495,50.31449999999994,0
56272,56273,56273,short,1916.05,1921.08145,loss,-53.614499999999495,50.31449999999994,0
56291,56292,56292,short,1911.53,1916.56145,loss,-53.614499999999495,50.31449999999994,0
56333,56334,56335,long,1955.87,1950.83855,loss,-53.614499999999495,50.31449999999994,1
56335,56336,56337,long,1957.86,1952.82855,loss,-53.614499999999495,50.31449999999994,1
56340,56341,56342,long,1968.42,1963.3885500000001,loss,-53.614499999999495,50.31449999999994,1
56345,56346,56348,long,1973.05,1968.01855,loss,-53.614499999999495,50.31449999999994,2
56371,56372,56372,long,1976.4,1983.947175,win,72.17174999999925,50.31449999999994,0
56375,56376,56376,long,1987.86,1982.82855,loss,-53.614499999999495,50.31449999999994,0
56489,56490,56490,short,1919.75,1912.202825,win,72.17174999999925,50.31449999999994,0
56596,56597,56604,long,1963.12,1970.6671749999998,win,72.17174999999925,50.31449999999994,7
56604,56605,56606,long,1970.64,1965.6085500000002,loss,-53.614499999999495,50.31449999999994,1
56693,56694,56694,short,1938.93,1931.3828250000001,win,72.17174999999925,50.31449999999994,0
56697,56698,56698,short,1921.84,1914.292825,win,72.17174999999925,50.31449999999994,0
56734,56735,56735,short,1893.04,1885.492825,win,72.17174999999925,50.31449999999994,0
56745,56746,56746,short,1865.42,1870.45145,loss,-53.614499999999495,50.31449999999994,0
56748,56749,56749,short,1862.39,1867.42145,loss,-53.614499999999495,50.31449999999994,0
56750,56751,56753,short,1862.03,1854.482825,win,72.17174999999925,50.31449999999994,2
56758,56759,56761,short,1851.67,1856.70145,loss,-53.614499999999495,50.31449999999994,2
56879,56880,56880,long,1900.55,1908.0971749999999,win,72.17174999999925,50.31449999999994,0
56882,56883,56883,long,1904.13,1911.677175,win,72.17174999999925,50.31449999999994,0
56897,56898,56899,long,1912.54,1907.50855,loss,-53.614499999999495,50.31449999999994,1
56927,56928,56932,long,1916.86,1911.82855,loss,-53.614499999999495,50.31449999999994,4
56947,56948,56948,long,1917.5,1912.46855,loss,-53.614499999999495,50.31449999999994,0
57017,57018,57019,long,1920.8,1928.3471749999999,win,72.17174999999925,50.31449999999994,1
57023,57024,57027,long,1928.1,1923.06855,loss,-53.614499999999495,50.31449999999994,3
57032,57033,57033,long,1930.43,1925.3985500000001,loss,-53.614499999999495,50.31449999999994,0
57199,57200,57210,long,1924.86,1919.82855,loss,-53.614499999999495,50.31449999999994,10
57253,57254,57254,short,1893.37,1898.4014499999998,loss,-53.614499999999495,50.31449999999994,0
57312,57313,57313,short,1891.47,1883.922825,win,72.17174999999925,50.31449999999994,0
57336,57337,57337,short,1864.14,1869.17145,loss,-53.614499999999495,50.31449999999994,0
57413,57414,57414,long,1908.7,1916.247175,win,72.17174999999925,50.31449999999994,0
57446,57447,57450,long,1917.99,1925.537175,win,72.17174999999925,50.31449999999994,3
57457,57458,57460,long,1949.66,1944.6285500000001,loss,-53.614499999999495,50.31449999999994,2
57471,57472,57474,long,1951.21,1958.757175,win,72.17174999999925,50.31449999999994,2
57474,57475,57475,long,1958.61,1953.57855,loss,-53.614499999999495,50.31449999999994,0
57486,57487,57489,long,1960.8,1955.76855,loss,-53.614499999999495,50.31449999999994,2
57497,57498,57498,short,1863.22,1868.25145,loss,-53.614499999999495,50.31449999999994,0
57674,57675,57675,short,1857.18,1862.21145,loss,-53.614499999999495,50.31449999999994,0
57725,57726,57726,short,1841.59,1834.042825,win,72.17174999999925,50.31449999999994,0
57735,57736,57741,short,1827.82,1832.8514499999999,loss,-53.614499999999495,50.31449999999994,5
57744,57745,57747,short,1812.67,1805.1228250000001,win,72.17174999999925,50.31449999999994,2
57750,57751,57755,short,1803.39,1808.42145,loss,-53.614499999999495,50.31449999999994,4
57812,57813,57813,short,1778.46,1783.49145,loss,-53.614499999999495,50.31449999999994,0
57821,57822,57822,short,1766.73,1771.76145,loss,-53.614499999999495,50.31449999999994,0
57886,57887,57895,long,1829.94,1837.487175,win,72.17174999999925,50.31449999999994,8
57895,57896,57897,long,1842.39,1837.3585500000002,loss,-53.614499999999495,50.31449999999994,1
57899,57900,57901,long,1842.49,1837.45855,loss,-53.614499999999495,50.31449999999994,1
57913,57914,57916,long,1844.36,1839.32855,loss,-53.614499999999495,50.31449999999994,2
57947,57948,57948,long,1856.66,1864.207175,win,72.17174999999925,50.31449999999994,0
57958,57959,57964,long,1867.55,1862.51855,loss,-53.614499999999495,50.31449999999994,5
57973,57974,57979,long,1872.8,1867.76855,loss,-53.614499999999495,50.31449999999994,5
58057,58058,58058,short,1824.31,1829.34145,loss,-53.614499999999495,50.31449999999994,0
58059,58060,58060,short,1823.78,1828.81145,loss,-53.614499999999495,50.31449999999994,0
58123,58124,58124,long,1874.73,1882.277175,win,72.17174999999925,50.31449999999994,0
58127,58128,58129,long,1879.63,1874.5985500000002,loss,-53.614499999999495,50.31449999999994,1
58162,58163,58167,long,1896.63,1904.177175,win,72.17174999999925,50.31449999999994,4
58333,58334,58335,long,1898.76,1893.72855,loss,-53.614499999999495,50.31449999999994,1
58338,58339,58340,long,1900.62,1908.1671749999998,win,72.17174999999925,50.31449999999994,1
58348,58349,58349,long,1924.79,1932.337175,win,72.17174999999925,50.31449999999994,0
58354,58355,58356,long,1939.83,1934.79855,loss,-53.614499999999495,50.31449999999994,1
58359,58360,58364,long,1943.61,1938.57855,loss,-53.614499999999495,50.31449999999994,4
58373,58374,58379,long,1945.6,1940.56855,loss,-53.614499999999495,50.31449999999994,5
58380,58381,58389,long,1950.65,1945.6185500000001,loss,-53.614499999999495,50.31449999999994,8
58395,58396,58398,long,1952.83,1947.79855,loss,-53.614499999999495,50.31449999999994,2
58447,58448,58448,short,1864.88,1857.3328250000002,win,72.17174999999925,50.31449999999994,0
58456,58457,58457,short,1828.54,1833.57145,loss,-53.614499999999495,50.31449999999994,0
58565,58566,58568,short,1828.3,1820.752825,win,72.17174999999925,50.31449999999994,2
58626,58627,58639,long,1866.7,1874.247175,win,72.17174999999925,50.31449999999994,12
58639,58640,58641,long,1874.09,1869.05855,loss,-53.614499999999495,50.31449999999994,1
58749,58750,58756,short,1836.01,1841.04145,loss,-53.614499999999495,50.31449999999994,6
58830,58831,58832,short,1834.17,1839.20145,loss,-53.614499999999495,50.31449999999994,1
58859,58860,58863,short,1832.77,1825.222825,win,72.17174999999925,50.31449999999994,3
58866,58867,58871,short,1822.19,1814.6428250000001,win,72.17174999999925,50.31449999999994,4
58871,58872,58875,short,1814.33,1819.3614499999999,loss,-53.614499999999495,50.31449999999994,3
58875,58876,58876,short,1808.34,1800.792825,win,72.17174999999925,50.31449999999994,0
59052,59053,59053,short,1807.28,1812.31145,loss,-53.614499999999495,50.31449999999994,0
59062,59063,59065,short,1788.27,1793.30145,loss,-53.614499999999495,50.31449999999994,2
59071,59072,59075,short,1787.56,1792.59145,loss,-53.614499999999495,50.31449999999994,3
59076,59077,59077,short,1778.84,1783.8714499999999,loss,-53.614499999999495,50.31449999999994,0
59078,59079,59079,short,1773.54,1778.57145,loss,-53.614499999999495,50.31449999999994,0
59082,59083,59084,short,1771.83,1776.8614499999999,loss,-53.614499999999495,50.31449999999994,1
59108,59109,59110,short,1771.59,1764.042825,win,72.17174999999925,50.31449999999994,1
59228,59229,59231,short,1760.47,1765.50145,loss,-53.614499999999495,50.31449999999994,2
59235,59236,59236,short,1758.57,1763.6014499999999,loss,-53.614499999999495,50.31449999999994,0
59237,59238,59238,short,1744.88,1737.3328250000002,win,72.17174999999925,50.31449999999994,0
59269,59270,59270,short,1711.61,1716.6414499999998,loss,-53.614499999999495,50.31449999999994,0
59305,59306,59306,short,1711.26,1716.29145,loss,-53.614499999999495,50.31449999999994,0
59312,59313,59314,short,1707.95,1712.98145,loss,-53.614499999999495,50.31449999999994,1
59317,59318,59318,short,1709.44,1714.47145,loss,-53.614499999999495,50.31449999999994,0
59331,59332,59332,short,1700.22,1692.672825,win,72.17174999999925,50.31449999999994,0
59368,59369,59372,short,1690.46,1695.49145,loss,-53.614499999999495,50.31449999999994,3
59374,59375,59384,short,1681.56,1686.59145,loss,-53.614499999999495,50.31449999999994,9
59435,59436,59439,long,1736.63,1731.5985500000002,loss,-53.614499999999495,50.31449999999994,3
59538,59539,59539,long,1749.54,1744.50855,loss,-53.614499999999495,50.31449999999994,0
59543,59544,59550,long,1749.79,1744.75855,loss,-53.614499999999495,50.31449999999994,6
59717,59718,59733,short,1711.12,1703.572825,win,72.17174999999925,50.31449999999994,15
59736,59737,59738,short,1696.17,1688.6228250000001,win,72.17174999999925,50.31449999999994,1
59745,59746,59756,short,1681.57,1686.6014499999999,loss,-53.614499999999495,50.31449999999994,10
59820,59821,59826,long,1734.2,1729.16855,loss,-53.614499999999495,50.31449999999994,5
59832,59833,59853,long,1740.54,1735.50855,loss,-53.614499999999495,50.31449999999994,20
59872,59873,59878,long,1745.12,1752.6671749999998,win,72.17174999999925,50.31449999999994,5
59878,59879,59894,long,1753.72,1748.68855,loss,-53.614499999999495,50.31449999999994,15
59993,59994,60004,long,1764.69,1759.65855,loss,-53.614499999999495,50.31449999999994,10
60011,60012,60012,long,1770.99,1778.537175,win,72.17174999999925,50.31449999999994,0
60024,60025,60025,long,1782.05,1777.01855,loss,-53.614499999999495,50.31449999999994,0
60031,60032,60035,long,1786.89,1781.8585500000002,loss,-53.614499999999495,50.31449999999994,3
60083,60084,60084,long,1795.77,1790.73855,loss,-53.614499999999495,50.31449999999994,0
60094,60095,60097,long,1796.09,1791.05855,loss,-53.614499999999495,50.31449999999994,2
60193,60194,60197,short,1766.21,1771.24145,loss,-53.614499999999495,50.31449999999994,3
60220,60221,60221,short,1757.51,1762.54145,loss,-53.614499999999495,50.31449999999994,0
60266,60267,60276,long,1794.22,1789.18855,loss,-53.614499999999495,50.31449999999994,9
60288,60289,60289,long,1794.84,1789.80855,loss,-53.614499999999495,50.31449999999994,0
60329,60330,60332,long,1795.06,1790.02855,loss,-53.614499999999495,50.31449999999994,2
60334,60335,60347,long,1812.61,1820.1571749999998,win,72.17174999999925,50.31449999999994,12
60352,60353,60356,long,1820.58,1828.1271749999999,win,72.17174999999925,50.31449999999994,3
60356,60357,60357,long,1838.63,1833.5985500000002,loss,-53.614499999999495,50.31449999999994,0
60376,60377,60384,long,1839.89,1834.8585500000002,loss,-53.614499999999495,50.31449999999994,7
60477,60478,60481,long,1842.87,1850.4171749999998,win,72.17174999999925,50.31449999999994,3
60481,60482,60492,long,1851.07,1846.03855,loss,-53.614499999999495,50.31449999999994,10
60493,60494,60494,long,1854.32,1861.8671749999999,win,72.17174999999925,50.31449999999994,0
60502,60503,60516,long,1868.88,1863.8485500000002,loss,-53.614499999999495,50.31449999999994,13
60532,60533,60533,long,1872.92,1867.8885500000001,loss,-53.614499999999495,50.31449999999994,0
60539,60540,60540,long,1889.01,1883.97855,loss,-53.614499999999495,50.31449999999994,0
60631,60632,60634,long,1890.47,1898.017175,win,72.17174999999925,50.31449999999994,2
60641,60642,60652,long,1902.82,1910.3671749999999,win,72.17174999999925,50.31449999999994,10
60710,60711,60713,long,1910.13,1905.0985500000002,loss,-53.614499999999495,50.31449999999994,2
60728,60729,60735,long,1911.97,1906.93855,loss,-53.614499999999495,50.31449999999994,6
60785,60786,60786,short,1882.0,1874.452825,win,72.17174999999925,50.31449999999994,0
60797,60798,60798,short,1859.7,1864.73145,loss,-53.614499999999495,50.31449999999994,0
60939,60940,60944,short,1858.31,1850.762825,win,72.17174999999925,50.31449999999994,4
60996,60997,60997,short,1835.03,1840.06145,loss,-53.614499999999495,50.31449999999994,0
61008,61009,61009,short,1810.18,1802.6328250000001,win,72.17174999999925,50.31449999999994,0
61011,61012,61012,short,1798.52,1790.972825,win,72.17174999999925,50.31449999999994,0
61043,61044,61046,short,1765.98,1771.01145,loss,-53.614499999999495,50.31449999999994,2
61191,61192,61195,short,1769.31,1774.34145,loss,-53.614499999999495,50.31449999999994,3
61195,61196,61198,short,1754.57,1759.6014499999999,loss,-53.614499999999495,50.31449999999994,2
61264,61265,61265,long,1789.42,1784.3885500000001,loss,-53.614499999999495,50.31449999999994,0
61270,61271,61274,long,1789.88,1784.8485500000002,loss,-53.614499999999495,50.31449999999994,3
61280,61281,61295,long,1790.34,1797.8871749999998,win,72.17174999999925,50.31449999999994,14
61297,61298,61300,long,1800.68,1808.227175,win,72.17174999999925,50.31449999999994,2
61304,61305,61307,long,1809.74,1804.70855,loss,-53.614499999999495,50.31449999999994,2
61347,61348,61349,long,1813.35,1808.31855,loss,-53.614499999999495,50.31449999999994,1
61349,61350,61351,long,1817.31,1812.27855,loss,-53.614499999999495,50.31449999999994,1
61442,61443,61443,long,1828.5,1823.46855,loss,-53.614499999999495,50.31449999999994,0
61458,61459,61463,long,1828.94,1823.90855,loss,-53.614499999999495,50.31449999999994,4
61556,61557,61557,short,1798.84,1803.8714499999999,loss,-53.614499999999495,50.31449999999994,0
61569,61570,61579,short,1798.68,1803.71145,loss,-53.614499999999495,50.31449999999994,9
61641,61642,61642,short,1794.44,1799.47145,loss,-53.614499999999495,50.31449999999994,0
61682,61683,61691,long,1815.44,1822.987175,win,72.17174999999925,50.31449999999994,8
61820,61821,61830,short,1800.47,1792.922825,win,72.17174999999925,50.31449999999994,9
61830,61831,61831,short,1776.43,1768.8828250000001,win,72.17174999999925,50.31449999999994,0
61834,61835,61835,short,1759.48,1764.51145,loss,-53.614499999999495,50.31449999999994,0
61838,61839,61839,short,1683.08,1688.1114499999999,loss,-53.614499999999495,50.31449999999994,0
61982,61983,61991,long,1791.44,1786.40855,loss,-53.614499999999495,50.31449999999994,8
62080,62081,62103,long,1799.78,1807.327175,win,72.17174999999925,50.31449999999994,22
62103,62104,62104,long,1807.69,1802.65855,loss,-53.614499999999495,50.31449999999994,0
62175,62176,62182,long,1812.89,1820.437175,win,72.17174999999925,50.31449999999994,6
62182,62183,62184,long,1820.9,1815.8685500000001,loss,-53.614499999999495,50.31449999999994,1
62286,62287,62288,long,1823.34,1830.8871749999998,win,72.17174999999925,50.31449999999994,1
62291,62292,62296,long,1831.09,1826.05855,loss,-53.614499999999495,50.31449999999994,4
62329,62330,62350,short,1796.68,1801.71145,loss,-53.614499999999495,50.31449999999994,20
62351,62352,62353,short,1788.72,1793.75145,loss,-53.614499999999495,50.31449999999994,1
62364,62365,62369,short,1788.23,1793.26145,loss,-53.614499999999495,50.31449999999994,4
62403,62404,62419,short,1788.93,1793.96145,loss,-53.614499999999495,50.31449999999994,15
62440,62441,62441,short,1784.32,1789.3514499999999,loss,-53.614499999999495,50.31449999999994,0
62484,62485,62487,short,1777.78,1770.232825,win,72.17174999999925,50.31449999999994,2
62510,62511,62522,short,1752.94,1745.3928250000001,win,72.17174999999925,50.31449999999994,11
62522,62523,62526,short,1748.7,1753.73145,loss,-53.614499999999495,50.31449999999994,3
62609,62610,62613,short,1744.31,1749.34145,loss,-53.614499999999495,50.31449999999994,3
62663,62664,62667,short,1740.76,1733.212825,win,72.17174999999925,50.31449999999994,3
62669,62670,62670,short,1730.21,1735.24145,loss,-53.614499999999495,50.31449999999994,0
62694,62695,62695,short,1728.26,1733.29145,loss,-53.614499999999495,50.31449999999994,0
62696,62697,62703,short,1724.52,1729.55145,loss,-53.614499999999495,50.31449999999994,6
62746,62747,62750,long,1763.77,1758.73855,loss,-53.614499999999495,50.31449999999994,3
62762,62763,62774,long,1766.34,1761.30855,loss,-53.614499999999495,50.31449999999994,11
62852,62853,62853,long,1775.74,1770.70855,loss,-53.614499999999495,50.31449999999994,0
62921,62922,62922,long,1781.56,1789.1071749999999,win,72.17174999999925,50.31449999999994,0
62939,62940,62960,long,1795.97,1790.93855,loss,-53.614499999999495,50.31449999999994,20
63080,63081,63083,long,1805.68,1800.6485500000001,loss,-53.614499999999495,50.31449999999994,2
63195,63196,63196,short,1773.77,1778.80145,loss,-53.614499999999495,50.31449999999994,0
63263,63264,63264,short,1766.81,1759.262825,win,72.17174999999925,50.31449999999994,0
63266,63267,63268,short,1761.94,1766.97145,loss,-53.614499999999495,50.31449999999994,1
63311,63312,63315,long,1809.81,1817.3571749999999,win,72.17174999999925,50.31449999999994,3
63320,63321,63326,long,1819.43,1814.3985500000001,loss,-53.614499999999495,50.31449999999994,5
63331,63332,63354,long,1821.67,1829.217175,win,72.17174999999925,50.31449999999994,22
63354,63355,63356,long,1829.8,1824.76855,loss,-53.614499999999495,50.31449999999994,1
63358,63359,63369,long,1830.77,1825.73855,loss,-53.614499999999495,50.31449999999994,10
63377,63378,63378,long,1849.59,1857.1371749999998,win,72.17174999999925,50.31449999999994,0
63396,63397,63399,long,1861.9,1856.8685500000001,loss,-53.614499999999495,50.31449999999994,2
63427,63428,63433,long,1864.65,1859.6185500000001,loss,-53.614499999999495,50.31449999999994,5
63463,63464,63468,long,1871.95,1866.91855,loss,-53.614499999999495,50.31449999999994,4
63545,63546,63556,short,1844.89,1837.3428250000002,win,72.17174999999925,50.31449999999994,10
63556,63557,63560,short,1839.44,1831.8928250000001,win,72.17174999999925,50.31449999999994,3
63577,63578,63578,short,1800.85,1793.302825,win,72.17174999999925,50.31449999999994,0
63585,63586,63587,short,1782.62,1787.6514499999998,loss,-53.614499999999495,50.31449999999994,1
63606,63607,63608,short,1781.74,1786.77145,loss,-53.614499999999495,50.31449999999994,1
63693,63694,63702,short,1774.19,1779.22145,loss,-53.614499999999495,50.31449999999994,8
63731,63732,63733,short,1770.32,1775.3514499999999,loss,-53.614499999999495,50.31449999999994,1
63737,63738,63738,short,1764.61,1769.6414499999998,loss,-53.614499999999495,50.31449999999994,0
63740,63741,63743,short,1763.29,1768.32145,loss,-53.614499999999495,50.31449999999994,2
63926,63927,63946,short,1771.11,1763.562825,win,72.17174999999925,50.31449999999994,19
63965,63966,63975,long,1793.5,1801.047175,win,72.17174999999925,50.31449999999994,9
63975,63976,63985,long,1802.23,1809.777175,win,72.17174999999925,50.31449999999994,9
63986,63987,63987,long,1811.62,1806.58855,loss,-53.614499999999495,50.31449999999994,0
64103,64104,64105,long,1812.62,1807.58855,loss,-53.614499999999495,50.31449999999994,1
64116,64117,64129,long,1812.85,1807.81855,loss,-53.614499999999495,50.31449999999994,12
64185,64186,64193,long,1818.58,1826.1271749999999,win,72.17174999999925,50.31449999999994,7
64193,64194,64215,long,1824.23,1819.19855,loss,-53.614499999999495,50.31449999999994,21
64284,64285,64285,short,1788.32,1793.3514499999999,loss,-53.614499999999495,50.31449999999994,0
64289,64290,64297,short,1787.64,1792.67145,loss,-53.614499999999495,50.31449999999994,7
64379,64380,64393,long,1825.99,1820.95855,loss,-53.614499999999495,50.31449999999994,13
64489,64490,64510,long,1838.15,1845.697175,win,72.17174999999925,50.31449999999994,20
64510,64511,64513,long,1846.34,1841.30855,loss,-53.614499999999495,50.31449999999994,2
64579,64580,64580,long,1850.34,1845.30855,loss,-53.614499999999495,50.31449999999994,0
64583,64584,64585,long,1852.06,1847.02855,loss,-53.614499999999495,50.31449999999994,1
64617,64618,64618,short,1810.65,1815.68145,loss,-53.614499999999495,50.31449999999994,0
64623,64624,64624,short,1807.0,1799.452825,win,72.17174999999925,50.31449999999994,0
64626,64627,64644,short,1796.32,1788.772825,win,72.17174999999925,50.31449999999994,17
64649,64650,64652,short,1782.7,1787.73145,loss,-53.614499999999495,50.31449999999994,2
64781,64782,64788,long,1813.49,1821.037175,win,72.17174999999925,50.31449999999994,6
64806,64807,64829,long,1823.94,1831.487175,win,72.17174999999925,50.31449999999994,22
64830,64831,64852,long,1828.5,1823.46855,loss,-53.614499999999495,50.31449999999994,21
64854,64855,64858,long,1835.49,1830.45855,loss,-53.614499999999495,50.31449999999994,3
64880,64881,64881,long,1857.09,1852.05855,loss,-53.614499999999495,50.31449999999994,0
64898,64899,64900,long,1866.37,1861.33855,loss,-53.614499999999495,50.31449999999994,1
64902,64903,64910,long,1870.99,1878.537175,win,72.17174999999925,50.31449999999994,7
64912,64913,64915,long,1877.74,1872.70855,loss,-53.614499999999495,50.31449999999994,2
64961,64962,64966,long,1886.02,1893.567175,win,72.17174999999925,50.31449999999994,4
64966,64967,64967,long,1895.77,1890.73855,loss,-53.614499999999495,50.31449999999994,0
64970,64971,64977,long,1897.58,1892.54855,loss,-53.614499999999495,50.31449999999994,6
64997,64998,64998,long,1904.71,1899.67855,loss,-53.614499999999495,50.31449999999994,0
65018,65019,65027,long,1909.28,1904.24855,loss,-53.614499999999495,50.31449999999994,8
65064,65065,65067,long,1910.59,1918.1371749999998,win,72.17174999999925,50.31449999999994,2
65067,65068,65068,long,1920.82,1928.3671749999999,win,72.17174999999925,50.31449999999994,0
65074,65075,65075,long,1953.26,1960.807175,win,72.17174999999925,50.31449999999994,0
65220,65221,65223,long,1964.9,1972.447175,win,72.17174999999925,50.31449999999994,2
65225,65226,65226,long,1997.69,1992.65855,loss,-53.614499999999495,50.31449999999994,0
65233,65234,65235,long,1997.81,1992.77855,loss,-53.614499999999495,50.31449999999994,1
65253,65254,65255,long,2016.66,2011.6285500000001,loss,-53.614499999999495,50.31449999999994,1
65261,65262,65262,long,2039.46,2047.007175,win,72.17174999999925,50.31449999999994,0
65362,65363,65363,short,1948.08,1940.532825,win,72.17174999999925,50.31449999999994,0
65366,65367,65367,short,1935.9,1928.3528250000002,win,72.17174999999925,50.31449999999994,0
65372,65373,65373,short,1921.58,1926.6114499999999,loss,-53.614499999999495,50.31449999999994,0
65374,65375,65376,short,1920.67,1913.1228250000001,win,72.17174999999925,50.31449999999994,1
65376,65377,65377,short,1915.95,1920.98145,loss,-53.614499999999495,50.31449999999994,0
65383,65384,65385,short,1915.86,1920.8914499999998,loss,-53.614499999999495,50.31449999999994,1
65391,65392,65393,short,1914.78,1919.81145,loss,-53.614499999999495,50.31449999999994,1
65399,65400,65400,short,1909.59,1914.6214499999999,loss,-53.614499999999495,50.31449999999994,0
65402,65403,65403,short,1907.21,1912.24145,loss,-53.614499999999495,50.31449999999994,0
65534,65535,65535,long,1956.29,1951.25855,loss,-53.614499999999495,50.31449999999994,0
65537,65538,65538,long,1964.87,1959.83855,loss,-53.614499999999495,50.31449999999994,0
65600,65601,65603,short,1913.53,1905.982825,win,72.17174999999925,50.31449999999994,2
65795,65796,65798,long,1946.78,1941.74855,loss,-53.614499999999495,50.31449999999994,2
65805,65806,65809,long,1956.83,1964.3771749999999,win,72.17174999999925,50.31449999999994,3
65832,65833,65833,long,1970.23,1965.19855,loss,-53.614499999999495,50.31449999999994,0
65834,65835,65835,long,1975.51,1970.47855,loss,-53.614499999999495,50.31449999999994,0
65852,65853,65855,long,1977.58,1972.54855,loss,-53.614499999999495,50.31449999999994,2
65857,65858,65870,long,1978.28,1973.24855,loss,-53.614499999999495,50.31449999999994,12
65888,65889,65901,long,1986.54,1994.087175,win,72.17174999999925,50.31449999999994,12
65901,65902,65902,long,1994.89,1989.8585500000002,loss,-53.614499999999495,50.31449999999994,0
65969,65970,65970,short,1939.68,1944.71145,loss,-53.614499999999495,50.31449999999994,0
65991,65992,65994,short,1936.31,1941.34145,loss,-53.614499999999495,50.31449999999994,2
65998,65999,66004,short,1933.1,1925.552825,win,72.17174999999925,50.31449999999994,5
66007,66008,66013,short,1916.2,1908.6528250000001,win,72.17174999999925,50.31449999999994,5
66013,66014,66015,short,1908.69,1901.1428250000001,win,72.17174999999925,50.31449999999994,1
66057,66058,66060,short,1893.27,1898.30145,loss,-53.614499999999495,50.31449999999994,2
66062,66063,66075,short,1887.95,1880.4028250000001,win,72.17174999999925,50.31449999999994,12
66075,66076,66079,short,1878.79,1883.82145,loss,-53.614499999999495,50.31449999999994,3
66129,66130,66132,short,1861.39,1866.42145,loss,-53.614499999999495,50.31449999999994,2
66147,66148,66150,short,1855.5,1860.53145,loss,-53.614499999999495,50.31449999999994,2
66249,66250,66256,short,1853.43,1858.46145,loss,-53.614499999999495,50.31449999999994,6
66268,66269,66269,short,1849.7,1842.1528250000001,win,72.17174999999925,50.31449999999994,0
66272,66273,66276,short,1841.57,1834.022825,win,72.17174999999925,50.31449999999994,3
66276,66277,66279,short,1833.46,1838.49145,loss,-53.614499999999495,50.31449999999994,2
66316,66317,66321,short,1825.32,1817.772825,win,72.17174999999925,50.31449999999994,4
66334,66335,66336,short,1813.78,1806.232825,win,72.17174999999925,50.31449999999994,1
66352,66353,66353,short,1792.77,1797.80145,loss,-53.614499999999495,50.31449999999994,0
66459,66460,66467,long,1852.29,1859.837175,win,72.17174999999925,50.31449999999994,7
66495,66496,66496,long,1867.32,1862.28855,loss,-53.614499999999495,50.31449999999994,0
66497,66498,66499,long,1869.0,1863.96855,loss,-53.614499999999495,50.31449999999994,1
66611,66612,66617,short,1842.4,1834.8528250000002,win,72.17174999999925,50.31449999999994,5
66617,66618,66629,short,1834.24,1839.27145,loss,-53.614499999999495,50.31449999999994,11
66653,66654,66663,long,1863.79,1871.337175,win,72.17174999999925,50.31449999999994,9
66788,66789,66789,short,1834.69,1839.72145,loss,-53.614499999999495,50.31449999999994,0
66790,66791,66791,short,1833.47,1838.50145,loss,-53.614499999999495,50.31449999999994,0
66795,66796,66800,long,1873.29,1868.25855,loss,-53.614499999999495,50.31449999999994,4
66812,66813,66818,short,1830.37,1822.822825,win,72.17174999999925,50.31449999999994,5
66833,66834,66834,short,1816.99,1822.02145,loss,-53.614499999999495,50.31449999999994,0
66835,66836,66840,short,1815.83,1808.282825,win,72.17174999999925,50.31449999999994,4
66840,66841,66846,short,1807.12,1812.1514499999998,loss,-53.614499999999495,50.31449999999994,5
67061,67062,67080,short,1820.88,1813.3328250000002,win,72.17174999999925,50.31449999999994,18
67103,67104,67105,short,1812.79,1805.242825,win,72.17174999999925,50.31449999999994,1
67118,67119,67122,short,1804.33,1796.782825,win,72.17174999999925,50.31449999999994,3
67122,67123,67127,short,1797.2,1789.6528250000001,win,72.17174999999925,50.31449999999994,4
67127,67128,67130,short,1789.61,1794.6414499999998,loss,-53.614499999999495,50.31449999999994,2
67173,67174,67174,short,1786.08,1778.532825,win,72.17174999999925,50.31449999999994,0
67176,67177,67184,short,1767.21,1772.24145,loss,-53.614499999999495,50.31449999999994,7
67188,67189,67189,short,1763.17,1768.20145,loss,-53.614499999999495,50.31449999999994,0
67193,67194,67195,short,1761.13,1766.16145,loss,-53.614499999999495,50.31449999999994,1
67196,67197,67197,short,1759.49,1751.942825,win,72.17174999999925,50.31449999999994,0
67270,67271,67275,short,1731.92,1736.95145,loss,-53.614499999999495,50.31449999999994,4
67278,67279,67280,short,1728.75,1733.78145,loss,-53.614499999999495,50.31449999999994,1
67291,67292,67309,short,1727.08,1719.532825,win,72.17174999999925,50.31449999999994,17
67309,67310,67310,short,1712.45,1717.48145,loss,-53.614499999999495,50.31449999999994,0
67330,67331,67331,short,1710.86,1715.8914499999998,loss,-53.614499999999495,50.31449999999994,0
67332,67333,67333,short,1709.19,1701.6428250000001,win,72.17174999999925,50.31449999999994,0
67352,67353,67354,short,1702.35,1707.3814499999999,loss,-53.614499999999495,50.31449999999994,1
67356,67357,67357,short,1702.36,1707.3914499999998,loss,-53.614499999999495,50.31449999999994,0
67428,67429,67431,short,1700.0,1692.452825,win,72.17174999999925,50.31449999999994,2
67433,67434,67441,short,1695.19,1687.6428250000001,win,72.17174999999925,50.31449999999994,7
67442,67443,67446,short,1684.9,1689.93145,loss,-53.614499999999495,50.31449999999994,3
67468,67469,67469,long,1728.39,1723.3585500000002,loss,-53.614499999999495,50.31449999999994,0
67470,67471,67471,long,1734.49,1729.45855,loss,-53.614499999999495,50.31449999999994,0
67488,67489,67489,long,1734.89,1729.8585500000002,loss,-53.614499999999495,50.31449999999994,0
67546,67547,67555,long,1735.34,1742.8871749999998,win,72.17174999999925,50.31449999999994,8
67561,67562,67574,long,1750.72,1758.267175,win,72.17174999999925,50.31449999999994,12
67574,67575,67580,long,1762.73,1757.69855,loss,-53.614499999999495,50.31449999999994,5
67602,67603,67605,long,1773.33,1768.29855,loss,-53.614499999999495,50.31449999999994,2
67606,67607,67607,long,1773.43,1768.3985500000001,loss,-53.614499999999495,50.31449999999994,0
67616,67617,67618,long,1780.18,1775.1485500000001,loss,-53.614499999999495,50.31449999999994,1
67628,67629,67629,long,1784.84,1779.80855,loss,-53.614499999999495,50.31449999999994,0
67673,67674,67675,long,1785.53,1780.49855,loss,-53.614499999999495,50.31449999999994,1
67676,67677,67680,long,1785.69,1793.237175,win,72.17174999999925,50.31449999999994,3
67743,67744,67744,long,1797.36,1792.32855,loss,-53.614499999999495,50.31449999999994,0
67767,67768,67769,long,1801.78,1796.74855,loss,-53.614499999999495,50.31449999999994,1
67856,67857,67857,short,1771.55,1776.58145,loss,-53.614499999999495,50.31449999999994,0
67878,67879,67882,short,1769.09,1761.542825,win,72.17174999999925,50.31449999999994,3
67884,67885,67885,short,1761.41,1766.44145,loss,-53.614499999999495,50.31449999999994,0
67896,67897,67899,short,1761.25,1766.28145,loss,-53.614499999999495,50.31449999999994,2
67905,67906,67917,short,1759.64,1752.0928250000002,win,72.17174999999925,50.31449999999994,11
67923,67924,67925,short,1751.09,1756.1214499999999,loss,-53.614499999999495,50.31449999999994,1
67927,67928,67942,short,1747.91,1740.3628250000002,win,72.17174999999925,50.31449999999994,14
67945,67946,67949,short,1734.42,1739.45145,loss,-53.614499999999495,50.31449999999994,3
68050,68051,68059,short,1723.71,1728.74145,loss,-53.614499999999495,50.31449999999994,8
68102,68103,68103,short,1720.82,1713.272825,win,72.17174999999925,50.31449999999994,0
68113,68114,68119,short,1710.82,1703.272825,win,72.17174999999925,50.31449999999994,5
68122,68123,68123,short,1702.87,1707.9014499999998,loss,-53.614499999999495,50.31449999999994,0
68126,68127,68127,short,1701.96,1706.99145,loss,-53.614499999999495,50.31449999999994,0
68128,68129,68132,short,1701.82,1694.272825,win,72.17174999999925,50.31449999999994,3
68261,68262,68265,long,1727.02,1721.98855,loss,-53.614499999999495,50.31449999999994,3
68287,68288,68289,long,1729.42,1724.3885500000001,loss,-53.614499999999495,50.31449999999994,1
68290,68291,68294,long,1730.07,1725.03855,loss,-53.614499999999495,50.31449999999994,3
68348,68349,68356,short,1692.57,1685.022825,win,72.17174999999925,50.31449999999994,7
68359,68360,68361,short,1668.24,1660.692825,win,72.17174999999925,50.31449999999994,1
68363,68364,68375,short,1663.18,1655.6328250000001,win,72.17174999999925,50.31449999999994,11
68492,68493,68493,short,1643.33,1648.3614499999999,loss,-53.614499999999495,50.31449999999994,0
68500,68501,68502,short,1640.18,1645.21145,loss,-53.614499999999495,50.31449999999994,1
68504,68505,68505,short,1627.73,1632.76145,loss,-53.614499999999495,50.31449999999994,0
68521,68522,68523,short,1624.25,1629.28145,loss,-53.614499999999495,50.31449999999994,1
68523,68524,68527,short,1624.19,1629.22145,loss,-53.614499999999495,50.31449999999994,3
68556,68557,68560,short,1621.56,1626.59145,loss,-53.614499999999495,50.31449999999994,3
68632,68633,68635,long,1686.76,1694.307175,win,72.17174999999925,50.31449999999994,2
68640,68641,68642,long,1700.91,1695.8785500000001,loss,-53.614499999999495,50.31449999999994,1
68646,68647,68651,long,1703.0,1710.547175,win,72.17174999999925,50.31449999999994,4
68653,68654,68654,long,1711.7,1706.66855,loss,-53.614499999999495,50.31449999999994,0
68655,68656,68656,long,1720.54,1728.087175,win,72.17174999999925,50.31449999999994,0
68659,68660,68665,long,1725.78,1720.74855,loss,-53.614499999999495,50.31449999999994,5
68813,68814,68814,short,1654.32,1646.772825,win,72.17174999999925,50.31449999999994,0
68839,68840,68847,short,1644.64,1649.67145,loss,-53.614499999999495,50.31449999999994,7
68898,68899,68899,short,1640.75,1645.78145,loss,-53.614499999999495,50.31449999999994,0
68900,68901,68902,short,1640.66,1633.1128250000002,win,72.17174999999925,50.31449999999994,1
68902,68903,68916,short,1632.92,1625.3728250000001,win,72.17174999999925,50.31449999999994,13
68916,68917,68919,short,1624.54,1629.57145,loss,-53.614499999999495,50.31449999999994,2
68941,68942,68945,short,1621.44,1626.47145,loss,-53.614499999999495,50.31449999999994,3
68946,68947,68947,short,1620.47,1625.50145,loss,-53.614499999999495,50.31449999999994,0
69012,69013,69014,long,1665.16,1672.707175,win,72.17174999999925,50.31449999999994,1
69150,69151,69152,short,1629.55,1622.002825,win,72.17174999999925,50.31449999999994,1
69179,69180,69180,long,1667.25,1674.797175,win,72.17174999999925,50.31449999999994,0
69182,69183,69184,long,1673.07,1680.6171749999999,win,72.17174999999925,50.31449999999994,1
69226,69227,69235,long,1712.89,1707.8585500000002,loss,-53.614499999999495,50.31449999999994,8
69270,69271,69271,long,1733.03,1740.577175,win,72.17174999999925,50.31449999999994,0
69276,69277,69281,long,1753.96,1748.92855,loss,-53.614499999999495,50.31449999999994,4
69285,69286,69286,long,1760.54,1755.50855,loss,-53.614499999999495,50.31449999999994,0
69287,69288,69288,long,1760.85,1755.81855,loss,-53.614499999999495,50.31449999999994,0
69293,69294,69294,long,1765.39,1760.3585500000002,loss,-53.614499999999495,50.31449999999994,0
69299,69300,69301,long,1767.93,1762.8985500000001,loss,-53.614499999999495,50.31449999999994,1
69316,69317,69332,long,1768.98,1776.527175,win,72.17174999999925,50.31449999999994,15
69332,69333,69333,long,1782.85,1777.81855,loss,-53.614499999999495,50.31449999999994,0
69357,69358,69361,long,1782.74,1777.70855,loss,-53.614499999999495,50.31449999999994,3
69417,69418,69425,short,1746.13,1738.5828250000002,win,72.17174999999925,50.31449999999994,7
69431,69432,69440,short,1736.51,1741.54145,loss,-53.614499999999495,50.31449999999994,8
69581,69582,69585,long,1761.83,1756.79855,loss,-53.614499999999495,50.31449999999994,3
69591,69592,69595,long,1767.77,1775.317175,win,72.17174999999925,50.31449999999994,3
69599,69600,69608,long,1779.47,1787.017175,win,72.17174999999925,50.31449999999994,8
69611,69612,69619,long,1802.23,1797.19855,loss,-53.614499999999495,50.31449999999994,7
69641,69642,69647,long,1806.3,1801.26855,loss,-53.614499999999495,50.31449999999994,5
69790,69791,69791,long,1810.83,1818.3771749999999,win,72.17174999999925,50.31449999999994,0
69938,69939,69943,long,1819.34,1814.30855,loss,-53.614499999999495,50.31449999999994,4
69997,69998,69998,long,1824.44,1819.40855,loss,-53.614499999999495,50.31449999999994,0
70073,70074,70076,long,1829.26,1836.807175,win,72.17174999999925,50.31449999999994,2
70076,70077,70081,long,1838.27,1845.817175,win,72.17174999999925,50.31449999999994,4
70103,70104,70104,long,1847.69,1855.237175,win,72.17174999999925,50.31449999999994,0
70158,70159,70165,long,1862.18,1869.727175,win,72.17174999999925,50.31449999999994,6
70166,70167,70182,long,1874.26,1869.22855,loss,-53.614499999999495,50.31449999999994,15
70216,70217,70223,long,1882.22,1877.18855,loss,-53.614499999999495,50.31449999999994,6
70245,70246,70247,long,1884.93,1879.8985500000001,loss,-53.614499999999495,50.31449999999994,1
70265,70266,70268,long,1906.35,1901.31855,loss,-53.614499999999495,50.31449999999994,2
70271,70272,70275,long,1910.98,1918.527175,win,72.17174999999925,50.31449999999994,3
70280,70281,70284,long,1924.02,1918.98855,loss,-53.614499999999495,50.31449999999994,3
70366,70367,70374,long,1929.49,1924.45855,loss,-53.614499999999495,50.31449999999994,7
70416,70417,70428,long,1935.68,1930.6485500000001,loss,-53.614499999999495,50.31449999999994,11
70457,70458,70470,long,1942.19,1937.15855,loss,-53.614499999999495,50.31449999999994,12
70535,70536,70537,short,1915.36,1907.812825,win,72.17174999999925,50.31449999999994,1
70572,70573,70588,long,1953.87,1948.83855,loss,-53.614499999999495,50.31449999999994,15
70611,70612,70612,short,1886.51,1878.962825,win,72.17174999999925,50.31449999999994,0
70708,70709,70716,short,1861.87,1854.322825,win,72.17174999999925,50.31449999999994,7
70750,70751,70757,short,1851.19,1856.22145,loss,-53.614499999999495,50.31449999999994,6
70773,70774,70775,short,1849.44,1854.47145,loss,-53.614499999999495,50.31449999999994,1
70783,70784,70787,short,1848.24,1840.692825,win,72.17174999999925,50.31449999999994,3
70794,70795,70801,short,1833.4,1838.43145,loss,-53.614499999999495,50.31449999999994,6
70816,70817,70817,short,1830.7,1835.73145,loss,-53.614499999999495,50.31449999999994,0
70829,70830,70834,short,1828.18,1820.6328250000001,win,72.17174999999925,50.31449999999994,4
70932,70933,70939,short,1819.93,1824.96145,loss,-53.614499999999495,50.31449999999994,6
70950,70951,70952,short,1819.07,1811.522825,win,72.17174999999925,50.31449999999994,1
70956,70957,70974,short,1809.84,1814.8714499999999,loss,-53.614499999999495,50.31449999999994,17
71021,71022,71022,long,1842.2,1837.16855,loss,-53.614499999999495,50.31449999999994,0
71059,71060,71072,long,1843.17,1850.717175,win,72.17174999999925,50.31449999999994,12
71078,71079,71085,long,1854.93,1849.8985500000001,loss,-53.614499999999495,50.31449999999994,6
71181,71182,71182,long,1858.36,1865.9071749999998,win,72.17174999999925,50.31449999999994,0
71184,71185,71188,long,1864.14,1871.687175,win,72.17174999999925,50.31449999999994,3
71192,71193,71194,long,1886.86,1881.82855,loss,-53.614499999999495,50.31449999999994,1
71201,71202,71202,long,1889.6,1897.1471749999998,win,72.17174999999925,50.31449999999994,0
71204,71205,71205,long,1910.57,1905.53855,loss,-53.614499999999495,50.31449999999994,0
71208,71209,71214,long,1911.51,1906.47855,loss,-53.614499999999495,50.31449999999994,5
71247,71248,71248,long,1917.95,1925.497175,win,72.17174999999925,50.31449999999994,0
71252,71253,71253,long,1933.5,1928.46855,loss,-53.614499999999495,50.31449999999994,0
71293,71294,71294,long,1934.99,1942.537175,win,72.17174999999925,50.31449999999994,0
71299,71300,71300,long,1972.71,1980.257175,win,72.17174999999925,50.31449999999994,0
71302,71303,71303,long,1984.25,1979.21855,loss,-53.614499999999495,50.31449999999994,0
71312,71313,71313,long,2003.33,1998.29855,loss,-53.614499999999495,50.31449999999994,0
71570,71571,71571,long,1992.3,1999.8471749999999,win,72.17174999999925,50.31449999999994,0
71575,71576,71592,long,2021.25,2028.797175,win,72.17174999999925,50.31449999999994,16
71592,71593,71593,long,2031.64,2026.6085500000002,loss,-53.614499999999495,50.31449999999994,0
71707,71708,71708,long,2045.11,2040.07855,loss,-53.614499999999495,50.31449999999994,0
71754,71755,71755,short,1985.24,1990.27145,loss,-53.614499999999495,50.31449999999994,0
71794,71795,71796,short,1979.97,1972.422825,win,72.17174999999925,50.31449999999994,1
71980,71981,71981,long,2004.26,1999.22855,loss,-53.614499999999495,50.31449999999994,0
72005,72006,72007,long,2008.48,2016.027175,win,72.17174999999925,50.31449999999994,1
72010,72011,72021,long,2018.15,2013.1185500000001,loss,-53.614499999999495,50.31449999999994,10
72028,72029,72032,long,2021.17,2028.717175,win,72.17174999999925,50.31449999999994,3
72033,72034,72034,long,2035.07,2030.03855,loss,-53.614499999999495,50.31449999999994,0
72183,72184,72186,short,2002.75,2007.78145,loss,-53.614499999999495,50.31449999999994,2
72234,72235,72235,short,1995.91,1988.3628250000002,win,72.17174999999925,50.31449999999994,0
72250,72251,72255,short,1986.05,1978.502825,win,72.17174999999925,50.31449999999994,4
72255,72256,72256,short,1977.53,1982.56145,loss,-53.614499999999495,50.31449999999994,0
72271,72272,72277,short,1977.27,1969.722825,win,72.17174999999925,50.31449999999994,5
72391,72392,72392,short,1943.53,1948.56145,loss,-53.614499999999495,50.31449999999994,0
72395,72396,72404,short,1943.52,1948.55145,loss,-53.614499999999495,50.31449999999994,8
72448,72449,72453,short,1939.37,1944.4014499999998,loss,-53.614499999999495,50.31449999999994,4
72506,72507,72508,long,1981.98,1976.94855,loss,-53.614499999999495,50.31449999999994,1
72517,72518,72520,long,1982.38,1977.3485500000002,loss,-53.614499999999495,50.31449999999994,2
72719,72720,72724,short,1939.09,1931.542825,win,72.17174999999925,50.31449999999994,4
72725,72726,72731,short,1932.5,1924.952825,win,72.17174999999925,50.31449999999994,5
72837,72838,72844,short,1928.0,1920.452825,win,72.17174999999925,50.31449999999994,6
72855,72856,72858,short,1912.04,1917.07145,loss,-53.614499999999495,50.31449999999994,2
72930,72931,72957,short,1909.9,1902.3528250000002,win,72.17174999999925,50.31449999999994,26
72957,72958,72959,short,1896.05,1901.08145,loss,-53.614499999999495,50.31449999999994,1
73094,73095,73095,long,1933.68,1928.6485500000001,loss,-53.614499999999495,50.31449999999994,0
73131,73132,73132,long,1936.13,1931.0985500000002,loss,-53.614499999999495,50.31449999999994,0
73133,73134,73137,long,1936.63,1931.5985500000002,loss,-53.614499999999495,50.31449999999994,3
73150,73151,73154,long,1940.03,1934.99855,loss,-53.614499999999495,50.31449999999994,3
73160,73161,73161,long,1943.14,1950.687175,win,72.17174999999925,50.31449999999994,0
73164,73165,73183,long,1959.14,1954.1085500000002,loss,-53.614499999999495,50.31449999999994,18
73248,73249,73250,long,1962.99,1970.537175,win,72.17174999999925,50.31449999999994,1
73251,73252,73252,long,1968.87,1963.83855,loss,-53.614499999999495,50.31449999999994,0
73286,73287,73291,long,1984.95,1979.91855,loss,-53.614499999999495,50.31449999999994,4
73412,73413,73423,short,1945.28,1950.31145,loss,-53.614499999999495,50.31449999999994,10
73482,73483,73488,short,1944.0,1949.03145,loss,-53.614499999999495,50.31449999999994,5
73504,73505,73548,short,1935.78,1940.81145,loss,-53.614499999999495,50.31449999999994,43
73582,73583,73593,short,1931.39,1923.8428250000002,win,72.17174999999925,50.31449999999994,10
73597,73598,73606,short,1925.22,1930.25145,loss,-53.614499999999495,50.31449999999994,8
73615,73616,73618,short,1924.35,1916.802825,win,72.17174999999925,50.31449999999994,2
73622,73623,73635,short,1915.97,1921.00145,loss,-53.614499999999495,50.31449999999994,12
73644,73645,73658,short,1913.51,1918.54145,loss,-53.614499999999495,50.31449999999994,13
73672,73673,73680,short,1910.82,1915.8514499999999,loss,-53.614499999999495,50.31449999999994,7
73684,73685,73685,short,1910.19,1902.6428250000001,win,72.17174999999925,50.31449999999994,0
73705,73706,73707,short,1903.8,1896.252825,win,72.17174999999925,50.31449999999994,1
73707,73708,73709,short,1903.31,1908.34145,loss,-53.614499999999495,50.31449999999994,1
73713,73714,73736,short,1902.47,1894.922825,win,72.17174999999925,50.31449999999994,22
73756,73757,73765,short,1889.32,1894.3514499999999,loss,-53.614499999999495,50.31449999999994,8
73787,73788,73788,short,1885.25,1890.28145,loss,-53.614499999999495,50.31449999999994,0
73845,73846,73867,long,1918.08,1913.04855,loss,-53.614499999999495,50.31449999999994,21
73915,73916,73917,long,1924.75,1919.71855,loss,-53.614499999999495,50.31449999999994,1
73926,73927,73933,long,1925.36,1920.32855,loss,-53.614499999999495,50.31449999999994,6
73937,73938,73958,long,1934.1,1941.6471749999998,win,72.17174999999925,50.31449999999994,20
74004,74005,74005,long,1949.89,1944.8585500000002,loss,-53.614499999999495,50.31449999999994,0
74073,74074,74092,short,1916.72,1921.75145,loss,-53.614499999999495,50.31449999999994,18
74159,74160,74162,short,1915.49,1907.942825,win,72.17174999999925,50.31449999999994,2
74174,74175,74184,short,1908.94,1913.97145,loss,-53.614499999999495,50.31449999999994,9
74191,74192,74207,short,1908.78,1901.232825,win,72.17174999999925,50.31449999999994,15
74207,74208,74209,short,1904.36,1909.3914499999998,loss,-53.614499999999495,50.31449999999994,1
74243,74244,74252,long,1928.67,1923.6385500000001,loss,-53.614499999999495,50.31449999999994,8
74256,74257,74299,long,1930.99,1938.537175,win,72.17174999999925,50.31449999999994,42
74299,74300,74305,long,1940.54,1935.50855,loss,-53.614499999999495,50.31449999999994,5
74371,74372,74389,short,1915.85,1908.302825,win,72.17174999999925,50.31449999999994,17
74389,74390,74392,short,1910.07,1902.522825,win,72.17174999999925,50.31449999999994,2
74404,74405,74412,short,1897.48,1889.932825,win,72.17174999999925,50.31449999999994,7
74424,74425,74435,short,1873.91,1878.94145,loss,-53.614499999999495,50.31449999999994,10
74435,74436,74438,short,1872.27,1864.722825,win,72.17174999999925,50.31449999999994,2
74460,74461,74461,short,1860.77,1853.222825,win,72.17174999999925,50.31449999999994,0
74468,74469,74477,short,1845.24,1837.692825,win,72.17174999999925,50.31449999999994,8
74482,74483,74483,short,1828.7,1833.73145,loss,-53.614499999999495,50.31449999999994,0
74488,74489,74490,short,1828.22,1820.672825,win,72.17174999999925,50.31449999999994,1
74490,74491,74493,short,1824.7,1817.1528250000001,win,72.17174999999925,50.31449999999994,2
74549,74550,74550,short,1815.51,1820.54145,loss,-53.614499999999495,50.31449999999994,0
74552,74553,74556,short,1815.39,1820.42145,loss,-53.614499999999495,50.31449999999994,3
74572,74573,74573,short,1814.9,1819.93145,loss,-53.614499999999495,50.31449999999994,0
74605,74606,74611,long,1863.85,1858.81855,loss,-53.614499999999495,50.31449999999994,5
74635,74636,74644,long,1867.77,1875.317175,win,72.17174999999925,50.31449999999994,8
74644,74645,74657,long,1874.14,1881.687175,win,72.17174999999925,50.31449999999994,12
74662,74663,74663,long,1883.35,1878.31855,loss,-53.614499999999495,50.31449999999994,0
74682,74683,74685,long,1883.6,1891.1471749999998,win,72.17174999999925,50.31449999999994,2
74685,74686,74686,long,1896.31,1903.8571749999999,win,72.17174999999925,50.31449999999994,0
74688,74689,74691,long,1920.69,1928.237175,win,72.17174999999925,50.31449999999994,2
74743,74744,74753,long,1939.08,1946.6271749999999,win,72.17174999999925,50.31449999999994,9
74781,74782,74782,long,1961.96,1969.507175,win,72.17174999999925,50.31449999999994,0
74787,74788,74789,long,1977.09,1972.05855,loss,-53.614499999999495,50.31449999999994,1
74789,74790,74799,long,1977.78,1985.327175,win,72.17174999999925,50.31449999999994,9
74801,74802,74803,long,1987.05,1994.5971749999999,win,72.17174999999925,50.31449999999994,1
74888,74889,74890,long,1992.12,1987.08855,loss,-53.614499999999495,50.31449999999994,1
74920,74921,74921,long,1996.74,2004.287175,win,72.17174999999925,50.31449999999994,0
75065,75066,75072,short,1972.88,1965.3328250000002,win,72.17174999999925,50.31449999999994,6
75101,75102,75105,short,1955.41,1947.8628250000002,win,72.17174999999925,50.31449999999994,3
75118,75119,75123,short,1946.84,1951.8714499999999,loss,-53.614499999999495,50.31449999999994,4
75146,75147,75147,short,1941.1,1946.1314499999999,loss,-53.614499999999495,50.31449999999994,0
75158,75159,75162,short,1935.25,1940.28145,loss,-53.614499999999495,50.31449999999994,3
75169,75170,75170,short,1932.65,1937.68145,loss,-53.614499999999495,50.31449999999994,0
75238,75239,75240,long,1979.7,1987.247175,win,72.17174999999925,50.31449999999994,1
75249,75250,75257,long,1985.24,1992.787175,win,72.17174999999925,50.31449999999994,7
75296,75297,75301,long,1993.14,1988.1085500000002,loss,-53.614499999999495,50.31449999999994,4
75306,75307,75307,long,1997.7,2005.247175,win,72.17174999999925,50.31449999999994,0
75383,75384,75398,long,2011.97,2006.93855,loss,-53.614499999999495,50.31449999999994,14
75402,75403,75418,long,2013.94,2021.487175,win,72.17174999999925,50.31449999999994,15
75418,75419,75420,long,2021.57,2029.1171749999999,win,72.17174999999925,50.31449999999994,1
75424,75425,75428,long,2041.86,2049.407175,win,72.17174999999925,50.31449999999994,3
75490,75491,75491,long,2058.76,2066.3071750000004,win,72.17175000000152,50.31449999999994,0
75496,75497,75497,long,2117.9,2112.86855,loss,-53.614499999999495,50.31449999999994,0
75603,75604,75604,short,2008.75,2013.78145,loss,-53.614499999999495,50.31449999999994,0
75605,75606,75606,short,2002.28,1994.732825,win,72.17174999999925,50.31449999999994,0
75615,75616,75626,short,1996.88,1989.3328250000002,win,72.17174999999925,50.31449999999994,10
75626,75627,75629,short,1986.65,1979.1028250000002,win,72.17174999999925,50.31449999999994,2
75664,75665,75665,short,1974.29,1979.32145,loss,-53.614499999999495,50.31449999999994,0
75681,75682,75682,long,2038.03,2032.99855,loss,-53.614499999999495,50.31449999999994,0
75693,75694,75694,long,2039.13,2034.0985500000002,loss,-53.614499999999495,50.31449999999994,0
75695,75696,75696,long,2043.13,2038.0985500000002,loss,-53.614499999999495,50.31449999999994,0
75766,75767,75768,long,2044.35,2039.31855,loss,-53.614499999999495,50.31449999999994,1
75817,75818,75829,long,2048.07,2055.6171750000003,win,72.17175000000152,50.31449999999994,11
75832,75833,75834,long,2067.27,2062.23855,loss,-53.614499999999495,50.31449999999994,1
75862,75863,75875,long,2068.01,2062.9785500000003,loss,-53.614499999999495,50.31449999999994,12
75879,75880,75880,long,2070.23,2077.777175,win,72.17175000000152,50.31449999999994,0
75889,75890,75896,long,2087.03,2081.9985500000003,loss,-53.614499999999495,50.31449999999994,6
75968,75969,75970,short,2047.34,2039.792825,win,72.17174999999925,50.31449999999994,1
76031,76032,76037,short,2030.67,2023.1228250000001,win,72.17174999999925,50.31449999999994,5
76039,76040,76040,short,2018.75,2023.78145,loss,-53.614499999999495,50.31449999999994,0
76111,76112,76114,short,2016.45,2021.48145,loss,-53.614499999999495,50.31449999999994,2
76131,76132,76133,long,2056.12,2051.08855,loss,-53.614499999999495,50.31449999999994,1
76143,76144,76156,long,2056.22,2051.18855,loss,-53.614499999999495,50.31449999999994,12
76199,76200,76201,short,2011.83,2004.282825,win,72.17174999999925,50.31449999999994,1
76203,76204,76207,short,2004.53,2009.56145,loss,-53.614499999999495,50.31449999999994,3
76382,76383,76383,long,2036.89,2031.8585500000002,loss,-53.614499999999495,50.31449999999994,0
76399,76400,76403,long,2038.01,2032.97855,loss,-53.614499999999495,50.31449999999994,3
76406,76407,76407,long,2046.29,2041.25855,loss,-53.614499999999495,50.31449999999994,0
76429,76430,76433,long,2051.57,2046.5385500000002,loss,-53.614499999999495,50.31449999999994,3
76454,76455,76455,long,2059.47,2054.43855,loss,-53.614499999999495,50.31449999999994,0
76497,76498,76498,short,2015.78,2020.81145,loss,-53.614499999999495,50.31449999999994,0
76613,76614,76616,short,2014.73,2019.76145,loss,-53.614499999999495,50.31449999999994,2
76635,76636,76636,short,2004.16,1996.6128250000002,win,72.17174999999925,50.31449999999994,0
76641,76642,76677,short,1991.52,1996.55145,loss,-53.614499999999495,50.31449999999994,35
76749,76750,76755,long,2030.05,2025.01855,loss,-53.614499999999495,50.31449999999994,5
76762,76763,76774,long,2030.44,2025.40855,loss,-53.614499999999495,50.31449999999994,11
76789,76790,76795,long,2031.49,2026.45855,loss,-53.614499999999495,50.31449999999994,5
76821,76822,76827,long,2038.34,2033.30855,loss,-53.614499999999495,50.31449999999994,5
76910,76911,76928,long,2047.59,2042.55855,loss,-53.614499999999495,50.31449999999994,17
76930,76931,76934,long,2054.84,2049.80855,loss,-53.614499999999495,50.31449999999994,3
76935,76936,76936,long,2069.16,2076.707175,win,72.17175000000152,50.31449999999994,0
76950,76951,76954,long,2087.34,2082.30855,loss,-53.614499999999495,50.31449999999994,3
76956,76957,76957,long,2091.68,2099.227175,win,72.17175000000152,50.31449999999994,0
76974,76975,76979,long,2120.65,2128.1971750000002,win,72.17175000000152,50.31449999999994,4
76979,76980,76981,long,2128.09,2135.6371750000003,win,72.17175000000152,50.31449999999994,1
76982,76983,77002,long,2128.3,2135.8471750000003,win,72.17175000000152,50.31449999999994,19
77005,77006,77006,long,2148.19,2143.15855,loss,-53.614499999999495,50.31449999999994,0
77012,77013,77016,long,2148.82,2156.3671750000003,win,72.17175000000152,50.31449999999994,3
77024,77025,77026,long,2158.34,2153.30855,loss,-53.614499999999495,50.31449999999994,1
77031,77032,77037,long,2160.02,2154.98855,loss,-53.614499999999495,50.31449999999994,5
77043,77044,77048,long,2165.16,2160.12855,loss,-53.614499999999495,50.31449999999994,4
77048,77049,77049,long,2171.06,2166.02855,loss,-53.614499999999495,50.31449999999994,0
77050,77051,77052,long,2177.21,2184.757175,win,72.17175000000152,50.31449999999994,1
77059,77060,77060,long,2186.67,2181.63855,loss,-53.614499999999495,50.31449999999994,0
77175,77176,77184,short,2152.25,2157.28145,loss,-53.614499999999495,50.31449999999994,8
77238,77239,77241,long,2182.45,2189.997175,win,72.17175000000152,50.31449999999994,2
77244,77245,77251,long,2204.75,2199.71855,loss,-53.614499999999495,50.31449999999994,6
77253,77254,77256,long,2207.65,2202.61855,loss,-53.614499999999495,50.31449999999994,2
77368,77369,77370,long,2212.21,2207.17855,loss,-53.614499999999495,50.31449999999994,1
77370,77371,77371,long,2215.62,2210.58855,loss,-53.614499999999495,50.31449999999994,0
77373,77374,77374,long,2215.91,2223.457175,win,72.17175000000152,50.31449999999994,0
77378,77379,77379,long,2243.53,2238.4985500000003,loss,-53.614499999999495,50.31449999999994,0
77417,77418,77418,long,2265.08,2260.04855,loss,-53.614499999999495,50.31449999999994,0
77421,77422,77423,long,2265.91,2273.457175,win,72.17175000000152,50.31449999999994,1
77427,77428,77428,long,2283.27,2278.23855,loss,-53.614499999999495,50.31449999999994,0
77429,77430,77434,long,2283.39,2278.35855,loss,-53.614499999999495,50.31449999999994,4
77442,77443,77443,long,2286.27,2281.23855,loss,-53.614499999999495,50.31449999999994,0
77450,77451,77455,long,2302.29,2297.25855,loss,-53.614499999999495,50.31449999999994,4
77468,77469,77469,long,2304.05,2299.0185500000002,loss,-53.614499999999495,50.31449999999994,0
77487,77488,77488,long,2317.53,2325.0771750000004,win,72.17175000000152,50.31449999999994,0
77493,77494,77494,long,2322.85,2317.81855,loss,-53.614499999999495,50.31449999999994,0
77498,77499,77499,long,2348.05,2343.0185500000002,loss,-53.614499999999495,50.31449999999994,0
77526,77527,77528,long,2353.92,2361.467175,win,72.17175000000152,50.31449999999994,1
77584,77585,77589,long,2372.84,2380.3871750000003,win,72.17175000000152,50.31449999999994,4
77594,77595,77601,long,2395.08,2402.627175,win,72.17175000000152,50.31449999999994,6
77601,77602,77602,long,2403.21,2410.757175,win,72.17175000000152,50.31449999999994,0
77738,77739,77739,short,2336.6,2341.63145,loss,-53.614499999999495,50.31449999999994,0
77741,77742,77744,short,2334.6,2327.0528249999998,win,72.17175000000152,50.31449999999994,2
77744,77745,77748,short,2327.41,2332.44145,loss,-53.614499999999495,50.31449999999994,3
77750,77751,77751,short,2298.73,2303.76145,loss,-53.614499999999495,50.31449999999994,0
77758,77759,77759,short,2295.47,2300.5014499999997,loss,-53.614499999999495,50.31449999999994,0
77878,77879,77879,short,2293.23,2298.26145,loss,-53.614499999999495,50.31449999999994,0
77882,77883,77891,short,2289.92,2282.372825,win,72.17175000000152,50.31449999999994,8
78039,78040,78040,long,2333.39,2328.35855,loss,-53.614499999999495,50.31449999999994,0
78042,78043,78044,long,2334.83,2342.377175,win,72.17175000000152,50.31449999999994,1
78051,78052,78054,long,2353.4,2360.9471750000002,win,72.17175000000152,50.31449999999994,2
78056,78057,78058,long,2369.5,2377.047175,win,72.17175000000152,50.31449999999994,1
78132,78133,78133,long,2377.71,2385.257175,win,72.17175000000152,50.31449999999994,0
78139,78140,78142,long,2391.82,2386.78855,loss,-53.614499999999495,50.31449999999994,2
78176,78177,78177,long,2401.63,2409.1771750000003,win,72.17175000000152,50.31449999999994,0
78180,78181,78183,long,2414.3,2421.8471750000003,win,72.17175000000152,50.31449999999994,2
78184,78185,78186,long,2417.78,2425.3271750000004,win,72.17175000000152,50.31449999999994,1
78189,78190,78191,long,2437.63,2445.1771750000003,win,72.17175000000152,50.31449999999994,1
78191,78192,78192,long,2449.49,2444.45855,loss,-53.614499999999495,50.31449999999994,0
78262,78263,78263,short,2355.94,2360.97145,loss,-53.614499999999495,50.31449999999994,0
78269,78270,78272,short,2345.74,2338.1928249999996,win,72.17175000000152,50.31449999999994,2
78274,78275,78283,short,2331.38,2336.41145,loss,-53.614499999999495,50.31449999999994,8
78373,78374,78374,short,2324.82,2329.85145,loss,-53.614499999999495,50.31449999999994,0
78409,78410,78410,short,2322.72,2327.7514499999997,loss,-53.614499999999495,50.31449999999994,0
78417,78418,78421,short,2321.21,2326.24145,loss,-53.614499999999495,50.31449999999994,3
78451,78452,78452,short,2317.46,2322.49145,loss,-53.614499999999495,50.31449999999994,0
78484,78485,78490,long,2367.47,2362.43855,loss,-53.614499999999495,50.31449999999994,5
78503,78504,78507,long,2376.29,2371.25855,loss,-53.614499999999495,50.31449999999994,3
78509,78510,78511,long,2380.15,2375.11855,loss,-53.614499999999495,50.31449999999994,1
78519,78520,78520,short,2309.27,2314.30145,loss,-53.614499999999495,50.31449999999994,0
78521,78522,78522,short,2304.8,2309.83145,loss,-53.614499999999495,50.31449999999994,0
78524,78525,78525,short,2301.23,2293.682825,win,72.17175000000152,50.31449999999994,0
78715,78716,78719,long,2340.46,2335.42855,loss,-53.614499999999495,50.31449999999994,3
78724,78725,78725,long,2349.48,2357.027175,win,72.17175000000152,50.31449999999994,0
78734,78735,78735,long,2364.16,2359.12855,loss,-53.614499999999495,50.31449999999994,0
78739,78740,78740,long,2364.56,2359.52855,loss,-53.614499999999495,50.31449999999994,0
78742,78743,78747,long,2365.34,2360.30855,loss,-53.614499999999495,50.31449999999994,4
78816,78817,78817,short,2296.04,2301.07145,loss,-53.614499999999495,50.31449999999994,0
78924,78925,78928,long,2340.15,2347.6971750000002,win,72.17175000000152,50.31449999999994,3
78930,78931,78931,long,2350.47,2358.017175,win,72.17175000000152,50.31449999999994,0
78966,78967,78974,long,2363.99,2358.95855,loss,-53.614499999999495,50.31449999999994,7
78974,78975,78975,long,2372.15,2379.6971750000002,win,72.17175000000152,50.31449999999994,0
78977,78978,78980,long,2384.67,2392.217175,win,72.17175000000152,50.31449999999994,2
78980,78981,78983,long,2391.02,2385.98855,loss,-53.614499999999495,50.31449999999994,2
79066,79067,79067,long,2406.27,2401.23855,loss,-53.614499999999495,50.31449999999994,0
79094,79095,79096,long,2417.83,2412.79855,loss,-53.614499999999495,50.31449999999994,1
79111,79112,79113,long,2418.3,2413.2685500000002,loss,-53.614499999999495,50.31449999999994,1
79113,79114,79114,long,2419.09,2426.6371750000003,win,72.17175000000152,50.31449999999994,0
79129,79130,79132,long,2433.94,2441.487175,win,72.17175000000152,50.31449999999994,2
79132,79133,79135,long,2442.47,2437.43855,loss,-53.614499999999495,50.31449999999994,2
79136,79137,79137,long,2442.65,2450.1971750000002,win,72.17175000000152,50.31449999999994,0
79140,79141,79146,long,2464.67,2472.217175,win,72.17175000000152,50.31449999999994,5
79147,79148,79148,long,2479.51,2474.4785500000003,loss,-53.614499999999495,50.31449999999994,0
79159,79160,79160,long,2482.98,2477.94855,loss,-53.614499999999495,50.31449999999994,0
79227,79228,79228,short,2394.09,2399.12145,loss,-53.614499999999495,50.31449999999994,0
79285,79286,79287,short,2376.09,2368.542825,win,72.17175000000152,50.31449999999994,1
79290,79291,79291,short,2371.87,2376.90145,loss,-53.614499999999495,50.31449999999994,0
79295,79296,79296,short,2368.3,2373.33145,loss,-53.614499999999495,50.31449999999994,0
79297,79298,79301,short,2364.66,2357.1128249999997,win,72.17175000000152,50.31449999999994,3
79394,79395,79395,long,2433.6,2441.147175,win,72.17175000000152,50.31449999999994,0
79400,79401,79401,long,2451.26,2446.2285500000003,loss,-53.614499999999495,50.31449999999994,0
79412,79413,79413,long,2456.49,2451.45855,loss,-53.614499999999495,50.31449999999994,0
79424,79425,79427,long,2455.52,2463.067175,win,72.17175000000152,50.31449999999994,2
79434,79435,79435,long,2472.78,2467.7485500000003,loss,-53.614499999999495,50.31449999999994,0
79579,79580,79584,long,2470.42,2465.38855,loss,-53.614499999999495,50.31449999999994,4
79664,79665,79665,long,2491.55,2486.5185500000002,loss,-53.614499999999495,50.31449999999994,0
79668,79669,79670,long,2495.88,2503.4271750000003,win,72.17175000000152,50.31449999999994,1
79705,79706,79706,long,2514.92,2522.467175,win,72.17175000000152,50.31449999999994,0
79937,79938,79938,short,2489.48,2494.51145,loss,-53.614499999999495,50.31449999999994,0
79939,79940,79940,short,2478.81,2483.84145,loss,-53.614499999999495,50.31449999999994,0
79957,79958,79958,short,2473.11,2478.14145,loss,-53.614499999999495,50.31449999999994,0
80070,80071,80071,long,2526.49,2521.45855,loss,-53.614499999999495,50.31449999999994,0
80099,80100,80100,long,2528.6,2523.56855,loss,-53.614499999999495,50.31449999999994,0
80104,80105,80110,long,2554.06,2561.607175,win,72.17175000000152,50.31449999999994,5
80110,80111,80113,long,2561.56,2569.107175,win,72.17175000000152,50.31449999999994,2
80117,80118,80121,long,2569.81,2564.77855,loss,-53.614499999999495,50.31449999999994,3
80122,80123,80123,long,2575.85,2583.397175,win,72.17175000000152,50.31449999999994,0
80135,80136,80140,long,2585.41,2580.37855,loss,-53.614499999999495,50.31449999999994,4
80211,80212,80212,long,2591.86,2586.82855,loss,-53.614499999999495,50.31449999999994,0
80229,80230,80231,long,2593.83,2601.377175,win,72.17175000000152,50.31449999999994,1
80235,80236,80238,long,2613.23,2608.19855,loss,-53.614499999999495,50.31449999999994,2
80240,80241,80249,long,2622.71,2617.67855,loss,-53.614499999999495,50.31449999999994,8
80250,80251,80255,long,2625.45,2620.41855,loss,-53.614499999999495,50.31449999999994,4
80261,80262,80263,long,2631.84,2626.80855,loss,-53.614499999999495,50.31449999999994,1
80274,80275,80276,long,2634.09,2629.05855,loss,-53.614499999999495,50.31449999999994,1
80285,80286,80287,long,2643.57,2651.1171750000003,win,72.17175000000152,50.31449999999994,1
80287,80288,80290,long,2653.5,2661.047175,win,72.17175000000152,50.31449999999994,2
80296,80297,80297,long,2670.2,2665.16855,loss,-53.614499999999495,50.31449999999994,0
80327,80328,80328,long,2672.63,2680.1771750000003,win,72.17175000000152,50.31449999999994,0
80515,80516,80516,short,2620.91,2613.3628249999997,win,72.17175000000152,50.31449999999994,0
80540,80541,80549,short,2608.5,2613.53145,loss,-53.614499999999495,50.31449999999994,8
80631,80632,80633,long,2664.69,2659.65855,loss,-53.614499999999495,50.31449999999994,1
80634,80635,80635,long,2665.09,2660.05855,loss,-53.614499999999495,50.31449999999994,0
80640,80641,80645,long,2668.02,2675.567175,win,72.17175000000152,50.31449999999994,4
80647,80648,80649,long,2679.4,2674.36855,loss,-53.614499999999495,50.31449999999994,1
80651,80652,80652,long,2681.69,2676.65855,loss,-53.614499999999495,50.31449999999994,0
80663,80664,80665,long,2682.99,2677.95855,loss,-53.614499999999495,50.31449999999994,1
80667,80668,80671,long,2683.55,2678.5185500000002,loss,-53.614499999999495,50.31449999999994,3
80672,80673,80673,long,2687.47,2682.43855,loss,-53.614499999999495,50.31449999999994,0
80675,80676,80676,long,2688.78,2696.3271750000004,win,72.17175000000152,50.31449999999994,0
80686,80687,80690,long,2704.63,2712.1771750000003,win,72.17175000000152,50.31449999999994,3
80694,80695,80698,long,2711.44,2706.40855,loss,-53.614499999999495,50.31449999999994,3
80698,80699,80703,long,2713.59,2721.1371750000003,win,72.17175000000152,50.31449999999994,4
80703,80704,80709,long,2720.32,2727.8671750000003,win,72.17175000000152,50.31449999999994,5
80709,80710,80717,long,2726.45,2733.997175,win,72.17175000000152,50.31449999999994,7
80717,80718,80718,long,2734.51,2729.4785500000003,loss,-53.614499999999495,50.31449999999994,0
80720,80721,80722,long,2738.66,2733.62855,loss,-53.614499999999495,50.31449999999994,1
80745,80746,80746,long,2741.91,2736.87855,loss,-53.614499999999495,50.31449999999994,0
80747,80748,80755,long,2745.37,2740.33855,loss,-53.614499999999495,50.31449999999994,7
80758,80759,80762,long,2749.92,2757.467175,win,72.17175000000152,50.31449999999994,3
80859,80860,80860,long,2759.9,2767.4471750000002,win,72.17175000000152,50.31449999999994,0
80863,80864,80869,long,2769.82,2777.3671750000003,win,72.17175000000152,50.31449999999994,5
80874,80875,80881,long,2783.11,2778.07855,loss,-53.614499999999495,50.31449999999994,6
80886,80887,80893,long,2788.59,2783.55855,loss,-53.614499999999495,50.31449999999994,6
80962,80963,80963,short,2728.19,2733.22145,loss,-53.614499999999495,50.31449999999994,0
80989,80990,80990,short,2706.86,2711.89145,loss,-53.614499999999495,50.31449999999994,0
80994,80995,80995,short,2698.37,2703.40145,loss,-53.614499999999495,50.31449999999994,0
81004,81005,81005,short,2658.78,2663.81145,loss,-53.614499999999495,50.31449999999994,0
81007,81008,81008,short,2649.22,2654.2514499999997,loss,-53.614499999999495,50.31449999999994,0
81065,81066,81066,short,2635.31,2627.762825,win,72.17175000000152,50.31449999999994,0
81069,81070,81070,short,2612.3,2617.33145,loss,-53.614499999999495,50.31449999999994,0
81080,81081,81082,short,2606.62,2599.0728249999997,win,72.17175000000152,50.31449999999994,1
81082,81083,81083,short,2598.28,2603.31145,loss,-53.614499999999495,50.31449999999994,0
81084,81085,81085,short,2593.08,2598.11145,loss,-53.614499999999495,50.31449999999994,0
81114,81115,81115,short,2585.51,2577.962825,win,72.17175000000152,50.31449999999994,0
81122,81123,81127,short,2562.31,2554.762825,win,72.17175000000152,50.31449999999994,4
81130,81131,81132,short,2543.36,2548.39145,loss,-53.614499999999495,50.31449999999994,1
81214,81215,81219,long,2639.54,2634.50855,loss,-53.614499999999495,50.31449999999994,4
81227,81228,81229,long,2643.17,2650.717175,win,72.17175000000152,50.31449999999994,1
81235,81236,81237,long,2652.1,2659.647175,win,72.17175000000152,50.31449999999994,1
81242,81243,81244,long,2661.31,2668.857175,win,72.17175000000152,50.31449999999994,1
81246,81247,81248,long,2669.89,2664.85855,loss,-53.614499999999495,50.31449999999994,1
81253,81254,81260,long,2671.82,2679.3671750000003,win,72.17175000000152,50.31449999999994,6
81265,81266,81267,long,2692.77,2700.317175,win,72.17175000000152,50.31449999999994,1
81277,81278,81279,long,2711.0,2705.96855,loss,-53.614499999999495,50.31449999999994,1
81280,81281,81281,long,2715.0,2709.96855,loss,-53.614499999999495,50.31449999999994,0
81486,81487,81487,short,2617.41,2622.44145,loss,-53.614499999999495,50.31449999999994,0
81521,81522,81522,long,2665.53,2673.0771750000004,win,72.17175000000152,50.31449999999994,0
81541,81542,81542,long,2675.44,2670.40855,loss,-53.614499999999495,50.31449999999994,0
81543,81544,81544,long,2677.76,2672.7285500000003,loss,-53.614499999999495,50.31449999999994,0
81547,81548,81554,long,2692.31,2699.857175,win,72.17175000000152,50.31449999999994,6
81568,81569,81569,long,2706.28,2713.8271750000004,win,72.17175000000152,50.31449999999994,0
81576,81577,81578,long,2720.03,2714.9985500000003,loss,-53.614499999999495,50.31449999999994,1
81659,81660,81661,short,2636.85,2641.88145,loss,-53.614499999999495,50.31449999999994,1
81685,81686,81686,short,2634.48,2639.51145,loss,-53.614499999999495,50.31449999999994,0
81688,81689,81689,short,2604.41,2596.8628249999997,win,72.17175000000152,50.31449999999994,0
81879,81880,81881,long,2636.43,2643.977175,win,72.17175000000152,50.31449999999994,1
81881,81882,81884,long,2642.8,2637.7685500000002,loss,-53.614499999999495,50.31449999999994,2
81885,81886,81886,long,2647.58,2655.127175,win,72.17175000000152,50.31449999999994,0
81891,81892,81901,long,2659.77,2654.73855,loss,-53.614499999999495,50.31449999999994,9
81978,81979,81980,long,2665.98,2660.94855,loss,-53.614499999999495,50.31449999999994,1
81997,81998,81999,long,2670.3,2677.8471750000003,win,72.17175000000152,50.31449999999994,1
82014,82015,82019,long,2675.0,2682.547175,win,72.17175000000152,50.31449999999994,4
82019,82020,82021,long,2681.01,2675.9785500000003,loss,-53.614499999999495,50.31449999999994,1
82022,82023,82023,long,2682.56,2690.107175,win,72.17175000000152,50.31449999999994,0
82098,82099,82107,long,2696.78,2691.7485500000003,loss,-53.614499999999495,50.31449999999994,8
82108,82109,82110,long,2698.43,2705.977175,win,72.17175000000152,50.31449999999994,1
82114,82115,82118,long,2715.53,2723.0771750000004,win,72.17175000000152,50.31449999999994,3
82170,82171,82175,long,2724.92,2732.467175,win,72.17175000000152,50.31449999999994,4
82175,82176,82176,long,2729.57,2724.53855,loss,-53.614499999999495,50.31449999999994,0
82182,82183,82185,long,2737.98,2745.527175,win,72.17175000000152,50.31449999999994,2
82186,82187,82195,long,2744.57,2752.1171750000003,win,72.17175000000152,50.31449999999994,8
82200,82201,82203,long,2758.5,2753.46855,loss,-53.614499999999495,50.31449999999994,2
82238,82239,82239,long,2762.37,2769.917175,win,72.17175000000152,50.31449999999994,0
82242,82243,82245,long,2775.29,2770.25855,loss,-53.614499999999495,50.31449999999994,2
82247,82248,82250,long,2775.77,2783.317175,win,72.17175000000152,50.31449999999994,2
82342,82343,82343,long,2785.89,2780.85855,loss,-53.614499999999495,50.31449999999994,0
82346,82347,82350,long,2795.66,2790.62855,loss,-53.614499999999495,50.31449999999994,3
82351,82352,82362,long,2796.29,2791.25855,loss,-53.614499999999495,50.31449999999994,10
82363,82364,82364,long,2800.19,2807.737175,win,72.17175000000152,50.31449999999994,0
82389,82390,82390,long,2829.93,2824.89855,loss,-53.614499999999495,50.31449999999994,0
82411,82412,82412,long,2831.78,2839.3271750000004,win,72.17175000000152,50.31449999999994,0
82414,82415,82421,long,2840.67,2848.217175,win,72.17175000000152,50.31449999999994,6
82421,82422,82422,long,2845.42,2840.38855,loss,-53.614499999999495,50.31449999999994,0
82423,82424,82426,long,2851.03,2858.5771750000004,win,72.17175000000152,50.31449999999994,2
82428,82429,82430,long,2864.29,2871.837175,win,72.17175000000152,50.31449999999994,1
82435,82436,82436,long,2871.09,2878.6371750000003,win,72.17175000000152,50.31449999999994,0
82496,82497,82497,long,2888.61,2896.1571750000003,win,72.17175000000152,50.31449999999994,0
82501,82502,82504,long,2904.63,2899.59855,loss,-53.614499999999495,50.31449999999994,2
82504,82505,82506,long,2908.82,2903.78855,loss,-53.614499999999495,50.31449999999994,1
82512,82513,82514,long,2917.93,2925.477175,win,72.17175000000152,50.31449999999994,1
82588,82589,82594,long,2934.07,2929.03855,loss,-53.614499999999495,50.31449999999994,5
82645,82646,82649,long,2935.94,2930.90855,loss,-53.614499999999495,50.31449999999994,3
82650,82651,82651,long,2938.39,2933.35855,loss,-53.614499999999495,50.31449999999994,0
82657,82658,82658,long,2938.65,2946.1971750000002,win,72.17175000000152,50.31449999999994,0
82677,82678,82680,long,2946.94,2954.487175,win,72.17175000000152,50.31449999999994,2
82792,82793,82793,short,2891.17,2896.20145,loss,-53.614499999999495,50.31449999999994,0
82795,82796,82796,short,2881.22,2886.2514499999997,loss,-53.614499999999495,50.31449999999994,0
82801,82802,82802,short,2872.28,2877.31145,loss,-53.614499999999495,50.31449999999994,0
82813,82814,82814,short,2865.67,2858.122825,win,72.17175000000152,50.31449999999994,0
82817,82818,82818,short,2858.61,2851.062825,win,72.17175000000152,50.31449999999994,0
82823,82824,82824,short,2848.58,2841.032825,win,72.17175000000152,50.31449999999994,0
82904,82905,82905,long,2925.73,2920.69855,loss,-53.614499999999495,50.31449999999994,0
82939,82940,82940,long,2926.83,2921.79855,loss,-53.614499999999495,50.31449999999994,0
83010,83011,83011,long,2928.73,2936.277175,win,72.17175000000152,50.31449999999994,0
83016,83017,83020,long,2938.13,2945.6771750000003,win,72.17175000000152,50.31449999999994,3
83020,83021,83023,long,2944.33,2939.29855,loss,-53.614499999999495,50.31449999999994,2
83027,83028,83028,long,2947.88,2942.84855,loss,-53.614499999999495,50.31449999999994,0
83031,83032,83032,long,2950.45,2957.997175,win,72.17175000000152,50.31449999999994,0
83036,83037,83044,long,2983.46,2991.007175,win,72.17175000000152,50.31449999999994,7
83044,83045,83045,long,2992.72,2987.68855,loss,-53.614499999999495,50.31449999999994,0
83049,83050,83051,long,2992.99,2987.95855,loss,-53.614499999999495,50.31449999999994,1
83074,83075,83076,long,2999.11,2994.07855,loss,-53.614499999999495,50.31449999999994,1
83082,83083,83088,long,2999.46,3007.007175,win,72.17175000000152,50.31449999999994,5
83093,83094,83095,long,3015.74,3023.287175,win,72.17175000000152,50.31449999999994,1
83098,83099,83099,long,3026.9,3034.4471750000002,win,72.17175000000152,50.31449999999994,0
83103,83104,83104,long,3036.07,3031.03855,loss,-53.614499999999495,50.31449999999994,0
83113,83114,83115,long,3036.36,3043.9071750000003,win,72.17175000000152,50.31449999999994,1
83128,83129,83129,long,3046.86,3041.82855,loss,-53.614499999999495,50.31449999999994,0
83131,83132,83137,long,3049.98,3057.527175,win,72.17175000000152,50.31449999999994,5
83259,83260,83260,long,3054.62,3049.58855,loss,-53.614499999999495,50.31449999999994,0
83262,83263,83263,long,3057.72,3052.68855,loss,-53.614499999999495,50.31449999999994,0
83271,83272,83272,long,3061.97,3069.517175,win,72.17175000000152,50.31449999999994,0
83274,83275,83277,long,3075.33,3082.877175,win,72.17175000000152,50.31449999999994,2
83291,83292,83292,long,3085.53,3093.0771750000004,win,72.17175000000152,50.31449999999994,0
83295,83296,83296,long,3094.76,3102.3071750000004,win,72.17175000000152,50.31449999999994,0
83306,83307,83307,long,3124.63,3119.59855,loss,-53.614499999999495,50.31449999999994,0
83317,83318,83318,long,3127.24,3134.787175,win,72.17175000000152,50.31449999999994,0
83362,83363,83363,long,3162.57,3157.53855,loss,-53.614499999999495,50.31449999999994,0
83401,83402,83402,short,3021.7,3026.7314499999998,loss,-53.614499999999495,50.31449999999994,0
83407,83408,83408,short,3009.31,3014.34145,loss,-53.614499999999495,50.31449999999994,0
83425,83426,83426,short,2970.42,2962.872825,win,72.17175000000152,50.31449999999994,0
83495,83496,83496,long,3162.71,3170.257175,win,72.17175000000152,50.31449999999994,0
83498,83499,83499,long,3175.67,3183.217175,win,72.17175000000152,50.31449999999994,0
83510,83511,83511,long,3227.73,3222.69855,loss,-53.614499999999495,50.31449999999994,0
83513,83514,83514,long,3233.64,3228.60855,loss,-53.614499999999495,50.31449999999994,0
83516,83517,83517,long,3240.56,3235.52855,loss,-53.614499999999495,50.31449999999994,0
83568,83569,83569,long,3241.5,3249.047175,win,72.17175000000152,50.31449999999994,0
83573,83574,83574,long,3281.45,3276.41855,loss,-53.614499999999495,50.31449999999994,0
83582,83583,83583,long,3307.4,3302.36855,loss,-53.614499999999495,50.31449999999994,0
83585,83586,83586,long,3325.34,3332.8871750000003,win,72.17175000000152,50.31449999999994,0
83590,83591,83591,long,3343.21,3350.757175,win,72.17175000000152,50.31449999999994,0
83616,83617,83617,long,3368.8,3376.3471750000003,win,72.17175000000152,50.31449999999994,0
83621,83622,83622,long,3385.44,3392.987175,win,72.17175000000152,50.31449999999994,0
83624,83625,83627,long,3392.77,3387.73855,loss,-53.614499999999495,50.31449999999994,2
83631,83632,83632,long,3422.95,3417.91855,loss,-53.614499999999495,50.31449999999994,0
83634,83635,83635,long,3426.46,3421.42855,loss,-53.614499999999495,50.31449999999994,0
83637,83638,83638,long,3431.15,3438.6971750000002,win,72.17175000000152,50.31449999999994,0
83640,83641,83641,long,3452.94,3447.90855,loss,-53.614499999999495,50.31449999999994,0
83644,83645,83645,long,3494.45,3489.41855,loss,-53.614499999999495,50.31449999999994,0
83740,83741,83741,short,3274.31,3279.34145,loss,-53.614499999999495,50.31449999999994,0
83787,83788,83788,short,3272.35,3277.38145,loss,-53.614499999999495,50.31449999999994,0
83800,83801,83801,short,3246.39,3238.8428249999997,win,72.17175000000152,50.31449999999994,0
83803,83804,83804,short,3229.3,3221.752825,win,72.17175000000152,50.31449999999994,0
83809,83810,83810,short,3218.42,3223.45145,loss,-53.614499999999495,50.31449999999994,0
83811,83812,83812,short,3205.24,3210.2714499999997,loss,-53.614499999999495,50.31449999999994,0
83870,83871,83871,long,3379.63,3374.59855,loss,-53.614499999999495,50.31449999999994,0
83878,83879,83879,long,3383.21,3378.17855,loss,-53.614499999999495,50.31449999999994,0
83881,83882,83883,long,3391.08,3386.04855,loss,-53.614499999999495,50.31449999999994,1
83884,83885,83885,long,3395.11,3402.6571750000003,win,72.17175000000152,50.31449999999994,0
83968,83969,83969,short,3223.46,3228.49145,loss,-53.614499999999495,50.31449999999994,0
83970,83971,83972,short,3214.92,3219.95145,loss,-53.614499999999495,50.31449999999994,1
84019,84020,84020,short,3184.59,3189.62145,loss,-53.614499999999495,50.31449999999994,0
84021,84022,84023,short,3181.68,3186.71145,loss,-53.614499999999495,50.31449999999994,1
84025,84026,84026,short,3171.71,3176.74145,loss,-53.614499999999495,50.31449999999994,0
84032,84033,84034,short,3153.83,3146.282825,win,72.17175000000152,50.31449999999994,1
84113,84114,84114,long,3282.48,3277.44855,loss,-53.614499999999495,50.31449999999994,0
84116,84117,84118,long,3286.48,3294.027175,win,72.17175000000152,50.31449999999994,1
84120,84121,84121,long,3296.59,3291.55855,loss,-53.614499999999495,50.31449999999994,0
84122,84123,84123,long,3303.28,3298.2485500000003,loss,-53.614499999999495,50.31449999999994,0
84125,84126,84126,long,3307.39,3302.35855,loss,-53.614499999999495,50.31449999999994,0
84127,84128,84128,long,3316.19,3311.15855,loss,-53.614499999999495,50.31449999999994,0
84144,84145,84146,long,3319.97,3327.517175,win,72.17175000000152,50.31449999999994,1
84179,84180,84180,long,3347.86,3355.4071750000003,win,72.17175000000152,50.31449999999994,0
84182,84183,84183,long,3359.05,3354.0185500000002,loss,-53.614499999999495,50.31449999999994,0
84185,84186,84188,long,3362.47,3357.43855,loss,-53.614499999999495,50.31449999999994,2
84257,84258,84258,short,3259.68,3264.71145,loss,-53.614499999999495,50.31449999999994,0
84317,84318,84318,long,3370.93,3378.477175,win,72.17175000000152,50.31449999999994,0
84322,84323,84325,long,3379.25,3386.797175,win,72.17175000000152,50.31449999999994,2
84325,84326,84326,long,3390.05,3385.0185500000002,loss,-53.614499999999495,50.31449999999994,0
84383,84384,84384,long,3399.97,3394.93855,loss,-53.614499999999495,50.31449999999994,0
84511,84512,84512,long,3416.45,3423.997175,win,72.17175000000152,50.31449999999994,0
84532,84533,84533,long,3448.22,3443.18855,loss,-53.614499999999495,50.31449999999994,0
84629,84630,84631,short,3344.54,3349.57145,loss,-53.614499999999495,50.31449999999994,1
84636,84637,84637,short,3344.3,3349.33145,loss,-53.614499999999495,50.31449999999994,0
84669,84670,84670,short,3344.09,3349.12145,loss,-53.614499999999495,50.31449999999994,0
84675,84676,84676,short,3332.07,3324.522825,win,72.17175000000152,50.31449999999994,0
84679,84680,84680,short,3318.31,3323.34145,loss,-53.614499999999495,50.31449999999994,0
84682,84683,84683,short,3314.45,3306.9028249999997,win,72.17175000000152,50.31449999999994,0
84742,84743,84744,short,3294.15,3299.18145,loss,-53.614499999999495,50.31449999999994,1
84746,84747,84747,short,3284.31,3289.34145,loss,-53.614499999999495,50.31449999999994,0
84748,84749,84749,short,3282.6,3287.63145,loss,-53.614499999999495,50.31449999999994,0
84750,84751,84751,short,3281.1,3273.5528249999998,win,72.17175000000152,50.31449999999994,0
84760,84761,84761,short,3263.56,3268.59145,loss,-53.614499999999495,50.31449999999994,0
84826,84827,84829,long,3354.97,3362.517175,win,72.17175000000152,50.31449999999994,2
84829,84830,84830,long,3361.96,3356.92855,loss,-53.614499999999495,50.31449999999994,0
84921,84922,84922,short,3288.37,3293.40145,loss,-53.614499999999495,50.31449999999994,0
84927,84928,84928,short,3284.86,3289.89145,loss,-53.614499999999495,50.31449999999994,0
84986,84987,84989,long,3369.37,3364.33855,loss,-53.614499999999495,50.31449999999994,2
84995,84996,84996,long,3371.95,3366.91855,loss,-53.614499999999495,50.31449999999994,0
84998,84999,84999,long,3372.12,3367.08855,loss,-53.614499999999495,50.31449999999994,0
85114,85115,85115,long,3375.16,3382.707175,win,72.17175000000152,50.31449999999994,0
85138,85139,85139,long,3407.54,3415.087175,win,72.17175000000152,50.31449999999994,0
85231,85232,85232,short,3302.02,3307.05145,loss,-53.614499999999495,50.31449999999994,0
85278,85279,85279,short,3301.95,3294.4028249999997,win,72.17175000000152,50.31449999999994,0
85282,85283,85283,short,3280.03,3272.482825,win,72.17175000000152,50.31449999999994,0
85344,85345,85345,long,3370.28,3365.2485500000003,loss,-53.614499999999495,50.31449999999994,0
85346,85347,85347,long,3383.19,3378.15855,loss,-53.614499999999495,50.31449999999994,0
85370,85371,85372,long,3385.08,3380.04855,loss,-53.614499999999495,50.31449999999994,1
85409,85410,85410,long,3396.06,3391.02855,loss,-53.614499999999495,50.31449999999994,0
85421,85422,85422,long,3399.81,3394.77855,loss,-53.614499999999495,50.31449999999994,0
85423,85424,85424,long,3405.43,3400.39855,loss,-53.614499999999495,50.31449999999994,0
85468,85469,85470,short,3343.67,3348.70145,loss,-53.614499999999495,50.31449999999994,1
85485,85486,85486,short,3337.18,3342.21145,loss,-53.614499999999495,50.31449999999994,0
85533,85534,85536,short,3334.18,3339.21145,loss,-53.614499999999495,50.31449999999994,2
85538,85539,85540,short,3333.2,3338.2314499999998,loss,-53.614499999999495,50.31449999999994,1
85562,85563,85563,short,3326.94,3331.97145,loss,-53.614499999999495,50.31449999999994,0
85600,85601,85602,short,3325.39,3317.8428249999997,win,72.17175000000152,50.31449999999994,1
85605,85606,85613,short,3315.7,3320.7314499999998,loss,-53.614499999999495,50.31449999999994,7
85669,85670,85670,long,3373.8,3368.7685500000002,loss,-53.614499999999495,50.31449999999994,0
85672,85673,85674,long,3374.17,3369.13855,loss,-53.614499999999495,50.31449999999994,1
85692,85693,85697,long,3374.33,3369.29855,loss,-53.614499999999495,50.31449999999994,4
85701,85702,85702,long,3383.36,3378.32855,loss,-53.614499999999495,50.31449999999994,0
85716,85717,85718,long,3386.66,3381.62855,loss,-53.614499999999495,50.31449999999994,1
85720,85721,85725,long,3389.7,3384.66855,loss,-53.614499999999495,50.31449999999994,4
85740,85741,85748,long,3395.48,3390.44855,loss,-53.614499999999495,50.31449999999994,7
85755,85756,85757,long,3400.73,3395.69855,loss,-53.614499999999495,50.31449999999994,1
85758,85759,85759,long,3404.08,3399.04855,loss,-53.614499999999495,50.31449999999994,0
85760,85761,85763,long,3407.22,3414.767175,win,72.17175000000152,50.31449999999994,2
85763,85764,85766,long,3415.49,3423.037175,win,72.17175000000152,50.31449999999994,2
85783,85784,85784,long,3428.86,3436.4071750000003,win,72.17175000000152,50.31449999999994,0
85789,85790,85790,long,3452.61,3447.57855,loss,-53.614499999999495,50.31449999999994,0
85794,85795,85795,long,3457.35,3464.897175,win,72.17175000000152,50.31449999999994,0
85815,85816,85816,long,3497.84,3492.80855,loss,-53.614499999999495,50.31449999999994,0
85828,85829,85829,long,3511.09,3518.6371750000003,win,72.17175000000152,50.31449999999994,0
85833,85834,85835,long,3536.96,3531.92855,loss,-53.614499999999495,50.31449999999994,1
85838,85839,85839,long,3538.75,3533.71855,loss,-53.614499999999495,50.31449999999994,0
85845,85846,85846,long,3540.05,3535.0185500000002,loss,-53.614499999999495,50.31449999999994,0
85848,85849,85849,long,3547.58,3542.54855,loss,-53.614499999999495,50.31449999999994,0
85895,85896,85896,long,3580.35,3575.31855,loss,-53.614499999999495,50.31449999999994,0
85899,85900,85903,long,3595.4,3590.36855,loss,-53.614499999999495,50.31449999999994,3
85912,85913,85913,long,3598.06,3605.607175,win,72.17175000000152,50.31449999999994,0
85930,85931,85931,long,3646.43,3653.977175,win,72.17175000000152,50.31449999999994,0
85933,85934,85935,long,3655.01,3649.9785500000003,loss,-53.614499999999495,50.31449999999994,1
85942,85943,85943,long,3666.03,3660.9985500000003,loss,-53.614499999999495,50.31449999999994,0
86036,86037,86037,long,3680.52,3675.48855,loss,-53.614499999999495,50.31449999999994,0
86038,86039,86039,long,3681.67,3676.63855,loss,-53.614499999999495,50.31449999999994,0
86044,86045,86045,long,3686.42,3681.38855,loss,-53.614499999999495,50.31449999999994,0
86050,86051,86051,long,3693.41,3688.37855,loss,-53.614499999999495,50.31449999999994,0
86052,86053,86056,long,3694.26,3689.2285500000003,loss,-53.614499999999495,50.31449999999994,3
86142,86143,86143,long,3714.45,3709.41855,loss,-53.614499999999495,50.31449999999994,0
86144,86145,86146,long,3720.44,3727.987175,win,72.17175000000152,50.31449999999994,1
86151,86152,86153,long,3736.19,3743.737175,win,72.17175000000152,50.31449999999994,1
86158,86159,86160,long,3747.82,3755.3671750000003,win,72.17175000000152,50.31449999999994,1
86160,86161,86161,long,3754.56,3749.52855,loss,-53.614499999999495,50.31449999999994,0
86167,86168,86168,long,3774.25,3781.797175,win,72.17175000000152,50.31449999999994,0
86251,86252,86252,long,3787.11,3782.07855,loss,-53.614499999999495,50.31449999999994,0
86253,86254,86255,long,3792.93,3800.477175,win,72.17175000000152,50.31449999999994,1
86259,86260,86260,long,3818.58,3813.54855,loss,-53.614499999999495,50.31449999999994,0
86262,86263,86263,long,3828.97,3823.93855,loss,-53.614499999999495,50.31449999999994,0
86266,86267,86268,long,3830.18,3825.14855,loss,-53.614499999999495,50.31449999999994,1
86271,86272,86272,long,3833.86,3828.82855,loss,-53.614499999999495,50.31449999999994,0
86274,86275,86275,long,3838.66,3846.207175,win,72.17175000000152,50.31449999999994,0
86277,86278,86280,long,3864.53,3859.4985500000003,loss,-53.614499999999495,50.31449999999994,2
86304,86305,86305,long,3879.18,3886.727175,win,72.17175000000152,50.31449999999994,0
86364,86365,86365,long,3899.75,3907.297175,win,72.17175000000152,50.31449999999994,0
86367,86368,86369,long,3917.84,3925.3871750000003,win,72.17175000000152,50.31449999999994,1
86373,86374,86374,long,3941.47,3936.43855,loss,-53.614499999999495,50.31449999999994,0
86379,86380,86380,long,3944.42,3951.967175,win,72.17175000000152,50.31449999999994,0
86387,86388,86388,long,3963.2,3970.747175,win,72.17175000000152,50.31449999999994,0
86392,86393,86394,long,3973.21,3968.17855,loss,-53.614499999999495,50.31449999999994,1
86401,86402,86402,long,3979.28,3974.2485500000003,loss,-53.614499999999495,50.31449999999994,0
86403,86404,86404,long,3985.44,3980.40855,loss,-53.614499999999495,50.31449999999994,0
86410,86411,86412,long,3989.42,3996.967175,win,72.17175000000152,50.31449999999994,1
86413,86414,86414,long,4000.23,4007.777175,win,72.17175000000152,50.31449999999994,0
86428,86429,86429,long,4056.4,4051.36855,loss,-53.614499999999495,50.31449999999994,0
86486,86487,86487,long,4063.49,4071.037175,win,72.17175000000152,50.31449999999994,0
86491,86492,86492,long,4080.69,4075.65855,loss,-53.614499999999495,50.31449999999994,0
86494,86495,86495,long,4093.67,4101.217175,win,72.17174999999698,50.31449999999994,0
86500,86501,86503,long,4108.39,4115.937175,win,72.17174999999698,50.31449999999994,2
86505,86506,86506,long,4136.97,4144.517175,win,72.17174999999698,50.31449999999994,0
86528,86529,86529,long,4181.51,4176.47855,loss,-53.61450000000404,50.31449999999994,0
86530,86531,86531,long,4186.86,4181.828549999999,loss,-53.61450000000404,50.31449999999994,0
86533,86534,86534,long,4199.07,4206.617174999999,win,72.17174999999698,50.31449999999994,0
86546,86547,86548,long,4210.17,4205.13855,loss,-53.61450000000404,50.31449999999994,1
86548,86549,86549,long,4213.14,4208.10855,loss,-53.61450000000404,50.31449999999994,0
86551,86552,86552,long,4229.98,4237.527174999999,win,72.17174999999698,50.31449999999994,0
86559,86560,86561,long,4239.23,4246.777174999999,win,72.17174999999698,50.31449999999994,1
86563,86564,86564,long,4246.03,4253.577174999999,win,72.17174999999698,50.31449999999994,0
86569,86570,86570,long,4307.48,4315.027174999999,win,72.17174999999698,50.31449999999994,0
86576,86577,86577,long,4366.64,4361.60855,loss,-53.61450000000404,50.31449999999994,0
86615,86616,86616,long,4378.12,4373.0885499999995,loss,-53.61450000000404,50.31449999999994,0
86641,86642,86642,short,4092.96,4085.412825,win,72.17175000000152,50.31449999999994,0
86650,86651,86651,short,4070.35,4075.38145,loss,-53.614499999999495,50.31449999999994,0
86656,86657,86657,short,4014.97,4020.0014499999997,loss,-53.614499999999495,50.31449999999994,0
86725,86726,86726,short,3987.82,3992.85145,loss,-53.614499999999495,50.31449999999994,0
86731,86732,86732,short,3984.46,3989.49145,loss,-53.614499999999495,50.31449999999994,0
86738,86739,86739,short,3973.57,3978.60145,loss,-53.614499999999495,50.31449999999994,0
86941,86942,86942,long,4043.8,4038.7685500000002,loss,-53.614499999999495,50.31449999999994,0
86951,86952,86952,long,4085.11,4092.6571750000003,win,72.17175000000152,50.31449999999994,0
86957,86958,86958,long,4102.19,4109.737174999999,win,72.17174999999698,50.31449999999994,0
86961,86962,86963,long,4115.26,4122.807175,win,72.17174999999698,50.31449999999994,1
87001,87002,87002,long,4181.24,4188.7871749999995,win,72.17174999999698,50.31449999999994,0
87012,87013,87013,long,4213.14,4208.10855,loss,-53.61450000000404,50.31449999999994,0
87016,87017,87017,long,4219.66,4227.207175,win,72.17174999999698,50.31449999999994,0
87021,87022,87022,long,4242.3,4237.26855,loss,-53.61450000000404,50.31449999999994,0
87084,87085,87085,short,4008.8,4013.83145,loss,-53.614499999999495,50.31449999999994,0
87190,87191,87192,long,4133.02,4127.98855,loss,-53.61450000000404,50.31449999999994,1
87195,87196,87196,long,4150.76,4145.72855,loss,-53.61450000000404,50.31449999999994,0
87198,87199,87199,long,4150.86,4145.828549999999,loss,-53.61450000000404,50.31449999999994,0
87218,87219,87219,long,4161.28,4168.827174999999,win,72.17174999999698,50.31449999999994,0
87227,87228,87228,long,4171.5,4166.46855,loss,-53.61450000000404,50.31449999999994,0
87259,87260,87260,long,4180.5,4188.047175,win,72.17174999999698,50.31449999999994,0
87273,87274,87274,long,4197.39,4192.35855,loss,-53.61450000000404,50.31449999999994,0
87279,87280,87280,long,4221.53,4229.077174999999,win,72.17174999999698,50.31449999999994,0
87290,87291,87291,long,4255.98,4250.948549999999,loss,-53.61450000000404,50.31449999999994,0
87479,87480,87480,long,4256.24,4251.208549999999,loss,-53.61450000000404,50.31449999999994,0
87485,87486,87486,long,4281.72,4276.68855,loss,-53.61450000000404,50.31449999999994,0
87493,87494,87494,long,4282.7,4290.2471749999995,win,72.17174999999698,50.31449999999994,0
87500,87501,87501,long,4340.88,4335.84855,loss,-53.61450000000404,50.31449999999994,0
87518,87519,87520,long,4346.78,4341.748549999999,loss,-53.61450000000404,50.31449999999994,1
87595,87596,87596,long,4360.39,4355.35855,loss,-53.61450000000404,50.31449999999994,0
87625,87626,87626,long,4365.05,4372.597175,win,72.17174999999698,50.31449999999994,0
87638,87639,87639,long,4423.63,4418.59855,loss,-53.61450000000404,50.31449999999994,0
87640,87641,87641,long,4431.83,4439.377175,win,72.17174999999698,50.31449999999994,0
87646,87647,87647,long,4447.45,4454.9971749999995,win,72.17174999999698,50.31449999999994,0
87659,87660,87660,long,4493.42,4488.38855,loss,-53.61450000000404,50.31449999999994,0
87668,87669,87669,long,4497.42,4492.38855,loss,-53.61450000000404,50.31449999999994,0
87670,87671,87671,long,4503.12,4510.667175,win,72.17174999999698,50.31449999999994,0
87698,87699,87699,long,4518.74,4513.708549999999,loss,-53.61450000000404,50.31449999999994,0
87703,87704,87704,long,4525.36,4520.328549999999,loss,-53.61450000000404,50.31449999999994,0
87705,87706,87706,long,4546.5,4541.46855,loss,-53.61450000000404,50.31449999999994,0
87764,87765,87765,short,4285.83,4290.86145,loss,-53.61450000000404,50.31449999999994,0
87911,87912,87912,long,4512.77,4507.73855,loss,-53.61450000000404,50.31449999999994,0
87918,87919,87919,long,4539.94,4547.487174999999,win,72.17174999999698,50.31449999999994,0
87927,87928,87928,long,4596.74,4591.708549999999,loss,-53.61450000000404,50.31449999999994,0
87932,87933,87933,long,4615.71,4610.67855,loss,-53.61450000000404,50.31449999999994,0
87934,87935,87935,long,4620.77,4615.73855,loss,-53.61450000000404,50.31449999999994,0
87956,87957,87957,long,4629.4,4624.368549999999,loss,-53.61450000000404,50.31449999999994,0
87971,87972,87972,long,4637.4,4632.368549999999,loss,-53.61450000000404,50.31449999999994,0
87977,87978,87978,long,4638.66,4633.628549999999,loss,-53.61450000000404,50.31449999999994,0
87984,87985,87985,long,4639.1,4634.06855,loss,-53.61450000000404,50.31449999999994,0
88033,88034,88034,long,4672.52,4667.48855,loss,-53.61450000000404,50.31449999999994,0
88040,88041,88041,long,4677.75,4672.71855,loss,-53.61450000000404,50.31449999999994,0
88058,88059,88059,long,4680.05,4687.597175,win,72.17174999999698,50.31449999999994,0
88062,88063,88063,long,4716.07,4723.617174999999,win,72.17174999999698,50.31449999999994,0
88066,88067,88067,long,4732.39,4727.35855,loss,-53.61450000000404,50.31449999999994,0
88068,88069,88069,long,4737.09,4732.05855,loss,-53.61450000000404,50.31449999999994,0
88071,88072,88072,long,4753.27,4748.23855,loss,-53.61450000000404,50.31449999999994,0
88076,88077,88077,long,4762.12,4769.667175,win,72.17174999999698,50.31449999999994,0
88091,88092,88092,long,4879.28,4874.248549999999,loss,-53.61450000000404,50.31449999999994,0
88118,88119,88119,long,4904.3,4911.847175,win,72.17174999999698,50.31449999999994,0
88121,88122,88122,long,4916.99,4924.5371749999995,win,72.17174999999698,50.31449999999994,0
88140,88141,88141,long,4980.54,4975.50855,loss,-53.61450000000404,50.31449999999994,0
88143,88144,88144,long,4983.96,4978.92855,loss,-53.61450000000404,50.31449999999994,0
88145,88146,88146,long,5012.68,5007.64855,loss,-53.61450000000404,50.31449999999994,0
88154,88155,88155,long,5088.67,5083.63855,loss,-53.61450000000404,50.31449999999994,0
88157,88158,88158,long,5091.51,5086.47855,loss,-53.61450000000404,50.31449999999994,0
88161,88162,88162,long,5096.1,5091.06855,loss,-53.61450000000404,50.31449999999994,0
88164,88165,88165,long,5100.86,5095.828549999999,loss,-53.61450000000404,50.31449999999994,0
88190,88191,88191,long,5176.68,5171.64855,loss,-53.61450000000404,50.31449999999994,0
88194,88195,88195,long,5204.58,5212.127175,win,72.17174999999698,50.31449999999994,0
88209,88210,88210,long,5299.9,5294.868549999999,loss,-53.61450000000404,50.31449999999994,0
88212,88213,88213,long,5325.31,5332.857175,win,72.17174999999698,50.31449999999994,0
88219,88220,88220,long,5545.6,5540.56855,loss,-53.61450000000404,50.31449999999994,0
88259,88260,88260,short,4848.6,4853.631450000001,loss,-53.61450000000404,50.31449999999994,0
88261,88262,88262,short,4742.47,4747.501450000001,loss,-53.61450000000404,50.31449999999994,0
88263,88264,88264,short,4736.46,4741.49145,loss,-53.61450000000404,50.31449999999994,0
88267,88268,88268,short,4549.05,4554.081450000001,loss,-53.61450000000404,50.31449999999994,0
88433,88434,88434,long,5093.04,5088.00855,loss,-53.61450000000404,50.31449999999994,0
88518,88519,88519,short,4888.77,4893.801450000001,loss,-53.61450000000404,50.31449999999994,0
88526,88527,88527,short,4870.38,4875.4114500000005,loss,-53.61450000000404,50.31449999999994,0
88535,88536,88536,short,4859.19,4864.22145,loss,-53.61450000000404,50.31449999999994,0
88601,88602,88602,long,5079.28,5086.827174999999,win,72.17174999999698,50.31449999999994,0
88607,88608,88608,long,5173.59,5168.55855,loss,-53.61450000000404,50.31449999999994,0
88619,88620,88620,long,5192.13,5187.09855,loss,-53.61450000000404,50.31449999999994,0
88624,88625,88625,long,5215.35,5222.897175,win,72.17174999999698,50.31449999999994,0
88712,88713,88713,long,5239.21,5234.17855,loss,-53.61450000000404,50.31449999999994,0
88715,88716,88717,long,5244.94,5252.487174999999,win,72.17174999999698,50.31449999999994,1
88726,88727,88727,long,5387.27,5394.817175,win,72.17174999999698,50.31449999999994,0
88757,88758,88758,short,5038.69,5043.72145,loss,-53.61450000000404,50.31449999999994,0
88942,88943,88943,short,5041.77,5046.801450000001,loss,-53.61450000000404,50.31449999999994,0
88947,88948,88948,short,5016.72,5021.751450000001,loss,-53.61450000000404,50.31449999999994,0
88950,88951,88951,short,4997.32,5002.35145,loss,-53.61450000000404,50.31449999999994,0
88958,88959,88959,short,4994.95,4999.98145,loss,-53.61450000000404,50.31449999999994,0
89007,89008,89008,short,4967.59,4972.621450000001,loss,-53.61450000000404,50.31449999999994,0
89015,89016,89016,short,4852.81,4857.841450000001,loss,-53.61450000000404,50.31449999999994,0
89026,89027,89027,short,4763.57,4768.60145,loss,-53.61450000000404,50.31449999999994,0
89057,89058,89058,short,4563.73,4568.76145,loss,-53.61450000000404,50.31449999999994,0
89061,89062,89062,short,4499.73,4504.76145,loss,-53.61450000000404,50.31449999999994,0
89063,89064,89064,short,4488.23,4493.26145,loss,-53.61450000000404,50.31449999999994,0
89065,89066,89066,short,4464.7,4469.73145,loss,-53.61450000000404,50.31449999999994,0
89069,89070,89070,short,4352.71,4357.74145,loss,-53.61450000000404,50.31449999999994,0
89071,89072,89072,short,4309.78,4302.232825,win,72.17174999999698,50.31449999999994,0
89205,89206,89206,long,4605.15,4600.118549999999,loss,-53.61450000000404,50.31449999999994,0
89217,89218,89218,long,4607.98,4602.948549999999,loss,-53.61450000000404,50.31449999999994,0
89219,89220,89220,long,4609.13,4616.677175,win,72.17174999999698,50.31449999999994,0
89226,89227,89227,long,4696.22,4703.767175,win,72.17174999999698,50.31449999999994,0
89233,89234,89234,long,4730.62,4725.5885499999995,loss,-53.61450000000404,50.31449999999994,0
89237,89238,89238,long,4731.41,4738.957175,win,72.17174999999698,50.31449999999994,0
89241,89242,89242,long,4760.71,4768.257175,win,72.17174999999698,50.31449999999994,0
89317,89318,89318,long,4818.18,4813.14855,loss,-53.61450000000404,50.31449999999994,0
89428,89429,89429,long,4835.15,4842.697174999999,win,72.17174999999698,50.31449999999994,0
89435,89436,89436,long,4847.01,4841.97855,loss,-53.61450000000404,50.31449999999994,0
89493,89494,89494,long,4881.31,4876.27855,loss,-53.61450000000404,50.31449999999994,0
89544,89545,89545,short,4709.11,4714.14145,loss,-53.61450000000404,50.31449999999994,0
89597,89598,89598,short,4676.58,4669.032825,win,72.17174999999698,50.31449999999994,0
89601,89602,89602,short,4671.61,4676.64145,loss,-53.61450000000404,50.31449999999994,0
89633,89634,89634,short,4669.95,4674.98145,loss,-53.61450000000404,50.31449999999994,0
89643,89644,89644,short,4668.88,4673.9114500000005,loss,-53.61450000000404,50.31449999999994,0
89645,89646,89646,short,4667.38,4659.832825,win,72.17174999999698,50.31449999999994,0
89650,89651,89651,short,4604.51,4609.541450000001,loss,-53.61450000000404,50.31449999999994,0
89673,89674,89674,short,4555.16,4560.19145,loss,-53.61450000000404,50.31449999999994,0
89676,89677,89677,short,4544.75,4549.78145,loss,-53.61450000000404,50.31449999999994,0
89748,89749,89749,short,4521.37,4526.40145,loss,-53.61450000000404,50.31449999999994,0
89786,89787,89787,long,4680.94,4675.908549999999,loss,-53.61450000000404,50.31449999999994,0
89808,89809,89809,long,4738.5,4733.46855,loss,-53.61450000000404,50.31449999999994,0
89814,89815,89815,long,4749.95,4744.918549999999,loss,-53.61450000000404,50.31449999999994,0
89816,89817,89817,long,4762.61,4757.578549999999,loss,-53.61450000000404,50.31449999999994,0
89870,89871,89871,long,4767.39,4762.35855,loss,-53.61450000000404,50.31449999999994,0
89939,89940,89940,short,4651.85,4656.881450000001,loss,-53.61450000000404,50.31449999999994,0
89944,89945,89945,short,4605.58,4598.032825,win,72.17174999999698,50.31449999999994,0
89948,89949,89949,short,4554.15,4559.18145,loss,-53.61450000000404,50.31449999999994,0
89953,89954,89954,short,4533.18,4538.211450000001,loss,-53.61450000000404,50.31449999999994,0
89963,89964,89964,short,4514.52,4519.551450000001,loss,-53.61450000000404,50.31449999999994,0
89999,90000,90000,short,4503.35,4508.381450000001,loss,-53.61450000000404,50.31449999999994,0
90004,90005,90005,short,4493.22,4485.672825000001,win,72.17174999999698,50.31449999999994,0
90010,90011,90011,short,4481.14,4486.171450000001,loss,-53.61450000000404,50.31449999999994,0
90132,90133,90133,short,4446.62,4451.65145,loss,-53.61450000000404,50.31449999999994,0
90135,90136,90136,short,4427.13,4432.1614500000005,loss,-53.61450000000404,50.31449999999994,0
90146,90147,90147,short,4410.1,4402.552825000001,win,72.17174999999698,50.31449999999994,0
90296,90297,90297,short,4365.9,4370.93145,loss,-53.61450000000404,50.31449999999994,0
90298,90299,90299,short,4335.43,4340.461450000001,loss,-53.61450000000404,50.31449999999994,0
90301,90302,90302,short,4322.17,4314.622825,win,72.17174999999698,50.31449999999994,0
90304,90305,90305,short,4317.19,4322.22145,loss,-53.61450000000404,50.31449999999994,0
90308,90309,90309,short,4310.3,4315.331450000001,loss,-53.61450000000404,50.31449999999994,0
90311,90312,90312,short,4292.15,4297.18145,loss,-53.61450000000404,50.31449999999994,0
90314,90315,90315,short,4288.93,4293.961450000001,loss,-53.61450000000404,50.31449999999994,0
90344,90345,90345,short,4272.17,4277.2014500000005,loss,-53.61450000000404,50.31449999999994,0
90350,90351,90351,short,4237.06,4242.091450000001,loss,-53.61450000000404,50.31449999999994,0
90360,90361,90361,short,4168.86,4173.89145,loss,-53.61450000000404,50.31449999999994,0
90363,90364,90364,short,4147.38,4152.4114500000005,loss,-53.61450000000404,50.31449999999994,0
90366,90367,90367,short,4124.66,4129.69145,loss,-53.61450000000404,50.31449999999994,0
90368,90369,90369,short,4122.11,4127.14145,loss,-53.61450000000404,50.31449999999994,0
90482,90483,90483,long,4363.79,4358.75855,loss,-53.61450000000404,50.31449999999994,0
90484,90485,90485,long,4341.48,4336.448549999999,loss,-53.61450000000404,50.31449999999994,0
90559,90560,90560,short,4118.26,4123.291450000001,loss,-53.61450000000404,50.31449999999994,0
90561,90562,90562,short,4114.12,4119.15145,loss,-53.61450000000404,50.31449999999994,0
90578,90579,90579,short,4097.43,4089.882825,win,72.17175000000152,50.31449999999994,0
90588,90589,90589,short,4055.82,4048.272825,win,72.17175000000152,50.31449999999994,0
90595,90596,90596,short,3973.12,3978.15145,loss,-53.614499999999495,50.31449999999994,0
90671,90672,90672,short,3969.36,3961.812825,win,72.17175000000152,50.31449999999994,0
90728,90729,90729,long,4117.96,4112.92855,loss,-53.61450000000404,50.31449999999994,0
90739,90740,90740,long,4147.02,4154.567175,win,72.17174999999698,50.31449999999994,0
90756,90757,90757,long,4188.13,4183.09855,loss,-53.61450000000404,50.31449999999994,0
90887,90888,90889,short,4015.09,4007.542825,win,72.17175000000152,50.31449999999994,1
90889,90890,90890,short,3993.06,3998.09145,loss,-53.614499999999495,50.31449999999994,0
90954,90955,90955,short,3992.1,3997.13145,loss,-53.614499999999495,50.31449999999994,0
90959,90960,90960,short,3984.65,3989.68145,loss,-53.614499999999495,50.31449999999994,0
90977,90978,90978,short,3966.16,3971.19145,loss,-53.614499999999495,50.31449999999994,0
91034,91035,91035,long,4097.76,4105.307175,win,72.17174999999698,50.31449999999994,0
91039,91040,91040,long,4131.05,4126.01855,loss,-53.61450000000404,50.31449999999994,0
91047,91048,91048,long,4154.79,4149.75855,loss,-53.61450000000404,50.31449999999994,0
91049,91050,91050,long,4159.46,4154.42855,loss,-53.61450000000404,50.31449999999994,0
91162,91163,91163,short,4007.17,3999.622825,win,72.17175000000152,50.31449999999994,0
91266,91267,91268,long,4128.98,4136.527174999999,win,72.17174999999698,50.31449999999994,1
91268,91269,91269,long,4135.46,4143.007175,win,72.17174999999698,50.31449999999994,0
91275,91276,91276,long,4188.89,4183.85855,loss,-53.61450000000404,50.31449999999994,0
91277,91278,91278,long,4206.09,4213.637175,win,72.17174999999698,50.31449999999994,0
91281,91282,91282,long,4250.23,4257.777174999999,win,72.17174999999698,50.31449999999994,0
91286,91287,91287,long,4278.16,4273.128549999999,loss,-53.61450000000404,50.31449999999994,0
91316,91317,91317,long,4297.03,4291.998549999999,loss,-53.61450000000404,50.31449999999994,0
91318,91319,91319,long,4305.87,4313.417175,win,72.17174999999698,50.31449999999994,0
