signal_bar,entry_bar,exit_bar,direction,entry_price,exit_price,outcome,pnl_pip,sl_pip,bars_held
36,37,46,short,1417.9,1420.3175500000002,loss,-27.475500000001194,24.17550000000011,9
129,130,139,short,1408.35,1404.723675,win,32.96324999999952,24.17550000000011,9
222,223,233,short,1382.35,1378.723675,win,32.96324999999952,24.17550000000011,10
315,316,327,short,1376.15,1372.5236750000001,win,32.96324999999952,24.17550000000011,11
408,409,410,short,1366.15,1362.5236750000001,win,32.96324999999952,24.17550000000011,1
500,501,507,short,1373.9,1370.2736750000001,win,32.96324999999952,24.17550000000011,6
593,594,594,short,1377.4,1379.8175500000002,loss,-27.475500000001194,24.17550000000011,0
686,687,695,short,1384.95,1381.323675,win,32.96324999999952,24.17550000000011,8
779,780,786,short,1385.1,1381.473675,win,32.96324999999952,24.17550000000011,6
872,873,874,short,1372.75,1369.123675,win,32.96324999999952,24.17550000000011,1
964,965,969,short,1362.5,1358.873675,win,32.96324999999952,24.17550000000011,4
1043,1044,1048,short,1366.7,1369.1175500000002,loss,-27.475500000001194,24.17550000000011,4
1136,1137,1152,short,1373.35,1373.2,loss,-1.800000000001364,24.17550000000011,15
1229,1230,1232,short,1362.45,1364.8675500000002,loss,-27.475500000001194,24.17550000000011,2
1322,1323,1328,short,1348.2,1344.573675,win,32.96324999999952,24.17550000000011,5
1465,1466,1470,short,1332.45,1328.823675,win,32.96324999999952,24.17550000000011,4
1558,1559,1574,short,1336.8,1335.35,win,11.200000000000454,24.17550000000011,15
1651,1652,1659,short,1341.45,1337.823675,win,32.96324999999952,24.17550000000011,7
1744,1745,1760,short,1315.25,1313.75,win,11.7,24.17550000000011,15
1836,1837,1839,short,1336.4,1332.7736750000001,win,32.96324999999952,24.17550000000011,2
1929,1930,1933,short,1338.75,1335.123675,win,32.96324999999952,24.17550000000011,3
2022,2023,2036,short,1337.95,1334.323675,win,32.96324999999952,24.17550000000011,13
2115,2116,2123,short,1329.0,1331.4175500000001,loss,-27.475500000001194,24.17550000000011,7
2208,2209,2224,short,1350.2,1349.8,win,0.7000000000009097,24.17550000000011,15
2300,2301,2316,short,1348.05,1346.9,win,8.199999999998635,24.17550000000011,15
2393,2394,2403,short,1356.45,1352.823675,win,32.96324999999952,24.17550000000011,9
2486,2487,2502,short,1363.4,1363.2,loss,-1.299999999999545,24.17550000000011,15
2579,2580,2580,short,1361.0,1357.373675,win,32.96324999999952,24.17550000000011,0
2672,2673,2680,short,1363.65,1360.0236750000001,win,32.96324999999952,24.17550000000011,7
2764,2765,2774,short,1360.55,1356.923675,win,32.96324999999952,24.17550000000011,9
2857,2858,2863,short,1364.45,1366.8675500000002,loss,-27.475500000001194,24.17550000000011,5
2950,2951,2961,short,1376.1,1372.473675,win,32.96324999999952,24.17550000000011,10
3043,3044,3059,short,1379.6,1377.9,win,13.69999999999818,24.17550000000011,15
3136,3137,3152,short,1387.4,1385.35,win,17.20000000000182,24.17550000000011,15
3228,3229,3237,short,1396.65,1399.0675500000002,loss,-27.475500000001194,24.17550000000011,8
3303,3304,3306,short,1398.2,1400.6175500000002,loss,-27.475500000001194,24.17550000000011,2
3396,3397,3398,short,1400.95,1403.3675500000002,loss,-27.475500000001194,24.17550000000011,1
3489,3490,3505,short,1414.9,1413.35,win,12.200000000001818,24.17550000000011,15
3582,3583,3587,short,1407.1,1403.473675,win,32.96324999999952,24.17550000000011,4
3674,3675,3676,short,1411.1,1407.473675,win,32.96324999999952,24.17550000000011,1
3767,3768,3778,short,1413.9,1416.3175500000002,loss,-27.475500000001194,24.17550000000011,10
3860,3861,3868,short,1428.15,1430.5675500000002,loss,-27.475500000001194,24.17550000000011,7
3953,3954,3957,short,1428.75,1431.1675500000001,loss,-27.475500000001194,24.17550000000011,3
4046,4047,4049,short,1415.3,1417.71755,loss,-27.475500000001194,24.17550000000011,2
4138,4139,4151,short,1437.65,1440.0675500000002,loss,-27.475500000001194,24.17550000000011,12
4231,4232,4237,short,1428.05,1430.46755,loss,-27.475500000001194,24.17550000000011,5
4324,4325,4330,short,1425.55,1427.96755,loss,-27.475500000001194,24.17550000000011,5
4417,4418,4425,short,1427.8,1424.173675,win,32.96324999999952,24.17550000000011,7
4510,4511,4512,short,1416.05,1418.46755,loss,-27.475500000001194,24.17550000000011,1
4602,4603,4603,short,1427.55,1423.923675,win,32.96324999999952,24.17550000000011,0
4692,4693,4696,short,1416.2,1412.573675,win,32.96324999999952,24.17550000000011,3
4782,4783,4791,short,1401.15,1397.5236750000001,win,32.96324999999952,24.17550000000011,8
4872,4873,4878,short,1396.65,1399.0675500000002,loss,-27.475500000001194,24.17550000000011,5
4962,4963,4970,short,1413.95,1416.3675500000002,loss,-27.475500000001194,24.17550000000011,7
5051,5052,5063,short,1426.7,1429.1175500000002,loss,-27.475500000001194,24.17550000000011,11
5141,5142,5150,short,1430.4,1426.7736750000001,win,32.96324999999952,24.17550000000011,8
5231,5232,5234,short,1428.3,1430.71755,loss,-27.475500000001194,24.17550000000011,2
5321,5322,5333,short,1439.7,1442.1175500000002,loss,-27.475500000001194,24.17550000000011,11
5411,5412,5423,short,1433.05,1435.46755,loss,-27.475500000001194,24.17550000000011,11
5500,5501,5510,short,1418.8,1415.173675,win,32.96324999999952,24.17550000000011,9
5590,5591,5598,short,1418.9,1415.2736750000001,win,32.96324999999952,24.17550000000011,7
5683,5684,5694,short,1421.0,1417.373675,win,32.96324999999952,24.17550000000011,10
5776,5777,5786,short,1428.05,1430.46755,loss,-27.475500000001194,24.17550000000011,9
5869,5870,5885,short,1435.15,1433.95,win,8.700000000000454,24.17550000000011,15
5961,5962,5977,short,1433.15,1435.5675500000002,loss,-27.475500000001194,24.17550000000011,15
6054,6055,6065,short,1436.65,1433.0236750000001,win,32.96324999999952,24.17550000000011,10
6147,6148,6149,short,1455.45,1457.8675500000002,loss,-27.475500000001194,24.17550000000011,1
6240,6241,6242,short,1454.2,1456.6175500000002,loss,-27.475500000001194,24.17550000000011,1
6333,6334,6336,short,1465.8,1468.21755,loss,-27.475500000001194,24.17550000000011,2
6425,6426,6435,short,1473.75,1470.123675,win,32.96324999999952,24.17550000000011,9
6518,6519,6520,short,1456.5,1458.9175500000001,loss,-27.475500000001194,24.17550000000011,1
6611,6612,6627,short,1459.2,1458.6,win,2.7000000000013644,24.17550000000011,15
6704,6705,6713,short,1462.25,1458.623675,win,32.96324999999952,24.17550000000011,8
6797,6798,6799,short,1476.8,1473.173675,win,32.96324999999952,24.17550000000011,1
6889,6890,6904,short,1484.7,1481.073675,win,32.96324999999952,24.17550000000011,14
6981,6982,6983,short,1491.55,1493.96755,loss,-27.475500000001194,24.17550000000011,1
7074,7075,7081,short,1501.2,1503.6175500000002,loss,-27.475500000001194,24.17550000000011,6
7167,7168,7168,short,1503.7,1506.1175500000002,loss,-27.475500000001194,24.17550000000011,0
7260,7261,7276,short,1516.6,1517.35,loss,-10.8,24.17550000000011,15
7353,7354,7355,short,1502.55,1504.96755,loss,-27.475500000001194,24.17550000000011,1
7446,7447,7462,short,1507.05,1506.35,win,3.700000000000455,24.17550000000011,15
7539,7540,7541,short,1529.5,1531.9175500000001,loss,-27.475500000001194,24.17550000000011,1
7632,7633,7643,short,1533.7,1536.1175500000002,loss,-27.475500000001194,24.17550000000011,10
7724,7725,7733,short,1552.85,1555.26755,loss,-27.475500000001194,24.17550000000011,8
7817,7818,7818,short,1546.55,1542.923675,win,32.96324999999952,24.17550000000011,0
7910,7911,7912,short,1535.65,1538.0675500000002,loss,-27.475500000001194,24.17550000000011,1
8003,8004,8005,short,1520.7,1517.073675,win,32.96324999999952,24.17550000000011,1
8096,8097,8097,short,1485.1,1481.473675,win,32.96324999999952,24.17550000000011,0
8188,8189,8190,short,1504.9,1507.3175500000002,loss,-27.475500000001194,24.17550000000011,1
8281,8282,8283,short,1508.45,1510.8675500000002,loss,-27.475500000001194,24.17550000000011,1
8374,8375,8380,short,1523.7,1526.1175500000002,loss,-27.475500000001194,24.17550000000011,5
8467,8468,8473,short,1494.55,1490.923675,win,32.96324999999952,24.17550000000011,5
8560,8561,8561,short,1511.35,1513.76755,loss,-27.475500000001194,24.17550000000011,0
8652,8653,8663,short,1495.75,1492.123675,win,32.96324999999952,24.17550000000011,10
8745,8746,8748,short,1495.0,1497.4175500000001,loss,-27.475500000001194,24.17550000000011,2
8838,8839,8839,short,1491.55,1493.96755,loss,-27.475500000001194,24.17550000000011,0
8931,8932,8935,short,1495.3,1491.673675,win,32.96324999999952,24.17550000000011,3
9024,9025,9026,short,1498.5,1500.9175500000001,loss,-27.475500000001194,24.17550000000011,1
9116,9117,9120,short,1508.55,1510.96755,loss,-27.475500000001194,24.17550000000011,3
9209,9210,9215,short,1518.15,1520.5675500000002,loss,-27.475500000001194,24.17550000000011,5
9302,9303,9317,short,1525.55,1527.96755,loss,-27.475500000001194,24.17550000000011,14
9395,9396,9398,short,1528.3,1524.673675,win,32.96324999999952,24.17550000000011,2
9488,9489,9504,short,1527.45,1526.15,win,9.699999999999545,24.17550000000011,15
9580,9581,9595,short,1534.7,1537.1175500000002,loss,-27.475500000001194,24.17550000000011,14
9657,9658,9673,short,1537.55,1538.1,loss,-8.799999999999546,24.17550000000011,15
9750,9751,9766,short,1532.25,1531.75,win,1.7000000000000002,24.17550000000011,15
9843,9844,9850,short,1540.2,1542.6175500000002,loss,-27.475500000001194,24.17550000000011,6
9936,9937,9940,short,1530.1,1532.51755,loss,-27.475500000001194,24.17550000000011,3
10028,10029,10044,short,1544.8,1544.8,loss,-3.3,24.17550000000011,15
10121,10122,10128,short,1545.05,1547.46755,loss,-27.475500000001194,24.17550000000011,6
10214,10215,10216,short,1540.2,1536.573675,win,32.96324999999952,24.17550000000011,1
10307,10308,10320,short,1537.05,1533.423675,win,32.96324999999952,24.17550000000011,12
10400,10401,10416,short,1543.15,1540.2,win,26.200000000000454,24.17550000000011,15
10492,10493,10500,short,1529.4,1525.7736750000001,win,32.96324999999952,24.17550000000011,7
10585,10586,10588,short,1521.55,1517.923675,win,32.96324999999952,24.17550000000011,2
10678,10679,10686,short,1521.3,1517.673675,win,32.96324999999952,24.17550000000011,7
10771,10772,10787,short,1527.1,1525.3,win,14.699999999999545,24.17550000000011,15
10864,10865,10866,short,1527.8,1524.173675,win,32.96324999999952,24.17550000000011,1
10956,10957,10972,short,1537.6,1537.0,win,2.6999999999990907,24.17550000000011,15
11049,11050,11065,short,1543.2,1544.35,loss,-14.799999999998636,24.17550000000011,15
11142,11143,11155,short,1545.45,1541.823675,win,32.96324999999952,24.17550000000011,12
11235,11236,11245,short,1544.9,1541.2736750000001,win,32.96324999999952,24.17550000000011,9
11328,11329,11330,short,1521.4,1517.7736750000001,win,32.96324999999952,24.17550000000011,1
11420,11421,11425,short,1494.35,1496.76755,loss,-27.475500000001194,24.17550000000011,4
11513,11514,11515,short,1499.6,1502.01755,loss,-27.475500000001194,24.17550000000011,1
11606,11607,11608,short,1506.9,1509.3175500000002,loss,-27.475500000001194,24.17550000000011,1
11699,11700,11711,short,1509.1,1511.51755,loss,-27.475500000001194,24.17550000000011,11
11792,11793,11794,short,1498.95,1495.323675,win,32.96324999999952,24.17550000000011,1
11848,11849,11852,short,1583.7,1586.1175500000002,loss,-27.475500000001194,24.17550000000011,3
11939,11940,11954,short,1578.9,1581.3175500000002,loss,-27.475500000001194,24.17550000000011,14
12031,12032,12045,short,1598.3,1600.71755,loss,-27.475500000001194,24.17550000000011,13
12124,12125,12131,short,1607.7,1604.073675,win,32.96324999999952,24.17550000000011,6
12217,12218,12224,short,1591.15,1587.5236750000001,win,32.96324999999952,24.17550000000011,6
12310,12311,12312,short,1603.25,1599.623675,win,32.96324999999952,24.17550000000011,1
12403,12404,12405,short,1588.15,1584.5236750000001,win,32.96324999999952,24.17550000000011,1
12495,12496,12504,short,1617.95,1620.3675500000002,loss,-27.475500000001194,24.17550000000011,8
12588,12589,12589,short,1614.25,1610.623675,win,32.96324999999952,24.17550000000011,0
12681,12682,12694,short,1623.5,1619.873675,win,32.96324999999952,24.17550000000011,12
12773,12774,12776,short,1614.4,1616.8175500000002,loss,-27.475500000001194,24.17550000000011,2
12866,12867,12874,short,1612.05,1614.46755,loss,-27.475500000001194,24.17550000000011,7
12958,12959,12962,short,1613.95,1616.3675500000002,loss,-27.475500000001194,24.17550000000011,3
13051,13052,13052,short,1624.2,1626.6175500000002,loss,-27.475500000001194,24.17550000000011,0
13144,13145,13145,short,1669.4,1671.8175500000002,loss,-27.475500000001194,24.17550000000011,0
13237,13238,13240,short,1666.2,1662.573675,win,32.96324999999952,24.17550000000011,2
13330,13331,13334,short,1657.7,1660.1175500000002,loss,-27.475500000001194,24.17550000000011,3
13422,13423,13423,short,1705.05,1701.423675,win,32.96324999999952,24.17550000000011,0
13515,13516,13516,short,1734.8,1737.21755,loss,-27.475500000001194,24.17550000000011,0
13608,13609,13609,short,1749.3,1751.71755,loss,-27.475500000001194,24.17550000000011,0
13701,13702,13702,short,1784.9,1787.3175500000002,loss,-27.475500000001194,24.17550000000011,0
13794,13795,13795,short,1756.25,1758.6675500000001,loss,-27.475500000001194,24.17550000000011,0
13886,13887,13887,short,1736.6,1739.01755,loss,-27.475500000001194,24.17550000000011,0
13979,13980,13980,short,1771.75,1774.1675500000001,loss,-27.475500000001194,24.17550000000011,0
14072,14073,14073,short,1787.05,1789.46755,loss,-27.475500000001194,24.17550000000011,0
14165,14166,14177,short,1794.55,1796.96755,loss,-27.475500000001194,24.17550000000011,11
14258,14259,14259,short,1848.75,1851.1675500000001,loss,-27.475500000001194,24.17550000000011,0
14350,14351,14352,short,1892.55,1888.923675,win,32.96324999999952,24.17550000000011,1
14443,14444,14444,short,1877.65,1880.0675500000002,loss,-27.475500000001194,24.17550000000011,0
14536,14537,14538,short,1844.7,1847.1175500000002,loss,-27.475500000001194,24.17550000000011,1
14629,14630,14630,short,1744.2,1740.573675,win,32.96324999999952,24.17550000000011,0
14722,14723,14723,short,1776.85,1779.26755,loss,-27.475500000001194,24.17550000000011,0
14814,14815,14815,short,1816.6,1819.01755,loss,-27.475500000001194,24.17550000000011,0
14907,14908,14910,short,1795.5,1797.9175500000001,loss,-27.475500000001194,24.17550000000011,2
15000,15001,15002,short,1835.25,1831.623675,win,32.96324999999952,24.17550000000011,1
15093,15094,15094,short,1815.65,1818.0675500000002,loss,-27.475500000001194,24.17550000000011,0
15186,15187,15187,short,1836.25,1838.6675500000001,loss,-27.475500000001194,24.17550000000011,0
15278,15279,15279,short,1881.65,1884.0675500000002,loss,-27.475500000001194,24.17550000000011,0
15355,15356,15356,short,1907.95,1910.3675500000002,loss,-27.475500000001194,24.17550000000011,0
15448,15449,15449,short,1835.7,1838.1175500000002,loss,-27.475500000001194,24.17550000000011,0
15541,15542,15542,short,1843.2,1839.573675,win,32.96324999999952,24.17550000000011,0
15634,15635,15636,short,1877.05,1873.423675,win,32.96324999999952,24.17550000000011,1
15726,15727,15727,short,1831.2,1833.6175500000002,loss,-27.475500000001194,24.17550000000011,0
15819,15820,15820,short,1825.55,1821.923675,win,32.96324999999952,24.17550000000011,0
15912,15913,15913,short,1822.9,1825.3175500000002,loss,-27.475500000001194,24.17550000000011,0
16005,16006,16006,short,1805.7,1808.1175500000002,loss,-27.475500000001194,24.17550000000011,0
16098,16099,16099,short,1768.65,1771.0675500000002,loss,-27.475500000001194,24.17550000000011,0
16190,16191,16194,short,1824.95,1821.323675,win,32.96324999999952,24.17550000000011,3
16283,16284,16285,short,1788.7,1785.073675,win,32.96324999999952,24.17550000000011,1
16376,16377,16377,short,1811.75,1814.1675500000001,loss,-27.475500000001194,24.17550000000011,0
16469,16470,16474,short,1773.15,1769.5236750000001,win,32.96324999999952,24.17550000000011,4
16562,16563,16563,short,1741.65,1744.0675500000002,loss,-27.475500000001194,24.17550000000011,0
16654,16655,16655,short,1565.65,1568.0675500000002,loss,-27.475500000001194,24.17550000000011,0
16747,16748,16748,short,1652.45,1654.8675500000002,loss,-27.475500000001194,24.17550000000011,0
16840,16841,16841,short,1663.0,1665.4175500000001,loss,-27.475500000001194,24.17550000000011,0
16933,16934,16934,short,1629.75,1626.123675,win,32.96324999999952,24.17550000000011,0
17026,17027,17028,short,1624.4,1626.8175500000002,loss,-27.475500000001194,24.17550000000011,1
17118,17119,17119,short,1647.55,1649.96755,loss,-27.475500000001194,24.17550000000011,0
17211,17212,17212,short,1671.9,1674.3175500000002,loss,-27.475500000001194,24.17550000000011,0
17304,17305,17305,short,1627.2,1629.6175500000002,loss,-27.475500000001194,24.17550000000011,0
17397,17398,17398,short,1644.55,1640.923675,win,32.96324999999952,24.17550000000011,0
17490,17491,17491,short,1656.65,1659.0675500000002,loss,-27.475500000001194,24.17550000000011,0
17582,17583,17583,short,1651.95,1654.3675500000002,loss,-27.475500000001194,24.17550000000011,0
17675,17676,17679,short,1675.75,1672.123675,win,32.96324999999952,24.17550000000011,3
17768,17769,17770,short,1671.9,1674.3175500000002,loss,-27.475500000001194,24.17550000000011,1
17861,17862,17862,short,1672.05,1674.46755,loss,-27.475500000001194,24.17550000000011,0
17954,17955,17957,short,1672.85,1675.26755,loss,-27.475500000001194,24.17550000000011,2
18046,18047,18047,short,1682.05,1684.46755,loss,-27.475500000001194,24.17550000000011,0
18139,18140,18141,short,1662.55,1664.96755,loss,-27.475500000001194,24.17550000000011,1
18232,18233,18233,short,1649.25,1651.6675500000001,loss,-27.475500000001194,24.17550000000011,0
18325,18326,18326,short,1622.0,1618.373675,win,32.96324999999952,24.17550000000011,0
18418,18419,18420,short,1625.1,1627.51755,loss,-27.475500000001194,24.17550000000011,1
18510,18511,18513,short,1652.85,1649.223675,win,32.96324999999952,24.17550000000011,2
18603,18604,18604,short,1653.7,1656.1175500000002,loss,-27.475500000001194,24.17550000000011,0
18696,18697,18697,short,1718.0,1714.373675,win,32.96324999999952,24.17550000000011,0
18789,18790,18791,short,1719.3,1715.673675,win,32.96324999999952,24.17550000000011,1
18882,18883,18887,short,1739.65,1736.0236750000001,win,32.96324999999952,24.17550000000011,4
18970,18971,18971,short,1706.35,1708.76755,loss,-27.475500000001194,24.17550000000011,0
19063,19064,19067,short,1714.1,1710.473675,win,32.96324999999952,24.17550000000011,3
19156,19157,19159,short,1723.95,1726.3675500000002,loss,-27.475500000001194,24.17550000000011,2
19249,19250,19250,short,1727.95,1724.323675,win,32.96324999999952,24.17550000000011,0
19342,19343,19344,short,1761.55,1757.923675,win,32.96324999999952,24.17550000000011,1
19430,19431,19435,short,1770.6,1766.973675,win,32.96324999999952,24.17550000000011,4
19520,19521,19522,short,1790.85,1787.223675,win,32.96324999999952,24.17550000000011,1
19610,19611,19613,short,1786.9,1789.3175500000002,loss,-27.475500000001194,24.17550000000011,2
19700,19701,19701,short,1754.45,1756.8675500000002,loss,-27.475500000001194,24.17550000000011,0
19790,19791,19794,short,1766.85,1763.223675,win,32.96324999999952,24.17550000000011,3
19883,19884,19888,short,1784.3,1780.673675,win,32.96324999999952,24.17550000000011,4
19976,19977,19979,short,1770.15,1766.5236750000001,win,32.96324999999952,24.17550000000011,2
20069,20070,20070,short,1769.85,1772.26755,loss,-27.475500000001194,24.17550000000011,0
20162,20163,20164,short,1766.0,1762.373675,win,32.96324999999952,24.17550000000011,1
20255,20256,20256,short,1725.85,1728.26755,loss,-27.475500000001194,24.17550000000011,0
20347,20348,20350,short,1716.7,1713.073675,win,32.96324999999952,24.17550000000011,2
20440,20441,20442,short,1690.5,1692.9175500000001,loss,-27.475500000001194,24.17550000000011,1
20533,20534,20535,short,1702.05,1698.423675,win,32.96324999999952,24.17550000000011,1
20626,20627,20632,short,1696.7,1699.1175500000002,loss,-27.475500000001194,24.17550000000011,5
20703,20704,20704,short,1682.5,1684.9175500000001,loss,-27.475500000001194,24.17550000000011,0
20782,20783,20783,short,1707.3,1709.71755,loss,-27.475500000001194,24.17550000000011,0
20875,20876,20878,short,1707.55,1703.923675,win,32.96324999999952,24.17550000000011,2
20968,20969,20970,short,1710.95,1707.323675,win,32.96324999999952,24.17550000000011,1
21061,21062,21064,short,1744.7,1741.073675,win,32.96324999999952,24.17550000000011,2
21154,21155,21157,short,1744.8,1747.21755,loss,-27.475500000001194,24.17550000000011,2
21246,21247,21257,short,1744.5,1740.873675,win,32.96324999999952,24.17550000000011,10
21339,21340,21340,short,1717.7,1720.1175500000002,loss,-27.475500000001194,24.17550000000011,0
21432,21433,21441,short,1729.25,1731.6675500000001,loss,-27.475500000001194,24.17550000000011,8
21525,21526,21533,short,1737.55,1739.96755,loss,-27.475500000001194,24.17550000000011,7
21618,21619,21620,short,1709.45,1711.8675500000002,loss,-27.475500000001194,24.17550000000011,1
21710,21711,21715,short,1686.95,1683.323675,win,32.96324999999952,24.17550000000011,4
21802,21803,21803,short,1658.25,1660.6675500000001,loss,-27.475500000001194,24.17550000000011,0
21895,21896,21897,short,1636.65,1639.0675500000002,loss,-27.475500000001194,24.17550000000011,1
21987,21988,21988,short,1579.7,1582.1175500000002,loss,-27.475500000001194,24.17550000000011,0
22079,22080,22082,short,1589.1,1591.51755,loss,-27.475500000001194,24.17550000000011,2
22171,22172,22175,short,1596.75,1593.123675,win,32.96324999999952,24.17550000000011,3
22263,22264,22266,short,1600.95,1603.3675500000002,loss,-27.475500000001194,24.17550000000011,2
22355,22356,22358,short,1630.57,1632.98755,loss,-27.475500000001194,24.17550000000011,2
22448,22449,22451,short,1614.05,1616.46755,loss,-27.475500000001194,24.17550000000011,2
22541,22542,22550,short,1612.81,1609.183675,win,32.96324999999952,24.17550000000011,8
22633,22634,22637,short,1595.99,1598.4075500000001,loss,-27.475500000001194,24.17550000000011,3
22725,22726,22728,short,1587.39,1583.7636750000001,win,32.96324999999952,24.17550000000011,2
22818,22819,22819,short,1550.16,1552.5775500000002,loss,-27.475500000001194,24.17550000000011,0
22911,22912,22915,short,1559.97,1562.3875500000001,loss,-27.475500000001194,24.17550000000011,3
23003,23004,23005,short,1589.56,1585.933675,win,32.96324999999952,24.17550000000011,1
23096,23097,23097,short,1610.91,1613.3275500000002,loss,-27.475500000001194,24.17550000000011,0
23189,23190,23191,short,1621.15,1617.5236750000001,win,32.96324999999952,24.17550000000011,1
23282,23283,23283,short,1622.13,1624.5475500000002,loss,-27.475500000001194,24.17550000000011,0
23374,23375,23375,short,1619.51,1621.92755,loss,-27.475500000001194,24.17550000000011,0
23466,23467,23467,short,1616.4,1618.8175500000002,loss,-27.475500000001194,24.17550000000011,0
23559,23560,23560,short,1643.83,1646.24755,loss,-27.475500000001194,24.17550000000011,0
23652,23653,23653,short,1644.67,1647.0875500000002,loss,-27.475500000001194,24.17550000000011,0
23745,23746,23746,short,1644.04,1646.45755,loss,-27.475500000001194,24.17550000000011,0
23838,23839,23842,short,1643.83,1646.24755,loss,-27.475500000001194,24.17550000000011,3
23929,23930,23935,short,1660.98,1663.3975500000001,loss,-27.475500000001194,24.17550000000011,5
24021,24022,24023,short,1652.66,1649.0336750000001,win,32.96324999999952,24.17550000000011,1
24114,24115,24115,short,1661.52,1663.93755,loss,-27.475500000001194,24.17550000000011,0
24207,24208,24210,short,1654.32,1650.693675,win,32.96324999999952,24.17550000000011,2
24299,24300,24304,short,1670.66,1673.0775500000002,loss,-27.475500000001194,24.17550000000011,4
24393,24394,24397,short,1674.32,1670.693675,win,32.96324999999952,24.17550000000011,3
24486,24487,24491,short,1668.63,1665.0036750000002,win,32.96324999999952,24.17550000000011,4
24579,24580,24580,short,1706.81,1703.183675,win,32.96324999999952,24.17550000000011,0
24672,24673,24676,short,1717.4,1719.8175500000002,loss,-27.475500000001194,24.17550000000011,3
24764,24765,24768,short,1726.96,1723.333675,win,32.96324999999952,24.17550000000011,3
24857,24858,24858,short,1741.62,1744.03755,loss,-27.475500000001194,24.17550000000011,0
24950,24951,24951,short,1738.36,1740.77755,loss,-27.475500000001194,24.17550000000011,0
25043,25044,25044,short,1746.98,1749.3975500000001,loss,-27.475500000001194,24.17550000000011,0
25135,25136,25138,short,1757.69,1760.1075500000002,loss,-27.475500000001194,24.17550000000011,2
25227,25228,25228,short,1731.18,1727.553675,win,32.96324999999952,24.17550000000011,0
25319,25320,25323,short,1725.72,1722.093675,win,32.96324999999952,24.17550000000011,3
25411,25412,25417,short,1748.99,1745.363675,win,32.96324999999952,24.17550000000011,5
25503,25504,25505,short,1732.74,1735.1575500000001,loss,-27.475500000001194,24.17550000000011,1
25595,25596,25596,short,1717.48,1719.8975500000001,loss,-27.475500000001194,24.17550000000011,0
25687,25688,25696,short,1731.02,1727.393675,win,32.96324999999952,24.17550000000011,8
25780,25781,25781,short,1717.17,1713.5436750000001,win,32.96324999999952,24.17550000000011,0
25873,25874,25889,short,1727.44,1726.04,win,10.700000000000909,24.17550000000011,15
25966,25967,25967,short,1718.15,1714.5236750000001,win,32.96324999999952,24.17550000000011,0
26059,26060,26074,short,1733.31,1729.683675,win,32.96324999999952,24.17550000000011,14
26151,26152,26154,short,1729.68,1732.0975500000002,loss,-27.475500000001194,24.17550000000011,2
26241,26242,26245,short,1739.02,1741.43755,loss,-27.475500000001194,24.17550000000011,3
26334,26335,26339,short,1756.93,1753.303675,win,32.96324999999952,24.17550000000011,4
26427,26428,26428,short,1775.02,1777.43755,loss,-27.475500000001194,24.17550000000011,0
26520,26521,26524,short,1778.41,1780.8275500000002,loss,-27.475500000001194,24.17550000000011,3
26612,26613,26620,short,1770.0,1766.373675,win,32.96324999999952,24.17550000000011,7
26705,26706,26721,short,1775.38,1777.7975500000002,loss,-27.475500000001194,24.17550000000011,15
26798,26799,26807,short,1785.35,1787.76755,loss,-27.475500000001194,24.17550000000011,8
26891,26892,26892,short,1714.91,1717.3275500000002,loss,-27.475500000001194,24.17550000000011,0
26984,26985,26997,short,1714.58,1716.99755,loss,-27.475500000001194,24.17550000000011,12
27076,27077,27077,short,1710.32,1706.693675,win,32.96324999999952,24.17550000000011,0
27169,27170,27174,short,1699.29,1695.663675,win,32.96324999999952,24.17550000000011,4
27262,27263,27268,short,1674.36,1676.77755,loss,-27.475500000001194,24.17550000000011,5
27355,27356,27360,short,1694.45,1696.8675500000002,loss,-27.475500000001194,24.17550000000011,4
27448,27449,27451,short,1701.24,1697.613675,win,32.96324999999952,24.17550000000011,2
27540,27541,27554,short,1705.87,1702.243675,win,32.96324999999952,24.17550000000011,13
27633,27634,27642,short,1699.27,1695.643675,win,32.96324999999952,24.17550000000011,8
27726,27727,27727,short,1670.68,1667.053675,win,32.96324999999952,24.17550000000011,0
27818,27819,27820,short,1648.26,1644.633675,win,32.96324999999952,24.17550000000011,1
27911,27912,27913,short,1655.89,1652.2636750000001,win,32.96324999999952,24.17550000000011,1
27999,28000,28009,short,1656.7,1653.073675,win,32.96324999999952,24.17550000000011,9
28091,28092,28095,short,1649.65,1652.0675500000002,loss,-27.475500000001194,24.17550000000011,3
28183,28184,28184,short,1655.0,1657.4175500000001,loss,-27.475500000001194,24.17550000000011,0
28275,28276,28276,short,1644.17,1640.5436750000001,win,32.96324999999952,24.17550000000011,0
28367,28368,28369,short,1645.29,1647.70755,loss,-27.475500000001194,24.17550000000011,1
28455,28456,28459,short,1664.0,1660.373675,win,32.96324999999952,24.17550000000011,3
28548,28549,28551,short,1688.53,1690.94755,loss,-27.475500000001194,24.17550000000011,2
28641,28642,28642,short,1676.76,1679.17755,loss,-27.475500000001194,24.17550000000011,0
28734,28735,28742,short,1662.54,1658.913675,win,32.96324999999952,24.17550000000011,7
28827,28828,28836,short,1664.45,1660.823675,win,32.96324999999952,24.17550000000011,8
28919,28920,28920,short,1669.24,1665.613675,win,32.96324999999952,24.17550000000011,0
29012,29013,29028,short,1678.42,1677.19,win,9.000000000000181,24.17550000000011,15
29105,29106,29107,short,1635.29,1637.70755,loss,-27.475500000001194,24.17550000000011,1
29198,29199,29201,short,1624.37,1626.78755,loss,-27.475500000001194,24.17550000000011,2
29291,29292,29302,short,1643.72,1640.093675,win,32.96324999999952,24.17550000000011,10
29384,29385,29388,short,1649.5,1645.873675,win,32.96324999999952,24.17550000000011,3
29477,29478,29480,short,1658.53,1654.903675,win,32.96324999999952,24.17550000000011,2
29570,29571,29573,short,1658.97,1655.343675,win,32.96324999999952,24.17550000000011,2
29663,29664,29666,short,1676.99,1673.363675,win,32.96324999999952,24.17550000000011,2
29755,29756,29756,short,1643.54,1645.95755,loss,-27.475500000001194,24.17550000000011,0
29848,29849,29849,short,1647.0,1649.4175500000001,loss,-27.475500000001194,24.17550000000011,0
29941,29942,29948,short,1651.26,1647.633675,win,32.96324999999952,24.17550000000011,6
30034,30035,30037,short,1642.57,1644.98755,loss,-27.475500000001194,24.17550000000011,2
30127,30128,30131,short,1643.9,1646.3175500000002,loss,-27.475500000001194,24.17550000000011,3
30219,30220,30221,short,1635.42,1631.7936750000001,win,32.96324999999952,24.17550000000011,1
30311,30312,30313,short,1635.46,1637.8775500000002,loss,-27.475500000001194,24.17550000000011,1
30403,30404,30414,short,1643.16,1639.5336750000001,win,32.96324999999952,24.17550000000011,10
30496,30497,30498,short,1649.51,1651.92755,loss,-27.475500000001194,24.17550000000011,1
30589,30590,30592,short,1651.67,1654.0875500000002,loss,-27.475500000001194,24.17550000000011,2
30681,30682,30686,short,1661.9,1664.3175500000002,loss,-27.475500000001194,24.17550000000011,4
30773,30774,30786,short,1663.04,1659.413675,win,32.96324999999952,24.17550000000011,12
30865,30866,30868,short,1655.82,1652.193675,win,32.96324999999952,24.17550000000011,2
30958,30959,30967,short,1646.61,1642.983675,win,32.96324999999952,24.17550000000011,8
31051,31052,31056,short,1632.75,1629.123675,win,32.96324999999952,24.17550000000011,4
31143,31144,31154,short,1638.68,1641.0975500000002,loss,-27.475500000001194,24.17550000000011,10
31235,31236,31240,short,1630.67,1627.0436750000001,win,32.96324999999952,24.17550000000011,4
31328,31329,31334,short,1592.25,1588.623675,win,32.96324999999952,24.17550000000011,5
31420,31421,31421,short,1594.12,1596.53755,loss,-27.475500000001194,24.17550000000011,0
31513,31514,31514,short,1580.7,1577.073675,win,32.96324999999952,24.17550000000011,0
31605,31606,31607,short,1575.29,1571.663675,win,32.96324999999952,24.17550000000011,1
31699,31700,31715,short,1558.62,1560.1,loss,-18.100000000000183,24.17550000000011,15
31792,31793,31793,short,1528.7,1531.1175500000002,loss,-27.475500000001194,24.17550000000011,0
31885,31886,31887,short,1547.25,1549.6675500000001,loss,-27.475500000001194,24.17550000000011,1
31978,31979,31979,short,1571.13,1573.5475500000002,loss,-27.475500000001194,24.17550000000011,0
32070,32071,32072,short,1596.18,1592.553675,win,32.96324999999952,24.17550000000011,1
32163,32164,32165,short,1587.09,1583.463675,win,32.96324999999952,24.17550000000011,1
32256,32257,32258,short,1559.64,1562.0575500000002,loss,-27.475500000001194,24.17550000000011,1
32349,32350,32351,short,1558.06,1554.433675,win,32.96324999999952,24.17550000000011,1
32442,32443,32443,short,1561.13,1563.5475500000002,loss,-27.475500000001194,24.17550000000011,0
32534,32535,32538,short,1580.5,1576.873675,win,32.96324999999952,24.17550000000011,3
32612,32613,32618,short,1577.85,1574.223675,win,32.96324999999952,24.17550000000011,5
32705,32706,32721,short,1548.82,1551.23755,loss,-27.475500000001194,24.17550000000011,15
32798,32799,32799,short,1561.61,1564.02755,loss,-27.475500000001194,24.17550000000011,0
32891,32892,32892,short,1555.55,1557.96755,loss,-27.475500000001194,24.17550000000011,0
32983,32984,32986,short,1619.98,1616.353675,win,32.96324999999952,24.17550000000011,2
33076,33077,33085,short,1615.87,1618.28755,loss,-27.475500000001194,24.17550000000011,8
33170,33171,33173,short,1627.68,1630.0975500000002,loss,-27.475500000001194,24.17550000000011,2
33263,33264,33265,short,1621.57,1623.98755,loss,-27.475500000001194,24.17550000000011,1
33356,33357,33357,short,1573.35,1569.723675,win,32.96324999999952,24.17550000000011,0
33448,33449,33450,short,1598.25,1594.623675,win,32.96324999999952,24.17550000000011,1
33541,33542,33546,short,1592.43,1588.803675,win,32.96324999999952,24.17550000000011,4
33634,33635,33635,short,1611.33,1613.74755,loss,-27.475500000001194,24.17550000000011,0
33728,33729,33744,short,1619.72,1619.86,loss,-4.6999999999987265,24.17550000000011,15
33822,33823,33832,short,1626.05,1622.423675,win,32.96324999999952,24.17550000000011,9
33914,33915,33921,short,1619.05,1621.46755,loss,-27.475500000001194,24.17550000000011,6
34008,34009,34024,short,1631.02,1631.47,loss,-7.800000000000455,24.17550000000011,15
34102,34103,34114,short,1618.8,1615.173675,win,32.96324999999952,24.17550000000011,11
34195,34196,34197,short,1602.24,1598.613675,win,32.96324999999952,24.17550000000011,1
34288,34289,34289,short,1560.61,1563.02755,loss,-27.475500000001194,24.17550000000011,0
34380,34381,34383,short,1573.11,1569.483675,win,32.96324999999952,24.17550000000011,2
34473,34474,34476,short,1583.59,1586.00755,loss,-27.475500000001194,24.17550000000011,2
34566,34567,34571,short,1569.91,1566.2836750000001,win,32.96324999999952,24.17550000000011,4
34659,34660,34663,short,1573.23,1569.603675,win,32.96324999999952,24.17550000000011,3
34752,34753,34767,short,1569.74,1572.1575500000001,loss,-27.475500000001194,24.17550000000011,14
34844,34845,34846,short,1590.91,1593.3275500000002,loss,-27.475500000001194,24.17550000000011,1
34937,34938,34953,short,1609.19,1609.04,loss,-1.7999999999990903,24.17550000000011,15
35029,35030,35031,short,1616.41,1612.7836750000001,win,32.96324999999952,24.17550000000011,1
35107,35108,35123,short,1616.97,1619.3875500000001,loss,-27.475500000001194,24.17550000000011,15
35200,35201,35207,short,1601.27,1597.643675,win,32.96324999999952,24.17550000000011,6
35292,35293,35307,short,1583.12,1585.53755,loss,-27.475500000001194,24.17550000000011,14
35385,35386,35391,short,1584.6,1587.01755,loss,-27.475500000001194,24.17550000000011,5
35478,35479,35479,short,1576.35,1578.76755,loss,-27.475500000001194,24.17550000000011,0
35571,35572,35584,short,1567.66,1564.0336750000001,win,32.96324999999952,24.17550000000011,12
35664,35665,35666,short,1572.2,1574.6175500000002,loss,-27.475500000001194,24.17550000000011,1
35756,35757,35766,short,1586.46,1582.833675,win,32.96324999999952,24.17550000000011,9
35849,35850,35855,short,1593.49,1595.9075500000001,loss,-27.475500000001194,24.17550000000011,5
35942,35943,35948,short,1582.29,1584.70755,loss,-27.475500000001194,24.17550000000011,5
36035,36036,36036,short,1580.81,1583.22755,loss,-27.475500000001194,24.17550000000011,0
36128,36129,36139,short,1584.59,1580.963675,win,32.96324999999952,24.17550000000011,10
36220,36221,36223,short,1574.92,1571.2936750000001,win,32.96324999999952,24.17550000000011,2
36313,36314,36329,short,1575.57,1574.77,win,4.699999999999545,24.17550000000011,15
36406,36407,36407,short,1587.45,1589.8675500000002,loss,-27.475500000001194,24.17550000000011,0
36499,36500,36502,short,1605.16,1607.5775500000002,loss,-27.475500000001194,24.17550000000011,2
36592,36593,36598,short,1619.55,1621.96755,loss,-27.475500000001194,24.17550000000011,5
36684,36685,36700,short,1619.42,1618.26,win,8.300000000000818,24.17550000000011,15
36777,36778,36783,short,1621.43,1623.8475500000002,loss,-27.475500000001194,24.17550000000011,5
36870,36871,36876,short,1617.43,1613.803675,win,32.96324999999952,24.17550000000011,5
36963,36964,36964,short,1601.2,1603.6175500000002,loss,-27.475500000001194,24.17550000000011,0
37056,37057,37064,short,1592.0,1594.4175500000001,loss,-27.475500000001194,24.17550000000011,7
37148,37149,37154,short,1605.99,1608.4075500000001,loss,-27.475500000001194,24.17550000000011,5
37241,37242,37246,short,1613.07,1615.48755,loss,-27.475500000001194,24.17550000000011,4
37334,37335,37340,short,1606.8,1609.21755,loss,-27.475500000001194,24.17550000000011,5
37427,37428,37437,short,1616.41,1612.7836750000001,win,32.96324999999952,24.17550000000011,9
37520,37521,37521,short,1612.02,1608.393675,win,32.96324999999952,24.17550000000011,0
37612,37613,37628,short,1623.15,1624.12,loss,-12.999999999998,24.17550000000011,15
37705,37706,37721,short,1614.37,1611.51,win,25.299999999999,24.17550000000011,15
37798,37799,37800,short,1600.05,1596.423675,win,32.96324999999952,24.17550000000011,1
37891,37892,37898,short,1602.49,1604.9075500000001,loss,-27.475500000001194,24.17550000000011,6
37984,37985,38000,short,1617.51,1615.82,win,13.600000000000545,24.17550000000011,15
38076,38077,38086,short,1618.46,1614.833675,win,32.96324999999952,24.17550000000011,9
38168,38169,38170,short,1622.92,1625.3375500000002,loss,-27.475500000001194,24.17550000000011,1
38261,38262,38265,short,1638.4,1640.8175500000002,loss,-27.475500000001194,24.17550000000011,3
38353,38354,38357,short,1666.54,1662.913675,win,32.96324999999952,24.17550000000011,3
38446,38447,38453,short,1664.34,1666.75755,loss,-27.475500000001194,24.17550000000011,6
38538,38539,38546,short,1672.95,1669.323675,win,32.96324999999952,24.17550000000011,7
38631,38632,38637,short,1660.97,1663.3875500000001,loss,-27.475500000001194,24.17550000000011,5
38724,38725,38740,short,1666.6,1662.973675,win,32.96324999999952,24.17550000000011,15
38817,38818,38820,short,1657.56,1659.97755,loss,-27.475500000001194,24.17550000000011,2
38910,38911,38914,short,1657.1,1659.51755,loss,-27.475500000001194,24.17550000000011,3
39002,39003,39004,short,1687.71,1690.1275500000002,loss,-27.475500000001194,24.17550000000011,1
39080,39081,39095,short,1693.53,1689.903675,win,32.96324999999952,24.17550000000011,14
39173,39174,39179,short,1692.29,1688.663675,win,32.96324999999952,24.17550000000011,5
39266,39267,39268,short,1703.36,1705.77755,loss,-27.475500000001194,24.17550000000011,1
39358,39359,39364,short,1693.98,1696.3975500000001,loss,-27.475500000001194,24.17550000000011,5
39450,39451,39466,short,1735.26,1732.07,win,28.600000000000545,24.17550000000011,15
39543,39544,39551,short,1730.92,1733.3375500000002,loss,-27.475500000001194,24.17550000000011,7
39636,39637,39639,short,1735.78,1738.19755,loss,-27.475500000001194,24.17550000000011,2
39729,39730,39742,short,1729.04,1731.45755,loss,-27.475500000001194,24.17550000000011,12
39822,39823,39824,short,1773.38,1769.7536750000002,win,32.96324999999952,24.17550000000011,1
39914,39915,39930,short,1769.67,1770.22,loss,-8.799999999999546,24.17550000000011,15
40006,40007,40008,short,1758.74,1755.113675,win,32.96324999999952,24.17550000000011,1
40098,40099,40100,short,1776.35,1778.76755,loss,-27.475500000001194,24.17550000000011,1
40190,40191,40191,short,1758.55,1760.96755,loss,-27.475500000001194,24.17550000000011,0
40282,40283,40298,short,1773.91,1773.82,loss,-2.3999999999985446,24.17550000000011,15
40374,40375,40377,short,1760.64,1763.0575500000002,loss,-27.475500000001194,24.17550000000011,2
40466,40467,40468,short,1764.6,1767.01755,loss,-27.475500000001194,24.17550000000011,1
40558,40559,40568,short,1762.3,1764.71755,loss,-27.475500000001194,24.17550000000011,9
40651,40652,40666,short,1757.74,1754.113675,win,32.96324999999952,24.17550000000011,14
40743,40744,40751,short,1779.45,1781.8675500000002,loss,-27.475500000001194,24.17550000000011,7
40835,40836,40836,short,1766.96,1769.3775500000002,loss,-27.475500000001194,24.17550000000011,0
40927,40928,40931,short,1775.68,1778.0975500000002,loss,-27.475500000001194,24.17550000000011,3
41019,41020,41021,short,1772.13,1774.5475500000002,loss,-27.475500000001194,24.17550000000011,1
41111,41112,41116,short,1788.51,1784.883675,win,32.96324999999952,24.17550000000011,4
41203,41204,41208,short,1792.44,1788.813675,win,32.96324999999952,24.17550000000011,4
41295,41296,41311,short,1769.89,1770.03,loss,-4.6999999999987265,24.17550000000011,15
41387,41388,41389,short,1776.19,1772.563675,win,32.96324999999952,24.17550000000011,1
41479,41480,41495,short,1763.97,1761.75,win,18.900000000000272,24.17550000000011,15
41571,41572,41574,short,1766.31,1768.72755,loss,-27.475500000001194,24.17550000000011,2
41663,41664,41666,short,1768.27,1770.68755,loss,-27.475500000001194,24.17550000000011,2
41755,41756,41756,short,1745.22,1747.6375500000001,loss,-27.475500000001194,24.17550000000011,0
41848,41849,41857,short,1741.05,1737.423675,win,32.96324999999952,24.17550000000011,8
41940,41941,41946,short,1752.28,1748.653675,win,32.96324999999952,24.17550000000011,5
42032,42033,42035,short,1749.3,1745.673675,win,32.96324999999952,24.17550000000011,2
42124,42125,42129,short,1735.55,1731.923675,win,32.96324999999952,24.17550000000011,4
42216,42217,42232,short,1723.65,1725.32,loss,-19.999999999998455,24.17550000000011,15
42308,42309,42310,short,1722.4,1718.7736750000001,win,32.96324999999952,24.17550000000011,1
42400,42401,42404,short,1711.76,1708.133675,win,32.96324999999952,24.17550000000011,3
42492,42493,42495,short,1711.17,1713.5875500000002,loss,-27.475500000001194,24.17550000000011,2
42584,42585,42600,short,1704.09,1703.24,win,5.199999999999091,24.17550000000011,15
42676,42677,42692,short,1711.92,1710.12,win,14.700000000001818,24.17550000000011,15
42768,42769,42784,short,1713.04,1713.15,loss,-4.400000000001273,24.17550000000011,15
42860,42861,42866,short,1717.16,1719.5775500000002,loss,-27.475500000001194,24.17550000000011,5
42952,42953,42966,short,1724.04,1726.45755,loss,-27.475500000001194,24.17550000000011,13
43044,43045,43060,short,1709.35,1707.72,win,12.999999999998817,24.17550000000011,15
43132,43133,43133,short,1676.44,1672.813675,win,32.96324999999952,24.17550000000011,0
43224,43225,43228,short,1686.3,1688.71755,loss,-27.475500000001194,24.17550000000011,3
43316,43317,43320,short,1723.7,1726.1175500000002,loss,-27.475500000001194,24.17550000000011,3
43408,43409,43413,short,1718.39,1720.8075500000002,loss,-27.475500000001194,24.17550000000011,4
43500,43501,43502,short,1732.75,1735.1675500000001,loss,-27.475500000001194,24.17550000000011,1
43592,43593,43600,short,1734.0,1736.4175500000001,loss,-27.475500000001194,24.17550000000011,7
43684,43685,43690,short,1722.92,1725.3375500000002,loss,-27.475500000001194,24.17550000000011,5
43776,43777,43788,short,1727.0,1723.373675,win,32.96324999999952,24.17550000000011,11
43868,43869,43882,short,1724.69,1721.063675,win,32.96324999999952,24.17550000000011,13
43960,43961,43964,short,1714.75,1711.123675,win,32.96324999999952,24.17550000000011,3
44052,44053,44055,short,1721.7,1724.1175500000002,loss,-27.475500000001194,24.17550000000011,2
44144,44145,44160,short,1733.96,1733.98,loss,-3.499999999999818,24.17550000000011,15
44236,44237,44240,short,1723.42,1725.8375500000002,loss,-27.475500000001194,24.17550000000011,3
44329,44330,44345,short,1729.14,1729.21,loss,-3.999999999999363,24.17550000000011,15
44406,44407,44414,short,1731.9,1734.3175500000002,loss,-27.475500000001194,24.17550000000011,7
44486,44487,44492,short,1750.09,1746.463675,win,32.96324999999952,24.17550000000011,5
44579,44580,44589,short,1750.0,1746.373675,win,32.96324999999952,24.17550000000011,9
44671,44672,44687,short,1739.86,1736.233675,win,32.96324999999952,24.17550000000011,15
44764,44765,44769,short,1721.32,1723.73755,loss,-27.475500000001194,24.17550000000011,4
44856,44857,44872,short,1730.04,1730.08,loss,-3.699999999999636,24.17550000000011,15
44948,44949,44960,short,1719.14,1715.5136750000001,win,32.96324999999952,24.17550000000011,11
45040,45041,45042,short,1705.39,1707.8075500000002,loss,-27.475500000001194,24.17550000000011,1
45132,45133,45143,short,1705.66,1702.0336750000001,win,32.96324999999952,24.17550000000011,10
45224,45225,45227,short,1688.58,1690.99755,loss,-27.475500000001194,24.17550000000011,2
45316,45317,45322,short,1701.14,1697.5136750000001,win,32.96324999999952,24.17550000000011,5
45408,45409,45413,short,1708.7,1711.1175500000002,loss,-27.475500000001194,24.17550000000011,4
45500,45501,45515,short,1709.43,1711.8475500000002,loss,-27.475500000001194,24.17550000000011,14
45592,45593,45608,short,1713.37,1714.62,loss,-15.8,24.17550000000011,15
45685,45686,45695,short,1698.7,1695.073675,win,32.96324999999952,24.17550000000011,9
45777,45778,45793,short,1698.65,1696.83,win,14.900000000001636,24.17550000000011,15
45869,45870,45882,short,1688.83,1691.24755,loss,-27.475500000001194,24.17550000000011,12
45962,45963,45974,short,1701.99,1698.363675,win,32.96324999999952,24.17550000000011,11
46054,46055,46057,short,1672.85,1675.26755,loss,-27.475500000001194,24.17550000000011,2
46146,46147,46157,short,1670.75,1667.123675,win,32.96324999999952,24.17550000000011,10
46238,46239,46241,short,1647.6,1650.01755,loss,-27.475500000001194,24.17550000000011,2
46330,46331,46332,short,1663.2,1665.6175500000002,loss,-27.475500000001194,24.17550000000011,1
46375,46376,46391,short,1658.87,1656.65,win,18.899999999998,24.17550000000011,15
46467,46468,46483,short,1658.05,1654.423675,win,32.96324999999952,24.17550000000011,15
46559,46560,46575,short,1661.35,1660.33,win,6.899999999999818,24.17550000000011,15
46651,46652,46653,short,1664.83,1667.24755,loss,-27.475500000001194,24.17550000000011,1
46727,46728,46730,short,1682.27,1684.68755,loss,-27.475500000001194,24.17550000000011,2
46819,46820,46833,short,1683.96,1680.333675,win,32.96324999999952,24.17550000000011,13
46911,46912,46915,short,1644.82,1641.193675,win,32.96324999999952,24.17550000000011,3
47003,47004,47019,short,1653.65,1655.45,loss,-21.299999999999546,24.17550000000011,15
47095,47096,47097,short,1648.45,1650.8675500000002,loss,-27.475500000001194,24.17550000000011,1
47187,47188,47188,short,1662.55,1664.96755,loss,-27.475500000001194,24.17550000000011,0
47279,47280,47287,short,1660.95,1663.3675500000002,loss,-27.475500000001194,24.17550000000011,7
47371,47372,47383,short,1672.04,1668.413675,win,32.96324999999952,24.17550000000011,11
47463,47464,47479,short,1667.97,1668.5,loss,-8.599999999999728,24.17550000000011,15
47555,47556,47557,short,1680.93,1683.3475500000002,loss,-27.475500000001194,24.17550000000011,1
47647,47648,47650,short,1682.28,1678.653675,win,32.96324999999952,24.17550000000011,2
47739,47740,47755,short,1681.6,1682.64,loss,-13.70000000000191,24.17550000000011,15
47832,47833,47848,short,1691.07,1690.96,loss,-2.2000000000010003,24.17550000000011,15
47924,47925,47940,short,1690.7,1688.72,win,16.50000000000018,24.17550000000011,15
48002,48003,48018,short,1693.34,1691.55,win,14.599999999999635,24.17550000000011,15
48094,48095,48110,short,1691.37,1693.78755,loss,-27.475500000001194,24.17550000000011,15
48187,48188,48194,short,1681.58,1677.953675,win,32.96324999999952,24.17550000000011,6
48279,48280,48293,short,1669.6,1665.973675,win,32.96324999999952,24.17550000000011,13
48371,48372,48378,short,1659.34,1655.713675,win,32.96324999999952,24.17550000000011,6
48463,48464,48472,short,1663.89,1660.2636750000001,win,32.96324999999952,24.17550000000011,8
48555,48556,48571,short,1666.72,1664.4,win,19.899999999999363,24.17550000000011,15
48647,48648,48663,short,1676.8,1675.41,win,10.599999999998726,24.17550000000011,15
48739,48740,48755,short,1664.63,1666.47,loss,-21.699999999999182,24.17550000000011,15
48831,48832,48839,short,1667.05,1663.423675,win,32.96324999999952,24.17550000000011,7
48923,48924,48930,short,1673.74,1676.1575500000001,loss,-27.475500000001194,24.17550000000011,6
49015,49016,49031,short,1670.42,1672.09,loss,-19.999999999998455,24.17550000000011,15
49107,49108,49123,short,1677.37,1675.85,win,11.899999999999817,24.17550000000011,15
49199,49200,49205,short,1673.05,1669.423675,win,32.96324999999952,24.17550000000011,5
49291,49292,49296,short,1667.02,1663.393675,win,32.96324999999952,24.17550000000011,4
49384,49385,49392,short,1643.6,1639.973675,win,32.96324999999952,24.17550000000011,7
49476,49477,49492,short,1647.97,1646.35,win,12.900000000001182,24.17550000000011,15
49568,49569,49576,short,1644.62,1640.993675,win,32.96324999999952,24.17550000000011,7
49660,49661,49667,short,1632.15,1628.5236750000001,win,32.96324999999952,24.17550000000011,6
49752,49753,49762,short,1614.01,1610.383675,win,32.96324999999952,24.17550000000011,9
49829,49830,49845,short,1614.32,1611.52,win,24.699999999999545,24.17550000000011,15
49921,49922,49929,short,1606.51,1602.883675,win,32.96324999999952,24.17550000000011,7
50013,50014,50014,short,1568.78,1565.153675,win,32.96324999999952,24.17550000000011,0
50106,50107,50122,short,1582.26,1578.633675,win,32.96324999999952,24.17550000000011,15
50198,50199,50199,short,1589.02,1591.43755,loss,-27.475500000001194,24.17550000000011,0
50290,50291,50292,short,1595.75,1598.1675500000001,loss,-27.475500000001194,24.17550000000011,1
50383,50384,50390,short,1612.03,1608.403675,win,32.96324999999952,24.17550000000011,6
50475,50476,50477,short,1600.57,1596.943675,win,32.96324999999952,24.17550000000011,1
50567,50568,50571,short,1578.87,1575.243675,win,32.96324999999952,24.17550000000011,3
50659,50660,50663,short,1576.35,1578.76755,loss,-27.475500000001194,24.17550000000011,3
50751,50752,50765,short,1581.62,1584.03755,loss,-27.475500000001194,24.17550000000011,13
50843,50844,50859,short,1576.73,1575.03,win,13.700000000000454,24.17550000000011,15
50936,50937,50944,short,1583.93,1580.303675,win,32.96324999999952,24.17550000000011,7
51028,51029,51032,short,1578.4,1580.8175500000002,loss,-27.475500000001194,24.17550000000011,3
51120,51121,51129,short,1581.44,1577.813675,win,32.96324999999952,24.17550000000011,8
51213,51214,51225,short,1583.13,1585.5475500000002,loss,-27.475500000001194,24.17550000000011,11
51305,51306,51316,short,1592.38,1594.7975500000002,loss,-27.475500000001194,24.17550000000011,10
51397,51398,51408,short,1588.55,1584.923675,win,32.96324999999952,24.17550000000011,10
51489,51490,51505,short,1592.5,1592.92,loss,-7.500000000000727,24.17550000000011,15
51577,51578,51587,short,1604.39,1600.7636750000001,win,32.96324999999952,24.17550000000011,9
51669,51670,51685,short,1603.67,1604.08,loss,-7.399999999998545,24.17550000000011,15
51761,51762,51777,short,1611.11,1607.483675,win,32.96324999999952,24.17550000000011,15
51853,51854,51869,short,1608.25,1608.79,loss,-8.699999999999637,24.17550000000011,15
51945,51946,51959,short,1612.0,1608.373675,win,32.96324999999952,24.17550000000011,13
52033,52034,52039,short,1607.49,1603.863675,win,32.96324999999952,24.17550000000011,5
52126,52127,52131,short,1601.28,1597.653675,win,32.96324999999952,24.17550000000011,4
52219,52220,52235,short,1594.59,1597.00755,loss,-27.475500000001194,24.17550000000011,15
52311,52312,52325,short,1604.17,1600.5436750000001,win,32.96324999999952,24.17550000000011,13
52399,52400,52415,short,1598.7,1597.95,win,4.2,24.17550000000011,15
52491,52492,52507,short,1600.28,1597.42,win,25.299999999999,24.17550000000011,15
52583,52584,52588,short,1567.16,1569.5775500000002,loss,-27.475500000001194,24.17550000000011,4
52675,52676,52677,short,1552.49,1548.863675,win,32.96324999999952,24.17550000000011,1
52768,52769,52778,short,1550.28,1552.69755,loss,-27.475500000001194,24.17550000000011,9
52860,52861,52876,short,1579.2,1578.25,win,6.200000000000455,24.17550000000011,15
52952,52953,52966,short,1575.21,1571.583675,win,32.96324999999952,24.17550000000011,13
53044,53045,53047,short,1586.66,1583.0336750000001,win,32.96324999999952,24.17550000000011,2
53136,53137,53139,short,1556.38,1558.7975500000002,loss,-27.475500000001194,24.17550000000011,2
53228,53229,53231,short,1560.85,1557.223675,win,32.96324999999952,24.17550000000011,2
53320,53321,53321,short,1453.47,1455.8875500000001,loss,-27.475500000001194,24.17550000000011,0
53412,53413,53413,short,1374.35,1376.76755,loss,-27.475500000001194,24.17550000000011,0
53504,53505,53505,short,1381.54,1383.95755,loss,-27.475500000001194,24.17550000000011,0
53596,53597,53597,short,1373.85,1376.26755,loss,-27.475500000001194,24.17550000000011,0
53688,53689,53689,short,1414.75,1417.1675500000001,loss,-27.475500000001194,24.17550000000011,0
53780,53781,53783,short,1424.76,1421.133675,win,32.96324999999952,24.17550000000011,2
53873,53874,53876,short,1416.53,1412.903675,win,32.96324999999952,24.17550000000011,2
53965,53966,53967,short,1428.55,1424.923675,win,32.96324999999952,24.17550000000011,1
54057,54058,54059,short,1442.78,1445.19755,loss,-27.475500000001194,24.17550000000011,1
54149,54150,54150,short,1472.96,1469.333675,win,32.96324999999952,24.17550000000011,0
54241,54242,54247,short,1475.55,1471.923675,win,32.96324999999952,24.17550000000011,5
54333,54334,54336,short,1463.03,1465.44755,loss,-27.475500000001194,24.17550000000011,2
54425,54426,54434,short,1473.35,1469.723675,win,32.96324999999952,24.17550000000011,8
54517,54518,54533,short,1456.04,1455.42,win,2.899999999998909,24.17550000000011,15
54609,54610,54621,short,1476.62,1479.03755,loss,-27.475500000001194,24.17550000000011,11
54701,54702,54713,short,1472.97,1475.3875500000001,loss,-27.475500000001194,24.17550000000011,11
54793,54794,54795,short,1458.59,1461.00755,loss,-27.475500000001194,24.17550000000011,1
54885,54886,54896,short,1454.87,1451.243675,win,32.96324999999952,24.17550000000011,10
54977,54978,54987,short,1470.34,1472.75755,loss,-27.475500000001194,24.17550000000011,9
55069,55070,55071,short,1460.06,1456.433675,win,32.96324999999952,24.17550000000011,1
55161,55162,55164,short,1433.89,1430.2636750000001,win,32.96324999999952,24.17550000000011,2
55253,55254,55257,short,1438.06,1440.47755,loss,-27.475500000001194,24.17550000000011,3
55345,55346,55346,short,1411.0,1413.4175500000001,loss,-27.475500000001194,24.17550000000011,0
55437,55438,55439,short,1388.42,1384.7936750000001,win,32.96324999999952,24.17550000000011,1
55529,55530,55531,short,1375.51,1377.92755,loss,-27.475500000001194,24.17550000000011,1
55621,55622,55623,short,1347.95,1350.3675500000002,loss,-27.475500000001194,24.17550000000011,1
55714,55715,55717,short,1392.22,1388.593675,win,32.96324999999952,24.17550000000011,2
55806,55807,55812,short,1387.91,1384.2836750000001,win,32.96324999999952,24.17550000000011,5
55898,55899,55899,short,1376.13,1378.5475500000002,loss,-27.475500000001194,24.17550000000011,0
55990,55991,55997,short,1389.34,1391.75755,loss,-27.475500000001194,24.17550000000011,6
56082,56083,56098,short,1394.04,1395.07,loss,-13.599999999999728,24.17550000000011,15
56160,56161,56164,short,1390.12,1386.493675,win,32.96324999999952,24.17550000000011,3
56252,56253,56253,short,1385.16,1387.5775500000002,loss,-27.475500000001194,24.17550000000011,0
56344,56345,56357,short,1407.07,1403.443675,win,32.96324999999952,24.17550000000011,12
56436,56437,56441,short,1414.61,1417.02755,loss,-27.475500000001194,24.17550000000011,4
56528,56529,56529,short,1395.27,1391.643675,win,32.96324999999952,24.17550000000011,0
56620,56621,56631,short,1406.17,1402.5436750000001,win,32.96324999999952,24.17550000000011,10
56713,56714,56723,short,1399.78,1396.153675,win,32.96324999999952,24.17550000000011,9
56862,56863,56870,short,1384.92,1381.2936750000001,win,32.96324999999952,24.17550000000011,7
56954,56955,56970,short,1387.07,1385.72,win,10.19999999999909,24.17550000000011,15
57046,57047,57048,short,1378.69,1381.1075500000002,loss,-27.475500000001194,24.17550000000011,1
57138,57139,57154,short,1367.85,1367.86,loss,-3.399999999999909,24.17550000000011,15
57230,57231,57231,short,1329.12,1331.53755,loss,-27.475500000001194,24.17550000000011,0
57322,57323,57323,short,1299.3,1295.673675,win,32.96324999999952,24.17550000000011,0
57414,57415,57426,short,1282.96,1285.3775500000002,loss,-27.475500000001194,24.17550000000011,11
57506,57507,57508,short,1278.88,1281.2975500000002,loss,-27.475500000001194,24.17550000000011,1
57598,57599,57601,short,1247.85,1244.223675,win,32.96324999999952,24.17550000000011,2
57690,57691,57692,short,1244.48,1240.853675,win,32.96324999999952,24.17550000000011,1
57782,57783,57785,short,1266.37,1262.743675,win,32.96324999999952,24.17550000000011,2
57874,57875,57877,short,1237.92,1240.3375500000002,loss,-27.475500000001194,24.17550000000011,2
57966,57967,57970,short,1253.7,1250.073675,win,32.96324999999952,24.17550000000011,3
58044,58045,58047,short,1240.52,1242.93755,loss,-27.475500000001194,24.17550000000011,2
58136,58137,58137,short,1221.36,1223.77755,loss,-27.475500000001194,24.17550000000011,0
58228,58229,58237,short,1256.82,1253.193675,win,32.96324999999952,24.17550000000011,8
58320,58321,58321,short,1253.34,1255.75755,loss,-27.475500000001194,24.17550000000011,0
58412,58413,58414,short,1284.85,1287.26755,loss,-27.475500000001194,24.17550000000011,1
58504,58505,58519,short,1277.0,1273.373675,win,32.96324999999952,24.17550000000011,14
58596,58597,58602,short,1286.37,1282.743675,win,32.96324999999952,24.17550000000011,5
58688,58689,58689,short,1281.82,1284.23755,loss,-27.475500000001194,24.17550000000011,0
58780,58781,58796,short,1286.44,1287.68,loss,-15.700000000000092,24.17550000000011,15
58872,58873,58879,short,1277.02,1279.43755,loss,-27.475500000001194,24.17550000000011,6
58964,58965,58978,short,1289.17,1291.5875500000002,loss,-27.475500000001194,24.17550000000011,13
59056,59057,59072,short,1316.83,1318.28,loss,-17.800000000000455,24.17550000000011,15
59148,59149,59149,short,1331.92,1334.3375500000002,loss,-27.475500000001194,24.17550000000011,0
59240,59241,59242,short,1343.02,1345.43755,loss,-27.475500000001194,24.17550000000011,1
59333,59334,59337,short,1323.0,1319.373675,win,32.96324999999952,24.17550000000011,3
59425,59426,59428,short,1333.89,1336.3075500000002,loss,-27.475500000001194,24.17550000000011,2
59517,59518,59519,short,1323.37,1325.78755,loss,-27.475500000001194,24.17550000000011,1
59609,59610,59610,short,1325.01,1321.383675,win,32.96324999999952,24.17550000000011,0
59701,59702,59704,short,1329.8,1332.21755,loss,-27.475500000001194,24.17550000000011,2
59794,59795,59802,short,1320.14,1322.5575500000002,loss,-27.475500000001194,24.17550000000011,7
59886,59887,59887,short,1286.86,1289.27755,loss,-27.475500000001194,24.17550000000011,0
59978,59979,59987,short,1314.17,1310.5436750000001,win,32.96324999999952,24.17550000000011,8
60070,60071,60072,short,1292.36,1294.77755,loss,-27.475500000001194,24.17550000000011,1
60162,60163,60165,short,1280.68,1277.053675,win,32.96324999999952,24.17550000000011,2
60255,60256,60258,short,1292.71,1289.083675,win,32.96324999999952,24.17550000000011,2
60347,60348,60356,short,1310.01,1306.383675,win,32.96324999999952,24.17550000000011,8
60439,60440,60443,short,1331.3,1327.673675,win,32.96324999999952,24.17550000000011,3
60531,60532,60535,short,1338.32,1334.693675,win,32.96324999999952,24.17550000000011,3
60623,60624,60628,short,1321.44,1323.8575500000002,loss,-27.475500000001194,24.17550000000011,4
60715,60716,60722,short,1338.25,1340.6675500000001,loss,-27.475500000001194,24.17550000000011,6
60807,60808,60817,short,1363.96,1360.333675,win,32.96324999999952,24.17550000000011,9
60899,60900,60907,short,1373.95,1376.3675500000002,loss,-27.475500000001194,24.17550000000011,7
60991,60992,60995,short,1357.52,1359.93755,loss,-27.475500000001194,24.17550000000011,3
61083,61084,61090,short,1364.73,1361.103675,win,32.96324999999952,24.17550000000011,6
61176,61177,61178,short,1362.92,1365.3375500000002,loss,-27.475500000001194,24.17550000000011,1
61268,61269,61284,short,1375.64,1374.77,win,5.4000000000011825,24.17550000000011,15
61360,61361,61376,short,1396.12,1394.06,win,17.299999999999454,24.17550000000011,15
61452,61453,61456,short,1402.48,1404.8975500000001,loss,-27.475500000001194,24.17550000000011,3
61544,61545,61547,short,1423.46,1425.8775500000002,loss,-27.475500000001194,24.17550000000011,2
61637,61638,61639,short,1409.74,1406.113675,win,32.96324999999952,24.17550000000011,1
61730,61731,61739,short,1397.54,1393.913675,win,32.96324999999952,24.17550000000011,8
61822,61823,61836,short,1393.86,1390.233675,win,32.96324999999952,24.17550000000011,13
61900,61901,61903,short,1391.31,1387.683675,win,32.96324999999952,24.17550000000011,2
61992,61993,61999,short,1407.8,1404.173675,win,32.96324999999952,24.17550000000011,6
62084,62085,62085,short,1387.01,1389.42755,loss,-27.475500000001194,24.17550000000011,0
62176,62177,62180,short,1371.16,1367.5336750000001,win,32.96324999999952,24.17550000000011,3
62268,62269,62284,short,1387.49,1385.02,win,21.400000000000272,24.17550000000011,15
62361,62362,62369,short,1377.84,1374.213675,win,32.96324999999952,24.17550000000011,7
62453,62454,62465,short,1366.53,1362.903675,win,32.96324999999952,24.17550000000011,11
62546,62547,62548,short,1346.32,1342.693675,win,32.96324999999952,24.17550000000011,1
62638,62639,62639,short,1316.21,1318.6275500000002,loss,-27.475500000001194,24.17550000000011,0
62730,62731,62731,short,1324.62,1327.03755,loss,-27.475500000001194,24.17550000000011,0
62822,62823,62827,short,1318.7,1321.1175500000002,loss,-27.475500000001194,24.17550000000011,4
62914,62915,62916,short,1302.86,1305.27755,loss,-27.475500000001194,24.17550000000011,1
63007,63008,63012,short,1372.0,1368.373675,win,32.96324999999952,24.17550000000011,4
63099,63100,63100,short,1361.14,1357.5136750000001,win,32.96324999999952,24.17550000000011,0
63191,63192,63192,short,1327.27,1329.68755,loss,-27.475500000001194,24.17550000000011,0
63283,63284,63286,short,1322.91,1319.2836750000001,win,32.96324999999952,24.17550000000011,2
63376,63377,63380,short,1324.51,1320.883675,win,32.96324999999952,24.17550000000011,3
63468,63469,63469,short,1332.02,1334.43755,loss,-27.475500000001194,24.17550000000011,0
63560,63561,63567,short,1326.53,1322.903675,win,32.96324999999952,24.17550000000011,6
63652,63653,63660,short,1342.38,1338.7536750000002,win,32.96324999999952,24.17550000000011,7
63744,63745,63747,short,1334.67,1331.0436750000001,win,32.96324999999952,24.17550000000011,2
63836,63837,63839,short,1287.66,1290.0775500000002,loss,-27.475500000001194,24.17550000000011,2
63928,63929,63932,short,1312.51,1308.883675,win,32.96324999999952,24.17550000000011,3
64020,64021,64028,short,1318.3,1314.673675,win,32.96324999999952,24.17550000000011,7
64112,64113,64128,short,1311.84,1314.25755,loss,-27.475500000001194,24.17550000000011,15
64204,64205,64211,short,1325.27,1321.643675,win,32.96324999999952,24.17550000000011,6
64297,64298,64302,short,1318.02,1320.43755,loss,-27.475500000001194,24.17550000000011,4
64389,64390,64394,short,1304.08,1300.453675,win,32.96324999999952,24.17550000000011,4
64481,64482,64483,short,1290.95,1293.3675500000002,loss,-27.475500000001194,24.17550000000011,1
64573,64574,64587,short,1276.44,1278.8575500000002,loss,-27.475500000001194,24.17550000000011,13
64666,64667,64669,short,1271.57,1267.943675,win,32.96324999999952,24.17550000000011,2
64758,64759,64760,short,1285.26,1281.633675,win,32.96324999999952,24.17550000000011,1
64850,64851,64851,short,1278.42,1280.8375500000002,loss,-27.475500000001194,24.17550000000011,0
64943,64944,64948,short,1320.71,1317.083675,win,32.96324999999952,24.17550000000011,4
65035,65036,65042,short,1320.75,1317.123675,win,32.96324999999952,24.17550000000011,6
65127,65128,65133,short,1316.01,1312.383675,win,32.96324999999952,24.17550000000011,5
65219,65220,65222,short,1334.25,1336.6675500000001,loss,-27.475500000001194,24.17550000000011,2
65312,65313,65313,short,1341.62,1337.993675,win,32.96324999999952,24.17550000000011,0
65404,65405,65410,short,1342.35,1344.76755,loss,-27.475500000001194,24.17550000000011,5
65496,65497,65499,short,1348.72,1351.1375500000001,loss,-27.475500000001194,24.17550000000011,2
65588,65589,65589,short,1344.99,1347.4075500000001,loss,-27.475500000001194,24.17550000000011,0
65680,65681,65682,short,1345.61,1348.02755,loss,-27.475500000001194,24.17550000000011,1
65772,65773,65778,short,1333.49,1335.9075500000001,loss,-27.475500000001194,24.17550000000011,5
65864,65865,65870,short,1322.63,1319.0036750000002,win,32.96324999999952,24.17550000000011,5
65952,65953,65966,short,1313.6,1316.01755,loss,-27.475500000001194,24.17550000000011,13
66045,66046,66061,short,1312.29,1311.78,win,1.7999999999999092,24.17550000000011,15
66137,66138,66139,short,1312.33,1314.74755,loss,-27.475500000001194,24.17550000000011,1
66229,66230,66245,short,1316.48,1315.32,win,8.300000000000818,24.17550000000011,15
66322,66323,66324,short,1307.97,1310.3875500000001,loss,-27.475500000001194,24.17550000000011,1
66414,66415,66417,short,1285.47,1281.843675,win,32.96324999999952,24.17550000000011,2
66506,66507,66508,short,1281.07,1277.443675,win,32.96324999999952,24.17550000000011,1
66598,66599,66613,short,1275.21,1271.583675,win,32.96324999999952,24.17550000000011,14
66691,66692,66704,short,1285.62,1281.993675,win,32.96324999999952,24.17550000000011,12
66784,66785,66792,short,1284.12,1280.493675,win,32.96324999999952,24.17550000000011,7
66876,66877,66892,short,1285.7,1284.02,win,13.500000000000636,24.17550000000011,15
66969,66970,66982,short,1274.95,1271.323675,win,32.96324999999952,24.17550000000011,12
67061,67062,67074,short,1271.78,1268.153675,win,32.96324999999952,24.17550000000011,12
67154,67155,67155,short,1245.61,1248.02755,loss,-27.475500000001194,24.17550000000011,0
67246,67247,67262,short,1244.26,1246.67755,loss,-27.475500000001194,24.17550000000011,15
67338,67339,67342,short,1232.57,1228.943675,win,32.96324999999952,24.17550000000011,3
67430,67431,67446,short,1252.41,1249.47,win,26.100000000000545,24.17550000000011,15
67522,67523,67524,short,1245.54,1247.95755,loss,-27.475500000001194,24.17550000000011,1
67614,67615,67618,short,1240.77,1243.18755,loss,-27.475500000001194,24.17550000000011,3
67692,67693,67700,short,1248.29,1244.663675,win,32.96324999999952,24.17550000000011,7
67772,67773,67776,short,1243.17,1239.5436750000001,win,32.96324999999952,24.17550000000011,3
67864,67865,67868,short,1224.64,1221.0136750000001,win,32.96324999999952,24.17550000000011,3
67956,67957,67959,short,1213.69,1216.1075500000002,loss,-27.475500000001194,24.17550000000011,2
68048,68049,68052,short,1235.74,1232.113675,win,32.96324999999952,24.17550000000011,3
68141,68142,68146,short,1227.72,1230.1375500000001,loss,-27.475500000001194,24.17550000000011,4
68233,68234,68247,short,1231.21,1227.583675,win,32.96324999999952,24.17550000000011,13
68325,68326,68330,short,1245.87,1242.243675,win,32.96324999999952,24.17550000000011,4
68417,68418,68433,short,1257.02,1257.73,loss,-10.400000000000365,24.17550000000011,15
68509,68510,68513,short,1254.58,1250.953675,win,32.96324999999952,24.17550000000011,3
68602,68603,68605,short,1225.59,1228.00755,loss,-27.475500000001194,24.17550000000011,2
68694,68695,68698,short,1232.01,1228.383675,win,32.96324999999952,24.17550000000011,3
68787,68788,68789,short,1243.78,1240.153675,win,32.96324999999952,24.17550000000011,1
68879,68880,68880,short,1231.46,1233.8775500000002,loss,-27.475500000001194,24.17550000000011,0
68971,68972,68972,short,1215.97,1212.343675,win,32.96324999999952,24.17550000000011,0
69063,69064,69066,short,1193.01,1195.42755,loss,-27.475500000001194,24.17550000000011,2
69155,69156,69161,short,1204.21,1200.583675,win,32.96324999999952,24.17550000000011,5
69247,69248,69251,short,1199.24,1201.6575500000001,loss,-27.475500000001194,24.17550000000011,3
69291,69292,69307,short,1206.39,1205.97,win,0.9000000000007278,24.17550000000011,15
69383,69384,69388,short,1214.15,1210.5236750000001,win,32.96324999999952,24.17550000000011,4
69475,69476,69476,short,1203.27,1205.68755,loss,-27.475500000001194,24.17550000000011,0
69567,69568,69572,short,1197.93,1200.3475500000002,loss,-27.475500000001194,24.17550000000011,4
69607,69608,69609,short,1224.32,1220.693675,win,32.96324999999952,24.17550000000011,1
69699,69700,69706,short,1234.38,1230.7536750000002,win,32.96324999999952,24.17550000000011,6
69791,69792,69799,short,1239.98,1236.353675,win,32.96324999999952,24.17550000000011,7
69883,69884,69891,short,1241.47,1237.843675,win,32.96324999999952,24.17550000000011,7
69975,69976,69980,short,1228.14,1224.5136750000001,win,32.96324999999952,24.17550000000011,4
70067,70068,70083,short,1227.34,1227.15,loss,-1.4000000000017279,24.17550000000011,15
70159,70160,70165,short,1234.21,1236.6275500000002,loss,-27.475500000001194,24.17550000000011,5
70248,70249,70256,short,1250.16,1246.5336750000001,win,32.96324999999952,24.17550000000011,7
70340,70341,70348,short,1252.9,1249.2736750000001,win,32.96324999999952,24.17550000000011,7
70432,70433,70440,short,1240.58,1236.953675,win,32.96324999999952,24.17550000000011,7
70524,70525,70529,short,1240.66,1237.0336750000001,win,32.96324999999952,24.17550000000011,4
70616,70617,70619,short,1243.56,1239.933675,win,32.96324999999952,24.17550000000011,2
70708,70709,70724,short,1255.35,1254.59,win,4.299999999999909,24.17550000000011,15
70785,70786,70791,short,1253.66,1250.0336750000001,win,32.96324999999952,24.17550000000011,5
70877,70878,70893,short,1240.06,1240.86,loss,-11.299999999999546,24.17550000000011,15
70969,70970,70979,short,1237.23,1239.6475500000001,loss,-27.475500000001194,24.17550000000011,9
71061,71062,71077,short,1259.61,1262.02755,loss,-27.475500000001194,24.17550000000011,15
71153,71154,71164,short,1267.41,1269.8275500000002,loss,-27.475500000001194,24.17550000000011,10
71245,71246,71251,short,1258.23,1254.603675,win,32.96324999999952,24.17550000000011,5
71337,71338,71342,short,1255.07,1251.443675,win,32.96324999999952,24.17550000000011,4
71429,71430,71431,short,1260.69,1257.063675,win,32.96324999999952,24.17550000000011,1
71521,71522,71525,short,1242.19,1238.563675,win,32.96324999999952,24.17550000000011,3
71613,71614,71619,short,1244.63,1241.0036750000002,win,32.96324999999952,24.17550000000011,5
71705,71706,71715,short,1257.78,1254.153675,win,32.96324999999952,24.17550000000011,9
71797,71798,71801,short,1254.32,1256.73755,loss,-27.475500000001194,24.17550000000011,3
71889,71890,71905,short,1257.96,1260.3775500000002,loss,-27.475500000001194,24.17550000000011,15
71981,71982,71984,short,1261.6,1264.01755,loss,-27.475500000001194,24.17550000000011,2
72073,72074,72081,short,1273.34,1275.75755,loss,-27.475500000001194,24.17550000000011,7
72165,72166,72168,short,1283.01,1285.42755,loss,-27.475500000001194,24.17550000000011,2
72257,72258,72273,short,1286.97,1287.03,loss,-3.899999999999454,24.17550000000011,15
72349,72350,72364,short,1289.31,1291.72755,loss,-27.475500000001194,24.17550000000011,14
72441,72442,72456,short,1308.68,1311.0975500000002,loss,-27.475500000001194,24.17550000000011,14
72533,72534,72536,short,1326.87,1323.243675,win,32.96324999999952,24.17550000000011,2
72610,72611,72616,short,1318.21,1320.6275500000002,loss,-27.475500000001194,24.17550000000011,5
72702,72703,72708,short,1318.2,1320.6175500000002,loss,-27.475500000001194,24.17550000000011,5
72794,72795,72810,short,1313.51,1314.39,loss,-12.100000000001092,24.17550000000011,15
72886,72887,72890,short,1319.6,1322.01755,loss,-27.475500000001194,24.17550000000011,3
72978,72979,72980,short,1326.89,1329.3075500000002,loss,-27.475500000001194,24.17550000000011,1
73070,73071,73075,short,1333.79,1336.20755,loss,-27.475500000001194,24.17550000000011,4
73162,73163,73174,short,1343.93,1340.303675,win,32.96324999999952,24.17550000000011,11
73254,73255,73258,short,1328.87,1325.243675,win,32.96324999999952,24.17550000000011,3
73346,73347,73353,short,1330.81,1327.183675,win,32.96324999999952,24.17550000000011,6
73438,73439,73441,short,1347.1,1349.51755,loss,-27.475500000001194,24.17550000000011,2
73530,73531,73533,short,1337.92,1340.3375500000002,loss,-27.475500000001194,24.17550000000011,2
73622,73623,73638,short,1334.53,1333.92,win,2.7999999999989997,24.17550000000011,15
73714,73715,73718,short,1334.75,1331.123675,win,32.96324999999952,24.17550000000011,3
73806,73807,73822,short,1348.75,1348.43,loss,-0.10000000000063647,24.17550000000011,15
73901,73902,73905,short,1331.28,1333.69755,loss,-27.475500000001194,24.17550000000011,3
73993,73994,73997,short,1342.37,1344.78755,loss,-27.475500000001194,24.17550000000011,3
74085,74086,74095,short,1357.83,1354.203675,win,32.96324999999952,24.17550000000011,9
74177,74178,74181,short,1371.85,1374.26755,loss,-27.475500000001194,24.17550000000011,3
74269,74270,74271,short,1369.19,1371.6075500000002,loss,-27.475500000001194,24.17550000000011,1
74361,74362,74368,short,1383.6,1379.973675,win,32.96324999999952,24.17550000000011,6
74453,74454,74461,short,1360.27,1362.68755,loss,-27.475500000001194,24.17550000000011,7
74545,74546,74549,short,1351.66,1354.0775500000002,loss,-27.475500000001194,24.17550000000011,3
74637,74638,74639,short,1331.3,1333.71755,loss,-27.475500000001194,24.17550000000011,1
74729,74730,74734,short,1331.29,1333.70755,loss,-27.475500000001194,24.17550000000011,4
74821,74822,74824,short,1323.56,1325.97755,loss,-27.475500000001194,24.17550000000011,2
74913,74914,74915,short,1312.45,1314.8675500000002,loss,-27.475500000001194,24.17550000000011,1
75005,75006,75021,short,1314.19,1314.79,loss,-9.299999999999091,24.17550000000011,15
75097,75098,75101,short,1303.23,1299.603675,win,32.96324999999952,24.17550000000011,3
75189,75190,75205,short,1297.47,1295.69,win,14.499999999999726,24.17550000000011,15
75277,75278,75280,short,1295.63,1292.0036750000002,win,32.96324999999952,24.17550000000011,2
75369,75370,75379,short,1285.33,1287.74755,loss,-27.475500000001194,24.17550000000011,9
75461,75462,75477,short,1282.77,1283.39,loss,-9.500000000001183,24.17550000000011,15
75553,75554,75561,short,1292.72,1289.093675,win,32.96324999999952,24.17550000000011,7
75645,75646,75651,short,1287.13,1289.5475500000002,loss,-27.475500000001194,24.17550000000011,5
75737,75738,75753,short,1300.99,1299.55,win,11.100000000000545,24.17550000000011,15
75829,75830,75840,short,1308.4,1310.8175500000002,loss,-27.475500000001194,24.17550000000011,10
75921,75922,75926,short,1313.22,1309.593675,win,32.96324999999952,24.17550000000011,4
76013,76014,76017,short,1316.66,1319.0775500000002,loss,-27.475500000001194,24.17550000000011,3
76105,76106,76108,short,1320.18,1316.553675,win,32.96324999999952,24.17550000000011,2
76197,76198,76209,short,1327.96,1324.333675,win,32.96324999999952,24.17550000000011,11
76289,76290,76290,short,1319.62,1315.993675,win,32.96324999999952,24.17550000000011,0
76381,76382,76383,short,1297.02,1299.43755,loss,-27.475500000001194,24.17550000000011,1
76473,76474,76475,short,1301.51,1297.883675,win,32.96324999999952,24.17550000000011,1
76565,76566,76572,short,1285.95,1288.3675500000002,loss,-27.475500000001194,24.17550000000011,6
76657,76658,76658,short,1289.17,1291.5875500000002,loss,-27.475500000001194,24.17550000000011,0
76749,76750,76765,short,1284.18,1285.65,loss,-18.000000000000274,24.17550000000011,15
76841,76842,76851,short,1284.94,1281.313675,win,32.96324999999952,24.17550000000011,9
76933,76934,76948,short,1293.18,1295.5975500000002,loss,-27.475500000001194,24.17550000000011,14
77025,77026,77041,short,1302.31,1302.26,loss,-2.8000000000004546,24.17550000000011,15
77117,77118,77122,short,1295.35,1291.723675,win,32.96324999999952,24.17550000000011,4
77209,77210,77217,short,1293.21,1289.583675,win,32.96324999999952,24.17550000000011,7
77301,77302,77304,short,1289.93,1286.303675,win,32.96324999999952,24.17550000000011,2
77393,77394,77403,short,1282.57,1284.98755,loss,-27.475500000001194,24.17550000000011,9
77485,77486,77492,short,1306.76,1309.17755,loss,-27.475500000001194,24.17550000000011,6
77577,77578,77581,short,1309.81,1312.22755,loss,-27.475500000001194,24.17550000000011,3
77669,77670,77677,short,1311.21,1313.6275500000002,loss,-27.475500000001194,24.17550000000011,7
77761,77762,77777,short,1291.49,1291.88,loss,-7.200000000001,24.17550000000011,15
77853,77854,77869,short,1290.98,1289.06,win,15.900000000000727,24.17550000000011,15
77945,77946,77957,short,1289.19,1291.6075500000002,loss,-27.475500000001194,24.17550000000011,11
78037,78038,78053,short,1292.55,1292.61,loss,-3.899999999999454,24.17550000000011,15
78129,78130,78133,short,1293.58,1295.99755,loss,-27.475500000001194,24.17550000000011,3
78221,78222,78229,short,1301.53,1303.94755,loss,-27.475500000001194,24.17550000000011,7
78313,78314,78320,short,1295.66,1292.0336750000001,win,32.96324999999952,24.17550000000011,6
78405,78406,78412,short,1296.41,1298.8275500000002,loss,-27.475500000001194,24.17550000000011,6
78497,78498,78499,short,1293.13,1289.5036750000002,win,32.96324999999952,24.17550000000011,1
78589,78590,78605,short,1294.54,1293.0,win,12.099999999999635,24.17550000000011,15
78681,78682,78685,short,1293.58,1295.99755,loss,-27.475500000001194,24.17550000000011,3
78773,78774,78789,short,1294.3,1291.71,win,22.59999999999918,24.17550000000011,15
78865,78866,78881,short,1292.34,1292.73,loss,-7.200000000001,24.17550000000011,15
78941,78942,78952,short,1285.73,1282.103675,win,32.96324999999952,24.17550000000011,10
79033,79034,79049,short,1264.25,1265.2,loss,-12.800000000000455,24.17550000000011,15
79125,79126,79126,short,1257.44,1253.813675,win,32.96324999999952,24.17550000000011,0
79217,79218,79225,short,1257.34,1253.713675,win,32.96324999999952,24.17550000000011,7
79309,79310,79312,short,1241.62,1244.03755,loss,-27.475500000001194,24.17550000000011,2
79401,79402,79417,short,1245.87,1245.89,loss,-3.5000000000020917,24.17550000000011,15
79493,79494,79509,short,1245.98,1245.25,win,4.000000000000182,24.17550000000011,15
79585,79586,79601,short,1243.83,1244.06,loss,-5.600000000000182,24.17550000000011,15
79677,79678,79693,short,1254.94,1253.67,win,9.399999999999817,24.17550000000011,15
79769,79770,79785,short,1253.31,1255.72755,loss,-27.475500000001194,24.17550000000011,15
79861,79862,79877,short,1254.84,1252.55,win,19.599999999999635,24.17550000000011,15
79953,79954,79965,short,1260.86,1263.27755,loss,-27.475500000001194,24.17550000000011,11
80045,80046,80060,short,1260.78,1263.19755,loss,-27.475500000001194,24.17550000000011,14
80137,80138,80140,short,1271.1,1273.51755,loss,-27.475500000001194,24.17550000000011,2
80229,80230,80232,short,1281.77,1284.18755,loss,-27.475500000001194,24.17550000000011,2
80321,80322,80337,short,1264.57,1266.07,loss,-18.3,24.17550000000011,15
80413,80414,80429,short,1268.29,1270.70755,loss,-27.475500000001194,24.17550000000011,15
80505,80506,80508,short,1277.79,1280.20755,loss,-27.475500000001194,24.17550000000011,2
80597,80598,80603,short,1313.4,1309.7736750000001,win,32.96324999999952,24.17550000000011,5
80689,80690,80692,short,1313.18,1315.5975500000002,loss,-27.475500000001194,24.17550000000011,2
80781,80782,80790,short,1315.31,1317.72755,loss,-27.475500000001194,24.17550000000011,8
80873,80874,80877,short,1312.39,1314.8075500000002,loss,-27.475500000001194,24.17550000000011,3
80965,80966,80970,short,1316.78,1313.153675,win,32.96324999999952,24.17550000000011,4
81057,81058,81059,short,1319.46,1321.8775500000002,loss,-27.475500000001194,24.17550000000011,1
81149,81150,81160,short,1315.93,1312.303675,win,32.96324999999952,24.17550000000011,10
81241,81242,81257,short,1326.41,1326.16,loss,-0.7999999999999998,24.17550000000011,15
81333,81334,81349,short,1325.2,1326.77,loss,-18.999999999999364,24.17550000000011,15
81425,81426,81441,short,1322.38,1322.86,loss,-8.099999999997909,24.17550000000011,15
81517,81518,81533,short,1320.79,1321.48,loss,-10.200000000000546,24.17550000000011,15
81593,81594,81609,short,1312.72,1314.04,loss,-16.499999999999364,24.17550000000011,15
81685,81686,81701,short,1318.5,1319.57,loss,-13.999999999999364,24.17550000000011,15
81777,81778,81793,short,1324.74,1323.75,win,6.600000000000091,24.17550000000011,15
81869,81870,81881,short,1329.7,1332.1175500000002,loss,-27.475500000001194,24.17550000000011,11
81961,81962,81977,short,1337.16,1337.39,loss,-5.600000000000182,24.17550000000011,15
82053,82054,82054,short,1327.47,1323.843675,win,32.96324999999952,24.17550000000011,0
82145,82146,82155,short,1308.2,1310.6175500000002,loss,-27.475500000001194,24.17550000000011,9
82237,82238,82253,short,1298.16,1298.09,loss,-2.5999999999983627,24.17550000000011,15
82329,82330,82339,short,1306.81,1303.183675,win,32.96324999999952,24.17550000000011,9
82421,82422,82436,short,1311.93,1308.303675,win,32.96324999999952,24.17550000000011,14
82513,82514,82515,short,1310.78,1313.19755,loss,-27.475500000001194,24.17550000000011,1
82605,82606,82621,short,1306.98,1305.1,win,15.50000000000109,24.17550000000011,15
82697,82698,82704,short,1305.62,1308.03755,loss,-27.475500000001194,24.17550000000011,6
82789,82790,82792,short,1294.97,1297.3875500000001,loss,-27.475500000001194,24.17550000000011,2
82881,82882,82897,short,1293.27,1294.56,loss,-16.199999999999637,24.17550000000011,15
82973,82974,82989,short,1305.23,1304.36,win,5.4000000000011825,24.17550000000011,15
83065,83066,83069,short,1304.56,1306.97755,loss,-27.475500000001194,24.17550000000011,3
83157,83158,83173,short,1299.57,1298.89,win,3.499999999998363,24.17550000000011,15
83249,83250,83260,short,1293.87,1296.28755,loss,-27.475500000001194,24.17550000000011,10
83341,83342,83357,short,1284.2,1284.55,loss,-6.79999999999909,24.17550000000011,15
83433,83434,83449,short,1293.47,1292.82,win,3.2000000000009097,24.17550000000011,15
83525,83526,83541,short,1291.78,1291.63,loss,-1.800000000001364,24.17550000000011,15
83617,83618,83633,short,1291.1,1288.39,win,23.79999999999809,24.17550000000011,15
83709,83710,83723,short,1306.11,1302.483675,win,32.96324999999952,24.17550000000011,13
83801,83802,83803,short,1319.42,1321.8375500000002,loss,-27.475500000001194,24.17550000000011,1
83893,83894,83904,short,1306.15,1308.5675500000002,loss,-27.475500000001194,24.17550000000011,10
83985,83986,83992,short,1308.32,1310.73755,loss,-27.475500000001194,24.17550000000011,6
84077,84078,84083,short,1310.5,1306.873675,win,32.96324999999952,24.17550000000011,5
84169,84170,84174,short,1312.47,1314.8875500000001,loss,-27.475500000001194,24.17550000000011,4
84261,84262,84277,short,1313.22,1312.02,win,8.700000000000454,24.17550000000011,15
84353,84354,84369,short,1301.45,1302.63,loss,-15.100000000000637,24.17550000000011,15
84445,84446,84461,short,1299.33,1300.07,loss,-10.700000000000092,24.17550000000011,15
84537,84538,84544,short,1296.22,1292.593675,win,32.96324999999952,24.17550000000011,6
84629,84630,84645,short,1280.74,1281.15,loss,-7.400000000000818,24.17550000000011,15
84721,84722,84737,short,1280.47,1281.1,loss,-9.599999999998818,24.17550000000011,15
84813,84814,84829,short,1277.27,1277.0,loss,-0.6000000000001817,24.17550000000011,15
84905,84906,84906,short,1282.6,1285.01755,loss,-27.475500000001194,24.17550000000011,0
84997,84998,85002,short,1283.62,1286.03755,loss,-27.475500000001194,24.17550000000011,4
85089,85090,85090,short,1286.12,1288.53755,loss,-27.475500000001194,24.17550000000011,0
85181,85182,85191,short,1288.7,1285.073675,win,32.96324999999952,24.17550000000011,9
85273,85274,85289,short,1287.66,1287.95,loss,-6.199999999999636,24.17550000000011,15
85349,85350,85352,short,1281.66,1278.0336750000001,win,32.96324999999952,24.17550000000011,2
85441,85442,85449,short,1268.28,1264.653675,win,32.96324999999952,24.17550000000011,7
85533,85534,85549,short,1270.89,1272.09,loss,-15.299999999998182,24.17550000000011,15
85625,85626,85641,short,1264.84,1265.05,loss,-5.400000000000364,24.17550000000011,15
85717,85718,85733,short,1268.67,1266.45,win,18.900000000000272,24.17550000000011,15
85809,85810,85825,short,1255.58,1257.04,loss,-17.900000000000365,24.17550000000011,15
85901,85902,85912,short,1256.4,1252.7736750000001,win,32.96324999999952,24.17550000000011,10
85993,85994,85995,short,1246.83,1249.24755,loss,-27.475500000001194,24.17550000000011,1
86085,86086,86088,short,1235.89,1238.3075500000002,loss,-27.475500000001194,24.17550000000011,2
86177,86178,86181,short,1233.06,1235.47755,loss,-27.475500000001194,24.17550000000011,3
86269,86270,86275,short,1235.1,1237.51755,loss,-27.475500000001194,24.17550000000011,5
86361,86362,86377,short,1236.75,1237.48,loss,-10.600000000000183,24.17550000000011,15
86453,86454,86469,short,1224.42,1223.19,win,9.000000000000181,24.17550000000011,15
86545,86546,86548,short,1224.32,1220.693675,win,32.96324999999952,24.17550000000011,2
86637,86638,86642,short,1212.56,1214.97755,loss,-27.475500000001194,24.17550000000011,4
86729,86730,86738,short,1216.84,1219.25755,loss,-27.475500000001194,24.17550000000011,8
86821,86822,86836,short,1223.42,1225.8375500000002,loss,-27.475500000001194,24.17550000000011,14
86913,86914,86917,short,1212.27,1208.643675,win,32.96324999999952,24.17550000000011,3
87005,87006,87006,short,1223.29,1225.70755,loss,-27.475500000001194,24.17550000000011,0
87097,87098,87104,short,1217.05,1219.46755,loss,-27.475500000001194,24.17550000000011,6
87189,87190,87201,short,1217.15,1213.5236750000001,win,32.96324999999952,24.17550000000011,11
87281,87282,87294,short,1206.14,1208.5575500000002,loss,-27.475500000001194,24.17550000000011,12
87373,87374,87377,short,1218.01,1214.383675,win,32.96324999999952,24.17550000000011,3
87465,87466,87468,short,1210.62,1206.993675,win,32.96324999999952,24.17550000000011,2
87557,87558,87559,short,1187.82,1190.23755,loss,-27.475500000001194,24.17550000000011,1
87649,87650,87653,short,1204.84,1207.25755,loss,-27.475500000001194,24.17550000000011,3
87741,87742,87744,short,1213.75,1216.1675500000001,loss,-27.475500000001194,24.17550000000011,2
87833,87834,87839,short,1225.76,1228.17755,loss,-27.475500000001194,24.17550000000011,5
87925,87926,87932,short,1222.98,1219.353675,win,32.96324999999952,24.17550000000011,6
88017,88018,88019,short,1234.45,1236.8675500000002,loss,-27.475500000001194,24.17550000000011,1
88109,88110,88125,short,1234.62,1233.03,win,12.59999999999918,24.17550000000011,15
88201,88202,88208,short,1225.93,1222.303675,win,32.96324999999952,24.17550000000011,6
88293,88294,88307,short,1239.96,1242.3775500000002,loss,-27.475500000001194,24.17550000000011,13
88385,88386,88401,short,1240.15,1237.48,win,23.400000000000727,24.17550000000011,15
88477,88478,88478,short,1238.01,1240.42755,loss,-27.475500000001194,24.17550000000011,0
88569,88570,88574,short,1249.91,1252.3275500000002,loss,-27.475500000001194,24.17550000000011,4
88661,88662,88677,short,1248.1,1246.14,win,16.29999999999809,24.17550000000011,15
88753,88754,88761,short,1244.39,1240.7636750000001,win,32.96324999999952,24.17550000000011,7
88845,88846,88848,short,1231.01,1233.42755,loss,-27.475500000001194,24.17550000000011,2
88941,88942,88953,short,1229.17,1231.5875500000002,loss,-27.475500000001194,24.17550000000011,11
89033,89034,89049,short,1229.27,1227.87,win,10.700000000000909,24.17550000000011,15
89125,89126,89141,short,1230.12,1227.51,win,22.799999999999,24.17550000000011,15
89217,89218,89221,short,1207.08,1203.453675,win,32.96324999999952,24.17550000000011,3
89309,89310,89310,short,1170.18,1172.5975500000002,loss,-27.475500000001194,24.17550000000011,0
89397,89398,89398,short,1170.18,1172.5975500000002,loss,-27.475500000001194,24.17550000000011,0
89489,89490,89500,short,1165.4,1167.8175500000002,loss,-27.475500000001194,24.17550000000011,10
89581,89582,89583,short,1148.66,1151.0775500000002,loss,-27.475500000001194,24.17550000000011,1
89673,89674,89689,short,1144.44,1145.12,loss,-10.099999999998364,24.17550000000011,15
89765,89766,89772,short,1143.4,1145.8175500000002,loss,-27.475500000001194,24.17550000000011,6
89857,89858,89873,short,1171.1,1171.13,loss,-3.6000000000020007,24.17550000000011,15
89949,89950,89950,short,1150.83,1153.24755,loss,-27.475500000001194,24.17550000000011,0
90041,90042,90045,short,1167.92,1164.2936750000001,win,32.96324999999952,24.17550000000011,3
90133,90134,90136,short,1159.1,1155.473675,win,32.96324999999952,24.17550000000011,2
90225,90226,90241,short,1153.02,1152.97,loss,-2.8000000000004546,24.17550000000011,15
90317,90318,90333,short,1187.36,1189.77755,loss,-27.475500000001194,24.17550000000011,15
90409,90410,90411,short,1188.07,1190.48755,loss,-27.475500000001194,24.17550000000011,1
90501,90502,90505,short,1194.02,1196.43755,loss,-27.475500000001194,24.17550000000011,3
90593,90594,90596,short,1183.85,1186.26755,loss,-27.475500000001194,24.17550000000011,2
90685,90686,90689,short,1194.38,1196.7975500000002,loss,-27.475500000001194,24.17550000000011,3
90777,90778,90780,short,1199.91,1196.2836750000001,win,32.96324999999952,24.17550000000011,2
90869,90870,90875,short,1198.96,1201.3775500000002,loss,-27.475500000001194,24.17550000000011,5
90961,90962,90971,short,1200.21,1196.583675,win,32.96324999999952,24.17550000000011,9
91053,91054,91055,short,1196.38,1192.7536750000002,win,32.96324999999952,24.17550000000011,1
91129,91130,91135,short,1187.75,1184.123675,win,32.96324999999952,24.17550000000011,5
91208,91209,91214,short,1156.85,1159.26755,loss,-27.475500000001194,24.17550000000011,5
91300,91301,91302,short,1205.48,1207.8975500000001,loss,-27.475500000001194,24.17550000000011,1
91392,91393,91395,short,1200.62,1203.03755,loss,-27.475500000001194,24.17550000000011,2
91484,91485,91500,short,1205.65,1202.0236750000001,win,32.96324999999952,24.17550000000011,15
91576,91577,91584,short,1205.94,1202.313675,win,32.96324999999952,24.17550000000011,7
91668,91669,91670,short,1193.3,1195.71755,loss,-27.475500000001194,24.17550000000011,1
91760,91761,91763,short,1204.04,1206.45755,loss,-27.475500000001194,24.17550000000011,2
91852,91853,91856,short,1235.09,1231.463675,win,32.96324999999952,24.17550000000011,3
91944,91945,91953,short,1222.91,1219.2836750000001,win,32.96324999999952,24.17550000000011,8
92036,92037,92041,short,1220.85,1223.26755,loss,-27.475500000001194,24.17550000000011,4
92128,92129,92132,short,1219.14,1215.5136750000001,win,32.96324999999952,24.17550000000011,3
92220,92221,92230,short,1197.99,1200.4075500000001,loss,-27.475500000001194,24.17550000000011,9
92312,92313,92315,short,1199.08,1201.49755,loss,-27.475500000001194,24.17550000000011,2
92404,92405,92416,short,1198.6,1201.01755,loss,-27.475500000001194,24.17550000000011,11
92496,92497,92502,short,1199.81,1196.183675,win,32.96324999999952,24.17550000000011,5
92588,92589,92589,short,1200.71,1203.1275500000002,loss,-27.475500000001194,24.17550000000011,0
92680,92681,92682,short,1180.93,1183.3475500000002,loss,-27.475500000001194,24.17550000000011,1
92772,92773,92788,short,1179.01,1176.98,win,16.999999999999726,24.17550000000011,15
92816,92817,92829,short,1186.35,1188.76755,loss,-27.475500000001194,24.17550000000011,12
92908,92909,92924,short,1195.7,1193.65,win,17.199999999999545,24.17550000000011,15
93000,93001,93005,short,1187.71,1190.1275500000002,loss,-27.475500000001194,24.17550000000011,4
93092,93093,93100,short,1200.54,1196.913675,win,32.96324999999952,24.17550000000011,7
93136,93137,93150,short,1185.53,1181.903675,win,32.96324999999952,24.17550000000011,13
93228,93229,93240,short,1196.03,1192.403675,win,32.96324999999952,24.17550000000011,11
93320,93321,93321,short,1208.51,1210.92755,loss,-27.475500000001194,24.17550000000011,0
93412,93413,93416,short,1213.48,1215.8975500000001,loss,-27.475500000001194,24.17550000000011,3
93504,93505,93520,short,1207.37,1205.66,win,13.79999999999809,24.17550000000011,15
93596,93597,93612,short,1212.67,1211.33,win,10.100000000001454,24.17550000000011,15
93688,93689,93693,short,1228.4,1224.7736750000001,win,32.96324999999952,24.17550000000011,4
93780,93781,93784,short,1237.23,1239.6475500000001,loss,-27.475500000001194,24.17550000000011,3
93872,93873,93875,short,1232.79,1229.163675,win,32.96324999999952,24.17550000000011,2
93964,93965,93974,short,1228.29,1230.70755,loss,-27.475500000001194,24.17550000000011,9
94056,94057,94062,short,1258.86,1255.233675,win,32.96324999999952,24.17550000000011,5
94148,94149,94153,short,1275.37,1277.78755,loss,-27.475500000001194,24.17550000000011,4
94224,94225,94227,short,1277.02,1279.43755,loss,-27.475500000001194,24.17550000000011,2
94316,94317,94320,short,1300.63,1297.0036750000002,win,32.96324999999952,24.17550000000011,3
94408,94409,94413,short,1287.6,1283.973675,win,32.96324999999952,24.17550000000011,4
94500,94501,94516,short,1295.95,1295.07,win,5.500000000001092,24.17550000000011,15
94592,94593,94595,short,1292.57,1288.943675,win,32.96324999999952,24.17550000000011,2
94684,94685,94688,short,1282.85,1279.223675,win,32.96324999999952,24.17550000000011,3
94776,94777,94792,short,1288.94,1291.3575500000002,loss,-27.475500000001194,24.17550000000011,15
94868,94869,94870,short,1279.17,1281.5875500000002,loss,-27.475500000001194,24.17550000000011,1
94960,94961,94961,short,1260.74,1263.1575500000001,loss,-27.475500000001194,24.17550000000011,0
95052,95053,95059,short,1279.06,1275.433675,win,32.96324999999952,24.17550000000011,6
95144,95145,95147,short,1279.11,1281.52755,loss,-27.475500000001194,24.17550000000011,2
95236,95237,95238,short,1263.68,1266.0975500000002,loss,-27.475500000001194,24.17550000000011,1
95328,95329,95332,short,1270.72,1267.093675,win,32.96324999999952,24.17550000000011,3
95420,95421,95433,short,1267.94,1264.313675,win,32.96324999999952,24.17550000000011,12
95512,95513,95517,short,1238.69,1241.1075500000002,loss,-27.475500000001194,24.17550000000011,4
95604,95605,95612,short,1243.25,1239.623675,win,32.96324999999952,24.17550000000011,7
95696,95697,95711,short,1236.55,1232.923675,win,32.96324999999952,24.17550000000011,14
95788,95789,95793,short,1222.5,1224.9175500000001,loss,-27.475500000001194,24.17550000000011,4
95880,95881,95886,short,1230.01,1226.383675,win,32.96324999999952,24.17550000000011,5
95972,95973,95974,short,1233.35,1235.76755,loss,-27.475500000001194,24.17550000000011,1
96048,96049,96054,short,1224.94,1221.313675,win,32.96324999999952,24.17550000000011,5
96140,96141,96153,short,1210.59,1206.963675,win,32.96324999999952,24.17550000000011,12
96232,96233,96237,short,1214.29,1216.70755,loss,-27.475500000001194,24.17550000000011,4
96324,96325,96332,short,1208.73,1205.103675,win,32.96324999999952,24.17550000000011,7
96416,96417,96421,short,1203.05,1199.423675,win,32.96324999999952,24.17550000000011,4
96508,96509,96516,short,1199.59,1195.963675,win,32.96324999999952,24.17550000000011,7
96600,96601,96613,short,1210.14,1206.5136750000001,win,32.96324999999952,24.17550000000011,12
96692,96693,96696,short,1210.19,1212.6075500000002,loss,-27.475500000001194,24.17550000000011,3
96784,96785,96788,short,1210.41,1206.7836750000001,win,32.96324999999952,24.17550000000011,3
96876,96877,96881,short,1221.73,1218.103675,win,32.96324999999952,24.17550000000011,4
96968,96969,96984,short,1208.46,1207.81,win,3.2000000000009097,24.17550000000011,15
97060,97061,97071,short,1206.18,1202.553675,win,32.96324999999952,24.17550000000011,10
97152,97153,97165,short,1202.1,1198.473675,win,32.96324999999952,24.17550000000011,12
97244,97245,97252,short,1198.21,1194.583675,win,32.96324999999952,24.17550000000011,7
97340,97341,97356,short,1172.92,1174.27,loss,-16.79999999999909,24.17550000000011,15
97432,97433,97438,short,1160.37,1156.743675,win,32.96324999999952,24.17550000000011,5
97524,97525,97534,short,1162.89,1159.2636750000001,win,32.96324999999952,24.17550000000011,9
97616,97617,97620,short,1165.27,1161.643675,win,32.96324999999952,24.17550000000011,3
97708,97709,97717,short,1159.16,1155.5336750000001,win,32.96324999999952,24.17550000000011,8
97800,97801,97808,short,1161.44,1157.813675,win,32.96324999999952,24.17550000000011,7
97892,97893,97908,short,1155.77,1154.59,win,8.500000000000636,24.17550000000011,15
97984,97985,97998,short,1146.61,1149.02755,loss,-27.475500000001194,24.17550000000011,13
98076,98077,98078,short,1172.72,1169.093675,win,32.96324999999952,24.17550000000011,1
98168,98169,98181,short,1170.9,1173.3175500000002,loss,-27.475500000001194,24.17550000000011,12
98260,98261,98276,short,1182.85,1181.73,win,7.899999999998909,24.17550000000011,15
98352,98353,98358,short,1188.71,1191.1275500000002,loss,-27.475500000001194,24.17550000000011,5
98444,98445,98446,short,1188.86,1191.27755,loss,-27.475500000001194,24.17550000000011,1
98536,98537,98539,short,1203.22,1205.6375500000001,loss,-27.475500000001194,24.17550000000011,2
98628,98629,98631,short,1203.0,1199.373675,win,32.96324999999952,24.17550000000011,2
98716,98717,98720,short,1193.38,1189.7536750000002,win,32.96324999999952,24.17550000000011,3
98808,98809,98822,short,1182.27,1178.643675,win,32.96324999999952,24.17550000000011,13
98900,98901,98911,short,1186.09,1182.463675,win,32.96324999999952,24.17550000000011,10
98992,98993,98993,short,1203.45,1205.8675500000002,loss,-27.475500000001194,24.17550000000011,0
99084,99085,99090,short,1217.0,1219.4175500000001,loss,-27.475500000001194,24.17550000000011,5
99176,99177,99186,short,1213.27,1209.643675,win,32.96324999999952,24.17550000000011,9
99268,99269,99272,short,1209.6,1212.01755,loss,-27.475500000001194,24.17550000000011,3
99360,99361,99363,short,1194.13,1196.5475500000002,loss,-27.475500000001194,24.17550000000011,2
99452,99453,99461,short,1195.23,1197.6475500000001,loss,-27.475500000001194,24.17550000000011,8
99544,99545,99553,short,1204.58,1200.953675,win,32.96324999999952,24.17550000000011,8
99636,99637,99637,short,1195.06,1191.433675,win,32.96324999999952,24.17550000000011,0
99728,99729,99736,short,1193.81,1190.183675,win,32.96324999999952,24.17550000000011,7
99820,99821,99827,short,1204.47,1206.8875500000001,loss,-27.475500000001194,24.17550000000011,6
99912,99913,99917,short,1200.71,1203.1275500000002,loss,-27.475500000001194,24.17550000000011,4
100004,100005,100007,short,1204.65,1207.0675500000002,loss,-27.475500000001194,24.17550000000011,2
100096,100097,100109,short,1195.13,1197.5475500000002,loss,-27.475500000001194,24.17550000000011,12
100188,100189,100196,short,1203.1,1199.473675,win,32.96324999999952,24.17550000000011,7
100280,100281,100296,short,1188.39,1188.32,loss,-2.5999999999983627,24.17550000000011,15
100372,100373,100373,short,1191.52,1193.93755,loss,-27.475500000001194,24.17550000000011,0
100464,100465,100480,short,1182.86,1182.81,loss,-2.8000000000004546,24.17550000000011,15
100556,100557,100561,short,1200.41,1202.8275500000002,loss,-27.475500000001194,24.17550000000011,4
100648,100649,100661,short,1208.91,1205.2836750000001,win,32.96324999999952,24.17550000000011,12
100740,100741,100750,short,1203.49,1205.9075500000001,loss,-27.475500000001194,24.17550000000011,9
100832,100833,100848,short,1181.27,1180.69,win,2.4999999999992726,24.17550000000011,15
100924,100925,100940,short,1184.52,1183.63,win,5.599999999998727,24.17550000000011,15
101016,101017,101032,short,1189.21,1187.48,win,14.000000000000181,24.17550000000011,15
101108,101109,101115,short,1195.56,1191.933675,win,32.96324999999952,24.17550000000011,6
101200,101201,101202,short,1188.7,1185.073675,win,32.96324999999952,24.17550000000011,1
101292,101293,101295,short,1183.81,1186.22755,loss,-27.475500000001194,24.17550000000011,2
101384,101385,101388,short,1188.96,1185.333675,win,32.96324999999952,24.17550000000011,3
101476,101477,101487,short,1182.86,1185.27755,loss,-27.475500000001194,24.17550000000011,10
101568,101569,101571,short,1192.64,1195.0575500000002,loss,-27.475500000001194,24.17550000000011,2
101660,101661,101663,short,1214.96,1217.3775500000002,loss,-27.475500000001194,24.17550000000011,2
101752,101753,101755,short,1217.93,1220.3475500000002,loss,-27.475500000001194,24.17550000000011,2
101844,101845,101845,short,1229.68,1232.0975500000002,loss,-27.475500000001194,24.17550000000011,0
101936,101937,101941,short,1222.18,1218.553675,win,32.96324999999952,24.17550000000011,4
102028,102029,102033,short,1205.26,1207.67755,loss,-27.475500000001194,24.17550000000011,4
102120,102121,102136,short,1209.79,1209.2,win,2.5999999999991816,24.17550000000011,15
102212,102213,102217,short,1208.8,1211.21755,loss,-27.475500000001194,24.17550000000011,4
102304,102305,102320,short,1204.53,1203.83,win,3.700000000000455,24.17550000000011,15
102379,102380,102381,short,1202.17,1198.5436750000001,win,32.96324999999952,24.17550000000011,1
102471,102472,102485,short,1189.36,1185.733675,win,32.96324999999952,24.17550000000011,13
102563,102564,102571,short,1187.85,1190.26755,loss,-27.475500000001194,24.17550000000011,7
102655,102656,102671,short,1188.81,1189.7,loss,-12.200000000001001,24.17550000000011,15
102747,102748,102752,short,1190.92,1187.2936750000001,win,32.96324999999952,24.17550000000011,4
102839,102840,102841,short,1188.12,1190.53755,loss,-27.475500000001194,24.17550000000011,1
102931,102932,102943,short,1192.28,1188.653675,win,32.96324999999952,24.17550000000011,11
103023,103024,103039,short,1183.71,1183.35,win,0.30000000000127347,24.17550000000011,15
103115,103116,103131,short,1177.59,1176.32,win,9.399999999999817,24.17550000000011,15
103207,103208,103214,short,1172.85,1175.26755,loss,-27.475500000001194,24.17550000000011,6
103299,103300,103309,short,1177.85,1180.26755,loss,-27.475500000001194,24.17550000000011,9
103391,103392,103395,short,1180.78,1183.19755,loss,-27.475500000001194,24.17550000000011,3
103483,103484,103495,short,1185.78,1182.153675,win,32.96324999999952,24.17550000000011,11
103575,103576,103579,short,1181.44,1183.8575500000002,loss,-27.475500000001194,24.17550000000011,3
103667,103668,103670,short,1180.56,1182.97755,loss,-27.475500000001194,24.17550000000011,2
103759,103760,103762,short,1184.05,1186.46755,loss,-27.475500000001194,24.17550000000011,2
103851,103852,103867,short,1179.94,1178.67,win,9.399999999999817,24.17550000000011,15
103943,103944,103949,short,1187.89,1190.3075500000002,loss,-27.475500000001194,24.17550000000011,5
104035,104036,104051,short,1201.24,1200.43,win,4.7999999999994545,24.17550000000011,15
104127,104128,104137,short,1197.13,1193.5036750000002,win,32.96324999999952,24.17550000000011,9
104219,104220,104229,short,1185.79,1182.163675,win,32.96324999999952,24.17550000000011,9
104311,104312,104316,short,1178.22,1174.593675,win,32.96324999999952,24.17550000000011,4
104403,104404,104413,short,1177.51,1173.883675,win,32.96324999999952,24.17550000000011,9
104495,104496,104499,short,1174.23,1170.603675,win,32.96324999999952,24.17550000000011,3
104587,104588,104591,short,1184.0,1180.373675,win,32.96324999999952,24.17550000000011,3
104679,104680,104695,short,1177.25,1173.623675,win,32.96324999999952,24.17550000000011,15
104771,104772,104787,short,1173.46,1172.11,win,10.200000000001364,24.17550000000011,15
104863,104864,104879,short,1164.83,1163.7,win,7.999999999998818,24.17550000000011,15
104955,104956,104960,short,1167.63,1170.0475500000002,loss,-27.475500000001194,24.17550000000011,4
105030,105031,105046,short,1166.09,1164.96,win,7.999999999998818,24.17550000000011,15
105122,105123,105138,short,1168.31,1167.7,win,2.7999999999989997,24.17550000000011,15
105214,105215,105216,short,1150.52,1152.93755,loss,-27.475500000001194,24.17550000000011,1
105306,105307,105322,short,1164.55,1162.51,win,17.099999999999635,24.17550000000011,15
105398,105399,105414,short,1163.13,1162.86,loss,-0.599999999997908,24.17550000000011,15
105490,105491,105495,short,1159.79,1156.163675,win,32.96324999999952,24.17550000000011,4
105582,105583,105598,short,1154.96,1153.59,win,10.400000000001182,24.17550000000011,15
105674,105675,105690,short,1154.54,1155.28,loss,-10.700000000000092,24.17550000000011,15
105766,105767,105782,short,1146.98,1144.64,win,20.09999999999918,24.17550000000011,15
105858,105859,105874,short,1144.61,1143.71,win,5.699999999998636,24.17550000000011,15
105950,105951,105951,short,1109.25,1111.6675500000001,loss,-27.475500000001194,24.17550000000011,0
106042,106043,106044,short,1101.76,1104.17755,loss,-27.475500000001194,24.17550000000011,1
106134,106135,106139,short,1096.53,1092.903675,win,32.96324999999952,24.17550000000011,4
106226,106227,106232,short,1097.96,1100.3775500000002,loss,-27.475500000001194,24.17550000000011,5
106318,106319,106334,short,1085.54,1081.913675,win,32.96324999999952,24.17550000000011,15
106410,106411,106411,short,1099.7,1102.1175500000002,loss,-27.475500000001194,24.17550000000011,0
106502,106503,106518,short,1096.88,1093.29,win,32.60000000000146,24.17550000000011,15
106594,106595,106610,short,1098.33,1096.51,win,14.899999999999363,24.17550000000011,15
106686,106687,106687,short,1088.4,1084.7736750000001,win,32.96324999999952,24.17550000000011,0
106778,106779,106789,short,1084.51,1080.883675,win,32.96324999999952,24.17550000000011,10
106870,106871,106886,short,1095.39,1092.69,win,23.700000000000454,24.17550000000011,15
106962,106963,106968,short,1087.99,1090.4075500000001,loss,-27.475500000001194,24.17550000000011,5
107054,107055,107070,short,1086.59,1085.72,win,5.399999999998909,24.17550000000011,15
107146,107147,107162,short,1086.32,1085.22,win,7.699999999999091,24.17550000000011,15
107238,107239,107240,short,1088.87,1091.28755,loss,-27.475500000001194,24.17550000000011,1
107330,107331,107346,short,1096.26,1094.35,win,15.800000000000818,24.17550000000011,15
107422,107423,107425,short,1101.9,1098.2736750000001,win,32.96324999999952,24.17550000000011,2
107514,107515,107515,short,1112.88,1115.2975500000002,loss,-27.475500000001194,24.17550000000011,0
107606,107607,107612,short,1121.75,1118.123675,win,32.96324999999952,24.17550000000011,5
107698,107699,107701,short,1114.71,1117.1275500000002,loss,-27.475500000001194,24.17550000000011,2
107790,107791,107806,short,1118.11,1116.48,win,12.999999999998817,24.17550000000011,15
107882,107883,107897,short,1118.28,1120.69755,loss,-27.475500000001194,24.17550000000011,14
107974,107975,107977,short,1118.59,1121.00755,loss,-27.475500000001194,24.17550000000011,2
108066,108067,108082,short,1139.42,1139.25,loss,-1.5999999999992722,24.17550000000011,15
108158,108159,108160,short,1162.01,1158.383675,win,32.96324999999952,24.17550000000011,1
108250,108251,108255,short,1154.24,1156.6575500000001,loss,-27.475500000001194,24.17550000000011,4
108342,108343,108344,short,1152.7,1149.073675,win,32.96324999999952,24.17550000000011,1
108434,108435,108436,short,1136.33,1138.74755,loss,-27.475500000001194,24.17550000000011,1
108526,108527,108542,short,1127.05,1128.59,loss,-18.699999999999637,24.17550000000011,15
108618,108619,108630,short,1131.45,1127.823675,win,32.96324999999952,24.17550000000011,11
108710,108711,108726,short,1133.66,1132.77,win,5.600000000001001,24.17550000000011,15
108802,108803,108818,short,1142.29,1143.39,loss,-14.300000000001365,24.17550000000011,15
108894,108895,108910,short,1141.81,1138.183675,win,32.96324999999952,24.17550000000011,15
108986,108987,109000,short,1132.9,1129.2736750000001,win,32.96324999999952,24.17550000000011,13
109078,109079,109094,short,1125.18,1124.76,win,0.9000000000007278,24.17550000000011,15
109170,109171,109186,short,1123.38,1121.56,win,14.900000000001636,24.17550000000011,15
109247,109248,109252,short,1119.18,1121.5975500000002,loss,-27.475500000001194,24.17550000000011,4
109339,109340,109355,short,1122.88,1120.61,win,19.40000000000209,24.17550000000011,15
109431,109432,109447,short,1106.48,1106.42,loss,-2.7000000000005455,24.17550000000011,15
109523,109524,109531,short,1110.97,1107.343675,win,32.96324999999952,24.17550000000011,7
109615,109616,109631,short,1107.55,1107.19,win,0.29999999999899973,24.17550000000011,15
109707,109708,109723,short,1108.44,1105.58,win,25.300000000001273,24.17550000000011,15
109799,109800,109803,short,1105.09,1107.50755,loss,-27.475500000001194,24.17550000000011,3
109891,109892,109907,short,1120.1,1118.29,win,14.799999999999454,24.17550000000011,15
109983,109984,109993,short,1129.79,1132.20755,loss,-27.475500000001194,24.17550000000011,9
110075,110076,110091,short,1139.46,1137.16,win,19.699999999999545,24.17550000000011,15
110167,110168,110174,short,1134.01,1136.42755,loss,-27.475500000001194,24.17550000000011,6
110259,110260,110275,short,1126.98,1125.34,win,13.100000000001,24.17550000000011,15
110351,110352,110354,short,1134.75,1137.1675500000001,loss,-27.475500000001194,24.17550000000011,2
110443,110444,110451,short,1147.74,1144.113675,win,32.96324999999952,24.17550000000011,7
110535,110536,110537,short,1145.47,1141.843675,win,32.96324999999952,24.17550000000011,1
110627,110628,110643,short,1126.88,1126.59,loss,-0.3999999999980899,24.17550000000011,15
110719,110720,110723,short,1126.24,1122.613675,win,32.96324999999952,24.17550000000011,3
110811,110812,110827,short,1112.46,1113.64,loss,-15.100000000000637,24.17550000000011,15
110903,110904,110915,short,1110.66,1107.0336750000001,win,32.96324999999952,24.17550000000011,11
110995,110996,111000,short,1134.45,1136.8675500000002,loss,-27.475500000001194,24.17550000000011,4
111087,111088,111093,short,1137.27,1139.68755,loss,-27.475500000001194,24.17550000000011,5
111179,111180,111186,short,1151.85,1148.223675,win,32.96324999999952,24.17550000000011,6
111271,111272,111276,short,1142.61,1145.02755,loss,-27.475500000001194,24.17550000000011,4
111363,111364,111370,short,1148.3,1150.71755,loss,-27.475500000001194,24.17550000000011,6
111455,111456,111471,short,1164.33,1165.29,loss,-12.900000000000365,24.17550000000011,15
111547,111548,111563,short,1155.93,1154.96,win,6.400000000000273,24.17550000000011,15
111639,111640,111653,short,1173.74,1170.113675,win,32.96324999999952,24.17550000000011,13
111731,111732,111747,short,1185.36,1184.88,win,1.4999999999979083,24.17550000000011,15
111823,111824,111839,short,1177.8,1176.59,win,8.800000000000363,24.17550000000011,15
111915,111916,111931,short,1173.11,1173.03,loss,-2.5000000000007274,24.17550000000011,15
112007,112008,112011,short,1171.59,1174.00755,loss,-27.475500000001194,24.17550000000011,3
112099,112100,112115,short,1176.52,1174.96,win,12.299999999999454,24.17550000000011,15
112191,112192,112193,short,1165.81,1168.22755,loss,-27.475500000001194,24.17550000000011,1
112283,112284,112286,short,1169.31,1171.72755,loss,-27.475500000001194,24.17550000000011,2
112379,112380,112387,short,1163.83,1166.24755,loss,-27.475500000001194,24.17550000000011,7
112471,112472,112476,short,1164.71,1167.1275500000002,loss,-27.475500000001194,24.17550000000011,4
112563,112564,112571,short,1170.4,1172.8175500000002,loss,-27.475500000001194,24.17550000000011,7
112655,112656,112671,short,1160.46,1158.98,win,11.500000000000181,24.17550000000011,15
112747,112748,112749,short,1147.4,1149.8175500000002,loss,-27.475500000001194,24.17550000000011,1
112835,112836,112847,short,1140.73,1137.103675,win,32.96324999999952,24.17550000000011,11
112928,112929,112937,short,1137.3,1133.673675,win,32.96324999999952,24.17550000000011,8
113021,113022,113037,short,1120.34,1118.03,win,19.799999999999454,24.17550000000011,15
113113,113114,113129,short,1109.31,1107.46,win,15.19999999999909,24.17550000000011,15
113205,113206,113221,short,1109.32,1108.39,win,5.999999999998363,24.17550000000011,15
113293,113294,113309,short,1092.68,1092.22,win,1.300000000000364,24.17550000000011,15
113385,113386,113401,short,1092.95,1093.14,loss,-5.2000000000005455,24.17550000000011,15
113477,113478,113486,short,1092.19,1088.563675,win,32.96324999999952,24.17550000000011,8
113569,113570,113585,short,1087.63,1087.23,win,0.7000000000009097,24.17550000000011,15
113661,113662,113677,short,1083.15,1085.5675500000002,loss,-27.475500000001194,24.17550000000011,15
113749,113750,113754,short,1096.15,1092.5236750000001,win,32.96324999999952,24.17550000000011,4
113841,113842,113846,short,1077.5,1079.9175500000001,loss,-27.475500000001194,24.17550000000011,4
113934,113935,113950,short,1070.63,1070.08,win,2.200000000001819,24.17550000000011,15
114026,114027,114039,short,1076.66,1073.0336750000001,win,32.96324999999952,24.17550000000011,12
114118,114119,114123,short,1083.67,1080.0436750000001,win,32.96324999999952,24.17550000000011,4
114206,114207,114222,short,1070.95,1069.64,win,9.799999999999454,24.17550000000011,15
114299,114300,114306,short,1072.43,1074.8475500000002,loss,-27.475500000001194,24.17550000000011,6
114391,114392,114399,short,1078.69,1075.063675,win,32.96324999999952,24.17550000000011,7
114483,114484,114499,short,1071.8,1072.62,loss,-11.499999999999364,24.17550000000011,15
114559,114560,114571,short,1068.56,1064.933675,win,32.96324999999952,24.17550000000011,11
114640,114641,114644,short,1055.51,1057.92755,loss,-27.475500000001194,24.17550000000011,3
114732,114733,114745,short,1072.35,1068.723675,win,32.96324999999952,24.17550000000011,12
114824,114825,114840,short,1067.49,1066.81,win,3.500000000000637,24.17550000000011,15
114916,114917,114923,short,1053.35,1049.723675,win,32.96324999999952,24.17550000000011,6
115009,115010,115025,short,1061.62,1062.85,loss,-15.600000000000183,24.17550000000011,15
115097,115098,115113,short,1085.41,1083.16,win,19.2,24.17550000000011,15
115189,115190,115205,short,1074.47,1071.69,win,24.499999999999726,24.17550000000011,15
115281,115282,115292,short,1076.84,1073.213675,win,32.96324999999952,24.17550000000011,10
115374,115375,115390,short,1073.58,1072.67,win,5.799999999998545,24.17550000000011,15
115466,115467,115477,short,1071.02,1067.393675,win,32.96324999999952,24.17550000000011,10
115554,115555,115558,short,1073.38,1069.7536750000002,win,32.96324999999952,24.17550000000011,3
115646,115647,115657,short,1063.52,1059.893675,win,32.96324999999952,24.17550000000011,10
115738,115739,115754,short,1065.16,1064.26,win,5.70000000000091,24.17550000000011,15
115830,115831,115846,short,1067.55,1066.11,win,11.100000000000545,24.17550000000011,15
115922,115923,115938,short,1057.35,1056.27,win,7.499999999999273,24.17550000000011,15
116010,116011,116014,short,1070.33,1072.74755,loss,-27.475500000001194,24.17550000000011,3
116103,116104,116119,short,1079.89,1077.33,win,22.300000000001727,24.17550000000011,15
116196,116197,116204,short,1074.31,1070.683675,win,32.96324999999952,24.17550000000011,7
116289,116290,116305,short,1074.04,1071.96,win,17.49999999999927,24.17550000000011,15
116365,116366,116381,short,1072.97,1071.7,win,9.399999999999817,24.17550000000011,15
116458,116459,116469,short,1073.05,1069.423675,win,32.96324999999952,24.17550000000011,10
116550,116551,116561,short,1070.2,1066.573675,win,32.96324999999952,24.17550000000011,10
116642,116643,116658,short,1062.74,1062.38,win,0.29999999999899973,24.17550000000011,15
116718,116719,116721,short,1069.36,1071.77755,loss,-27.475500000001194,24.17550000000011,2
116810,116811,116826,short,1078.29,1077.62,win,3.4000000000007278,24.17550000000011,15
116903,116904,116906,short,1080.52,1082.93755,loss,-27.475500000001194,24.17550000000011,2
116996,116997,117000,short,1098.05,1094.423675,win,32.96324999999952,24.17550000000011,3
117088,117089,117097,short,1099.56,1095.933675,win,32.96324999999952,24.17550000000011,8
117176,117177,117183,short,1105.8,1102.173675,win,32.96324999999952,24.17550000000011,6
117269,117270,117273,short,1095.29,1097.70755,loss,-27.475500000001194,24.17550000000011,3
117361,117362,117365,short,1084.02,1080.393675,win,32.96324999999952,24.17550000000011,3
117454,117455,117461,short,1090.22,1092.6375500000001,loss,-27.475500000001194,24.17550000000011,6
117546,117547,117560,short,1084.33,1080.703675,win,32.96324999999952,24.17550000000011,13
117634,117635,117650,short,1090.87,1090.24,win,2.999999999998818,24.17550000000011,15
117710,117711,117714,short,1089.55,1091.96755,loss,-27.475500000001194,24.17550000000011,3
117803,117804,117808,short,1093.63,1096.0475500000002,loss,-27.475500000001194,24.17550000000011,4
117895,117896,117900,short,1103.56,1099.933675,win,32.96324999999952,24.17550000000011,4
117987,117988,118003,short,1097.1,1098.91,loss,-21.40000000000173,24.17550000000011,15
118076,118077,118078,short,1100.83,1103.24755,loss,-27.475500000001194,24.17550000000011,1
118168,118169,118170,short,1114.89,1117.3075500000002,loss,-27.475500000001194,24.17550000000011,1
118260,118261,118276,short,1117.97,1116.36,win,12.800000000001273,24.17550000000011,15
118352,118353,118368,short,1118.03,1119.0,loss,-13.000000000000274,24.17550000000011,15
118444,118445,118448,short,1115.06,1111.433675,win,32.96324999999952,24.17550000000011,3
118532,118533,118548,short,1123.52,1122.8,win,3.900000000000273,24.17550000000011,15
118625,118626,118641,short,1126.08,1124.28,win,14.699999999999545,24.17550000000011,15
118718,118719,118731,short,1127.13,1129.5475500000002,loss,-27.475500000001194,24.17550000000011,12
118811,118812,118819,short,1142.74,1145.1575500000001,loss,-27.475500000001194,24.17550000000011,7
118903,118904,118914,short,1154.78,1157.19755,loss,-27.475500000001194,24.17550000000011,10
118992,118993,118996,short,1164.67,1167.0875500000002,loss,-27.475500000001194,24.17550000000011,3
119084,119085,119087,short,1191.84,1188.213675,win,32.96324999999952,24.17550000000011,2
119177,119178,119185,short,1189.82,1186.193675,win,32.96324999999952,24.17550000000011,7
119269,119270,119273,short,1207.47,1209.8875500000001,loss,-27.475500000001194,24.17550000000011,3
119362,119363,119366,short,1243.09,1239.463675,win,32.96324999999952,24.17550000000011,3
119450,119451,119456,short,1214.28,1210.653675,win,32.96324999999952,24.17550000000011,5
119526,119527,119529,short,1201.87,1198.243675,win,32.96324999999952,24.17550000000011,2
119618,119619,119619,short,1207.08,1209.49755,loss,-27.475500000001194,24.17550000000011,0
119710,119711,119725,short,1206.42,1202.7936750000001,win,32.96324999999952,24.17550000000011,14
119802,119803,119804,short,1224.89,1221.2636750000001,win,32.96324999999952,24.17550000000011,1
119890,119891,119892,short,1216.68,1213.053675,win,32.96324999999952,24.17550000000011,1
119982,119983,119983,short,1218.09,1220.50755,loss,-27.475500000001194,24.17550000000011,0
120074,120075,120078,short,1222.78,1225.19755,loss,-27.475500000001194,24.17550000000011,3
120167,120168,120169,short,1237.09,1239.50755,loss,-27.475500000001194,24.17550000000011,1
120259,120260,120263,short,1237.91,1234.2836750000001,win,32.96324999999952,24.17550000000011,3
120347,120348,120351,short,1228.93,1231.3475500000002,loss,-27.475500000001194,24.17550000000011,3
120440,120441,120445,short,1241.55,1237.923675,win,32.96324999999952,24.17550000000011,4
120532,120533,120534,short,1225.93,1228.3475500000002,loss,-27.475500000001194,24.17550000000011,1
120624,120625,120628,short,1240.37,1242.78755,loss,-27.475500000001194,24.17550000000011,3
120716,120717,120721,short,1261.12,1263.53755,loss,-27.475500000001194,24.17550000000011,4
120804,120805,120806,short,1262.96,1265.3775500000002,loss,-27.475500000001194,24.17550000000011,1
120896,120897,120898,short,1269.63,1272.0475500000002,loss,-27.475500000001194,24.17550000000011,1
120989,120990,120992,short,1256.45,1258.8675500000002,loss,-27.475500000001194,24.17550000000011,2
121081,121082,121086,short,1245.4,1247.8175500000002,loss,-27.475500000001194,24.17550000000011,4
121173,121174,121175,short,1268.3,1270.71755,loss,-27.475500000001194,24.17550000000011,1
121265,121266,121267,short,1252.94,1255.3575500000002,loss,-27.475500000001194,24.17550000000011,1
121357,121358,121361,short,1228.85,1231.26755,loss,-27.475500000001194,24.17550000000011,3
121449,121450,121452,short,1234.73,1231.103675,win,32.96324999999952,24.17550000000011,2
121541,121542,121542,short,1259.96,1262.3775500000002,loss,-27.475500000001194,24.17550000000011,0
121633,121634,121635,short,1262.64,1259.0136750000001,win,32.96324999999952,24.17550000000011,1
121725,121726,121734,short,1243.45,1245.8675500000002,loss,-27.475500000001194,24.17550000000011,8
121817,121818,121818,short,1250.72,1253.1375500000001,loss,-27.475500000001194,24.17550000000011,0
121909,121910,121925,short,1234.68,1232.53,win,18.20000000000091,24.17550000000011,15
122001,122002,122006,short,1214.05,1216.46755,loss,-27.475500000001194,24.17550000000011,4
122091,122092,122096,short,1215.13,1217.5475500000002,loss,-27.475500000001194,24.17550000000011,4
122183,122184,122188,short,1219.14,1215.5136750000001,win,32.96324999999952,24.17550000000011,4
122264,122265,122269,short,1238.0,1240.4175500000001,loss,-27.475500000001194,24.17550000000011,4
122353,122354,122358,short,1227.44,1229.8575500000002,loss,-27.475500000001194,24.17550000000011,4
122445,122446,122447,short,1231.69,1234.1075500000002,loss,-27.475500000001194,24.17550000000011,1
122537,122538,122553,short,1217.13,1215.44,win,13.600000000000545,24.17550000000011,15
122629,122630,122637,short,1227.22,1229.6375500000001,loss,-27.475500000001194,24.17550000000011,7
122721,122722,122726,short,1228.35,1224.723675,win,32.96324999999952,24.17550000000011,4
122813,122814,122824,short,1228.51,1230.92755,loss,-27.475500000001194,24.17550000000011,10
122905,122906,122909,short,1236.78,1233.153675,win,32.96324999999952,24.17550000000011,3
122997,122998,123001,short,1248.88,1251.2975500000002,loss,-27.475500000001194,24.17550000000011,3
123089,123090,123093,short,1255.11,1257.52755,loss,-27.475500000001194,24.17550000000011,3
123181,123182,123184,short,1247.89,1250.3075500000002,loss,-27.475500000001194,24.17550000000011,2
123273,123274,123279,short,1234.62,1237.03755,loss,-27.475500000001194,24.17550000000011,5
123365,123366,123381,short,1230.88,1230.49,win,0.6000000000010006,24.17550000000011,15
123457,123458,123460,short,1235.2,1231.573675,win,32.96324999999952,24.17550000000011,2
123549,123550,123550,short,1234.25,1236.6675500000001,loss,-27.475500000001194,24.17550000000011,0
123632,123633,123648,short,1248.8,1248.68,loss,-2.100000000001091,24.17550000000011,15
123723,123724,123724,short,1255.35,1257.76755,loss,-27.475500000001194,24.17550000000011,0
123807,123808,123815,short,1247.08,1249.49755,loss,-27.475500000001194,24.17550000000011,7
123884,123885,123898,short,1234.5,1230.873675,win,32.96324999999952,24.17550000000011,13
123976,123977,123979,short,1236.54,1232.913675,win,32.96324999999952,24.17550000000011,2
124068,124069,124071,short,1243.81,1246.22755,loss,-27.475500000001194,24.17550000000011,2
124160,124161,124170,short,1254.45,1256.8675500000002,loss,-27.475500000001194,24.17550000000011,9
124252,124253,124256,short,1272.77,1275.18755,loss,-27.475500000001194,24.17550000000011,3
124344,124345,124349,short,1293.32,1295.73755,loss,-27.475500000001194,24.17550000000011,4
124436,124437,124438,short,1291.0,1293.4175500000001,loss,-27.475500000001194,24.17550000000011,1
124528,124529,124532,short,1280.82,1283.23755,loss,-27.475500000001194,24.17550000000011,3
124620,124621,124627,short,1280.3,1276.673675,win,32.96324999999952,24.17550000000011,6
124712,124713,124723,short,1277.8,1280.21755,loss,-27.475500000001194,24.17550000000011,10
124804,124805,124813,short,1281.87,1278.243675,win,32.96324999999952,24.17550000000011,8
124896,124897,124912,short,1265.4,1264.97,win,1.0000000000006368,24.17550000000011,15
124988,124989,125004,short,1273.41,1272.88,win,1.9999999999997273,24.17550000000011,15
125080,125081,125093,short,1271.81,1268.183675,win,32.96324999999952,24.17550000000011,12
125172,125173,125183,short,1273.58,1275.99755,loss,-27.475500000001194,24.17550000000011,10
125264,125265,125265,short,1279.93,1282.3475500000002,loss,-27.475500000001194,24.17550000000011,0
125356,125357,125366,short,1275.26,1271.633675,win,32.96324999999952,24.17550000000011,9
125448,125449,125464,short,1273.2,1272.33,win,5.4000000000011825,24.17550000000011,15
125540,125541,125556,short,1254.4,1253.76,win,3.1000000000010006,24.17550000000011,15
125632,125633,125643,short,1254.06,1256.47755,loss,-27.475500000001194,24.17550000000011,10
125724,125725,125740,short,1250.5,1250.81,loss,-6.399999999999454,24.17550000000011,15
125816,125817,125832,short,1245.31,1242.51,win,24.699999999999545,24.17550000000011,15
125908,125909,125923,short,1224.27,1220.643675,win,32.96324999999952,24.17550000000011,14
126000,126001,126016,short,1228.38,1226.62,win,14.300000000002182,24.17550000000011,15
126092,126093,126107,short,1221.4,1217.7736750000001,win,32.96324999999952,24.17550000000011,14
126184,126185,126187,short,1201.49,1203.9075500000001,loss,-27.475500000001194,24.17550000000011,2
126252,126253,126268,short,1212.28,1211.84,win,1.1000000000005459,24.17550000000011,15
126344,126345,126348,short,1215.27,1217.68755,loss,-27.475500000001194,24.17550000000011,3
126436,126437,126439,short,1214.22,1216.6375500000001,loss,-27.475500000001194,24.17550000000011,2
126528,126529,126544,short,1211.19,1211.87,loss,-10.099999999998364,24.17550000000011,15
126620,126621,126636,short,1241.17,1241.01,loss,-1.6999999999991813,24.17550000000011,15
126712,126713,126728,short,1242.57,1241.46,win,7.799999999999,24.17550000000011,15
126804,126805,126809,short,1249.72,1252.1375500000001,loss,-27.475500000001194,24.17550000000011,4
126896,126897,126905,short,1261.59,1257.963675,win,32.96324999999952,24.17550000000011,8
126987,126988,126991,short,1265.63,1268.0475500000002,loss,-27.475500000001194,24.17550000000011,3
127079,127080,127092,short,1282.13,1284.5475500000002,loss,-27.475500000001194,24.17550000000011,12
127171,127172,127183,short,1278.33,1280.74755,loss,-27.475500000001194,24.17550000000011,11
127263,127264,127269,short,1285.68,1282.053675,win,32.96324999999952,24.17550000000011,5
127355,127356,127357,short,1308.21,1310.6275500000002,loss,-27.475500000001194,24.17550000000011,1
127447,127448,127450,short,1283.3,1279.673675,win,32.96324999999952,24.17550000000011,2
127539,127540,127545,short,1284.33,1286.74755,loss,-27.475500000001194,24.17550000000011,5
127631,127632,127646,short,1283.63,1280.0036750000002,win,32.96324999999952,24.17550000000011,14
127723,127724,127729,short,1263.7,1266.1175500000002,loss,-27.475500000001194,24.17550000000011,5
127815,127816,127816,short,1267.24,1269.6575500000001,loss,-27.475500000001194,24.17550000000011,0
127907,127908,127908,short,1318.29,1314.663675,win,32.96324999999952,24.17550000000011,0
127999,128000,128003,short,1327.43,1323.803675,win,32.96324999999952,24.17550000000011,3
128091,128092,128097,short,1317.73,1314.103675,win,32.96324999999952,24.17550000000011,5
128183,128184,128187,short,1320.62,1323.03755,loss,-27.475500000001194,24.17550000000011,3
128275,128276,128286,short,1315.98,1318.3975500000001,loss,-27.475500000001194,24.17550000000011,10
128367,128368,128373,short,1331.93,1334.3475500000002,loss,-27.475500000001194,24.17550000000011,5
128459,128460,128464,short,1352.51,1348.883675,win,32.96324999999952,24.17550000000011,4
128535,128536,128541,short,1342.93,1345.3475500000002,loss,-27.475500000001194,24.17550000000011,5
128627,128628,128629,short,1369.06,1365.433675,win,32.96324999999952,24.17550000000011,1
128719,128720,128735,short,1368.35,1364.723675,win,32.96324999999952,24.17550000000011,15
128811,128812,128815,short,1357.89,1354.2636750000001,win,32.96324999999952,24.17550000000011,3
128903,128904,128909,short,1362.84,1359.213675,win,32.96324999999952,24.17550000000011,5
128995,128996,128997,short,1353.79,1356.20755,loss,-27.475500000001194,24.17550000000011,1
129087,129088,129089,short,1338.09,1340.50755,loss,-27.475500000001194,24.17550000000011,1
129179,129180,129187,short,1334.51,1330.883675,win,32.96324999999952,24.17550000000011,7
129271,129272,129287,short,1331.97,1333.85,loss,-22.09999999999882,24.17550000000011,15
129363,129364,129367,short,1329.36,1325.733675,win,32.96324999999952,24.17550000000011,3
129455,129456,129456,short,1327.24,1329.6575500000001,loss,-27.475500000001194,24.17550000000011,0
129547,129548,129551,short,1329.79,1326.163675,win,32.96324999999952,24.17550000000011,3
129639,129640,129647,short,1316.92,1319.3375500000002,loss,-27.475500000001194,24.17550000000011,7
129731,129732,129732,short,1324.73,1327.1475500000001,loss,-27.475500000001194,24.17550000000011,0
129823,129824,129839,short,1317.74,1316.66,win,7.499999999999273,24.17550000000011,15
129915,129916,129918,short,1319.45,1315.823675,win,32.96324999999952,24.17550000000011,2
130007,130008,130021,short,1318.33,1320.74755,loss,-27.475500000001194,24.17550000000011,13
130099,130100,130105,short,1339.89,1342.3075500000002,loss,-27.475500000001194,24.17550000000011,5
130191,130192,130200,short,1334.48,1330.853675,win,32.96324999999952,24.17550000000011,8
130283,130284,130291,short,1346.74,1349.1575500000001,loss,-27.475500000001194,24.17550000000011,7
130375,130376,130379,short,1352.18,1354.5975500000002,loss,-27.475500000001194,24.17550000000011,3
130467,130468,130483,short,1365.12,1363.54,win,12.499999999999272,24.17550000000011,15
130559,130560,130575,short,1352.25,1352.04,loss,-1.199999999999636,24.17550000000011,15
130651,130652,130667,short,1364.53,1361.85,win,23.500000000000636,24.17550000000011,15
130743,130744,130750,short,1336.0,1332.373675,win,32.96324999999952,24.17550000000011,6
130835,130836,130845,short,1331.87,1334.28755,loss,-27.475500000001194,24.17550000000011,9
130927,130928,130928,short,1351.7,1354.1175500000002,loss,-27.475500000001194,24.17550000000011,0
131019,131020,131025,short,1342.77,1345.18755,loss,-27.475500000001194,24.17550000000011,5
131111,131112,131123,short,1339.65,1336.0236750000001,win,32.96324999999952,24.17550000000011,11
131203,131204,131208,short,1339.5,1341.9175500000001,loss,-27.475500000001194,24.17550000000011,4
131295,131296,131304,short,1348.76,1351.17755,loss,-27.475500000001194,24.17550000000011,8
131387,131388,131403,short,1343.88,1342.6,win,9.500000000002,24.17550000000011,15
131479,131480,131491,short,1352.65,1349.0236750000001,win,32.96324999999952,24.17550000000011,11
131571,131572,131586,short,1348.31,1344.683675,win,32.96324999999952,24.17550000000011,14
131663,131664,131679,short,1333.45,1335.42,loss,-23.000000000000274,24.17550000000011,15
131755,131756,131759,short,1338.24,1340.6575500000001,loss,-27.475500000001194,24.17550000000011,3
131847,131848,131856,short,1336.41,1338.8275500000002,loss,-27.475500000001194,24.17550000000011,8
131939,131940,131955,short,1325.78,1323.76,win,16.899999999999817,24.17550000000011,15
132031,132032,132047,short,1324.31,1326.61,loss,-26.299999999999546,24.17550000000011,15
132123,132124,132139,short,1318.13,1319.0,loss,-11.99999999999891,24.17550000000011,15
132215,132216,132231,short,1322.28,1318.653675,win,32.96324999999952,24.17550000000011,15
132307,132308,132323,short,1313.32,1314.32,loss,-13.3,24.17550000000011,15
132399,132400,132415,short,1307.8,1305.97,win,14.999999999999272,24.17550000000011,15
132491,132492,132507,short,1311.3,1312.08,loss,-11.099999999999728,24.17550000000011,15
132583,132584,132596,short,1325.08,1327.49755,loss,-27.475500000001194,24.17550000000011,12
132658,132659,132662,short,1326.54,1328.95755,loss,-27.475500000001194,24.17550000000011,3
132750,132751,132758,short,1350.97,1347.343675,win,32.96324999999952,24.17550000000011,7
132842,132843,132855,short,1346.7,1349.1175500000002,loss,-27.475500000001194,24.17550000000011,12
132934,132935,132950,short,1337.72,1335.67,win,17.199999999999545,24.17550000000011,15
133026,133027,133042,short,1328.35,1326.83,win,11.899999999999817,24.17550000000011,15
133118,133119,133126,short,1328.45,1330.8675500000002,loss,-27.475500000001194,24.17550000000011,7
133210,133211,133224,short,1321.07,1323.48755,loss,-27.475500000001194,24.17550000000011,13
133302,133303,133318,short,1321.64,1320.78,win,5.3000000000012735,24.17550000000011,15
133394,133395,133410,short,1314.37,1312.52,win,15.19999999999909,24.17550000000011,15
133486,133487,133502,short,1315.92,1313.86,win,17.300000000001727,24.17550000000011,15
133578,133579,133594,short,1315.89,1314.43,win,11.300000000000363,24.17550000000011,15
133670,133671,133672,short,1317.67,1320.0875500000002,loss,-27.475500000001194,24.17550000000011,1
133762,133763,133778,short,1332.67,1332.61,loss,-2.699999999998272,24.17550000000011,15
133854,133855,133870,short,1335.41,1337.02,loss,-19.399999999999,24.17550000000011,15
134002,134003,134007,short,1334.47,1336.8875500000001,loss,-27.475500000001194,24.17550000000011,4
134094,134095,134110,short,1324.97,1325.51,loss,-8.699999999999637,24.17550000000011,15
134186,134187,134202,short,1321.8,1321.34,win,1.300000000000364,24.17550000000011,15
134278,134279,134286,short,1324.02,1326.43755,loss,-27.475500000001194,24.17550000000011,7
134370,134371,134384,short,1314.99,1317.4075500000001,loss,-27.475500000001194,24.17550000000011,13
134462,134463,134466,short,1310.89,1307.2636750000001,win,32.96324999999952,24.17550000000011,3
134554,134555,134570,short,1272.89,1273.73,loss,-11.699999999999182,24.17550000000011,15
134646,134647,134662,short,1264.65,1266.17,loss,-18.49999999999982,24.17550000000011,15
134738,134739,134742,short,1251.99,1254.4075500000001,loss,-27.475500000001194,24.17550000000011,3
134830,134831,134846,short,1262.61,1262.43,loss,-1.500000000001637,24.17550000000011,15
134922,134923,134924,short,1259.15,1261.5675500000002,loss,-27.475500000001194,24.17550000000011,1
135014,135015,135022,short,1254.71,1257.1275500000002,loss,-27.475500000001194,24.17550000000011,7
135106,135107,135122,short,1260.21,1259.96,loss,-0.7999999999999998,24.17550000000011,15
135190,135191,135206,short,1255.03,1252.79,win,19.10000000000009,24.17550000000011,15
135282,135283,135290,short,1255.38,1251.7536750000002,win,32.96324999999952,24.17550000000011,7
135374,135375,135376,short,1258.62,1261.03755,loss,-27.475500000001194,24.17550000000011,1
135466,135467,135476,short,1261.4,1263.8175500000002,loss,-27.475500000001194,24.17550000000011,9
135558,135559,135574,short,1269.78,1269.75,loss,-3.0000000000002727,24.17550000000011,15
135650,135651,135666,short,1264.15,1263.99,loss,-1.6999999999991813,24.17550000000011,15
135742,135743,135758,short,1265.1,1266.01,loss,-12.40000000000082,24.17550000000011,15
135834,135835,135844,short,1266.79,1269.20755,loss,-27.475500000001194,24.17550000000011,9
135926,135927,135942,short,1273.85,1273.91,loss,-3.900000000001728,24.17550000000011,15
136018,136019,136034,short,1268.64,1269.7,loss,-13.899999999999455,24.17550000000011,15
136110,136111,136126,short,1267.77,1266.36,win,10.800000000000818,24.17550000000011,15
136206,136207,136222,short,1274.22,1274.14,loss,-2.5000000000007274,24.17550000000011,15
136298,136299,136307,short,1279.65,1282.0675500000002,loss,-27.475500000001194,24.17550000000011,8
136389,136390,136392,short,1292.71,1295.1275500000002,loss,-27.475500000001194,24.17550000000011,2
136481,136482,136485,short,1301.95,1298.323675,win,32.96324999999952,24.17550000000011,3
136573,136574,136577,short,1296.87,1299.28755,loss,-27.475500000001194,24.17550000000011,3
136661,136662,136668,short,1288.9,1285.2736750000001,win,32.96324999999952,24.17550000000011,6
136753,136754,136769,short,1284.78,1284.0,win,4.499999999999727,24.17550000000011,15
136845,136846,136846,short,1315.17,1317.5875500000002,loss,-27.475500000001194,24.17550000000011,0
136937,136938,136943,short,1286.98,1289.3975500000001,loss,-27.475500000001194,24.17550000000011,5
137029,137030,137033,short,1260.59,1256.963675,win,32.96324999999952,24.17550000000011,3
137121,137122,137123,short,1226.12,1222.493675,win,32.96324999999952,24.17550000000011,1
137213,137214,137216,short,1228.32,1224.693675,win,32.96324999999952,24.17550000000011,2
137305,137306,137306,short,1229.37,1225.743675,win,32.96324999999952,24.17550000000011,0
137397,137398,137400,short,1225.8,1228.21755,loss,-27.475500000001194,24.17550000000011,2
137489,137490,137491,short,1208.98,1205.353675,win,32.96324999999952,24.17550000000011,1
137581,137582,137588,short,1213.54,1215.95755,loss,-27.475500000001194,24.17550000000011,6
137673,137674,137678,short,1214.67,1217.0875500000002,loss,-27.475500000001194,24.17550000000011,4
137765,137766,137771,short,1213.76,1210.133675,win,32.96324999999952,24.17550000000011,5
137857,137858,137859,short,1186.3,1182.673675,win,32.96324999999952,24.17550000000011,1
137933,137934,137938,short,1186.79,1189.20755,loss,-27.475500000001194,24.17550000000011,4
138012,138013,138017,short,1192.38,1194.7975500000002,loss,-27.475500000001194,24.17550000000011,4
138104,138105,138112,short,1191.18,1187.553675,win,32.96324999999952,24.17550000000011,7
138196,138197,138206,short,1188.92,1185.2936750000001,win,32.96324999999952,24.17550000000011,9
138288,138289,138293,short,1175.03,1171.403675,win,32.96324999999952,24.17550000000011,4
138380,138381,138388,short,1173.91,1176.3275500000002,loss,-27.475500000001194,24.17550000000011,7
138472,138473,138477,short,1173.07,1169.443675,win,32.96324999999952,24.17550000000011,4
138564,138565,138567,short,1170.43,1172.8475500000002,loss,-27.475500000001194,24.17550000000011,2
138656,138657,138661,short,1168.31,1170.72755,loss,-27.475500000001194,24.17550000000011,4
138748,138749,138764,short,1174.8,1176.26,loss,-17.900000000000365,24.17550000000011,15
138840,138841,138849,short,1169.31,1171.72755,loss,-27.475500000001194,24.17550000000011,8
138932,138933,138937,short,1156.79,1153.163675,win,32.96324999999952,24.17550000000011,4
139024,139025,139035,short,1161.72,1158.093675,win,32.96324999999952,24.17550000000011,10
139116,139117,139132,short,1162.01,1161.2,win,4.7999999999994545,24.17550000000011,15
139208,139209,139221,short,1139.03,1135.403675,win,32.96324999999952,24.17550000000011,12
139300,139301,139311,short,1133.51,1135.92755,loss,-27.475500000001194,24.17550000000011,10
139392,139393,139406,short,1141.33,1137.703675,win,32.96324999999952,24.17550000000011,13
139484,139485,139500,short,1134.41,1133.58,win,5.000000000001546,24.17550000000011,15
139576,139577,139583,short,1136.21,1132.583675,win,32.96324999999952,24.17550000000011,6
139668,139669,139684,short,1131.63,1131.1,win,2.000000000002001,24.17550000000011,15
139760,139761,139776,short,1131.2,1131.15,loss,-2.8000000000004546,24.17550000000011,15
139849,139850,139852,short,1139.38,1141.7975500000002,loss,-27.475500000001194,24.17550000000011,2
139941,139942,139956,short,1142.91,1139.2836750000001,win,32.96324999999952,24.17550000000011,14
140033,140034,140049,short,1148.62,1146.59,win,16.999999999999726,24.17550000000011,15
140125,140126,140141,short,1159.88,1158.96,win,5.900000000000728,24.17550000000011,15
140217,140218,140218,short,1155.93,1152.303675,win,32.96324999999952,24.17550000000011,0
140309,140310,140314,short,1161.73,1164.1475500000001,loss,-27.475500000001194,24.17550000000011,4
140401,140402,140407,short,1177.07,1173.443675,win,32.96324999999952,24.17550000000011,5
140493,140494,140499,short,1173.88,1176.2975500000002,loss,-27.475500000001194,24.17550000000011,5
140585,140586,140590,short,1174.17,1176.5875500000002,loss,-27.475500000001194,24.17550000000011,4
140677,140678,140686,short,1186.41,1182.7836750000001,win,32.96324999999952,24.17550000000011,8
140769,140770,140785,short,1189.04,1188.59,win,1.200000000000455,24.17550000000011,15
140861,140862,140866,short,1200.14,1202.5575500000002,loss,-27.475500000001194,24.17550000000011,4
140953,140954,140967,short,1195.74,1198.1575500000001,loss,-27.475500000001194,24.17550000000011,13
141045,141046,141052,short,1205.4,1201.7736750000001,win,32.96324999999952,24.17550000000011,6
141119,141120,141123,short,1210.36,1212.77755,loss,-27.475500000001194,24.17550000000011,3
141211,141212,141227,short,1212.73,1212.85,loss,-4.499999999998908,24.17550000000011,15
141303,141304,141311,short,1201.43,1203.8475500000002,loss,-27.475500000001194,24.17550000000011,7
141395,141396,141399,short,1208.55,1204.923675,win,32.96324999999952,24.17550000000011,3
141487,141488,141494,short,1215.74,1212.113675,win,32.96324999999952,24.17550000000011,6
141579,141580,141595,short,1215.08,1212.25,win,24.99999999999927,24.17550000000011,15
141671,141672,141673,short,1202.88,1205.2975500000002,loss,-27.475500000001194,24.17550000000011,1
141763,141764,141774,short,1195.86,1192.233675,win,32.96324999999952,24.17550000000011,10
141855,141856,141867,short,1182.27,1184.68755,loss,-27.475500000001194,24.17550000000011,11
141947,141948,141959,short,1191.94,1188.313675,win,32.96324999999952,24.17550000000011,11
142039,142040,142046,short,1199.97,1196.343675,win,32.96324999999952,24.17550000000011,6
142131,142132,142137,short,1208.16,1210.5775500000002,loss,-27.475500000001194,24.17550000000011,5
142223,142224,142229,short,1212.96,1215.3775500000002,loss,-27.475500000001194,24.17550000000011,5
142315,142316,142331,short,1213.14,1213.28,loss,-4.6999999999987265,24.17550000000011,15
142407,142408,142423,short,1222.38,1223.72,loss,-16.699999999999182,24.17550000000011,15
142499,142500,142502,short,1233.93,1230.303675,win,32.96324999999952,24.17550000000011,2
142591,142592,142596,short,1230.77,1233.18755,loss,-27.475500000001194,24.17550000000011,4
142683,142684,142688,short,1239.55,1241.96755,loss,-27.475500000001194,24.17550000000011,4
142775,142776,142789,short,1223.84,1226.25755,loss,-27.475500000001194,24.17550000000011,13
142867,142868,142883,short,1230.98,1230.79,loss,-1.3999999999994541,24.17550000000011,15
142959,142960,142975,short,1228.2,1228.79,loss,-9.199999999999182,24.17550000000011,15
143051,143052,143067,short,1224.65,1225.44,loss,-11.199999999999637,24.17550000000011,15
143143,143144,143147,short,1233.34,1235.75755,loss,-27.475500000001194,24.17550000000011,3
143235,143236,143244,short,1237.94,1240.3575500000002,loss,-27.475500000001194,24.17550000000011,8
143327,143328,143338,short,1234.19,1236.6075500000002,loss,-27.475500000001194,24.17550000000011,10
143403,143404,143411,short,1234.22,1230.593675,win,32.96324999999952,24.17550000000011,7
143495,143496,143504,short,1234.8,1237.21755,loss,-27.475500000001194,24.17550000000011,8
143587,143588,143603,short,1236.83,1237.94,loss,-14.400000000001274,24.17550000000011,15
143679,143680,143688,short,1253.03,1255.44755,loss,-27.475500000001194,24.17550000000011,8
143771,143772,143787,short,1256.83,1255.78,win,7.199999999999545,24.17550000000011,15
143863,143864,143879,short,1253.54,1253.66,loss,-4.500000000001182,24.17550000000011,15
143955,143956,143959,short,1243.09,1245.50755,loss,-27.475500000001194,24.17550000000011,3
144047,144048,144063,short,1244.69,1243.1,win,12.600000000001454,24.17550000000011,15
144139,144140,144142,short,1230.95,1227.323675,win,32.96324999999952,24.17550000000011,2
144231,144232,144236,short,1232.18,1234.5975500000002,loss,-27.475500000001194,24.17550000000011,4
144323,144324,144339,short,1225.05,1224.3,win,4.2,24.17550000000011,15
144415,144416,144421,short,1215.91,1212.2836750000001,win,32.96324999999952,24.17550000000011,5
144507,144508,144514,short,1206.76,1203.133675,win,32.96324999999952,24.17550000000011,6
144599,144600,144615,short,1197.38,1196.9,win,1.500000000000182,24.17550000000011,15
144695,144696,144711,short,1209.69,1208.08,win,12.800000000001273,24.17550000000011,15
144787,144788,144793,short,1201.23,1203.6475500000001,loss,-27.475500000001194,24.17550000000011,5
144879,144880,144895,short,1203.17,1201.44,win,14.000000000000181,24.17550000000011,15
144971,144972,144973,short,1225.77,1228.18755,loss,-27.475500000001194,24.17550000000011,1
145063,145064,145075,short,1227.28,1229.69755,loss,-27.475500000001194,24.17550000000011,11
145155,145156,145171,short,1234.15,1232.24,win,15.800000000000818,24.17550000000011,15
145247,145248,145255,short,1229.49,1231.9075500000001,loss,-27.475500000001194,24.17550000000011,7
145339,145340,145355,short,1247.48,1244.92,win,22.299999999999454,24.17550000000011,15
145431,145432,145447,short,1247.39,1248.19,loss,-11.299999999999546,24.17550000000011,15
145523,145524,145539,short,1243.19,1243.86,loss,-9.999999999998455,24.17550000000011,15
145611,145612,145627,short,1257.32,1257.42,loss,-4.300000000001364,24.17550000000011,15
145703,145704,145712,short,1251.8,1254.21755,loss,-27.475500000001194,24.17550000000011,8
145795,145796,145806,short,1249.18,1251.5975500000002,loss,-27.475500000001194,24.17550000000011,10
145887,145888,145903,short,1250.45,1249.89,win,2.2999999999994545,24.17550000000011,15
145979,145980,145995,short,1242.24,1242.86,loss,-9.49999999999891,24.17550000000011,15
146071,146072,146087,short,1246.61,1245.93,win,3.499999999998363,24.17550000000011,15
146163,146164,146171,short,1255.92,1258.3375500000002,loss,-27.475500000001194,24.17550000000011,7
146255,146256,146260,short,1254.65,1257.0675500000002,loss,-27.475500000001194,24.17550000000011,4
146347,146348,146363,short,1253.8,1253.29,win,1.7999999999999092,24.17550000000011,15
146439,146440,146455,short,1263.7,1264.54,loss,-11.699999999999182,24.17550000000011,15
146531,146532,146547,short,1254.21,1253.6,win,2.8000000000012735,24.17550000000011,15
146623,146624,146639,short,1256.53,1257.35,loss,-11.499999999999364,24.17550000000011,15
146715,146716,146731,short,1274.7,1273.37,win,10.000000000001545,24.17550000000011,15
146807,146808,146815,short,1284.24,1286.6575500000001,loss,-27.475500000001194,24.17550000000011,7
146899,146900,146912,short,1287.38,1289.7975500000002,loss,-27.475500000001194,24.17550000000011,12
146991,146992,147004,short,1283.25,1285.6675500000001,loss,-27.475500000001194,24.17550000000011,12
147083,147084,147099,short,1284.18,1282.3,win,15.50000000000109,24.17550000000011,15
147175,147176,147178,short,1278.8,1281.21755,loss,-27.475500000001194,24.17550000000011,2
147267,147268,147283,short,1279.87,1281.08,loss,-15.400000000000365,24.17550000000011,15
147359,147360,147375,short,1270.73,1270.99,loss,-5.899999999999909,24.17550000000011,15
147451,147452,147459,short,1273.07,1269.443675,win,32.96324999999952,24.17550000000011,7
147543,147544,147559,short,1264.38,1264.49,loss,-4.399999999998999,24.17550000000011,15
147635,147636,147651,short,1265.93,1264.24,win,13.600000000000545,24.17550000000011,15
147727,147728,147738,short,1264.92,1267.3375500000002,loss,-27.475500000001194,24.17550000000011,10
147819,147820,147835,short,1262.91,1262.74,loss,-1.5999999999992722,24.17550000000011,15
147911,147912,147927,short,1255.57,1255.25,loss,-0.10000000000063647,24.17550000000011,15
148003,148004,148019,short,1254.56,1253.95,win,2.7999999999989997,24.17550000000011,15
148095,148096,148111,short,1236.12,1234.83,win,9.599999999999635,24.17550000000011,15
148187,148188,148203,short,1233.46,1234.37,loss,-12.399999999998546,24.17550000000011,15
148279,148280,148294,short,1230.02,1232.43755,loss,-27.475500000001194,24.17550000000011,14
148371,148372,148387,short,1226.16,1224.85,win,9.800000000001727,24.17550000000011,15
148463,148464,148471,short,1221.63,1224.0475500000002,loss,-27.475500000001194,24.17550000000011,7
148555,148556,148571,short,1222.07,1222.45,loss,-7.100000000001091,24.17550000000011,15
148647,148648,148655,short,1226.72,1229.1375500000001,loss,-27.475500000001194,24.17550000000011,7
148739,148740,148755,short,1231.48,1231.6,loss,-4.499999999998908,24.17550000000011,15
148831,148832,148847,short,1235.01,1234.18,win,4.999999999999273,24.17550000000011,15
148923,148924,148938,short,1243.52,1245.93755,loss,-27.475500000001194,24.17550000000011,14
149015,149016,149019,short,1257.46,1253.833675,win,32.96324999999952,24.17550000000011,3
149107,149108,149122,short,1250.09,1252.50755,loss,-27.475500000001194,24.17550000000011,14
149199,149200,149214,short,1253.77,1256.18755,loss,-27.475500000001194,24.17550000000011,14
149291,149292,149299,short,1262.07,1258.443675,win,32.96324999999952,24.17550000000011,7
149383,149384,149387,short,1248.8,1251.21755,loss,-27.475500000001194,24.17550000000011,3
149475,149476,149491,short,1258.7,1256.87,win,15.000000000001545,24.17550000000011,15
149567,149568,149570,short,1258.06,1260.47755,loss,-27.475500000001194,24.17550000000011,2
149659,149660,149675,short,1266.73,1267.41,loss,-10.100000000000637,24.17550000000011,15
149735,149736,149742,short,1267.15,1263.5236750000001,win,32.96324999999952,24.17550000000011,6
149827,149828,149832,short,1261.32,1263.73755,loss,-27.475500000001194,24.17550000000011,4
149919,149920,149935,short,1267.01,1266.02,win,6.600000000000091,24.17550000000011,15
150011,150012,150027,short,1260.8,1263.21755,loss,-27.475500000001194,24.17550000000011,15
150103,150104,150119,short,1280.13,1280.7,loss,-8.999999999999364,24.17550000000011,15
150195,150196,150200,short,1287.12,1289.53755,loss,-27.475500000001194,24.17550000000011,4
150287,150288,150303,short,1291.91,1291.23,win,3.500000000000637,24.17550000000011,15
150379,150380,150391,short,1287.79,1284.163675,win,32.96324999999952,24.17550000000011,11
150470,150471,150486,short,1274.09,1273.8,loss,-0.4000000000003636,24.17550000000011,15
150550,150551,150561,short,1267.36,1269.77755,loss,-27.475500000001194,24.17550000000011,10
150642,150643,150652,short,1265.77,1262.143675,win,32.96324999999952,24.17550000000011,9
150762,150763,150777,short,1261.9,1258.2736750000001,win,32.96324999999952,24.17550000000011,14
150885,150886,150901,short,1251.53,1251.06,win,1.400000000000273,24.17550000000011,15
150977,150978,150993,short,1246.64,1247.25,loss,-9.399999999999,24.17550000000011,15
151067,151068,151083,short,1245.72,1246.95,loss,-15.600000000000183,24.17550000000011,15
151176,151177,151185,short,1253.23,1255.6475500000001,loss,-27.475500000001194,24.17550000000011,8
151244,151245,151260,short,1253.96,1250.333675,win,32.96324999999952,24.17550000000011,15
151337,151338,151345,short,1251.63,1254.0475500000002,loss,-27.475500000001194,24.17550000000011,7
151429,151430,151436,short,1252.3,1248.673675,win,32.96324999999952,24.17550000000011,6
151513,151514,151529,short,1244.12,1243.48,win,3.099999999998727,24.17550000000011,15
151605,151606,151621,short,1235.95,1234.25,win,13.700000000000454,24.17550000000011,15
151741,151742,151757,short,1225.12,1225.01,loss,-2.2000000000010003,24.17550000000011,15
151860,151861,151876,short,1208.17,1207.83,win,0.10000000000145537,24.17550000000011,15
151935,151936,151951,short,1211.65,1210.72,win,6.000000000000637,24.17550000000011,15
152027,152028,152043,short,1220.01,1218.2,win,14.799999999999454,24.17550000000011,15
152088,152089,152104,short,1222.92,1222.09,win,5.000000000001546,24.17550000000011,15
152180,152181,152196,short,1217.64,1219.6,loss,-22.89999999999809,24.17550000000011,15
152252,152253,152268,short,1230.71,1230.62,loss,-2.3999999999985446,24.17550000000011,15
152344,152345,152360,short,1237.5,1236.56,win,6.100000000000546,24.17550000000011,15
152436,152437,152444,short,1240.78,1237.153675,win,32.96324999999952,24.17550000000011,7
152528,152529,152544,short,1238.01,1237.16,win,5.199999999999091,24.17550000000011,15
152614,152615,152630,short,1246.33,1247.82,loss,-18.20000000000009,24.17550000000011,15
152706,152707,152719,short,1252.84,1255.25755,loss,-27.475500000001194,24.17550000000011,12
152775,152776,152783,short,1256.85,1253.223675,win,32.96324999999952,24.17550000000011,7
152867,152868,152883,short,1245.28,1247.07,loss,-21.199999999999637,24.17550000000011,15
152948,152949,152964,short,1267.91,1267.66,loss,-0.7999999999999998,24.17550000000011,15
153040,153041,153056,short,1269.07,1267.45,win,12.899999999998908,24.17550000000011,15
153132,153133,153136,short,1265.17,1267.5875500000002,loss,-27.475500000001194,24.17550000000011,3
153243,153244,153259,short,1268.84,1269.36,loss,-8.499999999999819,24.17550000000011,15
153302,153303,153318,short,1258.16,1257.1,win,7.300000000001728,24.17550000000011,15
153394,153395,153410,short,1259.94,1261.3,loss,-16.899999999999,24.17550000000011,15
153464,153465,153468,short,1265.49,1267.9075500000001,loss,-27.475500000001194,24.17550000000011,3
153554,153555,153568,short,1279.52,1281.93755,loss,-27.475500000001194,24.17550000000011,13
153632,153633,153639,short,1285.58,1281.953675,win,32.96324999999952,24.17550000000011,6
153718,153719,153734,short,1273.9,1273.18,win,3.900000000000273,24.17550000000011,15
153800,153801,153816,short,1272.46,1269.48,win,26.50000000000018,24.17550000000011,15
153887,153888,153891,short,1286.72,1289.1375500000001,loss,-27.475500000001194,24.17550000000011,3
153975,153976,153979,short,1287.19,1289.6075500000002,loss,-27.475500000001194,24.17550000000011,3
154034,154035,154038,short,1285.48,1287.8975500000001,loss,-27.475500000001194,24.17550000000011,3
154125,154126,154129,short,1288.11,1284.483675,win,32.96324999999952,24.17550000000011,3
154215,154216,154231,short,1285.51,1286.68,loss,-15.000000000000728,24.17550000000011,15
154307,154308,154317,short,1288.87,1285.243675,win,32.96324999999952,24.17550000000011,9
154399,154400,154415,short,1286.33,1287.9,loss,-19.000000000001638,24.17550000000011,15
154490,154491,154491,short,1295.29,1297.70755,loss,-27.475500000001194,24.17550000000011,0
154544,154545,154548,short,1302.85,1305.26755,loss,-27.475500000001194,24.17550000000011,3
154610,154611,154626,short,1337.26,1334.45,win,24.799999999999454,24.17550000000011,15
154685,154686,154692,short,1335.43,1331.803675,win,32.96324999999952,24.17550000000011,6
154777,154778,154791,short,1337.98,1340.3975500000001,loss,-27.475500000001194,24.17550000000011,13
154868,154869,154872,short,1334.99,1337.4075500000001,loss,-27.475500000001194,24.17550000000011,3
154960,154961,154972,short,1354.27,1350.643675,win,32.96324999999952,24.17550000000011,11
155050,155051,155064,short,1336.33,1338.74755,loss,-27.475500000001194,24.17550000000011,13
155139,155140,155154,short,1326.27,1328.68755,loss,-27.475500000001194,24.17550000000011,14
155240,155241,155246,short,1320.99,1323.4075500000001,loss,-27.475500000001194,24.17550000000011,5
155332,155333,155336,short,1329.68,1326.053675,win,32.96324999999952,24.17550000000011,3
155424,155425,155432,short,1317.52,1313.893675,win,32.96324999999952,24.17550000000011,7
155516,155517,155532,short,1308.44,1308.66,loss,-5.500000000000273,24.17550000000011,15
155608,155609,155624,short,1313.75,1315.13,loss,-17.100000000001092,24.17550000000011,15
155689,155690,155703,short,1293.53,1295.94755,loss,-27.475500000001194,24.17550000000011,13
155780,155781,155784,short,1311.57,1307.943675,win,32.96324999999952,24.17550000000011,3
155855,155856,155871,short,1274.7,1273.7,win,6.7,24.17550000000011,15
155947,155948,155963,short,1270.2,1270.94,loss,-10.700000000000092,24.17550000000011,15
156039,156040,156055,short,1277.76,1277.29,win,1.400000000000273,24.17550000000011,15
156130,156131,156146,short,1273.77,1272.96,win,4.7999999999994545,24.17550000000011,15
156196,156197,156212,short,1268.0,1268.71,loss,-10.400000000000365,24.17550000000011,15
156288,156289,156304,short,1282.27,1281.8,win,1.400000000000273,24.17550000000011,15
156364,156365,156373,short,1286.43,1288.8475500000002,loss,-27.475500000001194,24.17550000000011,8
156456,156457,156472,short,1289.24,1289.54,loss,-6.299999999999545,24.17550000000011,15
156548,156549,156564,short,1295.55,1294.46,win,7.599999999999182,24.17550000000011,15
156640,156641,156656,short,1296.05,1294.06,win,16.60000000000009,24.17550000000011,15
156732,156733,156748,short,1303.27,1304.61,loss,-16.699999999999182,24.17550000000011,15
156824,156825,156826,short,1291.56,1287.933675,win,32.96324999999952,24.17550000000011,1
156916,156917,156927,short,1283.99,1280.363675,win,32.96324999999952,24.17550000000011,10
157007,157008,157010,short,1279.02,1281.43755,loss,-27.475500000001194,24.17550000000011,2
157099,157100,157103,short,1282.33,1284.74755,loss,-27.475500000001194,24.17550000000011,3
157191,157192,157207,short,1276.25,1275.38,win,5.399999999998909,24.17550000000011,15
157283,157284,157292,short,1280.87,1277.243675,win,32.96324999999952,24.17550000000011,8
157375,157376,157391,short,1273.32,1271.99,win,9.999999999999272,24.17550000000011,15
157467,157468,157474,short,1280.44,1276.813675,win,32.96324999999952,24.17550000000011,6
157559,157560,157569,short,1266.48,1268.8975500000001,loss,-27.475500000001194,24.17550000000011,9
157651,157652,157667,short,1270.06,1271.51,loss,-17.800000000000455,24.17550000000011,15
157743,157744,157759,short,1276.49,1275.35,win,8.100000000001,24.17550000000011,15
157835,157836,157837,short,1274.32,1276.73755,loss,-27.475500000001194,24.17550000000011,1
157927,157928,157943,short,1278.08,1275.66,win,20.899999999998453,24.17550000000011,15
158019,158020,158035,short,1275.04,1274.98,loss,-2.7000000000005455,24.17550000000011,15
158107,158108,158114,short,1267.89,1270.3075500000002,loss,-27.475500000001194,24.17550000000011,6
158199,158200,158205,short,1278.9,1275.2736750000001,win,32.96324999999952,24.17550000000011,5
158291,158292,158303,short,1277.17,1279.5875500000002,loss,-27.475500000001194,24.17550000000011,11
158383,158384,158399,short,1283.53,1285.04,loss,-18.39999999999991,24.17550000000011,15
158475,158476,158491,short,1284.24,1284.11,loss,-1.9999999999989084,24.17550000000011,15
158567,158568,158583,short,1276.37,1278.78755,loss,-27.475500000001194,24.17550000000011,15
158659,158660,158663,short,1276.88,1273.2536750000002,win,32.96324999999952,24.17550000000011,3
158751,158752,158761,short,1282.52,1284.93755,loss,-27.475500000001194,24.17550000000011,9
158843,158844,158853,short,1275.78,1278.19755,loss,-27.475500000001194,24.17550000000011,9
158935,158936,158951,short,1282.28,1283.19,loss,-12.40000000000082,24.17550000000011,15
159027,159028,159043,short,1290.38,1291.73,loss,-16.79999999999909,24.17550000000011,15
159119,159120,159135,short,1279.76,1279.79,loss,-3.599999999999727,24.17550000000011,15
159211,159212,159217,short,1282.34,1284.75755,loss,-27.475500000001194,24.17550000000011,5
159303,159304,159317,short,1289.9,1292.3175500000002,loss,-27.475500000001194,24.17550000000011,13
159379,159380,159395,short,1290.66,1287.26,win,30.70000000000091,24.17550000000011,15
159458,159459,159463,short,1290.14,1292.5575500000002,loss,-27.475500000001194,24.17550000000011,4
159550,159551,159566,short,1292.96,1293.32,loss,-6.899999999998999,24.17550000000011,15
159642,159643,159658,short,1295.42,1293.81,win,12.800000000001273,24.17550000000011,15
159734,159735,159741,short,1283.73,1280.103675,win,32.96324999999952,24.17550000000011,6
159826,159827,159835,short,1275.21,1277.6275500000002,loss,-27.475500000001194,24.17550000000011,8
159918,159919,159934,short,1274.02,1273.51,win,1.7999999999999092,24.17550000000011,15
160010,160011,160026,short,1275.56,1276.43,loss,-12.000000000001183,24.17550000000011,15
160102,160103,160118,short,1267.42,1267.7,loss,-6.099999999999727,24.17550000000011,15
160194,160195,160210,short,1257.74,1255.63,win,17.799999999999,24.17550000000011,15
160286,160287,160302,short,1248.68,1245.76,win,25.900000000000727,24.17550000000011,15
160378,160379,160394,short,1250.37,1250.48,loss,-4.400000000001273,24.17550000000011,15
160470,160471,160486,short,1245.73,1244.0,win,14.000000000000181,24.17550000000011,15
160562,160563,160578,short,1242.38,1241.63,win,4.2,24.17550000000011,15
160654,160655,160670,short,1256.64,1255.88,win,4.299999999999909,24.17550000000011,15
160746,160747,160761,short,1255.72,1258.1375500000001,loss,-27.475500000001194,24.17550000000011,14
160838,160839,160853,short,1255.86,1258.27755,loss,-27.475500000001194,24.17550000000011,14
160930,160931,160946,short,1263.19,1263.34,loss,-4.799999999998636,24.17550000000011,15
161022,161023,161035,short,1263.49,1265.9075500000001,loss,-27.475500000001194,24.17550000000011,12
161114,161115,161130,short,1265.29,1265.27,loss,-3.1000000000001817,24.17550000000011,15
161206,161207,161222,short,1266.9,1268.61,loss,-20.39999999999809,24.17550000000011,15
161266,161267,161282,short,1277.89,1277.9,loss,-3.399999999999909,24.17550000000011,15
161358,161359,161374,short,1283.87,1285.76,loss,-22.200000000001,24.17550000000011,15
161450,161451,161466,short,1291.58,1292.35,loss,-10.999999999999819,24.17550000000011,15
161542,161543,161552,short,1294.67,1297.0875500000002,loss,-27.475500000001194,24.17550000000011,9
161602,161603,161613,short,1309.47,1311.8875500000001,loss,-27.475500000001194,24.17550000000011,10
161694,161695,161699,short,1312.32,1314.73755,loss,-27.475500000001194,24.17550000000011,4
161786,161787,161789,short,1308.65,1311.0675500000002,loss,-27.475500000001194,24.17550000000011,2
161878,161879,161894,short,1319.14,1317.0,win,18.100000000001,24.17550000000011,15
161970,161971,161985,short,1318.03,1320.44755,loss,-27.475500000001194,24.17550000000011,14
162062,162063,162068,short,1317.96,1314.333675,win,32.96324999999952,24.17550000000011,5
162154,162155,162158,short,1310.72,1313.1375500000001,loss,-27.475500000001194,24.17550000000011,3
162246,162247,162262,short,1317.82,1319.09,loss,-15.999999999999819,24.17550000000011,15
162338,162339,162346,short,1328.99,1331.4075500000001,loss,-27.475500000001194,24.17550000000011,7
162429,162430,162445,short,1342.08,1342.29,loss,-5.400000000000364,24.17550000000011,15
162505,162506,162514,short,1338.82,1335.193675,win,32.96324999999952,24.17550000000011,8
162597,162598,162602,short,1333.68,1336.0975500000002,loss,-27.475500000001194,24.17550000000011,4
162689,162690,162693,short,1326.43,1328.8475500000002,loss,-27.475500000001194,24.17550000000011,3
162781,162782,162784,short,1331.61,1334.02755,loss,-27.475500000001194,24.17550000000011,2
162873,162874,162880,short,1329.59,1332.00755,loss,-27.475500000001194,24.17550000000011,6
162965,162966,162981,short,1336.87,1337.38,loss,-8.400000000002183,24.17550000000011,15
163057,163058,163061,short,1342.87,1345.28755,loss,-27.475500000001194,24.17550000000011,3
163149,163150,163155,short,1360.13,1356.5036750000002,win,32.96324999999952,24.17550000000011,5
163241,163242,163257,short,1355.46,1354.48,win,6.500000000000182,24.17550000000011,15
163333,163334,163349,short,1348.02,1346.47,win,12.199999999999545,24.17550000000011,15
163425,163426,163432,short,1335.7,1338.1175500000002,loss,-27.475500000001194,24.17550000000011,6
163517,163518,163533,short,1342.81,1343.38,loss,-9.000000000001638,24.17550000000011,15
163609,163610,163625,short,1340.61,1339.93,win,3.499999999998363,24.17550000000011,15
163701,163702,163713,short,1348.76,1345.133675,win,32.96324999999952,24.17550000000011,11
163793,163794,163797,short,1332.51,1334.92755,loss,-27.475500000001194,24.17550000000011,3
163885,163886,163891,short,1343.2,1339.573675,win,32.96324999999952,24.17550000000011,5
163977,163978,163989,short,1331.36,1327.733675,win,32.96324999999952,24.17550000000011,11
164069,164070,164079,short,1312.92,1309.2936750000001,win,32.96324999999952,24.17550000000011,9
164161,164162,164165,short,1320.04,1316.413675,win,32.96324999999952,24.17550000000011,3
164253,164254,164269,short,1323.9,1320.2736750000001,win,32.96324999999952,24.17550000000011,15
164345,164346,164347,short,1325.66,1328.0775500000002,loss,-27.475500000001194,24.17550000000011,1
164437,164438,164447,short,1334.03,1330.403675,win,32.96324999999952,24.17550000000011,9
164529,164530,164534,short,1353.85,1356.26755,loss,-27.475500000001194,24.17550000000011,4
164621,164622,164625,short,1357.75,1360.1675500000001,loss,-27.475500000001194,24.17550000000011,3
164713,164714,164729,short,1348.28,1347.58,win,3.700000000000455,24.17550000000011,15
164789,164790,164805,short,1339.45,1337.37,win,17.500000000001545,24.17550000000011,15
164881,164882,164890,short,1327.11,1329.52755,loss,-27.475500000001194,24.17550000000011,8
164973,164974,164985,short,1321.43,1323.8475500000002,loss,-27.475500000001194,24.17550000000011,11
165065,165066,165071,short,1326.68,1329.0975500000002,loss,-27.475500000001194,24.17550000000011,5
165157,165158,165173,short,1339.52,1338.91,win,2.7999999999989997,24.17550000000011,15
165249,165250,165265,short,1333.64,1332.91,win,4.000000000000182,24.17550000000011,15
165341,165342,165352,short,1318.57,1320.98755,loss,-27.475500000001194,24.17550000000011,10
165433,165434,165441,short,1314.29,1310.663675,win,32.96324999999952,24.17550000000011,7
165525,165526,165541,short,1317.34,1319.75755,loss,-27.475500000001194,24.17550000000011,15
165617,165618,165633,short,1325.44,1325.32,loss,-2.0999999999988175,24.17550000000011,15
165709,165710,165720,short,1321.41,1323.8275500000002,loss,-27.475500000001194,24.17550000000011,10
165800,165801,165816,short,1333.4,1332.85,win,2.200000000001819,24.17550000000011,15
165892,165893,165900,short,1328.34,1324.713675,win,32.96324999999952,24.17550000000011,7
165984,165985,166000,short,1319.16,1319.91,loss,-10.8,24.17550000000011,15
166080,166081,166091,short,1322.13,1318.5036750000002,win,32.96324999999952,24.17550000000011,10
166172,166173,166188,short,1319.63,1318.74,win,5.600000000001001,24.17550000000011,15
166264,166265,166280,short,1325.37,1325.39,loss,-3.5000000000020917,24.17550000000011,15
166356,166357,166372,short,1324.97,1323.05,win,15.900000000000727,24.17550000000011,15
166448,166449,166462,short,1318.26,1320.67755,loss,-27.475500000001194,24.17550000000011,13
166540,166541,166552,short,1310.04,1312.45755,loss,-27.475500000001194,24.17550000000011,11
166632,166633,166644,short,1315.58,1311.953675,win,32.96324999999952,24.17550000000011,11
166724,166725,166740,short,1315.39,1315.72,loss,-6.599999999999272,24.17550000000011,15
166816,166817,166821,short,1331.01,1333.42755,loss,-27.475500000001194,24.17550000000011,4
166908,166909,166913,short,1342.03,1338.403675,win,32.96324999999952,24.17550000000011,4
166996,166997,167007,short,1344.56,1346.97755,loss,-27.475500000001194,24.17550000000011,10
167088,167089,167090,short,1353.33,1355.74755,loss,-27.475500000001194,24.17550000000011,1
167180,167181,167196,short,1341.77,1339.95,win,14.899999999999363,24.17550000000011,15
167272,167273,167288,short,1325.52,1323.8,win,13.900000000000272,24.17550000000011,15
167364,167365,167370,short,1328.96,1331.3775500000002,loss,-27.475500000001194,24.17550000000011,5
167456,167457,167465,short,1340.04,1336.413675,win,32.96324999999952,24.17550000000011,8
167548,167549,167554,short,1333.95,1336.3675500000002,loss,-27.475500000001194,24.17550000000011,5
167640,167641,167644,short,1328.16,1324.5336750000001,win,32.96324999999952,24.17550000000011,3
167732,167733,167737,short,1327.0,1323.373675,win,32.96324999999952,24.17550000000011,4
167824,167825,167834,short,1331.78,1328.153675,win,32.96324999999952,24.17550000000011,9
167916,167917,167921,short,1331.97,1334.3875500000001,loss,-27.475500000001194,24.17550000000011,4
168008,168009,168024,short,1344.21,1345.69,loss,-18.100000000000183,24.17550000000011,15
168100,168101,168111,short,1351.2,1347.573675,win,32.96324999999952,24.17550000000011,10
168192,168193,168197,short,1337.62,1340.03755,loss,-27.475500000001194,24.17550000000011,4
168284,168285,168300,short,1344.57,1343.65,win,5.899999999998454,24.17550000000011,15
168376,168377,168383,short,1346.64,1343.0136750000001,win,32.96324999999952,24.17550000000011,6
168468,168469,168482,short,1344.62,1347.03755,loss,-27.475500000001194,24.17550000000011,13
168560,168561,168562,short,1351.37,1353.78755,loss,-27.475500000001194,24.17550000000011,1
168652,168653,168655,short,1341.92,1344.3375500000002,loss,-27.475500000001194,24.17550000000011,2
168744,168745,168754,short,1333.78,1330.153675,win,32.96324999999952,24.17550000000011,9
168836,168837,168852,short,1327.23,1327.36,loss,-4.5999999999988175,24.17550000000011,15
168928,168929,168944,short,1325.14,1323.69,win,11.200000000000454,24.17550000000011,15
169020,169021,169024,short,1323.88,1326.2975500000002,loss,-27.475500000001194,24.17550000000011,3
169112,169113,169120,short,1316.52,1318.93755,loss,-27.475500000001194,24.17550000000011,7
169204,169205,169220,short,1318.94,1317.26,win,13.500000000000636,24.17550000000011,15
169296,169297,169307,short,1312.35,1308.723675,win,32.96324999999952,24.17550000000011,10
169388,169389,169390,short,1307.77,1310.18755,loss,-27.475500000001194,24.17550000000011,1
169480,169481,169490,short,1308.37,1310.78755,loss,-27.475500000001194,24.17550000000011,9
169572,169573,169588,short,1311.33,1309.29,win,17.099999999999635,24.17550000000011,15
169664,169665,169680,short,1312.95,1314.68,loss,-20.600000000000183,24.17550000000011,15
169756,169757,169768,short,1313.11,1309.483675,win,32.96324999999952,24.17550000000011,11
169848,169849,169852,short,1309.11,1305.483675,win,32.96324999999952,24.17550000000011,3
169940,169941,169953,short,1313.37,1315.78755,loss,-27.475500000001194,24.17550000000011,12
170032,170033,170040,short,1319.6,1322.01755,loss,-27.475500000001194,24.17550000000011,7
170124,170125,170140,short,1321.35,1319.98,win,10.399999999998908,24.17550000000011,15
170216,170217,170232,short,1310.9,1309.72,win,8.500000000000636,24.17550000000011,15
170308,170309,170321,short,1294.87,1291.243675,win,32.96324999999952,24.17550000000011,12
170400,170401,170416,short,1290.56,1288.36,win,18.700000000000454,24.17550000000011,15
170492,170493,170506,short,1290.43,1286.803675,win,32.96324999999952,24.17550000000011,13
170584,170585,170587,short,1286.5,1282.873675,win,32.96324999999952,24.17550000000011,2
170676,170677,170684,short,1290.64,1293.0575500000002,loss,-27.475500000001194,24.17550000000011,7
170768,170769,170773,short,1290.26,1292.67755,loss,-27.475500000001194,24.17550000000011,4
170860,170861,170865,short,1294.84,1297.25755,loss,-27.475500000001194,24.17550000000011,4
170952,170953,170962,short,1302.24,1304.6575500000001,loss,-27.475500000001194,24.17550000000011,9
171044,171045,171057,short,1295.65,1298.0675500000002,loss,-27.475500000001194,24.17550000000011,12
171120,171121,171129,short,1299.18,1301.5975500000002,loss,-27.475500000001194,24.17550000000011,8
171212,171213,171228,short,1298.67,1297.43,win,9.10000000000009,24.17550000000011,15
171304,171305,171305,short,1303.46,1305.8775500000002,loss,-27.475500000001194,24.17550000000011,0
171396,171397,171412,short,1298.41,1299.48,loss,-13.999999999999364,24.17550000000011,15
171488,171489,171492,short,1291.48,1293.8975500000001,loss,-27.475500000001194,24.17550000000011,3
171580,171581,171596,short,1291.59,1292.3,loss,-10.400000000000365,24.17550000000011,15
171672,171673,171684,short,1298.59,1294.963675,win,32.96324999999952,24.17550000000011,11
171764,171765,171780,short,1296.95,1299.3675500000002,loss,-27.475500000001194,24.17550000000011,15
171856,171857,171863,short,1295.72,1298.1375500000001,loss,-27.475500000001194,24.17550000000011,6
171948,171949,171964,short,1298.4,1295.43,win,26.400000000000272,24.17550000000011,15
172040,172041,172056,short,1297.04,1298.27,loss,-15.600000000000183,24.17550000000011,15
172132,172133,172148,short,1295.3,1294.7,win,2.6999999999990907,24.17550000000011,15
172224,172225,172228,short,1300.7,1303.1175500000002,loss,-27.475500000001194,24.17550000000011,3
172316,172317,172332,short,1299.11,1298.82,loss,-0.4000000000003636,24.17550000000011,15
172408,172409,172418,short,1279.69,1282.1075500000002,loss,-27.475500000001194,24.17550000000011,9
172500,172501,172516,short,1281.77,1279.33,win,21.100000000000545,24.17550000000011,15
172592,172593,172608,short,1273.73,1272.52,win,8.800000000000363,24.17550000000011,15
172684,172685,172700,short,1263.46,1263.34,loss,-2.0999999999988175,24.17550000000011,15
172776,172777,172780,short,1268.55,1270.96755,loss,-27.475500000001194,24.17550000000011,3
172866,172867,172873,short,1265.12,1267.53755,loss,-27.475500000001194,24.17550000000011,6
172958,172959,172966,short,1263.71,1260.083675,win,32.96324999999952,24.17550000000011,7
173050,173051,173058,short,1255.95,1258.3675500000002,loss,-27.475500000001194,24.17550000000011,7
173142,173143,173146,short,1253.01,1249.383675,win,32.96324999999952,24.17550000000011,3
173234,173235,173250,short,1252.21,1251.27,win,6.100000000000546,24.17550000000011,15
173326,173327,173342,short,1248.23,1248.38,loss,-4.800000000000909,24.17550000000011,15
173418,173419,173422,short,1240.29,1242.70755,loss,-27.475500000001194,24.17550000000011,3
173510,173511,173526,short,1258.82,1256.46,win,20.299999999999,24.17550000000011,15
173586,173587,173588,short,1254.95,1257.3675500000002,loss,-27.475500000001194,24.17550000000011,1
173678,173679,173694,short,1255.87,1253.62,win,19.2,24.17550000000011,15
173770,173771,173786,short,1261.23,1263.6475500000001,loss,-27.475500000001194,24.17550000000011,15
173862,173863,173873,short,1256.98,1253.353675,win,32.96324999999952,24.17550000000011,10
173954,173955,173970,short,1251.45,1249.87,win,12.500000000001545,24.17550000000011,15
174046,174047,174051,short,1242.49,1244.9075500000001,loss,-27.475500000001194,24.17550000000011,4
174138,174139,174144,short,1245.19,1241.563675,win,32.96324999999952,24.17550000000011,5
174230,174231,174246,short,1245.13,1243.94,win,8.600000000000545,24.17550000000011,15
174322,174323,174326,short,1241.07,1243.48755,loss,-27.475500000001194,24.17550000000011,3
174414,174415,174430,short,1223.98,1223.31,win,3.4000000000007278,24.17550000000011,15
174506,174507,174512,short,1223.23,1219.603675,win,32.96324999999952,24.17550000000011,5
174598,174599,174612,short,1222.59,1225.00755,loss,-27.475500000001194,24.17550000000011,13
174690,174691,174706,short,1231.11,1229.78,win,9.999999999999272,24.17550000000011,15
174782,174783,174786,short,1218.88,1221.2975500000002,loss,-27.475500000001194,24.17550000000011,3
174874,174875,174886,short,1226.64,1229.0575500000002,loss,-27.475500000001194,24.17550000000011,11
174966,174967,174982,short,1228.8,1228.25,win,2.1999999999995454,24.17550000000011,15
175058,175059,175067,short,1223.88,1220.2536750000002,win,32.96324999999952,24.17550000000011,8
175150,175151,175164,short,1220.21,1222.6275500000002,loss,-27.475500000001194,24.17550000000011,13
175242,175243,175249,short,1221.88,1218.2536750000002,win,32.96324999999952,24.17550000000011,6
175334,175335,175343,short,1220.77,1223.18755,loss,-27.475500000001194,24.17550000000011,8
175426,175427,175440,short,1219.44,1215.813675,win,32.96324999999952,24.17550000000011,13
175518,175519,175534,short,1206.36,1207.8,loss,-17.700000000000546,24.17550000000011,15
175610,175611,175626,short,1213.12,1210.64,win,21.499999999997907,24.17550000000011,15
175702,175703,175714,short,1211.49,1213.9075500000001,loss,-27.475500000001194,24.17550000000011,11
175794,175795,175799,short,1212.74,1215.1575500000001,loss,-27.475500000001194,24.17550000000011,4
175886,175887,175890,short,1215.99,1212.363675,win,32.96324999999952,24.17550000000011,3
175978,175979,175981,short,1206.69,1209.1075500000002,loss,-27.475500000001194,24.17550000000011,2
176066,176067,176071,short,1209.4,1205.7736750000001,win,32.96324999999952,24.17550000000011,4
176158,176159,176174,short,1195.78,1194.66,win,7.899999999998909,24.17550000000011,15
176250,176251,176266,short,1187.91,1185.78,win,18.00000000000109,24.17550000000011,15
176342,176343,176350,short,1176.08,1178.49755,loss,-27.475500000001194,24.17550000000011,7
176434,176435,176441,short,1174.01,1176.42755,loss,-27.475500000001194,24.17550000000011,6
176522,176523,176529,short,1185.93,1188.3475500000002,loss,-27.475500000001194,24.17550000000011,6
176614,176615,176630,short,1195.33,1193.15,win,18.499999999998362,24.17550000000011,15
176706,176707,176717,short,1194.09,1196.50755,loss,-27.475500000001194,24.17550000000011,10
176798,176799,176802,short,1192.24,1188.613675,win,32.96324999999952,24.17550000000011,3
176890,176891,176899,short,1187.86,1190.27755,loss,-27.475500000001194,24.17550000000011,8
176978,176979,176994,short,1206.38,1204.59,win,14.60000000000191,24.17550000000011,15
177070,177071,177074,short,1209.59,1212.00755,loss,-27.475500000001194,24.17550000000011,3
177162,177163,177167,short,1202.66,1205.0775500000002,loss,-27.475500000001194,24.17550000000011,4
177254,177255,177258,short,1201.41,1203.8275500000002,loss,-27.475500000001194,24.17550000000011,3
177346,177347,177350,short,1204.4,1206.8175500000002,loss,-27.475500000001194,24.17550000000011,3
177434,177435,177450,short,1201.53,1201.19,win,0.09999999999918163,24.17550000000011,15
177510,177511,177514,short,1197.97,1194.343675,win,32.96324999999952,24.17550000000011,3
177602,177603,177606,short,1192.93,1195.3475500000002,loss,-27.475500000001194,24.17550000000011,3
177694,177695,177701,short,1196.98,1199.3975500000001,loss,-27.475500000001194,24.17550000000011,6
177786,177787,177802,short,1201.34,1200.43,win,5.799999999998545,24.17550000000011,15
177874,177875,177881,short,1192.62,1195.03755,loss,-27.475500000001194,24.17550000000011,6
177966,177967,177982,short,1195.05,1193.71,win,10.09999999999918,24.17550000000011,15
178058,178059,178072,short,1195.04,1197.45755,loss,-27.475500000001194,24.17550000000011,13
178150,178151,178160,short,1204.38,1206.7975500000002,loss,-27.475500000001194,24.17550000000011,9
178242,178243,178247,short,1204.65,1207.0675500000002,loss,-27.475500000001194,24.17550000000011,4
178330,178331,178346,short,1195.6,1197.21,loss,-19.400000000001274,24.17550000000011,15
178422,178423,178426,short,1200.17,1196.5436750000001,win,32.96324999999952,24.17550000000011,3
178514,178515,178530,short,1203.25,1202.79,win,1.300000000000364,24.17550000000011,15
178606,178607,178622,short,1204.57,1202.62,win,16.200000000000454,24.17550000000011,15
178698,178699,178714,short,1208.82,1206.3,win,21.899999999999817,24.17550000000011,15
178786,178787,178790,short,1195.15,1197.5675500000002,loss,-27.475500000001194,24.17550000000011,3
178878,178879,178894,short,1198.92,1200.07,loss,-14.799999999998636,24.17550000000011,15
178970,178971,178985,short,1201.21,1197.583675,win,32.96324999999952,24.17550000000011,14
179062,179063,179078,short,1195.37,1195.54,loss,-5.000000000000727,24.17550000000011,15
179154,179155,179170,short,1182.9,1184.41,loss,-18.39999999999991,24.17550000000011,15
179242,179243,179253,short,1189.16,1185.5336750000001,win,32.96324999999952,24.17550000000011,10
179334,179335,179350,short,1193.02,1191.69,win,9.999999999999272,24.17550000000011,15
179426,179427,179442,short,1204.56,1204.88,loss,-6.500000000001637,24.17550000000011,15
179518,179519,179524,short,1197.39,1199.8075500000002,loss,-27.475500000001194,24.17550000000011,5
179610,179611,179624,short,1197.96,1200.3775500000002,loss,-27.475500000001194,24.17550000000011,13
179698,179699,179708,short,1196.76,1193.133675,win,32.96324999999952,24.17550000000011,9
179790,179791,179805,short,1190.59,1186.963675,win,32.96324999999952,24.17550000000011,14
179882,179883,179892,short,1190.53,1186.903675,win,32.96324999999952,24.17550000000011,9
179974,179975,179978,short,1192.28,1194.69755,loss,-27.475500000001194,24.17550000000011,3
180066,180067,180082,short,1218.57,1220.2,loss,-19.600000000001092,24.17550000000011,15
180154,180155,180158,short,1223.13,1225.5475500000002,loss,-27.475500000001194,24.17550000000011,3
180246,180247,180251,short,1226.09,1228.50755,loss,-27.475500000001194,24.17550000000011,4
180338,180339,180346,short,1222.99,1225.4075500000001,loss,-27.475500000001194,24.17550000000011,7
180430,180431,180437,short,1220.2,1222.6175500000002,loss,-27.475500000001194,24.17550000000011,6
180522,180523,180526,short,1228.74,1225.113675,win,32.96324999999952,24.17550000000011,3
180610,180611,180620,short,1227.02,1223.393675,win,32.96324999999952,24.17550000000011,9
180702,180703,180703,short,1224.47,1226.8875500000001,loss,-27.475500000001194,24.17550000000011,0
180794,180795,180798,short,1230.65,1233.0675500000002,loss,-27.475500000001194,24.17550000000011,3
180886,180887,180889,short,1239.01,1235.383675,win,32.96324999999952,24.17550000000011,2
180978,180979,180984,short,1232.82,1235.23755,loss,-27.475500000001194,24.17550000000011,5
181070,181071,181086,short,1230.67,1230.31,win,0.30000000000127347,24.17550000000011,15
181162,181163,181167,short,1226.66,1223.0336750000001,win,32.96324999999952,24.17550000000011,4
181254,181255,181270,short,1217.35,1218.01,loss,-9.90000000000082,24.17550000000011,15
181346,181347,181352,short,1222.77,1225.18755,loss,-27.475500000001194,24.17550000000011,5
181438,181439,181443,short,1233.17,1235.5875500000002,loss,-27.475500000001194,24.17550000000011,4
181526,181527,181542,short,1232.0,1232.3,loss,-6.299999999999545,24.17550000000011,15
181618,181619,181622,short,1229.69,1232.1075500000002,loss,-27.475500000001194,24.17550000000011,3
181710,181711,181714,short,1229.25,1231.6675500000001,loss,-27.475500000001194,24.17550000000011,3
181802,181803,181804,short,1222.43,1224.8475500000002,loss,-27.475500000001194,24.17550000000011,1
181894,181895,181898,short,1218.85,1221.26755,loss,-27.475500000001194,24.17550000000011,3
181982,181983,181998,short,1206.67,1205.95,win,3.900000000000273,24.17550000000011,15
182074,182075,182084,short,1203.68,1200.053675,win,32.96324999999952,24.17550000000011,9
182166,182167,182177,short,1202.12,1198.493675,win,32.96324999999952,24.17550000000011,10
182258,182259,182267,short,1213.03,1215.44755,loss,-27.475500000001194,24.17550000000011,8
182350,182351,182354,short,1215.23,1217.6475500000001,loss,-27.475500000001194,24.17550000000011,3
182438,182439,182451,short,1219.97,1222.3875500000001,loss,-27.475500000001194,24.17550000000011,12
182530,182531,182546,short,1224.02,1222.68,win,10.09999999999918,24.17550000000011,15
182622,182623,182628,short,1222.36,1224.77755,loss,-27.475500000001194,24.17550000000011,5
182714,182715,182727,short,1226.51,1228.92755,loss,-27.475500000001194,24.17550000000011,12
182790,182791,182806,short,1224.8,1222.3,win,21.7,24.17550000000011,15
182869,182870,182885,short,1226.26,1225.6,win,3.3000000000008187,24.17550000000011,15
182961,182962,182974,short,1220.83,1223.24755,loss,-27.475500000001194,24.17550000000011,12
183053,183054,183069,short,1214.09,1213.77,loss,-0.10000000000063647,24.17550000000011,15
183145,183146,183161,short,1225.42,1225.21,loss,-1.199999999999636,24.17550000000011,15
183237,183238,183253,short,1223.9,1222.43,win,11.400000000000272,24.17550000000011,15
183325,183326,183328,short,1229.77,1232.18755,loss,-27.475500000001194,24.17550000000011,2
183417,183418,183427,short,1237.69,1240.1075500000002,loss,-27.475500000001194,24.17550000000011,9
183509,183510,183525,short,1234.4,1236.8175500000002,loss,-27.475500000001194,24.17550000000011,15
183601,183602,183617,short,1235.49,1236.44,loss,-12.800000000000455,24.17550000000011,15
183693,183694,183697,short,1238.15,1240.5675500000002,loss,-27.475500000001194,24.17550000000011,3
183781,183782,183797,short,1248.1,1247.04,win,7.2999999999994545,24.17550000000011,15
183873,183874,183885,short,1246.89,1249.3075500000002,loss,-27.475500000001194,24.17550000000011,11
183965,183966,183978,short,1242.52,1244.93755,loss,-27.475500000001194,24.17550000000011,12
184057,184058,184072,short,1246.09,1242.463675,win,32.96324999999952,24.17550000000011,14
184149,184150,184165,short,1240.05,1238.96,win,7.599999999999182,24.17550000000011,15
184237,184238,184253,short,1237.82,1240.0,loss,-25.100000000000637,24.17550000000011,15
184329,184330,184333,short,1246.02,1248.43755,loss,-27.475500000001194,24.17550000000011,3
184421,184422,184437,short,1250.21,1248.24,win,16.400000000000272,24.17550000000011,15
184513,184514,184517,short,1247.05,1249.46755,loss,-27.475500000001194,24.17550000000011,3
184605,184606,184614,short,1260.59,1256.963675,win,32.96324999999952,24.17550000000011,8
184693,184694,184708,short,1263.45,1259.823675,win,32.96324999999952,24.17550000000011,14
184769,184770,184785,short,1273.3,1273.94,loss,-9.700000000001001,24.17550000000011,15
184861,184862,184867,short,1268.87,1271.28755,loss,-27.475500000001194,24.17550000000011,5
184953,184954,184958,short,1280.99,1277.363675,win,32.96324999999952,24.17550000000011,4
185041,185042,185045,short,1280.22,1282.6375500000001,loss,-27.475500000001194,24.17550000000011,3
185129,185130,185135,short,1285.5,1287.9175500000001,loss,-27.475500000001194,24.17550000000011,5
185221,185222,185230,short,1291.1,1287.473675,win,32.96324999999952,24.17550000000011,8
185313,185314,185323,short,1293.52,1289.893675,win,32.96324999999952,24.17550000000011,9
185401,185402,185417,short,1290.66,1290.94,loss,-6.099999999999727,24.17550000000011,15
185493,185494,185509,short,1282.55,1282.85,loss,-6.299999999999545,24.17550000000011,15
185585,185586,185601,short,1282.62,1280.84,win,14.499999999999726,24.17550000000011,15
185677,185678,185686,short,1295.64,1292.0136750000001,win,32.96324999999952,24.17550000000011,8
185769,185770,185785,short,1293.62,1292.4,win,8.899999999997998,24.17550000000011,15
185857,185858,185864,short,1291.05,1293.46755,loss,-27.475500000001194,24.17550000000011,6
185949,185950,185965,short,1290.58,1289.35,win,9.000000000000181,24.17550000000011,15
186041,186042,186057,short,1291.51,1288.81,win,23.700000000000454,24.17550000000011,15
186133,186134,186138,short,1291.54,1293.95755,loss,-27.475500000001194,24.17550000000011,4
186225,186226,186234,short,1291.17,1287.5436750000001,win,32.96324999999952,24.17550000000011,8
186313,186314,186320,short,1282.72,1279.093675,win,32.96324999999952,24.17550000000011,6
186389,186390,186393,short,1279.59,1282.00755,loss,-27.475500000001194,24.17550000000011,3
186481,186482,186488,short,1283.78,1286.19755,loss,-27.475500000001194,24.17550000000011,6
186573,186574,186589,short,1281.36,1279.3,win,17.299999999999454,24.17550000000011,15
186665,186666,186681,short,1284.12,1284.16,loss,-3.7000000000019098,24.17550000000011,15
186753,186754,186769,short,1301.11,1301.12,loss,-3.399999999999909,24.17550000000011,15
186845,186846,186851,short,1306.01,1308.42755,loss,-27.475500000001194,24.17550000000011,5
186937,186938,186953,short,1313.97,1312.81,win,8.300000000000818,24.17550000000011,15
187029,187030,187042,short,1319.7,1322.1175500000002,loss,-27.475500000001194,24.17550000000011,12
187121,187122,187134,short,1317.89,1320.3075500000002,loss,-27.475500000001194,24.17550000000011,12
187209,187210,187225,short,1312.91,1310.37,win,22.10000000000191,24.17550000000011,15
187301,187302,187317,short,1313.83,1313.33,win,1.7000000000000002,24.17550000000011,15
187393,187394,187409,short,1313.62,1312.47,win,8.199999999998635,24.17550000000011,15
187485,187486,187501,short,1304.81,1306.51,loss,-20.300000000000455,24.17550000000011,15
187577,187578,187590,short,1307.84,1310.25755,loss,-27.475500000001194,24.17550000000011,12
187665,187666,187675,short,1311.23,1307.603675,win,32.96324999999952,24.17550000000011,9
187757,187758,187773,short,1312.14,1313.42,loss,-16.099999999999728,24.17550000000011,15
187849,187850,187865,short,1312.54,1310.74,win,14.699999999999545,24.17550000000011,15
187941,187942,187957,short,1308.08,1305.86,win,18.900000000000272,24.17550000000011,15
188033,188034,188046,short,1314.09,1316.50755,loss,-27.475500000001194,24.17550000000011,12
188121,188122,188137,short,1323.25,1324.02,loss,-10.999999999999819,24.17550000000011,15
188197,188198,188201,short,1323.87,1326.28755,loss,-27.475500000001194,24.17550000000011,3
188289,188290,188303,short,1342.61,1345.02755,loss,-27.475500000001194,24.17550000000011,13
188381,188382,188389,short,1338.41,1334.7836750000001,win,32.96324999999952,24.17550000000011,7
188473,188474,188485,short,1325.82,1322.193675,win,32.96324999999952,24.17550000000011,11
188561,188562,188577,short,1329.43,1330.04,loss,-9.399999999999,24.17550000000011,15
188653,188654,188669,short,1327.4,1325.82,win,12.500000000001545,24.17550000000011,15
188745,188746,188761,short,1327.08,1327.44,loss,-6.900000000001273,24.17550000000011,15
188837,188838,188839,short,1320.31,1322.72755,loss,-27.475500000001194,24.17550000000011,1
188929,188930,188938,short,1309.88,1306.2536750000002,win,32.96324999999952,24.17550000000011,8
189017,189018,189023,short,1293.52,1289.893675,win,32.96324999999952,24.17550000000011,5
189109,189110,189125,short,1286.22,1284.82,win,10.700000000000909,24.17550000000011,15
189201,189202,189209,short,1290.45,1286.823675,win,32.96324999999952,24.17550000000011,7
189293,189294,189297,short,1284.39,1280.7636750000001,win,32.96324999999952,24.17550000000011,3
189385,189386,189394,short,1292.82,1295.23755,loss,-27.475500000001194,24.17550000000011,8
189477,189478,189493,short,1296.62,1295.96,win,3.299999999998545,24.17550000000011,15
189569,189570,189585,short,1296.04,1296.39,loss,-6.800000000001364,24.17550000000011,15
189661,189662,189669,short,1304.83,1307.24755,loss,-27.475500000001194,24.17550000000011,7
189753,189754,189763,short,1302.1,1298.473675,win,32.96324999999952,24.17550000000011,9
189845,189846,189847,short,1301.12,1303.53755,loss,-27.475500000001194,24.17550000000011,1
189937,189938,189953,short,1303.71,1305.87,loss,-24.899999999998546,24.17550000000011,15
190029,190030,190043,short,1305.32,1307.73755,loss,-27.475500000001194,24.17550000000011,13
190121,190122,190137,short,1304.09,1304.27,loss,-5.1000000000006365,24.17550000000011,15
190213,190214,190228,short,1318.83,1315.203675,win,32.96324999999952,24.17550000000011,14
190305,190306,190321,short,1312.04,1313.37,loss,-16.599999999999273,24.17550000000011,15
190397,190398,190413,short,1316.79,1316.47,loss,-0.10000000000063647,24.17550000000011,15
190489,190490,190503,short,1317.56,1313.933675,win,32.96324999999952,24.17550000000011,13
190581,190582,190592,short,1315.75,1318.1675500000001,loss,-27.475500000001194,24.17550000000011,10
190673,190674,190684,short,1310.67,1307.0436750000001,win,32.96324999999952,24.17550000000011,10
190765,190766,190772,short,1287.85,1290.26755,loss,-27.475500000001194,24.17550000000011,6
190853,190854,190869,short,1290.31,1290.48,loss,-5.000000000000727,24.17550000000011,15
190945,190946,190951,short,1289.33,1285.703675,win,32.96324999999952,24.17550000000011,5
191037,191038,191053,short,1293.15,1291.8,win,10.200000000001364,24.17550000000011,15
191129,191130,191145,short,1292.04,1291.37,win,3.4000000000007278,24.17550000000011,15
191221,191222,191225,short,1287.14,1289.5575500000002,loss,-27.475500000001194,24.17550000000011,3
191309,191310,191325,short,1296.39,1296.85,loss,-7.89999999999809,24.17550000000011,15
191401,191402,191408,short,1298.04,1300.45755,loss,-27.475500000001194,24.17550000000011,6
191493,191494,191509,short,1303.53,1304.3,loss,-10.999999999999819,24.17550000000011,15
191585,191586,191593,short,1308.1,1304.473675,win,32.96324999999952,24.17550000000011,7
191677,191678,191693,short,1293.54,1293.67,loss,-4.600000000001091,24.17550000000011,15
191765,191766,191781,short,1287.92,1286.14,win,14.499999999999726,24.17550000000011,15
191857,191858,191861,short,1284.69,1287.1075500000002,loss,-27.475500000001194,24.17550000000011,3
191949,191950,191963,short,1279.09,1275.463675,win,32.96324999999952,24.17550000000011,13
192041,192042,192048,short,1272.28,1274.69755,loss,-27.475500000001194,24.17550000000011,6
192133,192134,192149,short,1278.82,1278.8,loss,-3.1000000000001817,24.17550000000011,15
192225,192226,192241,short,1272.45,1272.87,loss,-7.499999999998454,24.17550000000011,15
192317,192318,192324,short,1269.59,1272.00755,loss,-27.475500000001194,24.17550000000011,6
192409,192410,192414,short,1275.78,1278.19755,loss,-27.475500000001194,24.17550000000011,4
192501,192502,192507,short,1280.52,1282.93755,loss,-27.475500000001194,24.17550000000011,5
192589,192590,192596,short,1284.79,1281.163675,win,32.96324999999952,24.17550000000011,6
192681,192682,192695,short,1282.8,1285.21755,loss,-27.475500000001194,24.17550000000011,13
192773,192774,192785,short,1279.26,1281.67755,loss,-27.475500000001194,24.17550000000011,11
192865,192866,192881,short,1271.51,1271.11,win,0.7000000000009097,24.17550000000011,15
192957,192958,192973,short,1271.87,1270.56,win,9.799999999999454,24.17550000000011,15
193045,193046,193061,short,1281.63,1281.46,loss,-1.5999999999992722,24.17550000000011,15
193137,193138,193153,short,1282.98,1281.58,win,10.700000000000909,24.17550000000011,15
193229,193230,193245,short,1287.47,1288.56,loss,-14.199999999999182,24.17550000000011,15
193321,193322,193337,short,1283.15,1284.74,loss,-19.199999999999182,24.17550000000011,15
193413,193414,193429,short,1285.4,1285.19,loss,-1.199999999999636,24.17550000000011,15
193501,193502,193517,short,1283.93,1283.29,win,3.1000000000010006,24.17550000000011,15
193593,193594,193609,short,1298.27,1297.65,win,2.899999999998909,24.17550000000011,15
193685,193686,193694,short,1295.02,1297.43755,loss,-27.475500000001194,24.17550000000011,8
193777,193778,193784,short,1296.2,1298.6175500000002,loss,-27.475500000001194,24.17550000000011,6
193869,193870,193885,short,1287.34,1284.97,win,20.399999999998908,24.17550000000011,15
193957,193958,193973,short,1275.62,1276.29,loss,-10.000000000000728,24.17550000000011,15
194049,194050,194065,short,1275.39,1275.96,loss,-8.999999999999364,24.17550000000011,15
194141,194142,194157,short,1273.56,1273.89,loss,-6.600000000001546,24.17550000000011,15
194233,194234,194243,short,1274.09,1276.50755,loss,-27.475500000001194,24.17550000000011,9
194325,194326,194341,short,1284.31,1281.33,win,26.50000000000018,24.17550000000011,15
194413,194414,194429,short,1286.14,1285.91,loss,-0.9999999999998179,24.17550000000011,15
194490,194491,194506,short,1283.35,1283.63,loss,-6.100000000002001,24.17550000000011,15
194582,194583,194584,short,1281.39,1283.8075500000002,loss,-27.475500000001194,24.17550000000011,1
194674,194675,194690,short,1277.33,1276.48,win,5.199999999999091,24.17550000000011,15
194766,194767,194770,short,1292.37,1294.78755,loss,-27.475500000001194,24.17550000000011,3
194854,194855,194860,short,1311.59,1314.00755,loss,-27.475500000001194,24.17550000000011,5
194946,194947,194950,short,1325.43,1327.8475500000002,loss,-27.475500000001194,24.17550000000011,3
195038,195039,195039,short,1328.57,1330.98755,loss,-27.475500000001194,24.17550000000011,0
195130,195131,195136,short,1332.21,1334.6275500000002,loss,-27.475500000001194,24.17550000000011,5
195222,195223,195227,short,1331.74,1334.1575500000001,loss,-27.475500000001194,24.17550000000011,4
195310,195311,195326,short,1327.18,1328.23,loss,-13.799999999999546,24.17550000000011,15
195402,195403,195405,short,1328.49,1324.863675,win,32.96324999999952,24.17550000000011,2
195494,195495,195510,short,1336.31,1335.75,win,2.2999999999994545,24.17550000000011,15
195586,195587,195602,short,1336.97,1336.97,loss,-3.3,24.17550000000011,15
195678,195679,195679,short,1347.44,1349.8575500000002,loss,-27.475500000001194,24.17550000000011,0
195766,195767,195771,short,1339.86,1336.233675,win,32.96324999999952,24.17550000000011,4
195858,195859,195874,short,1346.33,1345.53,win,4.699999999999545,24.17550000000011,15
195950,195951,195966,short,1345.19,1342.87,win,19.900000000001636,24.17550000000011,15
196042,196043,196045,short,1386.02,1382.393675,win,32.96324999999952,24.17550000000011,2
196134,196135,196136,short,1395.96,1392.333675,win,32.96324999999952,24.17550000000011,1
196222,196223,196225,short,1406.07,1402.443675,win,32.96324999999952,24.17550000000011,2
196314,196315,196315,short,1425.46,1427.8775500000002,loss,-27.475500000001194,24.17550000000011,0
196406,196407,196408,short,1409.13,1405.5036750000002,win,32.96324999999952,24.17550000000011,1
196498,196499,196501,short,1405.91,1402.2836750000001,win,32.96324999999952,24.17550000000011,2
196590,196591,196592,short,1416.96,1413.333675,win,32.96324999999952,24.17550000000011,1
196678,196679,196681,short,1387.17,1383.5436750000001,win,32.96324999999952,24.17550000000011,2
196770,196771,196776,short,1391.48,1393.8975500000001,loss,-27.475500000001194,24.17550000000011,5
196862,196863,196878,short,1424.64,1425.69,loss,-13.799999999999546,24.17550000000011,15
196954,196955,196961,short,1415.07,1411.443675,win,32.96324999999952,24.17550000000011,6
197030,197031,197034,short,1413.43,1415.8475500000002,loss,-27.475500000001194,24.17550000000011,3
197118,197119,197121,short,1402.87,1405.28755,loss,-27.475500000001194,24.17550000000011,2
197210,197211,197219,short,1393.78,1390.153675,win,32.96324999999952,24.17550000000011,8
197302,197303,197308,short,1390.84,1393.25755,loss,-27.475500000001194,24.17550000000011,5
197394,197395,197398,short,1420.18,1422.5975500000002,loss,-27.475500000001194,24.17550000000011,3
197486,197487,197491,short,1406.83,1409.24755,loss,-27.475500000001194,24.17550000000011,4
197574,197575,197582,short,1413.19,1415.6075500000002,loss,-27.475500000001194,24.17550000000011,7
197666,197667,197678,short,1412.95,1415.3675500000002,loss,-27.475500000001194,24.17550000000011,11
197758,197759,197772,short,1405.01,1401.383675,win,32.96324999999952,24.17550000000011,13
197850,197851,197853,short,1423.17,1419.5436750000001,win,32.96324999999952,24.17550000000011,2
197942,197943,197945,short,1441.7,1438.073675,win,32.96324999999952,24.17550000000011,2
198030,198031,198046,short,1425.97,1425.69,loss,-0.5000000000002727,24.17550000000011,15
198122,198123,198128,short,1416.43,1418.8475500000002,loss,-27.475500000001194,24.17550000000011,5
198214,198215,198220,short,1421.24,1423.6575500000001,loss,-27.475500000001194,24.17550000000011,5
198306,198307,198310,short,1423.12,1425.53755,loss,-27.475500000001194,24.17550000000011,3
198398,198399,198400,short,1414.36,1416.77755,loss,-27.475500000001194,24.17550000000011,1
198486,198487,198502,short,1417.97,1419.43,loss,-17.900000000000365,24.17550000000011,15
198578,198579,198588,short,1424.31,1426.72755,loss,-27.475500000001194,24.17550000000011,9
198670,198671,198686,short,1430.7,1431.08,loss,-7.0999999999988175,24.17550000000011,15
198762,198763,198770,short,1407.14,1403.5136750000001,win,32.96324999999952,24.17550000000011,7
198854,198855,198857,short,1432.88,1435.2975500000002,loss,-27.475500000001194,24.17550000000011,2
198942,198943,198945,short,1456.9,1459.3175500000002,loss,-27.475500000001194,24.17550000000011,2
199034,199035,199039,short,1463.24,1459.613675,win,32.96324999999952,24.17550000000011,4
199126,199127,199128,short,1486.29,1488.70755,loss,-27.475500000001194,24.17550000000011,1
199218,199219,199220,short,1502.71,1499.083675,win,32.96324999999952,24.17550000000011,1
199310,199311,199311,short,1505.97,1502.343675,win,32.96324999999952,24.17550000000011,0
199398,199399,199400,short,1495.4,1491.7736750000001,win,32.96324999999952,24.17550000000011,1
199490,199491,199491,short,1520.52,1522.93755,loss,-27.475500000001194,24.17550000000011,0
199582,199583,199583,short,1502.17,1498.5436750000001,win,32.96324999999952,24.17550000000011,0
199674,199675,199676,short,1517.66,1514.0336750000001,win,32.96324999999952,24.17550000000011,1
199766,199767,199768,short,1518.12,1514.493675,win,32.96324999999952,24.17550000000011,1
199854,199855,199862,short,1508.35,1504.723675,win,32.96324999999952,24.17550000000011,7
199946,199947,199954,short,1498.25,1500.6675500000001,loss,-27.475500000001194,24.17550000000011,7
200038,200039,200040,short,1503.97,1500.343675,win,32.96324999999952,24.17550000000011,1
200130,200131,200136,short,1501.59,1497.963675,win,32.96324999999952,24.17550000000011,5
200222,200223,200226,short,1493.92,1496.3375500000002,loss,-27.475500000001194,24.17550000000011,3
200310,200311,200313,short,1541.83,1538.203675,win,32.96324999999952,24.17550000000011,2
200402,200403,200414,short,1533.82,1530.193675,win,32.96324999999952,24.17550000000011,11
200494,200495,200501,short,1540.5,1542.9175500000001,loss,-27.475500000001194,24.17550000000011,6
200586,200587,200588,short,1545.35,1547.76755,loss,-27.475500000001194,24.17550000000011,1
200678,200679,200681,short,1530.57,1526.943675,win,32.96324999999952,24.17550000000011,2
200766,200767,200771,short,1523.57,1519.943675,win,32.96324999999952,24.17550000000011,4
200842,200843,200846,short,1525.95,1528.3675500000002,loss,-27.475500000001194,24.17550000000011,3
200934,200935,200940,short,1538.91,1535.2836750000001,win,32.96324999999952,24.17550000000011,5
201026,201027,201029,short,1545.13,1547.5475500000002,loss,-27.475500000001194,24.17550000000011,2
201118,201119,201120,short,1515.45,1511.823675,win,32.96324999999952,24.17550000000011,1
201206,201207,201212,short,1509.37,1505.743675,win,32.96324999999952,24.17550000000011,5
201298,201299,201300,short,1488.9,1491.3175500000002,loss,-27.475500000001194,24.17550000000011,1
201390,201391,201397,short,1493.83,1490.203675,win,32.96324999999952,24.17550000000011,6
201482,201483,201485,short,1496.66,1499.0775500000002,loss,-27.475500000001194,24.17550000000011,2
201574,201575,201576,short,1499.43,1501.8475500000002,loss,-27.475500000001194,24.17550000000011,1
201662,201663,201663,short,1504.36,1506.77755,loss,-27.475500000001194,24.17550000000011,0
201754,201755,201760,short,1495.99,1498.4075500000001,loss,-27.475500000001194,24.17550000000011,5
201846,201847,201862,short,1501.32,1502.07,loss,-10.8,24.17550000000011,15
201938,201939,201951,short,1496.32,1498.73755,loss,-27.475500000001194,24.17550000000011,12
202030,202031,202046,short,1506.11,1503.49,win,22.899999999998908,24.17550000000011,15
202118,202119,202122,short,1515.72,1512.093675,win,32.96324999999952,24.17550000000011,3
202210,202211,202216,short,1520.81,1523.22755,loss,-27.475500000001194,24.17550000000011,5
202302,202303,202308,short,1528.4,1530.8175500000002,loss,-27.475500000001194,24.17550000000011,5
202366,202367,202382,short,1508.86,1507.21,win,13.199999999998635,24.17550000000011,15
202458,202459,202460,short,1503.41,1499.7836750000001,win,32.96324999999952,24.17550000000011,1
202546,202547,202551,short,1490.81,1493.22755,loss,-27.475500000001194,24.17550000000011,4
202638,202639,202642,short,1461.09,1463.50755,loss,-27.475500000001194,24.17550000000011,3
202730,202731,202734,short,1475.59,1478.00755,loss,-27.475500000001194,24.17550000000011,3
202822,202823,202825,short,1502.38,1498.7536750000002,win,32.96324999999952,24.17550000000011,2
202914,202915,202930,short,1509.28,1508.93,win,0.19999999999909068,24.17550000000011,15
203032,203033,203034,short,1492.03,1494.44755,loss,-27.475500000001194,24.17550000000011,1
203120,203121,203121,short,1508.81,1511.22755,loss,-27.475500000001194,24.17550000000011,0
203208,203209,203210,short,1507.17,1509.5875500000002,loss,-27.475500000001194,24.17550000000011,1
203296,203297,203306,short,1500.83,1497.203675,win,32.96324999999952,24.17550000000011,9
203380,203381,203388,short,1488.07,1490.48755,loss,-27.475500000001194,24.17550000000011,7
203472,203473,203483,short,1492.23,1494.6475500000001,loss,-27.475500000001194,24.17550000000011,10
203564,203565,203568,short,1480.67,1483.0875500000002,loss,-27.475500000001194,24.17550000000011,3
203656,203657,203670,short,1489.81,1486.183675,win,32.96324999999952,24.17550000000011,13
203748,203749,203764,short,1490.24,1488.35,win,15.600000000001,24.17550000000011,15
203836,203837,203844,short,1491.42,1487.7936750000001,win,32.96324999999952,24.17550000000011,7
203928,203929,203934,short,1485.49,1487.9075500000001,loss,-27.475500000001194,24.17550000000011,5
204020,204021,204023,short,1488.42,1490.8375500000002,loss,-27.475500000001194,24.17550000000011,2
204112,204113,204117,short,1491.84,1488.213675,win,32.96324999999952,24.17550000000011,4
204204,204205,204220,short,1505.14,1504.61,win,2.000000000002001,24.17550000000011,15
204296,204297,204300,short,1507.47,1503.843675,win,32.96324999999952,24.17550000000011,3
204388,204389,204391,short,1492.22,1494.6375500000001,loss,-27.475500000001194,24.17550000000011,2
204480,204481,204494,short,1489.2,1491.6175500000002,loss,-27.475500000001194,24.17550000000011,13
204572,204573,204579,short,1498.3,1500.71755,loss,-27.475500000001194,24.17550000000011,6
204664,204665,204668,short,1510.46,1512.8775500000002,loss,-27.475500000001194,24.17550000000011,3
204752,204753,204768,short,1511.61,1510.4,win,8.79999999999809,24.17550000000011,15
204844,204845,204860,short,1506.11,1502.483675,win,32.96324999999952,24.17550000000011,15
204936,204937,204947,short,1485.93,1488.3475500000002,loss,-27.475500000001194,24.17550000000011,10
205028,205029,205029,short,1491.32,1487.693675,win,32.96324999999952,24.17550000000011,0
205120,205121,205124,short,1469.61,1472.02755,loss,-27.475500000001194,24.17550000000011,3
205208,205209,205221,short,1463.63,1466.0475500000002,loss,-27.475500000001194,24.17550000000011,12
205300,205301,205309,short,1452.06,1454.47755,loss,-27.475500000001194,24.17550000000011,8
205392,205393,205398,short,1461.78,1458.153675,win,32.96324999999952,24.17550000000011,5
205484,205485,205485,short,1465.06,1467.47755,loss,-27.475500000001194,24.17550000000011,0
205576,205577,205581,short,1464.28,1466.69755,loss,-27.475500000001194,24.17550000000011,4
205664,205665,205668,short,1465.17,1461.5436750000001,win,32.96324999999952,24.17550000000011,3
205756,205757,205762,short,1471.01,1467.383675,win,32.96324999999952,24.17550000000011,5
205848,205849,205850,short,1473.46,1475.8775500000002,loss,-27.475500000001194,24.17550000000011,1
205940,205941,205944,short,1470.04,1472.45755,loss,-27.475500000001194,24.17550000000011,3
206032,206033,206040,short,1467.03,1469.44755,loss,-27.475500000001194,24.17550000000011,7
206120,206121,206136,short,1458.6,1457.88,win,3.8999999999979993,24.17550000000011,15
206212,206213,206220,short,1456.41,1458.8275500000002,loss,-27.475500000001194,24.17550000000011,7
206304,206305,206320,short,1459.33,1459.37,loss,-3.699999999999636,24.17550000000011,15
206396,206397,206400,short,1455.36,1457.77755,loss,-27.475500000001194,24.17550000000011,3
206472,206473,206488,short,1457.9,1456.55,win,10.200000000001364,24.17550000000011,15
206551,206552,206556,short,1458.96,1455.333675,win,32.96324999999952,24.17550000000011,4
206643,206644,206652,short,1461.8,1464.21755,loss,-27.475500000001194,24.17550000000011,8
206735,206736,206743,short,1482.24,1478.613675,win,32.96324999999952,24.17550000000011,7
206827,206828,206843,short,1475.92,1474.55,win,10.400000000001182,24.17550000000011,15
206919,206920,206927,short,1472.8,1475.21755,loss,-27.475500000001194,24.17550000000011,7
207007,207008,207023,short,1461.45,1463.54,loss,-24.199999999999182,24.17550000000011,15
207099,207100,207115,short,1463.11,1465.52755,loss,-27.475500000001194,24.17550000000011,15
207191,207192,207198,short,1463.68,1466.0975500000002,loss,-27.475500000001194,24.17550000000011,6
207283,207284,207299,short,1473.87,1474.79,loss,-12.500000000000728,24.17550000000011,15
207375,207376,207377,short,1466.77,1469.18755,loss,-27.475500000001194,24.17550000000011,1
207463,207464,207479,short,1477.25,1477.06,loss,-1.3999999999994541,24.17550000000011,15
207555,207556,207570,short,1477.34,1479.75755,loss,-27.475500000001194,24.17550000000011,14
207647,207648,207663,short,1477.91,1479.06,loss,-14.799999999998636,24.17550000000011,15
207739,207740,207755,short,1476.39,1473.83,win,22.300000000001727,24.17550000000011,15
207831,207832,207847,short,1478.9,1477.5,win,10.700000000000909,24.17550000000011,15
207919,207920,207935,short,1484.67,1483.69,win,6.500000000000182,24.17550000000011,15
208011,208012,208020,short,1489.94,1492.3575500000002,loss,-27.475500000001194,24.17550000000011,8
208087,208088,208103,short,1503.42,1504.39,loss,-13.000000000000274,24.17550000000011,15
208179,208180,208190,short,1509.09,1511.50755,loss,-27.475500000001194,24.17550000000011,10
208267,208268,208283,short,1513.49,1511.3,win,18.600000000000545,24.17550000000011,15
208359,208360,208375,short,1524.57,1522.41,win,18.299999999998544,24.17550000000011,15
208447,208448,208463,short,1520.43,1521.43,loss,-13.3,24.17550000000011,15
208539,208540,208543,short,1541.85,1544.26755,loss,-27.475500000001194,24.17550000000011,3
208627,208628,208628,short,1574.75,1571.123675,win,32.96324999999952,24.17550000000011,0
208709,208710,208710,short,1565.16,1567.5775500000002,loss,-27.475500000001194,24.17550000000011,0
208801,208802,208803,short,1590.29,1586.663675,win,32.96324999999952,24.17550000000011,1
208893,208894,208898,short,1545.58,1547.99755,loss,-27.475500000001194,24.17550000000011,4
208985,208986,208987,short,1549.28,1551.69755,loss,-27.475500000001194,24.17550000000011,1
209073,209074,209081,short,1552.66,1549.0336750000001,win,32.96324999999952,24.17550000000011,7
209165,209166,209170,short,1541.53,1543.94755,loss,-27.475500000001194,24.17550000000011,4
209257,209258,209264,short,1551.83,1554.24755,loss,-27.475500000001194,24.17550000000011,6
209349,209350,209357,short,1552.99,1555.4075500000001,loss,-27.475500000001194,24.17550000000011,7
209441,209442,209457,short,1556.13,1556.73,loss,-9.299999999999091,24.17550000000011,15
209529,209530,209545,short,1560.69,1559.91,win,4.499999999999727,24.17550000000011,15
209605,209606,209608,short,1564.4,1560.7736750000001,win,32.96324999999952,24.17550000000011,2
209697,209698,209699,short,1552.21,1554.6275500000002,loss,-27.475500000001194,24.17550000000011,1
209789,209790,209805,short,1556.44,1554.29,win,18.20000000000091,24.17550000000011,15
209881,209882,209897,short,1560.74,1559.09,win,13.200000000000909,24.17550000000011,15
209969,209970,209977,short,1578.95,1581.3675500000002,loss,-27.475500000001194,24.17550000000011,7
210061,210062,210068,short,1578.68,1581.0975500000002,loss,-27.475500000001194,24.17550000000011,6
210153,210154,210163,short,1568.11,1570.52755,loss,-27.475500000001194,24.17550000000011,9
210245,210246,210250,short,1580.2,1582.6175500000002,loss,-27.475500000001194,24.17550000000011,4
210337,210338,210340,short,1574.19,1576.6075500000002,loss,-27.475500000001194,24.17550000000011,2
210425,210426,210427,short,1578.08,1574.453675,win,32.96324999999952,24.17550000000011,1
210517,210518,210519,short,1572.08,1574.49755,loss,-27.475500000001194,24.17550000000011,1
210609,210610,210615,short,1561.82,1558.193675,win,32.96324999999952,24.17550000000011,5
210701,210702,210707,short,1558.01,1560.42755,loss,-27.475500000001194,24.17550000000011,5
210793,210794,210795,short,1563.92,1566.3375500000002,loss,-27.475500000001194,24.17550000000011,1
210881,210882,210887,short,1572.4,1574.8175500000002,loss,-27.475500000001194,24.17550000000011,5
210973,210974,210975,short,1567.04,1569.45755,loss,-27.475500000001194,24.17550000000011,1
211065,211066,211071,short,1565.58,1561.953675,win,32.96324999999952,24.17550000000011,5
211157,211158,211169,short,1574.74,1577.1575500000001,loss,-27.475500000001194,24.17550000000011,11
211249,211250,211265,short,1574.96,1575.99,loss,-13.599999999999728,24.17550000000011,15
211337,211338,211353,short,1581.91,1580.2,win,13.800000000000363,24.17550000000011,15
211410,211411,211422,short,1586.89,1589.3075500000002,loss,-27.475500000001194,24.17550000000011,11
211502,211503,211507,short,1604.54,1606.95755,loss,-27.475500000001194,24.17550000000011,4
211594,211595,211595,short,1607.55,1603.923675,win,32.96324999999952,24.17550000000011,0
211686,211687,211688,short,1632.42,1634.8375500000002,loss,-27.475500000001194,24.17550000000011,1
211774,211775,211777,short,1670.16,1672.5775500000002,loss,-27.475500000001194,24.17550000000011,2
211866,211867,211867,short,1635.15,1637.5675500000002,loss,-27.475500000001194,24.17550000000011,0
211958,211959,211963,short,1645.53,1647.94755,loss,-27.475500000001194,24.17550000000011,4
212050,212051,212052,short,1646.31,1642.683675,win,32.96324999999952,24.17550000000011,1
212142,212143,212143,short,1628.57,1624.943675,win,32.96324999999952,24.17550000000011,0
212230,212231,212231,short,1600.03,1602.44755,loss,-27.475500000001194,24.17550000000011,0
212322,212323,212335,short,1596.33,1598.74755,loss,-27.475500000001194,24.17550000000011,12
212414,212415,212415,short,1633.81,1636.22755,loss,-27.475500000001194,24.17550000000011,0
212506,212507,212509,short,1641.21,1637.583675,win,32.96324999999952,24.17550000000011,2
212598,212599,212602,short,1671.2,1673.6175500000002,loss,-27.475500000001194,24.17550000000011,3
212690,212691,212691,short,1676.12,1678.53755,loss,-27.475500000001194,24.17550000000011,0
212782,212783,212783,short,1663.2,1665.6175500000002,loss,-27.475500000001194,24.17550000000011,0
212874,212875,212878,short,1664.04,1660.413675,win,32.96324999999952,24.17550000000011,3
212962,212963,212964,short,1635.73,1638.1475500000001,loss,-27.475500000001194,24.17550000000011,1
213054,213055,213055,short,1586.96,1589.3775500000002,loss,-27.475500000001194,24.17550000000011,0
213146,213147,213147,short,1536.88,1533.2536750000002,win,32.96324999999952,24.17550000000011,0
213238,213239,213239,short,1490.29,1486.663675,win,32.96324999999952,24.17550000000011,0
213330,213331,213331,short,1517.8,1514.173675,win,32.96324999999952,24.17550000000011,0
213422,213423,213423,short,1485.33,1487.74755,loss,-27.475500000001194,24.17550000000011,0
213514,213515,213515,short,1498.33,1500.74755,loss,-27.475500000001194,24.17550000000011,0
213606,213607,213610,short,1488.74,1491.1575500000001,loss,-27.475500000001194,24.17550000000011,3
213697,213698,213699,short,1569.83,1566.203675,win,32.96324999999952,24.17550000000011,1
213789,213790,213790,short,1608.51,1604.883675,win,32.96324999999952,24.17550000000011,0
213881,213882,213882,short,1599.98,1602.3975500000001,loss,-27.475500000001194,24.17550000000011,0
213973,213974,213976,short,1620.68,1617.053675,win,32.96324999999952,24.17550000000011,2
214061,214062,214062,short,1613.48,1615.8975500000001,loss,-27.475500000001194,24.17550000000011,0
214153,214154,214156,short,1612.92,1615.3375500000002,loss,-27.475500000001194,24.17550000000011,2
214245,214246,214246,short,1586.15,1582.5236750000001,win,32.96324999999952,24.17550000000011,0
214337,214338,214338,short,1586.0,1588.4175500000001,loss,-27.475500000001194,24.17550000000011,0
214429,214430,214433,short,1609.41,1611.8275500000002,loss,-27.475500000001194,24.17550000000011,3
214517,214518,214518,short,1623.18,1625.5975500000002,loss,-27.475500000001194,24.17550000000011,0
214609,214610,214611,short,1657.93,1660.3475500000002,loss,-27.475500000001194,24.17550000000011,1
214701,214702,214702,short,1645.2,1647.6175500000002,loss,-27.475500000001194,24.17550000000011,0
214793,214794,214796,short,1651.22,1653.6375500000001,loss,-27.475500000001194,24.17550000000011,2
214885,214886,214886,short,1685.3,1687.71755,loss,-27.475500000001194,24.17550000000011,0
214977,214978,214983,short,1712.07,1714.48755,loss,-27.475500000001194,24.17550000000011,5
215069,215070,215070,short,1725.08,1721.453675,win,32.96324999999952,24.17550000000011,0
215161,215162,215162,short,1718.05,1720.46755,loss,-27.475500000001194,24.17550000000011,0
215253,215254,215254,short,1688.83,1691.24755,loss,-27.475500000001194,24.17550000000011,0
215341,215342,215343,short,1676.21,1678.6275500000002,loss,-27.475500000001194,24.17550000000011,1
215433,215434,215434,short,1689.77,1692.18755,loss,-27.475500000001194,24.17550000000011,0
215525,215526,215529,short,1683.73,1686.1475500000001,loss,-27.475500000001194,24.17550000000011,3
215617,215618,215618,short,1717.45,1713.823675,win,32.96324999999952,24.17550000000011,0
215709,215710,215710,short,1722.76,1725.17755,loss,-27.475500000001194,24.17550000000011,0
215797,215798,215799,short,1721.49,1717.863675,win,32.96324999999952,24.17550000000011,1
215889,215890,215890,short,1695.43,1697.8475500000002,loss,-27.475500000001194,24.17550000000011,0
215981,215982,215987,short,1709.37,1705.743675,win,32.96324999999952,24.17550000000011,5
216073,216074,216074,short,1717.27,1719.68755,loss,-27.475500000001194,24.17550000000011,0
216165,216166,216169,short,1675.16,1677.5775500000002,loss,-27.475500000001194,24.17550000000011,3
216253,216254,216254,short,1700.01,1702.42755,loss,-27.475500000001194,24.17550000000011,0
216345,216346,216349,short,1703.01,1699.383675,win,32.96324999999952,24.17550000000011,3
216437,216438,216439,short,1705.03,1701.403675,win,32.96324999999952,24.17550000000011,1
216529,216530,216533,short,1686.89,1689.3075500000002,loss,-27.475500000001194,24.17550000000011,3
216621,216622,216622,short,1717.24,1719.6575500000001,loss,-27.475500000001194,24.17550000000011,0
216709,216710,216714,short,1706.14,1708.5575500000002,loss,-27.475500000001194,24.17550000000011,4
216801,216802,216806,short,1699.93,1702.3475500000002,loss,-27.475500000001194,24.17550000000011,4
216885,216886,216890,short,1703.57,1699.943675,win,32.96324999999952,24.17550000000011,4
216974,216975,216978,short,1715.3,1717.71755,loss,-27.475500000001194,24.17550000000011,3
217066,217067,217068,short,1737.08,1733.453675,win,32.96324999999952,24.17550000000011,1
217154,217155,217168,short,1762.88,1759.2536750000002,win,32.96324999999952,24.17550000000011,13
217246,217247,217248,short,1735.4,1731.7736750000001,win,32.96324999999952,24.17550000000011,1
217338,217339,217340,short,1747.27,1749.68755,loss,-27.475500000001194,24.17550000000011,1
217430,217431,217440,short,1736.76,1733.133675,win,32.96324999999952,24.17550000000011,9
217522,217523,217525,short,1731.74,1734.1575500000001,loss,-27.475500000001194,24.17550000000011,2
217610,217611,217621,short,1727.32,1729.73755,loss,-27.475500000001194,24.17550000000011,10
217686,217687,217690,short,1732.35,1728.723675,win,32.96324999999952,24.17550000000011,3
217778,217779,217782,short,1705.95,1708.3675500000002,loss,-27.475500000001194,24.17550000000011,3
217870,217871,217874,short,1718.21,1720.6275500000002,loss,-27.475500000001194,24.17550000000011,3
217962,217963,217965,short,1718.52,1720.93755,loss,-27.475500000001194,24.17550000000011,2
218050,218051,218056,short,1742.28,1738.653675,win,32.96324999999952,24.17550000000011,5
218142,218143,218154,short,1737.14,1739.5575500000002,loss,-27.475500000001194,24.17550000000011,11
218234,218235,218241,short,1723.79,1720.163675,win,32.96324999999952,24.17550000000011,6
218326,218327,218332,short,1700.56,1702.97755,loss,-27.475500000001194,24.17550000000011,5
218418,218419,218429,short,1709.97,1712.3875500000001,loss,-27.475500000001194,24.17550000000011,10
218506,218507,218507,short,1689.96,1692.3775500000002,loss,-27.475500000001194,24.17550000000011,0
218598,218599,218599,short,1697.21,1693.583675,win,32.96324999999952,24.17550000000011,0
218690,218691,218706,short,1718.86,1718.4,win,1.2999999999980902,24.17550000000011,15
218782,218783,218784,short,1727.8,1730.21755,loss,-27.475500000001194,24.17550000000011,1
218874,218875,218878,short,1730.12,1732.53755,loss,-27.475500000001194,24.17550000000011,3
218962,218963,218965,short,1719.99,1722.4075500000001,loss,-27.475500000001194,24.17550000000011,2
219054,219055,219056,short,1723.74,1726.1575500000001,loss,-27.475500000001194,24.17550000000011,1
219146,219147,219152,short,1727.42,1723.7936750000001,win,32.96324999999952,24.17550000000011,5
219238,219239,219248,short,1726.64,1729.0575500000002,loss,-27.475500000001194,24.17550000000011,9
219330,219331,219332,short,1728.45,1730.8675500000002,loss,-27.475500000001194,24.17550000000011,1
219418,219419,219421,short,1750.97,1753.3875500000001,loss,-27.475500000001194,24.17550000000011,2
219510,219511,219514,short,1751.26,1747.633675,win,32.96324999999952,24.17550000000011,3
219602,219603,219604,short,1769.33,1765.703675,win,32.96324999999952,24.17550000000011,1
219694,219695,219696,short,1762.34,1764.75755,loss,-27.475500000001194,24.17550000000011,1
219786,219787,219790,short,1759.92,1762.3375500000002,loss,-27.475500000001194,24.17550000000011,3
219874,219875,219882,short,1771.87,1768.243675,win,32.96324999999952,24.17550000000011,7
219966,219967,219982,short,1771.72,1770.73,win,6.600000000000091,24.17550000000011,15
220058,220059,220062,short,1784.25,1786.6675500000001,loss,-27.475500000001194,24.17550000000011,3
220150,220151,220154,short,1766.92,1769.3375500000002,loss,-27.475500000001194,24.17550000000011,3
220242,220243,220245,short,1773.41,1775.8275500000002,loss,-27.475500000001194,24.17550000000011,2
220318,220319,220320,short,1773.67,1776.0875500000002,loss,-27.475500000001194,24.17550000000011,1
220410,220411,220418,short,1783.45,1779.823675,win,32.96324999999952,24.17550000000011,7
220502,220503,220509,short,1793.35,1795.76755,loss,-27.475500000001194,24.17550000000011,6
220594,220595,220603,short,1812.74,1815.1575500000001,loss,-27.475500000001194,24.17550000000011,8
220686,220687,220691,short,1796.36,1798.77755,loss,-27.475500000001194,24.17550000000011,4
220774,220775,220786,short,1806.41,1808.8275500000002,loss,-27.475500000001194,24.17550000000011,11
220866,220867,220882,short,1799.9,1797.77,win,18.00000000000109,24.17550000000011,15
220958,220959,220965,short,1807.32,1809.73755,loss,-27.475500000001194,24.17550000000011,6
221050,221051,221064,short,1807.91,1804.2836750000001,win,32.96324999999952,24.17550000000011,13
221142,221143,221150,short,1799.33,1801.74755,loss,-27.475500000001194,24.17550000000011,7
221230,221231,221241,short,1809.55,1811.96755,loss,-27.475500000001194,24.17550000000011,10
221322,221323,221324,short,1818.79,1821.20755,loss,-27.475500000001194,24.17550000000011,1
221414,221415,221419,short,1860.27,1856.643675,win,32.96324999999952,24.17550000000011,4
221506,221507,221508,short,1872.54,1874.95755,loss,-27.475500000001194,24.17550000000011,1
221598,221599,221602,short,1889.15,1891.5675500000002,loss,-27.475500000001194,24.17550000000011,3
221686,221687,221691,short,1933.66,1936.0775500000002,loss,-27.475500000001194,24.17550000000011,4
221778,221779,221780,short,1941.06,1937.433675,win,32.96324999999952,24.17550000000011,1
221870,221871,221874,short,1956.41,1958.8275500000002,loss,-27.475500000001194,24.17550000000011,3
221962,221963,221964,short,1961.08,1957.453675,win,32.96324999999952,24.17550000000011,1
222054,222055,222055,short,1975.7,1972.073675,win,32.96324999999952,24.17550000000011,0
222142,222143,222145,short,1975.97,1972.343675,win,32.96324999999952,24.17550000000011,2
222234,222235,222239,short,1975.02,1977.43755,loss,-27.475500000001194,24.17550000000011,4
222326,222327,222327,short,2022.48,2024.8975500000001,loss,-27.475500000001194,24.17550000000011,0
222418,222419,222419,short,2047.49,2049.90755,loss,-27.47549999999892,24.17550000000011,0
222510,222511,222513,short,2062.3,2058.673675,win,32.96325000000179,24.17550000000011,2
222598,222599,222601,short,2033.91,2030.2836750000001,win,32.96324999999952,24.17550000000011,2
222690,222691,222691,short,2003.88,2000.2536750000002,win,32.96324999999952,24.17550000000011,0
222782,222783,222783,short,1893.21,1895.6275500000002,loss,-27.475500000001194,24.17550000000011,0
222874,222875,222875,short,1929.26,1931.67755,loss,-27.475500000001194,24.17550000000011,0
222966,222967,222967,short,1951.2,1953.6175500000002,loss,-27.475500000001194,24.17550000000011,0
223054,223055,223056,short,1947.56,1949.97755,loss,-27.475500000001194,24.17550000000011,1
223146,223147,223147,short,1996.17,1998.5875500000002,loss,-27.475500000001194,24.17550000000011,0
223238,223239,223240,short,1988.68,1991.0975500000002,loss,-27.475500000001194,24.17550000000011,1
223330,223331,223332,short,1950.12,1946.493675,win,32.96324999999952,24.17550000000011,1
223422,223423,223423,short,1945.34,1941.713675,win,32.96324999999952,24.17550000000011,0
223510,223511,223512,short,1934.38,1936.7975500000002,loss,-27.475500000001194,24.17550000000011,1
223602,223603,223606,short,1931.37,1933.78755,loss,-27.475500000001194,24.17550000000011,3
223694,223695,223698,short,1918.86,1915.233675,win,32.96324999999952,24.17550000000011,3
223786,223787,223788,short,1938.94,1941.3575500000002,loss,-27.475500000001194,24.17550000000011,1
223878,223879,223880,short,1942.35,1944.76755,loss,-27.475500000001194,24.17550000000011,1
223966,223967,223967,short,1967.36,1963.733675,win,32.96324999999952,24.17550000000011,0
224058,224059,224060,short,1985.83,1982.203675,win,32.96324999999952,24.17550000000011,1
224150,224151,224154,short,1964.86,1967.27755,loss,-27.475500000001194,24.17550000000011,3
224242,224243,224243,short,1936.22,1932.593675,win,32.96324999999952,24.17550000000011,0
224334,224335,224335,short,1933.47,1935.8875500000001,loss,-27.475500000001194,24.17550000000011,0
224422,224423,224423,short,1928.87,1931.28755,loss,-27.475500000001194,24.17550000000011,0
224498,224499,224507,short,1932.39,1928.7636750000001,win,32.96324999999952,24.17550000000011,8
224590,224591,224592,short,1925.84,1928.25755,loss,-27.475500000001194,24.17550000000011,1
224682,224683,224683,short,1947.99,1944.363675,win,32.96324999999952,24.17550000000011,0
224774,224775,224785,short,1942.9,1945.3175500000002,loss,-27.475500000001194,24.17550000000011,10
224862,224863,224863,short,1947.33,1943.703675,win,32.96324999999952,24.17550000000011,0
224954,224955,224957,short,1965.77,1962.143675,win,32.96324999999952,24.17550000000011,2
225046,225047,225049,short,1957.86,1960.27755,loss,-27.475500000001194,24.17550000000011,2
225138,225139,225141,short,1943.03,1945.44755,loss,-27.475500000001194,24.17550000000011,2
225230,225231,225246,short,1953.74,1953.79,loss,-3.799999999999545,24.17550000000011,15
225318,225319,225322,short,1949.95,1952.3675500000002,loss,-27.475500000001194,24.17550000000011,3
225410,225411,225411,short,1911.14,1907.5136750000001,win,32.96324999999952,24.17550000000011,0
225502,225503,225503,short,1877.65,1880.0675500000002,loss,-27.475500000001194,24.17550000000011,0
225594,225595,225596,short,1854.41,1850.7836750000001,win,32.96324999999952,24.17550000000011,1
225686,225687,225688,short,1868.37,1870.78755,loss,-27.475500000001194,24.17550000000011,1
225774,225775,225775,short,1856.9,1859.3175500000002,loss,-27.475500000001194,24.17550000000011,0
225866,225867,225869,short,1879.38,1881.7975500000002,loss,-27.475500000001194,24.17550000000011,2
225958,225959,225959,short,1884.31,1886.72755,loss,-27.475500000001194,24.17550000000011,0
226050,226051,226051,short,1894.55,1896.96755,loss,-27.475500000001194,24.17550000000011,0
226142,226143,226143,short,1908.05,1910.46755,loss,-27.475500000001194,24.17550000000011,0
226230,226231,226234,short,1891.57,1887.943675,win,32.96324999999952,24.17550000000011,3
226322,226323,226326,short,1909.68,1912.0975500000002,loss,-27.475500000001194,24.17550000000011,3
226414,226415,226415,short,1886.87,1889.28755,loss,-27.475500000001194,24.17550000000011,0
226506,226507,226507,short,1887.29,1889.70755,loss,-27.475500000001194,24.17550000000011,0
226598,226599,226602,short,1906.48,1908.8975500000001,loss,-27.475500000001194,24.17550000000011,3
226686,226687,226691,short,1928.54,1924.913675,win,32.96324999999952,24.17550000000011,4
226778,226779,226779,short,1914.99,1917.4075500000001,loss,-27.475500000001194,24.17550000000011,0
226870,226871,226880,short,1895.85,1898.26755,loss,-27.475500000001194,24.17550000000011,9
226962,226963,226963,short,1897.61,1900.02755,loss,-27.475500000001194,24.17550000000011,0
227054,227055,227060,short,1905.53,1907.94755,loss,-27.475500000001194,24.17550000000011,5
227142,227143,227149,short,1909.08,1911.49755,loss,-27.475500000001194,24.17550000000011,6
227234,227235,227235,short,1899.58,1901.99755,loss,-27.475500000001194,24.17550000000011,0
227326,227327,227328,short,1916.56,1918.97755,loss,-27.475500000001194,24.17550000000011,1
227418,227419,227420,short,1914.2,1916.6175500000002,loss,-27.475500000001194,24.17550000000011,1
227510,227511,227513,short,1902.73,1905.1475500000001,loss,-27.475500000001194,24.17550000000011,2
227602,227603,227603,short,1897.06,1899.47755,loss,-27.475500000001194,24.17550000000011,0
227694,227695,227698,short,1906.2,1902.573675,win,32.96324999999952,24.17550000000011,3
227786,227787,227791,short,1906.51,1902.883675,win,32.96324999999952,24.17550000000011,4
227878,227879,227882,short,1882.34,1878.713675,win,32.96324999999952,24.17550000000011,3
227970,227971,227972,short,1869.8,1872.21755,loss,-27.475500000001194,24.17550000000011,1
228058,228059,228061,short,1883.97,1886.3875500000001,loss,-27.475500000001194,24.17550000000011,2
228150,228151,228151,short,1893.01,1889.383675,win,32.96324999999952,24.17550000000011,0
228242,228243,228243,short,1895.33,1891.703675,win,32.96324999999952,24.17550000000011,0
228334,228335,228335,short,1910.2,1912.6175500000002,loss,-27.475500000001194,24.17550000000011,0
228426,228427,228427,short,1939.57,1941.98755,loss,-27.475500000001194,24.17550000000011,0
228514,228515,228518,short,1956.79,1959.20755,loss,-27.475500000001194,24.17550000000011,3
228606,228607,228608,short,1888.7,1885.073675,win,32.96324999999952,24.17550000000011,1
228698,228699,228700,short,1878.05,1874.423675,win,32.96324999999952,24.17550000000011,1
228790,228791,228795,short,1870.28,1866.653675,win,32.96324999999952,24.17550000000011,4
228882,228883,228898,short,1878.68,1879.81,loss,-14.599999999998818,24.17550000000011,15
228970,228971,228973,short,1887.69,1890.1075500000002,loss,-27.475500000001194,24.17550000000011,2
229062,229063,229066,short,1888.5,1884.873675,win,32.96324999999952,24.17550000000011,3
229154,229155,229159,short,1881.21,1883.6275500000002,loss,-27.475500000001194,24.17550000000011,4
229246,229247,229250,short,1863.33,1859.703675,win,32.96324999999952,24.17550000000011,3
229338,229339,229340,short,1867.86,1864.233675,win,32.96324999999952,24.17550000000011,1
229426,229427,229433,short,1873.4,1869.7736750000001,win,32.96324999999952,24.17550000000011,6
229518,229519,229523,short,1830.95,1827.323675,win,32.96324999999952,24.17550000000011,4
229610,229611,229612,short,1805.4,1807.8175500000002,loss,-27.475500000001194,24.17550000000011,1
229702,229703,229704,short,1811.18,1813.5975500000002,loss,-27.475500000001194,24.17550000000011,1
229778,229779,229794,short,1809.04,1807.84,win,8.700000000000454,24.17550000000011,15
229857,229858,229858,short,1776.93,1779.3475500000002,loss,-27.475500000001194,24.17550000000011,0
229949,229950,229952,short,1787.63,1790.0475500000002,loss,-27.475500000001194,24.17550000000011,2
230041,230042,230043,short,1812.2,1814.6175500000002,loss,-27.475500000001194,24.17550000000011,1
230133,230134,230134,short,1834.73,1837.1475500000001,loss,-27.475500000001194,24.17550000000011,0
230225,230226,230229,short,1842.24,1838.613675,win,32.96324999999952,24.17550000000011,3
230313,230314,230317,short,1840.47,1836.843675,win,32.96324999999952,24.17550000000011,3
230405,230406,230409,short,1865.61,1861.983675,win,32.96324999999952,24.17550000000011,3
230497,230498,230499,short,1858.2,1860.6175500000002,loss,-27.475500000001194,24.17550000000011,1
230589,230590,230591,short,1836.17,1838.5875500000002,loss,-27.475500000001194,24.17550000000011,1
230681,230682,230684,short,1836.49,1832.863675,win,32.96324999999952,24.17550000000011,2
230769,230770,230774,short,1832.8,1829.173675,win,32.96324999999952,24.17550000000011,4
230861,230862,230867,short,1841.4,1843.8175500000002,loss,-27.475500000001194,24.17550000000011,5
230953,230954,230959,short,1856.32,1858.73755,loss,-27.475500000001194,24.17550000000011,5
231045,231046,231048,short,1871.65,1874.0675500000002,loss,-27.475500000001194,24.17550000000011,2
231137,231138,231142,short,1881.19,1877.563675,win,32.96324999999952,24.17550000000011,4
231225,231226,231227,short,1900.98,1897.353675,win,32.96324999999952,24.17550000000011,1
231317,231318,231318,short,1867.06,1869.47755,loss,-27.475500000001194,24.17550000000011,0
231409,231410,231417,short,1867.31,1869.72755,loss,-27.475500000001194,24.17550000000011,7
231501,231502,231505,short,1875.79,1878.20755,loss,-27.475500000001194,24.17550000000011,3
231577,231578,231590,short,1884.8,1881.173675,win,32.96324999999952,24.17550000000011,12
231669,231670,231673,short,1878.77,1881.18755,loss,-27.475500000001194,24.17550000000011,3
231761,231762,231777,short,1880.56,1879.37,win,8.600000000000545,24.17550000000011,15
231853,231854,231855,short,1888.76,1891.17755,loss,-27.475500000001194,24.17550000000011,1
231942,231943,231946,short,1923.47,1925.8875500000001,loss,-27.475500000001194,24.17550000000011,3
232034,232035,232035,short,1939.97,1942.3875500000001,loss,-27.475500000001194,24.17550000000011,0
232126,232127,232128,short,1948.19,1944.563675,win,32.96324999999952,24.17550000000011,1
232218,232219,232220,short,1924.37,1920.743675,win,32.96324999999952,24.17550000000011,1
232310,232311,232311,short,1908.64,1911.0575500000002,loss,-27.475500000001194,24.17550000000011,0
232398,232399,232399,short,1846.91,1849.3275500000002,loss,-27.475500000001194,24.17550000000011,0
232490,232491,232492,short,1858.81,1861.22755,loss,-27.475500000001194,24.17550000000011,1
232582,232583,232584,short,1858.71,1861.1275500000002,loss,-27.475500000001194,24.17550000000011,1
232674,232675,232676,short,1841.07,1837.443675,win,32.96324999999952,24.17550000000011,1
232766,232767,232769,short,1849.94,1852.3575500000002,loss,-27.475500000001194,24.17550000000011,2
232854,232855,232862,short,1836.6,1832.973675,win,32.96324999999952,24.17550000000011,7
232930,232931,232934,short,1841.06,1843.47755,loss,-27.475500000001194,24.17550000000011,3
233022,233023,233025,short,1854.29,1856.70755,loss,-27.475500000001194,24.17550000000011,2
233114,233115,233115,short,1873.18,1869.553675,win,32.96324999999952,24.17550000000011,0
233206,233207,233217,short,1861.83,1858.203675,win,32.96324999999952,24.17550000000011,10
233294,233295,233296,short,1850.84,1853.25755,loss,-27.475500000001194,24.17550000000011,1
233386,233387,233388,short,1855.47,1851.843675,win,32.96324999999952,24.17550000000011,1
233478,233479,233482,short,1849.51,1851.92755,loss,-27.475500000001194,24.17550000000011,3
233570,233571,233574,short,1836.8,1839.21755,loss,-27.475500000001194,24.17550000000011,3
233662,233663,233664,short,1844.55,1846.96755,loss,-27.475500000001194,24.17550000000011,1
233750,233751,233752,short,1862.49,1864.9075500000001,loss,-27.475500000001194,24.17550000000011,1
233842,233843,233843,short,1851.05,1847.423675,win,32.96324999999952,24.17550000000011,0
233934,233935,233938,short,1838.17,1834.5436750000001,win,32.96324999999952,24.17550000000011,3
234026,234027,234027,short,1823.31,1825.72755,loss,-27.475500000001194,24.17550000000011,0
234118,234119,234122,short,1799.12,1801.53755,loss,-27.475500000001194,24.17550000000011,3
234206,234207,234211,short,1815.96,1812.333675,win,32.96324999999952,24.17550000000011,4
234298,234299,234299,short,1839.81,1842.22755,loss,-27.475500000001194,24.17550000000011,0
234390,234391,234391,short,1844.14,1846.5575500000002,loss,-27.475500000001194,24.17550000000011,0
234482,234483,234487,short,1842.51,1844.92755,loss,-27.475500000001194,24.17550000000011,4
234574,234575,234578,short,1819.08,1815.453675,win,32.96324999999952,24.17550000000011,3
234662,234663,234667,short,1817.52,1819.93755,loss,-27.475500000001194,24.17550000000011,4
234738,234739,234740,short,1823.06,1819.433675,win,32.96324999999952,24.17550000000011,1
234830,234831,234831,short,1792.94,1789.313675,win,32.96324999999952,24.17550000000011,0
234922,234923,234929,short,1781.89,1784.3075500000002,loss,-27.475500000001194,24.17550000000011,6
235014,235015,235018,short,1772.22,1774.6375500000001,loss,-27.475500000001194,24.17550000000011,3
235102,235103,235103,short,1789.58,1791.99755,loss,-27.475500000001194,24.17550000000011,0
235194,235195,235200,short,1810.54,1806.913675,win,32.96324999999952,24.17550000000011,5
235286,235287,235289,short,1808.06,1804.433675,win,32.96324999999952,24.17550000000011,2
235378,235379,235382,short,1793.03,1789.403675,win,32.96324999999952,24.17550000000011,3
235470,235471,235472,short,1759.28,1755.653675,win,32.96324999999952,24.17550000000011,1
235558,235559,235560,short,1755.8,1758.21755,loss,-27.475500000001194,24.17550000000011,1
235650,235651,235652,short,1723.96,1720.333675,win,32.96324999999952,24.17550000000011,1
235742,235743,235743,short,1732.21,1734.6275500000002,loss,-27.475500000001194,24.17550000000011,0
235834,235835,235838,short,1720.72,1717.093675,win,32.96324999999952,24.17550000000011,3
235926,235927,235930,short,1699.19,1695.563675,win,32.96324999999952,24.17550000000011,3
236014,236015,236016,short,1701.49,1697.863675,win,32.96324999999952,24.17550000000011,1
236106,236107,236107,short,1692.51,1694.92755,loss,-27.475500000001194,24.17550000000011,0
236198,236199,236202,short,1715.44,1711.813675,win,32.96324999999952,24.17550000000011,3
236290,236291,236291,short,1734.47,1736.8875500000001,loss,-27.475500000001194,24.17550000000011,0
236382,236383,236385,short,1708.92,1711.3375500000002,loss,-27.475500000001194,24.17550000000011,2
236474,236475,236481,short,1724.81,1727.22755,loss,-27.475500000001194,24.17550000000011,6
236566,236567,236571,short,1728.98,1731.3975500000001,loss,-27.475500000001194,24.17550000000011,4
236658,236659,236674,short,1736.69,1733.063675,win,32.96324999999952,24.17550000000011,15
236750,236751,236751,short,1750.86,1747.233675,win,32.96324999999952,24.17550000000011,0
236842,236843,236843,short,1740.7,1743.1175500000002,loss,-27.475500000001194,24.17550000000011,0
236934,236935,236947,short,1730.35,1732.76755,loss,-27.475500000001194,24.17550000000011,12
237026,237027,237038,short,1738.7,1741.1175500000002,loss,-27.475500000001194,24.17550000000011,11
237118,237119,237126,short,1729.54,1731.95755,loss,-27.475500000001194,24.17550000000011,7
237210,237211,237212,short,1731.18,1733.5975500000002,loss,-27.475500000001194,24.17550000000011,1
237302,237303,237312,short,1727.34,1729.75755,loss,-27.475500000001194,24.17550000000011,9
237390,237391,237406,short,1726.28,1724.74,win,12.099999999999635,24.17550000000011,15
237482,237483,237484,short,1707.86,1704.233675,win,32.96324999999952,24.17550000000011,1
237574,237575,237576,short,1683.2,1685.6175500000002,loss,-27.475500000001194,24.17550000000011,1
237666,237667,237668,short,1711.88,1714.2975500000002,loss,-27.475500000001194,24.17550000000011,1
237758,237759,237759,short,1722.65,1725.0675500000002,loss,-27.475500000001194,24.17550000000011,0
237850,237851,237853,short,1736.41,1732.7836750000001,win,32.96324999999952,24.17550000000011,2
237942,237943,237943,short,1737.15,1739.5675500000002,loss,-27.475500000001194,24.17550000000011,0
238034,238035,238040,short,1744.08,1746.49755,loss,-27.475500000001194,24.17550000000011,5
238126,238127,238130,short,1749.43,1745.803675,win,32.96324999999952,24.17550000000011,3
238214,238215,238219,short,1739.61,1742.02755,loss,-27.475500000001194,24.17550000000011,4
238306,238307,238309,short,1727.43,1723.803675,win,32.96324999999952,24.17550000000011,2
238398,238399,238402,short,1746.03,1748.44755,loss,-27.475500000001194,24.17550000000011,3
238490,238491,238492,short,1742.27,1744.68755,loss,-27.475500000001194,24.17550000000011,1
238582,238583,238591,short,1764.68,1767.0975500000002,loss,-27.475500000001194,24.17550000000011,8
238670,238671,238671,short,1777.2,1779.6175500000002,loss,-27.475500000001194,24.17550000000011,0
238762,238763,238764,short,1771.32,1767.693675,win,32.96324999999952,24.17550000000011,1
238854,238855,238860,short,1786.4,1782.7736750000001,win,32.96324999999952,24.17550000000011,5
238946,238947,238948,short,1788.75,1791.1675500000001,loss,-27.475500000001194,24.17550000000011,1
239038,239039,239040,short,1786.28,1782.653675,win,32.96324999999952,24.17550000000011,1
239126,239127,239128,short,1779.14,1775.5136750000001,win,32.96324999999952,24.17550000000011,1
239218,239219,239226,short,1780.56,1776.933675,win,32.96324999999952,24.17550000000011,7
239310,239311,239323,short,1769.54,1765.913675,win,32.96324999999952,24.17550000000011,12
239402,239403,239405,short,1781.4,1777.7736750000001,win,32.96324999999952,24.17550000000011,2
239494,239495,239495,short,1768.99,1771.4075500000001,loss,-27.475500000001194,24.17550000000011,0
239582,239583,239583,short,1774.35,1776.76755,loss,-27.475500000001194,24.17550000000011,0
239674,239675,239682,short,1784.9,1787.3175500000002,loss,-27.475500000001194,24.17550000000011,7
239766,239767,239776,short,1778.09,1774.463675,win,32.96324999999952,24.17550000000011,9
239858,239859,239860,short,1791.96,1794.3775500000002,loss,-27.475500000001194,24.17550000000011,1
239950,239951,239955,short,1818.3,1820.71755,loss,-27.475500000001194,24.17550000000011,4
240038,240039,240040,short,1838.11,1834.483675,win,32.96324999999952,24.17550000000011,1
240130,240131,240144,short,1834.93,1837.3475500000002,loss,-27.475500000001194,24.17550000000011,13
240222,240223,240223,short,1830.32,1832.73755,loss,-27.475500000001194,24.17550000000011,0
240314,240315,240317,short,1818.99,1821.4075500000001,loss,-27.475500000001194,24.17550000000011,2
240406,240407,240407,short,1827.06,1829.47755,loss,-27.475500000001194,24.17550000000011,0
240494,240495,240507,short,1855.09,1851.463675,win,32.96324999999952,24.17550000000011,12
240586,240587,240602,short,1870.53,1868.02,win,21.79999999999991,24.17550000000011,15
240678,240679,240685,short,1873.37,1869.743675,win,32.96324999999952,24.17550000000011,6
240770,240771,240773,short,1874.72,1871.093675,win,32.96324999999952,24.17550000000011,2
240862,240863,240870,short,1875.09,1877.50755,loss,-27.475500000001194,24.17550000000011,7
240950,240951,240960,short,1883.65,1880.0236750000001,win,32.96324999999952,24.17550000000011,9
241042,241043,241044,short,1876.33,1878.74755,loss,-27.475500000001194,24.17550000000011,1
241134,241135,241135,short,1900.7,1903.1175500000002,loss,-27.475500000001194,24.17550000000011,0
241226,241227,241236,short,1901.0,1897.373675,win,32.96324999999952,24.17550000000011,9
241318,241319,241328,short,1890.37,1892.78755,loss,-27.475500000001194,24.17550000000011,9
241406,241407,241408,short,1907.64,1904.0136750000001,win,32.96324999999952,24.17550000000011,1
241482,241483,241484,short,1912.91,1915.3275500000002,loss,-27.475500000001194,24.17550000000011,1
241574,241575,241580,short,1897.88,1900.2975500000002,loss,-27.475500000001194,24.17550000000011,5
241666,241667,241673,short,1898.56,1894.933675,win,32.96324999999952,24.17550000000011,6
241758,241759,241762,short,1871.54,1873.95755,loss,-27.475500000001194,24.17550000000011,3
241846,241847,241862,short,1884.3,1885.28,loss,-13.100000000000183,24.17550000000011,15
241938,241939,241946,short,1895.88,1892.2536750000002,win,32.96324999999952,24.17550000000011,7
242030,242031,242040,short,1892.81,1889.183675,win,32.96324999999952,24.17550000000011,9
242122,242123,242126,short,1886.39,1882.7636750000001,win,32.96324999999952,24.17550000000011,3
242214,242215,242222,short,1901.27,1897.643675,win,32.96324999999952,24.17550000000011,7
242302,242303,242303,short,1863.38,1859.7536750000002,win,32.96324999999952,24.17550000000011,0
242394,242395,242403,short,1867.19,1863.563675,win,32.96324999999952,24.17550000000011,8
242486,242487,242488,short,1858.85,1861.26755,loss,-27.475500000001194,24.17550000000011,1
242578,242579,242580,short,1813.23,1809.603675,win,32.96324999999952,24.17550000000011,1
242670,242671,242675,short,1784.82,1787.23755,loss,-27.475500000001194,24.17550000000011,4
242758,242759,242766,short,1777.65,1780.0675500000002,loss,-27.475500000001194,24.17550000000011,7
242850,242851,242851,short,1782.02,1784.43755,loss,-27.475500000001194,24.17550000000011,0
242942,242943,242951,short,1781.37,1783.78755,loss,-27.475500000001194,24.17550000000011,8
243034,243035,243043,short,1777.35,1779.76755,loss,-27.475500000001194,24.17550000000011,8
243126,243127,243131,short,1779.16,1781.5775500000002,loss,-27.475500000001194,24.17550000000011,4
243214,243215,243222,short,1782.47,1778.843675,win,32.96324999999952,24.17550000000011,7
243306,243307,243311,short,1777.01,1773.383675,win,32.96324999999952,24.17550000000011,4
243398,243399,243401,short,1758.27,1760.68755,loss,-27.475500000001194,24.17550000000011,2
243490,243491,243500,short,1777.68,1774.053675,win,32.96324999999952,24.17550000000011,9
243582,243583,243590,short,1777.32,1779.73755,loss,-27.475500000001194,24.17550000000011,7
243670,243671,243672,short,1784.95,1787.3675500000002,loss,-27.475500000001194,24.17550000000011,1
243746,243747,243753,short,1805.71,1808.1275500000002,loss,-27.475500000001194,24.17550000000011,6
243838,243839,243840,short,1801.22,1803.6375500000001,loss,-27.475500000001194,24.17550000000011,1
243930,243931,243935,short,1798.03,1800.44755,loss,-27.475500000001194,24.17550000000011,4
244022,244023,244024,short,1800.73,1797.103675,win,32.96324999999952,24.17550000000011,1
244110,244111,244115,short,1799.98,1802.3975500000001,loss,-27.475500000001194,24.17550000000011,4
244202,244203,244204,short,1809.33,1811.74755,loss,-27.475500000001194,24.17550000000011,1
244294,244295,244299,short,1813.61,1809.983675,win,32.96324999999952,24.17550000000011,4
244386,244387,244390,short,1830.72,1833.1375500000001,loss,-27.475500000001194,24.17550000000011,3
244478,244479,244484,short,1824.72,1821.093675,win,32.96324999999952,24.17550000000011,5
244566,244567,244570,short,1806.24,1802.613675,win,32.96324999999952,24.17550000000011,3
244658,244659,244666,short,1815.53,1811.903675,win,32.96324999999952,24.17550000000011,7
244750,244751,244756,short,1812.05,1808.423675,win,32.96324999999952,24.17550000000011,5
244842,244843,244844,short,1798.57,1800.98755,loss,-27.475500000001194,24.17550000000011,1
244934,244935,244935,short,1803.55,1805.96755,loss,-27.475500000001194,24.17550000000011,0
245022,245023,245027,short,1807.38,1809.7975500000002,loss,-27.475500000001194,24.17550000000011,4
245114,245115,245119,short,1794.99,1797.4075500000001,loss,-27.475500000001194,24.17550000000011,4
245206,245207,245213,short,1806.37,1802.743675,win,32.96324999999952,24.17550000000011,6
245298,245299,245302,short,1817.1,1819.51755,loss,-27.475500000001194,24.17550000000011,3
245390,245391,245394,short,1827.43,1829.8475500000002,loss,-27.475500000001194,24.17550000000011,3
245478,245479,245483,short,1810.34,1806.713675,win,32.96324999999952,24.17550000000011,4
245570,245571,245586,short,1810.24,1810.85,loss,-9.399999999999,24.17550000000011,15
245662,245663,245667,short,1812.51,1814.92755,loss,-27.475500000001194,24.17550000000011,4
245754,245755,245760,short,1810.05,1812.46755,loss,-27.475500000001194,24.17550000000011,5
245846,245847,245851,short,1801.36,1797.733675,win,32.96324999999952,24.17550000000011,4
245934,245935,245936,short,1744.29,1746.70755,loss,-27.475500000001194,24.17550000000011,1
246026,246027,246028,short,1734.15,1736.5675500000002,loss,-27.475500000001194,24.17550000000011,1
246118,246119,246131,short,1731.74,1734.1575500000001,loss,-27.475500000001194,24.17550000000011,12
246210,246211,246211,short,1750.93,1753.3475500000002,loss,-27.475500000001194,24.17550000000011,0
246302,246303,246307,short,1757.48,1759.8975500000001,loss,-27.475500000001194,24.17550000000011,4
246390,246391,246391,short,1772.53,1774.94755,loss,-27.475500000001194,24.17550000000011,0
246482,246483,246486,short,1791.4,1793.8175500000002,loss,-27.475500000001194,24.17550000000011,3
246574,246575,246582,short,1791.69,1788.063675,win,32.96324999999952,24.17550000000011,7
246666,246667,246668,short,1776.9,1779.3175500000002,loss,-27.475500000001194,24.17550000000011,1
246758,246759,246768,short,1786.96,1783.333675,win,32.96324999999952,24.17550000000011,9
246846,246847,246857,short,1785.9,1788.3175500000002,loss,-27.475500000001194,24.17550000000011,10
246938,246939,246954,short,1803.27,1803.97,loss,-10.300000000000455,24.17550000000011,15
247030,247031,247036,short,1795.63,1792.0036750000002,win,32.96324999999952,24.17550000000011,5
247122,247123,247138,short,1786.07,1787.6,loss,-18.599999999999728,24.17550000000011,15
247214,247215,247222,short,1802.85,1799.223675,win,32.96324999999952,24.17550000000011,7
247302,247303,247312,short,1813.3,1815.71755,loss,-27.475500000001194,24.17550000000011,9
247394,247395,247410,short,1817.12,1815.33,win,14.599999999999635,24.17550000000011,15
247486,247487,247492,short,1816.05,1812.423675,win,32.96324999999952,24.17550000000011,5
247578,247579,247592,short,1814.05,1816.46755,loss,-27.475500000001194,24.17550000000011,13
247670,247671,247686,short,1812.76,1813.25,loss,-8.200000000000092,24.17550000000011,15
247758,247759,247774,short,1826.48,1824.27,win,18.800000000000363,24.17550000000011,15
247834,247835,247837,short,1816.2,1818.6175500000002,loss,-27.475500000001194,24.17550000000011,2
247926,247927,247931,short,1796.89,1799.3075500000002,loss,-27.475500000001194,24.17550000000011,4
248018,248019,248022,short,1787.59,1790.00755,loss,-27.475500000001194,24.17550000000011,3
248110,248111,248125,short,1801.81,1798.183675,win,32.96324999999952,24.17550000000011,14
248198,248199,248202,short,1791.15,1787.5236750000001,win,32.96324999999952,24.17550000000011,3
248290,248291,248298,short,1792.59,1788.963675,win,32.96324999999952,24.17550000000011,7
248382,248383,248392,short,1803.07,1799.443675,win,32.96324999999952,24.17550000000011,9
248474,248475,248488,short,1785.57,1781.943675,win,32.96324999999952,24.17550000000011,13
248566,248567,248577,short,1763.0,1765.4175500000001,loss,-27.475500000001194,24.17550000000011,10
248654,248655,248657,short,1751.18,1753.5975500000002,loss,-27.475500000001194,24.17550000000011,2
248746,248747,248751,short,1762.21,1758.583675,win,32.96324999999952,24.17550000000011,4
248838,248839,248846,short,1778.34,1774.713675,win,32.96324999999952,24.17550000000011,7
248930,248931,248936,short,1763.38,1765.7975500000002,loss,-27.475500000001194,24.17550000000011,5
249022,249023,249027,short,1756.43,1752.803675,win,32.96324999999952,24.17550000000011,4
249110,249111,249112,short,1756.23,1758.6475500000001,loss,-27.475500000001194,24.17550000000011,1
249202,249203,249203,short,1747.42,1743.7936750000001,win,32.96324999999952,24.17550000000011,0
249294,249295,249298,short,1738.56,1740.97755,loss,-27.475500000001194,24.17550000000011,3
249386,249387,249392,short,1729.54,1731.95755,loss,-27.475500000001194,24.17550000000011,5
249478,249479,249481,short,1753.0,1755.4175500000001,loss,-27.475500000001194,24.17550000000011,2
249566,249567,249569,short,1760.25,1756.623675,win,32.96324999999952,24.17550000000011,2
249658,249659,249674,short,1758.48,1756.82,win,13.300000000000818,24.17550000000011,15
249750,249751,249754,short,1753.49,1749.863675,win,32.96324999999952,24.17550000000011,3
249842,249843,249844,short,1760.08,1762.49755,loss,-27.475500000001194,24.17550000000011,1
249934,249935,249938,short,1759.08,1755.453675,win,32.96324999999952,24.17550000000011,3
250022,250023,250038,short,1755.49,1754.85,win,3.1000000000010006,24.17550000000011,15
250114,250115,250118,short,1761.96,1758.333675,win,32.96324999999952,24.17550000000011,3
250206,250207,250212,short,1762.28,1764.69755,loss,-27.475500000001194,24.17550000000011,5
250296,250297,250300,short,1792.4,1794.8175500000002,loss,-27.475500000001194,24.17550000000011,3
250388,250389,250394,short,1792.58,1788.953675,win,32.96324999999952,24.17550000000011,5
250476,250477,250478,short,1762.22,1764.6375500000001,loss,-27.475500000001194,24.17550000000011,1
250568,250569,250572,short,1776.9,1779.3175500000002,loss,-27.475500000001194,24.17550000000011,3
250660,250661,250670,short,1776.38,1778.7975500000002,loss,-27.475500000001194,24.17550000000011,9
250752,250753,250755,short,1786.97,1783.343675,win,32.96324999999952,24.17550000000011,2
250844,250845,250846,short,1787.31,1789.72755,loss,-27.475500000001194,24.17550000000011,1
250932,250933,250941,short,1798.57,1800.98755,loss,-27.475500000001194,24.17550000000011,8
251024,251025,251030,short,1804.6,1800.973675,win,32.96324999999952,24.17550000000011,5
251116,251117,251118,short,1787.81,1790.22755,loss,-27.475500000001194,24.17550000000011,1
251208,251209,251210,short,1800.8,1803.21755,loss,-27.475500000001194,24.17550000000011,1
251300,251301,251310,short,1795.83,1792.203675,win,32.96324999999952,24.17550000000011,9
251392,251393,251402,short,1783.68,1786.0975500000002,loss,-27.475500000001194,24.17550000000011,9
251484,251485,251488,short,1795.53,1791.903675,win,32.96324999999952,24.17550000000011,3
251576,251577,251581,short,1780.82,1783.23755,loss,-27.475500000001194,24.17550000000011,4
251668,251669,251674,short,1774.41,1776.8275500000002,loss,-27.475500000001194,24.17550000000011,5
251760,251761,251765,short,1797.49,1799.9075500000001,loss,-27.475500000001194,24.17550000000011,4
251848,251849,251864,short,1815.82,1817.39,loss,-19.000000000001638,24.17550000000011,15
251940,251941,251942,short,1825.01,1821.383675,win,32.96324999999952,24.17550000000011,1
252032,252033,252048,short,1825.34,1823.3,win,17.099999999999635,24.17550000000011,15
252124,252125,252127,short,1853.78,1856.19755,loss,-27.475500000001194,24.17550000000011,2
252216,252217,252221,short,1858.62,1854.993675,win,32.96324999999952,24.17550000000011,4
252304,252305,252306,short,1856.83,1859.24755,loss,-27.475500000001194,24.17550000000011,1
252396,252397,252401,short,1864.04,1866.45755,loss,-27.475500000001194,24.17550000000011,4
252488,252489,252492,short,1854.95,1857.3675500000002,loss,-27.475500000001194,24.17550000000011,3
252580,252581,252583,short,1865.01,1867.42755,loss,-27.475500000001194,24.17550000000011,2
252672,252673,252678,short,1857.81,1854.183675,win,32.96324999999952,24.17550000000011,5
252760,252761,252765,short,1844.3,1846.71755,loss,-27.475500000001194,24.17550000000011,4
252852,252853,252853,short,1806.74,1809.1575500000001,loss,-27.475500000001194,24.17550000000011,0
252944,252945,252950,short,1795.27,1791.643675,win,32.96324999999952,24.17550000000011,5
253036,253037,253049,short,1793.99,1790.363675,win,32.96324999999952,24.17550000000011,12
253112,253113,253115,short,1801.57,1803.98755,loss,-27.475500000001194,24.17550000000011,2
253191,253192,253193,short,1793.49,1795.9075500000001,loss,-27.475500000001194,24.17550000000011,1
253283,253284,253287,short,1791.6,1794.01755,loss,-27.475500000001194,24.17550000000011,3
253375,253376,253379,short,1786.99,1783.363675,win,32.96324999999952,24.17550000000011,3
253467,253468,253471,short,1776.36,1772.733675,win,32.96324999999952,24.17550000000011,3
253559,253560,253567,short,1770.94,1767.313675,win,32.96324999999952,24.17550000000011,7
253647,253648,253652,short,1784.68,1781.053675,win,32.96324999999952,24.17550000000011,4
253739,253740,253747,short,1783.16,1779.5336750000001,win,32.96324999999952,24.17550000000011,7
253831,253832,253832,short,1787.06,1789.47755,loss,-27.475500000001194,24.17550000000011,0
253923,253924,253927,short,1785.01,1787.42755,loss,-27.475500000001194,24.17550000000011,3
254015,254016,254031,short,1773.6,1770.74,win,25.299999999999,24.17550000000011,15
254103,254104,254109,short,1784.49,1786.9075500000001,loss,-27.475500000001194,24.17550000000011,5
254195,254196,254198,short,1787.67,1784.0436750000001,win,32.96324999999952,24.17550000000011,2
254287,254288,254296,short,1767.91,1770.3275500000002,loss,-27.475500000001194,24.17550000000011,8
254379,254380,254395,short,1785.24,1787.6575500000001,loss,-27.475500000001194,24.17550000000011,15
254471,254472,254474,short,1807.08,1809.49755,loss,-27.475500000001194,24.17550000000011,2
254559,254560,254573,short,1800.79,1797.163675,win,32.96324999999952,24.17550000000011,13
254651,254652,254654,short,1790.4,1792.8175500000002,loss,-27.475500000001194,24.17550000000011,2
254743,254744,254747,short,1786.52,1788.93755,loss,-27.475500000001194,24.17550000000011,3
254835,254836,254851,short,1806.27,1804.97,win,9.699999999999545,24.17550000000011,15
254927,254928,254937,short,1808.77,1805.143675,win,32.96324999999952,24.17550000000011,9
255019,255020,255035,short,1815.71,1818.1275500000002,loss,-27.475500000001194,24.17550000000011,15
255111,255112,255115,short,1805.9,1802.2736750000001,win,32.96324999999952,24.17550000000011,3
255203,255204,255208,short,1797.32,1799.73755,loss,-27.475500000001194,24.17550000000011,4
255295,255296,255299,short,1819.4,1815.7736750000001,win,32.96324999999952,24.17550000000011,3
255383,255384,255394,short,1822.83,1825.24755,loss,-27.475500000001194,24.17550000000011,10
255475,255476,255476,short,1803.57,1805.98755,loss,-27.475500000001194,24.17550000000011,0
255567,255568,255576,short,1815.25,1817.6675500000001,loss,-27.475500000001194,24.17550000000011,8
255659,255660,255664,short,1802.3,1798.673675,win,32.96324999999952,24.17550000000011,4
255751,255752,255762,short,1790.86,1793.27755,loss,-27.475500000001194,24.17550000000011,10
255839,255840,255841,short,1791.73,1794.1475500000001,loss,-27.475500000001194,24.17550000000011,1
255931,255932,255944,short,1809.24,1805.613675,win,32.96324999999952,24.17550000000011,12
256023,256024,256030,short,1818.3,1814.673675,win,32.96324999999952,24.17550000000011,6
256115,256116,256117,short,1824.15,1826.5675500000002,loss,-27.475500000001194,24.17550000000011,1
256207,256208,256212,short,1826.48,1828.8975500000001,loss,-27.475500000001194,24.17550000000011,4
256295,256296,256299,short,1819.84,1822.25755,loss,-27.475500000001194,24.17550000000011,3
256376,256377,256378,short,1814.16,1816.5775500000002,loss,-27.475500000001194,24.17550000000011,1
256468,256469,256478,short,1814.14,1816.5575500000002,loss,-27.475500000001194,24.17550000000011,9
256560,256561,256576,short,1839.8,1837.3,win,21.7,24.17550000000011,15
256652,256653,256654,short,1842.03,1838.403675,win,32.96324999999952,24.17550000000011,1
256740,256741,256742,short,1836.69,1839.1075500000002,loss,-27.475500000001194,24.17550000000011,1
256832,256833,256840,short,1841.9,1838.2736750000001,win,32.96324999999952,24.17550000000011,7
256924,256925,256940,short,1846.66,1844.6,win,17.300000000001727,24.17550000000011,15
257016,257017,257018,short,1815.22,1811.593675,win,32.96324999999952,24.17550000000011,1
257108,257109,257113,short,1796.62,1792.993675,win,32.96324999999952,24.17550000000011,4
257196,257197,257201,short,1787.29,1789.70755,loss,-27.475500000001194,24.17550000000011,4
257288,257289,257296,short,1802.41,1804.8275500000002,loss,-27.475500000001194,24.17550000000011,7
257380,257381,257382,short,1798.24,1794.613675,win,32.96324999999952,24.17550000000011,1
257472,257473,257488,short,1804.78,1802.79,win,16.60000000000009,24.17550000000011,15
257564,257565,257575,short,1807.71,1810.1275500000002,loss,-27.475500000001194,24.17550000000011,10
257652,257653,257656,short,1811.21,1813.6275500000002,loss,-27.475500000001194,24.17550000000011,3
257744,257745,257760,short,1818.59,1818.51,loss,-2.5000000000007274,24.17550000000011,15
257836,257837,257852,short,1827.21,1826.14,win,7.3999999999993635,24.17550000000011,15
257928,257929,257934,short,1834.35,1830.723675,win,32.96324999999952,24.17550000000011,5
258020,258021,258023,short,1823.4,1825.8175500000002,loss,-27.475500000001194,24.17550000000011,2
258108,258109,258111,short,1852.33,1854.74755,loss,-27.475500000001194,24.17550000000011,2
258200,258201,258204,short,1878.03,1874.403675,win,32.96324999999952,24.17550000000011,3
258292,258293,258303,short,1855.67,1858.0875500000002,loss,-27.475500000001194,24.17550000000011,10
258384,258385,258389,short,1875.33,1877.74755,loss,-27.475500000001194,24.17550000000011,4
258476,258477,258480,short,1890.58,1892.99755,loss,-27.475500000001194,24.17550000000011,3
258564,258565,258566,short,1888.25,1890.6675500000001,loss,-27.475500000001194,24.17550000000011,1
258645,258646,258648,short,1911.18,1907.553675,win,32.96324999999952,24.17550000000011,2
258737,258738,258743,short,1897.4,1893.7736750000001,win,32.96324999999952,24.17550000000011,5
258829,258830,258831,short,1943.19,1939.563675,win,32.96324999999952,24.17550000000011,1
258921,258922,258923,short,1918.77,1915.143675,win,32.96324999999952,24.17550000000011,1
259009,259010,259010,short,1906.72,1903.093675,win,32.96324999999952,24.17550000000011,0
259101,259102,259105,short,1907.63,1910.0475500000002,loss,-27.475500000001194,24.17550000000011,3
259193,259194,259194,short,1940.82,1943.23755,loss,-27.475500000001194,24.17550000000011,0
259285,259286,259287,short,1927.78,1930.19755,loss,-27.475500000001194,24.17550000000011,1
259377,259378,259378,short,1935.76,1938.17755,loss,-27.475500000001194,24.17550000000011,0
259465,259466,259467,short,1981.76,1984.17755,loss,-27.475500000001194,24.17550000000011,1
259557,259558,259558,short,2018.31,2014.683675,win,32.96324999999952,24.17550000000011,0
259649,259650,259650,short,2045.21,2047.6275500000002,loss,-27.475500000001194,24.17550000000011,0
259741,259742,259743,short,1980.3,1976.673675,win,32.96324999999952,24.17550000000011,1
259833,259834,259834,short,1981.51,1983.92755,loss,-27.475500000001194,24.17550000000011,0
259925,259926,259929,short,1975.32,1971.693675,win,32.96324999999952,24.17550000000011,3
260017,260018,260018,short,1932.43,1934.8475500000002,loss,-27.475500000001194,24.17550000000011,0
260109,260110,260110,short,1914.17,1916.5875500000002,loss,-27.475500000001194,24.17550000000011,0
260201,260202,260204,short,1932.71,1935.1275500000002,loss,-27.475500000001194,24.17550000000011,2
260293,260294,260299,short,1933.48,1935.8975500000001,loss,-27.475500000001194,24.17550000000011,5
260385,260386,260392,short,1924.35,1926.76755,loss,-27.475500000001194,24.17550000000011,6
260477,260478,260481,short,1934.59,1930.963675,win,32.96324999999952,24.17550000000011,3
260569,260570,260571,short,1917.57,1919.98755,loss,-27.475500000001194,24.17550000000011,1
260661,260662,260665,short,1942.56,1944.97755,loss,-27.475500000001194,24.17550000000011,3
260753,260754,260758,short,1955.41,1957.8275500000002,loss,-27.475500000001194,24.17550000000011,4
260841,260842,260843,short,1936.78,1933.153675,win,32.96324999999952,24.17550000000011,1
260933,260934,260939,short,1922.5,1918.873675,win,32.96324999999952,24.17550000000011,5
261025,261026,261029,short,1925.89,1922.2636750000001,win,32.96324999999952,24.17550000000011,3
261117,261118,261119,short,1923.77,1926.18755,loss,-27.475500000001194,24.17550000000011,1
261209,261210,261212,short,1935.79,1932.163675,win,32.96324999999952,24.17550000000011,2
261297,261298,261298,short,1919.3,1921.71755,loss,-27.475500000001194,24.17550000000011,0
261389,261390,261396,short,1931.19,1927.563675,win,32.96324999999952,24.17550000000011,6
261481,261482,261485,short,1919.01,1915.383675,win,32.96324999999952,24.17550000000011,3
261573,261574,261578,short,1924.04,1926.45755,loss,-27.475500000001194,24.17550000000011,4
261665,261666,261681,short,1931.08,1933.49755,loss,-27.475500000001194,24.17550000000011,15
261753,261754,261759,short,1943.44,1945.8575500000002,loss,-27.475500000001194,24.17550000000011,5
261845,261846,261849,short,1956.52,1958.93755,loss,-27.475500000001194,24.17550000000011,3
261937,261938,261941,short,1969.66,1966.0336750000001,win,32.96324999999952,24.17550000000011,3
262029,262030,262035,short,1973.56,1975.97755,loss,-27.475500000001194,24.17550000000011,5
262121,262122,262122,short,1986.19,1988.6075500000002,loss,-27.475500000001194,24.17550000000011,0
262213,262214,262217,short,1974.52,1976.93755,loss,-27.475500000001194,24.17550000000011,3
262305,262306,262309,short,1940.41,1942.8275500000002,loss,-27.475500000001194,24.17550000000011,3
262397,262398,262405,short,1952.22,1948.593675,win,32.96324999999952,24.17550000000011,7
262489,262490,262497,short,1953.71,1950.083675,win,32.96324999999952,24.17550000000011,7
262577,262578,262580,short,1914.39,1916.8075500000002,loss,-27.475500000001194,24.17550000000011,2
262669,262670,262671,short,1904.7,1901.073675,win,32.96324999999952,24.17550000000011,1
262761,262762,262763,short,1898.76,1901.17755,loss,-27.475500000001194,24.17550000000011,1
262853,262854,262856,short,1875.57,1877.98755,loss,-27.475500000001194,24.17550000000011,2
262945,262946,262946,short,1908.13,1910.5475500000002,loss,-27.475500000001194,24.17550000000011,0
263033,263034,263036,short,1884.94,1887.3575500000002,loss,-27.475500000001194,24.17550000000011,2
263125,263126,263128,short,1860.22,1856.593675,win,32.96324999999952,24.17550000000011,2
263217,263218,263220,short,1862.89,1865.3075500000002,loss,-27.475500000001194,24.17550000000011,2
263309,263310,263310,short,1899.15,1901.5675500000002,loss,-27.475500000001194,24.17550000000011,0
263401,263402,263411,short,1875.86,1878.27755,loss,-27.475500000001194,24.17550000000011,9
263489,263490,263494,short,1871.04,1867.413675,win,32.96324999999952,24.17550000000011,4
263581,263582,263583,short,1864.08,1860.453675,win,32.96324999999952,24.17550000000011,1
263673,263674,263674,short,1839.32,1841.73755,loss,-27.475500000001194,24.17550000000011,0
263765,263766,263766,short,1847.75,1850.1675500000001,loss,-27.475500000001194,24.17550000000011,0
263857,263858,263859,short,1825.21,1821.583675,win,32.96324999999952,24.17550000000011,1
263945,263946,263949,short,1805.03,1807.44755,loss,-27.475500000001194,24.17550000000011,3
264037,264038,264042,short,1828.67,1825.0436750000001,win,32.96324999999952,24.17550000000011,4
264129,264130,264132,short,1813.22,1809.593675,win,32.96324999999952,24.17550000000011,2
264221,264222,264228,short,1814.47,1810.843675,win,32.96324999999952,24.17550000000011,6
264313,264314,264315,short,1845.38,1847.7975500000002,loss,-27.475500000001194,24.17550000000011,1
264401,264402,264407,short,1854.23,1856.6475500000001,loss,-27.475500000001194,24.17550000000011,5
264493,264494,264497,short,1851.29,1853.70755,loss,-27.475500000001194,24.17550000000011,3
264585,264586,264601,short,1857.97,1854.343675,win,32.96324999999952,24.17550000000011,15
264677,264678,264681,short,1845.09,1847.50755,loss,-27.475500000001194,24.17550000000011,3
264769,264770,264774,short,1854.86,1857.27755,loss,-27.475500000001194,24.17550000000011,4
264857,264858,264864,short,1862.05,1858.423675,win,32.96324999999952,24.17550000000011,6
264939,264940,264948,short,1854.07,1856.48755,loss,-27.475500000001194,24.17550000000011,8
265031,265032,265035,short,1833.16,1835.5775500000002,loss,-27.475500000001194,24.17550000000011,3
265123,265124,265125,short,1848.29,1850.70755,loss,-27.475500000001194,24.17550000000011,1
265215,265216,265227,short,1867.27,1863.643675,win,32.96324999999952,24.17550000000011,11
265303,265304,265311,short,1854.86,1851.233675,win,32.96324999999952,24.17550000000011,7
265395,265396,265398,short,1839.25,1841.6675500000001,loss,-27.475500000001194,24.17550000000011,2
265487,265488,265503,short,1849.59,1850.68,loss,-14.200000000001456,24.17550000000011,15
265579,265580,265588,short,1851.29,1847.663675,win,32.96324999999952,24.17550000000011,8
265671,265672,265677,short,1844.7,1847.1175500000002,loss,-27.475500000001194,24.17550000000011,5
265759,265760,265764,short,1864.34,1860.713675,win,32.96324999999952,24.17550000000011,4
265851,265852,265855,short,1828.16,1830.5775500000002,loss,-27.475500000001194,24.17550000000011,3
265943,265944,265945,short,1818.28,1820.69755,loss,-27.475500000001194,24.17550000000011,1
266035,266036,266037,short,1831.89,1828.2636750000001,win,32.96324999999952,24.17550000000011,1
266127,266128,266133,short,1844.92,1847.3375500000002,loss,-27.475500000001194,24.17550000000011,5
266215,266216,266221,short,1843.34,1839.713675,win,32.96324999999952,24.17550000000011,5
266297,266298,266304,short,1834.52,1836.93755,loss,-27.475500000001194,24.17550000000011,6
266389,266390,266393,short,1824.4,1826.8175500000002,loss,-27.475500000001194,24.17550000000011,3
266481,266482,266487,short,1833.37,1835.78755,loss,-27.475500000001194,24.17550000000011,5
266573,266574,266578,short,1823.38,1825.7975500000002,loss,-27.475500000001194,24.17550000000011,4
266661,266662,266664,short,1834.57,1836.98755,loss,-27.475500000001194,24.17550000000011,2
266753,266754,266769,short,1827.69,1825.34,win,20.200000000001364,24.17550000000011,15
266845,266846,266847,short,1820.38,1816.7536750000002,win,32.96324999999952,24.17550000000011,1
266937,266938,266944,short,1816.92,1813.2936750000001,win,32.96324999999952,24.17550000000011,6
267029,267030,267033,short,1797.7,1794.073675,win,32.96324999999952,24.17550000000011,3
267117,267118,267125,short,1811.42,1807.7936750000001,win,32.96324999999952,24.17550000000011,7
267199,267200,267204,short,1810.53,1806.903675,win,32.96324999999952,24.17550000000011,4
267291,267292,267294,short,1766.71,1769.1275500000002,loss,-27.475500000001194,24.17550000000011,2
267383,267384,267388,short,1745.49,1741.863675,win,32.96324999999952,24.17550000000011,4
267475,267476,267481,short,1741.77,1738.143675,win,32.96324999999952,24.17550000000011,5
267563,267564,267570,short,1739.74,1736.113675,win,32.96324999999952,24.17550000000011,6
267655,267656,267657,short,1730.33,1732.74755,loss,-27.475500000001194,24.17550000000011,1
267747,267748,267750,short,1724.62,1727.03755,loss,-27.475500000001194,24.17550000000011,2
267839,267840,267842,short,1725.7,1722.073675,win,32.96324999999952,24.17550000000011,2
267931,267932,267933,short,1706.87,1703.243675,win,32.96324999999952,24.17550000000011,1
268019,268020,268024,short,1714.7,1717.1175500000002,loss,-27.475500000001194,24.17550000000011,4
268111,268112,268119,short,1709.3,1711.71755,loss,-27.475500000001194,24.17550000000011,7
268203,268204,268208,short,1706.73,1709.1475500000001,loss,-27.475500000001194,24.17550000000011,4
268295,268296,268296,short,1692.82,1689.193675,win,32.96324999999952,24.17550000000011,0
268387,268388,268392,short,1716.91,1719.3275500000002,loss,-27.475500000001194,24.17550000000011,4
268475,268476,268478,short,1724.65,1727.0675500000002,loss,-27.475500000001194,24.17550000000011,2
268567,268568,268570,short,1722.99,1725.4075500000001,loss,-27.475500000001194,24.17550000000011,2
268659,268660,268667,short,1719.65,1722.0675500000002,loss,-27.475500000001194,24.17550000000011,7
268751,268752,268753,short,1738.8,1741.21755,loss,-27.475500000001194,24.17550000000011,1
268843,268844,268851,short,1766.53,1762.903675,win,32.96324999999952,24.17550000000011,7
268931,268932,268933,short,1760.96,1763.3775500000002,loss,-27.475500000001194,24.17550000000011,1
269023,269024,269025,short,1773.27,1775.68755,loss,-27.475500000001194,24.17550000000011,1
269115,269116,269131,short,1767.57,1764.32,win,29.2,24.17550000000011,15
269207,269208,269210,short,1769.37,1771.78755,loss,-27.475500000001194,24.17550000000011,2
269299,269300,269303,short,1789.76,1792.17755,loss,-27.475500000001194,24.17550000000011,3
269387,269388,269391,short,1773.48,1775.8975500000001,loss,-27.475500000001194,24.17550000000011,3
269479,269480,269487,short,1786.83,1789.24755,loss,-27.475500000001194,24.17550000000011,7
269571,269572,269577,short,1789.05,1791.46755,loss,-27.475500000001194,24.17550000000011,5
269663,269664,269668,short,1785.61,1788.02755,loss,-27.475500000001194,24.17550000000011,4
269755,269756,269759,short,1791.35,1793.76755,loss,-27.475500000001194,24.17550000000011,3
269843,269844,269848,short,1791.81,1788.183675,win,32.96324999999952,24.17550000000011,4
269935,269936,269940,short,1781.54,1777.913675,win,32.96324999999952,24.17550000000011,4
270027,270028,270032,short,1779.23,1775.603675,win,32.96324999999952,24.17550000000011,4
270119,270120,270130,short,1763.1,1765.51755,loss,-27.475500000001194,24.17550000000011,10
270211,270212,270219,short,1755.77,1752.143675,win,32.96324999999952,24.17550000000011,7
270299,270300,270303,short,1742.72,1739.093675,win,32.96324999999952,24.17550000000011,3
270391,270392,270399,short,1736.65,1739.0675500000002,loss,-27.475500000001194,24.17550000000011,7
270483,270484,270490,short,1745.16,1747.5775500000002,loss,-27.475500000001194,24.17550000000011,6
270575,270576,270577,short,1757.04,1759.45755,loss,-27.475500000001194,24.17550000000011,1
270667,270668,270672,short,1756.65,1753.0236750000001,win,32.96324999999952,24.17550000000011,4
270755,270756,270758,short,1722.76,1725.17755,loss,-27.475500000001194,24.17550000000011,2
270847,270848,270852,short,1734.38,1730.7536750000002,win,32.96324999999952,24.17550000000011,4
270939,270940,270944,short,1722.9,1719.2736750000001,win,32.96324999999952,24.17550000000011,4
271031,271032,271040,short,1705.27,1701.643675,win,32.96324999999952,24.17550000000011,8
271123,271124,271129,short,1701.09,1703.50755,loss,-27.475500000001194,24.17550000000011,5
271211,271212,271215,short,1711.89,1708.2636750000001,win,32.96324999999952,24.17550000000011,3
271294,271295,271296,short,1716.76,1719.17755,loss,-27.475500000001194,24.17550000000011,1
271386,271387,271390,short,1697.24,1699.6575500000001,loss,-27.475500000001194,24.17550000000011,3
271478,271479,271482,short,1718.51,1720.92755,loss,-27.475500000001194,24.17550000000011,3
271570,271571,271571,short,1720.18,1722.5975500000002,loss,-27.475500000001194,24.17550000000011,0
271658,271659,271659,short,1712.5,1714.9175500000001,loss,-27.475500000001194,24.17550000000011,0
271750,271751,271762,short,1723.56,1725.97755,loss,-27.475500000001194,24.17550000000011,11
271842,271843,271848,short,1702.41,1698.7836750000001,win,32.96324999999952,24.17550000000011,5
271934,271935,271950,short,1688.06,1690.47755,loss,-27.475500000001194,24.17550000000011,15
272026,272027,272028,short,1662.9,1659.2736750000001,win,32.96324999999952,24.17550000000011,1
272114,272115,272119,short,1665.26,1661.633675,win,32.96324999999952,24.17550000000011,4
272206,272207,272208,short,1671.72,1674.1375500000001,loss,-27.475500000001194,24.17550000000011,1
272298,272299,272299,short,1669.62,1672.03755,loss,-27.475500000001194,24.17550000000011,0
272390,272391,272394,short,1660.32,1656.693675,win,32.96324999999952,24.17550000000011,3
272482,272483,272485,short,1673.27,1669.643675,win,32.96324999999952,24.17550000000011,2
272570,272571,272574,short,1637.62,1640.03755,loss,-27.475500000001194,24.17550000000011,3
272662,272663,272663,short,1633.77,1636.18755,loss,-27.475500000001194,24.17550000000011,0
272754,272755,272758,short,1622.36,1618.733675,win,32.96324999999952,24.17550000000011,3
272846,272847,272848,short,1642.88,1645.2975500000002,loss,-27.475500000001194,24.17550000000011,1
272938,272939,272942,short,1667.98,1670.3975500000001,loss,-27.475500000001194,24.17550000000011,3
273026,273027,273027,short,1667.89,1664.2636750000001,win,32.96324999999952,24.17550000000011,0
273118,273119,273120,short,1702.15,1704.5675500000002,loss,-27.475500000001194,24.17550000000011,1
273210,273211,273211,short,1719.03,1721.44755,loss,-27.475500000001194,24.17550000000011,0
273302,273303,273306,short,1723.22,1719.593675,win,32.96324999999952,24.17550000000011,3
273394,273395,273406,short,1711.43,1713.8475500000002,loss,-27.475500000001194,24.17550000000011,11
273482,273483,273484,short,1688.39,1684.7636750000001,win,32.96324999999952,24.17550000000011,1
273574,273575,273576,short,1666.88,1669.2975500000002,loss,-27.475500000001194,24.17550000000011,1
273666,273667,273667,short,1669.35,1671.76755,loss,-27.475500000001194,24.17550000000011,0
273758,273759,273765,short,1669.2,1671.6175500000002,loss,-27.475500000001194,24.17550000000011,6
273850,273851,273855,short,1669.84,1666.213675,win,32.96324999999952,24.17550000000011,4
273938,273939,273940,short,1652.68,1649.053675,win,32.96324999999952,24.17550000000011,1
274030,274031,274035,short,1654.85,1651.223675,win,32.96324999999952,24.17550000000011,4
274122,274123,274125,short,1645.55,1641.923675,win,32.96324999999952,24.17550000000011,2
274214,274215,274218,short,1631.23,1627.603675,win,32.96324999999952,24.17550000000011,3
274306,274307,274310,short,1620.77,1617.143675,win,32.96324999999952,24.17550000000011,3
274394,274395,274396,short,1654.51,1656.92755,loss,-27.475500000001194,24.17550000000011,1
274486,274487,274488,short,1648.92,1651.3375500000002,loss,-27.475500000001194,24.17550000000011,1
274578,274579,274581,short,1662.42,1664.8375500000002,loss,-27.475500000001194,24.17550000000011,2
274670,274671,274672,short,1665.62,1661.993675,win,32.96324999999952,24.17550000000011,1
274762,274763,274766,short,1658.98,1655.353675,win,32.96324999999952,24.17550000000011,3
274854,274855,274859,short,1641.52,1637.893675,win,32.96324999999952,24.17550000000011,4
274946,274947,274947,short,1649.36,1645.733675,win,32.96324999999952,24.17550000000011,0
275038,275039,275043,short,1651.35,1653.76755,loss,-27.475500000001194,24.17550000000011,4
275130,275131,275135,short,1630.14,1626.5136750000001,win,32.96324999999952,24.17550000000011,4
275222,275223,275231,short,1647.27,1649.68755,loss,-27.475500000001194,24.17550000000011,8
275310,275311,275315,short,1669.06,1671.47755,loss,-27.475500000001194,24.17550000000011,4
275402,275403,275406,short,1668.45,1670.8675500000002,loss,-27.475500000001194,24.17550000000011,3
275494,275495,275498,short,1711.28,1713.69755,loss,-27.475500000001194,24.17550000000011,3
275586,275587,275595,short,1708.53,1704.903675,win,32.96324999999952,24.17550000000011,8
275678,275679,275679,short,1757.88,1760.2975500000002,loss,-27.475500000001194,24.17550000000011,0
275766,275767,275768,short,1760.46,1762.8775500000002,loss,-27.475500000001194,24.17550000000011,1
275858,275859,275859,short,1771.45,1773.8675500000002,loss,-27.475500000001194,24.17550000000011,0
275950,275951,275952,short,1772.27,1774.68755,loss,-27.475500000001194,24.17550000000011,1
276042,276043,276044,short,1766.07,1768.48755,loss,-27.475500000001194,24.17550000000011,1
276134,276135,276139,short,1765.83,1762.203675,win,32.96324999999952,24.17550000000011,4
276222,276223,276224,short,1746.55,1742.923675,win,32.96324999999952,24.17550000000011,1
276314,276315,276317,short,1741.13,1743.5475500000002,loss,-27.475500000001194,24.17550000000011,2
276406,276407,276408,short,1739.84,1742.25755,loss,-27.475500000001194,24.17550000000011,1
276498,276499,276502,short,1756.63,1753.0036750000002,win,32.96324999999952,24.17550000000011,3
276576,276577,276579,short,1755.69,1752.063675,win,32.96324999999952,24.17550000000011,2
276654,276655,276656,short,1753.4,1749.7736750000001,win,32.96324999999952,24.17550000000011,1
276746,276747,276750,short,1752.58,1754.99755,loss,-27.475500000001194,24.17550000000011,3
276838,276839,276845,short,1755.55,1757.96755,loss,-27.475500000001194,24.17550000000011,6
276930,276931,276933,short,1780.0,1776.373675,win,32.96324999999952,24.17550000000011,2
277022,277023,277024,short,1799.42,1801.8375500000002,loss,-27.475500000001194,24.17550000000011,1
277110,277111,277111,short,1798.34,1800.75755,loss,-27.475500000001194,24.17550000000011,0
277202,277203,277209,short,1770.86,1773.27755,loss,-27.475500000001194,24.17550000000011,6
277294,277295,277296,short,1771.78,1774.19755,loss,-27.475500000001194,24.17550000000011,1
277386,277387,277396,short,1785.33,1781.703675,win,32.96324999999952,24.17550000000011,9
277478,277479,277480,short,1795.59,1791.963675,win,32.96324999999952,24.17550000000011,1
277566,277567,277569,short,1788.76,1791.17755,loss,-27.475500000001194,24.17550000000011,2
277658,277659,277667,short,1787.21,1783.583675,win,32.96324999999952,24.17550000000011,8
277750,277751,277754,short,1810.17,1806.5436750000001,win,32.96324999999952,24.17550000000011,3
277842,277843,277845,short,1792.22,1788.593675,win,32.96324999999952,24.17550000000011,2
277934,277935,277935,short,1784.33,1780.703675,win,32.96324999999952,24.17550000000011,0
278022,278023,278026,short,1792.07,1794.48755,loss,-27.475500000001194,24.17550000000011,3
278114,278115,278118,short,1793.61,1796.02755,loss,-27.475500000001194,24.17550000000011,3
278206,278207,278208,short,1812.63,1815.0475500000002,loss,-27.475500000001194,24.17550000000011,1
278298,278299,278301,short,1813.78,1816.19755,loss,-27.475500000001194,24.17550000000011,2
278390,278391,278401,short,1796.58,1798.99755,loss,-27.475500000001194,24.17550000000011,10
278478,278479,278487,short,1806.38,1808.7975500000002,loss,-27.475500000001194,24.17550000000011,8
278570,278571,278574,short,1807.83,1810.24755,loss,-27.475500000001194,24.17550000000011,3
278662,278663,278666,short,1806.36,1808.77755,loss,-27.475500000001194,24.17550000000011,3
278754,278755,278756,short,1820.93,1817.303675,win,32.96324999999952,24.17550000000011,1
278843,278844,278844,short,1842.3,1844.71755,loss,-27.475500000001194,24.17550000000011,0
278935,278936,278937,short,1851.05,1853.46755,loss,-27.475500000001194,24.17550000000011,1
279027,279028,279030,short,1853.14,1849.5136750000001,win,32.96324999999952,24.17550000000011,2
279119,279120,279127,short,1838.8,1835.173675,win,32.96324999999952,24.17550000000011,7
279207,279208,279209,short,1879.17,1875.5436750000001,win,32.96324999999952,24.17550000000011,1
279299,279300,279306,short,1872.68,1875.0975500000002,loss,-27.475500000001194,24.17550000000011,6
279391,279392,279398,short,1882.4,1884.8175500000002,loss,-27.475500000001194,24.17550000000011,6
279483,279484,279493,short,1882.38,1884.7975500000002,loss,-27.475500000001194,24.17550000000011,9
279575,279576,279578,short,1896.29,1898.70755,loss,-27.475500000001194,24.17550000000011,2
279663,279664,279669,short,1915.36,1911.733675,win,32.96324999999952,24.17550000000011,5
279746,279747,279750,short,1908.84,1911.25755,loss,-27.475500000001194,24.17550000000011,3
279838,279839,279839,short,1904.36,1906.77755,loss,-27.475500000001194,24.17550000000011,0
279930,279931,279933,short,1908.57,1910.98755,loss,-27.475500000001194,24.17550000000011,2
280022,280023,280024,short,1927.87,1930.28755,loss,-27.475500000001194,24.17550000000011,1
280110,280111,280116,short,1921.93,1924.3475500000002,loss,-27.475500000001194,24.17550000000011,5
280202,280203,280204,short,1938.0,1940.4175500000001,loss,-27.475500000001194,24.17550000000011,1
280294,280295,280296,short,1932.01,1928.383675,win,32.96324999999952,24.17550000000011,1
280386,280387,280389,short,1940.55,1942.96755,loss,-27.475500000001194,24.17550000000011,2
280478,280479,280486,short,1924.33,1926.74755,loss,-27.475500000001194,24.17550000000011,7
280566,280567,280567,short,1931.3,1927.673675,win,32.96324999999952,24.17550000000011,0
280658,280659,280662,short,1914.92,1911.2936750000001,win,32.96324999999952,24.17550000000011,3
280750,280751,280754,short,1927.04,1923.413675,win,32.96324999999952,24.17550000000011,3
280842,280843,280843,short,1959.32,1955.693675,win,32.96324999999952,24.17550000000011,0
280934,280935,280936,short,1917.02,1913.393675,win,32.96324999999952,24.17550000000011,1
281022,281023,281026,short,1876.41,1878.8275500000002,loss,-27.475500000001194,24.17550000000011,3
281114,281115,281117,short,1873.14,1875.5575500000002,loss,-27.475500000001194,24.17550000000011,2
281206,281207,281207,short,1874.83,1877.24755,loss,-27.475500000001194,24.17550000000011,0
281298,281299,281300,short,1879.49,1881.9075500000001,loss,-27.475500000001194,24.17550000000011,1
281390,281391,281393,short,1861.75,1864.1675500000001,loss,-27.475500000001194,24.17550000000011,2
281478,281479,281483,short,1864.15,1860.5236750000001,win,32.96324999999952,24.17550000000011,4
281570,281571,281576,short,1861.5,1857.873675,win,32.96324999999952,24.17550000000011,5
281662,281663,281664,short,1842.67,1839.0436750000001,win,32.96324999999952,24.17550000000011,1
281754,281755,281757,short,1838.39,1840.8075500000002,loss,-27.475500000001194,24.17550000000011,2
281846,281847,281848,short,1822.96,1825.3775500000002,loss,-27.475500000001194,24.17550000000011,1
281934,281935,281938,short,1844.77,1847.18755,loss,-27.475500000001194,24.17550000000011,3
282017,282018,282018,short,1838.3,1834.673675,win,32.96324999999952,24.17550000000011,0
282109,282110,282112,short,1835.86,1838.27755,loss,-27.475500000001194,24.17550000000011,2
282201,282202,282205,short,1831.6,1827.973675,win,32.96324999999952,24.17550000000011,3
282293,282294,282297,short,1824.27,1820.643675,win,32.96324999999952,24.17550000000011,3
282381,282382,282384,short,1808.11,1810.52755,loss,-27.475500000001194,24.17550000000011,2
282473,282474,282477,short,1812.24,1808.613675,win,32.96324999999952,24.17550000000011,3
282565,282566,282573,short,1834.31,1836.72755,loss,-27.475500000001194,24.17550000000011,7
282657,282658,282664,short,1832.09,1834.50755,loss,-27.475500000001194,24.17550000000011,6
282749,282750,282755,short,1843.2,1845.6175500000002,loss,-27.475500000001194,24.17550000000011,5
282837,282838,282839,short,1855.23,1857.6475500000001,loss,-27.475500000001194,24.17550000000011,1
282929,282930,282930,short,1847.28,1849.69755,loss,-27.475500000001194,24.17550000000011,0
283021,283022,283037,short,1813.69,1815.72,loss,-23.599999999999728,24.17550000000011,15
283113,283114,283119,short,1813.39,1815.8075500000002,loss,-27.475500000001194,24.17550000000011,5
283205,283206,283209,short,1832.51,1834.92755,loss,-27.475500000001194,24.17550000000011,3
283297,283298,283299,short,1873.16,1875.5775500000002,loss,-27.475500000001194,24.17550000000011,1
283389,283390,283394,short,1910.97,1907.343675,win,32.96324999999952,24.17550000000011,4
283481,283482,283484,short,1900.16,1896.5336750000001,win,32.96324999999952,24.17550000000011,2
283573,283574,283574,short,1913.22,1915.6375500000001,loss,-27.475500000001194,24.17550000000011,0
283665,283666,283667,short,1929.19,1931.6075500000002,loss,-27.475500000001194,24.17550000000011,1
283757,283758,283758,short,1995.13,1997.5475500000002,loss,-27.475500000001194,24.17550000000011,0
283849,283850,283851,short,1977.9,1974.2736750000001,win,32.96324999999952,24.17550000000011,1
283941,283942,283942,short,1938.01,1934.383675,win,32.96324999999952,24.17550000000011,0
284033,284034,284034,short,1977.27,1979.68755,loss,-27.475500000001194,24.17550000000011,0
284125,284126,284129,short,1987.92,1990.3375500000002,loss,-27.475500000001194,24.17550000000011,3
284213,284214,284216,short,1968.59,1971.00755,loss,-27.475500000001194,24.17550000000011,2
284305,284306,284315,short,1955.1,1951.473675,win,32.96324999999952,24.17550000000011,9
284397,284398,284401,short,1962.72,1959.093675,win,32.96324999999952,24.17550000000011,3
284489,284490,284493,short,1967.35,1969.76755,loss,-27.475500000001194,24.17550000000011,3
284581,284582,284584,short,1980.38,1982.7975500000002,loss,-27.475500000001194,24.17550000000011,2
284669,284670,284670,short,1951.99,1954.4075500000001,loss,-27.475500000001194,24.17550000000011,0
284761,284762,284763,short,1978.63,1981.0475500000002,loss,-27.475500000001194,24.17550000000011,1
284853,284854,284857,short,2023.96,2026.3775500000002,loss,-27.475500000001194,24.17550000000011,3
284945,284946,284951,short,2015.07,2017.48755,loss,-27.475500000001194,24.17550000000011,5
285037,285038,285039,short,1992.36,1994.77755,loss,-27.475500000001194,24.17550000000011,1
285129,285130,285134,short,2000.23,2002.6475500000001,loss,-27.475500000001194,24.17550000000011,4
285221,285222,285223,short,2017.1,2013.473675,win,32.96324999999952,24.17550000000011,1
285313,285314,285314,short,2018.27,2020.68755,loss,-27.475500000001194,24.17550000000011,0
285405,285406,285409,short,2043.0,2039.373675,win,32.96324999999952,24.17550000000011,3
285493,285494,285497,short,2012.52,2014.93755,loss,-27.475500000001194,24.17550000000011,3
285585,285586,285590,short,1999.98,2002.3975500000001,loss,-27.475500000001194,24.17550000000011,4
285677,285678,285678,short,1994.21,1990.583675,win,32.96324999999952,24.17550000000011,0
285769,285770,285771,short,1997.08,1999.49755,loss,-27.475500000001194,24.17550000000011,1
285861,285862,285862,short,1996.01,1992.383675,win,32.96324999999952,24.17550000000011,0
285949,285950,285960,short,1981.22,1983.6375500000001,loss,-27.475500000001194,24.17550000000011,10
286041,286042,286047,short,1995.77,1992.143675,win,32.96324999999952,24.17550000000011,5
286133,286134,286135,short,1996.02,1998.43755,loss,-27.475500000001194,24.17550000000011,1
286225,286226,286226,short,1998.75,2001.1675500000001,loss,-27.475500000001194,24.17550000000011,0
286317,286318,286325,short,1984.91,1981.2836750000001,win,32.96324999999952,24.17550000000011,7
286405,286406,286415,short,1981.69,1978.063675,win,32.96324999999952,24.17550000000011,9
286497,286498,286505,short,1983.49,1979.863675,win,32.96324999999952,24.17550000000011,7
286589,286590,286591,short,2014.55,2016.96755,loss,-27.475500000001194,24.17550000000011,1
286681,286682,286682,short,2040.55,2036.923675,win,32.96324999999952,24.17550000000011,0
286773,286774,286778,short,2047.12,2043.493675,win,32.96324999999952,24.17550000000011,4
286861,286862,286877,short,2022.4,2024.8175500000002,loss,-27.475500000001194,24.17550000000011,15
286953,286954,286957,short,2026.52,2022.893675,win,32.96324999999952,24.17550000000011,3
287045,287046,287048,short,2029.47,2031.8875500000001,loss,-27.475500000001194,24.17550000000011,2
287137,287138,287140,short,2031.67,2028.0436750000001,win,32.96324999999952,24.17550000000011,2
287229,287230,287232,short,2008.3,2010.71755,loss,-27.475500000001194,24.17550000000011,2
287317,287318,287323,short,2016.7,2019.1175500000002,loss,-27.475500000001194,24.17550000000011,5
287409,287410,287410,short,2009.52,2005.893675,win,32.96324999999952,24.17550000000011,0
287501,287502,287506,short,1988.04,1990.45755,loss,-27.475500000001194,24.17550000000011,4
287593,287594,287594,short,1978.39,1980.8075500000002,loss,-27.475500000001194,24.17550000000011,0
287685,287686,287686,short,1965.13,1967.5475500000002,loss,-27.475500000001194,24.17550000000011,0
287773,287774,287774,short,1972.62,1975.03755,loss,-27.475500000001194,24.17550000000011,0
287865,287866,287869,short,1963.35,1959.723675,win,32.96324999999952,24.17550000000011,3
287957,287958,287959,short,1976.87,1973.243675,win,32.96324999999952,24.17550000000011,1
288049,288050,288051,short,1955.88,1958.2975500000002,loss,-27.475500000001194,24.17550000000011,1
288141,288142,288143,short,1948.63,1951.0475500000002,loss,-27.475500000001194,24.17550000000011,1
288229,288230,288235,short,1947.92,1944.2936750000001,win,32.96324999999952,24.17550000000011,5
288311,288312,288312,short,1932.53,1934.94755,loss,-27.475500000001194,24.17550000000011,0
288403,288404,288407,short,1962.53,1958.903675,win,32.96324999999952,24.17550000000011,3
288495,288496,288499,short,1961.65,1958.0236750000001,win,32.96324999999952,24.17550000000011,3
288587,288588,288595,short,1978.63,1975.0036750000002,win,32.96324999999952,24.17550000000011,7
288675,288676,288682,short,1943.25,1939.623675,win,32.96324999999952,24.17550000000011,6
288767,288768,288779,short,1959.34,1961.75755,loss,-27.475500000001194,24.17550000000011,11
288859,288860,288861,short,1962.87,1959.243675,win,32.96324999999952,24.17550000000011,1
288951,288952,288954,short,1944.27,1946.68755,loss,-27.475500000001194,24.17550000000011,2
289043,289044,289059,short,1964.12,1962.54,win,12.499999999999272,24.17550000000011,15
289131,289132,289132,short,1959.03,1961.44755,loss,-27.475500000001194,24.17550000000011,0
289223,289224,289224,short,1959.47,1961.8875500000001,loss,-27.475500000001194,24.17550000000011,0
289315,289316,289321,short,1946.85,1949.26755,loss,-27.475500000001194,24.17550000000011,5
289407,289408,289409,short,1936.66,1933.0336750000001,win,32.96324999999952,24.17550000000011,1
289499,289500,289500,short,1958.99,1961.4075500000001,loss,-27.475500000001194,24.17550000000011,0
289587,289588,289596,short,1955.0,1957.4175500000001,loss,-27.475500000001194,24.17550000000011,8
289669,289670,289670,short,1948.83,1951.24755,loss,-27.475500000001194,24.17550000000011,0
289761,289762,289762,short,1931.97,1934.3875500000001,loss,-27.475500000001194,24.17550000000011,0
289853,289854,289858,short,1930.75,1927.123675,win,32.96324999999952,24.17550000000011,4
289945,289946,289951,short,1915.48,1917.8975500000001,loss,-27.475500000001194,24.17550000000011,5
290033,290034,290036,short,1925.83,1922.203675,win,32.96324999999952,24.17550000000011,2
290125,290126,290129,short,1925.45,1927.8675500000002,loss,-27.475500000001194,24.17550000000011,3
290217,290218,290219,short,1916.0,1912.373675,win,32.96324999999952,24.17550000000011,1
290309,290310,290315,short,1904.49,1906.9075500000001,loss,-27.475500000001194,24.17550000000011,5
290401,290402,290403,short,1904.78,1907.19755,loss,-27.475500000001194,24.17550000000011,1
290489,290490,290495,short,1916.06,1912.433675,win,32.96324999999952,24.17550000000011,5
290581,290582,290584,short,1924.84,1927.25755,loss,-27.475500000001194,24.17550000000011,2
290663,290664,290670,short,1923.78,1926.19755,loss,-27.475500000001194,24.17550000000011,6
290755,290756,290771,short,1919.55,1918.48,win,7.3999999999993635,24.17550000000011,15
290847,290848,290863,short,1914.52,1915.92,loss,-17.30000000000091,24.17550000000011,15
290935,290936,290936,short,1920.17,1922.5875500000002,loss,-27.475500000001194,24.17550000000011,0
291027,291028,291029,short,1930.37,1932.78755,loss,-27.475500000001194,24.17550000000011,1
291119,291120,291121,short,1938.73,1935.103675,win,32.96324999999952,24.17550000000011,1
291211,291212,291212,short,1958.0,1960.4175500000001,loss,-27.475500000001194,24.17550000000011,0
291303,291304,291306,short,1959.31,1955.683675,win,32.96324999999952,24.17550000000011,2
291391,291392,291400,short,1954.17,1956.5875500000002,loss,-27.475500000001194,24.17550000000011,8
291483,291484,291486,short,1959.04,1961.45755,loss,-27.475500000001194,24.17550000000011,2
291575,291576,291576,short,1979.14,1975.5136750000001,win,32.96324999999952,24.17550000000011,0
291667,291668,291671,short,1980.21,1982.6275500000002,loss,-27.475500000001194,24.17550000000011,3
291759,291760,291765,short,1971.01,1967.383675,win,32.96324999999952,24.17550000000011,5
291847,291848,291850,short,1959.43,1961.8475500000002,loss,-27.475500000001194,24.17550000000011,2
291939,291940,291940,short,1960.8,1963.21755,loss,-27.475500000001194,24.17550000000011,0
292031,292032,292033,short,1967.73,1970.1475500000001,loss,-27.475500000001194,24.17550000000011,1
292123,292124,292127,short,1975.35,1977.76755,loss,-27.475500000001194,24.17550000000011,3
292215,292216,292222,short,1951.9,1948.2736750000001,win,32.96324999999952,24.17550000000011,6
292303,292304,292314,short,1954.96,1951.333675,win,32.96324999999952,24.17550000000011,10
292395,292396,292411,short,1956.54,1956.59,loss,-3.799999999999545,24.17550000000011,15
292487,292488,292496,short,1948.26,1950.67755,loss,-27.475500000001194,24.17550000000011,8
292579,292580,292585,short,1933.89,1936.3075500000002,loss,-27.475500000001194,24.17550000000011,5
292671,292672,292687,short,1933.82,1932.44,win,10.499999999998817,24.17550000000011,15
292759,292760,292775,short,1937.57,1934.87,win,23.700000000000454,24.17550000000011,15
292851,292852,292867,short,1933.67,1933.6,loss,-2.5999999999983627,24.17550000000011,15
292943,292944,292958,short,1930.55,1926.923675,win,32.96324999999952,24.17550000000011,14
293035,293036,293039,short,1916.75,1919.1675500000001,loss,-27.475500000001194,24.17550000000011,3
293127,293128,293138,short,1916.72,1919.1375500000001,loss,-27.475500000001194,24.17550000000011,10
293215,293216,293222,short,1912.72,1915.1375500000001,loss,-27.475500000001194,24.17550000000011,6
293307,293308,293323,short,1904.95,1903.96,win,6.600000000000091,24.17550000000011,15
293399,293400,293415,short,1905.42,1906.24,loss,-11.499999999999364,24.17550000000011,15
293491,293492,293493,short,1893.32,1895.73755,loss,-27.475500000001194,24.17550000000011,1
293583,293584,293599,short,1893.16,1894.89,loss,-20.600000000000183,24.17550000000011,15
293671,293672,293687,short,1889.16,1888.69,win,1.400000000000273,24.17550000000011,15
293763,293764,293768,short,1897.96,1900.3775500000002,loss,-27.475500000001194,24.17550000000011,4
293855,293856,293871,short,1903.17,1902.42,win,4.2,24.17550000000011,15
293947,293948,293963,short,1921.86,1919.79,win,17.399999999999363,24.17550000000011,15
294039,294040,294052,short,1914.0,1916.4175500000001,loss,-27.475500000001194,24.17550000000011,12
294127,294128,294135,short,1917.19,1913.563675,win,32.96324999999952,24.17550000000011,7
294219,294220,294235,short,1924.64,1923.1,win,12.10000000000191,24.17550000000011,15
294311,294312,294324,short,1935.48,1937.8975500000001,loss,-27.475500000001194,24.17550000000011,12
294403,294404,294419,short,1944.66,1944.36,loss,-0.29999999999818083,24.17550000000011,15
294495,294496,294500,short,1940.08,1942.49755,loss,-27.475500000001194,24.17550000000011,4
294583,294584,294597,short,1945.3,1941.673675,win,32.96324999999952,24.17550000000011,13
294665,294666,294675,short,1935.93,1932.303675,win,32.96324999999952,24.17550000000011,9
294757,294758,294763,short,1926.86,1923.233675,win,32.96324999999952,24.17550000000011,5
294849,294850,294865,short,1918.81,1920.58,loss,-20.99999999999982,24.17550000000011,15
294941,294942,294957,short,1926.87,1924.72,win,18.199999999998635,24.17550000000011,15
295029,295030,295033,short,1927.15,1929.5675500000002,loss,-27.475500000001194,24.17550000000011,3
295121,295122,295137,short,1919.14,1919.11,loss,-2.999999999997999,24.17550000000011,15
295213,295214,295223,short,1909.98,1912.3975500000001,loss,-27.475500000001194,24.17550000000011,9
295305,295306,295321,short,1907.96,1907.04,win,5.900000000000728,24.17550000000011,15
295397,295398,295398,short,1916.96,1919.3775500000002,loss,-27.475500000001194,24.17550000000011,0
295485,295486,295496,short,1928.72,1925.093675,win,32.96324999999952,24.17550000000011,10
295577,295578,295583,short,1930.26,1932.67755,loss,-27.475500000001194,24.17550000000011,5
295669,295670,295685,short,1931.43,1932.01,loss,-9.099999999999273,24.17550000000011,15
295761,295762,295771,short,1928.99,1925.363675,win,32.96324999999952,24.17550000000011,9
295853,295854,295858,short,1925.27,1927.68755,loss,-27.475500000001194,24.17550000000011,4
295941,295942,295944,short,1921.48,1923.8975500000001,loss,-27.475500000001194,24.17550000000011,2
296033,296034,296037,short,1913.33,1909.703675,win,32.96324999999952,24.17550000000011,3
296125,296126,296141,short,1897.18,1894.71,win,21.400000000000272,24.17550000000011,15
296217,296218,296233,short,1875.76,1875.51,loss,-0.7999999999999998,24.17550000000011,15
296309,296310,296312,short,1867.65,1870.0675500000002,loss,-27.475500000001194,24.17550000000011,2
296397,296398,296398,short,1840.51,1842.92755,loss,-27.475500000001194,24.17550000000011,0
296489,296490,296497,short,1822.82,1825.23755,loss,-27.475500000001194,24.17550000000011,7
296581,296582,296587,short,1819.3,1821.71755,loss,-27.475500000001194,24.17550000000011,5
296673,296674,296680,short,1823.81,1820.183675,win,32.96324999999952,24.17550000000011,6
296765,296766,296781,short,1820.52,1822.93755,loss,-27.475500000001194,24.17550000000011,15
296853,296854,296857,short,1852.86,1849.233675,win,32.96324999999952,24.17550000000011,3
296945,296946,296948,short,1858.77,1855.143675,win,32.96324999999952,24.17550000000011,2
297037,297038,297039,short,1860.18,1862.5975500000002,loss,-27.475500000001194,24.17550000000011,1
297129,297130,297131,short,1879.05,1881.46755,loss,-27.475500000001194,24.17550000000011,1
297221,297222,297226,short,1876.29,1878.70755,loss,-27.475500000001194,24.17550000000011,4
297309,297310,297312,short,1914.91,1911.2836750000001,win,32.96324999999952,24.17550000000011,2
297401,297402,297405,short,1917.64,1920.0575500000002,loss,-27.475500000001194,24.17550000000011,3
297493,297494,297506,short,1938.09,1940.50755,loss,-27.475500000001194,24.17550000000011,12
297585,297586,297586,short,1945.77,1948.18755,loss,-27.475500000001194,24.17550000000011,0
297677,297678,297679,short,1978.5,1974.873675,win,32.96324999999952,24.17550000000011,1
297769,297770,297775,short,1976.13,1978.5475500000002,loss,-27.475500000001194,24.17550000000011,5
297861,297862,297870,short,1977.22,1973.593675,win,32.96324999999952,24.17550000000011,8
297953,297954,297957,short,1974.69,1971.063675,win,32.96324999999952,24.17550000000011,3
298045,298046,298048,short,1985.03,1987.44755,loss,-27.475500000001194,24.17550000000011,2
298137,298138,298153,short,1987.81,1985.9,win,15.799999999998544,24.17550000000011,15
298233,298234,298237,short,1996.91,1993.2836750000001,win,32.96324999999952,24.17550000000011,3
298325,298326,298328,short,1995.05,1997.46755,loss,-27.475500000001194,24.17550000000011,2
298417,298418,298424,short,1979.83,1982.24755,loss,-27.475500000001194,24.17550000000011,6
298509,298510,298515,short,1984.81,1987.22755,loss,-27.475500000001194,24.17550000000011,5
298601,298602,298617,short,1988.09,1987.38,win,3.7999999999980902,24.17550000000011,15
298689,298690,298693,short,1982.89,1985.3075500000002,loss,-27.475500000001194,24.17550000000011,3
298781,298782,298788,short,1969.82,1966.193675,win,32.96324999999952,24.17550000000011,6
298873,298874,298877,short,1966.4,1968.8175500000002,loss,-27.475500000001194,24.17550000000011,3
298965,298966,298970,short,1949.32,1945.693675,win,32.96324999999952,24.17550000000011,4
299057,299058,299069,short,1955.34,1951.713675,win,32.96324999999952,24.17550000000011,11
299149,299150,299151,short,1938.49,1940.9075500000001,loss,-27.475500000001194,24.17550000000011,1
299241,299242,299253,short,1945.65,1948.0675500000002,loss,-27.475500000001194,24.17550000000011,11
299333,299334,299335,short,1968.35,1970.76755,loss,-27.475500000001194,24.17550000000011,1
299425,299426,299441,short,1966.15,1966.0,loss,-1.7999999999990903,24.17550000000011,15
299517,299518,299520,short,1984.12,1986.53755,loss,-27.475500000001194,24.17550000000011,2
299609,299610,299616,short,1979.64,1976.0136750000001,win,32.96324999999952,24.17550000000011,6
299701,299702,299705,short,1991.71,1994.1275500000002,loss,-27.475500000001194,24.17550000000011,3
299793,299794,299797,short,2002.78,2005.19755,loss,-27.475500000001194,24.17550000000011,3
299885,299886,299886,short,1995.11,1997.52755,loss,-27.475500000001194,24.17550000000011,0
299968,299969,299981,short,1992.97,1995.3875500000001,loss,-27.475500000001194,24.17550000000011,12
300047,300048,300051,short,2010.81,2013.22755,loss,-27.475500000001194,24.17550000000011,3
300139,300140,300155,short,2015.7,2015.53,loss,-1.5999999999992722,24.17550000000011,15
300231,300232,300240,short,2043.88,2040.2536750000002,win,32.96324999999952,24.17550000000011,8
300323,300324,300330,short,2044.47,2040.843675,win,32.96324999999952,24.17550000000011,6
300415,300416,300422,short,2040.61,2043.02755,loss,-27.475500000001194,24.17550000000011,6
300507,300508,300509,short,2076.57,2072.943675,win,32.96325000000179,24.17550000000011,1
300599,300600,300604,short,2034.57,2036.98755,loss,-27.475500000001194,24.17550000000011,4
300691,300692,300693,short,2027.6,2030.01755,loss,-27.475500000001194,24.17550000000011,1
300783,300784,300788,short,2029.1,2031.51755,loss,-27.475500000001194,24.17550000000011,4
300875,300876,300891,short,2030.06,2029.61,win,1.200000000000455,24.17550000000011,15
300967,300968,300970,short,1999.17,1995.5436750000001,win,32.96324999999952,24.17550000000011,2
301059,301060,301065,short,1988.15,1984.5236750000001,win,32.96324999999952,24.17550000000011,5
301151,301152,301153,short,1976.37,1978.78755,loss,-27.475500000001194,24.17550000000011,1
301243,301244,301247,short,2032.13,2034.5475500000002,loss,-27.475500000001194,24.17550000000011,3
301335,301336,301340,short,2036.77,2039.18755,loss,-27.475500000001194,24.17550000000011,4
301427,301428,301435,short,2023.83,2026.24755,loss,-27.475500000001194,24.17550000000011,7
301519,301520,301524,short,2024.58,2026.99755,loss,-27.475500000001194,24.17550000000011,4
301611,301612,301623,short,2042.32,2038.693675,win,32.96324999999952,24.17550000000011,11
301703,301704,301719,short,2035.35,2034.56,win,4.599999999999636,24.17550000000011,15
301795,301796,301801,short,2048.73,2051.14755,loss,-27.475500000001194,24.17550000000011,5
301887,301888,301903,short,2063.69,2063.27,win,0.9000000000007278,24.17550000000011,15
301979,301980,301983,short,2065.46,2067.87755,loss,-27.475500000001194,24.17550000000011,3
302071,302072,302075,short,2086.99,2083.3636749999996,win,32.96325000000179,24.17550000000011,3
302163,302164,302169,short,2074.66,2071.0336749999997,win,32.96325000000179,24.17550000000011,5
302255,302256,302265,short,2075.35,2077.76755,loss,-27.475500000001194,24.17550000000011,9
302347,302348,302355,short,2062.24,2058.6136749999996,win,32.96325000000179,24.17550000000011,7
302439,302440,302449,short,2047.48,2049.89755,loss,-27.475500000001194,24.17550000000011,9
302531,302532,302537,short,2045.15,2041.5236750000001,win,32.96324999999952,24.17550000000011,5
302623,302624,302624,short,2032.61,2028.983675,win,32.96324999999952,24.17550000000011,0
302715,302716,302716,short,2033.71,2036.1275500000002,loss,-27.475500000001194,24.17550000000011,0
302807,302808,302809,short,2026.56,2028.97755,loss,-27.475500000001194,24.17550000000011,1
302899,302900,302906,short,2034.78,2031.153675,win,32.96324999999952,24.17550000000011,6
302991,302992,302992,short,2035.19,2037.6075500000002,loss,-27.475500000001194,24.17550000000011,0
303083,303084,303089,short,2055.22,2057.63755,loss,-27.475500000001194,24.17550000000011,5
303165,303166,303171,short,2049.43,2045.8036749999999,win,32.96324999999952,24.17550000000011,5
303257,303258,303259,short,2018.2,2020.6175500000002,loss,-27.475500000001194,24.17550000000011,1
303349,303350,303357,short,2012.88,2009.2536750000002,win,32.96324999999952,24.17550000000011,7
303441,303442,303443,short,2024.54,2026.95755,loss,-27.475500000001194,24.17550000000011,1
303533,303534,303538,short,2022.26,2024.67755,loss,-27.475500000001194,24.17550000000011,4
303625,303626,303626,short,2033.89,2030.2636750000001,win,32.96324999999952,24.17550000000011,0
303717,303718,303719,short,2027.55,2029.96755,loss,-27.475500000001194,24.17550000000011,1
303809,303810,303811,short,2014.83,2017.24755,loss,-27.475500000001194,24.17550000000011,1
303901,303902,303914,short,2020.46,2022.8775500000002,loss,-27.475500000001194,24.17550000000011,12
303993,303994,303995,short,2031.05,2033.46755,loss,-27.475500000001194,24.17550000000011,1
304085,304086,304087,short,2034.94,2037.3575500000002,loss,-27.475500000001194,24.17550000000011,1
304177,304178,304182,short,2036.64,2039.0575500000002,loss,-27.475500000001194,24.17550000000011,4
304269,304270,304281,short,2042.63,2039.0036750000002,win,32.96324999999952,24.17550000000011,11
304361,304362,304372,short,2056.36,2052.733675,win,32.96325000000179,24.17550000000011,10
304453,304454,304457,short,2028.81,2025.183675,win,32.96324999999952,24.17550000000011,3
304545,304546,304551,short,2028.04,2024.413675,win,32.96324999999952,24.17550000000011,5
304637,304638,304653,short,2034.28,2033.66,win,2.899999999998909,24.17550000000011,15
304729,304730,304735,short,2033.96,2030.333675,win,32.96324999999952,24.17550000000011,5
304821,304822,304837,short,2033.32,2032.71,win,2.7999999999989997,24.17550000000011,15
304913,304914,304916,short,2023.26,2025.67755,loss,-27.475500000001194,24.17550000000011,2
305005,305006,305016,short,2024.24,2026.6575500000001,loss,-27.475500000001194,24.17550000000011,10
305097,305098,305101,short,1991.1,1987.473675,win,32.96324999999952,24.17550000000011,3
305189,305190,305193,short,1992.84,1995.25755,loss,-27.475500000001194,24.17550000000011,3
305281,305282,305295,short,2004.2,2006.6175500000002,loss,-27.475500000001194,24.17550000000011,13
305373,305374,305387,short,2021.98,2018.353675,win,32.96324999999952,24.17550000000011,13
305456,305457,305457,short,2020.24,2022.6575500000001,loss,-27.475500000001194,24.17550000000011,0
305548,305549,305554,short,2030.49,2026.863675,win,32.96324999999952,24.17550000000011,5
305640,305641,305644,short,2029.92,2032.3375500000002,loss,-27.475500000001194,24.17550000000011,3
305732,305733,305741,short,2020.37,2016.743675,win,32.96324999999952,24.17550000000011,8
305824,305825,305830,short,2034.22,2036.6375500000001,loss,-27.475500000001194,24.17550000000011,5
305916,305917,305921,short,2034.66,2037.0775500000002,loss,-27.475500000001194,24.17550000000011,4
306008,306009,306018,short,2028.72,2025.093675,win,32.96324999999952,24.17550000000011,9
306100,306101,306113,short,2036.73,2033.103675,win,32.96324999999952,24.17550000000011,12
306192,306193,306196,short,2048.36,2044.7336750000002,win,32.96324999999952,24.17550000000011,3
306284,306285,306287,short,2084.88,2087.2975500000002,loss,-27.475500000001194,24.17550000000011,2
306376,306377,306380,short,2114.59,2117.0075500000003,loss,-27.475500000001194,24.17550000000011,3
306468,306469,306474,short,2129.39,2125.7636749999997,win,32.96325000000179,24.17550000000011,5
306560,306561,306562,short,2155.71,2158.12755,loss,-27.475500000001194,24.17550000000011,1
306652,306653,306656,short,2160.29,2162.70755,loss,-27.475500000001194,24.17550000000011,3
306748,306749,306749,short,2178.39,2180.80755,loss,-27.475500000001194,24.17550000000011,0
306840,306841,306848,short,2176.41,2178.82755,loss,-27.475500000001194,24.17550000000011,7
306932,306933,306946,short,2160.07,2162.4875500000003,loss,-27.475500000001194,24.17550000000011,13
307024,307025,307034,short,2167.73,2170.14755,loss,-27.475500000001194,24.17550000000011,9
307116,307117,307121,short,2169.24,2165.6136749999996,win,32.96325000000179,24.17550000000011,4
307208,307209,307211,short,2148.89,2151.30755,loss,-27.475500000001194,24.17550000000011,2
307300,307301,307305,short,2155.13,2151.503675,win,32.96325000000179,24.17550000000011,4
307392,307393,307403,short,2157.66,2154.0336749999997,win,32.96325000000179,24.17550000000011,10
307484,307485,307485,short,2207.44,2209.85755,loss,-27.475500000001194,24.17550000000011,0
307576,307577,307577,short,2167.8,2164.173675,win,32.96325000000179,24.17550000000011,0
307668,307669,307680,short,2166.74,2169.15755,loss,-27.475500000001194,24.17550000000011,11
307760,307761,307762,short,2170.14,2172.55755,loss,-27.475500000001194,24.17550000000011,1
307852,307853,307857,short,2179.28,2181.6975500000003,loss,-27.475500000001194,24.17550000000011,4
307944,307945,307948,short,2196.07,2192.443675,win,32.96325000000179,24.17550000000011,3
308032,308033,308039,short,2261.32,2257.693675,win,32.96325000000179,24.17550000000011,6
308124,308125,308131,short,2254.75,2257.16755,loss,-27.475500000001194,24.17550000000011,6
308216,308217,308220,short,2283.46,2279.833675,win,32.96325000000179,24.17550000000011,3
308308,308309,308315,short,2296.46,2292.833675,win,32.96325000000179,24.17550000000011,6
308400,308401,308404,short,2280.11,2282.5275500000002,loss,-27.475500000001194,24.17550000000011,3
308492,308493,308493,short,2332.31,2334.72755,loss,-27.475500000001194,24.17550000000011,0
308584,308585,308588,short,2345.51,2347.9275500000003,loss,-27.475500000001194,24.17550000000011,3
308676,308677,308679,short,2357.62,2353.9936749999997,win,32.96325000000179,24.17550000000011,2
308768,308769,308770,short,2336.67,2339.08755,loss,-27.475500000001194,24.17550000000011,1
308860,308861,308861,short,2385.43,2387.84755,loss,-27.475500000001194,24.17550000000011,0
308952,308953,308954,short,2360.14,2356.5136749999997,win,32.96325000000179,24.17550000000011,1
309044,309045,309045,short,2385.2,2381.5736749999996,win,32.96325000000179,24.17550000000011,0
309136,309137,309137,short,2374.86,2377.2775500000002,loss,-27.475500000001194,24.17550000000011,0
309228,309229,309229,short,2376.9,2379.31755,loss,-27.475500000001194,24.17550000000011,0
309320,309321,309322,short,2383.44,2379.813675,win,32.96325000000179,24.17550000000011,1
309412,309413,309414,short,2365.5,2361.873675,win,32.96325000000179,24.17550000000011,1
309504,309505,309505,short,2304.64,2307.05755,loss,-27.475500000001194,24.17550000000011,0
309596,309597,309600,short,2327.7,2324.0736749999996,win,32.96325000000179,24.17550000000011,3
309688,309689,309691,short,2319.75,2322.16755,loss,-27.475500000001194,24.17550000000011,2
309780,309781,309782,short,2338.45,2340.86755,loss,-27.475500000001194,24.17550000000011,1
309872,309873,309875,short,2331.83,2328.2036749999997,win,32.96325000000179,24.17550000000011,2
309964,309965,309969,short,2321.59,2317.963675,win,32.96325000000179,24.17550000000011,4
310056,310057,310062,short,2287.35,2283.7236749999997,win,32.96325000000179,24.17550000000011,5
310148,310149,310150,short,2316.28,2318.6975500000003,loss,-27.475500000001194,24.17550000000011,1
310240,310241,310243,short,2303.85,2300.2236749999997,win,32.96325000000179,24.17550000000011,2
310332,310333,310337,short,2312.99,2315.40755,loss,-27.475500000001194,24.17550000000011,4
310424,310425,310432,short,2320.41,2316.7836749999997,win,32.96325000000179,24.17550000000011,7
310516,310517,310520,short,2317.19,2313.563675,win,32.96325000000179,24.17550000000011,3
310608,310609,310612,short,2316.69,2313.063675,win,32.96325000000179,24.17550000000011,3
310700,310701,310701,short,2359.88,2362.2975500000002,loss,-27.475500000001194,24.17550000000011,0
310792,310793,310801,short,2349.99,2346.3636749999996,win,32.96325000000179,24.17550000000011,8
310884,310885,310886,short,2342.35,2338.7236749999997,win,32.96325000000179,24.17550000000011,1
310976,310977,310980,short,2358.16,2360.57755,loss,-27.475500000001194,24.17550000000011,3
311068,311069,311074,short,2388.35,2390.76755,loss,-27.475500000001194,24.17550000000011,5
311160,311161,311162,short,2383.24,2385.65755,loss,-27.475500000001194,24.17550000000011,1
311252,311253,311253,short,2448.91,2445.2836749999997,win,32.96325000000179,24.17550000000011,0
311344,311345,311347,short,2415.76,2412.133675,win,32.96325000000179,24.17550000000011,2
311436,311437,311439,short,2415.56,2417.97755,loss,-27.475500000001194,24.17550000000011,2
311528,311529,311529,short,2361.12,2363.53755,loss,-27.475500000001194,24.17550000000011,0
311620,311621,311621,short,2338.91,2335.2836749999997,win,32.96325000000179,24.17550000000011,0
311712,311713,311718,short,2342.37,2338.7436749999997,win,32.96325000000179,24.17550000000011,5
311794,311795,311795,short,2346.82,2343.193675,win,32.96325000000179,24.17550000000011,0
311886,311887,311890,short,2353.61,2356.0275500000002,loss,-27.475500000001194,24.17550000000011,3
311978,311979,311979,short,2326.2,2328.61755,loss,-27.475500000001194,24.17550000000011,0
312070,312071,312073,short,2343.16,2345.57755,loss,-27.475500000001194,24.17550000000011,2
312162,312163,312163,short,2318.36,2314.733675,win,32.96325000000179,24.17550000000011,0
312254,312255,312256,short,2350.6,2346.9736749999997,win,32.96325000000179,24.17550000000011,1
312346,312347,312347,short,2333.44,2329.813675,win,32.96325000000179,24.17550000000011,0
312438,312439,312445,short,2366.02,2362.393675,win,32.96325000000179,24.17550000000011,6
312530,312531,312531,short,2377.47,2373.8436749999996,win,32.96325000000179,24.17550000000011,0
312622,312623,312623,short,2294.93,2291.3036749999997,win,32.96325000000179,24.17550000000011,0
312714,312715,312715,short,2300.82,2303.2375500000003,loss,-27.475500000001194,24.17550000000011,0
312806,312807,312807,short,2314.51,2316.9275500000003,loss,-27.475500000001194,24.17550000000011,0
312898,312899,312901,short,2312.1,2314.51755,loss,-27.475500000001194,24.17550000000011,2
312990,312991,312994,short,2310.4,2312.81755,loss,-27.475500000001194,24.17550000000011,3
313082,313083,313091,short,2318.55,2320.9675500000003,loss,-27.475500000001194,24.17550000000011,8
313174,313175,313180,short,2319.92,2316.293675,win,32.96325000000179,24.17550000000011,5
313266,313267,313270,short,2329.51,2331.9275500000003,loss,-27.475500000001194,24.17550000000011,3
313349,313350,313350,short,2342.13,2344.5475500000002,loss,-27.475500000001194,24.17550000000011,0
313441,313442,313443,short,2363.93,2360.3036749999997,win,32.96325000000179,24.17550000000011,1
313533,313534,313538,short,2323.31,2325.72755,loss,-27.475500000001194,24.17550000000011,4
313625,313626,313628,short,2324.56,2326.97755,loss,-27.475500000001194,24.17550000000011,2
313717,313718,313719,short,2310.99,2313.40755,loss,-27.475500000001194,24.17550000000011,1
313809,313810,313810,short,2298.8,2301.2175500000003,loss,-27.475500000001194,24.17550000000011,0
313901,313902,313910,short,2326.81,2329.22755,loss,-27.475500000001194,24.17550000000011,8
313993,313994,313994,short,2324.34,2326.7575500000003,loss,-27.475500000001194,24.17550000000011,0
314085,314086,314089,short,2330.84,2327.213675,win,32.96325000000179,24.17550000000011,3
314177,314178,314179,short,2334.58,2336.99755,loss,-27.475500000001194,24.17550000000011,1
314269,314270,314271,short,2355.64,2352.0136749999997,win,32.96325000000179,24.17550000000011,1
314351,314352,314360,short,2365.58,2367.99755,loss,-27.475500000001194,24.17550000000011,8
314443,314444,314446,short,2383.29,2379.663675,win,32.96325000000179,24.17550000000011,2
314535,314536,314540,short,2364.28,2360.653675,win,32.96325000000179,24.17550000000011,4
314627,314628,314628,short,2367.67,2370.08755,loss,-27.475500000001194,24.17550000000011,0
314719,314720,314727,short,2380.97,2383.38755,loss,-27.475500000001194,24.17550000000011,7
314811,314812,314814,short,2405.86,2402.233675,win,32.96325000000179,24.17550000000011,2
314903,314904,314906,short,2406.0,2402.373675,win,32.96325000000179,24.17550000000011,2
314995,314996,314997,short,2429.7,2432.11755,loss,-27.475500000001194,24.17550000000011,1
315087,315088,315089,short,2465.07,2467.4875500000003,loss,-27.475500000001194,24.17550000000011,1
315179,315180,315180,short,2466.34,2468.7575500000003,loss,-27.475500000001194,24.17550000000011,0
315271,315272,315273,short,2416.27,2418.68755,loss,-27.475500000001194,24.17550000000011,1
315363,315364,315365,short,2400.9,2403.31755,loss,-27.475500000001194,24.17550000000011,1
315455,315456,315457,short,2389.81,2392.22755,loss,-27.475500000001194,24.17550000000011,1
315547,315548,315548,short,2418.76,2415.133675,win,32.96325000000179,24.17550000000011,0
315639,315640,315642,short,2376.08,2372.4536749999997,win,32.96325000000179,24.17550000000011,2
315731,315732,315732,short,2370.19,2366.563675,win,32.96325000000179,24.17550000000011,0
315823,315824,315825,short,2394.37,2390.7436749999997,win,32.96325000000179,24.17550000000011,1
315915,315916,315918,short,2388.58,2390.99755,loss,-27.475500000001194,24.17550000000011,2
316007,316008,316008,short,2418.44,2420.85755,loss,-27.475500000001194,24.17550000000011,0
316099,316100,316103,short,2446.05,2442.423675,win,32.96325000000179,24.17550000000011,3
316191,316192,316193,short,2465.17,2467.58755,loss,-27.475500000001194,24.17550000000011,1
316283,316284,316284,short,2432.09,2428.463675,win,32.96325000000179,24.17550000000011,0
316375,316376,316376,short,2396.76,2399.1775500000003,loss,-27.475500000001194,24.17550000000011,0
316467,316468,316468,short,2391.88,2394.2975500000002,loss,-27.475500000001194,24.17550000000011,0
316559,316560,316560,short,2394.57,2396.9875500000003,loss,-27.475500000001194,24.17550000000011,0
316651,316652,316653,short,2418.22,2420.63755,loss,-27.475500000001194,24.17550000000011,1
316743,316744,316747,short,2435.02,2437.43755,loss,-27.475500000001194,24.17550000000011,3
316835,316836,316837,short,2461.46,2463.87755,loss,-27.475500000001194,24.17550000000011,1
316927,316928,316928,short,2461.74,2464.15755,loss,-27.475500000001194,24.17550000000011,0
317019,317020,317021,short,2457.55,2453.923675,win,32.96325000000179,24.17550000000011,1
317111,317112,317116,short,2456.27,2452.643675,win,32.96325000000179,24.17550000000011,4
317203,317204,317204,short,2503.85,2500.2236749999997,win,32.96325000000179,24.17550000000011,0
317295,317296,317296,short,2498.17,2500.58755,loss,-27.475500000001194,24.17550000000011,0
317387,317388,317388,short,2513.87,2516.28755,loss,-27.475500000001194,24.17550000000011,0
317479,317480,317480,short,2507.24,2509.65755,loss,-27.475500000001194,24.17550000000011,0
317571,317572,317572,short,2491.86,2494.2775500000002,loss,-27.475500000001194,24.17550000000011,0
317663,317664,317664,short,2510.07,2512.4875500000003,loss,-27.475500000001194,24.17550000000011,0
317755,317756,317760,short,2515.66,2512.0336749999997,win,32.96325000000179,24.17550000000011,4
317847,317848,317848,short,2506.24,2508.65755,loss,-27.475500000001194,24.17550000000011,0
317939,317940,317945,short,2519.15,2515.523675,win,32.96325000000179,24.17550000000011,5
318031,318032,318032,short,2515.7,2518.11755,loss,-27.475500000001194,24.17550000000011,0
318123,318124,318133,short,2499.08,2501.49755,loss,-27.475500000001194,24.17550000000011,9
318205,318206,318208,short,2494.69,2497.10755,loss,-27.475500000001194,24.17550000000011,2
318297,318298,318299,short,2491.3,2487.673675,win,32.96325000000179,24.17550000000011,1
318389,318390,318390,short,2503.78,2506.1975500000003,loss,-27.475500000001194,24.17550000000011,0
318481,318482,318489,short,2519.25,2515.623675,win,32.96325000000179,24.17550000000011,7
318573,318574,318575,short,2489.31,2491.72755,loss,-27.475500000001194,24.17550000000011,1
318665,318666,318672,short,2506.15,2502.523675,win,32.96325000000179,24.17550000000011,6
318757,318758,318759,short,2524.87,2527.28755,loss,-27.475500000001194,24.17550000000011,1
318849,318850,318852,short,2520.74,2517.1136749999996,win,32.96325000000179,24.17550000000011,2
318941,318942,318942,short,2564.08,2566.49755,loss,-27.475500000001194,24.17550000000011,0
319033,319034,319036,short,2586.91,2589.32755,loss,-27.475500000001194,24.17550000000011,2
319125,319126,319126,short,2582.16,2584.57755,loss,-27.475500000001194,24.17550000000011,0
319217,319218,319221,short,2567.66,2570.07755,loss,-27.475500000001194,24.17550000000011,3
319309,319310,319314,short,2577.11,2579.5275500000002,loss,-27.475500000001194,24.17550000000011,4
319401,319402,319402,short,2597.16,2599.57755,loss,-27.475500000001194,24.17550000000011,0
319493,319494,319495,short,2629.53,2625.903675,win,32.96325000000179,24.17550000000011,1
319585,319586,319587,short,2628.23,2624.603675,win,32.96325000000179,24.17550000000011,1
319677,319678,319681,short,2655.36,2651.733675,win,32.96325000000179,24.17550000000011,3
319769,319770,319770,short,2658.61,2661.0275500000002,loss,-27.475500000001194,24.17550000000011,0
319861,319862,319862,short,2666.79,2669.20755,loss,-27.475500000001194,24.17550000000011,0
319953,319954,319958,short,2657.55,2659.9675500000003,loss,-27.475500000001194,24.17550000000011,4
320045,320046,320052,short,2643.52,2645.93755,loss,-27.475500000001194,24.17550000000011,6
320137,320138,320140,short,2648.12,2650.53755,loss,-27.475500000001194,24.17550000000011,2
320229,320230,320230,short,2654.02,2656.43755,loss,-27.475500000001194,24.17550000000011,0
320321,320322,320324,short,2666.49,2662.8636749999996,win,32.96325000000179,24.17550000000011,2
320413,320414,320417,short,2641.35,2643.76755,loss,-27.475500000001194,24.17550000000011,3
320505,320506,320506,short,2645.16,2641.5336749999997,win,32.96325000000179,24.17550000000011,0
320597,320598,320599,short,2616.41,2612.7836749999997,win,32.96325000000179,24.17550000000011,1
320689,320690,320692,short,2614.87,2611.2436749999997,win,32.96325000000179,24.17550000000011,2
320781,320782,320783,short,2644.77,2641.143675,win,32.96325000000179,24.17550000000011,1
320873,320874,320874,short,2658.57,2660.9875500000003,loss,-27.475500000001194,24.17550000000011,0
320965,320966,320967,short,2643.91,2646.32755,loss,-27.475500000001194,24.17550000000011,1
321057,321058,321058,short,2672.96,2675.37755,loss,-27.475500000001194,24.17550000000011,0
321149,321150,321151,short,2681.64,2684.05755,loss,-27.475500000001194,24.17550000000011,1
321241,321242,321242,short,2708.23,2704.603675,win,32.96325000000179,24.17550000000011,0
321333,321334,321334,short,2724.03,2726.4475500000003,loss,-27.475500000001194,24.17550000000011,0
321425,321426,321426,short,2732.28,2734.6975500000003,loss,-27.475500000001194,24.17550000000011,0
321517,321518,321519,short,2752.12,2748.4936749999997,win,32.96325000000179,24.17550000000011,1
321609,321610,321610,short,2730.63,2733.0475500000002,loss,-27.475500000001194,24.17550000000011,0
321701,321702,321703,short,2726.59,2729.0075500000003,loss,-27.475500000001194,24.17550000000011,1
321797,321798,321798,short,2742.62,2738.9936749999997,win,32.96325000000179,24.17550000000011,0
321889,321890,321894,short,2754.09,2750.463675,win,32.96325000000179,24.17550000000011,4
321981,321982,321983,short,2786.35,2782.7236749999997,win,32.96325000000179,24.17550000000011,1
322073,322074,322075,short,2781.14,2783.55755,loss,-27.475500000001194,24.17550000000011,1
322165,322166,322169,short,2750.12,2752.53755,loss,-27.475500000001194,24.17550000000011,3
322253,322254,322255,short,2742.51,2738.883675,win,32.96325000000179,24.17550000000011,1
322345,322346,322347,short,2740.65,2737.023675,win,32.96325000000179,24.17550000000011,1
322437,322438,322438,short,2721.92,2724.33755,loss,-27.475500000001194,24.17550000000011,0
322529,322530,322530,short,2660.17,2662.58755,loss,-27.475500000001194,24.17550000000011,0
322621,322622,322623,short,2682.99,2685.40755,loss,-27.475500000001194,24.17550000000011,1
322713,322714,322718,short,2671.92,2668.293675,win,32.96325000000179,24.17550000000011,4
322805,322806,322806,short,2606.31,2602.6836749999998,win,32.96325000000179,24.17550000000011,0
322897,322898,322901,short,2604.95,2601.3236749999996,win,32.96325000000179,24.17550000000011,3
322989,322990,322990,short,2550.54,2552.95755,loss,-27.475500000001194,24.17550000000011,0
323081,323082,323084,short,2562.08,2564.49755,loss,-27.475500000001194,24.17550000000011,2
323173,323174,323176,short,2585.43,2581.8036749999997,win,32.96325000000179,24.17550000000011,2
323265,323266,323270,short,2618.99,2621.40755,loss,-27.475500000001194,24.17550000000011,4
323357,323358,323359,short,2629.32,2625.693675,win,32.96325000000179,24.17550000000011,1
323449,323450,323450,short,2661.12,2663.53755,loss,-27.475500000001194,24.17550000000011,0
323541,323542,323543,short,2690.81,2693.22755,loss,-27.475500000001194,24.17550000000011,1
323633,323634,323634,short,2666.61,2669.0275500000002,loss,-27.475500000001194,24.17550000000011,0
323725,323726,323726,short,2622.02,2618.393675,win,32.96325000000179,24.17550000000011,0
323817,323818,323824,short,2646.93,2649.34755,loss,-27.475500000001194,24.17550000000011,6
323909,323910,323910,short,2636.51,2638.9275500000003,loss,-27.475500000001194,24.17550000000011,0
323991,323992,323995,short,2661.94,2658.313675,win,32.96325000000179,24.17550000000011,3
324074,324075,324076,short,2629.4,2631.81755,loss,-27.475500000001194,24.17550000000011,1
324166,324167,324170,short,2647.49,2643.8636749999996,win,32.96325000000179,24.17550000000011,3
324258,324259,324260,short,2646.69,2643.063675,win,32.96325000000179,24.17550000000011,1
324350,324351,324351,short,2647.73,2650.14755,loss,-27.475500000001194,24.17550000000011,0
324442,324443,324446,short,2638.25,2640.66755,loss,-27.475500000001194,24.17550000000011,3
324534,324535,324535,short,2644.01,2646.4275500000003,loss,-27.475500000001194,24.17550000000011,0
324626,324627,324629,short,2669.4,2665.773675,win,32.96325000000179,24.17550000000011,2
324718,324719,324719,short,2691.65,2694.06755,loss,-27.475500000001194,24.17550000000011,0
324810,324811,324813,short,2719.85,2716.2236749999997,win,32.96325000000179,24.17550000000011,2
324902,324903,324903,short,2687.81,2684.1836749999998,win,32.96325000000179,24.17550000000011,0
324994,324995,324996,short,2652.57,2654.9875500000003,loss,-27.475500000001194,24.17550000000011,1
325086,325087,325087,short,2652.08,2654.49755,loss,-27.475500000001194,24.17550000000011,0
325178,325179,325182,short,2646.28,2642.653675,win,32.96325000000179,24.17550000000011,3
325270,325271,325271,short,2614.36,2616.7775500000002,loss,-27.475500000001194,24.17550000000011,0
325362,325363,325364,short,2605.78,2602.153675,win,32.96325000000179,24.17550000000011,1
325454,325455,325458,short,2632.21,2628.583675,win,32.96325000000179,24.17550000000011,3
325546,325547,325554,short,2619.52,2615.893675,win,32.96325000000179,24.17550000000011,7
325622,325623,325638,short,2627.23,2629.64755,loss,-27.475500000001194,24.17550000000011,15
325714,325715,325717,short,2636.72,2633.0936749999996,win,32.96325000000179,24.17550000000011,2
325806,325807,325810,short,2618.97,2615.3436749999996,win,32.96325000000179,24.17550000000011,3
325898,325899,325900,short,2608.45,2610.86755,loss,-27.475500000001194,24.17550000000011,1
325986,325987,325990,short,2634.44,2636.85755,loss,-27.475500000001194,24.17550000000011,3
326078,326079,326079,short,2656.19,2652.563675,win,32.96325000000179,24.17550000000011,0
326170,326171,326172,short,2632.15,2628.523675,win,32.96325000000179,24.17550000000011,1
326262,326263,326266,short,2640.13,2642.5475500000002,loss,-27.475500000001194,24.17550000000011,3
326354,326355,326359,short,2653.86,2650.233675,win,32.96325000000179,24.17550000000011,4
326446,326447,326450,short,2665.67,2662.043675,win,32.96325000000179,24.17550000000011,3
326538,326539,326539,short,2676.2,2678.61755,loss,-27.475500000001194,24.17550000000011,0
326630,326631,326632,short,2689.22,2685.5936749999996,win,32.96325000000179,24.17550000000011,1
326722,326723,326727,short,2669.13,2671.5475500000002,loss,-27.475500000001194,24.17550000000011,4
326814,326815,326818,short,2681.89,2684.30755,loss,-27.475500000001194,24.17550000000011,3
326906,326907,326911,short,2697.96,2700.37755,loss,-27.475500000001194,24.17550000000011,4
326998,326999,327007,short,2711.9,2708.273675,win,32.96325000000179,24.17550000000011,8
327090,327091,327093,short,2707.31,2703.6836749999998,win,32.96325000000179,24.17550000000011,2
327172,327173,327174,short,2725.83,2728.24755,loss,-27.475500000001194,24.17550000000011,1
327264,327265,327267,short,2749.98,2752.39755,loss,-27.475500000001194,24.17550000000011,2
327356,327357,327365,short,2753.08,2749.4536749999997,win,32.96325000000179,24.17550000000011,8
327448,327449,327456,short,2773.16,2775.57755,loss,-27.475500000001194,24.17550000000011,7
327540,327541,327541,short,2752.94,2749.313675,win,32.96325000000179,24.17550000000011,0
327632,327633,327637,short,2740.94,2737.313675,win,32.96325000000179,24.17550000000011,4
327724,327725,327728,short,2759.82,2762.2375500000003,loss,-27.475500000001194,24.17550000000011,3
327816,327817,327819,short,2766.52,2768.93755,loss,-27.475500000001194,24.17550000000011,2
327908,327909,327909,short,2796.02,2798.43755,loss,-27.475500000001194,24.17550000000011,0
328000,328001,328004,short,2788.52,2790.93755,loss,-27.475500000001194,24.17550000000011,3
328092,328093,328093,short,2813.82,2810.193675,win,32.96325000000179,24.17550000000011,0
328184,328185,328186,short,2857.03,2859.4475500000003,loss,-27.475500000001194,24.17550000000011,1
328276,328277,328279,short,2859.72,2856.0936749999996,win,32.96325000000179,24.17550000000011,2
328368,328369,328373,short,2864.32,2866.7375500000003,loss,-27.475500000001194,24.17550000000011,4
328460,328461,328461,short,2889.05,2891.4675500000003,loss,-27.475500000001194,24.17550000000011,0
328552,328553,328553,short,2918.36,2914.733675,win,32.96325000000179,24.17550000000011,0
328644,328645,328648,short,2893.58,2889.9536749999997,win,32.96325000000179,24.17550000000011,3
328736,328737,328738,short,2916.55,2918.9675500000003,loss,-27.475500000001194,24.17550000000011,1
328828,328829,328832,short,2933.26,2935.6775500000003,loss,-27.475500000001194,24.17550000000011,3
328920,328921,328923,short,2900.62,2903.03755,loss,-27.475500000001194,24.17550000000011,2
329002,329003,329005,short,2913.55,2909.923675,win,32.96325000000179,24.17550000000011,2
329094,329095,329098,short,2934.29,2936.70755,loss,-27.475500000001194,24.17550000000011,3
329186,329187,329188,short,2948.74,2951.15755,loss,-27.475500000001194,24.17550000000011,1
329278,329279,329282,short,2931.95,2928.3236749999996,win,32.96325000000179,24.17550000000011,3
329370,329371,329372,short,2940.82,2943.2375500000003,loss,-27.475500000001194,24.17550000000011,1
329462,329463,329464,short,2939.1,2935.4736749999997,win,32.96325000000179,24.17550000000011,1
329554,329555,329556,short,2911.66,2914.07755,loss,-27.475500000001194,24.17550000000011,1
329646,329647,329647,short,2893.95,2896.36755,loss,-27.475500000001194,24.17550000000011,0
329738,329739,329739,short,2862.77,2859.143675,win,32.96325000000179,24.17550000000011,0
329830,329831,329835,short,2863.35,2859.7236749999997,win,32.96325000000179,24.17550000000011,4
329922,329923,329923,short,2891.47,2893.88755,loss,-27.475500000001194,24.17550000000011,0
330014,330015,330017,short,2917.72,2914.0936749999996,win,32.96325000000179,24.17550000000011,2
330106,330107,330107,short,2921.73,2918.103675,win,32.96325000000179,24.17550000000011,0
330198,330199,330201,short,2913.95,2916.36755,loss,-27.475500000001194,24.17550000000011,2
330294,330295,330297,short,2913.14,2909.5136749999997,win,32.96325000000179,24.17550000000011,2
330386,330387,330390,short,2899.77,2902.18755,loss,-27.475500000001194,24.17550000000011,3
330478,330479,330480,short,2911.6,2914.01755,loss,-27.475500000001194,24.17550000000011,1
330570,330571,330574,short,2936.14,2938.55755,loss,-27.475500000001194,24.17550000000011,3
330662,330663,330665,short,2983.65,2986.06755,loss,-27.475500000001194,24.17550000000011,2
330754,330755,330757,short,2988.88,2985.253675,win,32.96325000000179,24.17550000000011,2
330846,330847,330851,short,3018.24,3020.65755,loss,-27.475500000001194,24.17550000000011,4
330938,330939,330941,short,3040.0,3036.373675,win,32.96325000000179,24.17550000000011,2
331030,331031,331033,short,3046.71,3043.083675,win,32.96325000000179,24.17550000000011,2
331122,331123,331126,short,3031.54,3033.95755,loss,-27.475500000001194,24.17550000000011,3
331214,331215,331215,short,3025.65,3028.06755,loss,-27.475500000001194,24.17550000000011,0
331306,331307,331307,short,3017.07,3013.443675,win,32.96325000000179,24.17550000000011,0
331398,331399,331400,short,3026.58,3028.99755,loss,-27.475500000001194,24.17550000000011,1
331490,331491,331493,short,3031.63,3034.0475500000002,loss,-27.475500000001194,24.17550000000011,2
331582,331583,331585,short,3083.38,3079.753675,win,32.96325000000179,24.17550000000011,2
331670,331671,331671,short,3125.0,3121.373675,win,32.96325000000179,24.17550000000011,0
331762,331763,331763,short,3130.8,3133.2175500000003,loss,-27.475500000001194,24.17550000000011,0
331854,331855,331855,short,3115.37,3117.78755,loss,-27.475500000001194,24.17550000000011,0
331946,331947,331947,short,3130.9,3127.273675,win,32.96325000000179,24.17550000000011,0
332038,332039,332039,short,3107.59,3103.963675,win,32.96325000000179,24.17550000000011,0
332130,332131,332131,short,3026.73,3023.103675,win,32.96325000000179,24.17550000000011,0
332222,332223,332223,short,3004.32,3006.7375500000003,loss,-27.475500000001194,24.17550000000011,0
332314,332315,332315,short,3020.16,3022.57755,loss,-27.475500000001194,24.17550000000011,0
332406,332407,332407,short,3125.55,3121.923675,win,32.96325000000179,24.17550000000011,0
332498,332499,332499,short,3195.06,3197.47755,loss,-27.475500000001194,24.17550000000011,0
332590,332591,332591,short,3230.66,3233.07755,loss,-27.475500000001194,24.17550000000011,0
332682,332683,332684,short,3226.0,3228.41755,loss,-27.475500000001194,24.17550000000011,1
332774,332775,332775,short,3289.74,3292.15755,loss,-27.475500000001194,24.17550000000011,0
332866,332867,332867,short,3330.76,3327.133675,win,32.96325000000179,24.17550000000011,0
332958,332959,332959,short,3388.12,3390.53755,loss,-27.475500000001194,24.17550000000011,0
333050,333051,333051,short,3497.38,3499.7975500000002,loss,-27.475500000001194,24.17550000000011,0
333142,333143,333143,short,3316.4,3318.81755,loss,-27.475500000001194,24.17550000000011,0
333234,333235,333235,short,3323.29,3319.663675,win,32.96325000000179,24.17550000000011,0
333326,333327,333327,short,3288.76,3291.1775500000003,loss,-27.475500000001194,24.17550000000011,0
333418,333419,333419,short,3292.21,3294.62755,loss,-27.475500000001194,24.17550000000011,0
333510,333511,333511,short,3312.91,3315.32755,loss,-27.475500000001194,24.17550000000011,0
333602,333603,333606,short,3308.14,3304.5136749999997,win,32.96325000000179,24.17550000000011,3
333694,333695,333695,short,3237.92,3234.293675,win,32.96325000000179,24.17550000000011,0
333786,333787,333787,short,3254.6,3257.01755,loss,-27.475500000001194,24.17550000000011,0
333878,333879,333880,short,3259.56,3261.97755,loss,-27.475500000001194,24.17550000000011,1
333970,333971,333971,short,3362.31,3364.72755,loss,-27.475500000001194,24.17550000000011,0
334062,334063,334063,short,3393.05,3389.423675,win,32.96325000000179,24.17550000000011,0
334154,334155,334155,short,3344.88,3341.253675,win,32.96325000000179,24.17550000000011,0
334246,334247,334247,short,3319.59,3315.963675,win,32.96325000000179,24.17550000000011,0
334338,334339,334339,short,3279.58,3275.9536749999997,win,32.96325000000179,24.17550000000011,0
334430,334431,334431,short,3251.02,3253.43755,loss,-27.475500000001194,24.17550000000011,0
334522,334523,334524,short,3233.14,3229.5136749999997,win,32.96325000000179,24.17550000000011,1
334614,334615,334615,short,3126.72,3129.13755,loss,-27.475500000001194,24.17550000000011,0
334706,334707,334707,short,3228.48,3224.853675,win,32.96325000000179,24.17550000000011,0
334798,334799,334799,short,3226.69,3229.10755,loss,-27.475500000001194,24.17550000000011,0
334890,334891,334892,short,3216.7,3213.0736749999996,win,32.96325000000179,24.17550000000011,1
334982,334983,334983,short,3314.27,3316.68755,loss,-27.475500000001194,24.17550000000011,0
335074,335075,335075,short,3333.12,3329.4936749999997,win,32.96325000000179,24.17550000000011,0
335166,335167,335167,short,3328.19,3324.563675,win,32.96325000000179,24.17550000000011,0
335258,335259,335259,short,3345.85,3342.2236749999997,win,32.96325000000179,24.17550000000011,0
335340,335341,335341,short,3323.95,3326.36755,loss,-27.475500000001194,24.17550000000011,0
335432,335433,335433,short,3299.93,3302.34755,loss,-27.475500000001194,24.17550000000011,0
335524,335525,335525,short,3268.59,3271.0075500000003,loss,-27.475500000001194,24.17550000000011,0
335616,335617,335617,short,3294.25,3296.66755,loss,-27.475500000001194,24.17550000000011,0
335708,335709,335709,short,3328.05,3330.4675500000003,loss,-27.475500000001194,24.17550000000011,0
335800,335801,335801,short,3361.96,3364.37755,loss,-27.475500000001194,24.17550000000011,0
335892,335893,335893,short,3352.38,3354.7975500000002,loss,-27.475500000001194,24.17550000000011,0
335984,335985,335988,short,3367.8,3370.2175500000003,loss,-27.475500000001194,24.17550000000011,3
336076,336077,336077,short,3362.71,3365.12755,loss,-27.475500000001194,24.17550000000011,0
336168,336169,336169,short,3316.65,3319.06755,loss,-27.475500000001194,24.17550000000011,0
336260,336261,336261,short,3321.3,3323.7175500000003,loss,-27.475500000001194,24.17550000000011,0
336352,336353,336353,short,3337.98,3334.353675,win,32.96325000000179,24.17550000000011,0
336444,336445,336445,short,3371.27,3367.643675,win,32.96325000000179,24.17550000000011,0
336536,336537,336537,short,3422.08,3424.49755,loss,-27.475500000001194,24.17550000000011,0
336628,336629,336629,short,3418.74,3415.1136749999996,win,32.96325000000179,24.17550000000011,0
336720,336721,336722,short,3389.96,3386.333675,win,32.96325000000179,24.17550000000011,1
336812,336813,336814,short,3384.16,3380.5336749999997,win,32.96325000000179,24.17550000000011,1
336904,336905,336905,short,3355.54,3351.913675,win,32.96325000000179,24.17550000000011,0
336986,336987,336987,short,3347.98,3344.353675,win,32.96325000000179,24.17550000000011,0
337078,337079,337080,short,3356.28,3352.653675,win,32.96325000000179,24.17550000000011,1
337170,337171,337171,short,3324.61,3327.0275500000002,loss,-27.475500000001194,24.17550000000011,0
337262,337263,337264,short,3329.66,3332.07755,loss,-27.475500000001194,24.17550000000011,1
337354,337355,337355,short,3332.52,3334.93755,loss,-27.475500000001194,24.17550000000011,0
337446,337447,337448,short,3294.54,3290.913675,win,32.96325000000179,24.17550000000011,1
337538,337539,337540,short,3289.89,3292.30755,loss,-27.475500000001194,24.17550000000011,1
337630,337631,337632,short,3327.79,3330.20755,loss,-27.475500000001194,24.17550000000011,1
337722,337723,337723,short,3337.27,3333.643675,win,32.96325000000179,24.17550000000011,0
337814,337815,337817,short,3358.68,3361.09755,loss,-27.475500000001194,24.17550000000011,2
337906,337907,337907,short,3341.54,3343.95755,loss,-27.475500000001194,24.17550000000011,0
337982,337983,337983,short,3314.19,3310.563675,win,32.96325000000179,24.17550000000011,0
338074,338075,338075,short,3332.01,3334.4275500000003,loss,-27.475500000001194,24.17550000000011,0
338166,338167,338168,short,3287.77,3290.18755,loss,-27.475500000001194,24.17550000000011,1
338258,338259,338259,short,3324.6,3327.01755,loss,-27.475500000001194,24.17550000000011,0
338350,338351,338351,short,3336.79,3339.20755,loss,-27.475500000001194,24.17550000000011,0
338442,338443,338444,short,3359.88,3362.2975500000002,loss,-27.475500000001194,24.17550000000011,1
338534,338535,338535,short,3362.53,3358.903675,win,32.96325000000179,24.17550000000011,0
338626,338627,338632,short,3340.42,3336.793675,win,32.96325000000179,24.17550000000011,5
338718,338719,338720,short,3332.91,3329.2836749999997,win,32.96325000000179,24.17550000000011,1
338810,338811,338812,short,3337.03,3339.4475500000003,loss,-27.475500000001194,24.17550000000011,1
338902,338903,338903,short,3366.55,3368.9675500000003,loss,-27.475500000001194,24.17550000000011,0
338994,338995,339003,short,3385.94,3388.35755,loss,-27.475500000001194,24.17550000000011,8
339086,339087,339088,short,3423.28,3419.653675,win,32.96325000000179,24.17550000000011,1
339178,339179,339180,short,3375.23,3371.603675,win,32.96325000000179,24.17550000000011,1
339270,339271,339273,short,3356.75,3359.16755,loss,-27.475500000001194,24.17550000000011,2
339362,339363,339364,short,3341.97,3338.3436749999996,win,32.96325000000179,24.17550000000011,1
339454,339455,339457,short,3319.7,3322.11755,loss,-27.475500000001194,24.17550000000011,2
339546,339547,339549,short,3323.77,3326.18755,loss,-27.475500000001194,24.17550000000011,2
339638,339639,339640,short,3302.27,3304.68755,loss,-27.475500000001194,24.17550000000011,1
339730,339731,339732,short,3294.78,3291.153675,win,32.96325000000179,24.17550000000011,1
339822,339823,339823,short,3359.18,3355.5536749999997,win,32.96325000000179,24.17550000000011,0
339914,339915,339916,short,3370.71,3367.083675,win,32.96325000000179,24.17550000000011,1
340006,340007,340007,short,3375.48,3377.89755,loss,-27.475500000001194,24.17550000000011,0
340098,340099,340100,short,3378.26,3380.6775500000003,loss,-27.475500000001194,24.17550000000011,1
340190,340191,340192,short,3394.68,3391.0536749999997,win,32.96325000000179,24.17550000000011,1
340282,340283,340283,short,3373.23,3369.603675,win,32.96325000000179,24.17550000000011,0
340374,340375,340375,short,3348.36,3344.733675,win,32.96325000000179,24.17550000000011,0
340466,340467,340467,short,3353.33,3355.74755,loss,-27.475500000001194,24.17550000000011,0
340558,340559,340561,short,3359.4,3361.81755,loss,-27.475500000001194,24.17550000000011,2
340650,340651,340651,short,3342.04,3344.45755,loss,-27.475500000001194,24.17550000000011,0
340742,340743,340743,short,3349.51,3345.883675,win,32.96325000000179,24.17550000000011,0
340834,340835,340838,short,3337.14,3339.55755,loss,-27.475500000001194,24.17550000000011,3
340926,340927,340930,short,3325.21,3321.583675,win,32.96325000000179,24.17550000000011,3
341018,341019,341019,short,3338.37,3334.7436749999997,win,32.96325000000179,24.17550000000011,0
341110,341111,341113,short,3329.25,3325.623675,win,32.96325000000179,24.17550000000011,2
341202,341203,341211,short,3367.64,3364.0136749999997,win,32.96325000000179,24.17550000000011,8
341294,341295,341295,short,3376.37,3372.7436749999997,win,32.96325000000179,24.17550000000011,0
341386,341387,341387,short,3379.36,3381.7775500000002,loss,-27.475500000001194,24.17550000000011,0
341478,341479,341480,short,3390.7,3393.11755,loss,-27.475500000001194,24.17550000000011,1
341570,341571,341575,short,3411.48,3407.853675,win,32.96325000000179,24.17550000000011,4
341662,341663,341663,short,3482.41,3484.82755,loss,-27.475500000001194,24.17550000000011,0
341744,341745,341745,short,3490.49,3486.8636749999996,win,32.96325000000179,24.17550000000011,0
341836,341837,341838,short,3533.14,3535.55755,loss,-27.475500000001194,24.17550000000011,1
341928,341929,341929,short,3531.83,3534.24755,loss,-27.475500000001194,24.17550000000011,0
342020,342021,342022,short,3551.25,3553.66755,loss,-27.475500000001194,24.17550000000011,1
342112,342113,342113,short,3594.12,3590.4936749999997,win,32.96325000000179,24.17550000000011,0
342204,342205,342205,short,3643.2,3645.61755,loss,-27.475500000001194,24.17550000000011,0
342296,342297,342298,short,3646.08,3642.4536749999997,win,32.96325000000179,24.17550000000011,1
342388,342389,342390,short,3632.52,3634.93755,loss,-27.475500000001194,24.17550000000011,1
342480,342481,342481,short,3653.44,3649.813675,win,32.96325000000179,24.17550000000011,0
342572,342573,342575,short,3642.52,3638.893675,win,32.96325000000179,24.17550000000011,2
342664,342665,342665,short,3682.95,3685.36755,loss,-27.475500000001194,24.17550000000011,0
342756,342757,342757,short,3675.7,3678.11755,loss,-27.475500000001194,24.17550000000011,0
342848,342849,342849,short,3637.21,3639.62755,loss,-27.475500000001194,24.17550000000011,0
342940,342941,342941,short,3651.82,3648.193675,win,32.96325000000179,24.17550000000011,0
343032,343033,343033,short,3700.6,3703.01755,loss,-27.475500000001194,24.17550000000011,0
343124,343125,343125,short,3754.61,3757.0275500000002,loss,-27.475500000001194,24.17550000000011,0
343216,343217,343217,short,3773.2,3769.5736749999996,win,32.96325000000179,24.17550000000011,0
343308,343309,343309,short,3745.72,3748.13755,loss,-27.475500000001194,24.17550000000011,0
343400,343401,343401,short,3751.54,3753.95755,loss,-27.475500000001194,24.17550000000011,0
343492,343493,343493,short,3816.74,3813.1136749999996,win,32.96325000000179,24.17550000000011,0
343584,343585,343585,short,3866.46,3862.833675,win,32.96325000000179,24.17550000000011,0
343676,343677,343677,short,3858.43,3860.84755,loss,-27.475500000001194,24.17550000000011,0
343768,343769,343769,short,3871.62,3874.03755,loss,-27.475500000001194,24.17550000000011,0
343860,343861,343863,short,3858.97,3855.3436749999996,win,32.96325000000179,24.17550000000011,2
343952,343953,343953,short,3925.73,3928.14755,loss,-27.475500000001194,24.17550000000011,0
344044,344045,344046,short,3964.33,3960.7036749999997,win,32.96325000000179,24.17550000000011,1
344136,344137,344137,short,4027.22,4023.5936749999996,win,32.96325000000179,24.17550000000011,0
344228,344229,344229,short,4037.51,4033.883675,win,32.96325000000179,24.17550000000011,0
344320,344321,344322,short,3971.04,3973.45755,loss,-27.475500000001194,24.17550000000011,1
344412,344413,344413,short,4065.38,4067.7975500000002,loss,-27.475500000001194,24.17550000000011,0
344504,344505,344505,short,4111.1,4113.5175500000005,loss,-27.475500000001194,24.17550000000011,0
344596,344597,344597,short,4191.8,4188.173675,win,32.96325000000179,24.17550000000011,0
344688,344689,344689,short,4221.56,4223.9775500000005,loss,-27.475500000001194,24.17550000000011,0
344780,344781,344781,short,4358.98,4361.39755,loss,-27.475500000001194,24.17550000000011,0
344872,344873,344873,short,4243.75,4240.123675,win,32.96325000000179,24.17550000000011,0
344964,344965,344965,short,4329.52,4325.893675,win,32.96325000000179,24.17550000000011,0
345056,345057,345057,short,4137.41,4139.82755,loss,-27.475500000001194,24.17550000000011,0
345148,345149,345149,short,4129.6,4132.0175500000005,loss,-27.475500000001194,24.17550000000011,0
345240,345241,345241,short,4083.07,4085.4875500000003,loss,-27.475500000001194,24.17550000000011,0
345336,345337,345337,short,4071.4,4073.81755,loss,-27.475500000001194,24.17550000000011,0
345428,345429,345429,short,3946.29,3942.663675,win,32.96325000000179,24.17550000000011,0
345520,345521,345521,short,3994.79,3997.20755,loss,-27.475500000001194,24.17550000000011,0
345612,345613,345613,short,3970.0,3966.373675,win,32.96325000000179,24.17550000000011,0
345704,345705,345705,short,4015.39,4017.80755,loss,-27.475500000001194,24.17550000000011,0
345792,345793,345793,short,4015.25,4017.66755,loss,-27.475500000001194,24.17550000000011,0
345884,345885,345885,short,3986.93,3989.34755,loss,-27.475500000001194,24.17550000000011,0
345976,345977,345977,short,3966.23,3968.64755,loss,-27.475500000001194,24.17550000000011,0
346068,346069,346069,short,3998.25,4000.66755,loss,-27.475500000001194,24.17550000000011,0
346160,346161,346161,short,4007.61,4003.983675,win,32.96325000000179,24.17550000000011,0
346252,346253,346253,short,4078.36,4074.733675,win,32.96325000000179,24.17550000000011,0
346344,346345,346345,short,4129.42,4131.83755,loss,-27.475500000001194,24.17550000000011,0
346436,346437,346438,short,4124.36,4120.7336749999995,win,32.96325000000179,24.17550000000011,1
346528,346529,346529,short,4210.23,4212.64755,loss,-27.475500000001194,24.17550000000011,0
346620,346621,346621,short,4171.37,4173.78755,loss,-27.475500000001194,24.17550000000011,0
346712,346713,346713,short,4072.58,4074.99755,loss,-27.475500000001194,24.17550000000011,0
346804,346805,346805,short,4008.3,4010.7175500000003,loss,-27.475500000001194,24.17550000000011,0
346896,346897,346897,short,4087.02,4089.43755,loss,-27.475500000001194,24.17550000000011,0
346988,346989,346989,short,4073.46,4069.833675,win,32.96325000000179,24.17550000000011,0
347080,347081,347081,short,4032.44,4034.85755,loss,-27.475500000001194,24.17550000000011,0
347172,347173,347173,short,4053.63,4056.0475500000002,loss,-27.475500000001194,24.17550000000011,0
347264,347265,347265,short,4140.27,4142.687550000001,loss,-27.475500000001194,24.17550000000011,0
347356,347357,347358,short,4153.3,4155.71755,loss,-27.475500000001194,24.17550000000011,1
347448,347449,347452,short,4160.78,4163.19755,loss,-27.475500000001194,24.17550000000011,3
347526,347527,347528,short,4185.14,4181.513675,win,32.96325000000179,24.17550000000011,1
347609,347610,347610,short,4236.5,4238.91755,loss,-27.475500000001194,24.17550000000011,0
347701,347702,347702,short,4213.72,4216.13755,loss,-27.475500000001194,24.17550000000011,0
347793,347794,347794,short,4205.96,4202.333675,win,32.96325000000179,24.17550000000011,0
347885,347886,347886,short,4192.45,4194.86755,loss,-27.475500000001194,24.17550000000011,0
347976,347977,347977,short,4227.26,4229.67755,loss,-27.475500000001194,24.17550000000011,0
348068,348069,348070,short,4214.66,4211.033675,win,32.96325000000179,24.17550000000011,1
348160,348161,348161,short,4182.6,4178.973675,win,32.96325000000179,24.17550000000011,0
348252,348253,348253,short,4205.84,4208.25755,loss,-27.475500000001194,24.17550000000011,0
348344,348345,348346,short,4212.38,4214.79755,loss,-27.475500000001194,24.17550000000011,1
348436,348437,348438,short,4285.73,4288.14755,loss,-27.475500000001194,24.17550000000011,1
348528,348529,348529,short,4342.23,4344.64755,loss,-27.475500000001194,24.17550000000011,0
348620,348621,348621,short,4285.93,4282.303675,win,32.96325000000179,24.17550000000011,0
348712,348713,348713,short,4324.97,4321.343675,win,32.96325000000179,24.17550000000011,0
348804,348805,348805,short,4330.89,4333.30755,loss,-27.475500000001194,24.17550000000011,0
348896,348897,348897,short,4327.22,4323.593675,win,32.96325000000179,24.17550000000011,0
348988,348989,348989,short,4412.83,4415.24755,loss,-27.475500000001194,24.17550000000011,0
349080,349081,349081,short,4481.68,4484.09755,loss,-27.475500000001194,24.17550000000011,0
349172,349173,349174,short,4493.47,4489.843675,win,32.96325000000179,24.17550000000011,1
349248,349249,349249,short,4514.4,4510.7736749999995,win,32.96325000000179,24.17550000000011,0
349340,349341,349341,short,4473.21,4475.62755,loss,-27.475500000001194,24.17550000000011,0
349432,349433,349433,short,4368.75,4371.16755,loss,-27.475500000001194,24.17550000000011,0
349524,349525,349525,short,4330.62,4333.03755,loss,-27.475500000001194,24.17550000000011,0
349612,349613,349613,short,4377.14,4373.513675,win,32.96325000000179,24.17550000000011,0
349704,349705,349705,short,4419.8,4422.21755,loss,-27.475500000001194,24.17550000000011,0
349796,349797,349797,short,4468.44,4464.813674999999,win,32.96325000000179,24.17550000000011,0
349888,349889,349889,short,4450.1,4452.5175500000005,loss,-27.475500000001194,24.17550000000011,0
349980,349981,349981,short,4435.81,4432.183675,win,32.96325000000179,24.17550000000011,0
350072,350073,350076,short,4471.16,4473.57755,loss,-27.475500000001194,24.17550000000011,3
350164,350165,350165,short,4583.51,4585.92755,loss,-27.475500000001194,24.17550000000011,0
350256,350257,350257,short,4584.75,4581.123675,win,32.96325000000179,24.17550000000011,0
350348,350349,350349,short,4632.75,4635.16755,loss,-27.475500000001194,24.17550000000011,0
350440,350441,350441,short,4609.37,4611.78755,loss,-27.475500000001194,24.17550000000011,0
350532,350533,350533,short,4609.86,4606.2336749999995,win,32.96325000000179,24.17550000000011,0
350624,350625,350625,short,4669.7,4666.073675,win,32.96325000000179,24.17550000000011,0
350706,350707,350707,short,4715.48,4717.89755,loss,-27.475500000001194,24.17550000000011,0
350798,350799,350799,short,4837.03,4839.44755,loss,-27.475500000001194,24.17550000000011,0
350890,350891,350891,short,4833.23,4835.64755,loss,-27.475500000001194,24.17550000000011,0
350982,350983,350983,short,4955.87,4958.28755,loss,-27.475500000001194,24.17550000000011,0
351074,351075,351075,short,5091.03,5093.44755,loss,-27.475500000001194,24.17550000000011,0
351166,351167,351167,short,5085.26,5087.67755,loss,-27.475500000001194,24.17550000000011,0
351258,351259,351259,short,5273.7,5276.11755,loss,-27.475500000001194,24.17550000000011,0
351350,351351,351351,short,5561.41,5563.82755,loss,-27.475500000001194,24.17550000000011,0
351442,351443,351443,short,5173.71,5176.12755,loss,-27.475500000001194,24.17550000000011,0
351534,351535,351535,short,4536.97,4539.38755,loss,-27.475500000001194,24.17550000000011,0
351626,351627,351627,short,4892.91,4895.32755,loss,-27.475500000001194,24.17550000000011,0
351718,351719,351719,short,5063.21,5065.62755,loss,-27.475500000001194,24.17550000000011,0
351810,351811,351811,short,4922.01,4924.42755,loss,-27.475500000001194,24.17550000000011,0
351902,351903,351903,short,4848.98,4851.39755,loss,-27.475500000001194,24.17550000000011,0
351994,351995,351995,short,5012.99,5009.363675,win,32.96325000000179,24.17550000000011,0
352086,352087,352087,short,5028.48,5030.89755,loss,-27.475500000001194,24.17550000000011,0
352178,352179,352179,short,5059.14,5061.55755,loss,-27.475500000001194,24.17550000000011,0
352270,352271,352271,short,5062.9,5059.2736749999995,win,32.96325000000179,24.17550000000011,0
352362,352363,352363,short,4960.14,4962.55755,loss,-27.475500000001194,24.17550000000011,0
352454,352455,352455,short,4996.17,4998.58755,loss,-27.475500000001194,24.17550000000011,0
352536,352537,352537,short,4906.72,4909.13755,loss,-27.475500000001194,24.17550000000011,0
352628,352629,352629,short,4938.35,4940.7675500000005,loss,-27.475500000001194,24.17550000000011,0
352720,352721,352723,short,5017.9,5014.2736749999995,win,32.96325000000179,24.17550000000011,2
352812,352813,352813,short,5022.49,5018.863675,win,32.96325000000179,24.17550000000011,0
352904,352905,352905,short,5146.77,5143.143675,win,32.96325000000179,24.17550000000011,0
352996,352997,352997,short,5171.19,5173.60755,loss,-27.475500000001194,24.17550000000011,0
353088,353089,353089,short,5188.52,5184.893675,win,32.96325000000179,24.17550000000011,0
353180,353181,353181,short,5187.36,5189.77755,loss,-27.475500000001194,24.17550000000011,0
353272,353273,353273,short,5181.51,5183.92755,loss,-27.475500000001194,24.17550000000011,0
353364,353365,353365,short,5405.96,5408.37755,loss,-27.475500000001194,24.17550000000011,0
353456,353457,353457,short,5314.86,5317.27755,loss,-27.475500000001194,24.17550000000011,0
353548,353549,353549,short,5167.16,5169.57755,loss,-27.475500000001194,24.17550000000011,0
353640,353641,353641,short,5161.86,5164.27755,loss,-27.475500000001194,24.17550000000011,0
353732,353733,353733,short,5111.21,5113.62755,loss,-27.475500000001194,24.17550000000011,0
353828,353829,353829,short,5096.82,5099.23755,loss,-27.475500000001194,24.17550000000011,0
353920,353921,353921,short,5174.37,5176.78755,loss,-27.475500000001194,24.17550000000011,0
354012,354013,354014,short,5198.74,5195.113675,win,32.96325000000179,24.17550000000011,1
354104,354105,354105,short,5169.96,5166.333675,win,32.96325000000179,24.17550000000011,0
354196,354197,354197,short,5090.07,5086.4436749999995,win,32.96325000000179,24.17550000000011,0
354288,354289,354289,short,5009.6,5005.973675,win,32.96325000000179,24.17550000000011,0
354380,354381,354381,short,5014.14,5016.55755,loss,-27.475500000001194,24.17550000000011,0
354472,354473,354474,short,5009.49,5005.863675,win,32.96325000000179,24.17550000000011,1
354564,354565,354565,short,4778.57,4780.98755,loss,-27.475500000001194,24.17550000000011,0
354656,354657,354657,short,4679.39,4681.80755,loss,-27.475500000001194,24.17550000000011,0
354748,354749,354749,short,4130.23,4132.64755,loss,-27.475500000001194,24.17550000000011,0
354840,354841,354841,short,4424.58,4420.953675,win,32.96325000000179,24.17550000000011,0
354932,354933,354933,short,4556.16,4558.57755,loss,-27.475500000001194,24.17550000000011,0
355024,355025,355025,short,4447.64,4450.05755,loss,-27.475500000001194,24.17550000000011,0
355116,355117,355117,short,4454.78,4451.153675,win,32.96325000000179,24.17550000000011,0
355204,355205,355205,short,4530.23,4532.64755,loss,-27.475500000001194,24.17550000000011,0
355296,355297,355297,short,4559.55,4561.96755,loss,-27.475500000001194,24.17550000000011,0
355388,355389,355389,short,4697.33,4699.74755,loss,-27.475500000001194,24.17550000000011,0
355480,355481,355481,short,4580.95,4583.36755,loss,-27.475500000001194,24.17550000000011,0
355572,355573,355573,short,4660.71,4657.083675,win,32.96325000000179,24.17550000000011,0
355664,355665,355665,short,4647.03,4643.403675,win,32.96325000000179,24.17550000000011,0
355756,355757,355757,short,4826.27,4828.687550000001,loss,-27.475500000001194,24.17550000000011,0
355848,355849,355849,short,4719.11,4721.52755,loss,-27.475500000001194,24.17550000000011,0
355940,355941,355941,short,4756.06,4752.433675,win,32.96325000000179,24.17550000000011,0
356032,356033,356033,short,4725.81,4728.2275500000005,loss,-27.475500000001194,24.17550000000011,0
356124,356125,356126,short,4765.78,4768.19755,loss,-27.475500000001194,24.17550000000011,1
356216,356217,356217,short,4819.12,4815.493675,win,32.96325000000179,24.17550000000011,0
356308,356309,356309,short,4822.61,4825.02755,loss,-27.475500000001194,24.17550000000011,0
356400,356401,356401,short,4787.48,4783.853674999999,win,32.96325000000179,24.17550000000011,0
356492,356493,356493,short,4790.5,4786.873675,win,32.96325000000179,24.17550000000011,0
356584,356585,356585,short,4784.8,4781.173675,win,32.96325000000179,24.17550000000011,0
356676,356677,356677,short,4762.41,4764.82755,loss,-27.475500000001194,24.17550000000011,0
356768,356769,356769,short,4711.67,4714.08755,loss,-27.475500000001194,24.17550000000011,0
356860,356861,356861,short,4681.68,4678.053675,win,32.96325000000179,24.17550000000011,0
356952,356953,356954,short,4714.33,4710.703675,win,32.96325000000179,24.17550000000011,1
357044,357045,357045,short,4640.37,4636.743675,win,32.96325000000179,24.17550000000011,0
357136,357137,357137,short,4588.21,4584.583675,win,32.96325000000179,24.17550000000011,0
357228,357229,357229,short,4566.02,4568.437550000001,loss,-27.475500000001194,24.17550000000011,0
357320,357321,357321,short,4601.3,4597.673675,win,32.96325000000179,24.17550000000011,0
357412,357413,357413,short,4597.37,4593.743675,win,32.96325000000179,24.17550000000011,0
357504,357505,357505,short,4543.41,4539.783675,win,32.96325000000179,24.17550000000011,0
357596,357597,357597,short,4660.41,4662.82755,loss,-27.475500000001194,24.17550000000011,0
357688,357689,357689,short,4708.06,4710.4775500000005,loss,-27.475500000001194,24.17550000000011,0
357780,357781,357781,short,4722.53,4724.94755,loss,-27.475500000001194,24.17550000000011,0
357872,357873,357873,short,4665.16,4667.57755,loss,-27.475500000001194,24.17550000000011,0
357964,357965,357965,short,4705.02,4701.393675,win,32.96325000000179,24.17550000000011,0
358056,358057,358057,short,4710.61,4713.02755,loss,-27.475500000001194,24.17550000000011,0
358148,358149,358149,short,4687.66,4690.07755,loss,-27.475500000001194,24.17550000000011,0
358240,358241,358241,short,4570.93,4573.34755,loss,-27.475500000001194,24.17550000000011,0
358332,358333,358333,short,4537.12,4539.53755,loss,-27.475500000001194,24.17550000000011,0
358424,358425,358425,short,4541.84,4544.25755,loss,-27.475500000001194,24.17550000000011,0
358516,358517,358517,short,4472.07,4474.48755,loss,-27.475500000001194,24.17550000000011,0
358608,358609,358609,short,4531.31,4533.7275500000005,loss,-27.475500000001194,24.17550000000011,0
358700,358701,358701,short,4521.37,4523.78755,loss,-27.475500000001194,24.17550000000011,0
358792,358793,358793,short,4553.7,4556.11755,loss,-27.475500000001194,24.17550000000011,0
358874,358875,358875,short,4531.47,4533.88755,loss,-27.475500000001194,24.17550000000011,0
358966,358967,358967,short,4493.81,4490.183675,win,32.96325000000179,24.17550000000011,0
359058,359059,359059,short,4375.89,4378.30755,loss,-27.475500000001194,24.17550000000011,0
359150,359151,359151,short,4515.71,4518.12755,loss,-27.475500000001194,24.17550000000011,0
359242,359243,359243,short,4513.88,4510.253675,win,32.96325000000179,24.17550000000011,0
359334,359335,359335,short,4518.82,4521.23755,loss,-27.475500000001194,24.17550000000011,0
359426,359427,359427,short,4465.94,4468.35755,loss,-27.475500000001194,24.17550000000011,0
359518,359519,359519,short,4473.74,4470.113675,win,32.96325000000179,24.17550000000011,0
359610,359611,359611,short,4436.07,4438.48755,loss,-27.475500000001194,24.17550000000011,0
359702,359703,359703,short,4303.25,4305.66755,loss,-27.475500000001194,24.17550000000011,0
359794,359795,359795,short,4340.78,4343.19755,loss,-27.475500000001194,24.17550000000011,0
359886,359887,359887,short,4212.75,4215.16755,loss,-27.475500000001194,24.17550000000011,0
359978,359979,359979,short,4084.16,4086.57755,loss,-27.475500000001194,24.17550000000011,0
360070,360071,360071,short,4182.78,4179.153675,win,32.96325000000179,24.17550000000011,0
360162,360163,360163,short,4308.69,4305.063674999999,win,32.96325000000179,24.17550000000011,0
360254,360255,360255,short,4318.44,4314.813674999999,win,32.96325000000179,24.17550000000011,0
360346,360347,360347,short,4328.96,4325.333675,win,32.96325000000179,24.17550000000011,0
360438,360439,360439,short,4298.71,4301.12755,loss,-27.475500000001194,24.17550000000011,0
360530,360531,360531,short,4146.79,4143.163675,win,32.96325000000179,24.17550000000011,0
360606,360607,360607,short,4194.36,4196.77755,loss,-27.475500000001194,24.17550000000011,0
360698,360699,360699,short,4122.56,4124.9775500000005,loss,-27.475500000001194,24.17550000000011,0
360790,360791,360791,short,4096.07,4092.4436749999995,win,32.96325000000179,24.17550000000011,0
360882,360883,360883,short,3979.93,3982.34755,loss,-27.475500000001194,24.17550000000011,0
360974,360975,360975,short,4009.32,4011.7375500000003,loss,-27.475500000001194,24.17550000000011,0
361066,361067,361067,short,4059.61,4062.0275500000002,loss,-27.475500000001194,24.17550000000011,0
361158,361159,361159,short,3987.59,3990.0075500000003,loss,-27.475500000001194,24.17550000000011,0
361250,361251,361251,short,3964.97,3967.38755,loss,-27.475500000001194,24.17550000000011,0
361342,361343,361343,short,4068.26,4070.6775500000003,loss,-27.475500000001194,24.17550000000011,0
361434,361435,361435,short,4162.44,4164.85755,loss,-27.475500000001194,24.17550000000011,0
361510,361511,361511,short,4151.75,4154.16755,loss,-27.475500000001194,24.17550000000011,0
361602,361603,361603,short,4123.33,4125.74755,loss,-27.475500000001194,24.17550000000011,0
361694,361695,361696,short,4131.29,4127.663675,win,32.96325000000179,24.17550000000011,1
361786,361787,361787,short,4091.73,4094.14755,loss,-27.475500000001194,24.17550000000011,0
361878,361879,361879,short,4115.12,4117.53755,loss,-27.475500000001194,24.17550000000011,0
361970,361971,361971,short,4050.61,4053.0275500000002,loss,-27.475500000001194,24.17550000000011,0
362062,362063,362063,short,4030.76,4027.133675,win,32.96325000000179,24.17550000000011,0
362154,362155,362155,short,4027.32,4023.693675,win,32.96325000000179,24.17550000000011,0
362246,362247,362247,short,4031.96,4028.333675,win,32.96325000000179,24.17550000000011,0
362338,362339,362339,short,3999.69,4002.10755,loss,-27.475500000001194,24.17550000000011,0
362430,362431,362432,short,4007.29,4003.663675,win,32.96325000000179,24.17550000000011,1
362522,362523,362523,short,4071.42,4073.83755,loss,-27.475500000001194,24.17550000000011,0
362614,362615,362615,short,4129.83,4126.203675,win,32.96325000000179,24.17550000000011,0
362706,362707,362707,short,4122.97,4125.38755,loss,-27.475500000001194,24.17550000000011,0
362798,362799,362799,short,4030.77,4033.18755,loss,-27.475500000001194,24.17550000000011,0
362890,362891,362892,short,4094.19,4096.60755,loss,-27.475499999996646,24.17550000000011,1
362982,362983,362983,short,4044.01,4046.4275500000003,loss,-27.475500000001194,24.17550000000011,0
363074,363075,363075,short,4037.15,4039.56755,loss,-27.475500000001194,24.17550000000011,0
363166,363167,363167,short,4032.13,4034.5475500000002,loss,-27.475500000001194,24.17550000000011,0
363258,363259,363259,short,4082.18,4084.59755,loss,-27.475500000001194,24.17550000000011,0
363350,363351,363351,short,4065.78,4068.1975500000003,loss,-27.475500000001194,24.17550000000011,0
363442,363443,363443,short,4063.77,4060.143675,win,32.96325000000179,24.17550000000011,0
363534,363535,363535,short,4172.94,4169.313674999999,win,32.96325000000179,24.17550000000011,0
363626,363627,363627,short,4260.39,4256.763675,win,32.96325000000179,24.17550000000011,0
363718,363719,363719,short,4286.38,4288.79755,loss,-27.475500000001194,24.17550000000011,0
