signal_bar,entry_bar,exit_bar,direction,entry_price,exit_price,outcome,pnl_pip,sl_pip,bars_held
11,12,13,long,1415.2,1414.7,loss,-8.3,71.00400000000018,1
23,24,25,long,1381.6,1380.25,loss,-16.79999999999909,71.00400000000018,1
35,36,37,long,1377.35,1374.95,loss,-27.299999999998636,71.00400000000018,1
47,48,49,long,1371.3,1370.15,loss,-14.799999999998636,71.00400000000018,1
59,60,61,long,1370.1,1374.1,win,36.7,71.00400000000018,1
71,72,73,long,1374.4,1375.1,win,3.699999999998181,71.00400000000018,1
83,84,85,long,1381.3,1384.95,win,33.20000000000091,71.00400000000018,1
95,96,97,long,1386.0,1386.55,win,2.1999999999995454,71.00400000000018,1
107,108,109,long,1372.75,1376.2,win,31.200000000000454,71.00400000000018,1
119,120,121,long,1361.45,1365.2,win,34.2,71.00400000000018,1
142,143,144,long,1366.75,1372.7,win,56.20000000000046,71.00400000000018,1
154,155,156,long,1367.75,1368.6,win,5.199999999999091,71.00400000000018,1
166,167,168,long,1347.15,1348.5,win,10.19999999999909,71.00400000000018,1
178,179,180,long,1349.2,1348.75,loss,-7.800000000000455,71.00400000000018,1
185,186,187,long,1335.15,1332.5,loss,-29.80000000000091,71.00400000000018,1
197,198,199,long,1332.4,1332.95,win,2.1999999999995454,71.00400000000018,1
209,210,211,long,1343.8,1344.55,win,4.2,71.00400000000018,1
221,222,223,long,1314.3,1313.4,loss,-12.299999999998636,71.00400000000018,1
233,234,235,long,1339.85,1338.55,loss,-16.299999999999546,71.00400000000018,1
245,246,247,long,1332.2,1337.45,win,49.2,71.00400000000018,1
257,258,259,long,1341.9,1340.5,loss,-17.30000000000091,71.00400000000018,1
269,270,271,long,1335.1,1335.45,win,0.20000000000136442,71.00400000000018,1
281,282,283,long,1351.55,1350.9,loss,-9.799999999998636,71.00400000000018,1
293,294,295,long,1343.9,1346.65,win,24.2,71.00400000000018,1
305,306,307,long,1351.25,1351.05,loss,-5.300000000000455,71.00400000000018,1
317,318,319,long,1362.85,1362.45,loss,-7.299999999998636,71.00400000000018,1
329,330,331,long,1363.2,1361.95,loss,-15.8,71.00400000000018,1
341,342,343,long,1363.0,1363.95,win,6.200000000000455,71.00400000000018,1
353,354,355,long,1357.3,1357.45,loss,-1.7999999999990903,71.00400000000018,1
365,366,367,long,1361.4,1364.35,win,26.19999999999818,71.00400000000018,1
377,378,379,long,1372.9,1373.45,win,2.1999999999995454,71.00400000000018,1
389,390,391,long,1375.15,1377.05,win,15.699999999998635,71.00400000000018,1
401,402,403,long,1383.95,1383.0,loss,-12.800000000000455,71.00400000000018,1
413,414,415,long,1390.3,1395.5,win,48.70000000000046,71.00400000000018,1
435,436,437,long,1399.45,1400.55,win,7.699999999999091,71.00400000000018,1
447,448,449,long,1411.0,1411.9,win,5.70000000000091,71.00400000000018,1
459,460,461,long,1402.25,1403.1,win,5.199999999999091,71.00400000000018,1
471,472,473,long,1407.75,1413.15,win,50.70000000000091,71.00400000000018,1
483,484,485,long,1411.1,1412.05,win,6.200000000000455,71.00400000000018,1
495,496,497,long,1432.65,1429.05,loss,-39.30000000000136,71.00400000000018,1
507,508,509,long,1435.05,1433.4,loss,-19.799999999998636,71.00400000000018,1
519,520,521,long,1416.2,1417.8,win,12.69999999999909,71.00400000000018,1
531,532,533,long,1433.9,1436.95,win,27.199999999999545,71.00400000000018,1
543,544,545,long,1431.05,1432.35,win,9.699999999999545,71.00400000000018,1
555,556,557,long,1428.05,1426.85,loss,-15.300000000000455,71.00400000000018,1
567,568,569,long,1431.3,1429.4,loss,-22.299999999998636,71.00400000000018,1
579,580,581,long,1410.65,1417.1,win,61.199999999998184,71.00400000000018,1
591,592,593,long,1429.95,1422.8496,loss,-74.30400000000036,71.00400000000018,1
603,604,605,long,1426.0,1418.8996,loss,-74.30400000000036,71.00400000000018,1
615,616,617,long,1393.0,1397.4,win,40.70000000000091,71.00400000000018,1
627,628,629,long,1392.25,1390.6,loss,-19.80000000000091,71.00400000000018,1
639,640,641,long,1405.15,1409.4,win,39.2,71.00400000000018,1
651,652,653,long,1425.25,1427.35,win,17.69999999999909,71.00400000000018,1
663,664,665,long,1426.65,1430.6,win,36.199999999998184,71.00400000000018,1
675,676,677,long,1427.45,1428.25,win,4.699999999999545,71.00400000000018,1
687,688,689,long,1437.9,1437.55,loss,-6.800000000001364,71.00400000000018,1
699,700,701,long,1431.4,1432.75,win,10.19999999999909,71.00400000000018,1
711,712,713,long,1424.65,1426.3,win,13.199999999998635,71.00400000000018,1
723,724,725,long,1420.85,1418.3,loss,-28.799999999999546,71.00400000000018,1
735,736,737,long,1418.45,1415.4,loss,-33.79999999999954,71.00400000000018,1
747,748,749,long,1422.7,1424.25,win,12.199999999999545,71.00400000000018,1
759,760,761,long,1433.05,1430.75,loss,-26.299999999999546,71.00400000000018,1
771,772,773,long,1428.1,1430.05,win,16.200000000000454,71.00400000000018,1
783,784,785,long,1434.6,1437.4,win,24.70000000000182,71.00400000000018,1
795,796,797,long,1456.3,1451.95,loss,-46.79999999999909,71.00400000000018,1
807,808,809,long,1461.35,1457.75,loss,-39.29999999999909,71.00400000000018,1
819,820,821,long,1458.7,1461.3,win,22.69999999999909,71.00400000000018,1
831,832,833,long,1474.75,1474.35,loss,-7.300000000000909,71.00400000000018,1
843,844,845,long,1461.35,1458.65,loss,-30.29999999999818,71.00400000000018,1
855,856,857,long,1452.05,1454.2,win,18.20000000000091,71.00400000000018,1
867,868,869,long,1457.3,1456.75,loss,-8.799999999999546,71.00400000000018,1
879,880,881,long,1474.05,1476.65,win,22.700000000001364,71.00400000000018,1
891,892,893,long,1486.0,1484.95,loss,-13.799999999999546,71.00400000000018,1
903,904,905,long,1494.3,1492.55,loss,-20.8,71.00400000000018,1
915,916,917,long,1494.15,1495.8,win,13.199999999998635,71.00400000000018,1
927,928,929,long,1500.6,1507.85,win,69.2,71.00400000000018,1
939,940,941,long,1511.55,1511.15,loss,-7.299999999998636,71.00400000000018,1
951,952,953,long,1507.6,1500.4995999999999,loss,-74.30400000000036,71.00400000000018,1
963,964,965,long,1506.05,1508.15,win,17.700000000001364,71.00400000000018,1
975,976,977,long,1526.05,1528.7,win,23.20000000000091,71.00400000000018,1
987,988,989,long,1534.35,1534.65,loss,-0.29999999999818083,71.00400000000018,1
999,1000,1000,long,1569.4,1562.2996,loss,-74.30400000000036,71.00400000000018,0
1011,1012,1013,long,1539.95,1540.15,loss,-1.299999999999545,71.00400000000018,1
1023,1024,1025,long,1535.65,1532.9,loss,-30.8,71.00400000000018,1
1035,1036,1037,long,1515.1,1517.65,win,22.20000000000182,71.00400000000018,1
1047,1048,1049,long,1475.4,1486.0506,win,103.2059999999994,71.00400000000018,1
1059,1060,1061,long,1493.8,1495.4,win,12.700000000001364,71.00400000000018,1
1071,1072,1073,long,1510.9,1509.95,loss,-12.800000000000455,71.00400000000018,1
1083,1084,1085,long,1515.9,1522.45,win,62.19999999999955,71.00400000000018,1
1095,1096,1097,long,1500.05,1503.95,win,35.70000000000091,71.00400000000018,1
1107,1108,1109,long,1506.1,1502.55,loss,-38.79999999999954,71.00400000000018,1
1119,1120,1121,long,1492.65,1489.6,loss,-33.800000000001816,71.00400000000018,1
1131,1132,1133,long,1491.1,1491.45,win,0.20000000000136442,71.00400000000018,1
1143,1144,1145,long,1487.3,1489.8,win,21.7,71.00400000000018,1
1155,1156,1157,long,1496.5,1498.15,win,13.200000000000909,71.00400000000018,1
1167,1168,1169,long,1494.95,1494.85,loss,-4.300000000001364,71.00400000000018,1
1179,1180,1181,long,1510.2,1511.1,win,5.699999999998636,71.00400000000018,1
1191,1192,1193,long,1517.3,1517.15,loss,-4.799999999998636,71.00400000000018,1
1203,1204,1205,long,1525.95,1523.65,loss,-26.299999999999546,71.00400000000018,1
1215,1216,1217,long,1526.3,1527.7,win,10.700000000000909,71.00400000000018,1
1227,1228,1229,long,1519.75,1524.6,win,45.19999999999909,71.00400000000018,1
1239,1240,1241,long,1535.75,1535.0,loss,-10.8,71.00400000000018,1
1261,1262,1263,long,1535.2,1531.95,loss,-35.8,71.00400000000018,1
1273,1274,1275,long,1540.6,1540.05,loss,-8.799999999999546,71.00400000000018,1
1285,1286,1287,long,1533.5,1532.0,loss,-18.3,71.00400000000018,1
1297,1298,1299,long,1541.5,1544.8,win,29.699999999999545,71.00400000000018,1
1309,1310,1311,long,1544.55,1544.2,loss,-6.79999999999909,71.00400000000018,1
1321,1322,1323,long,1544.75,1540.7,loss,-43.79999999999954,71.00400000000018,1
1333,1334,1335,long,1538.1,1536.3,loss,-21.299999999999546,71.00400000000018,1
1345,1346,1347,long,1544.9,1543.2,loss,-20.300000000000455,71.00400000000018,1
1357,1358,1359,long,1530.65,1532.5,win,15.19999999999909,71.00400000000018,1
1369,1370,1371,long,1515.65,1518.65,win,26.7,71.00400000000018,1
1381,1382,1383,long,1524.8,1525.15,win,0.20000000000136442,71.00400000000018,1
1393,1394,1395,long,1530.2,1526.6,loss,-39.30000000000136,71.00400000000018,1
1405,1406,1407,long,1528.95,1528.5,loss,-7.800000000000455,71.00400000000018,1
1417,1418,1419,long,1540.05,1539.7,loss,-6.79999999999909,71.00400000000018,1
1429,1430,1431,long,1539.8,1542.0,win,18.700000000000454,71.00400000000018,1
1441,1442,1443,long,1546.95,1546.7,loss,-5.8,71.00400000000018,1
1453,1454,1455,long,1547.1,1545.8,loss,-16.299999999999546,71.00400000000018,1
1465,1466,1467,long,1522.5,1522.35,loss,-4.800000000000909,71.00400000000018,1
1477,1478,1479,long,1500.25,1499.9,loss,-6.79999999999909,71.00400000000018,1
1489,1490,1491,long,1497.45,1499.05,win,12.69999999999909,71.00400000000018,1
1501,1502,1503,long,1501.65,1503.85,win,18.69999999999818,71.00400000000018,1
1513,1514,1515,long,1511.0,1511.3,loss,-0.30000000000045457,71.00400000000018,1
1525,1526,1527,long,1501.15,1499.3,loss,-21.800000000001365,71.00400000000018,1
1537,1538,1539,long,1583.8,1592.4,win,82.70000000000137,71.00400000000018,1
1545,1546,1547,long,1586.9,1585.3,loss,-19.300000000001365,71.00400000000018,1
1557,1558,1559,long,1593.45,1593.65,loss,-1.299999999999545,71.00400000000018,1
1569,1570,1571,long,1604.85,1601.85,loss,-33.3,71.00400000000018,1
1581,1582,1583,long,1588.95,1588.55,loss,-7.300000000000909,71.00400000000018,1
1593,1594,1595,long,1600.7,1599.8,loss,-12.30000000000091,71.00400000000018,1
1605,1606,1607,long,1588.9,1589.85,win,6.199999999998181,71.00400000000018,1
1617,1618,1618,long,1608.15,1618.8006,win,103.2059999999994,71.00400000000018,0
1629,1630,1631,long,1614.25,1614.8,win,2.1999999999995454,71.00400000000018,1
1641,1642,1643,long,1618.35,1622.65,win,39.70000000000182,71.00400000000018,1
1653,1654,1655,long,1614.65,1615.05,win,0.6999999999986359,71.00400000000018,1
1665,1666,1667,long,1616.35,1614.8,loss,-18.799999999999546,71.00400000000018,1
1677,1678,1679,long,1611.75,1612.65,win,5.70000000000091,71.00400000000018,1
1689,1690,1691,long,1619.25,1619.65,win,0.7000000000009097,71.00400000000018,1
1701,1702,1703,long,1661.0,1653.8996,loss,-74.30400000000036,71.00400000000018,1
1713,1714,1715,long,1660.15,1663.2,win,27.199999999999545,71.00400000000018,1
1725,1726,1727,long,1648.3,1649.4,win,7.700000000001364,71.00400000000018,1
1737,1738,1739,long,1687.2,1693.0,win,54.69999999999955,71.00400000000018,1
1749,1750,1751,long,1715.55,1726.2006,win,103.2059999999994,71.00400000000018,1
1761,1762,1762,long,1742.4,1753.0506,win,103.2059999999994,71.00400000000018,0
1773,1774,1774,long,1797.6,1808.2505999999998,win,103.2059999999994,71.00400000000018,0
1785,1786,1786,long,1762.5,1755.3996,loss,-74.30400000000036,71.00400000000018,0
1797,1798,1798,long,1742.2,1735.0996,loss,-74.30400000000036,71.00400000000018,0
1809,1810,1811,long,1765.35,1762.85,loss,-28.3,71.00400000000018,1
1821,1822,1823,long,1787.05,1784.5,loss,-28.799999999999546,71.00400000000018,1
1833,1834,1835,long,1789.9,1789.75,loss,-4.800000000000909,71.00400000000018,1
1845,1846,1847,long,1825.2,1835.8506,win,103.2059999999994,71.00400000000018,1
1857,1858,1858,long,1858.1,1868.7505999999998,win,103.2059999999994,71.00400000000018,0
1869,1870,1870,long,1907.9,1900.7996,loss,-74.30400000000036,71.00400000000018,0
1881,1882,1883,long,1834.55,1845.2006,win,103.2059999999994,71.00400000000018,1
1893,1894,1894,long,1749.75,1742.6496,loss,-74.30400000000036,71.00400000000018,0
1905,1906,1906,long,1771.15,1764.0496,loss,-74.30400000000036,71.00400000000018,0
1917,1918,1918,long,1836.35,1829.2495999999999,loss,-74.30400000000036,71.00400000000018,0
1929,1930,1931,long,1786.25,1796.9006,win,103.2059999999994,71.00400000000018,1
1941,1942,1943,long,1835.65,1828.5496,loss,-74.30400000000036,71.00400000000018,1
1953,1954,1955,long,1824.85,1822.8,loss,-23.799999999999546,71.00400000000018,1
1965,1966,1967,long,1825.9,1827.0,win,7.699999999999091,71.00400000000018,1
1977,1978,1978,long,1878.7,1889.3506,win,103.2059999999994,71.00400000000018,0
1999,2000,2001,long,1869.0,1879.6506,win,103.2059999999994,71.00400000000018,1
2011,2012,2013,long,1816.0,1826.6506,win,103.2059999999994,71.00400000000018,1
2023,2024,2025,long,1868.25,1861.1496,loss,-74.30400000000036,71.00400000000018,1
2035,2036,2036,long,1857.05,1849.9496,loss,-74.30400000000036,71.00400000000018,0
2047,2048,2049,long,1815.7,1826.3506,win,103.2059999999994,71.00400000000018,1
2059,2060,2061,long,1833.75,1844.4006,win,103.2059999999994,71.00400000000018,1
2071,2072,2073,long,1821.1,1813.9995999999999,loss,-74.30400000000036,71.00400000000018,1
2083,2084,2085,long,1788.05,1780.9496,loss,-74.30400000000036,71.00400000000018,1
2095,2096,2096,long,1814.6,1825.2505999999998,win,103.2059999999994,71.00400000000018,0
2107,2108,2109,long,1777.1,1782.3,win,48.70000000000046,71.00400000000018,1
2119,2120,2121,long,1803.35,1800.95,loss,-27.299999999998636,71.00400000000018,1
2131,2132,2133,long,1781.0,1773.8996,loss,-74.30400000000036,71.00400000000018,1
2143,2144,2145,long,1738.65,1749.3006,win,103.2059999999994,71.00400000000018,1
2155,2156,2156,long,1651.85,1644.7495999999999,loss,-74.30400000000036,71.00400000000018,0
2167,2168,2168,long,1623.45,1616.3496,loss,-74.30400000000036,71.00400000000018,0
2179,2180,2180,long,1651.3,1644.1996,loss,-74.30400000000036,71.00400000000018,0
2191,2192,2192,long,1609.05,1601.9496,loss,-74.30400000000036,71.00400000000018,0
2203,2204,2205,long,1614.3,1624.9506,win,103.2059999999994,71.00400000000018,1
2215,2216,2216,long,1618.3,1628.9506,win,103.2059999999994,71.00400000000018,0
2227,2228,2229,long,1662.55,1659.65,loss,-32.29999999999863,71.00400000000018,1
2239,2240,2241,long,1626.05,1618.9496,loss,-74.30400000000036,71.00400000000018,1
2251,2252,2253,long,1642.0,1634.8996,loss,-74.30400000000036,71.00400000000018,1
2263,2264,2265,long,1651.3,1653.75,win,21.200000000000454,71.00400000000018,1
2275,2276,2277,long,1639.15,1649.8006,win,103.2059999999994,71.00400000000018,1
2287,2288,2288,long,1681.35,1674.2495999999999,loss,-74.30400000000036,71.00400000000018,0
2299,2300,2301,long,1662.55,1664.65,win,17.700000000001364,71.00400000000018,1
2311,2312,2313,long,1675.45,1677.95,win,21.7,71.00400000000018,1
2323,2324,2325,long,1666.9,1665.55,loss,-16.800000000001365,71.00400000000018,1
2335,2336,2337,long,1681.3,1679.9,loss,-17.299999999998636,71.00400000000018,1
2347,2348,2349,long,1670.95,1673.95,win,26.7,71.00400000000018,1
2359,2360,2361,long,1655.25,1663.1,win,75.1999999999991,71.00400000000018,1
2371,2372,2373,long,1642.7,1635.5996,loss,-74.30400000000036,71.00400000000018,1
2383,2384,2384,long,1619.4,1612.2996,loss,-74.30400000000036,71.00400000000018,0
2395,2396,2397,long,1637.5,1639.1,win,12.69999999999909,71.00400000000018,1
2407,2408,2408,long,1652.75,1645.6496,loss,-74.30400000000036,71.00400000000018,0
2419,2420,2420,long,1705.4,1698.2996,loss,-74.30400000000036,71.00400000000018,0
2431,2432,2433,long,1723.55,1726.45,win,25.70000000000091,71.00400000000018,1
2443,2444,2445,long,1744.95,1747.3,win,20.19999999999909,71.00400000000018,1
2455,2456,2457,long,1742.55,1735.4496,loss,-74.30400000000036,71.00400000000018,1
2467,2468,2469,long,1715.0,1722.35,win,70.1999999999991,71.00400000000018,1
2479,2480,2481,long,1718.5,1724.45,win,56.20000000000046,71.00400000000018,1
2491,2492,2493,long,1739.2,1732.0996,loss,-74.30400000000036,71.00400000000018,1
2503,2504,2505,long,1762.45,1760.45,loss,-23.3,71.00400000000018,1
2515,2516,2516,long,1753.45,1746.3496,loss,-74.30400000000036,71.00400000000018,0
2527,2528,2529,long,1794.3,1792.0,loss,-26.299999999999546,71.00400000000018,1
2539,2540,2541,long,1784.75,1793.1,win,80.1999999999991,71.00400000000018,1
2551,2552,2553,long,1768.4,1767.7,loss,-10.300000000000455,71.00400000000018,1
2563,2564,2564,long,1756.8,1749.6996,loss,-74.30400000000036,71.00400000000018,0
2575,2576,2577,long,1787.2,1793.65,win,61.20000000000046,71.00400000000018,1
2587,2588,2589,long,1780.25,1778.1,loss,-24.80000000000091,71.00400000000018,1
2599,2600,2601,long,1780.45,1773.3496,loss,-74.30400000000036,71.00400000000018,1
2611,2612,2613,long,1763.85,1756.7495999999999,loss,-74.30400000000036,71.00400000000018,1
2623,2624,2625,long,1722.75,1715.6496,loss,-74.30400000000036,71.00400000000018,1
2635,2636,2636,long,1722.9,1715.7996,loss,-74.30400000000036,71.00400000000018,0
2647,2648,2648,long,1678.45,1671.3496,loss,-74.30400000000036,71.00400000000018,0
2659,2660,2661,long,1699.55,1705.9,win,60.20000000000137,71.00400000000018,1
2671,2672,2673,long,1691.25,1690.8,loss,-7.800000000000455,71.00400000000018,1
2703,2704,2705,long,1711.15,1708.65,loss,-28.3,71.00400000000018,1
2715,2716,2717,long,1715.8,1724.85,win,87.19999999999955,71.00400000000018,1
2727,2728,2729,long,1747.35,1747.3,loss,-3.799999999999545,71.00400000000018,1
2739,2740,2741,long,1745.3,1738.1996,loss,-74.30400000000036,71.00400000000018,1
2751,2752,2753,long,1750.05,1746.05,loss,-43.3,71.00400000000018,1
2763,2764,2765,long,1721.75,1719.25,loss,-28.3,71.00400000000018,1
2775,2776,2777,long,1727.15,1728.2,win,7.199999999999545,71.00400000000018,1
2787,2788,2789,long,1741.65,1736.8,loss,-51.80000000000136,71.00400000000018,1
2799,2800,2801,long,1705.25,1714.0,win,84.2,71.00400000000018,1
2811,2812,2813,long,1713.05,1709.5,loss,-38.79999999999954,71.00400000000018,1
2823,2824,2825,long,1664.05,1656.9496,loss,-74.30400000000036,71.00400000000018,1
2835,2836,2837,long,1627.45,1638.1006,win,103.2059999999994,71.00400000000018,1
2847,2848,2848,long,1577.8,1570.6996,loss,-74.30400000000036,71.00400000000018,0
2859,2860,2861,long,1570.95,1581.6006,win,103.2059999999994,71.00400000000018,1
2871,2872,2873,long,1598.8,1591.6996,loss,-74.30400000000036,71.00400000000018,1
2883,2884,2885,long,1592.1,1596.6,win,41.7,71.00400000000018,1
2895,2896,2897,long,1614.9,1625.5506,win,103.2059999999994,71.00400000000018,1
2907,2908,2909,long,1614.72,1608.82,loss,-62.30000000000091,71.00400000000018,1
2919,2920,2921,long,1605.14,1612.48,win,70.09999999999918,71.00400000000018,1
2931,2932,2932,long,1606.56,1599.4596,loss,-74.30400000000036,71.00400000000018,0
2943,2944,2945,long,1592.15,1587.68,loss,-48.00000000000027,71.00400000000018,1
2955,2956,2957,long,1555.52,1555.52,loss,-3.3,71.00400000000018,1
2967,2968,2969,long,1545.4,1556.0506,win,103.2059999999994,71.00400000000018,1
2979,2980,2981,long,1568.93,1579.5806,win,103.2059999999994,71.00400000000018,1
2991,2992,2993,long,1603.48,1596.3796,loss,-74.30400000000036,71.00400000000018,1
3003,3004,3005,long,1612.54,1616.55,win,36.79999999999991,71.00400000000018,1
3015,3016,3017,long,1621.15,1624.33,win,28.499999999998362,71.00400000000018,1
3027,3028,3028,long,1616.79,1609.6896,loss,-74.30400000000036,71.00400000000018,0
3039,3040,3041,long,1610.67,1615.53,win,45.299999999999,71.00400000000018,1
3051,3052,3053,long,1631.42,1634.33,win,25.799999999998544,71.00400000000018,1
3063,3064,3065,long,1642.05,1643.35,win,9.699999999999545,71.00400000000018,1
3075,3076,3077,long,1648.55,1641.4496,loss,-74.30400000000036,71.00400000000018,1
3087,3088,3089,long,1635.16,1639.75,win,42.599999999999184,71.00400000000018,1
3099,3100,3101,long,1641.93,1652.5806,win,103.2059999999994,71.00400000000018,1
3111,3112,3113,long,1651.5,1644.3996,loss,-74.30400000000036,71.00400000000018,1
3123,3124,3125,long,1659.72,1665.66,win,56.10000000000055,71.00400000000018,1
3135,3136,3137,long,1656.3,1654.65,loss,-19.799999999998636,71.00400000000018,1
3147,3148,3149,long,1664.8,1667.65,win,25.200000000001364,71.00400000000018,1
3159,3160,3161,long,1675.5,1675.85,win,0.19999999999909068,71.00400000000018,1
3171,3172,3173,long,1665.95,1665.44,loss,-8.39999999999991,71.00400000000018,1
3183,3184,3185,long,1710.51,1710.55,loss,-2.9000000000003636,71.00400000000018,1
3195,3196,3197,long,1719.22,1718.04,loss,-15.100000000000637,71.00400000000018,1
3207,3208,3209,long,1736.25,1733.29,loss,-32.90000000000036,71.00400000000018,1
3219,3220,3221,long,1731.38,1736.53,win,48.19999999999864,71.00400000000018,1
3231,3232,3233,long,1737.0,1737.48,win,1.500000000000182,71.00400000000018,1
3243,3244,3245,long,1743.8,1748.43,win,43.000000000001094,71.00400000000018,1
3255,3256,3257,long,1758.43,1756.41,loss,-23.49999999999982,71.00400000000018,1
3267,3268,3269,long,1727.65,1735.97,win,79.89999999999937,71.00400000000018,1
3279,3280,3281,long,1720.0,1721.16,win,8.300000000000818,71.00400000000018,1
3291,3292,3293,long,1744.6,1746.35,win,14.2,71.00400000000018,1
3303,3304,3305,long,1731.75,1733.6,win,15.19999999999909,71.00400000000018,1
3315,3316,3317,long,1728.95,1733.19,win,39.100000000000094,71.00400000000018,1
3327,3328,3329,long,1725.75,1725.39,loss,-6.899999999998999,71.00400000000018,1
3339,3340,3341,long,1721.66,1717.42,loss,-45.70000000000009,71.00400000000018,1
3351,3352,3353,long,1720.75,1724.64,win,35.600000000001,71.00400000000018,1
3363,3364,3365,long,1728.06,1720.9596,loss,-74.30400000000036,71.00400000000018,1
3375,3376,3377,long,1728.6,1732.19,win,32.60000000000146,71.00400000000018,1
3387,3388,3389,long,1726.65,1736.37,win,93.899999999998,71.00400000000018,1
3399,3400,3401,long,1733.81,1734.36,win,2.1999999999995454,71.00400000000018,1
3411,3412,3413,long,1758.98,1754.63,loss,-46.79999999999909,71.00400000000018,1
3423,3424,3425,long,1776.51,1773.91,loss,-29.29999999999909,71.00400000000018,1
3435,3436,3437,long,1777.15,1777.52,win,0.3999999999989088,71.00400000000018,1
3447,3448,3449,long,1773.9,1776.16,win,19.29999999999991,71.00400000000018,1
3459,3460,3461,long,1767.4,1768.2,win,4.699999999999545,71.00400000000018,1
3471,3472,3473,long,1784.4,1786.72,win,19.899999999999363,71.00400000000018,1
3483,3484,3484,long,1694.05,1704.7006,win,103.2059999999994,71.00400000000018,0
3495,3496,3497,long,1717.66,1720.73,win,27.399999999999363,71.00400000000018,1
3507,3508,3509,long,1711.61,1714.2,win,22.600000000001454,71.00400000000018,1
3519,3520,3521,long,1705.95,1704.16,loss,-21.199999999999637,71.00400000000018,1
3531,3532,3533,long,1674.56,1677.85,win,29.599999999999635,71.00400000000018,1
3543,3544,3545,long,1683.95,1685.25,win,9.699999999999545,71.00400000000018,1
3555,3556,3557,long,1699.5,1705.3,win,54.69999999999955,71.00400000000018,1
3567,3568,3569,long,1713.79,1709.51,loss,-46.099999999999724,71.00400000000018,1
3579,3580,3581,long,1699.69,1704.1,win,40.79999999999855,71.00400000000018,1
3591,3592,3593,long,1676.15,1675.69,loss,-7.900000000000364,71.00400000000018,1
3603,3604,3605,long,1642.94,1643.88,win,6.100000000000546,71.00400000000018,1
3615,3616,3617,long,1655.89,1663.43,win,72.09999999999964,71.00400000000018,1
3638,3639,3640,long,1661.95,1655.82,loss,-64.60000000000109,71.00400000000018,1
3650,3651,3652,long,1648.16,1654.97,win,64.79999999999946,71.00400000000018,1
3662,3663,3664,long,1649.48,1648.91,loss,-8.999999999999364,71.00400000000018,1
3674,3675,3676,long,1644.3,1646.11,win,14.799999999999454,71.00400000000018,1
3697,3698,3699,long,1689.95,1689.25,loss,-10.300000000000455,71.00400000000018,1
3709,3710,3711,long,1679.85,1679.26,loss,-9.199999999999182,71.00400000000018,1
3721,3722,3723,long,1662.44,1661.25,loss,-15.200000000000546,71.00400000000018,1
3733,3734,3735,long,1661.35,1663.25,win,15.700000000000909,71.00400000000018,1
3745,3746,3747,long,1669.0,1669.63,win,3.0000000000010916,71.00400000000018,1
3757,3758,3759,long,1676.3,1678.14,win,15.100000000001454,71.00400000000018,1
3769,3770,3771,long,1644.55,1642.77,loss,-21.099999999999728,71.00400000000018,1
3781,3782,3783,long,1620.55,1622.13,win,12.500000000001545,71.00400000000018,1
3793,3794,3795,long,1642.65,1635.5496,loss,-74.30400000000036,71.00400000000018,1
3805,3806,3807,long,1641.0,1651.6506,win,103.2059999999994,71.00400000000018,1
3817,3818,3819,long,1659.25,1654.52,loss,-50.60000000000018,71.00400000000018,1
3829,3830,3831,long,1658.76,1657.63,loss,-14.599999999998818,71.00400000000018,1
3841,3842,3843,long,1674.65,1675.45,win,4.699999999999545,71.00400000000018,1
3853,3854,3855,long,1654.02,1651.75,loss,-25.99999999999982,71.00400000000018,1
3865,3866,3867,long,1652.55,1649.81,loss,-30.70000000000009,71.00400000000018,1
3877,3878,3879,long,1649.35,1650.55,win,8.700000000000454,71.00400000000018,1
3889,3890,3891,long,1641.61,1641.34,loss,-5.999999999999818,71.00400000000018,1
3901,3902,3903,long,1642.2,1641.12,loss,-14.100000000001547,71.00400000000018,1
3913,3914,3915,long,1641.1,1641.26,loss,-1.6999999999991813,71.00400000000018,1
3925,3926,3927,long,1638.28,1637.12,loss,-14.90000000000082,71.00400000000018,1
3937,3938,3939,long,1640.55,1642.28,win,14.000000000000181,71.00400000000018,1
3949,3950,3951,long,1643.87,1644.07,loss,-1.299999999999545,71.00400000000018,1
3961,3962,3963,long,1656.4,1656.15,loss,-5.8,71.00400000000018,1
3973,3974,3975,long,1662.65,1664.15,win,11.7,71.00400000000018,1
3985,3986,3987,long,1665.23,1666.65,win,10.900000000000727,71.00400000000018,1
3997,3998,3999,long,1661.84,1659.78,loss,-23.899999999999455,71.00400000000018,1
4009,4010,4011,long,1652.9,1651.14,loss,-20.89999999999991,71.00400000000018,1
4021,4022,4023,long,1635.51,1636.47,win,6.300000000000364,71.00400000000018,1
4033,4034,4035,long,1639.88,1637.53,loss,-26.800000000001365,71.00400000000018,1
4045,4046,4047,long,1638.46,1637.9,loss,-8.899999999999455,71.00400000000018,1
4057,4058,4059,long,1605.3,1598.1996,loss,-74.30400000000036,71.00400000000018,1
4069,4070,4071,long,1589.28,1592.3,win,26.899999999999817,71.00400000000018,1
4081,4082,4083,long,1593.32,1586.2196,loss,-74.30400000000036,71.00400000000018,1
4093,4094,4095,long,1583.24,1581.48,loss,-20.89999999999991,71.00400000000018,1
4105,4106,4107,long,1556.69,1554.49,loss,-25.300000000000455,71.00400000000018,1
4117,4118,4119,long,1543.72,1541.96,loss,-20.89999999999991,71.00400000000018,1
4129,4130,4131,long,1538.86,1545.63,win,64.4000000000021,71.00400000000018,1
4141,4142,4143,long,1573.64,1575.64,win,16.7,71.00400000000018,1
4153,4154,4155,long,1591.35,1596.3,win,46.20000000000046,71.00400000000018,1
4165,4166,4167,long,1592.83,1591.27,loss,-18.899999999999455,71.00400000000018,1
4177,4178,4179,long,1567.56,1560.4596,loss,-74.30400000000036,71.00400000000018,1
4189,4190,4191,long,1561.01,1561.38,win,0.4000000000011825,71.00400000000018,1
4201,4202,4203,long,1558.01,1556.32,loss,-20.200000000000546,71.00400000000018,1
4213,4214,4215,long,1573.79,1576.3,win,21.79999999999991,71.00400000000018,1
4236,4237,4238,long,1554.27,1552.0,loss,-25.99999999999982,71.00400000000018,1
4248,4249,4250,long,1562.59,1562.79,loss,-1.299999999999545,71.00400000000018,1
4260,4261,4262,long,1559.76,1552.6596,loss,-74.30400000000036,71.00400000000018,1
4272,4273,4273,long,1625.38,1618.2796,loss,-74.30400000000036,71.00400000000018,0
4284,4285,4286,long,1622.12,1622.53,win,0.8000000000008187,71.00400000000018,1
4296,4297,4298,long,1616.76,1627.4106,win,103.2059999999994,71.00400000000018,1
4308,4309,4310,long,1620.01,1620.86,win,5.199999999999091,71.00400000000018,1
4320,4321,4322,long,1588.77,1581.6696,loss,-74.30400000000036,71.00400000000018,1
4332,4333,4334,long,1601.55,1597.81,loss,-40.70000000000009,71.00400000000018,1
4344,4345,4345,long,1596.09,1588.9895999999999,loss,-74.30400000000036,71.00400000000018,0
4356,4357,4358,long,1609.61,1609.42,loss,-5.199999999998272,71.00400000000018,1
4368,4369,4370,long,1617.58,1616.94,loss,-9.699999999998727,71.00400000000018,1
4380,4381,4382,long,1622.63,1624.62,win,16.599999999997817,71.00400000000018,1
4392,4393,4393,long,1628.69,1621.5896,loss,-74.30400000000036,71.00400000000018,0
4404,4405,4406,long,1627.57,1628.38,win,4.800000000001728,71.00400000000018,1
4416,4417,4418,long,1618.4,1620.69,win,19.599999999999635,71.00400000000018,1
4428,4429,4430,long,1606.73,1599.6296,loss,-74.30400000000036,71.00400000000018,1
4440,4441,4442,long,1564.49,1562.29,loss,-25.300000000000455,71.00400000000018,1
4452,4453,4454,long,1571.55,1574.0,win,21.200000000000454,71.00400000000018,1
4464,4465,4466,long,1586.18,1584.66,loss,-18.49999999999982,71.00400000000018,1
4476,4477,4478,long,1572.03,1574.02,win,16.60000000000009,71.00400000000018,1
4488,4489,4490,long,1573.9,1576.44,win,22.099999999999635,71.00400000000018,1
4500,4501,4502,long,1551.11,1555.34,win,39.000000000000185,71.00400000000018,1
4512,4513,4514,long,1598.01,1590.9096,loss,-74.30400000000036,71.00400000000018,1
4524,4525,4526,long,1596.91,1596.73,loss,-5.1000000000006365,71.00400000000018,1
4536,4537,4538,long,1616.74,1618.12,win,10.499999999998817,71.00400000000018,1
4558,4559,4560,long,1604.63,1605.09,win,1.2999999999980902,71.00400000000018,1
4570,4571,4572,long,1580.64,1582.87,win,18.999999999997907,71.00400000000018,1
4582,4583,4584,long,1588.19,1587.29,loss,-12.30000000000091,71.00400000000018,1
4594,4595,4596,long,1565.61,1574.2,win,82.60000000000146,71.00400000000018,1
4606,4607,4608,long,1576.46,1569.3596,loss,-74.30400000000036,71.00400000000018,1
4618,4619,4620,long,1571.11,1570.8,loss,-6.399999999999454,71.00400000000018,1
4630,4631,4632,long,1590.95,1583.8496,loss,-74.30400000000036,71.00400000000018,1
4642,4643,4644,long,1589.12,1594.55,win,51.00000000000064,71.00400000000018,1
4654,4655,4656,long,1583.01,1582.06,loss,-12.800000000000455,71.00400000000018,1
4666,4667,4668,long,1572.95,1576.5,win,32.19999999999955,71.00400000000018,1
4678,4679,4680,long,1581.66,1582.36,win,3.699999999998181,71.00400000000018,1
4690,4691,4692,long,1580.25,1579.93,loss,-6.499999999999363,71.00400000000018,1
4702,4703,4704,long,1576.21,1577.43,win,8.900000000000272,71.00400000000018,1
4714,4715,4716,long,1580.81,1582.26,win,11.200000000000454,71.00400000000018,1
4726,4727,4728,long,1605.12,1605.16,loss,-2.89999999999809,71.00400000000018,1
4738,4739,4740,long,1615.53,1613.28,loss,-25.8,71.00400000000018,1
4750,4751,4752,long,1622.31,1620.36,loss,-22.800000000000455,71.00400000000018,1
4762,4763,4764,long,1622.1,1624.51,win,20.800000000000818,71.00400000000018,1
4774,4775,4776,long,1613.7,1613.0,loss,-10.300000000000455,71.00400000000018,1
4786,4787,4788,long,1600.1,1601.92,win,14.900000000001636,71.00400000000018,1
4798,4799,4800,long,1588.81,1590.76,win,16.200000000000454,71.00400000000018,1
4810,4811,4812,long,1604.5,1605.88,win,10.50000000000109,71.00400000000018,1
4822,4823,4824,long,1611.15,1610.51,loss,-9.700000000001001,71.00400000000018,1
4834,4835,4836,long,1611.59,1611.18,loss,-7.399999999998545,71.00400000000018,1
4846,4847,4848,long,1612.35,1615.36,win,26.79999999999991,71.00400000000018,1
4858,4859,4860,long,1617.25,1614.82,loss,-27.600000000000637,71.00400000000018,1
4870,4871,4872,long,1620.88,1621.06,loss,-1.500000000001637,71.00400000000018,1
4882,4883,4884,long,1609.72,1613.11,win,30.599999999998726,71.00400000000018,1
4894,4895,4896,long,1598.86,1600.95,win,17.600000000001454,71.00400000000018,1
4906,4907,4908,long,1603.13,1605.55,win,20.899999999998453,71.00400000000018,1
4918,4919,4920,long,1614.2,1616.31,win,17.799999999999,71.00400000000018,1
4930,4931,4932,long,1616.04,1616.82,win,4.499999999999727,71.00400000000018,1
4942,4943,4944,long,1620.33,1621.38,win,7.200000000001819,71.00400000000018,1
4954,4955,4956,long,1637.7,1639.05,win,10.19999999999909,71.00400000000018,1
4966,4967,4968,long,1652.63,1659.71,win,67.49999999999928,71.00400000000018,1
4978,4979,4980,long,1669.85,1667.34,loss,-28.39999999999991,71.00400000000018,1
4990,4991,4992,long,1671.28,1675.82,win,42.09999999999964,71.00400000000018,1
5002,5003,5004,long,1663.55,1659.89,loss,-39.89999999999854,71.00400000000018,1
5014,5015,5016,long,1666.12,1666.11,loss,-3.399999999999909,71.00400000000018,1
5026,5027,5028,long,1656.34,1655.84,loss,-8.3,71.00400000000018,1
5038,5039,5040,long,1655.92,1654.79,loss,-14.600000000001092,71.00400000000018,1
5050,5051,5052,long,1691.18,1689.14,loss,-23.699999999999637,71.00400000000018,1
5072,5073,5074,long,1694.98,1692.69,loss,-26.199999999999637,71.00400000000018,1
5084,5085,5086,long,1692.95,1697.17,win,38.900000000000276,71.00400000000018,1
5096,5097,5098,long,1700.54,1695.1,loss,-57.70000000000054,71.00400000000018,1
5108,5109,5110,long,1735.26,1738.12,win,25.299999999999,71.00400000000018,1
5120,5121,5122,long,1725.75,1731.88,win,58.000000000001094,71.00400000000018,1
5132,5133,5134,long,1732.08,1734.88,win,24.70000000000182,71.00400000000018,1
5144,5145,5146,long,1730.65,1731.18,win,1.9999999999997273,71.00400000000018,1
5156,5157,5158,long,1767.19,1772.66,win,51.400000000000276,71.00400000000018,1
5168,5169,5170,long,1771.48,1775.25,win,34.39999999999982,71.00400000000018,1
5180,5181,5182,long,1761.95,1754.8496,loss,-74.30400000000036,71.00400000000018,1
5192,5193,5194,long,1770.85,1766.75,loss,-44.29999999999909,71.00400000000018,1
5204,5205,5206,long,1769.93,1771.63,win,13.700000000000454,71.00400000000018,1
5216,5217,5218,long,1767.37,1772.05,win,43.50000000000064,71.00400000000018,1
5228,5229,5230,long,1771.99,1764.8896,loss,-74.30400000000036,71.00400000000018,1
5240,5241,5242,long,1764.3,1765.26,win,6.300000000000364,71.00400000000018,1
5252,5253,5254,long,1760.36,1763.11,win,24.2,71.00400000000018,1
5264,5265,5266,long,1752.97,1755.82,win,25.19999999999909,71.00400000000018,1
5276,5277,5278,long,1776.89,1778.67,win,14.499999999999726,71.00400000000018,1
5288,5289,5290,long,1770.03,1765.03,loss,-53.3,71.00400000000018,1
5300,5301,5302,long,1776.41,1779.12,win,23.79999999999809,71.00400000000018,1
5312,5313,5314,long,1773.74,1773.01,loss,-10.600000000000183,71.00400000000018,1
5324,5325,5326,long,1778.36,1778.49,loss,-1.9999999999989084,71.00400000000018,1
5336,5337,5338,long,1790.24,1795.14,win,45.70000000000091,71.00400000000018,1
5348,5349,5350,long,1779.1,1771.9995999999999,loss,-74.30400000000036,71.00400000000018,1
5360,5361,5362,long,1775.56,1778.46,win,25.70000000000091,71.00400000000018,1
5372,5373,5374,long,1764.4,1764.63,loss,-0.9999999999998179,71.00400000000018,1
5384,5385,5386,long,1761.33,1759.45,loss,-22.09999999999882,71.00400000000018,1
5396,5397,5398,long,1766.52,1770.05,win,31.999999999999726,71.00400000000018,1
5408,5409,5409,long,1753.32,1746.2196,loss,-74.30400000000036,71.00400000000018,0
5420,5421,5422,long,1737.56,1735.97,loss,-19.199999999999182,71.00400000000018,1
5432,5433,5434,long,1747.8,1752.05,win,39.2,71.00400000000018,1
5444,5445,5446,long,1749.32,1751.15,win,15.000000000001545,71.00400000000018,1
5456,5457,5458,long,1740.88,1740.07,loss,-11.400000000001729,71.00400000000018,1
5468,5469,5470,long,1718.04,1722.48,win,41.10000000000055,71.00400000000018,1
5480,5481,5482,long,1728.86,1725.96,loss,-32.29999999999863,71.00400000000018,1
5492,5493,5494,long,1707.02,1713.37,win,60.19999999999909,71.00400000000018,1
5504,5505,5506,long,1701.48,1706.54,win,47.29999999999946,71.00400000000018,1
5516,5517,5518,long,1711.13,1714.15,win,26.899999999999817,71.00400000000018,1
5528,5529,5530,long,1711.76,1714.35,win,22.59999999999918,71.00400000000018,1
5540,5541,5542,long,1707.18,1710.08,win,25.699999999998635,71.00400000000018,1
5552,5553,5554,long,1710.55,1711.91,win,10.300000000001273,71.00400000000018,1
5564,5565,5566,long,1719.46,1720.37,win,5.799999999998545,71.00400000000018,1
5576,5577,5578,long,1715.85,1711.94,loss,-42.39999999999854,71.00400000000018,1
5599,5600,5601,long,1684.95,1684.49,loss,-7.900000000000364,71.00400000000018,1
5611,5612,5612,long,1715.47,1708.3696,loss,-74.30400000000036,71.00400000000018,0
5623,5624,5625,long,1717.44,1717.7,loss,-0.7000000000000908,71.00400000000018,1
5635,5636,5637,long,1731.11,1733.88,win,24.40000000000209,71.00400000000018,1
5647,5648,5649,long,1732.03,1733.58,win,12.199999999999545,71.00400000000018,1
5659,5660,5661,long,1728.13,1721.0296,loss,-74.30400000000036,71.00400000000018,1
5671,5672,5673,long,1725.05,1728.19,win,28.100000000001,71.00400000000018,1
5683,5684,5685,long,1726.1,1726.39,loss,-0.3999999999980899,71.00400000000018,1
5695,5696,5697,long,1715.5,1712.48,loss,-33.499999999999815,71.00400000000018,1
5707,5708,5709,long,1714.12,1721.92,win,74.70000000000182,71.00400000000018,1
5719,5720,5721,long,1730.15,1733.64,win,31.60000000000009,71.00400000000018,1
5731,5732,5733,long,1727.7,1727.2,loss,-8.3,71.00400000000018,1
5743,5744,5745,long,1728.68,1731.23,win,22.199999999999545,71.00400000000018,1
5775,5776,5777,long,1749.16,1749.41,loss,-0.7999999999999998,71.00400000000018,1
5787,5788,5789,long,1741.24,1741.05,loss,-5.2000000000005455,71.00400000000018,1
5799,5800,5801,long,1719.4,1721.15,win,14.2,71.00400000000018,1
5811,5812,5813,long,1725.76,1726.85,win,7.599999999999182,71.00400000000018,1
5823,5824,5825,long,1714.98,1718.65,win,33.40000000000073,71.00400000000018,1
5835,5836,5837,long,1715.87,1712.62,loss,-35.8,71.00400000000018,1
5847,5848,5849,long,1696.11,1700.93,win,44.90000000000164,71.00400000000018,1
5859,5860,5861,long,1693.87,1693.65,loss,-5.499999999997999,71.00400000000018,1
5871,5872,5873,long,1699.11,1702.92,win,34.80000000000173,71.00400000000018,1
5883,5884,5885,long,1704.23,1706.08,win,15.19999999999909,71.00400000000018,1
5895,5896,5897,long,1712.12,1709.45,loss,-29.999999999998455,71.00400000000018,1
5907,5908,5909,long,1710.27,1711.17,win,5.70000000000091,71.00400000000018,1
5919,5920,5920,long,1710.78,1703.6796,loss,-74.30400000000036,71.00400000000018,0
5931,5932,5933,long,1697.04,1697.65,win,2.8000000000012735,71.00400000000018,1
5943,5944,5944,long,1697.99,1690.8896,loss,-74.30400000000036,71.00400000000018,0
5955,5956,5957,long,1697.53,1699.56,win,16.999999999999726,71.00400000000018,1
5967,5968,5969,long,1670.81,1675.75,win,46.10000000000055,71.00400000000018,1
5979,5980,5981,long,1665.14,1668.84,win,33.699999999998184,71.00400000000018,1
5991,5992,5993,long,1647.65,1640.5496,loss,-74.30400000000036,71.00400000000018,1
6003,6004,6005,long,1657.13,1656.25,loss,-12.100000000001092,71.00400000000018,1
6021,6022,6023,long,1658.92,1657.33,loss,-19.200000000001456,71.00400000000018,1
6033,6034,6035,long,1663.27,1663.42,loss,-1.7999999999990903,71.00400000000018,1
6045,6046,6047,long,1655.19,1660.4,win,48.80000000000037,71.00400000000018,1
6067,6068,6069,long,1685.35,1686.42,win,7.400000000001637,71.00400000000018,1
6079,6080,6080,long,1663.24,1656.1396,loss,-74.30400000000036,71.00400000000018,0
6091,6092,6093,long,1656.2,1661.25,win,47.19999999999955,71.00400000000018,1
6103,6104,6105,long,1647.3,1650.24,win,26.100000000000545,71.00400000000018,1
6115,6116,6117,long,1659.7,1658.51,loss,-15.200000000000546,71.00400000000018,1
6127,6128,6129,long,1657.4,1656.75,loss,-9.80000000000091,71.00400000000018,1
6139,6140,6141,long,1674.17,1673.05,loss,-14.500000000001183,71.00400000000018,1
6151,6152,6153,long,1662.23,1665.51,win,29.499999999999726,71.00400000000018,1
6163,6164,6165,long,1667.6,1671.8,win,38.70000000000046,71.00400000000018,1
6175,6176,6177,long,1679.23,1682.7,win,31.400000000000272,71.00400000000018,1
6187,6188,6189,long,1680.32,1679.08,loss,-15.700000000000092,71.00400000000018,1
6199,6200,6201,long,1687.43,1688.62,win,8.599999999998271,71.00400000000018,1
6211,6212,6213,long,1685.46,1689.7,win,39.100000000000094,71.00400000000018,1
6233,6234,6235,long,1692.02,1692.78,win,4.299999999999909,71.00400000000018,1
6245,6246,6247,long,1684.03,1683.64,loss,-7.1999999999987265,71.00400000000018,1
6257,6258,6259,long,1667.77,1667.86,loss,-2.4000000000008184,71.00400000000018,1
6269,6270,6271,long,1658.44,1659.47,win,6.999999999999727,71.00400000000018,1
6281,6282,6283,long,1654.86,1659.55,win,43.60000000000055,71.00400000000018,1
6293,6294,6295,long,1663.11,1664.2,win,7.600000000001455,71.00400000000018,1
6305,6306,6307,long,1675.22,1679.5,win,39.49999999999973,71.00400000000018,1
6317,6318,6319,long,1663.89,1662.3,loss,-19.200000000001456,71.00400000000018,1
6329,6330,6331,long,1668.37,1671.54,win,28.400000000000727,71.00400000000018,1
6341,6342,6343,long,1674.18,1673.58,loss,-9.300000000001365,71.00400000000018,1
6353,6354,6355,long,1672.28,1673.36,win,7.499999999999273,71.00400000000018,1
6365,6366,6367,long,1677.07,1677.7,win,3.0000000000010916,71.00400000000018,1
6377,6378,6379,long,1671.23,1672.33,win,7.699999999999091,71.00400000000018,1
6389,6390,6391,long,1667.31,1667.5,loss,-1.3999999999994541,71.00400000000018,1
6401,6402,6403,long,1647.89,1644.1,loss,-41.20000000000191,71.00400000000018,1
6413,6414,6415,long,1651.99,1652.81,win,4.8999999999993635,71.00400000000018,1
6425,6426,6427,long,1642.17,1644.53,win,20.299999999999,71.00400000000018,1
6437,6438,6439,long,1633.36,1633.32,loss,-3.699999999999636,71.00400000000018,1
6449,6450,6451,long,1609.49,1616.89,win,70.70000000000091,71.00400000000018,1
6471,6472,6473,long,1604.45,1607.98,win,31.999999999999726,71.00400000000018,1
6483,6484,6485,long,1564.83,1557.7296,loss,-74.30400000000036,71.00400000000018,1
6495,6496,6497,long,1577.01,1581.28,win,39.39999999999982,71.00400000000018,1
6507,6508,6509,long,1580.66,1583.47,win,24.799999999999454,71.00400000000018,1
6519,6520,6521,long,1592.75,1597.22,win,41.400000000000276,71.00400000000018,1
6531,6532,6533,long,1613.86,1611.65,loss,-25.39999999999809,71.00400000000018,1
6543,6544,6545,long,1596.75,1598.91,win,18.300000000000818,71.00400000000018,1
6555,6556,6557,long,1579.33,1580.82,win,11.60000000000009,71.00400000000018,1
6567,6568,6569,long,1578.89,1578.75,loss,-4.700000000001,71.00400000000018,1
6579,6580,6581,long,1574.44,1576.58,win,18.099999999998726,71.00400000000018,1
6591,6592,6593,long,1575.32,1578.62,win,29.699999999999545,71.00400000000018,1
6603,6604,6605,long,1584.55,1581.94,loss,-29.399999999999,71.00400000000018,1
6615,6616,6617,long,1577.81,1577.43,loss,-7.0999999999988175,71.00400000000018,1
6627,6628,6629,long,1578.32,1580.85,win,21.999999999999726,71.00400000000018,1
6639,6640,6641,long,1581.85,1584.12,win,19.399999999999817,71.00400000000018,1
6651,6652,6653,long,1593.01,1593.02,loss,-3.2000000000000908,71.00400000000018,1
6663,6664,6665,long,1589.06,1586.85,loss,-25.400000000000365,71.00400000000018,1
6675,6676,6677,long,1590.65,1592.02,win,10.399999999998908,71.00400000000018,1
6698,6699,6700,long,1605.85,1604.55,loss,-16.299999999999546,71.00400000000018,1
6710,6711,6712,long,1613.19,1611.67,loss,-18.49999999999982,71.00400000000018,1
6722,6723,6724,long,1606.25,1607.49,win,9.10000000000009,71.00400000000018,1
6734,6735,6736,long,1615.62,1613.97,loss,-19.799999999998636,71.00400000000018,1
6757,6758,6759,long,1603.85,1601.32,loss,-28.599999999999728,71.00400000000018,1
6769,6770,6771,long,1600.15,1598.29,loss,-21.900000000001274,71.00400000000018,1
6781,6782,6783,long,1604.96,1605.73,win,4.399999999999818,71.00400000000018,1
6804,6805,6806,long,1599.13,1602.69,win,32.29999999999946,71.00400000000018,1
6816,6817,6818,long,1576.09,1568.9895999999999,loss,-74.30400000000036,71.00400000000018,1
6828,6829,6830,long,1557.55,1550.4496,loss,-74.30400000000036,71.00400000000018,1
6840,6841,6842,long,1554.15,1550.89,loss,-35.899999999999906,71.00400000000018,1
6852,6853,6854,long,1581.21,1576.85,loss,-46.90000000000127,71.00400000000018,1
6864,6865,6866,long,1572.42,1573.7,win,9.499999999999726,71.00400000000018,1
6876,6877,6878,long,1584.55,1585.82,win,9.399999999999817,71.00400000000018,1
6888,6889,6890,long,1558.8,1559.9,win,7.700000000001364,71.00400000000018,1
6900,6901,6902,long,1560.59,1560.75,loss,-1.6999999999991813,71.00400000000018,1
6912,6913,6913,long,1478.52,1489.1706,win,103.2059999999994,71.00400000000018,0
6924,6925,6925,long,1353.9,1364.5506,win,103.2059999999994,71.00400000000018,0
6936,6937,6938,long,1369.63,1376.61,win,66.49999999999791,71.00400000000018,1
6948,6949,6950,long,1376.16,1369.0596,loss,-74.30400000000036,71.00400000000018,1
6960,6961,6962,long,1393.04,1385.9396,loss,-74.30400000000036,71.00400000000018,1
6972,6973,6974,long,1407.45,1418.1006,win,103.2059999999994,71.00400000000018,1
6984,6985,6986,long,1425.95,1423.45,loss,-28.3,71.00400000000018,1
6996,6997,6998,long,1412.85,1423.5005999999998,win,103.2059999999994,71.00400000000018,1
7008,7009,7010,long,1430.79,1435.04,win,39.2,71.00400000000018,1
7020,7021,7022,long,1466.75,1477.4006,win,103.2059999999994,71.00400000000018,1
7032,7033,7034,long,1466.32,1468.75,win,21.000000000000636,71.00400000000018,1
7044,7045,7046,long,1476.5,1472.14,loss,-46.899999999999,71.00400000000018,1
7056,7057,7058,long,1475.55,1474.83,loss,-10.500000000000274,71.00400000000018,1
7068,7069,7070,long,1457.01,1449.9096,loss,-74.30400000000036,71.00400000000018,1
7080,7081,7082,long,1466.31,1473.74,win,71.00000000000064,71.00400000000018,1
7092,7093,7094,long,1470.27,1475.89,win,52.900000000001185,71.00400000000018,1
7104,7105,7106,long,1469.23,1462.1296,loss,-74.30400000000036,71.00400000000018,1
7116,7117,7118,long,1452.2,1450.79,loss,-17.40000000000082,71.00400000000018,1
7128,7129,7130,long,1473.06,1472.95,loss,-4.399999999998999,71.00400000000018,1
7140,7141,7142,long,1457.32,1459.06,win,14.10000000000009,71.00400000000018,1
7152,7153,7153,long,1448.37,1441.2695999999999,loss,-74.30400000000036,71.00400000000018,0
7164,7165,7166,long,1430.78,1441.4306,win,103.2059999999994,71.00400000000018,1
7176,7177,7178,long,1425.4,1428.43,win,26.999999999999726,71.00400000000018,1
7188,7189,7190,long,1393.31,1393.82,win,1.7999999999999092,71.00400000000018,1
7200,7201,7202,long,1386.29,1386.13,loss,-4.899999999998545,71.00400000000018,1
7212,7213,7213,long,1364.57,1357.4696,loss,-74.30400000000036,71.00400000000018,0
7224,7225,7226,long,1393.85,1386.7495999999999,loss,-74.30400000000036,71.00400000000018,1
7236,7237,7238,long,1374.79,1377.67,win,25.50000000000109,71.00400000000018,1
7248,7249,7249,long,1368.57,1361.4696,loss,-74.30400000000036,71.00400000000018,0
7260,7261,7262,long,1390.69,1390.81,loss,-2.100000000001091,71.00400000000018,1
7272,7273,7274,long,1388.64,1387.82,loss,-11.500000000001638,71.00400000000018,1
7294,7295,7296,long,1380.72,1386.04,win,49.899999999999366,71.00400000000018,1
7306,7307,7308,long,1392.29,1396.24,win,36.20000000000046,71.00400000000018,1
7318,7319,7320,long,1411.72,1420.53,win,84.79999999999946,71.00400000000018,1
7330,7331,7332,long,1389.24,1394.52,win,49.49999999999973,71.00400000000018,1
7342,7343,7344,long,1411.35,1412.54,win,8.600000000000545,71.00400000000018,1
7354,7355,7356,long,1399.17,1402.62,win,31.19999999999818,71.00400000000018,1
7366,7367,7368,long,1401.52,1402.12,win,2.6999999999990907,71.00400000000018,1
7378,7379,7380,long,1385.32,1383.51,loss,-21.399999999999455,71.00400000000018,1
7390,7391,7392,long,1390.5,1389.96,loss,-8.699999999999637,71.00400000000018,1
7402,7403,7404,long,1384.77,1385.8,win,6.999999999999727,71.00400000000018,1
7414,7415,7416,long,1367.83,1364.93,loss,-32.29999999999863,71.00400000000018,1
7426,7427,7427,long,1350.82,1343.7196,loss,-74.30400000000036,71.00400000000018,0
7438,7439,7440,long,1278.67,1271.5696,loss,-74.30400000000036,71.00400000000018,1
7450,7451,7452,long,1297.14,1293.82,loss,-36.500000000001634,71.00400000000018,1
7462,7463,7464,long,1282.3,1287.98,win,53.50000000000064,71.00400000000018,1
7474,7475,7476,long,1276.96,1269.8596,loss,-74.30400000000036,71.00400000000018,1
7486,7487,7487,long,1234.35,1245.0005999999998,win,103.2059999999994,71.00400000000018,0
7498,7499,7500,long,1252.66,1255.47,win,24.799999999999454,71.00400000000018,1
7510,7511,7512,long,1242.45,1247.97,win,51.89999999999982,71.00400000000018,1
7522,7523,7524,long,1252.23,1254.02,win,14.599999999999635,71.00400000000018,1
7544,7545,7546,long,1222.22,1218.77,loss,-37.80000000000045,71.00400000000018,1
7556,7557,7558,long,1236.47,1247.1206,win,103.2059999999994,71.00400000000018,1
7568,7569,7570,long,1249.12,1248.51,loss,-9.399999999999,71.00400000000018,1
7580,7581,7581,long,1265.31,1275.9605999999999,win,103.2059999999994,71.00400000000018,0
7592,7593,7594,long,1284.37,1284.38,loss,-3.199999999997817,71.00400000000018,1
7604,7605,7606,long,1284.75,1291.8,win,67.19999999999955,71.00400000000018,1
7616,7617,7618,long,1281.72,1281.12,loss,-9.300000000001365,71.00400000000018,1
7628,7629,7630,long,1291.54,1289.77,loss,-20.99999999999982,71.00400000000018,1
7640,7641,7642,long,1274.2,1275.97,win,14.399999999999817,71.00400000000018,1
7652,7653,7654,long,1282.66,1286.02,win,30.299999999999,71.00400000000018,1
7664,7665,7665,long,1296.94,1307.5906,win,103.2059999999994,71.00400000000018,0
7676,7677,7678,long,1334.72,1335.18,win,1.300000000000364,71.00400000000018,1
7688,7689,7690,long,1347.3,1342.84,loss,-47.90000000000036,71.00400000000018,1
7700,7701,7702,long,1321.66,1317.82,loss,-41.70000000000145,71.00400000000018,1
7712,7713,7714,long,1333.37,1336.38,win,26.800000000002182,71.00400000000018,1
7724,7725,7726,long,1333.18,1326.0796,loss,-74.30400000000036,71.00400000000018,1
7736,7737,7738,long,1326.78,1328.34,win,12.299999999999454,71.00400000000018,1
7748,7749,7750,long,1326.07,1336.7205999999999,win,103.2059999999994,71.00400000000018,1
7760,7761,7762,long,1322.65,1327.78,win,47.99999999999882,71.00400000000018,1
7772,7773,7774,long,1307.93,1307.56,loss,-7.000000000001182,71.00400000000018,1
7784,7785,7786,long,1312.19,1314.18,win,16.60000000000009,71.00400000000018,1
7796,7797,7798,long,1301.92,1304.17,win,19.2,71.00400000000018,1
7808,7809,7810,long,1281.82,1274.7196,loss,-74.30400000000036,71.00400000000018,1
7820,7821,7822,long,1286.87,1292.66,win,54.60000000000191,71.00400000000018,1
7832,7833,7834,long,1312.02,1315.27,win,29.2,71.00400000000018,1
7844,7845,7845,long,1315.21,1325.8606,win,103.2059999999994,71.00400000000018,0
7856,7857,7858,long,1336.57,1333.37,loss,-35.30000000000045,71.00400000000018,1
7868,7869,7870,long,1320.58,1322.89,win,19.800000000001727,71.00400000000018,1
7880,7881,7882,long,1335.82,1341.64,win,54.90000000000164,71.00400000000018,1
7892,7893,7894,long,1365.47,1367.6,win,17.999999999998817,71.00400000000018,1
7904,7905,7906,long,1378.72,1381.91,win,28.600000000000545,71.00400000000018,1
7916,7917,7918,long,1364.79,1367.93,win,28.100000000001,71.00400000000018,1
7928,7929,7930,long,1370.77,1372.8,win,16.999999999999726,71.00400000000018,1
7940,7941,7941,long,1365.67,1358.5696,loss,-74.30400000000036,71.00400000000018,0
7952,7953,7954,long,1375.18,1375.43,loss,-0.7999999999999998,71.00400000000018,1
7964,7965,7965,long,1398.68,1391.5796,loss,-74.30400000000036,71.00400000000018,0
7976,7977,7978,long,1404.58,1397.4796,loss,-74.30400000000036,71.00400000000018,1
7988,7989,7990,long,1415.38,1415.14,loss,-5.700000000000091,71.00400000000018,1
8000,8001,8002,long,1418.19,1411.0896,loss,-74.30400000000036,71.00400000000018,1
8012,8013,8014,long,1407.3,1406.94,loss,-6.899999999998999,71.00400000000018,1
8024,8025,8025,long,1392.64,1385.5396,loss,-74.30400000000036,71.00400000000018,0
8046,8047,8048,long,1411.33,1412.99,win,13.300000000000818,71.00400000000018,1
8058,8059,8060,long,1390.82,1391.68,win,5.3000000000012735,71.00400000000018,1
8070,8071,8072,long,1366.38,1371.89,win,51.79999999999991,71.00400000000018,1
8082,8083,8084,long,1390.1,1389.41,loss,-10.199999999998273,71.00400000000018,1
8094,8095,8096,long,1386.94,1385.49,loss,-17.800000000000455,71.00400000000018,1
8106,8107,8108,long,1362.88,1363.91,win,6.999999999999727,71.00400000000018,1
8118,8119,8120,long,1365.53,1361.51,loss,-43.499999999999815,71.00400000000018,1
8130,8131,8132,long,1320.4,1327.04,win,63.09999999999873,71.00400000000018,1
8142,8143,8143,long,1334.81,1327.7096,loss,-74.30400000000036,71.00400000000018,0
8154,8155,8156,long,1311.12,1311.93,win,4.800000000001728,71.00400000000018,1
8166,8167,8168,long,1308.77,1301.6696,loss,-74.30400000000036,71.00400000000018,1
8178,8179,8180,long,1361.17,1365.39,win,38.900000000000276,71.00400000000018,1
8190,8191,8192,long,1365.51,1363.12,loss,-27.200000000001,71.00400000000018,1
8202,8203,8204,long,1326.37,1319.2695999999999,loss,-74.30400000000036,71.00400000000018,1
8214,8215,8216,long,1320.89,1326.61,win,53.899999999998,71.00400000000018,1
8226,8227,8228,long,1323.55,1324.51,win,6.300000000000364,71.00400000000018,1
8238,8239,8240,long,1331.82,1332.27,win,1.200000000000455,71.00400000000018,1
8250,8251,8252,long,1322.17,1323.6,win,10.999999999998362,71.00400000000018,1
8262,8263,8263,long,1343.67,1336.5696,loss,-74.30400000000036,71.00400000000018,0
8274,8275,8276,long,1326.52,1327.92,win,10.700000000000909,71.00400000000018,1
8286,8287,8288,long,1287.07,1279.9696,loss,-74.30400000000036,71.00400000000018,1
8298,8299,8300,long,1316.0,1312.5,loss,-38.3,71.00400000000018,1
8310,8311,8312,long,1315.62,1315.83,loss,-1.199999999999636,71.00400000000018,1
8322,8323,8324,long,1311.81,1313.56,win,14.2,71.00400000000018,1
8334,8335,8336,long,1321.42,1326.99,win,52.399999999999366,71.00400000000018,1
8346,8347,8348,long,1317.97,1318.3,loss,-7.274181257344026e-13,71.00400000000018,1
8358,8359,8360,long,1303.62,1304.59,win,6.400000000000273,71.00400000000018,1
8370,8371,8372,long,1285.22,1289.26,win,37.09999999999964,71.00400000000018,1
8382,8383,8384,long,1278.34,1271.2395999999999,loss,-74.30400000000036,71.00400000000018,1
8394,8395,8396,long,1270.67,1272.87,win,18.69999999999818,71.00400000000018,1
8406,8407,8408,long,1280.22,1279.48,loss,-10.700000000000092,71.00400000000018,1
8418,8419,8420,long,1280.92,1282.74,win,14.899999999999363,71.00400000000018,1
8430,8431,8432,long,1318.99,1317.32,loss,-20.00000000000073,71.00400000000018,1
8442,8443,8444,long,1316.44,1316.47,loss,-3.0000000000002727,71.00400000000018,1
8454,8455,8456,long,1315.32,1314.16,loss,-14.899999999998546,71.00400000000018,1
8466,8467,8468,long,1339.89,1341.65,win,14.299999999999908,71.00400000000018,1
8478,8479,8480,long,1332.37,1335.47,win,27.700000000001364,71.00400000000018,1
8490,8491,8492,long,1345.72,1344.16,loss,-18.899999999999455,71.00400000000018,1
8502,8503,8504,long,1352.1,1350.57,loss,-18.599999999999728,71.00400000000018,1
8514,8515,8516,long,1352.43,1356.29,win,35.299999999999,71.00400000000018,1
8526,8527,8528,long,1344.13,1342.79,loss,-16.700000000001456,71.00400000000018,1
8538,8539,8540,long,1340.84,1338.5,loss,-26.699999999999182,71.00400000000018,1
8550,8551,8552,long,1323.03,1324.26,win,9.000000000000181,71.00400000000018,1
8573,8574,8575,long,1313.57,1317.95,win,40.500000000001094,71.00400000000018,1
8585,8586,8587,long,1311.71,1313.19,win,11.500000000000181,71.00400000000018,1
8597,8598,8599,long,1317.57,1316.68,loss,-12.199999999998727,71.00400000000018,1
8609,8610,8611,long,1307.36,1308.7,win,10.100000000001454,71.00400000000018,1
8621,8622,8623,long,1287.9,1286.67,loss,-15.600000000000183,71.00400000000018,1
8633,8634,8635,long,1281.69,1278.23,loss,-37.90000000000036,71.00400000000018,1
8645,8646,8647,long,1265.96,1269.56,win,32.69999999999909,71.00400000000018,1
8657,8658,8659,long,1280.92,1284.73,win,34.79999999999946,71.00400000000018,1
8669,8670,8671,long,1287.07,1289.31,win,19.10000000000009,71.00400000000018,1
8681,8682,8683,long,1289.22,1285.8,loss,-37.500000000000725,71.00400000000018,1
8693,8694,8695,long,1275.44,1273.6,loss,-21.700000000001456,71.00400000000018,1
8705,8706,8707,long,1274.56,1275.75,win,8.600000000000545,71.00400000000018,1
8717,8718,8719,long,1242.57,1248.25,win,53.50000000000064,71.00400000000018,1
8729,8730,8731,long,1242.64,1245.17,win,21.999999999999726,71.00400000000018,1
8741,8742,8743,long,1242.0,1241.51,loss,-8.200000000000092,71.00400000000018,1
8753,8754,8755,long,1250.45,1252.55,win,17.69999999999909,71.00400000000018,1
8765,8766,8767,long,1241.74,1244.83,win,27.59999999999918,71.00400000000018,1
8777,8778,8779,long,1237.77,1239.66,win,15.600000000001,71.00400000000018,1
8809,8810,8811,long,1219.86,1220.67,win,4.800000000001728,71.00400000000018,1
8821,8822,8823,long,1223.37,1221.21,loss,-24.899999999998546,71.00400000000018,1
8833,8834,8835,long,1242.32,1238.59,loss,-40.60000000000018,71.00400000000018,1
8845,8846,8847,long,1225.31,1226.41,win,7.700000000001364,71.00400000000018,1
8857,8858,8859,long,1231.04,1229.7,loss,-16.699999999999182,71.00400000000018,1
8869,8870,8871,long,1239.85,1239.47,loss,-7.0999999999988175,71.00400000000018,1
8881,8882,8883,long,1261.06,1257.64,loss,-37.49999999999845,71.00400000000018,1
8893,8894,8895,long,1251.37,1254.16,win,24.60000000000191,71.00400000000018,1
8905,8906,8907,long,1225.07,1227.44,win,20.40000000000118,71.00400000000018,1
8917,8918,8919,long,1237.71,1236.48,loss,-15.600000000000183,71.00400000000018,1
8929,8930,8931,long,1240.27,1241.01,win,4.100000000000091,71.00400000000018,1
8941,8942,8943,long,1231.08,1233.48,win,20.70000000000091,71.00400000000018,1
8953,8954,8955,long,1218.52,1218.89,win,0.4000000000011825,71.00400000000018,1
8965,8966,8967,long,1189.72,1194.44,win,43.900000000000276,71.00400000000018,1
8977,8978,8979,long,1202.75,1201.04,loss,-20.400000000000365,71.00400000000018,1
8989,8990,8991,long,1197.37,1198.64,win,9.400000000002091,71.00400000000018,1
9007,9008,9009,long,1211.28,1210.8,loss,-8.100000000000183,71.00400000000018,1
9019,9020,9021,long,1213.62,1210.49,loss,-34.599999999998815,71.00400000000018,1
9031,9032,9033,long,1196.37,1197.92,win,12.200000000001818,71.00400000000018,1
9049,9050,9051,long,1222.11,1232.7605999999998,win,103.2059999999994,71.00400000000018,1
9061,9062,9063,long,1236.98,1242.18,win,48.70000000000046,71.00400000000018,1
9073,9074,9075,long,1237.55,1240.98,win,31.000000000000636,71.00400000000018,1
9085,9086,9087,long,1231.2,1228.38,loss,-31.499999999999364,71.00400000000018,1
9097,9098,9099,long,1225.44,1226.83,win,10.599999999998726,71.00400000000018,1
9109,9110,9111,long,1227.17,1229.73,win,22.299999999999454,71.00400000000018,1
9121,9122,9123,long,1248.47,1251.01,win,22.099999999999635,71.00400000000018,1
9133,9134,9135,long,1252.41,1252.21,loss,-5.300000000000455,71.00400000000018,1
9145,9146,9147,long,1244.77,1240.32,loss,-47.80000000000045,71.00400000000018,1
9157,9158,9159,long,1241.6,1239.79,loss,-21.399999999999455,71.00400000000018,1
9169,9170,9171,long,1241.77,1243.02,win,9.2,71.00400000000018,1
9181,9182,9183,long,1252.73,1257.21,win,41.500000000000185,71.00400000000018,1
9204,9205,9206,long,1239.82,1241.94,win,17.90000000000118,71.00400000000018,1
9216,9217,9218,long,1235.6,1231.94,loss,-39.89999999999854,71.00400000000018,1
9228,9229,9230,long,1263.67,1260.41,loss,-35.899999999999906,71.00400000000018,1
9240,9241,9242,long,1269.72,1272.84,win,27.899999999998908,71.00400000000018,1
9252,9253,9254,long,1255.29,1258.11,win,24.899999999999363,71.00400000000018,1
9264,9265,9266,long,1255.63,1252.69,loss,-32.70000000000054,71.00400000000018,1
9276,9277,9278,long,1266.82,1263.7,loss,-34.499999999998906,71.00400000000018,1
9288,9289,9290,long,1243.8,1243.25,loss,-8.799999999999546,71.00400000000018,1
9300,9301,9302,long,1242.42,1244.68,win,19.29999999999991,71.00400000000018,1
9312,9313,9314,long,1258.02,1256.84,loss,-15.100000000000637,71.00400000000018,1
9324,9325,9326,long,1253.82,1255.31,win,11.60000000000009,71.00400000000018,1
9336,9337,9338,long,1257.02,1256.86,loss,-4.900000000000818,71.00400000000018,1
9348,9349,9350,long,1257.07,1259.53,win,21.300000000000363,71.00400000000018,1
9360,9361,9362,long,1265.26,1268.32,win,27.299999999999454,71.00400000000018,1
9372,9373,9374,long,1274.08,1282.61,win,81.99999999999973,71.00400000000018,1
9384,9385,9386,long,1290.14,1285.86,loss,-46.100000000002,71.00400000000018,1
9396,9397,9398,long,1291.03,1291.0,loss,-3.599999999999727,71.00400000000018,1
9408,9409,9410,long,1301.59,1306.4,win,44.80000000000173,71.00400000000018,1
9420,9421,9422,long,1318.91,1329.5606,win,103.2059999999994,71.00400000000018,1
9443,9444,9445,long,1321.55,1317.01,loss,-48.69999999999963,71.00400000000018,1
9455,9456,9457,long,1310.64,1309.0,loss,-19.700000000001,71.00400000000018,1
9467,9468,9469,long,1322.76,1319.61,loss,-34.80000000000091,71.00400000000018,1
9479,9480,9481,long,1325.32,1321.76,loss,-38.89999999999945,71.00400000000018,1
9491,9492,9493,long,1336.29,1333.28,loss,-33.399999999999906,71.00400000000018,1
9503,9504,9505,long,1340.81,1338.7,loss,-24.399999999999,71.00400000000018,1
9515,9516,9517,long,1329.19,1330.1,win,5.799999999998545,71.00400000000018,1
9527,9528,9529,long,1330.76,1331.96,win,8.700000000000454,71.00400000000018,1
9539,9540,9541,long,1332.27,1342.9206,win,103.2059999999994,71.00400000000018,1
9551,9552,9553,long,1349.57,1350.09,win,1.8999999999998183,71.00400000000018,1
9563,9564,9565,long,1334.18,1335.72,win,12.099999999999635,71.00400000000018,1
9575,9576,9577,long,1336.87,1338.23,win,10.300000000001273,71.00400000000018,1
9587,9588,9589,long,1350.02,1349.76,loss,-5.899999999999909,71.00400000000018,1
9599,9600,9601,long,1339.64,1332.5396,loss,-74.30400000000036,71.00400000000018,1
9611,9612,9613,long,1339.28,1340.64,win,10.300000000001273,71.00400000000018,1
9623,9624,9625,long,1348.64,1359.2906,win,103.2059999999994,71.00400000000018,1
9635,9636,9637,long,1366.68,1372.08,win,50.69999999999864,71.00400000000018,1
9647,9648,9649,long,1370.2,1375.23,win,46.99999999999973,71.00400000000018,1
9659,9660,9661,long,1382.78,1382.92,loss,-1.8999999999989994,71.00400000000018,1
9671,9672,9673,long,1366.15,1359.0496,loss,-74.30400000000036,71.00400000000018,1
9683,9684,9685,long,1355.91,1357.45,win,12.099999999999635,71.00400000000018,1
9695,9696,9697,long,1330.76,1330.85,loss,-2.4000000000008184,71.00400000000018,1
9707,9708,9709,long,1329.91,1332.07,win,18.299999999998544,71.00400000000018,1
9719,9720,9721,long,1334.48,1327.3796,loss,-74.30400000000036,71.00400000000018,1
9731,9732,9733,long,1308.62,1312.5,win,35.500000000001094,71.00400000000018,1
9743,9744,9745,long,1311.21,1312.8,win,12.59999999999918,71.00400000000018,1
9755,9756,9757,long,1304.63,1303.92,loss,-10.400000000000365,71.00400000000018,1
9767,9768,9769,long,1290.82,1292.49,win,13.400000000000727,71.00400000000018,1
9779,9780,9781,long,1293.97,1296.94,win,26.400000000000272,71.00400000000018,1
9791,9792,9793,long,1284.34,1282.59,loss,-20.8,71.00400000000018,1
9803,9804,9805,long,1279.08,1281.69,win,22.800000000001273,71.00400000000018,1
9815,9816,9817,long,1289.98,1292.08,win,17.69999999999909,71.00400000000018,1
9827,9828,9829,long,1286.33,1285.21,loss,-14.49999999999891,71.00400000000018,1
9839,9840,9841,long,1303.79,1303.35,loss,-7.7000000000005455,71.00400000000018,1
9851,9852,9853,long,1296.5,1298.28,win,14.499999999999726,71.00400000000018,1
9863,9864,9865,long,1308.05,1309.37,win,9.899999999999363,71.00400000000018,1
9875,9876,9877,long,1311.68,1314.41,win,24.00000000000018,71.00400000000018,1
9887,9888,9889,long,1317.69,1317.02,loss,-10.000000000000728,71.00400000000018,1
9899,9900,9901,long,1320.32,1325.73,win,50.80000000000082,71.00400000000018,1
9911,9912,9913,long,1326.66,1325.39,loss,-15.999999999999819,71.00400000000018,1
9923,9924,9925,long,1302.6,1301.73,loss,-11.99999999999891,71.00400000000018,1
9935,9936,9937,long,1301.5,1303.1,win,12.69999999999909,71.00400000000018,1
9947,9948,9949,long,1294.39,1298.34,win,36.199999999998184,71.00400000000018,1
9959,9960,9961,long,1289.81,1287.4,loss,-27.399999999998546,71.00400000000018,1
9971,9972,9973,long,1283.89,1284.43,win,2.0999999999996364,71.00400000000018,1
9983,9984,9985,long,1283.59,1284.23,win,3.1000000000010006,71.00400000000018,1
9995,9996,9997,long,1293.72,1293.65,loss,-3.999999999999363,71.00400000000018,1
10007,10008,10009,long,1302.91,1303.17,loss,-0.7000000000000908,71.00400000000018,1
10019,10020,10021,long,1295.58,1295.01,loss,-8.999999999999364,71.00400000000018,1
10031,10032,10033,long,1295.37,1294.19,loss,-15.099999999998364,71.00400000000018,1
10043,10044,10045,long,1291.36,1290.69,loss,-9.999999999998455,71.00400000000018,1
10055,10056,10057,long,1284.62,1283.77,loss,-11.799999999999091,71.00400000000018,1
10067,10068,10069,long,1300.14,1303.28,win,28.099999999998726,71.00400000000018,1
10079,10080,10081,long,1309.61,1311.69,win,17.500000000001545,71.00400000000018,1
10091,10092,10093,long,1307.57,1310.79,win,28.900000000000272,71.00400000000018,1
10103,10104,10105,long,1289.65,1291.42,win,14.399999999999817,71.00400000000018,1
10115,10116,10117,long,1289.3,1290.14,win,5.100000000001455,71.00400000000018,1
10127,10128,10128,long,1289.53,1282.4296,loss,-74.30400000000036,71.00400000000018,0
10139,10140,10141,long,1295.74,1296.96,win,8.900000000000272,71.00400000000018,1
10151,10152,10153,long,1293.48,1292.86,loss,-9.500000000001183,71.00400000000018,1
10163,10164,10165,long,1304.84,1306.09,win,9.2,71.00400000000018,1
10175,10176,10177,long,1296.37,1295.74,loss,-9.599999999998818,71.00400000000018,1
10187,10188,10189,long,1292.8,1292.38,loss,-7.499999999998454,71.00400000000018,1
10199,10200,10201,long,1292.64,1293.21,win,2.3999999999993635,71.00400000000018,1
10211,10212,10213,long,1293.87,1293.8,loss,-3.999999999999363,71.00400000000018,1
10223,10224,10225,long,1291.85,1291.04,loss,-11.399999999999455,71.00400000000018,1
10235,10236,10237,long,1293.81,1293.59,loss,-5.500000000000273,71.00400000000018,1
10247,10248,10249,long,1292.95,1292.32,loss,-9.600000000001092,71.00400000000018,1
10269,10270,10271,long,1263.76,1263.84,loss,-2.5000000000007274,71.00400000000018,1
10281,10282,10283,long,1258.38,1258.72,win,0.09999999999918163,71.00400000000018,1
10293,10294,10295,long,1255.54,1258.27,win,24.00000000000018,71.00400000000018,1
10305,10306,10307,long,1249.94,1246.97,loss,-33.00000000000027,71.00400000000018,1
10317,10318,10319,long,1243.82,1244.55,win,4.000000000000182,71.00400000000018,1
10329,10330,10331,long,1244.39,1243.85,loss,-8.70000000000191,71.00400000000018,1
10341,10342,10343,long,1243.73,1243.52,loss,-5.400000000000364,71.00400000000018,1
10353,10354,10355,long,1253.24,1254.11,win,5.399999999998909,71.00400000000018,1
10365,10366,10367,long,1252.24,1252.22,loss,-3.499999999999818,71.00400000000018,1
10377,10378,10379,long,1252.06,1252.23,loss,-1.5999999999992722,71.00400000000018,1
10389,10390,10391,long,1259.9,1260.55,win,3.199999999998636,71.00400000000018,1
10401,10402,10403,long,1260.74,1261.44,win,3.700000000000455,71.00400000000018,1
10413,10414,10415,long,1272.95,1272.66,loss,-6.199999999999636,71.00400000000018,1
10425,10426,10427,long,1276.26,1278.93,win,23.400000000000727,71.00400000000018,1
10437,10438,10439,long,1271.41,1272.59,win,8.499999999998362,71.00400000000018,1
10449,10450,10451,long,1271.61,1270.21,loss,-17.299999999998636,71.00400000000018,1
10461,10462,10463,long,1277.71,1278.25,win,2.0999999999996364,71.00400000000018,1
10473,10474,10475,long,1319.52,1316.27,loss,-35.8,71.00400000000018,1
10485,10486,10487,long,1314.3,1312.75,loss,-18.799999999999546,71.00400000000018,1
10497,10498,10499,long,1317.28,1315.69,loss,-19.199999999999182,71.00400000000018,1
10509,10510,10511,long,1318.15,1319.03,win,5.499999999998818,71.00400000000018,1
10521,10522,10523,long,1315.5,1318.61,win,27.799999999999,71.00400000000018,1
10533,10534,10535,long,1316.33,1317.05,win,3.900000000000273,71.00400000000018,1
10545,10546,10547,long,1316.26,1316.11,loss,-4.800000000000909,71.00400000000018,1
10557,10558,10559,long,1327.13,1325.83,loss,-16.30000000000182,71.00400000000018,1
10569,10570,10571,long,1325.63,1325.11,loss,-8.500000000002093,71.00400000000018,1
10581,10582,10583,long,1327.31,1325.79,loss,-18.49999999999982,71.00400000000018,1
10593,10594,10595,long,1319.98,1319.65,loss,-6.599999999999272,71.00400000000018,1
10615,10616,10617,long,1319.81,1318.3,loss,-18.39999999999991,71.00400000000018,1
10627,10628,10629,long,1318.57,1318.76,loss,-1.3999999999994541,71.00400000000018,1
10639,10640,10641,long,1323.95,1328.82,win,45.39999999999891,71.00400000000018,1
10651,10652,10653,long,1335.32,1337.45,win,18.00000000000109,71.00400000000018,1
10663,10664,10665,long,1338.23,1337.77,loss,-7.900000000000364,71.00400000000018,1
10675,10676,10677,long,1307.75,1307.83,loss,-2.5000000000007274,71.00400000000018,1
10687,10688,10689,long,1294.1,1295.8,win,13.700000000000454,71.00400000000018,1
10699,10700,10701,long,1299.56,1299.67,loss,-2.1999999999987265,71.00400000000018,1
10711,10712,10713,long,1318.23,1318.47,loss,-0.8999999999999089,71.00400000000018,1
10723,10724,10725,long,1310.08,1309.12,loss,-12.900000000000365,71.00400000000018,1
10735,10736,10737,long,1311.59,1311.45,loss,-4.6999999999987265,71.00400000000018,1
10747,10748,10749,long,1307.37,1306.01,loss,-16.899999999999,71.00400000000018,1
10759,10760,10761,long,1303.98,1304.35,win,0.3999999999989088,71.00400000000018,1
10771,10772,10773,long,1293.63,1292.01,loss,-19.500000000001183,71.00400000000018,1
10783,10784,10785,long,1307.54,1305.17,loss,-26.99999999999891,71.00400000000018,1
10795,10796,10797,long,1303.5,1304.21,win,3.800000000000364,71.00400000000018,1
10807,10808,10809,long,1299.03,1299.21,loss,-1.4999999999993632,71.00400000000018,1
10819,10820,10821,long,1295.6,1294.67,loss,-12.599999999998364,71.00400000000018,1
10831,10832,10833,long,1282.94,1283.42,win,1.500000000000182,71.00400000000018,1
10843,10844,10845,long,1293.68,1292.91,loss,-10.999999999999819,71.00400000000018,1
10855,10856,10857,long,1287.87,1288.92,win,7.200000000001819,71.00400000000018,1
10867,10868,10869,long,1290.28,1288.55,loss,-20.600000000000183,71.00400000000018,1
10879,10880,10881,long,1305.47,1306.67,win,8.700000000000454,71.00400000000018,1
10891,10892,10893,long,1312.97,1310.46,loss,-28.39999999999991,71.00400000000018,1
10903,10904,10905,long,1308.65,1308.67,loss,-3.1000000000001817,71.00400000000018,1
10915,10916,10917,long,1307.9,1307.25,loss,-9.80000000000091,71.00400000000018,1
10927,10928,10929,long,1308.01,1308.82,win,4.7999999999994545,71.00400000000018,1
10939,10940,10941,long,1312.08,1311.2,loss,-12.099999999998818,71.00400000000018,1
10951,10952,10953,long,1312.14,1311.79,loss,-6.800000000001364,71.00400000000018,1
10963,10964,10965,long,1302.81,1299.23,loss,-39.09999999999927,71.00400000000018,1
10975,10976,10977,long,1297.42,1298.13,win,3.800000000000364,71.00400000000018,1
10987,10988,10989,long,1295.91,1295.95,loss,-2.9000000000003636,71.00400000000018,1
10999,11000,11001,long,1290.79,1289.87,loss,-12.500000000000728,71.00400000000018,1
11011,11012,11013,long,1277.76,1277.02,loss,-10.700000000000092,71.00400000000018,1
11023,11024,11024,long,1279.59,1272.4895999999999,loss,-74.30400000000036,71.00400000000018,0
11035,11036,11037,long,1276.16,1277.63,win,11.400000000000272,71.00400000000018,1
11047,11048,11049,long,1281.08,1282.48,win,10.700000000000909,71.00400000000018,1
11059,11060,11061,long,1282.59,1284.27,win,13.500000000000636,71.00400000000018,1
11071,11072,11073,long,1289.19,1290.48,win,9.599999999999635,71.00400000000018,1
11083,11084,11085,long,1287.2,1285.79,loss,-17.40000000000082,71.00400000000018,1
11105,11106,11107,long,1266.01,1265.1,loss,-12.40000000000082,71.00400000000018,1
11117,11118,11119,long,1269.11,1268.81,loss,-6.299999999999545,71.00400000000018,1
11129,11130,11131,long,1261.04,1261.01,loss,-3.599999999999727,71.00400000000018,1
11141,11142,11143,long,1268.54,1267.52,loss,-13.499999999999819,71.00400000000018,1
11153,11154,11155,long,1256.21,1256.25,loss,-2.9000000000003636,71.00400000000018,1
11165,11166,11167,long,1255.31,1255.02,loss,-6.199999999999636,71.00400000000018,1
11177,11178,11179,long,1248.89,1248.62,loss,-6.000000000002092,71.00400000000018,1
11189,11190,11191,long,1240.13,1238.63,loss,-18.3,71.00400000000018,1
11201,11202,11203,long,1226.12,1228.16,win,17.10000000000191,71.00400000000018,1
11213,11214,11215,long,1232.23,1233.53,win,9.699999999999545,71.00400000000018,1
11225,11226,11227,long,1233.81,1236.46,win,23.20000000000091,71.00400000000018,1
11237,11238,11239,long,1222.29,1222.95,win,3.3000000000008187,71.00400000000018,1
11249,11250,11251,long,1224.53,1223.95,loss,-9.099999999999273,71.00400000000018,1
11261,11262,11263,long,1215.32,1217.22,win,15.700000000000909,71.00400000000018,1
11273,11274,11275,long,1214.15,1215.49,win,10.09999999999918,71.00400000000018,1
11285,11286,11287,long,1222.67,1221.33,loss,-16.700000000001456,71.00400000000018,1
11297,11298,11299,long,1216.61,1214.3,loss,-26.399999999999455,71.00400000000018,1
11309,11310,11311,long,1221.42,1223.21,win,14.599999999999635,71.00400000000018,1
11321,11322,11323,long,1218.65,1218.09,loss,-8.900000000001729,71.00400000000018,1
11333,11334,11335,long,1215.58,1216.44,win,5.3000000000012735,71.00400000000018,1
11345,11346,11347,long,1208.36,1207.45,loss,-12.399999999998546,71.00400000000018,1
11357,11358,11359,long,1213.28,1215.67,win,20.600000000001,71.00400000000018,1
11369,11370,11371,long,1213.69,1211.74,loss,-22.800000000000455,71.00400000000018,1
11381,11382,11382,long,1191.47,1184.3696,loss,-74.30400000000036,71.00400000000018,0
11393,11394,11395,long,1207.32,1206.63,loss,-10.199999999998273,71.00400000000018,1
11405,11406,11407,long,1209.25,1211.42,win,18.400000000000727,71.00400000000018,1
11417,11418,11419,long,1220.68,1221.78,win,7.699999999999091,71.00400000000018,1
11429,11430,11431,long,1223.29,1223.63,win,0.10000000000145537,71.00400000000018,1
11441,11442,11443,long,1223.35,1230.06,win,63.80000000000037,71.00400000000018,1
11453,11454,11455,long,1236.71,1236.57,loss,-4.700000000001,71.00400000000018,1
11465,11466,11467,long,1232.08,1227.48,loss,-49.29999999999909,71.00400000000018,1
11477,11478,11479,long,1241.54,1242.18,win,3.1000000000010006,71.00400000000018,1
11489,11490,11491,long,1237.93,1238.06,loss,-2.000000000001182,71.00400000000018,1
11501,11502,11503,long,1238.92,1235.33,loss,-39.20000000000145,71.00400000000018,1
11513,11514,11515,long,1246.0,1245.89,loss,-4.399999999998999,71.00400000000018,1
11525,11526,11527,long,1248.7,1247.48,loss,-15.500000000000274,71.00400000000018,1
11537,11538,11539,long,1241.61,1241.62,loss,-3.2000000000000908,71.00400000000018,1
11549,11550,11551,long,1232.91,1230.59,loss,-26.500000000001638,71.00400000000018,1
11561,11562,11563,long,1230.07,1231.52,win,11.200000000000454,71.00400000000018,1
11573,11574,11575,long,1225.68,1229.81,win,37.99999999999882,71.00400000000018,1
11585,11586,11587,long,1227.99,1229.57,win,12.499999999999272,71.00400000000018,1
11597,11598,11599,long,1211.62,1213.64,win,16.90000000000209,71.00400000000018,1
11609,11610,11611,long,1199.52,1199.23,loss,-6.199999999999636,71.00400000000018,1
11621,11622,11622,long,1172.61,1165.5095999999999,loss,-74.30400000000036,71.00400000000018,0
11633,11634,11635,long,1164.91,1165.96,win,7.199999999999545,71.00400000000018,1
11645,11646,11647,long,1167.52,1167.15,loss,-6.999999999998908,71.00400000000018,1
11657,11658,11659,long,1140.86,1143.86,win,26.7,71.00400000000018,1
11669,11670,11671,long,1141.34,1140.72,loss,-9.49999999999891,71.00400000000018,1
11681,11682,11682,long,1177.28,1170.1796,loss,-74.30400000000036,71.00400000000018,0
11693,11694,11695,long,1151.69,1155.52,win,34.999999999999275,71.00400000000018,1
11705,11706,11707,long,1164.95,1162.26,loss,-30.200000000000546,71.00400000000018,1
11717,11718,11719,long,1161.65,1159.29,loss,-26.900000000001274,71.00400000000018,1
11729,11730,11731,long,1162.07,1161.55,loss,-8.499999999999819,71.00400000000018,1
11741,11742,11743,long,1186.67,1188.09,win,10.899999999998453,71.00400000000018,1
11753,11754,11755,long,1185.36,1185.31,loss,-3.799999999999545,71.00400000000018,1
11765,11766,11767,long,1196.93,1193.68,loss,-35.8,71.00400000000018,1
11777,11778,11779,long,1183.36,1180.25,loss,-34.399999999999,71.00400000000018,1
11789,11790,11791,long,1194.0,1193.87,loss,-4.600000000001091,71.00400000000018,1
11801,11802,11803,long,1200.49,1201.5,win,6.799999999999909,71.00400000000018,1
11813,11814,11815,long,1197.4,1198.42,win,6.899999999999818,71.00400000000018,1
11825,11826,11827,long,1201.37,1199.14,loss,-25.59999999999791,71.00400000000018,1
11837,11838,11839,long,1197.74,1197.82,loss,-2.5000000000007274,71.00400000000018,1
11870,11871,11872,long,1211.29,1204.1896,loss,-74.30400000000036,71.00400000000018,1
11882,11883,11884,long,1197.67,1200.43,win,24.29999999999991,71.00400000000018,1
11894,11895,11896,long,1209.05,1208.2,loss,-11.799999999999091,71.00400000000018,1
11906,11907,11908,long,1205.4,1203.86,loss,-18.70000000000191,71.00400000000018,1
11918,11919,11920,long,1190.62,1193.78,win,28.300000000000818,71.00400000000018,1
11930,11931,11932,long,1203.29,1201.06,loss,-25.600000000000183,71.00400000000018,1
11942,11943,11944,long,1230.15,1227.45,loss,-30.300000000000455,71.00400000000018,1
11954,11955,11956,long,1225.23,1227.59,win,20.299999999999,71.00400000000018,1
11966,11967,11968,long,1226.93,1224.27,loss,-29.90000000000082,71.00400000000018,1
11978,11979,11980,long,1221.93,1214.8296,loss,-74.30400000000036,71.00400000000018,1
11990,11991,11992,long,1194.41,1197.24,win,24.99999999999927,71.00400000000018,1
12002,12003,12004,long,1195.01,1197.21,win,18.700000000000454,71.00400000000018,1
12014,12015,12016,long,1188.96,1193.63,win,43.40000000000073,71.00400000000018,1
12026,12027,12028,long,1197.66,1199.09,win,10.999999999998362,71.00400000000018,1
12038,12039,12040,long,1195.13,1197.06,win,15.999999999998362,71.00400000000018,1
12050,12051,12052,long,1176.38,1178.49,win,17.799999999999,71.00400000000018,1
12062,12063,12064,long,1176.58,1177.3,win,3.900000000000273,71.00400000000018,1
12080,12081,12082,long,1193.99,1195.73,win,14.10000000000009,71.00400000000018,1
12092,12093,12094,long,1182.72,1186.59,win,35.39999999999891,71.00400000000018,1
12104,12105,12106,long,1199.54,1203.12,win,32.499999999999275,71.00400000000018,1
12122,12123,12123,long,1188.23,1181.1296,loss,-74.30400000000036,71.00400000000018,0
12134,12135,12136,long,1203.69,1204.04,win,0.19999999999909068,71.00400000000018,1
12146,12147,12148,long,1218.47,1217.13,loss,-16.699999999999182,71.00400000000018,1
12158,12159,12160,long,1210.69,1212.1,win,10.799999999998544,71.00400000000018,1
12170,12171,12172,long,1208.52,1212.02,win,31.7,71.00400000000018,1
12182,12183,12184,long,1222.83,1225.88,win,27.20000000000182,71.00400000000018,1
12194,12195,12196,long,1232.66,1235.95,win,29.599999999999635,71.00400000000018,1
12206,12207,12208,long,1230.66,1229.95,loss,-10.400000000000365,71.00400000000018,1
12218,12219,12220,long,1229.34,1228.54,loss,-11.299999999999546,71.00400000000018,1
12230,12231,12232,long,1262.86,1260.83,loss,-23.599999999999728,71.00400000000018,1
12242,12243,12244,long,1280.33,1275.58,loss,-50.8,71.00400000000018,1
12264,12265,12266,long,1294.38,1293.45,loss,-12.600000000000637,71.00400000000018,1
12276,12277,12278,long,1293.05,1291.9,loss,-14.799999999998636,71.00400000000018,1
12288,12289,12290,long,1301.28,1300.3,loss,-13.100000000000183,71.00400000000018,1
12300,12301,12302,long,1292.37,1296.01,win,33.100000000001,71.00400000000018,1
12312,12313,12314,long,1281.13,1274.0296,loss,-74.30400000000036,71.00400000000018,1
12324,12325,12326,long,1292.33,1289.8,loss,-28.599999999999728,71.00400000000018,1
12336,12337,12338,long,1283.01,1279.15,loss,-41.899999999999,71.00400000000018,1
12348,12349,12350,long,1258.43,1260.14,win,13.800000000000363,71.00400000000018,1
12360,12361,12362,long,1282.27,1279.46,loss,-31.399999999999455,71.00400000000018,1
12372,12373,12374,long,1276.14,1275.12,loss,-13.500000000002093,71.00400000000018,1
12384,12385,12386,long,1260.82,1260.92,loss,-2.2999999999986356,71.00400000000018,1
12396,12397,12398,long,1269.85,1271.83,win,16.50000000000018,71.00400000000018,1
12408,12409,12410,long,1266.07,1265.63,loss,-7.699999999998272,71.00400000000018,1
12420,12421,12422,long,1235.87,1238.41,win,22.10000000000191,71.00400000000018,1
12432,12433,12434,long,1237.7,1241.09,win,30.599999999998726,71.00400000000018,1
12444,12445,12446,long,1233.75,1236.99,win,29.10000000000009,71.00400000000018,1
12456,12457,12458,long,1218.55,1222.02,win,31.400000000000272,71.00400000000018,1
12468,12469,12470,long,1222.41,1224.78,win,20.399999999998908,71.00400000000018,1
12480,12481,12482,long,1227.39,1230.68,win,29.599999999999635,71.00400000000018,1
12502,12503,12504,long,1209.47,1208.0,loss,-18.000000000000274,71.00400000000018,1
12514,12515,12516,long,1212.22,1215.38,win,28.300000000000818,71.00400000000018,1
12526,12527,12528,long,1207.27,1209.24,win,16.400000000000272,71.00400000000018,1
12538,12539,12540,long,1203.25,1202.44,loss,-11.399999999999455,71.00400000000018,1
12550,12551,12552,long,1201.49,1202.75,win,9.299999999999908,71.00400000000018,1
12562,12563,12564,long,1200.93,1209.75,win,84.89999999999937,71.00400000000018,1
12574,12575,12576,long,1203.84,1206.82,win,26.50000000000018,71.00400000000018,1
12586,12587,12588,long,1208.14,1209.8,win,13.299999999998544,71.00400000000018,1
12598,12599,12600,long,1213.5,1220.1,win,62.69999999999909,71.00400000000018,1
12610,12611,12612,long,1206.31,1204.6,loss,-20.400000000000365,71.00400000000018,1
12622,12623,12624,long,1203.97,1206.31,win,20.09999999999918,71.00400000000018,1
12634,12635,12636,long,1200.56,1203.65,win,27.600000000001454,71.00400000000018,1
12646,12647,12648,long,1197.84,1198.29,win,1.200000000000455,71.00400000000018,1
12658,12659,12660,long,1169.45,1170.02,win,2.3999999999993635,71.00400000000018,1
12670,12671,12672,long,1167.31,1168.1,win,4.599999999999636,71.00400000000018,1
12682,12683,12684,long,1161.61,1164.78,win,28.400000000000727,71.00400000000018,1
12694,12695,12696,long,1155.22,1150.28,loss,-52.70000000000054,71.00400000000018,1
12706,12707,12708,long,1153.31,1158.02,win,43.80000000000037,71.00400000000018,1
12718,12719,12720,long,1157.75,1159.16,win,10.800000000000818,71.00400000000018,1
12730,12731,12732,long,1153.9,1154.56,win,3.299999999998545,71.00400000000018,1
12742,12743,12744,long,1149.05,1151.73,win,23.500000000000636,71.00400000000018,1
12754,12755,12756,long,1167.33,1173.29,win,56.30000000000037,71.00400000000018,1
12766,12767,12768,long,1170.42,1172.77,win,20.19999999999909,71.00400000000018,1
12778,12779,12780,long,1184.18,1182.98,loss,-15.300000000000455,71.00400000000018,1
12790,12791,12792,long,1189.53,1187.0,loss,-28.599999999999728,71.00400000000018,1
12802,12803,12804,long,1192.82,1189.66,loss,-34.89999999999854,71.00400000000018,1
12814,12815,12816,long,1195.49,1196.27,win,4.499999999999727,71.00400000000018,1
12826,12827,12828,long,1203.8,1200.79,loss,-33.399999999999906,71.00400000000018,1
12838,12839,12840,long,1198.45,1197.53,loss,-12.500000000000728,71.00400000000018,1
12850,12851,12852,long,1185.31,1186.85,win,12.099999999999635,71.00400000000018,1
12862,12863,12864,long,1183.22,1186.57,win,30.19999999999909,71.00400000000018,1
12874,12875,12876,long,1203.88,1202.38,loss,-18.3,71.00400000000018,1
12886,12887,12888,long,1214.39,1217.44,win,27.199999999999545,71.00400000000018,1
12898,12899,12900,long,1214.47,1211.7,loss,-30.99999999999982,71.00400000000018,1
12910,12911,12912,long,1208.63,1209.84,win,8.79999999999809,71.00400000000018,1
12922,12923,12924,long,1202.72,1201.29,loss,-17.600000000000637,71.00400000000018,1
12934,12935,12936,long,1194.06,1195.23,win,8.400000000000727,71.00400000000018,1
12946,12947,12948,long,1206.94,1207.38,win,1.1000000000005459,71.00400000000018,1
12958,12959,12960,long,1198.89,1201.24,win,20.19999999999909,71.00400000000018,1
12970,12971,12972,long,1192.45,1193.47,win,6.899999999999818,71.00400000000018,1
12982,12983,12984,long,1202.12,1206.45,win,40.00000000000155,71.00400000000018,1
12994,12995,12996,long,1198.86,1199.43,win,2.4000000000016373,71.00400000000018,1
13006,13007,13008,long,1204.49,1204.29,loss,-5.300000000000455,71.00400000000018,1
13018,13019,13020,long,1196.02,1195.07,loss,-12.800000000000455,71.00400000000018,1
13030,13031,13032,long,1202.37,1200.59,loss,-21.099999999999728,71.00400000000018,1
13042,13043,13044,long,1187.4,1187.3,loss,-4.300000000001364,71.00400000000018,1
13054,13055,13056,long,1193.63,1193.83,loss,-1.3000000000018188,71.00400000000018,1
13066,13067,13068,long,1179.81,1180.04,loss,-0.9999999999998179,71.00400000000018,1
13078,13079,13080,long,1202.17,1199.45,loss,-30.500000000000274,71.00400000000018,1
13090,13091,13092,long,1211.68,1210.9,loss,-11.099999999999728,71.00400000000018,1
13102,13103,13104,long,1204.93,1204.56,loss,-7.000000000001182,71.00400000000018,1
13114,13115,13116,long,1184.14,1184.01,loss,-4.600000000001091,71.00400000000018,1
13126,13127,13128,long,1177.36,1178.73,win,10.400000000001182,71.00400000000018,1
13138,13139,13140,long,1187.98,1187.43,loss,-8.799999999999546,71.00400000000018,1
13150,13151,13152,long,1192.87,1193.91,win,7.10000000000191,71.00400000000018,1
13162,13163,13164,long,1191.6,1190.86,loss,-10.700000000000092,71.00400000000018,1
13174,13175,13176,long,1183.78,1183.29,loss,-8.200000000000092,71.00400000000018,1
13186,13187,13188,long,1189.37,1189.77,win,0.7000000000009097,71.00400000000018,1
13198,13199,13200,long,1183.39,1183.66,loss,-0.6000000000001817,71.00400000000018,1
13210,13211,13212,long,1192.97,1192.27,loss,-10.300000000000455,71.00400000000018,1
13222,13223,13224,long,1215.46,1213.98,loss,-18.100000000000183,71.00400000000018,1
13234,13235,13236,long,1220.99,1220.28,loss,-10.400000000000365,71.00400000000018,1
13246,13247,13248,long,1223.41,1222.66,loss,-10.8,71.00400000000018,1
13258,13259,13260,long,1225.54,1224.19,loss,-16.79999999999909,71.00400000000018,1
13270,13271,13272,long,1207.87,1208.8,win,6.000000000000637,71.00400000000018,1
13282,13283,13284,long,1209.69,1209.43,loss,-5.899999999999909,71.00400000000018,1
13294,13295,13296,long,1206.42,1207.32,win,5.699999999998636,71.00400000000018,1
13306,13307,13308,long,1205.1,1203.19,loss,-22.399999999998546,71.00400000000018,1
13328,13329,13330,long,1187.14,1187.63,win,1.6000000000000911,71.00400000000018,1
13340,13341,13342,long,1187.32,1187.27,loss,-3.799999999999545,71.00400000000018,1
13352,13353,13354,long,1187.95,1188.15,loss,-1.299999999999545,71.00400000000018,1
13364,13365,13366,long,1189.46,1190.65,win,8.600000000000545,71.00400000000018,1
13376,13377,13378,long,1189.04,1187.74,loss,-16.299999999999546,71.00400000000018,1
13388,13389,13390,long,1193.25,1193.72,win,1.400000000000273,71.00400000000018,1
13400,13401,13402,long,1185.48,1184.9,loss,-9.099999999999273,71.00400000000018,1
13412,13413,13414,long,1176.42,1177.92,win,11.7,71.00400000000018,1
13424,13425,13426,long,1170.58,1175.32,win,44.100000000000094,71.00400000000018,1
13436,13437,13438,long,1173.83,1174.14,loss,-0.19999999999827178,71.00400000000018,1
13448,13449,13450,long,1176.4,1177.62,win,8.899999999997998,71.00400000000018,1
13460,13461,13462,long,1186.28,1185.89,loss,-7.1999999999987265,71.00400000000018,1
13472,13473,13474,long,1181.54,1182.5,win,6.300000000000364,71.00400000000018,1
13484,13485,13486,long,1180.93,1181.86,win,5.999999999998363,71.00400000000018,1
13496,13497,13498,long,1185.59,1185.28,loss,-6.399999999999454,71.00400000000018,1
13508,13509,13510,long,1181.5,1180.63,loss,-11.99999999999891,71.00400000000018,1
13520,13521,13522,long,1185.0,1184.37,loss,-9.600000000001092,71.00400000000018,1
13532,13533,13534,long,1201.76,1201.63,loss,-4.5999999999988175,71.00400000000018,1
13544,13545,13546,long,1199.78,1199.34,loss,-7.7000000000005455,71.00400000000018,1
13556,13557,13558,long,1185.51,1185.79,loss,-0.5000000000002727,71.00400000000018,1
13568,13569,13570,long,1177.89,1178.63,win,4.100000000000091,71.00400000000018,1
13580,13581,13582,long,1174.99,1176.09,win,7.699999999999091,71.00400000000018,1
13592,13593,13594,long,1173.11,1174.78,win,13.400000000000727,71.00400000000018,1
13604,13605,13606,long,1184.37,1185.4,win,7.000000000002001,71.00400000000018,1
13616,13617,13618,long,1180.02,1179.92,loss,-4.29999999999909,71.00400000000018,1
13628,13629,13630,long,1172.07,1173.95,win,15.50000000000109,71.00400000000018,1
13640,13641,13642,long,1168.23,1168.28,loss,-2.8000000000004546,71.00400000000018,1
13652,13653,13654,long,1165.84,1166.32,win,1.500000000000182,71.00400000000018,1
13674,13675,13676,long,1170.07,1168.71,loss,-16.899999999999,71.00400000000018,1
13686,13687,13688,long,1154.86,1155.87,win,6.799999999999909,71.00400000000018,1
13698,13699,13700,long,1158.24,1157.22,loss,-13.499999999999819,71.00400000000018,1
13710,13711,13712,long,1159.74,1159.88,loss,-1.8999999999989994,71.00400000000018,1
13722,13723,13724,long,1163.18,1163.65,win,1.400000000000273,71.00400000000018,1
13734,13735,13736,long,1157.62,1155.94,loss,-20.099999999998364,71.00400000000018,1
13746,13747,13748,long,1155.08,1156.0,win,5.900000000000728,71.00400000000018,1
13758,13759,13760,long,1147.51,1147.83,loss,-0.10000000000063647,71.00400000000018,1
13770,13771,13772,long,1145.1,1144.11,loss,-13.200000000000092,71.00400000000018,1
13782,13783,13784,long,1133.47,1132.66,loss,-11.399999999999455,71.00400000000018,1
13794,13795,13796,long,1098.4,1103.7,win,49.69999999999955,71.00400000000018,1
13806,13807,13808,long,1100.09,1101.08,win,6.600000000000091,71.00400000000018,1
13818,13819,13820,long,1094.45,1094.42,loss,-3.599999999999727,71.00400000000018,1
13830,13831,13832,long,1090.27,1089.67,loss,-9.299999999999091,71.00400000000018,1
13842,13843,13844,long,1098.99,1096.84,loss,-24.80000000000091,71.00400000000018,1
13854,13855,13856,long,1094.09,1093.9,loss,-5.199999999998272,71.00400000000018,1
13866,13867,13868,long,1094.97,1095.95,win,6.500000000000182,71.00400000000018,1
13878,13879,13880,long,1096.6,1098.12,win,11.899999999999817,71.00400000000018,1
13890,13891,13892,long,1088.25,1088.76,win,1.7999999999999092,71.00400000000018,1
13902,13903,13904,long,1095.61,1092.87,loss,-30.70000000000009,71.00400000000018,1
13914,13915,13916,long,1084.01,1083.69,loss,-6.499999999999363,71.00400000000018,1
13926,13927,13928,long,1087.47,1086.43,loss,-13.699999999999637,71.00400000000018,1
13938,13939,13940,long,1084.6,1084.19,loss,-7.399999999998545,71.00400000000018,1
13950,13951,13952,long,1089.11,1089.79,win,3.500000000000637,71.00400000000018,1
13962,13963,13964,long,1094.53,1090.54,loss,-43.20000000000009,71.00400000000018,1
13974,13975,13976,long,1104.17,1105.45,win,9.499999999999726,71.00400000000018,1
13986,13987,13988,long,1108.56,1109.06,win,1.7000000000000002,71.00400000000018,1
13998,13999,14000,long,1125.1,1123.98,loss,-14.49999999999891,71.00400000000018,1
14010,14011,14012,long,1114.81,1113.75,loss,-13.899999999999455,71.00400000000018,1
14022,14023,14024,long,1113.96,1113.98,loss,-3.1000000000001817,71.00400000000018,1
14034,14035,14036,long,1117.73,1117.58,loss,-4.800000000000909,71.00400000000018,1
14046,14047,14048,long,1117.71,1116.99,loss,-10.500000000000274,71.00400000000018,1
14058,14059,14060,long,1133.58,1133.75,loss,-1.5999999999992722,71.00400000000018,1
14070,14071,14072,long,1153.4,1154.11,win,3.7999999999980902,71.00400000000018,1
14082,14083,14084,long,1160.56,1160.17,loss,-7.1999999999987265,71.00400000000018,1
14094,14095,14096,long,1155.05,1153.16,loss,-22.199999999998727,71.00400000000018,1
14106,14107,14108,long,1139.98,1143.54,win,32.29999999999946,71.00400000000018,1
14118,14119,14120,long,1125.26,1123.95,loss,-16.399999999999455,71.00400000000018,1
14130,14131,14132,long,1124.82,1125.18,win,0.30000000000127347,71.00400000000018,1
14142,14143,14144,long,1133.24,1130.74,loss,-28.3,71.00400000000018,1
14154,14155,14156,long,1134.21,1138.58,win,40.39999999999891,71.00400000000018,1
14166,14167,14168,long,1139.34,1136.98,loss,-26.899999999999,71.00400000000018,1
14178,14179,14180,long,1133.53,1132.91,loss,-9.49999999999891,71.00400000000018,1
14190,14191,14192,long,1124.92,1124.83,loss,-4.200000000001455,71.00400000000018,1
14202,14203,14204,long,1123.23,1119.28,loss,-42.80000000000045,71.00400000000018,1
14225,14226,14227,long,1121.61,1123.72,win,17.800000000001273,71.00400000000018,1
14237,14238,14239,long,1106.52,1107.22,win,3.700000000000455,71.00400000000018,1
14249,14250,14251,long,1110.73,1112.14,win,10.800000000000818,71.00400000000018,1
14261,14262,14263,long,1107.38,1105.99,loss,-17.200000000001,71.00400000000018,1
14273,14274,14275,long,1108.33,1107.65,loss,-10.099999999998364,71.00400000000018,1
14285,14286,14287,long,1104.98,1104.83,loss,-4.800000000000909,71.00400000000018,1
14297,14298,14299,long,1119.1,1119.51,win,0.8000000000008187,71.00400000000018,1
14309,14310,14311,long,1130.33,1129.84,loss,-8.200000000000092,71.00400000000018,1
14321,14322,14323,long,1138.9,1137.86,loss,-13.70000000000191,71.00400000000018,1
14333,14334,14335,long,1132.92,1133.52,win,2.6999999999990907,71.00400000000018,1
14345,14346,14347,long,1124.33,1124.42,loss,-2.3999999999985446,71.00400000000018,1
14357,14358,14359,long,1130.39,1131.8,win,10.799999999998544,71.00400000000018,1
14369,14370,14371,long,1151.03,1149.72,loss,-16.399999999999455,71.00400000000018,1
14381,14382,14383,long,1145.21,1146.66,win,11.200000000000454,71.00400000000018,1
14393,14394,14395,long,1131.82,1132.42,win,2.7000000000013644,71.00400000000018,1
14405,14406,14407,long,1127.44,1127.12,loss,-6.500000000001637,71.00400000000018,1
14417,14418,14419,long,1114.97,1116.02,win,7.199999999999545,71.00400000000018,1
14429,14430,14431,long,1112.97,1112.44,loss,-8.599999999999728,71.00400000000018,1
14441,14442,14443,long,1137.36,1137.12,loss,-5.700000000000091,71.00400000000018,1
14453,14454,14455,long,1134.91,1136.42,win,11.799999999999908,71.00400000000018,1
14465,14466,14467,long,1146.72,1147.5,win,4.499999999999727,71.00400000000018,1
14477,14478,14479,long,1145.25,1143.74,loss,-18.39999999999991,71.00400000000018,1
14489,14490,14491,long,1138.47,1140.72,win,19.2,71.00400000000018,1
14501,14502,14503,long,1155.16,1155.85,win,3.599999999998272,71.00400000000018,1
14513,14514,14515,long,1163.0,1161.12,loss,-22.100000000001092,71.00400000000018,1
14525,14526,14527,long,1168.25,1168.68,win,1.0000000000006368,71.00400000000018,1
14537,14538,14539,long,1183.65,1185.07,win,10.899999999998453,71.00400000000018,1
14549,14550,14551,long,1182.21,1181.8,loss,-7.400000000000818,71.00400000000018,1
14561,14562,14563,long,1176.73,1175.68,loss,-13.799999999999546,71.00400000000018,1
14573,14574,14575,long,1170.47,1169.87,loss,-9.300000000001365,71.00400000000018,1
14585,14586,14587,long,1175.34,1177.2,win,15.300000000001273,71.00400000000018,1
14597,14598,14599,long,1166.79,1166.94,loss,-1.7999999999990903,71.00400000000018,1
14609,14610,14611,long,1165.69,1165.5,loss,-5.2000000000005455,71.00400000000018,1
14621,14622,14623,long,1163.82,1164.64,win,4.900000000001637,71.00400000000018,1
14633,14634,14635,long,1162.86,1163.92,win,7.300000000001728,71.00400000000018,1
14645,14646,14647,long,1166.6,1166.24,loss,-6.899999999998999,71.00400000000018,1
14657,14658,14659,long,1156.08,1161.87,win,54.59999999999964,71.00400000000018,1
14669,14670,14671,long,1146.71,1146.21,loss,-8.3,71.00400000000018,1
14681,14682,14682,long,1141.54,1134.4396,loss,-74.30400000000036,71.00400000000018,0
14693,14694,14695,long,1132.8,1135.48,win,23.500000000000636,71.00400000000018,1
14705,14706,14707,long,1117.66,1122.46,win,44.69999999999955,71.00400000000018,1
14717,14718,14719,long,1107.32,1109.39,win,17.400000000001636,71.00400000000018,1
14729,14730,14731,long,1103.74,1107.39,win,33.20000000000091,71.00400000000018,1
14741,14742,14743,long,1089.74,1092.73,win,26.60000000000009,71.00400000000018,1
14753,14754,14755,long,1091.59,1093.02,win,11.000000000000636,71.00400000000018,1
14765,14766,14767,long,1089.43,1092.2,win,24.399999999999817,71.00400000000018,1
14777,14778,14779,long,1085.79,1088.8,win,26.79999999999991,71.00400000000018,1
14789,14790,14791,long,1083.79,1082.28,loss,-18.39999999999991,71.00400000000018,1
14801,14802,14803,long,1088.27,1092.1,win,34.999999999999275,71.00400000000018,1
14813,14814,14815,long,1083.34,1083.94,win,2.7000000000013644,71.00400000000018,1
14825,14826,14827,long,1071.27,1066.13,loss,-54.699999999998724,71.00400000000018,1
14837,14838,14839,long,1070.08,1077.57,win,71.6000000000001,71.00400000000018,1
14849,14850,14851,long,1080.41,1083.87,win,31.29999999999809,71.00400000000018,1
14861,14862,14863,long,1076.76,1071.29,loss,-58.00000000000027,71.00400000000018,1
14873,14874,14875,long,1069.11,1070.57,win,11.300000000000363,71.00400000000018,1
14885,14886,14887,long,1075.19,1077.94,win,24.2,71.00400000000018,1
14897,14898,14899,long,1071.31,1072.56,win,9.2,71.00400000000018,1
14930,14931,14932,long,1065.14,1068.31,win,28.399999999998453,71.00400000000018,1
14942,14943,14944,long,1068.46,1069.74,win,9.499999999999726,71.00400000000018,1
14954,14955,14956,long,1054.02,1046.9196,loss,-74.30400000000036,71.00400000000018,1
14966,14967,14968,long,1062.68,1060.93,loss,-20.8,71.00400000000018,1
14978,14979,14980,long,1085.86,1086.03,loss,-1.5999999999992722,71.00400000000018,1
14990,14991,14992,long,1070.19,1068.91,loss,-16.099999999999728,71.00400000000018,1
15002,15003,15004,long,1074.72,1076.52,win,14.699999999999545,71.00400000000018,1
15014,15015,15016,long,1071.98,1073.81,win,14.999999999999272,71.00400000000018,1
15026,15027,15028,long,1071.24,1067.47,loss,-40.999999999999815,71.00400000000018,1
15038,15039,15040,long,1073.29,1074.57,win,9.499999999999726,71.00400000000018,1
15050,15051,15052,long,1059.54,1064.34,win,44.69999999999955,71.00400000000018,1
15062,15063,15064,long,1060.73,1063.75,win,26.899999999999817,71.00400000000018,1
15074,15075,15076,long,1072.56,1065.4596,loss,-74.30400000000036,71.00400000000018,1
15086,15087,15088,long,1052.11,1055.63,win,31.90000000000209,71.00400000000018,1
15098,15099,15100,long,1065.74,1068.7,win,26.300000000000363,71.00400000000018,1
15110,15111,15112,long,1078.28,1078.03,loss,-5.8,71.00400000000018,1
15122,15123,15124,long,1072.29,1072.94,win,3.2000000000009097,71.00400000000018,1
15134,15135,15136,long,1069.78,1072.75,win,26.400000000000272,71.00400000000018,1
15156,15157,15158,long,1068.62,1071.91,win,29.60000000000191,71.00400000000018,1
15168,15169,15170,long,1068.8,1070.38,win,12.500000000001545,71.00400000000018,1
15180,15181,15182,long,1060.97,1061.82,win,5.199999999999091,71.00400000000018,1
15202,15203,15204,long,1073.44,1076.16,win,23.900000000000272,71.00400000000018,1
15214,15215,15216,long,1077.21,1075.73,loss,-18.100000000000183,71.00400000000018,1
15226,15227,15228,long,1093.88,1097.07,win,28.59999999999827,71.00400000000018,1
15238,15239,15240,long,1108.82,1101.7196,loss,-74.30400000000036,71.00400000000018,1
15250,15251,15252,long,1103.79,1105.4,win,12.800000000001273,71.00400000000018,1
15262,15263,15264,long,1094.2,1095.21,win,6.799999999999909,71.00400000000018,1
15274,15275,15276,long,1086.91,1085.42,loss,-18.20000000000009,71.00400000000018,1
15286,15287,15288,long,1093.44,1092.38,loss,-13.899999999999455,71.00400000000018,1
15298,15299,15300,long,1078.86,1078.19,loss,-9.999999999998455,71.00400000000018,1
15310,15311,15312,long,1089.15,1091.06,win,15.799999999998544,71.00400000000018,1
15332,15333,15334,long,1087.29,1091.43,win,38.100000000001,71.00400000000018,1
15344,15345,15346,long,1100.63,1099.62,loss,-13.400000000002183,71.00400000000018,1
15356,15357,15358,long,1101.18,1099.33,loss,-21.800000000001365,71.00400000000018,1
15368,15369,15370,long,1097.24,1099.97,win,24.00000000000018,71.00400000000018,1
15380,15381,15382,long,1107.93,1109.7,win,14.399999999999817,71.00400000000018,1
15392,15393,15394,long,1119.43,1119.96,win,1.9999999999997273,71.00400000000018,1
15404,15405,15406,long,1125.61,1119.55,loss,-63.89999999999945,71.00400000000018,1
15416,15417,15418,long,1114.27,1115.85,win,12.499999999999272,71.00400000000018,1
15428,15429,15430,long,1117.49,1120.16,win,23.400000000000727,71.00400000000018,1
15440,15441,15442,long,1127.98,1127.26,loss,-10.500000000000274,71.00400000000018,1
15452,15453,15454,long,1128.82,1127.95,loss,-11.99999999999891,71.00400000000018,1
15464,15465,15466,long,1141.71,1141.2,loss,-8.39999999999991,71.00400000000018,1
15476,15477,15478,long,1154.98,1154.18,loss,-11.299999999999546,71.00400000000018,1
15488,15489,15489,long,1173.34,1166.2395999999999,loss,-74.30400000000036,71.00400000000018,0
15500,15501,15502,long,1188.72,1193.32,win,42.69999999999909,71.00400000000018,1
15512,15513,15514,long,1188.99,1193.06,win,37.399999999999366,71.00400000000018,1
15524,15525,15526,long,1197.07,1207.7205999999999,win,103.2059999999994,71.00400000000018,1
15536,15537,15538,long,1246.23,1239.1296,loss,-74.30400000000036,71.00400000000018,1
15548,15549,15550,long,1235.49,1228.3896,loss,-74.30400000000036,71.00400000000018,1
15570,15571,15572,long,1201.16,1201.87,win,3.7999999999980902,71.00400000000018,1
15582,15583,15584,long,1208.75,1208.53,loss,-5.500000000000273,71.00400000000018,1
15594,15595,15596,long,1230.51,1226.42,loss,-44.19999999999918,71.00400000000018,1
15606,15607,15608,long,1225.32,1222.86,loss,-27.900000000000365,71.00400000000018,1
15618,15619,15620,long,1208.28,1215.37,win,67.59999999999918,71.00400000000018,1
15630,15631,15632,long,1225.3,1225.19,loss,-4.399999999998999,71.00400000000018,1
15642,15643,15644,long,1227.97,1235.61,win,73.09999999999873,71.00400000000018,1
15654,15655,15656,long,1231.45,1238.08,win,62.99999999999882,71.00400000000018,1
15666,15667,15668,long,1222.48,1225.7,win,28.900000000000272,71.00400000000018,1
15678,15679,15680,long,1237.98,1246.43,win,81.20000000000046,71.00400000000018,1
15690,15691,15692,long,1231.38,1228.17,loss,-35.40000000000036,71.00400000000018,1
15702,15703,15704,long,1239.64,1238.81,loss,-11.600000000001547,71.00400000000018,1
15714,15715,15716,long,1263.55,1256.4496,loss,-74.30400000000036,71.00400000000018,1
15726,15727,15728,long,1259.57,1261.98,win,20.800000000000818,71.00400000000018,1
15738,15739,15740,long,1266.9,1270.78,win,35.49999999999882,71.00400000000018,1
15750,15751,15752,long,1261.08,1253.9796,loss,-74.30400000000036,71.00400000000018,1
15762,15763,15764,long,1252.47,1250.03,loss,-27.700000000000546,71.00400000000018,1
15774,15775,15776,long,1270.85,1281.5005999999998,win,103.2059999999994,71.00400000000018,1
15786,15787,15788,long,1249.13,1254.68,win,52.19999999999955,71.00400000000018,1
15798,15799,15800,long,1234.13,1227.0296,loss,-74.30400000000036,71.00400000000018,1
15810,15811,15812,long,1232.5,1232.38,loss,-4.499999999998908,71.00400000000018,1
15822,15823,15824,long,1260.92,1255.11,loss,-61.400000000001725,71.00400000000018,1
15834,15835,15836,long,1256.9,1264.42,win,71.89999999999982,71.00400000000018,1
15846,15847,15848,long,1253.82,1252.21,loss,-19.399999999999,71.00400000000018,1
15858,15859,15860,long,1243.69,1243.77,loss,-2.5000000000007274,71.00400000000018,1
15870,15871,15872,long,1247.53,1244.74,loss,-31.199999999999637,71.00400000000018,1
15882,15883,15884,long,1220.55,1217.09,loss,-37.90000000000036,71.00400000000018,1
15894,15895,15896,long,1215.45,1214.0,loss,-17.800000000000455,71.00400000000018,1
15907,15908,15909,long,1221.22,1221.78,win,2.2999999999994545,71.00400000000018,1
15919,15920,15921,long,1240.78,1240.32,loss,-7.900000000000364,71.00400000000018,1
15931,15932,15933,long,1225.16,1225.48,loss,-0.10000000000063647,71.00400000000018,1
15943,15944,15945,long,1232.21,1231.79,loss,-7.500000000000727,71.00400000000018,1
15955,15956,15957,long,1220.0,1222.17,win,18.400000000000727,71.00400000000018,1
15967,15968,15969,long,1215.19,1218.93,win,34.100000000000094,71.00400000000018,1
15979,15980,15981,long,1230.95,1231.22,loss,-0.6000000000001817,71.00400000000018,1
15991,15992,15993,long,1222.64,1224.41,win,14.399999999999817,71.00400000000018,1
16003,16004,16005,long,1239.0,1237.56,loss,-17.700000000000546,71.00400000000018,1
16015,16016,16017,long,1239.63,1245.41,win,54.49999999999973,71.00400000000018,1
16027,16028,16029,long,1257.82,1255.82,loss,-23.3,71.00400000000018,1
16039,16040,16041,long,1255.04,1255.14,loss,-2.2999999999986356,71.00400000000018,1
16051,16052,16053,long,1241.8,1234.6996,loss,-74.30400000000036,71.00400000000018,1
16063,16064,16065,long,1226.8,1225.9,loss,-12.299999999998636,71.00400000000018,1
16075,16076,16077,long,1234.56,1236.29,win,14.000000000000181,71.00400000000018,1
16087,16088,16089,long,1232.14,1229.57,loss,-29.000000000001638,71.00400000000018,1
16099,16100,16101,long,1249.03,1250.49,win,11.300000000000363,71.00400000000018,1
16111,16112,16113,long,1242.59,1244.82,win,19.00000000000018,71.00400000000018,1
16123,16124,16125,long,1246.77,1246.64,loss,-4.5999999999988175,71.00400000000018,1
16135,16136,16137,long,1232.22,1233.47,win,9.2,71.00400000000018,1
16146,16147,16148,long,1237.74,1238.58,win,5.099999999999182,71.00400000000018,1
16158,16159,16160,long,1243.45,1245.14,win,13.600000000000545,71.00400000000018,1
16170,16171,16172,long,1245.41,1244.07,loss,-16.700000000001456,71.00400000000018,1
16182,16183,16184,long,1266.09,1267.43,win,10.100000000001454,71.00400000000018,1
16194,16195,16196,long,1290.47,1294.12,win,33.19999999999864,71.00400000000018,1
16206,16207,16208,long,1291.08,1291.57,win,1.6000000000000911,71.00400000000018,1
16218,16219,16220,long,1285.1,1285.68,win,2.5000000000015463,71.00400000000018,1
16230,16231,16232,long,1278.96,1281.58,win,22.899999999998908,71.00400000000018,1
16242,16243,16244,long,1277.12,1278.73,win,12.800000000001273,71.00400000000018,1
16254,16255,16256,long,1284.12,1285.43,win,9.800000000001727,71.00400000000018,1
16266,16267,16268,long,1263.8,1260.96,loss,-31.699999999999182,71.00400000000018,1
16278,16279,16280,long,1265.57,1266.3,win,4.000000000000182,71.00400000000018,1
16290,16291,16292,long,1277.22,1278.28,win,7.2999999999994545,71.00400000000018,1
16302,16303,16304,long,1263.38,1267.5,win,37.89999999999891,71.00400000000018,1
16314,16315,16316,long,1271.45,1273.54,win,17.59999999999918,71.00400000000018,1
16326,16327,16328,long,1273.28,1276.16,win,25.50000000000109,71.00400000000018,1
16338,16339,16340,long,1278.97,1279.9,win,6.000000000000637,71.00400000000018,1
16350,16351,16352,long,1257.83,1259.72,win,15.600000000001,71.00400000000018,1
16362,16363,16364,long,1254.51,1256.51,win,16.7,71.00400000000018,1
16374,16375,16376,long,1250.13,1253.8,win,33.39999999999846,71.00400000000018,1
16386,16387,16388,long,1248.65,1248.33,loss,-6.500000000001637,71.00400000000018,1
16398,16399,16400,long,1226.82,1227.3,win,1.500000000000182,71.00400000000018,1
16410,16411,16412,long,1223.06,1226.65,win,32.60000000000146,71.00400000000018,1
16422,16423,16424,long,1219.46,1222.93,win,31.400000000000272,71.00400000000018,1
16434,16435,16436,long,1212.29,1205.1896,loss,-74.30400000000036,71.00400000000018,1
16455,16456,16457,long,1214.08,1217.54,win,31.300000000000363,71.00400000000018,1
16467,16468,16469,long,1213.39,1212.85,loss,-8.70000000000191,71.00400000000018,1
16479,16480,16481,long,1210.61,1208.02,loss,-29.199999999999182,71.00400000000018,1
16491,16492,16493,long,1242.66,1245.14,win,21.50000000000018,71.00400000000018,1
16503,16504,16505,long,1244.93,1245.97,win,7.099999999999636,71.00400000000018,1
16515,16516,16517,long,1243.95,1243.17,loss,-11.099999999999728,71.00400000000018,1
16527,16528,16529,long,1261.87,1261.85,loss,-3.499999999999818,71.00400000000018,1
16539,16540,16541,long,1268.8,1266.74,loss,-23.899999999999455,71.00400000000018,1
16551,16552,16553,long,1274.74,1275.94,win,8.700000000000454,71.00400000000018,1
16563,16564,16565,long,1282.18,1283.15,win,6.400000000000273,71.00400000000018,1
16575,16576,16577,long,1284.8,1283.63,loss,-14.999999999998455,71.00400000000018,1
16587,16588,16589,long,1291.87,1296.0,win,38.000000000001094,71.00400000000018,1
16599,16600,16601,long,1277.93,1282.73,win,44.69999999999955,71.00400000000018,1
16611,16612,16612,long,1288.58,1281.4796,loss,-74.30400000000036,71.00400000000018,0
16623,16624,16625,long,1289.78,1290.89,win,7.8000000000012735,71.00400000000018,1
16635,16636,16637,long,1267.9,1268.27,win,0.3999999999989088,71.00400000000018,1
16647,16648,16649,long,1262.78,1262.49,loss,-6.199999999999636,71.00400000000018,1
16659,16660,16661,long,1251.26,1261.9106,win,103.2059999999994,71.00400000000018,1
16671,16672,16673,long,1319.57,1330.2205999999999,win,103.2059999999994,71.00400000000018,1
16683,16684,16685,long,1323.98,1324.21,loss,-0.9999999999998179,71.00400000000018,1
16695,16696,16697,long,1310.09,1315.83,win,54.100000000000094,71.00400000000018,1
16707,16708,16709,long,1317.17,1314.78,loss,-27.200000000001,71.00400000000018,1
16719,16720,16721,long,1321.82,1321.41,loss,-7.399999999998545,71.00400000000018,1
16731,16732,16733,long,1341.33,1341.09,loss,-5.700000000000091,71.00400000000018,1
16753,16754,16755,long,1355.13,1363.01,win,75.49999999999882,71.00400000000018,1
16765,16766,16767,long,1363.09,1367.75,win,43.30000000000082,71.00400000000018,1
16777,16778,16779,long,1359.26,1358.22,loss,-13.699999999999637,71.00400000000018,1
16789,16790,16791,long,1367.13,1364.77,loss,-26.900000000001274,71.00400000000018,1
16801,16802,16803,long,1355.07,1353.17,loss,-22.299999999998636,71.00400000000018,1
16813,16814,16815,long,1332.88,1332.01,loss,-12.000000000001183,71.00400000000018,1
16825,16826,16827,long,1343.47,1346.15,win,23.500000000000636,71.00400000000018,1
16837,16838,16839,long,1335.79,1332.34,loss,-37.80000000000045,71.00400000000018,1
16849,16850,16851,long,1331.53,1332.31,win,4.499999999999727,71.00400000000018,1
16861,16862,16863,long,1328.07,1328.7,win,3.0000000000010916,71.00400000000018,1
16873,16874,16875,long,1331.28,1332.8,win,11.899999999999817,71.00400000000018,1
16885,16886,16887,long,1315.83,1311.74,loss,-44.19999999999918,71.00400000000018,1
16897,16898,16899,long,1330.66,1331.67,win,6.799999999999909,71.00400000000018,1
16909,16910,16911,long,1321.98,1315.54,loss,-67.70000000000054,71.00400000000018,1
16921,16922,16923,long,1315.01,1320.04,win,46.99999999999973,71.00400000000018,1
16933,16934,16935,long,1318.87,1316.82,loss,-23.799999999999546,71.00400000000018,1
16945,16946,16947,long,1338.33,1339.0,win,3.4000000000007278,71.00400000000018,1
16957,16958,16959,long,1335.28,1338.19,win,25.800000000000818,71.00400000000018,1
16969,16970,16971,long,1348.38,1346.74,loss,-19.700000000001,71.00400000000018,1
16981,16982,16983,long,1353.09,1352.29,loss,-11.299999999999546,71.00400000000018,1
16993,16994,16995,long,1362.89,1364.19,win,9.699999999999545,71.00400000000018,1
17005,17006,17007,long,1357.91,1356.0,loss,-22.40000000000082,71.00400000000018,1
17017,17018,17019,long,1360.21,1360.11,loss,-4.300000000001364,71.00400000000018,1
17029,17030,17031,long,1335.03,1334.14,loss,-12.199999999998727,71.00400000000018,1
17041,17042,17043,long,1334.59,1335.57,win,6.500000000000182,71.00400000000018,1
17053,17054,17055,long,1340.08,1345.79,win,53.80000000000037,71.00400000000018,1
17065,17066,17067,long,1345.83,1345.73,loss,-4.29999999999909,71.00400000000018,1
17077,17078,17079,long,1338.43,1336.63,loss,-21.299999999999546,71.00400000000018,1
17089,17090,17091,long,1338.06,1336.84,loss,-15.500000000000274,71.00400000000018,1
17101,17102,17103,long,1339.37,1345.68,win,59.80000000000173,71.00400000000018,1
17113,17114,17115,long,1344.73,1346.69,win,16.300000000000363,71.00400000000018,1
17125,17126,17127,long,1348.65,1351.86,win,28.79999999999809,71.00400000000018,1
17137,17138,17139,long,1351.93,1347.22,loss,-50.40000000000036,71.00400000000018,1
17149,17150,17151,long,1340.05,1336.04,loss,-43.399999999999906,71.00400000000018,1
17161,17162,17163,long,1338.53,1338.95,win,0.9000000000007278,71.00400000000018,1
17173,17174,17175,long,1337.3,1338.65,win,10.200000000001364,71.00400000000018,1
17185,17186,17187,long,1323.92,1326.13,win,18.800000000000363,71.00400000000018,1
17197,17198,17199,long,1321.44,1322.76,win,9.899999999999363,71.00400000000018,1
17209,17210,17211,long,1320.43,1319.38,loss,-13.799999999999546,71.00400000000018,1
17221,17222,17223,long,1322.03,1323.77,win,14.10000000000009,71.00400000000018,1
17233,17234,17235,long,1311.62,1311.32,loss,-6.299999999999545,71.00400000000018,1
17245,17246,17247,long,1308.06,1309.94,win,15.50000000000109,71.00400000000018,1
17257,17258,17259,long,1314.12,1314.93,win,4.800000000001728,71.00400000000018,1
17269,17270,17271,long,1323.81,1323.22,loss,-9.199999999999182,71.00400000000018,1
17291,17292,17293,long,1348.38,1350.09,win,13.79999999999809,71.00400000000018,1
17303,17304,17305,long,1344.84,1346.18,win,10.100000000001454,71.00400000000018,1
17315,17316,17317,long,1337.44,1337.11,loss,-6.600000000001546,71.00400000000018,1
17327,17328,17329,long,1327.53,1328.08,win,2.1999999999995454,71.00400000000018,1
17339,17340,17341,long,1327.81,1328.55,win,4.100000000000091,71.00400000000018,1
17351,17352,17353,long,1318.95,1318.73,loss,-5.500000000000273,71.00400000000018,1
17363,17364,17365,long,1321.38,1322.86,win,11.499999999997907,71.00400000000018,1
17375,17376,17377,long,1315.29,1315.91,win,2.9000000000011825,71.00400000000018,1
17387,17388,17389,long,1309.38,1310.28,win,5.699999999998636,71.00400000000018,1
17399,17400,17401,long,1312.81,1314.5,win,13.600000000000545,71.00400000000018,1
17411,17412,17413,long,1314.49,1315.16,win,3.4000000000007278,71.00400000000018,1
17423,17424,17425,long,1334.49,1334.13,loss,-6.899999999998999,71.00400000000018,1
17435,17436,17437,long,1336.14,1336.61,win,1.3999999999979993,71.00400000000018,1
17447,17448,17449,long,1335.76,1337.39,win,13.00000000000109,71.00400000000018,1
17454,17455,17456,long,1337.67,1337.41,loss,-5.899999999999909,71.00400000000018,1
17466,17467,17468,long,1326.54,1326.23,loss,-6.399999999999454,71.00400000000018,1
17478,17479,17480,long,1321.46,1324.18,win,23.900000000000272,71.00400000000018,1
17490,17491,17492,long,1320.18,1323.33,win,28.199999999998635,71.00400000000018,1
17502,17503,17504,long,1318.34,1318.67,win,1.546318628697918e-12,71.00400000000018,1
17514,17515,17516,long,1311.56,1310.19,loss,-16.99999999999891,71.00400000000018,1
17526,17527,17528,long,1268.36,1270.98,win,22.90000000000118,71.00400000000018,1
17538,17539,17540,long,1266.79,1268.18,win,10.600000000001,71.00400000000018,1
17550,17551,17552,long,1254.91,1255.95,win,7.099999999999636,71.00400000000018,1
17562,17563,17564,long,1256.94,1261.64,win,43.70000000000046,71.00400000000018,1
17574,17575,17576,long,1258.73,1256.62,loss,-24.400000000001274,71.00400000000018,1
17586,17587,17588,long,1249.84,1253.59,win,34.2,71.00400000000018,1
17598,17599,17600,long,1255.45,1253.65,loss,-21.299999999999546,71.00400000000018,1
17610,17611,17612,long,1257.76,1256.97,loss,-11.199999999999637,71.00400000000018,1
17622,17623,17624,long,1251.28,1251.66,win,0.5000000000010916,71.00400000000018,1
17634,17635,17636,long,1254.5,1255.85,win,10.19999999999909,71.00400000000018,1
17646,17647,17648,long,1261.48,1263.47,win,16.60000000000009,71.00400000000018,1
17658,17659,17660,long,1269.27,1268.79,loss,-8.100000000000183,71.00400000000018,1
17670,17671,17672,long,1265.72,1264.94,loss,-11.099999999999728,71.00400000000018,1
17682,17683,17684,long,1265.66,1266.58,win,5.899999999998454,71.00400000000018,1
17694,17695,17696,long,1264.79,1262.72,loss,-23.999999999999364,71.00400000000018,1
17706,17707,17708,long,1272.87,1275.35,win,21.50000000000018,71.00400000000018,1
17718,17719,17720,long,1266.9,1265.81,loss,-14.200000000001456,71.00400000000018,1
17730,17731,17732,long,1268.05,1268.7,win,3.2000000000009097,71.00400000000018,1
17742,17743,17744,long,1278.0,1276.77,loss,-15.600000000000183,71.00400000000018,1
17754,17755,17756,long,1276.49,1276.49,loss,-3.3,71.00400000000018,1
17766,17767,17768,long,1288.77,1289.04,loss,-0.6000000000001817,71.00400000000018,1
17778,17779,17780,long,1296.56,1300.23,win,33.40000000000073,71.00400000000018,1
17790,17791,17792,long,1302.03,1302.15,loss,-2.0999999999988175,71.00400000000018,1
17802,17803,17804,long,1290.47,1293.53,win,27.299999999999454,71.00400000000018,1
17814,17815,17816,long,1282.08,1283.72,win,13.100000000001,71.00400000000018,1
17826,17827,17828,long,1274.43,1284.86,win,100.99999999999837,71.00400000000018,1
17838,17839,17840,long,1276.93,1286.64,win,93.80000000000037,71.00400000000018,1
17850,17851,17852,long,1259.2,1255.57,loss,-39.60000000000109,71.00400000000018,1
17862,17863,17864,long,1227.76,1220.6596,loss,-74.30400000000036,71.00400000000018,1
17874,17875,17876,long,1221.67,1227.39,win,53.900000000000276,71.00400000000018,1
17886,17887,17888,long,1228.45,1231.1,win,23.199999999998635,71.00400000000018,1
17898,17899,17900,long,1225.19,1227.96,win,24.399999999999817,71.00400000000018,1
17910,17911,17912,long,1216.69,1209.5896,loss,-74.30400000000036,71.00400000000018,1
17922,17923,17924,long,1207.89,1212.51,win,42.89999999999891,71.00400000000018,1
17934,17935,17936,long,1213.23,1219.64,win,60.80000000000082,71.00400000000018,1
17946,17947,17948,long,1212.8,1213.58,win,4.499999999999727,71.00400000000018,1
17958,17959,17960,long,1188.48,1184.54,loss,-42.70000000000054,71.00400000000018,1
17991,17992,17993,long,1193.86,1193.29,loss,-8.999999999999364,71.00400000000018,1
18003,18004,18005,long,1188.46,1193.4,win,46.10000000000055,71.00400000000018,1
18015,18016,18017,long,1173.53,1166.4296,loss,-74.30400000000036,71.00400000000018,1
18027,18028,18029,long,1171.83,1174.53,win,23.700000000000454,71.00400000000018,1
18039,18040,18041,long,1182.86,1175.7595999999999,loss,-74.30400000000036,71.00400000000018,1
18051,18052,18053,long,1169.96,1174.77,win,44.79999999999946,71.00400000000018,1
18063,18064,18065,long,1169.33,1168.86,loss,-8.000000000000274,71.00400000000018,1
18075,18076,18077,long,1174.09,1176.1,win,16.79999999999991,71.00400000000018,1
18087,18088,18089,long,1170.26,1165.91,loss,-46.79999999999909,71.00400000000018,1
18099,18100,18101,long,1159.29,1156.41,loss,-32.099999999998815,71.00400000000018,1
18111,18112,18113,long,1162.71,1163.04,loss,-7.274181257344026e-13,71.00400000000018,1
18123,18124,18125,long,1158.1,1160.38,win,19.500000000002,71.00400000000018,1
18135,18136,18137,long,1142.62,1135.5195999999999,loss,-74.30400000000036,71.00400000000018,1
18147,18148,18149,long,1128.78,1129.85,win,7.3999999999993635,71.00400000000018,1
18159,18160,18161,long,1134.31,1138.36,win,37.19999999999955,71.00400000000018,1
18171,18172,18173,long,1137.93,1138.03,loss,-2.3000000000009093,71.00400000000018,1
18183,18184,18185,long,1132.56,1134.84,win,19.499999999999726,71.00400000000018,1
18195,18196,18197,long,1131.25,1132.24,win,6.600000000000091,71.00400000000018,1
18207,18208,18209,long,1128.14,1129.96,win,14.899999999999363,71.00400000000018,1
18219,18220,18221,long,1133.43,1134.31,win,5.499999999998818,71.00400000000018,1
18231,18232,18233,long,1138.35,1141.72,win,30.40000000000118,71.00400000000018,1
18243,18244,18245,long,1141.93,1146.87,win,46.099999999998275,71.00400000000018,1
18255,18256,18257,long,1157.54,1159.72,win,18.500000000000636,71.00400000000018,1
18267,18268,18269,long,1151.67,1156.09,win,40.89999999999846,71.00400000000018,1
18279,18280,18281,long,1158.5,1157.44,loss,-13.899999999999455,71.00400000000018,1
18291,18292,18293,long,1163.62,1171.21,win,72.60000000000146,71.00400000000018,1
18303,18304,18305,long,1179.87,1177.42,loss,-27.79999999999818,71.00400000000018,1
18315,18316,18317,long,1172.82,1175.46,win,23.100000000001,71.00400000000018,1
18327,18328,18329,long,1182.07,1181.01,loss,-13.899999999999455,71.00400000000018,1
18339,18340,18341,long,1187.47,1187.93,win,1.300000000000364,71.00400000000018,1
18351,18352,18353,long,1190.95,1195.34,win,40.59999999999873,71.00400000000018,1
18363,18364,18365,long,1194.33,1193.19,loss,-14.699999999998727,71.00400000000018,1
18375,18376,18377,long,1199.73,1201.29,win,12.299999999999454,71.00400000000018,1
18397,18398,18399,long,1216.97,1214.44,loss,-28.599999999999728,71.00400000000018,1
18409,18410,18411,long,1203.91,1198.48,loss,-57.600000000000634,71.00400000000018,1
18421,18422,18423,long,1204.44,1207.43,win,26.60000000000009,71.00400000000018,1
18433,18434,18435,long,1210.13,1217.76,win,72.99999999999882,71.00400000000018,1
18445,18446,18447,long,1219.39,1216.84,loss,-28.80000000000182,71.00400000000018,1
18457,18458,18459,long,1209.25,1208.23,loss,-13.499999999999819,71.00400000000018,1
18469,18470,18471,long,1200.62,1200.03,loss,-9.199999999999182,71.00400000000018,1
18481,18482,18483,long,1189.22,1185.98,loss,-35.70000000000009,71.00400000000018,1
18493,18494,18495,long,1192.93,1195.15,win,18.900000000000272,71.00400000000018,1
18505,18506,18507,long,1195.25,1197.51,win,19.29999999999991,71.00400000000018,1
18517,18518,18519,long,1210.43,1209.49,loss,-12.700000000000546,71.00400000000018,1
18529,18530,18531,long,1209.27,1212.84,win,32.399999999999366,71.00400000000018,1
18541,18542,18543,long,1214.64,1215.66,win,6.899999999999818,71.00400000000018,1
18553,18554,18555,long,1220.76,1223.97,win,28.800000000000363,71.00400000000018,1
18565,18566,18567,long,1234.33,1232.01,loss,-26.499999999999364,71.00400000000018,1
18577,18578,18579,long,1233.43,1233.84,win,0.799999999998545,71.00400000000018,1
18589,18590,18591,long,1240.81,1239.69,loss,-14.49999999999891,71.00400000000018,1
18601,18602,18603,long,1227.92,1225.18,loss,-30.70000000000009,71.00400000000018,1
18613,18614,18615,long,1231.66,1231.11,loss,-8.80000000000182,71.00400000000018,1
18625,18626,18627,long,1225.16,1225.24,loss,-2.5000000000007274,71.00400000000018,1
18637,18638,18639,long,1227.9,1226.69,loss,-15.400000000000365,71.00400000000018,1
18649,18650,18651,long,1233.75,1236.15,win,20.70000000000091,71.00400000000018,1
18661,18662,18663,long,1239.28,1237.55,loss,-20.600000000000183,71.00400000000018,1
18673,18674,18675,long,1235.71,1234.3,loss,-17.40000000000082,71.00400000000018,1
18695,18696,18697,long,1235.42,1237.14,win,13.900000000000272,71.00400000000018,1
18707,18708,18709,long,1237.49,1237.07,loss,-7.500000000000727,71.00400000000018,1
18719,18720,18721,long,1249.16,1248.83,loss,-6.600000000001546,71.00400000000018,1
18731,18732,18733,long,1256.62,1257.6,win,6.500000000000182,71.00400000000018,1
18743,18744,18745,long,1252.44,1253.09,win,3.199999999998636,71.00400000000018,1
18755,18756,18757,long,1247.92,1245.04,loss,-32.10000000000109,71.00400000000018,1
18767,18768,18769,long,1249.55,1246.02,loss,-38.599999999999724,71.00400000000018,1
18779,18780,18781,long,1234.12,1233.29,loss,-11.599999999999273,71.00400000000018,1
18791,18792,18793,long,1232.88,1233.52,win,3.099999999998727,71.00400000000018,1
18803,18804,18805,long,1225.33,1226.14,win,4.800000000001728,71.00400000000018,1
18815,18816,18817,long,1215.45,1217.52,win,17.399999999999363,71.00400000000018,1
18827,18828,18829,long,1207.98,1207.05,loss,-12.600000000000637,71.00400000000018,1
18839,18840,18841,long,1200.43,1199.04,loss,-17.200000000001,71.00400000000018,1
18851,18852,18853,long,1205.23,1205.16,loss,-3.999999999999363,71.00400000000018,1
18863,18864,18865,long,1203.75,1204.27,win,1.8999999999998183,71.00400000000018,1
18875,18876,18877,long,1199.13,1200.78,win,13.199999999998635,71.00400000000018,1
18887,18888,18889,long,1218.79,1224.72,win,56.00000000000064,71.00400000000018,1
18899,18900,18901,long,1226.07,1227.05,win,6.500000000000182,71.00400000000018,1
18911,18912,18913,long,1229.35,1233.31,win,36.30000000000037,71.00400000000018,1
18923,18924,18925,long,1234.15,1229.39,loss,-50.899999999999906,71.00400000000018,1
18935,18936,18937,long,1244.18,1244.75,win,2.3999999999993635,71.00400000000018,1
18947,18948,18949,long,1248.34,1245.63,loss,-30.39999999999809,71.00400000000018,1
18959,18960,18961,long,1244.61,1243.7,loss,-12.399999999998546,71.00400000000018,1
18971,18972,18973,long,1248.27,1254.78,win,61.79999999999991,71.00400000000018,1
18983,18984,18985,long,1253.79,1253.63,loss,-4.899999999998545,71.00400000000018,1
18995,18996,18997,long,1250.94,1250.09,loss,-11.800000000001365,71.00400000000018,1
19007,19008,19009,long,1253.19,1251.05,loss,-24.700000000001,71.00400000000018,1
19019,19020,19021,long,1243.31,1242.23,loss,-14.099999999999273,71.00400000000018,1
19031,19032,19033,long,1248.43,1248.57,loss,-1.9000000000012731,71.00400000000018,1
19043,19044,19045,long,1254.65,1256.2,win,12.199999999999545,71.00400000000018,1
19055,19056,19057,long,1255.98,1255.83,loss,-4.800000000000909,71.00400000000018,1
19067,19068,19069,long,1256.09,1256.58,win,1.6000000000000911,71.00400000000018,1
19079,19080,19081,long,1251.61,1251.05,loss,-8.899999999999455,71.00400000000018,1
19091,19092,19093,long,1253.99,1253.31,loss,-10.100000000000637,71.00400000000018,1
19103,19104,19105,long,1254.97,1255.14,loss,-1.5999999999992722,71.00400000000018,1
19115,19116,19117,long,1273.97,1276.58,win,22.799999999999,71.00400000000018,1
19127,19128,19129,long,1285.88,1286.81,win,5.999999999998363,71.00400000000018,1
19139,19140,19141,long,1292.14,1294.14,win,16.7,71.00400000000018,1
19151,19152,19153,long,1284.67,1283.9,loss,-10.999999999999819,71.00400000000018,1
19163,19164,19165,long,1289.45,1288.36,loss,-14.200000000001456,71.00400000000018,1
19175,19176,19177,long,1279.61,1278.73,loss,-12.099999999998818,71.00400000000018,1
19187,19188,19189,long,1281.63,1281.42,loss,-5.400000000000364,71.00400000000018,1
19199,19200,19201,long,1268.1,1272.6,win,41.7,71.00400000000018,1
19211,19212,19213,long,1276.66,1276.28,loss,-7.100000000001091,71.00400000000018,1
19223,19224,19225,long,1263.47,1262.17,loss,-16.299999999999546,71.00400000000018,1
19235,19236,19237,long,1268.75,1268.17,loss,-9.099999999999273,71.00400000000018,1
19247,19248,19249,long,1264.18,1263.82,loss,-6.900000000001273,71.00400000000018,1
19259,19260,19261,long,1268.36,1267.24,loss,-14.49999999999891,71.00400000000018,1
19271,19272,19273,long,1256.16,1256.4,loss,-0.8999999999999089,71.00400000000018,1
19283,19284,19285,long,1256.61,1256.53,loss,-4.099999999999272,71.00400000000018,1
19295,19296,19297,long,1238.57,1238.88,loss,-0.19999999999827178,71.00400000000018,1
19307,19308,19309,long,1228.59,1228.63,loss,-2.89999999999809,71.00400000000018,1
19319,19320,19321,long,1225.03,1232.41,win,70.5000000000011,71.00400000000018,1
19331,19332,19333,long,1225.98,1227.16,win,8.500000000000636,71.00400000000018,1
19343,19344,19345,long,1221.57,1223.22,win,13.200000000000909,71.00400000000018,1
19355,19356,19357,long,1218.88,1218.49,loss,-7.200000000001,71.00400000000018,1
19367,19368,19369,long,1225.07,1224.63,loss,-7.699999999998272,71.00400000000018,1
19379,19380,19381,long,1229.53,1228.16,loss,-16.99999999999891,71.00400000000018,1
19391,19392,19393,long,1231.14,1230.97,loss,-5.000000000000727,71.00400000000018,1
19403,19404,19405,long,1236.97,1242.85,win,55.49999999999882,71.00400000000018,1
19415,19416,19417,long,1261.21,1260.5,loss,-10.400000000000365,71.00400000000018,1
19427,19428,19429,long,1246.49,1249.24,win,24.2,71.00400000000018,1
19439,19440,19441,long,1256.01,1255.22,loss,-11.199999999999637,71.00400000000018,1
19451,19452,19453,long,1260.08,1261.74,win,13.300000000000818,71.00400000000018,1
19463,19464,19465,long,1251.3,1252.73,win,11.000000000000636,71.00400000000018,1
19475,19476,19477,long,1257.97,1256.65,loss,-16.499999999999364,71.00400000000018,1
19487,19488,19489,long,1255.13,1254.71,loss,-7.500000000000727,71.00400000000018,1
19499,19500,19501,long,1266.59,1266.66,loss,-2.5999999999983627,71.00400000000018,1
19521,19522,19523,long,1263.2,1261.45,loss,-20.8,71.00400000000018,1
19533,19534,19535,long,1268.75,1267.16,loss,-19.199999999999182,71.00400000000018,1
19545,19546,19547,long,1265.8,1263.4,loss,-27.299999999998636,71.00400000000018,1
19557,19558,19559,long,1278.63,1280.12,win,11.599999999997817,71.00400000000018,1
19569,19570,19571,long,1279.4,1280.81,win,10.799999999998544,71.00400000000018,1
19581,19582,19583,long,1294.52,1292.78,loss,-20.70000000000009,71.00400000000018,1
19593,19594,19595,long,1286.67,1285.26,loss,-17.40000000000082,71.00400000000018,1
19605,19606,19607,long,1279.24,1278.52,loss,-10.500000000000274,71.00400000000018,1
19616,19617,19618,long,1266.24,1269.6,win,30.299999999999,71.00400000000018,1
19628,19629,19630,long,1265.36,1265.0,loss,-6.899999999998999,71.00400000000018,1
19640,19641,19642,long,1266.35,1268.35,win,16.7,71.00400000000018,1
19648,19649,19650,long,1264.98,1264.31,loss,-10.000000000000728,71.00400000000018,1
19658,19659,19660,long,1254.17,1253.96,loss,-5.400000000000364,71.00400000000018,1
19675,19676,19677,long,1243.4,1243.86,win,1.2999999999980902,71.00400000000018,1
19687,19688,19689,long,1242.86,1245.04,win,18.500000000000636,71.00400000000018,1
19699,19700,19701,long,1246.14,1247.19,win,7.199999999999545,71.00400000000018,1
19703,19704,19705,long,1250.18,1250.91,win,4.000000000000182,71.00400000000018,1
19713,19714,19715,long,1257.7,1255.91,loss,-21.199999999999637,71.00400000000018,1
19726,19727,19728,long,1246.61,1249.24,win,23.00000000000109,71.00400000000018,1
19738,19739,19740,long,1249.13,1249.71,win,2.4999999999992726,71.00400000000018,1
19750,19751,19752,long,1245.27,1245.06,loss,-5.400000000000364,71.00400000000018,1
19762,19763,19764,long,1241.47,1240.35,loss,-14.500000000001183,71.00400000000018,1
19774,19775,19776,long,1220.0,1218.13,loss,-21.99999999999891,71.00400000000018,1
19780,19781,19782,long,1226.33,1227.26,win,6.000000000000637,71.00400000000018,1
19792,19793,19794,long,1224.75,1224.64,loss,-4.399999999998999,71.00400000000018,1
19810,19811,19812,long,1214.22,1212.61,loss,-19.400000000001274,71.00400000000018,1
19822,19823,19824,long,1216.18,1219.13,win,26.200000000000454,71.00400000000018,1
19833,19834,19835,long,1220.6,1223.1,win,21.7,71.00400000000018,1
19843,19844,19845,long,1217.38,1216.86,loss,-8.500000000002093,71.00400000000018,1
19853,19854,19855,long,1228.7,1231.08,win,20.499999999998817,71.00400000000018,1
19865,19866,19867,long,1233.67,1235.09,win,10.899999999998453,71.00400000000018,1
19877,19878,19879,long,1242.31,1242.28,loss,-3.599999999999727,71.00400000000018,1
19889,19890,19891,long,1240.88,1240.44,loss,-7.7000000000005455,71.00400000000018,1
19901,19902,19903,long,1244.18,1243.81,loss,-7.000000000001182,71.00400000000018,1
19913,19914,19915,long,1254.89,1255.7,win,4.7999999999994545,71.00400000000018,1
19923,19924,19925,long,1255.17,1253.34,loss,-21.600000000001547,71.00400000000018,1
19935,19936,19937,long,1250.12,1248.8,loss,-16.499999999999364,71.00400000000018,1
19958,19959,19960,long,1269.19,1268.65,loss,-8.699999999999637,71.00400000000018,1
19970,19971,19972,long,1268.62,1267.77,loss,-11.799999999999091,71.00400000000018,1
19985,19986,19987,long,1268.57,1268.93,win,0.30000000000127347,71.00400000000018,1
20005,20006,20007,long,1257.03,1258.09,win,7.2999999999994545,71.00400000000018,1
20015,20016,20017,long,1260.98,1265.15,win,38.40000000000073,71.00400000000018,1
20027,20028,20029,long,1276.78,1275.6,loss,-15.100000000000637,71.00400000000018,1
20039,20040,20041,long,1289.57,1286.72,loss,-31.79999999999909,71.00400000000018,1
20051,20052,20053,long,1281.51,1278.23,loss,-36.099999999999724,71.00400000000018,1
20062,20063,20064,long,1271.87,1271.82,loss,-3.799999999999545,71.00400000000018,1
20074,20075,20076,long,1283.18,1287.29,win,37.799999999999,71.00400000000018,1
20085,20086,20087,long,1288.16,1287.68,loss,-8.100000000000183,71.00400000000018,1
20094,20095,20096,long,1283.77,1283.04,loss,-10.600000000000183,71.00400000000018,1
20106,20107,20108,long,1290.73,1290.11,loss,-9.500000000001183,71.00400000000018,1
20118,20119,20120,long,1284.68,1283.0,loss,-20.100000000000637,71.00400000000018,1
20130,20131,20132,long,1290.48,1288.13,loss,-26.79999999999909,71.00400000000018,1
20142,20143,20144,long,1285.83,1285.56,loss,-5.999999999999818,71.00400000000018,1
20154,20155,20156,long,1292.76,1293.55,win,4.599999999999636,71.00400000000018,1
20192,20193,20194,long,1339.45,1340.53,win,7.499999999999273,71.00400000000018,1
20204,20205,20206,long,1334.08,1333.33,loss,-10.8,71.00400000000018,1
20216,20217,20218,long,1348.7,1349.48,win,4.499999999999727,71.00400000000018,1
20228,20229,20230,long,1334.66,1337.22,win,22.299999999999454,71.00400000000018,1
20240,20241,20242,long,1327.36,1324.98,loss,-27.09999999999882,71.00400000000018,1
20254,20255,20256,long,1322.83,1319.99,loss,-31.699999999999182,71.00400000000018,1
20266,20267,20268,long,1329.01,1331.63,win,22.90000000000118,71.00400000000018,1
20278,20279,20280,long,1319.45,1317.17,loss,-26.099999999999728,71.00400000000018,1
20290,20291,20292,long,1307.41,1308.69,win,9.499999999999726,71.00400000000018,1
20302,20303,20304,long,1310.87,1310.1,loss,-10.999999999999819,71.00400000000018,1
20325,20326,20327,long,1309.99,1309.79,loss,-5.300000000000455,71.00400000000018,1
20347,20348,20349,long,1270.73,1269.93,loss,-11.299999999999546,71.00400000000018,1
20359,20360,20361,long,1271.22,1275.22,win,36.7,71.00400000000018,1
20371,20372,20373,long,1275.15,1274.44,loss,-10.400000000000365,71.00400000000018,1
20380,20381,20382,long,1268.51,1268.79,loss,-0.5000000000002727,71.00400000000018,1
20392,20393,20394,long,1275.66,1275.88,loss,-1.099999999999727,71.00400000000018,1
20404,20405,20406,long,1283.81,1283.03,loss,-11.099999999999728,71.00400000000018,1
20415,20416,20417,long,1288.28,1290.04,win,14.299999999999908,71.00400000000018,1
20427,20428,20429,long,1291.58,1293.38,win,14.700000000001818,71.00400000000018,1
20439,20440,20441,long,1293.51,1294.21,win,3.700000000000455,71.00400000000018,1
20451,20452,20453,long,1302.51,1302.31,loss,-5.300000000000455,71.00400000000018,1
20463,20464,20465,long,1295.56,1293.68,loss,-22.09999999999882,71.00400000000018,1
20475,20476,20477,long,1284.85,1286.55,win,13.700000000000454,71.00400000000018,1
20487,20488,20489,long,1281.02,1281.09,loss,-2.6000000000006365,71.00400000000018,1
20499,20500,20501,long,1289.63,1289.25,loss,-7.100000000001091,71.00400000000018,1
20511,20512,20513,long,1277.4,1275.88,loss,-18.49999999999982,71.00400000000018,1
20523,20524,20525,long,1281.86,1282.84,win,6.500000000000182,71.00400000000018,1
20535,20536,20537,long,1276.51,1275.82,loss,-10.200000000000546,71.00400000000018,1
20547,20548,20549,long,1277.42,1279.11,win,13.599999999998271,71.00400000000018,1
20559,20560,20561,long,1267.63,1266.78,loss,-11.800000000001365,71.00400000000018,1
20571,20572,20573,long,1273.19,1271.9,loss,-16.199999999999637,71.00400000000018,1
20583,20584,20585,long,1276.17,1276.04,loss,-4.600000000001091,71.00400000000018,1
20595,20596,20597,long,1270.7,1268.11,loss,-29.200000000001456,71.00400000000018,1
20607,20608,20609,long,1274.4,1277.3,win,25.699999999998635,71.00400000000018,1
20619,20620,20621,long,1276.04,1277.2,win,8.300000000000818,71.00400000000018,1
20631,20632,20633,long,1270.55,1268.37,loss,-25.100000000000637,71.00400000000018,1
20643,20644,20645,long,1281.43,1278.74,loss,-30.200000000000546,71.00400000000018,1
20655,20656,20657,long,1276.07,1276.78,win,3.800000000000364,71.00400000000018,1
20667,20668,20669,long,1281.7,1281.3,loss,-7.300000000000909,71.00400000000018,1
20679,20680,20681,long,1284.87,1285.57,win,3.700000000000455,71.00400000000018,1
20691,20692,20693,long,1275.02,1276.13,win,7.8000000000012735,71.00400000000018,1
20703,20704,20705,long,1277.94,1276.79,loss,-14.80000000000091,71.00400000000018,1
20715,20716,20717,long,1279.93,1281.88,win,16.200000000000454,71.00400000000018,1
20727,20728,20729,long,1277.97,1278.78,win,4.7999999999994545,71.00400000000018,1
20739,20740,20741,long,1278.15,1283.09,win,46.099999999998275,71.00400000000018,1
20751,20752,20753,long,1292.31,1292.07,loss,-5.700000000000091,71.00400000000018,1
20763,20764,20765,long,1277.02,1279.38,win,20.300000000001273,71.00400000000018,1
20775,20776,20777,long,1280.77,1281.18,win,0.8000000000008187,71.00400000000018,1
20787,20788,20789,long,1291.49,1289.65,loss,-21.699999999999182,71.00400000000018,1
20820,20821,20822,long,1294.47,1293.54,loss,-12.600000000000637,71.00400000000018,1
20832,20833,20834,long,1293.38,1293.11,loss,-6.000000000002092,71.00400000000018,1
20844,20845,20846,long,1283.85,1284.03,loss,-1.4999999999993632,71.00400000000018,1
20856,20857,20858,long,1274.69,1276.22,win,11.999999999999726,71.00400000000018,1
20868,20869,20870,long,1272.8,1275.32,win,21.899999999999817,71.00400000000018,1
20880,20881,20882,long,1276.28,1275.86,loss,-7.500000000000727,71.00400000000018,1
20892,20893,20894,long,1265.84,1264.86,loss,-13.100000000000183,71.00400000000018,1
20904,20905,20906,long,1263.49,1262.81,loss,-10.100000000000637,71.00400000000018,1
20916,20917,20918,long,1247.31,1247.91,win,2.7000000000013644,71.00400000000018,1
20928,20929,20930,long,1247.7,1248.07,win,0.3999999999989088,71.00400000000018,1
20940,20941,20942,long,1241.69,1244.33,win,23.099999999998726,71.00400000000018,1
20952,20953,20954,long,1243.9,1242.83,loss,-14.000000000001638,71.00400000000018,1
20964,20965,20966,long,1254.98,1257.88,win,25.70000000000091,71.00400000000018,1
20976,20977,20978,long,1252.71,1254.03,win,9.899999999999363,71.00400000000018,1
20988,20989,20990,long,1254.28,1253.5,loss,-11.099999999999728,71.00400000000018,1
21000,21001,21002,long,1261.54,1260.5,loss,-13.699999999999637,71.00400000000018,1
21012,21013,21014,long,1261.51,1263.94,win,21.000000000000636,71.00400000000018,1
21024,21025,21026,long,1265.55,1267.7,win,18.20000000000091,71.00400000000018,1
21036,21037,21038,long,1266.44,1265.84,loss,-9.300000000001365,71.00400000000018,1
21048,21049,21050,long,1278.14,1277.79,loss,-6.800000000001364,71.00400000000018,1
21056,21057,21058,long,1282.66,1281.76,loss,-12.30000000000091,71.00400000000018,1
21068,21069,21070,long,1287.02,1287.73,win,3.800000000000364,71.00400000000018,1
21080,21081,21082,long,1294.29,1295.54,win,9.2,71.00400000000018,1
21092,21093,21094,long,1309.81,1312.08,win,19.399999999999817,71.00400000000018,1
21100,21101,21102,long,1317.41,1318.12,win,3.7999999999980902,71.00400000000018,1
21112,21113,21114,long,1312.89,1305.7896,loss,-74.30400000000036,71.00400000000018,1
21124,21125,21126,long,1322.68,1321.87,loss,-11.400000000001729,71.00400000000018,1
21136,21137,21138,long,1320.63,1320.73,loss,-2.3000000000009093,71.00400000000018,1
21148,21149,21150,long,1320.22,1317.74,loss,-28.100000000000183,71.00400000000018,1
21160,21161,21162,long,1311.59,1311.09,loss,-8.3,71.00400000000018,1
21172,21173,21174,long,1316.12,1317.97,win,15.200000000001364,71.00400000000018,1
21184,21185,21186,long,1321.98,1323.74,win,14.299999999999908,71.00400000000018,1
21196,21197,21198,long,1336.56,1339.14,win,22.500000000001545,71.00400000000018,1
21218,21219,21220,long,1338.51,1343.56,win,47.19999999999955,71.00400000000018,1
21230,21231,21232,long,1326.86,1325.78,loss,-14.099999999999273,71.00400000000018,1
21242,21243,21244,long,1326.28,1330.59,win,39.79999999999946,71.00400000000018,1
21254,21255,21256,long,1334.84,1331.19,loss,-39.79999999999863,71.00400000000018,1
21266,21267,21268,long,1333.09,1336.45,win,30.300000000001273,71.00400000000018,1
21278,21279,21280,long,1341.12,1340.8,loss,-6.499999999999363,71.00400000000018,1
21290,21291,21292,long,1357.48,1359.24,win,14.299999999999908,71.00400000000018,1
21302,21303,21304,long,1347.1,1352.79,win,53.60000000000055,71.00400000000018,1
21314,21315,21316,long,1350.16,1348.67,loss,-18.20000000000009,71.00400000000018,1
21326,21327,21328,long,1341.04,1340.28,loss,-10.89999999999991,71.00400000000018,1
21338,21339,21340,long,1338.47,1338.69,loss,-1.099999999999727,71.00400000000018,1
21350,21351,21352,long,1344.44,1342.77,loss,-20.00000000000073,71.00400000000018,1
21362,21363,21364,long,1348.36,1349.03,win,3.4000000000007278,71.00400000000018,1
21374,21375,21376,long,1332.21,1331.25,loss,-12.900000000000365,71.00400000000018,1
21386,21387,21388,long,1338.22,1340.64,win,20.900000000000727,71.00400000000018,1
21398,21399,21400,long,1324.79,1329.19,win,40.70000000000091,71.00400000000018,1
21410,21411,21412,long,1318.03,1316.91,loss,-14.49999999999891,71.00400000000018,1
21422,21423,21424,long,1319.07,1319.31,loss,-0.8999999999999089,71.00400000000018,1
21434,21435,21436,long,1314.42,1325.0706,win,103.2059999999994,71.00400000000018,1
21446,21447,21448,long,1322.63,1323.18,win,2.1999999999995454,71.00400000000018,1
21458,21459,21460,long,1329.42,1332.2,win,24.499999999999726,71.00400000000018,1
21470,21471,21472,long,1349.92,1352.35,win,20.999999999998362,71.00400000000018,1
21482,21483,21484,long,1353.84,1354.34,win,1.7000000000000002,71.00400000000018,1
21494,21495,21496,long,1347.76,1350.36,win,22.69999999999909,71.00400000000018,1
21516,21517,21518,long,1329.06,1327.93,loss,-14.599999999998818,71.00400000000018,1
21528,21529,21530,long,1324.82,1324.79,loss,-3.599999999999727,71.00400000000018,1
21540,21541,21542,long,1331.26,1330.81,loss,-7.800000000000455,71.00400000000018,1
21552,21553,21554,long,1327.83,1333.73,win,55.70000000000091,71.00400000000018,1
21564,21565,21566,long,1332.55,1335.72,win,28.400000000000727,71.00400000000018,1
21576,21577,21578,long,1317.66,1317.59,loss,-4.000000000001637,71.00400000000018,1
21588,21589,21590,long,1319.07,1316.16,loss,-32.39999999999854,71.00400000000018,1
21600,21601,21602,long,1316.94,1317.71,win,4.399999999999818,71.00400000000018,1
21612,21613,21614,long,1323.64,1325.91,win,19.399999999999817,71.00400000000018,1
21624,21625,21626,long,1320.16,1322.6,win,21.09999999999827,71.00400000000018,1
21636,21637,21638,long,1338.27,1334.36,loss,-42.400000000000816,71.00400000000018,1
21648,21649,21650,long,1325.18,1326.88,win,13.700000000000454,71.00400000000018,1
21660,21661,21662,long,1321.65,1317.38,loss,-45.999999999999815,71.00400000000018,1
21672,21673,21674,long,1323.58,1323.39,loss,-5.199999999998272,71.00400000000018,1
21684,21685,21686,long,1322.68,1323.89,win,8.800000000000363,71.00400000000018,1
21696,21697,21698,long,1326.05,1326.69,win,3.1000000000010006,71.00400000000018,1
21708,21709,21710,long,1324.69,1326.73,win,17.099999999999635,71.00400000000018,1
21720,21721,21722,long,1316.49,1315.65,loss,-11.699999999999182,71.00400000000018,1
21732,21733,21734,long,1313.59,1311.67,loss,-22.499999999998455,71.00400000000018,1
21744,21745,21746,long,1316.98,1316.13,loss,-11.799999999999091,71.00400000000018,1
21756,21757,21758,long,1310.46,1313.27,win,24.799999999999454,71.00400000000018,1
21768,21769,21770,long,1331.89,1330.88,loss,-13.39999999999991,71.00400000000018,1
21780,21781,21782,long,1328.96,1337.56,win,82.6999999999991,71.00400000000018,1
21792,21793,21794,long,1347.85,1346.12,loss,-20.600000000000183,71.00400000000018,1
21804,21805,21806,long,1353.65,1351.12,loss,-28.600000000002,71.00400000000018,1
21816,21817,21818,long,1345.11,1345.7,win,2.6000000000014554,71.00400000000018,1
21828,21829,21830,long,1324.82,1326.12,win,9.699999999999545,71.00400000000018,1
21840,21841,21842,long,1326.04,1326.7,win,3.3000000000008187,71.00400000000018,1
21852,21853,21854,long,1341.18,1340.78,loss,-7.300000000000909,71.00400000000018,1
21864,21865,21866,long,1332.48,1332.5,loss,-3.1000000000001817,71.00400000000018,1
21876,21877,21878,long,1332.76,1330.62,loss,-24.700000000001,71.00400000000018,1
21888,21889,21890,long,1327.12,1330.67,win,32.20000000000182,71.00400000000018,1
21900,21901,21902,long,1334.36,1331.48,loss,-32.099999999998815,71.00400000000018,1
21912,21913,21914,long,1336.33,1337.81,win,11.500000000000181,71.00400000000018,1
21924,21925,21926,long,1339.23,1341.66,win,21.000000000000636,71.00400000000018,1
21936,21937,21938,long,1352.74,1351.65,loss,-14.199999999999182,71.00400000000018,1
21948,21949,21950,long,1335.65,1337.79,win,18.099999999998726,71.00400000000018,1
21960,21961,21962,long,1344.02,1343.94,loss,-4.099999999999272,71.00400000000018,1
21972,21973,21974,long,1345.83,1348.31,win,21.50000000000018,71.00400000000018,1
21984,21985,21986,long,1347.36,1345.07,loss,-26.199999999999637,71.00400000000018,1
21996,21997,21998,long,1349.4,1349.04,loss,-6.900000000001273,71.00400000000018,1
22008,22009,22010,long,1345.59,1344.81,loss,-11.099999999999728,71.00400000000018,1
22020,22021,22022,long,1334.86,1333.37,loss,-18.20000000000009,71.00400000000018,1
22032,22033,22034,long,1324.78,1326.03,win,9.2,71.00400000000018,1
22044,22045,22046,long,1330.12,1330.71,win,2.6000000000014554,71.00400000000018,1
22056,22057,22058,long,1322.2,1323.33,win,7.999999999998818,71.00400000000018,1
22068,22069,22070,long,1317.23,1316.95,loss,-6.099999999999727,71.00400000000018,1
22080,22081,22082,long,1323.87,1324.37,win,1.7000000000000002,71.00400000000018,1
22092,22093,22094,long,1315.55,1315.05,loss,-8.3,71.00400000000018,1
22104,22105,22106,long,1304.46,1306.32,win,15.299999999998999,71.00400000000018,1
22116,22117,22118,long,1305.22,1308.32,win,27.69999999999909,71.00400000000018,1
22128,22129,22130,long,1312.13,1312.05,loss,-4.100000000001546,71.00400000000018,1
22140,22141,22142,long,1314.83,1317.45,win,22.90000000000118,71.00400000000018,1
22152,22153,22154,long,1314.04,1315.48,win,11.100000000000545,71.00400000000018,1
22164,22165,22166,long,1314.49,1313.16,loss,-16.599999999999273,71.00400000000018,1
22176,22177,22178,long,1312.48,1311.38,loss,-14.299999999999091,71.00400000000018,1
22188,22189,22190,long,1321.34,1321.91,win,2.4000000000016373,71.00400000000018,1
22200,22201,22202,long,1318.07,1322.06,win,36.600000000000094,71.00400000000018,1
22212,22213,22214,long,1313.59,1314.28,win,3.600000000000546,71.00400000000018,1
22224,22225,22226,long,1290.42,1292.64,win,18.900000000000272,71.00400000000018,1
22236,22237,22238,long,1290.84,1290.6,loss,-5.700000000000091,71.00400000000018,1
22248,22249,22250,long,1290.52,1289.9,loss,-9.49999999999891,71.00400000000018,1
22260,22261,22262,long,1291.03,1289.79,loss,-15.700000000000092,71.00400000000018,1
22272,22273,22274,long,1292.92,1292.38,loss,-8.699999999999637,71.00400000000018,1
22284,22285,22286,long,1291.0,1293.02,win,16.899999999999817,71.00400000000018,1
22296,22297,22298,long,1293.85,1295.06,win,8.800000000000363,71.00400000000018,1
22308,22309,22310,long,1304.08,1302.36,loss,-20.500000000000274,71.00400000000018,1
22320,22321,22322,long,1299.66,1298.92,loss,-10.700000000000092,71.00400000000018,1
22342,22343,22344,long,1299.24,1301.93,win,23.600000000000545,71.00400000000018,1
22354,22355,22356,long,1301.74,1303.18,win,11.100000000000545,71.00400000000018,1
22366,22367,22368,long,1299.12,1299.51,win,0.6000000000010006,71.00400000000018,1
22378,22379,22380,long,1293.37,1292.99,loss,-7.0999999999988175,71.00400000000018,1
22390,22391,22392,long,1292.17,1291.31,loss,-11.900000000001274,71.00400000000018,1
22402,22403,22404,long,1296.75,1297.49,win,4.100000000000091,71.00400000000018,1
22414,22415,22416,long,1296.68,1296.2,loss,-8.100000000000183,71.00400000000018,1
22426,22427,22428,long,1296.87,1296.92,loss,-2.799999999998181,71.00400000000018,1
22438,22439,22440,long,1299.58,1299.16,loss,-7.499999999998454,71.00400000000018,1
22450,22451,22452,long,1300.28,1298.58,loss,-20.300000000000455,71.00400000000018,1
22462,22463,22464,long,1295.84,1295.09,loss,-10.8,71.00400000000018,1
22474,22475,22476,long,1299.56,1298.95,loss,-9.399999999999,71.00400000000018,1
22486,22487,22488,long,1302.06,1301.4,loss,-9.899999999998546,71.00400000000018,1
22498,22499,22500,long,1278.43,1281.15,win,23.900000000000272,71.00400000000018,1
22510,22511,22512,long,1278.43,1281.56,win,27.999999999998817,71.00400000000018,1
22522,22523,22524,long,1274.94,1273.89,loss,-13.799999999999546,71.00400000000018,1
22534,22535,22536,long,1268.13,1269.53,win,10.699999999998635,71.00400000000018,1
22546,22547,22548,long,1267.2,1268.47,win,9.399999999999817,71.00400000000018,1
22558,22559,22560,long,1271.36,1271.79,win,1.0000000000006368,71.00400000000018,1
22570,22571,22572,long,1265.94,1266.57,win,2.999999999998818,71.00400000000018,1
22582,22583,22584,long,1258.3,1258.91,win,2.8000000000012735,71.00400000000018,1
22594,22595,22596,long,1251.82,1253.47,win,13.200000000000909,71.00400000000018,1
22606,22607,22608,long,1247.87,1248.06,loss,-1.3999999999994541,71.00400000000018,1
22618,22619,22620,long,1252.42,1251.43,loss,-13.200000000000092,71.00400000000018,1
22630,22631,22632,long,1241.87,1241.84,loss,-3.599999999999727,71.00400000000018,1
22642,22643,22644,long,1252.01,1257.43,win,50.90000000000073,71.00400000000018,1
22664,22665,22666,long,1257.36,1256.72,loss,-9.699999999998727,71.00400000000018,1
22676,22677,22678,long,1255.02,1256.68,win,13.300000000000818,71.00400000000018,1
22688,22689,22690,long,1257.66,1258.05,win,0.5999999999987269,71.00400000000018,1
22700,22701,22702,long,1255.14,1253.33,loss,-21.40000000000173,71.00400000000018,1
22712,22713,22714,long,1242.29,1241.36,loss,-12.600000000000637,71.00400000000018,1
22724,22725,22726,long,1246.92,1246.64,loss,-6.099999999999727,71.00400000000018,1
22736,22737,22738,long,1241.09,1242.31,win,8.900000000000272,71.00400000000018,1
22748,22749,22750,long,1240.07,1239.12,loss,-12.800000000000455,71.00400000000018,1
22760,22761,22762,long,1227.52,1227.91,win,0.6000000000010006,71.00400000000018,1
22772,22773,22774,long,1226.98,1227.27,loss,-0.4000000000003636,71.00400000000018,1
22784,22785,22786,long,1223.8,1221.98,loss,-21.499999999999364,71.00400000000018,1
22796,22797,22798,long,1230.7,1234.06,win,30.299999999999,71.00400000000018,1
22808,22809,22810,long,1224.57,1223.23,loss,-16.699999999999182,71.00400000000018,1
22820,22821,22822,long,1224.5,1225.75,win,9.2,71.00400000000018,1
22832,22833,22834,long,1231.24,1233.25,win,16.79999999999991,71.00400000000018,1
22844,22845,22846,long,1222.84,1223.29,win,1.200000000000455,71.00400000000018,1
22856,22857,22858,long,1222.99,1222.63,loss,-6.899999999998999,71.00400000000018,1
22868,22869,22870,long,1221.46,1222.38,win,5.900000000000728,71.00400000000018,1
22880,22881,22882,long,1224.09,1222.99,loss,-14.299999999999091,71.00400000000018,1
22892,22893,22894,long,1215.81,1218.44,win,23.00000000000109,71.00400000000018,1
22904,22905,22906,long,1208.34,1209.38,win,7.10000000000191,71.00400000000018,1
22916,22917,22918,long,1213.86,1215.17,win,9.800000000001727,71.00400000000018,1
22928,22929,22930,long,1207.66,1209.4,win,14.10000000000009,71.00400000000018,1
22940,22941,22942,long,1211.06,1211.04,loss,-3.499999999999818,71.00400000000018,1
22952,22953,22954,long,1213.55,1214.37,win,4.8999999999993635,71.00400000000018,1
22964,22965,22966,long,1212.33,1212.97,win,3.1000000000010006,71.00400000000018,1
22976,22977,22978,long,1212.39,1208.96,loss,-37.600000000000634,71.00400000000018,1
22988,22989,22990,long,1193.81,1193.07,loss,-10.700000000000092,71.00400000000018,1
23000,23001,23002,long,1193.79,1192.32,loss,-18.000000000000274,71.00400000000018,1
23012,23013,23014,long,1175.46,1168.3596,loss,-74.30400000000036,71.00400000000018,1
23024,23025,23026,long,1173.73,1177.26,win,31.999999999999726,71.00400000000018,1
23036,23037,23038,long,1183.37,1183.56,loss,-1.3999999999994541,71.00400000000018,1
23048,23049,23050,long,1190.11,1193.64,win,32.000000000002004,71.00400000000018,1
23060,23061,23062,long,1196.17,1195.88,loss,-6.199999999999636,71.00400000000018,1
23072,23073,23074,long,1195.71,1193.0,loss,-30.400000000000365,71.00400000000018,1
23084,23085,23086,long,1185.17,1186.09,win,5.899999999998454,71.00400000000018,1
23096,23097,23098,long,1207.08,1206.91,loss,-4.999999999998454,71.00400000000018,1
23108,23109,23110,long,1210.97,1210.51,loss,-7.900000000000364,71.00400000000018,1
23120,23121,23122,long,1200.53,1202.3,win,14.399999999999817,71.00400000000018,1
23132,23133,23134,long,1206.27,1206.26,loss,-3.399999999999909,71.00400000000018,1
23144,23145,23146,long,1200.02,1199.14,loss,-12.099999999998818,71.00400000000018,1
23156,23157,23158,long,1200.44,1197.29,loss,-34.80000000000091,71.00400000000018,1
23178,23179,23180,long,1191.21,1192.13,win,5.900000000000728,71.00400000000018,1
23190,23191,23192,long,1196.28,1198.72,win,21.100000000000545,71.00400000000018,1
23202,23203,23204,long,1199.88,1202.34,win,21.29999999999809,71.00400000000018,1
23214,23215,23216,long,1196.41,1195.36,loss,-13.80000000000182,71.00400000000018,1
23226,23227,23228,long,1194.87,1194.12,loss,-10.8,71.00400000000018,1
23238,23239,23240,long,1198.02,1196.72,loss,-16.299999999999546,71.00400000000018,1
23250,23251,23252,long,1206.85,1205.78,loss,-13.999999999999364,71.00400000000018,1
23262,23263,23264,long,1201.17,1202.8,win,12.999999999998817,71.00400000000018,1
23274,23275,23276,long,1193.58,1193.69,loss,-2.1999999999987265,71.00400000000018,1
23286,23287,23288,long,1201.41,1198.77,loss,-29.700000000001,71.00400000000018,1
23298,23299,23300,long,1197.94,1198.91,win,6.400000000000273,71.00400000000018,1
23310,23311,23312,long,1203.62,1203.44,loss,-5.099999999998363,71.00400000000018,1
23322,23323,23324,long,1207.07,1209.23,win,18.300000000000818,71.00400000000018,1
23334,23335,23336,long,1198.72,1196.55,loss,-25.00000000000073,71.00400000000018,1
23346,23347,23348,long,1198.46,1198.12,loss,-6.700000000001455,71.00400000000018,1
23358,23359,23360,long,1200.87,1199.93,loss,-12.699999999998273,71.00400000000018,1
23370,23371,23372,long,1194.38,1196.19,win,14.799999999999454,71.00400000000018,1
23382,23383,23384,long,1182.6,1183.62,win,6.899999999999818,71.00400000000018,1
23394,23395,23396,long,1191.82,1189.85,loss,-23.000000000000274,71.00400000000018,1
23406,23407,23408,long,1188.37,1189.95,win,12.500000000001545,71.00400000000018,1
23418,23419,23420,long,1202.62,1205.9,win,29.500000000002,71.00400000000018,1
23430,23431,23432,long,1197.25,1198.47,win,8.900000000000272,71.00400000000018,1
23442,23443,23444,long,1199.46,1198.79,loss,-10.000000000000728,71.00400000000018,1
23454,23455,23456,long,1203.13,1202.17,loss,-12.900000000000365,71.00400000000018,1
23466,23467,23468,long,1188.52,1189.65,win,8.00000000000109,71.00400000000018,1
23478,23479,23480,long,1189.03,1190.17,win,8.100000000001,71.00400000000018,1
23490,23491,23492,long,1194.22,1192.95,loss,-15.999999999999819,71.00400000000018,1
23502,23503,23504,long,1223.74,1220.8,loss,-32.70000000000054,71.00400000000018,1
23514,23515,23516,long,1217.65,1220.8,win,28.199999999998635,71.00400000000018,1
23526,23527,23528,long,1226.74,1228.08,win,10.09999999999918,71.00400000000018,1
23538,23539,23540,long,1224.36,1225.0,win,3.1000000000010006,71.00400000000018,1
23550,23551,23552,long,1221.9,1222.24,win,0.09999999999918163,71.00400000000018,1
23562,23563,23564,long,1225.13,1225.13,loss,-3.3,71.00400000000018,1
23574,23575,23576,long,1228.01,1227.02,loss,-13.200000000000092,71.00400000000018,1
23586,23587,23588,long,1221.67,1222.48,win,4.7999999999994545,71.00400000000018,1
23598,23599,23600,long,1230.02,1230.95,win,6.000000000000637,71.00400000000018,1
23610,23611,23612,long,1234.0,1235.49,win,11.60000000000009,71.00400000000018,1
23622,23623,23624,long,1231.73,1230.98,loss,-10.8,71.00400000000018,1
23634,23635,23636,long,1234.29,1234.76,win,1.400000000000273,71.00400000000018,1
23646,23647,23648,long,1229.87,1227.34,loss,-28.599999999999728,71.00400000000018,1
23658,23659,23660,long,1222.67,1220.07,loss,-29.300000000001365,71.00400000000018,1
23670,23671,23672,long,1214.47,1217.3,win,24.99999999999927,71.00400000000018,1
23682,23683,23684,long,1233.47,1231.89,loss,-19.099999999999273,71.00400000000018,1
23694,23695,23696,long,1232.96,1233.04,loss,-2.5000000000007274,71.00400000000018,1
23706,23707,23708,long,1231.35,1230.4,loss,-12.799999999998182,71.00400000000018,1
23718,23719,23720,long,1226.77,1226.78,loss,-3.2000000000000908,71.00400000000018,1
23730,23731,23732,long,1226.07,1226.3,loss,-0.9999999999998179,71.00400000000018,1
23742,23743,23744,long,1223.06,1221.09,loss,-23.000000000000274,71.00400000000018,1
23754,23755,23756,long,1209.32,1210.41,win,7.600000000001455,71.00400000000018,1
23766,23767,23768,long,1200.12,1204.63,win,41.800000000002186,71.00400000000018,1
23778,23779,23780,long,1201.97,1203.78,win,14.799999999999454,71.00400000000018,1
23790,23791,23792,long,1208.68,1208.54,loss,-4.700000000001,71.00400000000018,1
23802,23803,23804,long,1213.07,1215.45,win,20.50000000000109,71.00400000000018,1
23814,23815,23816,long,1221.75,1222.02,loss,-0.6000000000001817,71.00400000000018,1
23826,23827,23828,long,1223.78,1221.96,loss,-21.499999999999364,71.00400000000018,1
23838,23839,23840,long,1221.43,1221.29,loss,-4.700000000001,71.00400000000018,1
23850,23851,23852,long,1225.65,1225.8,loss,-1.800000000001364,71.00400000000018,1
23883,23884,23885,long,1222.01,1221.52,loss,-8.200000000000092,71.00400000000018,1
23895,23896,23897,long,1214.45,1214.7,loss,-0.7999999999999998,71.00400000000018,1
23907,23908,23909,long,1220.58,1221.79,win,8.800000000000363,71.00400000000018,1
23919,23920,23921,long,1223.83,1224.12,loss,-0.4000000000003636,71.00400000000018,1
23931,23932,23933,long,1222.67,1223.26,win,2.5999999999991816,71.00400000000018,1
23943,23944,23945,long,1231.02,1234.85,win,34.999999999999275,71.00400000000018,1
23955,23956,23957,long,1238.57,1236.0,loss,-28.999999999999364,71.00400000000018,1
23967,23968,23969,long,1236.75,1240.08,win,29.99999999999927,71.00400000000018,1
23979,23980,23981,long,1237.39,1238.77,win,10.499999999998817,71.00400000000018,1
23991,23992,23993,long,1250.34,1249.4,loss,-12.699999999998273,71.00400000000018,1
24003,24004,24005,long,1244.37,1245.39,win,6.900000000002092,71.00400000000018,1
24015,24016,24017,long,1242.77,1245.25,win,21.50000000000018,71.00400000000018,1
24027,24028,24029,long,1245.32,1244.89,loss,-7.599999999998363,71.00400000000018,1
24039,24040,24041,long,1241.37,1242.5,win,8.00000000000109,71.00400000000018,1
24051,24052,24053,long,1237.16,1237.74,win,2.4999999999992726,71.00400000000018,1
24063,24064,24065,long,1245.52,1247.1,win,12.499999999999272,71.00400000000018,1
24075,24076,24077,long,1249.46,1248.99,loss,-8.000000000000274,71.00400000000018,1
24087,24088,24089,long,1242.67,1244.91,win,19.10000000000009,71.00400000000018,1
24099,24100,24101,long,1260.12,1261.02,win,5.70000000000091,71.00400000000018,1
24111,24112,24113,long,1258.57,1260.8,win,19.00000000000018,71.00400000000018,1
24133,24134,24135,long,1266.88,1270.43,win,32.19999999999955,71.00400000000018,1
24145,24146,24147,long,1275.0,1277.58,win,22.49999999999927,71.00400000000018,1
24157,24158,24159,long,1279.83,1278.46,loss,-16.99999999999891,71.00400000000018,1
24169,24170,24171,long,1282.34,1279.68,loss,-29.899999999998546,71.00400000000018,1
24181,24182,24183,long,1285.82,1288.18,win,20.300000000001273,71.00400000000018,1
24193,24194,24195,long,1293.83,1296.83,win,26.7,71.00400000000018,1
24205,24206,24207,long,1285.44,1288.71,win,29.399999999999817,71.00400000000018,1
24217,24218,24219,long,1288.87,1286.14,loss,-30.59999999999791,71.00400000000018,1
24229,24230,24231,long,1285.02,1285.66,win,3.1000000000010006,71.00400000000018,1
24241,24242,24243,long,1293.43,1292.46,loss,-13.000000000000274,71.00400000000018,1
24253,24254,24255,long,1286.5,1289.66,win,28.300000000000818,71.00400000000018,1
24265,24266,24267,long,1287.99,1292.21,win,38.900000000000276,71.00400000000018,1
24277,24278,24279,long,1291.72,1292.88,win,8.300000000000818,71.00400000000018,1
24289,24290,24291,long,1288.92,1289.17,loss,-0.7999999999999998,71.00400000000018,1
24301,24302,24303,long,1293.72,1294.64,win,5.900000000000728,71.00400000000018,1
24313,24314,24315,long,1291.87,1290.7,loss,-14.999999999998455,71.00400000000018,1
24325,24326,24327,long,1282.52,1282.78,loss,-0.7000000000000908,71.00400000000018,1
24347,24348,24349,long,1284.58,1284.91,win,1.546318628697918e-12,71.00400000000018,1
24359,24360,24361,long,1282.57,1284.3,win,14.000000000000181,71.00400000000018,1
24371,24372,24373,long,1280.62,1279.9,loss,-10.499999999998,71.00400000000018,1
24383,24384,24385,long,1302.17,1301.5,loss,-10.000000000000728,71.00400000000018,1
24395,24396,24397,long,1303.12,1303.11,loss,-3.399999999999909,71.00400000000018,1
24407,24408,24409,long,1311.66,1313.64,win,16.50000000000018,71.00400000000018,1
24419,24420,24421,long,1319.58,1318.08,loss,-18.3,71.00400000000018,1
24431,24432,24433,long,1320.97,1318.18,loss,-31.199999999999637,71.00400000000018,1
24443,24444,24445,long,1317.56,1314.88,loss,-30.099999999998364,71.00400000000018,1
24455,24456,24457,long,1311.73,1312.7,win,6.400000000000273,71.00400000000018,1
24467,24468,24469,long,1314.98,1313.3,loss,-20.100000000000637,71.00400000000018,1
24479,24480,24481,long,1306.47,1303.78,loss,-30.200000000000546,71.00400000000018,1
24491,24492,24493,long,1309.69,1309.65,loss,-3.699999999999636,71.00400000000018,1
24503,24504,24505,long,1313.3,1313.7,win,0.7000000000009097,71.00400000000018,1
24515,24516,24517,long,1307.75,1307.72,loss,-3.599999999999727,71.00400000000018,1
24527,24528,24529,long,1310.62,1311.62,win,6.7,71.00400000000018,1
24539,24540,24541,long,1305.6,1308.71,win,27.800000000001273,71.00400000000018,1
24551,24552,24553,long,1312.22,1311.62,loss,-9.300000000001365,71.00400000000018,1
24563,24564,24565,long,1320.95,1324.6,win,33.19999999999864,71.00400000000018,1
24585,24586,24587,long,1340.13,1344.51,win,40.49999999999882,71.00400000000018,1
24597,24598,24599,long,1338.54,1337.35,loss,-15.200000000000546,71.00400000000018,1
24609,24610,24611,long,1323.32,1325.07,win,14.2,71.00400000000018,1
24621,24622,24623,long,1327.52,1330.22,win,23.700000000000454,71.00400000000018,1
24633,24634,24635,long,1327.27,1327.6,loss,-7.274181257344026e-13,71.00400000000018,1
24645,24646,24647,long,1328.51,1328.97,win,1.300000000000364,71.00400000000018,1
24657,24658,24659,long,1319.56,1318.16,loss,-17.299999999998636,71.00400000000018,1
24669,24670,24671,long,1312.94,1314.21,win,9.399999999999817,71.00400000000018,1
24681,24682,24683,long,1295.33,1296.22,win,5.600000000001001,71.00400000000018,1
24693,24694,24695,long,1286.23,1287.36,win,7.999999999998818,71.00400000000018,1
24705,24706,24707,long,1287.55,1287.73,loss,-1.4999999999993632,71.00400000000018,1
24717,24718,24719,long,1286.17,1287.69,win,11.899999999999817,71.00400000000018,1
24729,24730,24731,long,1285.16,1286.28,win,7.899999999998909,71.00400000000018,1
24741,24742,24743,long,1297.62,1296.04,loss,-19.099999999999273,71.00400000000018,1
24753,24754,24755,long,1293.38,1294.72,win,10.09999999999918,71.00400000000018,1
24765,24766,24767,long,1301.34,1303.8,win,21.300000000000363,71.00400000000018,1
24777,24778,24779,long,1308.82,1306.0,loss,-31.499999999999364,71.00400000000018,1
24789,24790,24791,long,1295.92,1294.65,loss,-15.999999999999819,71.00400000000018,1
24801,24802,24803,long,1302.08,1299.3,loss,-31.099999999999728,71.00400000000018,1
24813,24814,24815,long,1303.44,1305.7,win,19.29999999999991,71.00400000000018,1
24825,24826,24827,long,1306.31,1304.84,loss,-18.000000000000274,71.00400000000018,1
24837,24838,24839,long,1312.17,1317.67,win,51.7,71.00400000000018,1
24849,24850,24851,long,1309.01,1309.87,win,5.299999999999,71.00400000000018,1
24861,24862,24863,long,1313.44,1314.45,win,6.799999999999909,71.00400000000018,1
24873,24874,24875,long,1321.49,1321.46,loss,-3.599999999999727,71.00400000000018,1
24885,24886,24887,long,1315.56,1317.26,win,13.700000000000454,71.00400000000018,1
24897,24898,24899,long,1309.23,1307.69,loss,-18.699999999999637,71.00400000000018,1
24909,24910,24911,long,1289.99,1290.77,win,4.499999999999727,71.00400000000018,1
24921,24922,24923,long,1292.11,1291.54,loss,-8.999999999999364,71.00400000000018,1
24933,24934,24935,long,1287.32,1288.1,win,4.499999999999727,71.00400000000018,1
24945,24946,24947,long,1292.03,1291.24,loss,-11.199999999999637,71.00400000000018,1
24957,24958,24959,long,1289.48,1291.84,win,20.299999999999,71.00400000000018,1
24969,24970,24971,long,1292.0,1291.48,loss,-8.499999999999819,71.00400000000018,1
24981,24982,24983,long,1292.08,1293.7,win,12.900000000001182,71.00400000000018,1
24993,24994,24995,long,1297.26,1298.99,win,14.000000000000181,71.00400000000018,1
25005,25006,25007,long,1303.64,1303.44,loss,-5.300000000000455,71.00400000000018,1
25017,25018,25019,long,1307.7,1307.6,loss,-4.300000000001364,71.00400000000018,1
25029,25030,25031,long,1292.17,1293.2,win,6.999999999999727,71.00400000000018,1
25041,25042,25043,long,1291.19,1290.14,loss,-13.799999999999546,71.00400000000018,1
25053,25054,25055,long,1287.62,1287.12,loss,-8.3,71.00400000000018,1
25065,25066,25067,long,1276.4,1276.22,loss,-5.1000000000006365,71.00400000000018,1
25077,25078,25079,long,1273.04,1274.24,win,8.700000000000454,71.00400000000018,1
25089,25090,25091,long,1275.62,1275.86,loss,-0.8999999999999089,71.00400000000018,1
25101,25102,25103,long,1274.53,1275.6,win,7.3999999999993635,71.00400000000018,1
25113,25114,25115,long,1271.98,1270.39,loss,-19.199999999999182,71.00400000000018,1
25125,25126,25127,long,1275.04,1274.35,loss,-10.200000000000546,71.00400000000018,1
25137,25138,25139,long,1276.74,1277.98,win,9.10000000000009,71.00400000000018,1
25149,25150,25151,long,1285.83,1285.01,loss,-11.499999999999364,71.00400000000018,1
25161,25162,25163,long,1279.65,1281.74,win,17.59999999999918,71.00400000000018,1
25173,25174,25175,long,1283.04,1282.38,loss,-9.899999999998546,71.00400000000018,1
25185,25186,25187,long,1276.35,1276.95,win,2.7000000000013644,71.00400000000018,1
25197,25198,25199,long,1270.02,1271.68,win,13.300000000000818,71.00400000000018,1
25209,25210,25211,long,1282.47,1284.0,win,11.999999999999726,71.00400000000018,1
25221,25222,25223,long,1280.82,1282.8,win,16.50000000000018,71.00400000000018,1
25233,25234,25235,long,1283.76,1286.05,win,19.599999999999635,71.00400000000018,1
25245,25246,25247,long,1280.69,1281.81,win,7.899999999998909,71.00400000000018,1
25257,25258,25259,long,1283.47,1284.33,win,5.299999999999,71.00400000000018,1
25269,25270,25271,long,1287.1,1287.35,loss,-0.7999999999999998,71.00400000000018,1
25281,25282,25283,long,1299.55,1300.82,win,9.399999999999817,71.00400000000018,1
25293,25294,25295,long,1296.57,1297.23,win,3.3000000000008187,71.00400000000018,1
25305,25306,25307,long,1296.07,1296.11,loss,-2.9000000000003636,71.00400000000018,1
25317,25318,25319,long,1286.52,1285.79,loss,-10.600000000000183,71.00400000000018,1
25329,25330,25331,long,1278.2,1277.93,loss,-5.999999999999818,71.00400000000018,1
25341,25342,25343,long,1277.3,1276.12,loss,-15.100000000000637,71.00400000000018,1
25353,25354,25355,long,1274.34,1274.02,loss,-6.499999999999363,71.00400000000018,1
25365,25366,25367,long,1272.97,1273.98,win,6.799999999999909,71.00400000000018,1
25377,25378,25379,long,1283.08,1283.42,win,0.10000000000145537,71.00400000000018,1
25389,25390,25391,long,1285.12,1284.53,loss,-9.199999999999182,71.00400000000018,1
25412,25413,25414,long,1278.72,1280.81,win,17.59999999999918,71.00400000000018,1
25424,25425,25426,long,1279.7,1279.63,loss,-3.999999999999363,71.00400000000018,1
25436,25437,25438,long,1287.9,1291.55,win,33.19999999999864,71.00400000000018,1
25448,25449,25450,long,1306.61,1308.48,win,15.400000000001182,71.00400000000018,1
25460,25461,25462,long,1324.95,1326.87,win,15.899999999998453,71.00400000000018,1
25472,25473,25474,long,1324.54,1326.83,win,19.599999999999635,71.00400000000018,1
25484,25485,25486,long,1330.86,1328.89,loss,-22.999999999998,71.00400000000018,1
25496,25497,25498,long,1335.02,1333.06,loss,-22.900000000000365,71.00400000000018,1
25508,25509,25510,long,1334.62,1335.57,win,6.200000000000455,71.00400000000018,1
25520,25521,25522,long,1325.15,1328.58,win,30.999999999998362,71.00400000000018,1
25532,25533,25534,long,1326.43,1326.54,loss,-2.2000000000010003,71.00400000000018,1
25544,25545,25546,long,1333.24,1333.87,win,2.999999999998818,71.00400000000018,1
25556,25557,25558,long,1342.27,1343.93,win,13.300000000000818,71.00400000000018,1
25568,25569,25570,long,1341.78,1338.95,loss,-31.599999999999273,71.00400000000018,1
25580,25581,25582,long,1339.8,1339.58,loss,-5.500000000000273,71.00400000000018,1
25592,25593,25594,long,1346.26,1345.16,loss,-14.299999999999091,71.00400000000018,1
25604,25605,25606,long,1360.21,1370.8606,win,103.2059999999994,71.00400000000018,1
25616,25617,25618,long,1387.11,1393.05,win,56.10000000000055,71.00400000000018,1
25628,25629,25630,long,1400.42,1405.79,win,50.39999999999891,71.00400000000018,1
25640,25641,25642,long,1419.62,1424.55,win,46.00000000000064,71.00400000000018,1
25652,25653,25653,long,1423.66,1416.5596,loss,-74.30400000000036,71.00400000000018,0
25664,25665,25666,long,1409.2,1410.05,win,5.199999999999091,71.00400000000018,1
25676,25677,25678,long,1409.78,1414.28,win,41.7,71.00400000000018,1
25688,25689,25690,long,1393.96,1396.0,win,17.099999999999635,71.00400000000018,1
25700,25701,25702,long,1383.26,1385.94,win,23.500000000000636,71.00400000000018,1
25712,25713,25713,long,1420.53,1431.1806,win,103.2059999999994,71.00400000000018,0
25724,25725,25726,long,1418.67,1417.31,loss,-16.900000000001274,71.00400000000018,1
25746,25747,25748,long,1399.27,1397.94,loss,-16.599999999999273,71.00400000000018,1
25758,25759,25760,long,1395.0,1392.27,loss,-30.600000000000183,71.00400000000018,1
25770,25771,25772,long,1397.46,1392.81,loss,-49.80000000000091,71.00400000000018,1
25782,25783,25784,long,1418.48,1425.49,win,66.79999999999991,71.00400000000018,1
25794,25795,25796,long,1404.05,1406.7,win,23.20000000000091,71.00400000000018,1
25806,25807,25808,long,1416.38,1415.47,loss,-12.40000000000082,71.00400000000018,1
25818,25819,25820,long,1414.14,1414.3,loss,-1.700000000001455,71.00400000000018,1
25830,25831,25832,long,1405.78,1404.86,loss,-12.500000000000728,71.00400000000018,1
25842,25843,25844,long,1426.38,1427.71,win,9.999999999999272,71.00400000000018,1
25854,25855,25855,long,1446.61,1439.5095999999999,loss,-74.30400000000036,71.00400000000018,0
25866,25867,25868,long,1426.43,1424.51,loss,-22.50000000000073,71.00400000000018,1
25878,25879,25880,long,1425.13,1420.82,loss,-46.400000000001725,71.00400000000018,1
25890,25891,25892,long,1417.51,1419.09,win,12.499999999999272,71.00400000000018,1
25902,25903,25904,long,1425.59,1423.72,loss,-21.99999999999891,71.00400000000018,1
25914,25915,25916,long,1413.54,1416.48,win,26.100000000000545,71.00400000000018,1
25926,25927,25928,long,1420.74,1421.16,win,0.9000000000007278,71.00400000000018,1
25938,25939,25940,long,1426.62,1425.16,loss,-17.89999999999809,71.00400000000018,1
25950,25951,25952,long,1430.88,1430.55,loss,-6.600000000001546,71.00400000000018,1
25962,25963,25964,long,1412.69,1407.2,loss,-58.20000000000009,71.00400000000018,1
25974,25975,25975,long,1444.94,1437.8396,loss,-74.30400000000036,71.00400000000018,0
25986,25987,25988,long,1440.19,1443.24,win,27.199999999999545,71.00400000000018,1
25998,25999,26000,long,1468.42,1470.02,win,12.69999999999909,71.00400000000018,1
26010,26011,26012,long,1474.23,1477.52,win,29.599999999999635,71.00400000000018,1
26022,26023,26024,long,1499.74,1504.28,win,42.09999999999964,71.00400000000018,1
26034,26035,26036,long,1504.1,1502.6,loss,-18.3,71.00400000000018,1
26046,26047,26048,long,1495.95,1498.4,win,21.200000000000454,71.00400000000018,1
26058,26059,26060,long,1510.53,1510.55,loss,-3.1000000000001817,71.00400000000018,1
26070,26071,26072,long,1501.62,1503.16,win,12.10000000000191,71.00400000000018,1
26082,26083,26084,long,1515.66,1516.81,win,8.199999999998635,71.00400000000018,1
26094,26095,26096,long,1522.75,1525.16,win,20.800000000000818,71.00400000000018,1
26106,26107,26108,long,1509.35,1509.86,win,1.7999999999999092,71.00400000000018,1
26118,26119,26120,long,1495.58,1496.89,win,9.800000000001727,71.00400000000018,1
26130,26131,26132,long,1506.92,1506.18,loss,-10.700000000000092,71.00400000000018,1
26142,26143,26144,long,1502.2,1501.35,loss,-11.800000000001365,71.00400000000018,1
26154,26155,26156,long,1498.21,1496.26,loss,-22.800000000000455,71.00400000000018,1
26166,26167,26168,long,1546.07,1544.8,loss,-15.999999999999819,71.00400000000018,1
26178,26179,26180,long,1527.2,1528.24,win,7.099999999999636,71.00400000000018,1
26190,26191,26192,long,1541.78,1543.6,win,14.899999999999363,71.00400000000018,1
26202,26203,26204,long,1539.49,1539.74,loss,-0.7999999999999998,71.00400000000018,1
26214,26215,26216,long,1527.42,1524.57,loss,-31.800000000001365,71.00400000000018,1
26226,26227,26228,long,1529.48,1528.96,loss,-8.499999999999819,71.00400000000018,1
26248,26249,26250,long,1546.06,1544.8,loss,-15.89999999999991,71.00400000000018,1
26260,26261,26262,long,1551.93,1548.59,loss,-36.70000000000145,71.00400000000018,1
26272,26273,26274,long,1516.95,1517.21,loss,-0.7000000000000908,71.00400000000018,1
26284,26285,26286,long,1504.46,1507.24,win,24.499999999999726,71.00400000000018,1
26296,26297,26298,long,1498.6,1493.03,loss,-58.99999999999936,71.00400000000018,1
26308,26309,26310,long,1484.86,1488.66,win,34.70000000000182,71.00400000000018,1
26320,26321,26322,long,1496.34,1489.2395999999999,loss,-74.30400000000036,71.00400000000018,1
26332,26333,26334,long,1498.57,1498.33,loss,-5.700000000000091,71.00400000000018,1
26344,26345,26346,long,1500.59,1511.2405999999999,win,103.2059999999994,71.00400000000018,1
26356,26357,26358,long,1498.8,1497.02,loss,-21.099999999999728,71.00400000000018,1
26368,26369,26370,long,1501.31,1501.03,loss,-6.099999999999727,71.00400000000018,1
26380,26381,26382,long,1493.79,1490.51,loss,-36.099999999999724,71.00400000000018,1
26392,26393,26394,long,1499.01,1499.46,win,1.200000000000455,71.00400000000018,1
26404,26405,26406,long,1513.04,1513.89,win,5.200000000001364,71.00400000000018,1
26416,26417,26418,long,1522.06,1521.1,loss,-12.900000000000365,71.00400000000018,1
26428,26429,26430,long,1531.99,1533.67,win,13.500000000000636,71.00400000000018,1
26440,26441,26442,long,1509.86,1508.34,loss,-18.49999999999982,71.00400000000018,1
26448,26449,26450,long,1504.3,1505.48,win,8.500000000000636,71.00400000000018,1
26460,26461,26462,long,1496.18,1496.7,win,1.8999999999998183,71.00400000000018,1
26472,26473,26474,long,1471.51,1470.92,loss,-9.199999999999182,71.00400000000018,1
26484,26485,26486,long,1478.61,1480.15,win,12.10000000000191,71.00400000000018,1
26496,26497,26498,long,1499.27,1500.7,win,11.000000000000636,71.00400000000018,1
26508,26509,26510,long,1505.38,1507.52,win,18.099999999998726,71.00400000000018,1
26520,26521,26522,long,1498.04,1498.6,win,2.2999999999994545,71.00400000000018,1
26525,26526,26527,long,1492.44,1491.49,loss,-12.800000000000455,71.00400000000018,1
26537,26538,26539,long,1507.07,1505.08,loss,-23.20000000000009,71.00400000000018,1
26549,26550,26551,long,1515.02,1507.9196,loss,-74.30400000000036,71.00400000000018,1
26561,26562,26563,long,1493.01,1495.56,win,22.199999999999545,71.00400000000018,1
26584,26585,26586,long,1493.13,1492.74,loss,-7.200000000001,71.00400000000018,1
26596,26597,26598,long,1480.72,1483.47,win,24.2,71.00400000000018,1
26608,26609,26610,long,1489.56,1491.64,win,17.500000000001545,71.00400000000018,1
26620,26621,26622,long,1491.44,1492.14,win,3.700000000000455,71.00400000000018,1
26632,26633,26634,long,1491.49,1490.44,loss,-13.799999999999546,71.00400000000018,1
26644,26645,26646,long,1484.06,1482.87,loss,-15.200000000000546,71.00400000000018,1
26656,26657,26658,long,1487.73,1488.62,win,5.599999999998727,71.00400000000018,1
26668,26669,26670,long,1491.58,1491.46,loss,-4.499999999998908,71.00400000000018,1
26680,26681,26682,long,1503.29,1501.24,loss,-23.799999999999546,71.00400000000018,1
26692,26693,26694,long,1502.33,1505.72,win,30.600000000001,71.00400000000018,1
26704,26705,26706,long,1491.78,1491.81,loss,-3.0000000000002727,71.00400000000018,1
26716,26717,26718,long,1487.89,1488.91,win,6.899999999999818,71.00400000000018,1
26728,26729,26730,long,1495.22,1498.96,win,34.100000000000094,71.00400000000018,1
26740,26741,26742,long,1512.54,1511.12,loss,-17.50000000000073,71.00400000000018,1
26752,26753,26754,long,1512.75,1512.96,loss,-1.199999999999636,71.00400000000018,1
26764,26765,26766,long,1509.2,1506.7,loss,-28.3,71.00400000000018,1
26776,26777,26778,long,1482.74,1486.57,win,34.999999999999275,71.00400000000018,1
26788,26789,26790,long,1489.84,1491.1,win,9.299999999999908,71.00400000000018,1
26800,26801,26802,long,1467.68,1467.18,loss,-8.3,71.00400000000018,1
26812,26813,26814,long,1460.2,1462.68,win,21.50000000000018,71.00400000000018,1
26824,26825,26826,long,1456.08,1455.86,loss,-5.500000000000273,71.00400000000018,1
26836,26837,26838,long,1455.58,1457.86,win,19.499999999999726,71.00400000000018,1
26848,26849,26850,long,1463.02,1461.6,loss,-17.50000000000073,71.00400000000018,1
26860,26861,26862,long,1470.76,1467.72,loss,-33.69999999999963,71.00400000000018,1
26872,26873,26874,long,1467.74,1465.44,loss,-26.299999999999546,71.00400000000018,1
26884,26885,26886,long,1470.59,1469.78,loss,-11.399999999999455,71.00400000000018,1
26896,26897,26898,long,1472.02,1473.55,win,11.999999999999726,71.00400000000018,1
26908,26909,26910,long,1474.61,1475.01,win,0.7000000000009097,71.00400000000018,1
26920,26921,26922,long,1463.89,1463.62,loss,-6.000000000002092,71.00400000000018,1
26932,26933,26934,long,1460.38,1461.1,win,3.8999999999979993,71.00400000000018,1
26944,26945,26946,long,1454.81,1453.57,loss,-15.700000000000092,71.00400000000018,1
26956,26957,26958,long,1460.9,1459.6,loss,-16.30000000000182,71.00400000000018,1
26968,26969,26970,long,1453.99,1457.16,win,28.400000000000727,71.00400000000018,1
27001,27002,27003,long,1462.03,1462.83,win,4.699999999999545,71.00400000000018,1
27013,27014,27015,long,1477.36,1477.9,win,2.10000000000191,71.00400000000018,1
27025,27026,27027,long,1474.32,1475.87,win,12.199999999999545,71.00400000000018,1
27037,27038,27039,long,1475.57,1476.08,win,1.7999999999999092,71.00400000000018,1
27049,27050,27051,long,1458.53,1460.3,win,14.399999999999817,71.00400000000018,1
27061,27062,27063,long,1461.55,1461.09,loss,-7.900000000000364,71.00400000000018,1
27073,27074,27075,long,1463.51,1464.17,win,3.3000000000008187,71.00400000000018,1
27085,27086,27087,long,1473.97,1474.37,win,0.6999999999986359,71.00400000000018,1
27097,27098,27098,long,1469.19,1462.0896,loss,-74.30400000000036,71.00400000000018,0
27109,27110,27111,long,1474.9,1474.3,loss,-9.300000000001365,71.00400000000018,1
27121,27122,27123,long,1475.39,1474.98,loss,-7.400000000000818,71.00400000000018,1
27133,27134,27135,long,1475.32,1475.96,win,3.1000000000010006,71.00400000000018,1
27145,27146,27147,long,1474.33,1477.27,win,26.100000000000545,71.00400000000018,1
27157,27158,27159,long,1478.09,1478.36,loss,-0.6000000000001817,71.00400000000018,1
27169,27170,27171,long,1478.01,1479.66,win,13.200000000000909,71.00400000000018,1
27181,27182,27183,long,1485.06,1487.54,win,21.50000000000018,71.00400000000018,1
27203,27204,27205,long,1510.58,1510.42,loss,-4.899999999998545,71.00400000000018,1
27215,27216,27217,long,1511.1,1514.19,win,27.600000000001454,71.00400000000018,1
27227,27228,27229,long,1514.19,1521.24,win,67.19999999999955,71.00400000000018,1
27239,27240,27241,long,1516.67,1519.4,win,24.00000000000018,71.00400000000018,1
27251,27252,27253,long,1528.47,1534.94,win,61.400000000000276,71.00400000000018,1
27263,27264,27264,long,1575.94,1568.8396,loss,-74.30400000000036,71.00400000000018,0
27274,27275,27276,long,1564.6,1557.4995999999999,loss,-74.30400000000036,71.00400000000018,1
27286,27287,27287,long,1576.72,1587.3706,win,103.2059999999994,71.00400000000018,0
27298,27299,27300,long,1555.88,1559.66,win,34.49999999999973,71.00400000000018,1
27310,27311,27312,long,1551.31,1548.02,loss,-36.19999999999963,71.00400000000018,1
27322,27323,27324,long,1559.8,1556.76,loss,-33.69999999999963,71.00400000000018,1
27334,27335,27336,long,1547.0,1539.8996,loss,-74.30400000000036,71.00400000000018,1
27346,27347,27348,long,1545.65,1547.32,win,13.399999999998453,71.00400000000018,1
27358,27359,27360,long,1555.43,1556.46,win,6.999999999999727,71.00400000000018,1
27370,27371,27372,long,1551.56,1553.14,win,12.500000000001545,71.00400000000018,1
27382,27383,27384,long,1558.99,1557.63,loss,-16.899999999999,71.00400000000018,1
27404,27405,27406,long,1557.35,1554.67,loss,-30.099999999998364,71.00400000000018,1
27416,27417,27418,long,1558.17,1559.92,win,14.2,71.00400000000018,1
27428,27429,27430,long,1562.1,1561.89,loss,-5.39999999999809,71.00400000000018,1
27440,27441,27442,long,1580.49,1581.13,win,3.1000000000010006,71.00400000000018,1
27452,27453,27454,long,1581.22,1580.87,loss,-6.800000000001364,71.00400000000018,1
27464,27465,27466,long,1566.59,1565.8,loss,-11.199999999999637,71.00400000000018,1
27476,27477,27478,long,1575.93,1577.97,win,17.099999999999635,71.00400000000018,1
27488,27489,27490,long,1573.22,1573.93,win,3.800000000000364,71.00400000000018,1
27500,27501,27502,long,1588.62,1582.39,loss,-65.5999999999979,71.00400000000018,1
27512,27513,27514,long,1575.16,1575.64,win,1.500000000000182,71.00400000000018,1
27524,27525,27526,long,1552.26,1553.91,win,13.200000000000909,71.00400000000018,1
27536,27537,27538,long,1555.35,1556.98,win,13.00000000000109,71.00400000000018,1
27548,27549,27550,long,1565.88,1567.43,win,12.199999999999545,71.00400000000018,1
27560,27561,27562,long,1569.21,1571.4,win,18.600000000000545,71.00400000000018,1
27572,27573,27574,long,1571.4,1570.49,loss,-12.40000000000082,71.00400000000018,1
27584,27585,27586,long,1566.95,1567.1,loss,-1.800000000001364,71.00400000000018,1
27596,27597,27598,long,1566.41,1569.82,win,30.799999999998544,71.00400000000018,1
27608,27609,27610,long,1575.19,1576.64,win,11.200000000000454,71.00400000000018,1
27620,27621,27622,long,1581.26,1582.11,win,5.199999999999091,71.00400000000018,1
27642,27643,27644,long,1601.18,1602.72,win,12.099999999999635,71.00400000000018,1
27654,27655,27656,long,1610.83,1609.26,loss,-18.999999999999364,71.00400000000018,1
27666,27667,27668,long,1618.61,1621.23,win,22.90000000000118,71.00400000000018,1
27678,27679,27679,long,1659.48,1670.1306,win,103.2059999999994,71.00400000000018,0
27690,27691,27692,long,1658.26,1651.1596,loss,-74.30400000000036,71.00400000000018,1
27702,27703,27704,long,1634.02,1644.6706,win,103.2059999999994,71.00400000000018,1
27714,27715,27716,long,1640.17,1649.4,win,89.00000000000018,71.00400000000018,1
27726,27727,27728,long,1644.11,1642.46,loss,-19.799999999998636,71.00400000000018,1
27738,27739,27740,long,1581.8,1592.4506,win,103.2059999999994,71.00400000000018,1
27750,27751,27752,long,1588.51,1599.1606,win,103.2059999999994,71.00400000000018,1
27762,27763,27763,long,1639.47,1650.1206,win,103.2059999999994,71.00400000000018,0
27774,27775,27776,long,1636.23,1637.72,win,11.60000000000009,71.00400000000018,1
27786,27787,27788,long,1671.42,1670.61,loss,-11.400000000001729,71.00400000000018,1
27798,27799,27799,long,1691.63,1684.5296,loss,-74.30400000000036,71.00400000000018,0
27810,27811,27811,long,1678.9,1671.7996,loss,-74.30400000000036,71.00400000000018,0
27822,27823,27824,long,1649.28,1659.9306,win,103.2059999999994,71.00400000000018,1
27834,27835,27836,long,1638.35,1649.0005999999998,win,103.2059999999994,71.00400000000018,1
27846,27847,27848,long,1578.91,1571.8096,loss,-74.30400000000036,71.00400000000018,1
27858,27859,27859,long,1550.96,1543.8596,loss,-74.30400000000036,71.00400000000018,0
27870,27871,27871,long,1510.71,1503.6096,loss,-74.30400000000036,71.00400000000018,0
27882,27883,27883,long,1527.26,1537.9106,win,103.2059999999994,71.00400000000018,0
27894,27895,27895,long,1484.92,1477.8196,loss,-74.30400000000036,71.00400000000018,0
27906,27907,27907,long,1469.69,1462.5896,loss,-74.30400000000036,71.00400000000018,0
27918,27919,27919,long,1503.3,1496.1996,loss,-74.30400000000036,71.00400000000018,0
27930,27931,27931,long,1554.33,1564.9805999999999,win,103.2059999999994,71.00400000000018,0
27942,27943,27943,long,1625.31,1618.2096,loss,-74.30400000000036,71.00400000000018,0
27954,27955,27956,long,1605.95,1598.8496,loss,-74.30400000000036,71.00400000000018,1
27966,27967,27968,long,1620.47,1622.81,win,20.09999999999918,71.00400000000018,1
27978,27979,27979,long,1621.87,1614.7695999999999,loss,-74.30400000000036,71.00400000000018,0
27990,27991,27992,long,1619.74,1612.6396,loss,-74.30400000000036,71.00400000000018,1
28002,28003,28003,long,1573.68,1566.5796,loss,-74.30400000000036,71.00400000000018,0
28014,28015,28016,long,1585.39,1587.03,win,13.099999999998726,71.00400000000018,1
28026,28027,28028,long,1611.83,1609.46,loss,-26.99999999999891,71.00400000000018,1
28038,28039,28040,long,1614.61,1618.68,win,37.40000000000164,71.00400000000018,1
28050,28051,28051,long,1656.0,1666.6506,win,103.2059999999994,71.00400000000018,0
28062,28063,28064,long,1638.3,1648.9506,win,103.2059999999994,71.00400000000018,1
28074,28075,28076,long,1644.07,1647.36,win,29.599999999999635,71.00400000000018,1
28086,28087,28087,long,1678.34,1688.9905999999999,win,103.2059999999994,71.00400000000018,0
28098,28099,28100,long,1710.16,1720.8106,win,103.2059999999994,71.00400000000018,1
28110,28111,28112,long,1727.07,1727.96,win,5.600000000001001,71.00400000000018,1
28122,28123,28124,long,1713.9,1716.88,win,26.50000000000018,71.00400000000018,1
28134,28135,28135,long,1711.01,1703.9096,loss,-74.30400000000036,71.00400000000018,0
28146,28147,28147,long,1683.06,1675.9596,loss,-74.30400000000036,71.00400000000018,0
28158,28159,28160,long,1694.39,1689.93,loss,-47.90000000000036,71.00400000000018,1
28170,28171,28172,long,1684.89,1687.37,win,21.499999999997907,71.00400000000018,1
28182,28183,28184,long,1715.81,1711.88,loss,-42.59999999999836,71.00400000000018,1
28194,28195,28196,long,1731.28,1724.1796,loss,-74.30400000000036,71.00400000000018,1
28206,28207,28208,long,1721.71,1724.44,win,24.00000000000018,71.00400000000018,1
28218,28219,28220,long,1713.78,1706.6796,loss,-74.30400000000036,71.00400000000018,1
28230,28231,28232,long,1706.74,1706.17,loss,-8.999999999999364,71.00400000000018,1
28242,28243,28244,long,1711.15,1711.98,win,4.999999999999273,71.00400000000018,1
28254,28255,28256,long,1685.84,1687.45,win,12.800000000001273,71.00400000000018,1
28266,28267,28268,long,1697.95,1695.74,loss,-25.400000000000365,71.00400000000018,1
28278,28279,28280,long,1703.99,1698.86,loss,-54.60000000000109,71.00400000000018,1
28290,28291,28292,long,1703.14,1701.69,loss,-17.800000000000455,71.00400000000018,1
28302,28303,28304,long,1682.35,1693.0005999999998,win,103.2059999999994,71.00400000000018,1
28314,28315,28316,long,1718.58,1711.4796,loss,-74.30400000000036,71.00400000000018,1
28326,28327,28328,long,1702.28,1704.29,win,16.79999999999991,71.00400000000018,1
28338,28339,28340,long,1698.4,1696.62,loss,-21.100000000002,71.00400000000018,1
28350,28351,28352,long,1701.75,1705.44,win,33.60000000000055,71.00400000000018,1
28362,28363,28364,long,1714.74,1716.99,win,19.2,71.00400000000018,1
28374,28375,28376,long,1732.11,1728.94,loss,-34.99999999999845,71.00400000000018,1
28386,28387,28388,long,1747.23,1757.8806,win,103.2059999999994,71.00400000000018,1
28398,28399,28400,long,1734.02,1736.97,win,26.200000000000454,71.00400000000018,1
28410,28411,28412,long,1745.23,1744.85,loss,-7.100000000001091,71.00400000000018,1
28422,28423,28424,long,1749.89,1745.23,loss,-49.900000000000816,71.00400000000018,1
28434,28435,28436,long,1723.91,1728.75,win,45.099999999999184,71.00400000000018,1
28446,28447,28448,long,1731.54,1729.07,loss,-28.000000000000274,71.00400000000018,1
28468,28469,28470,long,1709.9,1713.31,win,30.799999999998544,71.00400000000018,1
28480,28481,28482,long,1707.04,1710.12,win,27.49999999999927,71.00400000000018,1
28492,28493,28493,long,1725.86,1718.7595999999999,loss,-74.30400000000036,71.00400000000018,0
28504,28505,28506,long,1734.47,1735.02,win,2.1999999999995454,71.00400000000018,1
28516,28517,28518,long,1735.93,1740.21,win,39.49999999999973,71.00400000000018,1
28528,28529,28530,long,1725.86,1725.07,loss,-11.199999999999637,71.00400000000018,1
28540,28541,28542,long,1699.9,1700.09,loss,-1.4000000000017279,71.00400000000018,1
28552,28553,28554,long,1714.49,1713.88,loss,-9.399999999999,71.00400000000018,1
28564,28565,28566,long,1680.6,1682.18,win,12.500000000001545,71.00400000000018,1
28576,28577,28578,long,1700.08,1700.26,loss,-1.4999999999993632,71.00400000000018,1
28588,28589,28590,long,1711.81,1716.56,win,44.2,71.00400000000018,1
28600,28601,28602,long,1739.93,1734.96,loss,-53.00000000000027,71.00400000000018,1
28612,28613,28614,long,1723.11,1727.23,win,37.900000000001185,71.00400000000018,1
28624,28625,28626,long,1730.72,1732.15,win,11.000000000000636,71.00400000000018,1
28636,28637,28638,long,1724.81,1727.27,win,21.300000000000363,71.00400000000018,1
28648,28649,28650,long,1726.96,1726.51,loss,-7.800000000000455,71.00400000000018,1
28660,28661,28662,long,1726.3,1728.01,win,13.800000000000363,71.00400000000018,1
28672,28673,28674,long,1722.79,1723.62,win,4.999999999999273,71.00400000000018,1
28684,28685,28686,long,1747.19,1748.32,win,7.999999999998818,71.00400000000018,1
28696,28697,28698,long,1754.77,1753.49,loss,-16.099999999999728,71.00400000000018,1
28708,28709,28710,long,1767.5,1770.26,win,24.29999999999991,71.00400000000018,1
28720,28721,28722,long,1754.39,1765.0406,win,103.2059999999994,71.00400000000018,1
28732,28733,28734,long,1762.59,1763.03,win,1.1000000000005459,71.00400000000018,1
28744,28745,28746,long,1770.27,1774.24,win,36.400000000000276,71.00400000000018,1
28756,28757,28758,long,1772.01,1769.32,loss,-30.200000000000546,71.00400000000018,1
28768,28769,28770,long,1779.83,1780.67,win,5.100000000001455,71.00400000000018,1
28780,28781,28782,long,1769.27,1768.58,loss,-10.200000000000546,71.00400000000018,1
28792,28793,28794,long,1773.88,1774.88,win,6.7,71.00400000000018,1
28814,28815,28816,long,1782.66,1785.71,win,27.199999999999545,71.00400000000018,1
28826,28827,28828,long,1794.05,1793.48,loss,-8.999999999999364,71.00400000000018,1
28838,28839,28840,long,1805.4,1806.88,win,11.500000000000181,71.00400000000018,1
28850,28851,28852,long,1803.15,1802.91,loss,-5.700000000000091,71.00400000000018,1
28862,28863,28864,long,1799.01,1800.99,win,16.50000000000018,71.00400000000018,1
28874,28875,28876,long,1803.42,1797.63,loss,-61.19999999999963,71.00400000000018,1
28886,28887,28888,long,1808.62,1807.98,loss,-9.699999999998727,71.00400000000018,1
28898,28899,28900,long,1810.03,1810.34,loss,-0.20000000000054552,71.00400000000018,1
28910,28911,28912,long,1794.52,1797.94,win,30.900000000000727,71.00400000000018,1
28922,28923,28924,long,1807.71,1807.98,loss,-0.6000000000001817,71.00400000000018,1
28934,28935,28936,long,1817.96,1816.6,loss,-16.900000000001274,71.00400000000018,1
28946,28947,28948,long,1841.02,1843.39,win,20.40000000000118,71.00400000000018,1
28958,28959,28960,long,1870.66,1872.89,win,19.00000000000018,71.00400000000018,1
28970,28971,28972,long,1886.58,1887.04,win,1.300000000000364,71.00400000000018,1
28982,28983,28984,long,1902.47,1913.1206,win,103.2059999999994,71.00400000000018,1
28994,28995,28996,long,1942.49,1953.1406,win,103.2059999999994,71.00400000000018,1
29006,29007,29007,long,1958.43,1951.3296,loss,-74.30400000000036,71.00400000000018,0
29018,29019,29020,long,1967.71,1966.54,loss,-15.000000000000728,71.00400000000018,1
29030,29031,29032,long,1957.83,1958.51,win,3.500000000000637,71.00400000000018,1
29042,29043,29044,long,1983.84,1976.7395999999999,loss,-74.30400000000036,71.00400000000018,1
29054,29055,29056,long,1976.08,1972.91,loss,-34.99999999999845,71.00400000000018,1
29066,29067,29068,long,2023.37,2016.2695999999999,loss,-74.30400000000036,71.00400000000018,1
29078,29079,29080,long,2039.92,2041.87,win,16.19999999999818,71.00400000000018,1
29090,29091,29091,long,2061.93,2072.5806,win,103.2059999999994,71.00400000000018,0
29102,29103,29103,long,2026.22,2019.1196,loss,-74.30400000000036,71.00400000000018,0
29114,29115,29116,long,2026.55,2019.4496,loss,-74.30400000000036,71.00400000000018,1
29126,29127,29127,long,1910.19,1920.8406,win,103.2059999999994,71.00400000000018,0
29138,29139,29140,long,1918.36,1929.0105999999998,win,103.2059999999994,71.00400000000018,1
29150,29151,29152,long,1952.48,1956.54,win,37.29999999999946,71.00400000000018,1
29162,29163,29164,long,1944.38,1937.2796,loss,-74.30400000000036,71.00400000000018,1
29174,29175,29175,long,1987.73,1980.6296,loss,-74.30400000000036,71.00400000000018,0
29186,29187,29188,long,2003.14,1996.0396,loss,-74.30400000000036,71.00400000000018,1
29198,29199,29199,long,1924.62,1935.2705999999998,win,103.2059999999994,71.00400000000018,0
29210,29211,29212,long,1945.69,1951.07,win,50.49999999999882,71.00400000000018,1
29222,29223,29224,long,1936.16,1934.69,loss,-18.000000000000274,71.00400000000018,1
29234,29235,29236,long,1928.53,1930.18,win,13.200000000000909,71.00400000000018,1
29246,29247,29248,long,1927.35,1926.45,loss,-12.299999999998636,71.00400000000018,1
29258,29259,29260,long,1956.49,1949.3896,loss,-74.30400000000036,71.00400000000018,1
29270,29271,29272,long,1929.3,1929.47,loss,-1.5999999999992722,71.00400000000018,1
29282,29283,29284,long,1968.96,1972.85,win,35.59999999999873,71.00400000000018,1
29294,29295,29296,long,1967.29,1968.1,win,4.7999999999994545,71.00400000000018,1
29306,29307,29308,long,1968.65,1966.98,loss,-20.00000000000073,71.00400000000018,1
29318,29319,29320,long,1940.4,1944.51,win,37.799999999999,71.00400000000018,1
29330,29331,29332,long,1932.53,1934.79,win,19.29999999999991,71.00400000000018,1
29342,29343,29344,long,1931.99,1932.97,win,6.500000000000182,71.00400000000018,1
29364,29365,29366,long,1930.57,1928.67,loss,-22.299999999998636,71.00400000000018,1
29376,29377,29378,long,1945.22,1946.67,win,11.200000000000454,71.00400000000018,1
29388,29389,29390,long,1944.76,1948.9,win,38.100000000001,71.00400000000018,1
29400,29401,29402,long,1937.46,1940.21,win,24.2,71.00400000000018,1
29412,29413,29414,long,1958.6,1956.22,loss,-27.09999999999882,71.00400000000018,1
29424,29425,29426,long,1951.33,1952.73,win,10.700000000000909,71.00400000000018,1
29436,29437,29438,long,1955.86,1957.23,win,10.400000000001182,71.00400000000018,1
29448,29449,29450,long,1940.09,1950.7405999999999,win,103.2059999999994,71.00400000000018,1
29460,29461,29462,long,1949.55,1950.87,win,9.899999999999363,71.00400000000018,1
29472,29473,29474,long,1910.59,1917.95,win,70.30000000000128,71.00400000000018,1
29484,29485,29486,long,1896.83,1902.61,win,54.49999999999973,71.00400000000018,1
29496,29497,29497,long,1862.7,1855.5996,loss,-74.30400000000036,71.00400000000018,0
29508,29509,29510,long,1865.39,1867.81,win,20.899999999998453,71.00400000000018,1
29520,29521,29522,long,1862.75,1859.5,loss,-35.8,71.00400000000018,1
29532,29533,29534,long,1880.6,1883.28,win,23.500000000000636,71.00400000000018,1
29544,29545,29546,long,1897.65,1894.79,loss,-31.900000000001274,71.00400000000018,1
29556,29557,29558,long,1881.89,1885.13,win,29.10000000000009,71.00400000000018,1
29568,29569,29570,long,1904.8,1900.56,loss,-45.70000000000009,71.00400000000018,1
29580,29581,29582,long,1903.45,1900.74,loss,-30.400000000000365,71.00400000000018,1
29592,29593,29594,long,1914.68,1914.04,loss,-9.700000000001001,71.00400000000018,1
29604,29605,29606,long,1875.9,1878.39,win,21.60000000000009,71.00400000000018,1
29616,29617,29618,long,1887.03,1886.3,loss,-10.600000000000183,71.00400000000018,1
29628,29629,29630,long,1895.14,1899.28,win,38.09999999999873,71.00400000000018,1
29640,29641,29642,long,1926.78,1925.04,loss,-20.70000000000009,71.00400000000018,1
29652,29653,29654,long,1922.06,1921.73,loss,-6.599999999999272,71.00400000000018,1
29664,29665,29666,long,1891.44,1891.83,win,0.5999999999987269,71.00400000000018,1
29676,29677,29678,long,1901.01,1895.89,loss,-54.499999999998906,71.00400000000018,1
29688,29689,29690,long,1911.64,1907.47,loss,-45.000000000000725,71.00400000000018,1
29700,29701,29702,long,1899.61,1901.14,win,12.000000000002,71.00400000000018,1
29712,29713,29714,long,1902.09,1903.31,win,8.900000000000272,71.00400000000018,1
29724,29725,29726,long,1906.82,1914.52,win,73.70000000000046,71.00400000000018,1
29736,29737,29738,long,1925.58,1921.27,loss,-46.39999999999945,71.00400000000018,1
29748,29749,29750,long,1901.14,1903.1,win,16.29999999999809,71.00400000000018,1
29760,29761,29761,long,1901.51,1894.4096,loss,-74.30400000000036,71.00400000000018,0
29772,29773,29774,long,1901.35,1906.82,win,51.400000000000276,71.00400000000018,1
29784,29785,29786,long,1907.43,1906.66,loss,-10.999999999999819,71.00400000000018,1
29796,29797,29798,long,1875.4,1878.25,win,25.19999999999909,71.00400000000018,1
29808,29809,29810,long,1867.1,1874.64,win,72.10000000000191,71.00400000000018,1
29820,29821,29822,long,1879.23,1881.21,win,16.50000000000018,71.00400000000018,1
29832,29833,29834,long,1897.75,1897.62,loss,-4.600000000001091,71.00400000000018,1
29844,29845,29846,long,1908.7,1901.5996,loss,-74.30400000000036,71.00400000000018,1
29856,29857,29858,long,1900.73,1907.32,win,62.599999999999184,71.00400000000018,1
29868,29869,29870,long,1948.88,1941.7796,loss,-74.30400000000036,71.00400000000018,1
29880,29881,29882,long,1957.4,1955.68,loss,-20.500000000000274,71.00400000000018,1
29892,29893,29894,long,1863.5,1874.1506,win,103.2059999999994,71.00400000000018,1
29904,29905,29906,long,1877.15,1879.55,win,20.699999999998635,71.00400000000018,1
29916,29917,29918,long,1865.23,1870.97,win,54.100000000000094,71.00400000000018,1
29928,29929,29930,long,1876.01,1879.2,win,28.600000000000545,71.00400000000018,1
29940,29941,29942,long,1887.78,1896.36,win,82.49999999999928,71.00400000000018,1
29952,29953,29954,long,1889.52,1888.71,loss,-11.399999999999455,71.00400000000018,1
29964,29965,29966,long,1879.2,1878.87,loss,-6.600000000001546,71.00400000000018,1
29976,29977,29978,long,1871.53,1870.29,loss,-15.700000000000092,71.00400000000018,1
29988,29989,29990,long,1864.77,1864.89,loss,-2.0999999999988175,71.00400000000018,1
30000,30001,30002,long,1870.88,1873.16,win,19.499999999999726,71.00400000000018,1
30012,30013,30014,long,1835.25,1828.1496,loss,-74.30400000000036,71.00400000000018,1
30024,30025,30026,long,1807.91,1810.61,win,23.69999999999818,71.00400000000018,1
30036,30037,30038,long,1806.97,1811.17,win,38.70000000000046,71.00400000000018,1
30069,30070,30071,long,1776.52,1778.95,win,21.000000000000636,71.00400000000018,1
30081,30082,30083,long,1814.61,1812.95,loss,-19.899999999998546,71.00400000000018,1
30093,30094,30095,long,1829.94,1826.44,loss,-38.3,71.00400000000018,1
30105,30106,30107,long,1842.01,1839.26,loss,-30.8,71.00400000000018,1
30117,30118,30119,long,1836.9,1837.6,win,3.699999999998181,71.00400000000018,1
30129,30130,30131,long,1862.32,1863.9,win,12.500000000001545,71.00400000000018,1
30141,30142,30143,long,1870.13,1867.3,loss,-31.600000000001547,71.00400000000018,1
30153,30154,30155,long,1839.8,1839.39,loss,-7.399999999998545,71.00400000000018,1
30165,30166,30167,long,1835.44,1840.12,win,43.499999999998366,71.00400000000018,1
30177,30178,30179,long,1837.04,1835.32,loss,-20.500000000000274,71.00400000000018,1
30189,30190,30191,long,1824.86,1829.67,win,44.80000000000173,71.00400000000018,1
30201,30202,30203,long,1854.53,1851.8,loss,-30.600000000000183,71.00400000000018,1
30213,30214,30215,long,1863.67,1864.43,win,4.299999999999909,71.00400000000018,1
30225,30226,30227,long,1885.47,1879.97,loss,-58.3,71.00400000000018,1
30237,30238,30239,long,1882.44,1893.0906,win,103.2059999999994,71.00400000000018,1
30249,30250,30251,long,1877.5,1881.55,win,37.19999999999955,71.00400000000018,1
30261,30262,30263,long,1863.01,1865.99,win,26.50000000000018,71.00400000000018,1
30273,30274,30275,long,1872.7,1876.39,win,33.60000000000055,71.00400000000018,1
30295,30296,30297,long,1874.69,1878.4,win,33.80000000000037,71.00400000000018,1
30307,30308,30309,long,1878.19,1882.98,win,44.59999999999964,71.00400000000018,1
30319,30320,30321,long,1893.76,1896.8,win,27.099999999999635,71.00400000000018,1
30331,30332,30333,long,1908.97,1916.66,win,73.60000000000055,71.00400000000018,1
30343,30344,30345,long,1939.06,1937.47,loss,-19.199999999999182,71.00400000000018,1
30355,30356,30357,long,1948.49,1947.92,loss,-8.999999999999364,71.00400000000018,1
30367,30368,30369,long,1917.42,1918.05,win,2.999999999998818,71.00400000000018,1
30379,30380,30381,long,1910.86,1910.83,loss,-3.599999999999727,71.00400000000018,1
30391,30392,30392,long,1854.43,1847.3296,loss,-74.30400000000036,71.00400000000018,0
30403,30404,30405,long,1844.21,1845.85,win,13.099999999998726,71.00400000000018,1
30415,30416,30417,long,1854.3,1861.98,win,73.50000000000064,71.00400000000018,1
30427,30428,30429,long,1844.21,1849.1,win,45.59999999999873,71.00400000000018,1
30439,30440,30441,long,1844.36,1855.0105999999998,win,103.2059999999994,71.00400000000018,1
30451,30452,30452,long,1828.32,1821.2196,loss,-74.30400000000036,71.00400000000018,0
30473,30474,30475,long,1839.75,1846.27,win,61.89999999999982,71.00400000000018,1
30485,30486,30487,long,1871.16,1868.91,loss,-25.8,71.00400000000018,1
30497,30498,30499,long,1870.52,1863.4196,loss,-74.30400000000036,71.00400000000018,1
30509,30510,30511,long,1858.05,1854.76,loss,-36.19999999999963,71.00400000000018,1
30521,30522,30523,long,1854.75,1858.23,win,31.50000000000018,71.00400000000018,1
30533,30534,30535,long,1849.89,1845.99,loss,-42.30000000000091,71.00400000000018,1
30545,30546,30547,long,1844.45,1837.3496,loss,-74.30400000000036,71.00400000000018,1
30557,30558,30559,long,1840.94,1843.01,win,17.399999999999363,71.00400000000018,1
30569,30570,30571,long,1855.11,1852.19,loss,-32.49999999999845,71.00400000000018,1
30581,30582,30583,long,1857.5,1862.74,win,49.100000000000094,71.00400000000018,1
30593,30594,30595,long,1835.45,1841.57,win,57.89999999999891,71.00400000000018,1
30605,30606,30607,long,1832.67,1825.5696,loss,-74.30400000000036,71.00400000000018,1
30617,30618,30619,long,1793.4,1796.42,win,26.899999999999817,71.00400000000018,1
30629,30630,30631,long,1817.36,1815.36,loss,-23.3,71.00400000000018,1
30641,30642,30643,long,1830.33,1836.85,win,61.89999999999982,71.00400000000018,1
30653,30654,30655,long,1837.03,1839.56,win,21.999999999999726,71.00400000000018,1
30665,30666,30667,long,1842.54,1838.67,loss,-41.999999999998906,71.00400000000018,1
30677,30678,30679,long,1824.66,1823.41,loss,-15.8,71.00400000000018,1
30689,30690,30691,long,1824.81,1826.9,win,17.600000000001454,71.00400000000018,1
30711,30712,30712,long,1793.89,1786.7896,loss,-74.30400000000036,71.00400000000018,0
30723,30724,30725,long,1775.88,1780.72,win,45.099999999999184,71.00400000000018,1
30735,30736,30737,long,1774.89,1767.7896,loss,-74.30400000000036,71.00400000000018,1
30747,30748,30749,long,1786.7,1786.59,loss,-4.400000000001273,71.00400000000018,1
30759,30760,30761,long,1809.09,1813.09,win,36.7,71.00400000000018,1
30771,30772,30773,long,1804.39,1811.93,win,72.09999999999964,71.00400000000018,1
30783,30784,30785,long,1804.89,1797.7896,loss,-74.30400000000036,71.00400000000018,1
30795,30796,30797,long,1768.99,1771.13,win,18.100000000001,71.00400000000018,1
30807,30808,30809,long,1734.03,1744.6806,win,103.2059999999994,71.00400000000018,1
30819,30820,30821,long,1724.06,1716.9596,loss,-74.30400000000036,71.00400000000018,1
30831,30832,30833,long,1736.85,1734.1,loss,-30.8,71.00400000000018,1
30843,30844,30845,long,1707.95,1715.04,win,67.59999999999918,71.00400000000018,1
30855,30856,30857,long,1696.58,1689.4796,loss,-74.30400000000036,71.00400000000018,1
30867,30868,30869,long,1703.94,1713.18,win,89.1000000000001,71.00400000000018,1
30879,30880,30881,long,1682.83,1683.35,win,1.8999999999998183,71.00400000000018,1
30891,30892,30893,long,1717.13,1713.52,loss,-39.40000000000127,71.00400000000018,1
30903,30904,30905,long,1726.1,1725.96,loss,-4.6999999999987265,71.00400000000018,1
30915,30916,30917,long,1721.72,1724.82,win,27.69999999999909,71.00400000000018,1
30927,30928,30929,long,1726.87,1729.44,win,22.400000000001636,71.00400000000018,1
30939,30940,30941,long,1731.28,1732.05,win,4.399999999999818,71.00400000000018,1
30951,30952,30953,long,1730.91,1733.52,win,22.799999999999,71.00400000000018,1
30963,30964,30965,long,1744.62,1752.96,win,80.10000000000146,71.00400000000018,1
30975,30976,30977,long,1733.21,1731.13,loss,-24.099999999999273,71.00400000000018,1
30987,30988,30988,long,1746.38,1739.2796,loss,-74.30400000000036,71.00400000000018,0
30999,31000,31001,long,1738.29,1733.33,loss,-52.90000000000036,71.00400000000018,1
31011,31012,31013,long,1725.68,1730.38,win,43.70000000000046,71.00400000000018,1
31023,31024,31025,long,1732.84,1733.08,loss,-0.8999999999999089,71.00400000000018,1
31035,31036,31037,long,1726.44,1728.42,win,16.50000000000018,71.00400000000018,1
31047,31048,31049,long,1731.98,1731.09,loss,-12.200000000001001,71.00400000000018,1
31059,31060,31061,long,1711.38,1713.07,win,13.599999999998271,71.00400000000018,1
31071,31072,31073,long,1684.75,1684.07,loss,-10.100000000000637,71.00400000000018,1
31083,31084,31085,long,1707.08,1706.78,loss,-6.299999999999545,71.00400000000018,1
31095,31096,31097,long,1726.1,1727.86,win,14.299999999999908,71.00400000000018,1
31107,31108,31109,long,1727.6,1729.06,win,11.300000000000363,71.00400000000018,1
31119,31120,31121,long,1742.05,1740.98,loss,-13.999999999999364,71.00400000000018,1
31131,31132,31133,long,1737.0,1736.16,loss,-11.699999999999182,71.00400000000018,1
31143,31144,31145,long,1754.93,1755.08,loss,-1.800000000001364,71.00400000000018,1
31155,31156,31157,long,1742.94,1741.63,loss,-16.399999999999455,71.00400000000018,1
31167,31168,31169,long,1730.13,1730.5,win,0.3999999999989088,71.00400000000018,1
31179,31180,31181,long,1745.22,1746.93,win,13.800000000000363,71.00400000000018,1
31191,31192,31193,long,1733.23,1738.62,win,50.59999999999873,71.00400000000018,1
31203,31204,31205,long,1763.92,1762.56,loss,-16.900000000001274,71.00400000000018,1
31215,31216,31217,long,1777.42,1782.04,win,42.89999999999891,71.00400000000018,1
31227,31228,31229,long,1769.8,1768.57,loss,-15.600000000000183,71.00400000000018,1
31239,31240,31241,long,1780.01,1777.3,loss,-30.400000000000365,71.00400000000018,1
31251,31252,31253,long,1793.06,1793.87,win,4.7999999999994545,71.00400000000018,1
31263,31264,31265,long,1782.75,1783.92,win,8.400000000000727,71.00400000000018,1
31275,31276,31277,long,1775.72,1778.27,win,22.199999999999545,71.00400000000018,1
31287,31288,31289,long,1780.49,1781.22,win,4.000000000000182,71.00400000000018,1
31299,31300,31301,long,1775.78,1771.67,loss,-44.399999999999,71.00400000000018,1
31311,31312,31313,long,1781.26,1784.58,win,29.899999999999363,71.00400000000018,1
31323,31324,31325,long,1771.99,1769.65,loss,-26.699999999999182,71.00400000000018,1
31335,31336,31337,long,1767.75,1770.68,win,26.000000000000636,71.00400000000018,1
31347,31348,31349,long,1793.54,1791.06,loss,-28.100000000000183,71.00400000000018,1
31359,31360,31361,long,1777.7,1778.52,win,4.8999999999993635,71.00400000000018,1
31371,31372,31373,long,1788.1,1783.29,loss,-51.39999999999945,71.00400000000018,1
31383,31384,31385,long,1814.18,1814.47,loss,-0.4000000000003636,71.00400000000018,1
31395,31396,31397,long,1832.27,1832.98,win,3.800000000000364,71.00400000000018,1
31407,31408,31409,long,1834.77,1833.78,loss,-13.200000000000092,71.00400000000018,1
31419,31420,31421,long,1836.78,1834.23,loss,-28.799999999999546,71.00400000000018,1
31431,31432,31433,long,1814.78,1818.46,win,33.50000000000064,71.00400000000018,1
31443,31444,31445,long,1826.6,1825.65,loss,-12.799999999998182,71.00400000000018,1
31455,31456,31457,long,1842.87,1844.06,win,8.600000000000545,71.00400000000018,1
31467,31468,31469,long,1866.45,1869.02,win,22.399999999999363,71.00400000000018,1
31479,31480,31481,long,1869.51,1869.6,loss,-2.4000000000008184,71.00400000000018,1
31491,31492,31493,long,1868.85,1871.68,win,25.000000000001545,71.00400000000018,1
31503,31504,31505,long,1878.03,1874.54,loss,-38.20000000000009,71.00400000000018,1
31515,31516,31517,long,1881.15,1880.89,loss,-5.899999999999909,71.00400000000018,1
31527,31528,31529,long,1879.68,1878.62,loss,-13.900000000001729,71.00400000000018,1
31539,31540,31541,long,1898.69,1897.75,loss,-12.700000000000546,71.00400000000018,1
31551,31552,31553,long,1895.8,1894.44,loss,-16.899999999999,71.00400000000018,1
31563,31564,31565,long,1896.25,1896.76,win,1.7999999999999092,71.00400000000018,1
31575,31576,31577,long,1903.05,1904.76,win,13.800000000000363,71.00400000000018,1
31597,31598,31599,long,1898.67,1898.76,loss,-2.4000000000008184,71.00400000000018,1
31609,31610,31611,long,1906.09,1908.25,win,18.300000000000818,71.00400000000018,1
31621,31622,31623,long,1869.61,1869.28,loss,-6.599999999999272,71.00400000000018,1
31633,31634,31635,long,1890.29,1890.67,win,0.5000000000010916,71.00400000000018,1
31645,31646,31647,long,1899.02,1901.33,win,19.799999999999454,71.00400000000018,1
31657,31658,31659,long,1890.44,1894.98,win,42.09999999999964,71.00400000000018,1
31669,31670,31671,long,1888.94,1885.89,loss,-33.79999999999954,71.00400000000018,1
31681,31682,31683,long,1894.31,1899.44,win,48.000000000001094,71.00400000000018,1
31693,31694,31695,long,1877.37,1870.74,loss,-69.59999999999881,71.00400000000018,1
31705,31706,31707,long,1867.1,1866.35,loss,-10.8,71.00400000000018,1
31717,31718,31719,long,1860.45,1854.49,loss,-62.90000000000036,71.00400000000018,1
31729,31730,31731,long,1811.11,1817.65,win,62.10000000000191,71.00400000000018,1
31741,31742,31743,long,1773.63,1779.05,win,50.89999999999846,71.00400000000018,1
31753,31754,31755,long,1765.98,1773.03,win,67.19999999999955,71.00400000000018,1
31765,31766,31767,long,1782.05,1785.85,win,34.69999999999955,71.00400000000018,1
31777,31778,31779,long,1778.17,1778.63,win,1.300000000000364,71.00400000000018,1
31789,31790,31791,long,1777.45,1778.69,win,9.10000000000009,71.00400000000018,1
31801,31802,31803,long,1774.0,1773.96,loss,-3.699999999999636,71.00400000000018,1
31813,31814,31815,long,1781.06,1780.49,loss,-8.999999999999364,71.00400000000018,1
31825,31826,31827,long,1777.39,1775.7,loss,-20.200000000000546,71.00400000000018,1
31837,31838,31839,long,1761.11,1762.34,win,9.000000000000181,71.00400000000018,1
31849,31850,31851,long,1769.16,1766.16,loss,-33.3,71.00400000000018,1
31861,31862,31863,long,1775.66,1777.24,win,12.499999999999272,71.00400000000018,1
31873,31874,31875,long,1786.86,1785.85,loss,-13.39999999999991,71.00400000000018,1
31895,31896,31897,long,1796.9,1795.19,loss,-20.400000000000365,71.00400000000018,1
31907,31908,31909,long,1802.75,1804.35,win,12.69999999999909,71.00400000000018,1
31919,31920,31921,long,1801.46,1800.66,loss,-11.299999999999546,71.00400000000018,1
31931,31932,31933,long,1807.62,1808.82,win,8.700000000000454,71.00400000000018,1
31943,31944,31945,long,1805.08,1807.14,win,17.300000000001727,71.00400000000018,1
31955,31956,31957,long,1807.19,1807.25,loss,-2.7000000000005455,71.00400000000018,1
31967,31968,31969,long,1828.12,1824.91,loss,-35.39999999999809,71.00400000000018,1
31979,31980,31981,long,1828.47,1829.25,win,4.499999999999727,71.00400000000018,1
31991,31992,31993,long,1811.29,1814.73,win,31.100000000000545,71.00400000000018,1
32003,32004,32005,long,1811.62,1813.27,win,13.200000000000909,71.00400000000018,1
32015,32016,32017,long,1806.51,1808.53,win,16.899999999999817,71.00400000000018,1
32027,32028,32029,long,1803.5,1802.18,loss,-16.499999999999364,71.00400000000018,1
32039,32040,32041,long,1807.9,1806.93,loss,-13.000000000000274,71.00400000000018,1
32051,32052,32053,long,1802.08,1799.2,loss,-32.099999999998815,71.00400000000018,1
32063,32064,32065,long,1796.55,1798.34,win,14.599999999999635,71.00400000000018,1
32075,32076,32077,long,1797.96,1798.63,win,3.4000000000007278,71.00400000000018,1
32087,32088,32089,long,1806.9,1809.37,win,21.399999999998,71.00400000000018,1
32099,32100,32101,long,1827.68,1827.27,loss,-7.400000000000818,71.00400000000018,1
32111,32112,32113,long,1813.75,1816.39,win,23.100000000001,71.00400000000018,1
32123,32124,32125,long,1813.62,1811.26,loss,-26.899999999999,71.00400000000018,1
32135,32136,32137,long,1809.91,1810.31,win,0.6999999999986359,71.00400000000018,1
32147,32148,32149,long,1811.53,1809.71,loss,-21.499999999999364,71.00400000000018,1
32159,32160,32161,long,1804.46,1801.71,loss,-30.8,71.00400000000018,1
32171,32172,32172,long,1763.09,1755.9895999999999,loss,-74.30400000000036,71.00400000000018,0
32183,32184,32185,long,1729.59,1732.37,win,24.499999999999726,71.00400000000018,1
32195,32196,32197,long,1728.56,1726.19,loss,-26.99999999999891,71.00400000000018,1
32207,32208,32209,long,1751.39,1751.18,loss,-5.400000000000364,71.00400000000018,1
32219,32220,32221,long,1751.81,1753.03,win,8.900000000000272,71.00400000000018,1
32231,32232,32233,long,1779.3,1780.56,win,9.299999999999908,71.00400000000018,1
32243,32244,32245,long,1786.78,1786.76,loss,-3.499999999999818,71.00400000000018,1
32255,32256,32257,long,1784.94,1785.89,win,6.200000000000455,71.00400000000018,1
32267,32268,32269,long,1787.24,1784.34,loss,-32.30000000000091,71.00400000000018,1
32279,32280,32281,long,1779.1,1780.95,win,15.200000000001364,71.00400000000018,1
32291,32292,32293,long,1780.81,1779.09,loss,-20.500000000000274,71.00400000000018,1
32303,32304,32305,long,1804.46,1801.91,loss,-28.799999999999546,71.00400000000018,1
32315,32316,32317,long,1802.52,1795.4196,loss,-74.30400000000036,71.00400000000018,1
32327,32328,32329,long,1790.53,1790.16,loss,-6.999999999998908,71.00400000000018,1
32339,32340,32341,long,1791.69,1793.88,win,18.600000000000545,71.00400000000018,1
32351,32352,32353,long,1817.93,1820.85,win,25.899999999998453,71.00400000000018,1
32363,32364,32365,long,1808.75,1812.54,win,34.59999999999964,71.00400000000018,1
32375,32376,32377,long,1814.4,1812.26,loss,-24.700000000001,71.00400000000018,1
32387,32388,32389,long,1812.95,1814.3,win,10.19999999999909,71.00400000000018,1
32399,32400,32401,long,1806.99,1810.98,win,36.600000000000094,71.00400000000018,1
32411,32412,32413,long,1828.17,1825.63,loss,-28.699999999999637,71.00400000000018,1
32433,32434,32435,long,1794.97,1798.31,win,30.09999999999918,71.00400000000018,1
32445,32446,32447,long,1789.8,1789.5,loss,-6.299999999999545,71.00400000000018,1
32457,32458,32459,long,1793.91,1795.82,win,15.799999999998544,71.00400000000018,1
32469,32470,32471,long,1788.93,1787.07,loss,-21.900000000001274,71.00400000000018,1
32481,32482,32483,long,1793.27,1791.14,loss,-24.59999999999882,71.00400000000018,1
32493,32494,32495,long,1804.28,1802.76,loss,-18.49999999999982,71.00400000000018,1
32505,32506,32507,long,1794.0,1794.83,win,4.999999999999273,71.00400000000018,1
32517,32518,32519,long,1753.58,1756.33,win,24.2,71.00400000000018,1
32529,32530,32531,long,1753.62,1752.48,loss,-14.699999999998727,71.00400000000018,1
32541,32542,32543,long,1764.39,1763.31,loss,-14.100000000001547,71.00400000000018,1
32553,32554,32555,long,1774.87,1772.68,loss,-25.199999999998273,71.00400000000018,1
32565,32566,32567,long,1768.24,1765.74,loss,-28.3,71.00400000000018,1
32577,32578,32579,long,1744.31,1748.27,win,36.30000000000037,71.00400000000018,1
32589,32590,32591,long,1748.22,1753.94,win,53.900000000000276,71.00400000000018,1
32601,32602,32603,long,1750.31,1749.55,loss,-10.89999999999991,71.00400000000018,1
32613,32614,32615,long,1734.07,1734.0,loss,-3.999999999999363,71.00400000000018,1
32625,32626,32627,long,1726.72,1730.0,win,29.499999999999726,71.00400000000018,1
32637,32638,32639,long,1756.24,1751.38,loss,-51.899999999999,71.00400000000018,1
32649,32650,32651,long,1760.75,1763.96,win,28.800000000000363,71.00400000000018,1
32661,32662,32663,long,1769.42,1765.81,loss,-39.40000000000127,71.00400000000018,1
32673,32674,32675,long,1759.82,1757.54,loss,-26.099999999999728,71.00400000000018,1
32685,32686,32687,long,1762.91,1762.65,loss,-5.899999999999909,71.00400000000018,1
32697,32698,32699,long,1755.95,1755.77,loss,-5.1000000000006365,71.00400000000018,1
32709,32710,32710,long,1757.79,1750.6896,loss,-74.30400000000036,71.00400000000018,0
32721,32722,32723,long,1753.89,1751.87,loss,-23.500000000002093,71.00400000000018,1
32733,32734,32735,long,1759.93,1761.24,win,9.799999999999454,71.00400000000018,1
32745,32746,32747,long,1792.66,1792.73,loss,-2.6000000000006365,71.00400000000018,1
32757,32758,32759,long,1795.61,1794.56,loss,-13.799999999999546,71.00400000000018,1
32769,32770,32771,long,1766.49,1771.26,win,44.39999999999982,71.00400000000018,1
32781,32782,32783,long,1764.87,1767.26,win,20.600000000001,71.00400000000018,1
32793,32794,32795,long,1769.09,1769.01,loss,-4.099999999999272,71.00400000000018,1
32805,32806,32807,long,1782.18,1783.8,win,12.899999999998908,71.00400000000018,1
32817,32818,32819,long,1783.23,1785.08,win,15.19999999999909,71.00400000000018,1
32829,32830,32831,long,1792.51,1797.01,win,41.7,71.00400000000018,1
32841,32842,32843,long,1807.34,1805.28,loss,-23.899999999999455,71.00400000000018,1
32853,32854,32855,long,1792.99,1791.82,loss,-15.000000000000728,71.00400000000018,1
32865,32866,32867,long,1796.43,1794.66,loss,-20.99999999999982,71.00400000000018,1
32877,32878,32879,long,1799.48,1797.93,loss,-18.799999999999546,71.00400000000018,1
32889,32890,32891,long,1782.98,1784.48,win,11.7,71.00400000000018,1
32901,32902,32903,long,1792.9,1790.07,loss,-31.600000000001547,71.00400000000018,1
32913,32914,32915,long,1787.68,1783.22,loss,-47.90000000000036,71.00400000000018,1
32925,32926,32927,long,1770.34,1775.4,win,47.30000000000173,71.00400000000018,1
32937,32938,32939,long,1791.01,1795.48,win,41.400000000000276,71.00400000000018,1
32949,32950,32951,long,1817.46,1816.55,loss,-12.40000000000082,71.00400000000018,1
32961,32962,32963,long,1824.73,1824.76,loss,-3.0000000000002727,71.00400000000018,1
32973,32974,32975,long,1832.0,1827.62,loss,-47.10000000000109,71.00400000000018,1
32985,32986,32987,long,1849.38,1845.42,loss,-42.90000000000036,71.00400000000018,1
32997,32998,32999,long,1861.68,1859.07,loss,-29.400000000001274,71.00400000000018,1
33009,33010,33011,long,1866.45,1859.3496,loss,-74.30400000000036,71.00400000000018,1
33021,33022,33023,long,1862.76,1865.83,win,27.399999999999363,71.00400000000018,1
33033,33034,33035,long,1850.13,1855.61,win,51.49999999999791,71.00400000000018,1
33045,33046,33047,long,1866.81,1868.11,win,9.699999999999545,71.00400000000018,1
33057,33058,33059,long,1859.05,1861.38,win,20.000000000001545,71.00400000000018,1
33069,33070,33071,long,1844.7,1845.73,win,6.999999999999727,71.00400000000018,1
33081,33082,33083,long,1806.62,1811.26,win,43.100000000001,71.00400000000018,1
33093,33094,33095,long,1789.14,1794.96,win,54.899999999999366,71.00400000000018,1
33105,33106,33107,long,1788.96,1791.81,win,25.19999999999909,71.00400000000018,1
33138,33139,33140,long,1784.99,1788.39,win,30.70000000000091,71.00400000000018,1
33150,33151,33152,long,1774.76,1775.24,win,1.500000000000182,71.00400000000018,1
33162,33163,33164,long,1781.36,1780.05,loss,-16.399999999999455,71.00400000000018,1
33174,33175,33176,long,1769.68,1770.5,win,4.8999999999993635,71.00400000000018,1
33186,33187,33188,long,1785.2,1786.11,win,5.799999999998545,71.00400000000018,1
33198,33199,33200,long,1778.77,1778.99,loss,-1.099999999999727,71.00400000000018,1
33210,33211,33212,long,1784.3,1786.71,win,20.800000000000818,71.00400000000018,1
33222,33223,33224,long,1782.97,1784.33,win,10.299999999998999,71.00400000000018,1
33234,33235,33236,long,1775.77,1778.26,win,21.60000000000009,71.00400000000018,1
33246,33247,33248,long,1781.64,1786.69,win,47.19999999999955,71.00400000000018,1
33258,33259,33260,long,1785.98,1788.31,win,19.99999999999927,71.00400000000018,1
33270,33271,33272,long,1771.11,1772.62,win,11.799999999999908,71.00400000000018,1
33282,33283,33284,long,1777.81,1782.4,win,42.60000000000146,71.00400000000018,1
33294,33295,33296,long,1798.85,1802.24,win,30.600000000001,71.00400000000018,1
33306,33307,33308,long,1798.74,1800.96,win,18.900000000000272,71.00400000000018,1
33318,33319,33320,long,1791.01,1790.06,loss,-12.800000000000455,71.00400000000018,1
33330,33331,33332,long,1789.02,1789.45,win,1.0000000000006368,71.00400000000018,1
33342,33343,33344,long,1803.77,1807.0,win,29.00000000000018,71.00400000000018,1
33354,33355,33356,long,1807.31,1810.82,win,31.79999999999991,71.00400000000018,1
33366,33367,33368,long,1811.14,1810.07,loss,-14.000000000001638,71.00400000000018,1
33378,33379,33380,long,1806.31,1805.77,loss,-8.699999999999637,71.00400000000018,1
33390,33391,33392,long,1804.45,1803.3,loss,-14.80000000000091,71.00400000000018,1
33402,33403,33404,long,1814.83,1816.51,win,13.500000000000636,71.00400000000018,1
33414,33415,33416,long,1829.38,1828.74,loss,-9.700000000001001,71.00400000000018,1
33426,33427,33428,long,1802.11,1805.06,win,26.200000000000454,71.00400000000018,1
33438,33439,33440,long,1814.15,1815.19,win,7.099999999999636,71.00400000000018,1
33450,33451,33452,long,1810.53,1810.02,loss,-8.39999999999991,71.00400000000018,1
33462,33463,33464,long,1790.99,1790.56,loss,-7.6000000000006365,71.00400000000018,1
33474,33475,33476,long,1794.37,1794.88,win,1.800000000002183,71.00400000000018,1
33486,33487,33488,long,1800.52,1804.82,win,39.69999999999955,71.00400000000018,1
33498,33499,33500,long,1820.79,1819.02,loss,-20.99999999999982,71.00400000000018,1
33510,33511,33512,long,1825.64,1825.33,loss,-6.400000000001728,71.00400000000018,1
33522,33523,33524,long,1821.49,1822.35,win,5.299999999999,71.00400000000018,1
33534,33535,33536,long,1817.46,1816.03,loss,-17.600000000000637,71.00400000000018,1
33557,33558,33559,long,1813.5,1812.2,loss,-16.299999999999546,71.00400000000018,1
33569,33570,33571,long,1839.61,1841.24,win,13.00000000000109,71.00400000000018,1
33581,33582,33583,long,1838.95,1838.33,loss,-9.500000000001183,71.00400000000018,1
33593,33594,33595,long,1833.17,1836.09,win,25.899999999998453,71.00400000000018,1
33605,33606,33607,long,1842.75,1840.04,loss,-30.400000000000365,71.00400000000018,1
33617,33618,33619,long,1847.7,1847.82,loss,-2.100000000001091,71.00400000000018,1
33629,33630,33631,long,1819.85,1815.58,loss,-45.999999999999815,71.00400000000018,1
33641,33642,33643,long,1797.6,1798.68,win,7.500000000001546,71.00400000000018,1
33653,33654,33655,long,1790.22,1790.19,loss,-3.599999999999727,71.00400000000018,1
33665,33666,33667,long,1797.75,1797.44,loss,-6.399999999999454,71.00400000000018,1
33677,33678,33679,long,1800.3,1800.32,loss,-3.1000000000001817,71.00400000000018,1
33689,33690,33691,long,1806.74,1808.55,win,14.799999999999454,71.00400000000018,1
33701,33702,33703,long,1805.19,1807.1,win,15.799999999998544,71.00400000000018,1
33713,33714,33715,long,1807.58,1810.23,win,23.20000000000091,71.00400000000018,1
33725,33726,33727,long,1820.68,1822.06,win,10.499999999998817,71.00400000000018,1
33737,33738,33739,long,1825.87,1826.67,win,4.700000000001819,71.00400000000018,1
33749,33750,33751,long,1832.85,1833.73,win,5.500000000001092,71.00400000000018,1
33761,33762,33763,long,1826.4,1825.66,loss,-10.700000000000092,71.00400000000018,1
33773,33774,33775,long,1860.0,1859.52,loss,-8.100000000000183,71.00400000000018,1
33785,33786,33787,long,1871.33,1870.92,loss,-7.399999999998545,71.00400000000018,1
33797,33798,33799,long,1853.61,1852.39,loss,-15.499999999998,71.00400000000018,1
33809,33810,33811,long,1869.61,1870.04,win,1.0000000000006368,71.00400000000018,1
33821,33822,33823,long,1897.89,1890.7896,loss,-74.30400000000036,71.00400000000018,1
33833,33834,33835,long,1900.56,1893.4596,loss,-74.30400000000036,71.00400000000018,1
33856,33857,33858,long,1898.85,1898.18,loss,-9.999999999998455,71.00400000000018,1
33868,33869,33870,long,1909.29,1913.3,win,36.79999999999991,71.00400000000018,1
33880,33881,33882,long,1904.49,1915.1406,win,103.2059999999994,71.00400000000018,1
33892,33893,33893,long,1920.9,1913.7996,loss,-74.30400000000036,71.00400000000018,0
33904,33905,33906,long,1906.81,1902.8,loss,-43.399999999999906,71.00400000000018,1
33916,33917,33918,long,1943.42,1936.3196,loss,-74.30400000000036,71.00400000000018,1
33928,33929,33930,long,1928.66,1930.43,win,14.399999999999817,71.00400000000018,1
33940,33941,33942,long,1936.54,1947.1906,win,103.2059999999994,71.00400000000018,1
33952,33953,33953,long,1976.11,1986.7605999999998,win,103.2059999999994,71.00400000000018,0
33964,33965,33966,long,1996.01,1988.9096,loss,-74.30400000000036,71.00400000000018,1
33976,33977,33978,long,2049.0,2041.8996,loss,-74.30400000000036,71.00400000000018,1
33988,33989,33990,long,1991.86,1984.7595999999999,loss,-74.30400000000036,71.00400000000018,1
34000,34001,34002,long,1996.42,1989.3196,loss,-74.30400000000036,71.00400000000018,1
34012,34013,34013,long,1988.2,1981.0996,loss,-74.30400000000036,71.00400000000018,0
34024,34025,34026,long,1951.74,1944.6396,loss,-74.30400000000036,71.00400000000018,1
34036,34037,34038,long,1918.89,1920.02,win,7.999999999998818,71.00400000000018,1
34048,34049,34050,long,1927.48,1933.46,win,56.500000000000185,71.00400000000018,1
34060,34061,34062,long,1942.22,1936.56,loss,-59.900000000000816,71.00400000000018,1
34072,34073,34074,long,1922.48,1927.93,win,51.20000000000046,71.00400000000018,1
34084,34085,34086,long,1935.37,1932.7,loss,-29.999999999998455,71.00400000000018,1
34096,34097,34098,long,1920.82,1920.05,loss,-10.999999999999819,71.00400000000018,1
34108,34109,34110,long,1943.45,1941.82,loss,-19.600000000001092,71.00400000000018,1
34120,34121,34122,long,1957.72,1960.21,win,21.60000000000009,71.00400000000018,1
34132,34133,34134,long,1956.53,1957.46,win,6.000000000000637,71.00400000000018,1
34144,34145,34146,long,1922.24,1922.25,loss,-3.2000000000000908,71.00400000000018,1
34156,34157,34158,long,1919.35,1919.0,loss,-6.79999999999909,71.00400000000018,1
34168,34169,34170,long,1932.89,1931.53,loss,-16.900000000001274,71.00400000000018,1
34180,34181,34182,long,1936.99,1934.06,loss,-32.600000000000634,71.00400000000018,1
34192,34193,34194,long,1924.99,1925.49,win,1.7000000000000002,71.00400000000018,1
34204,34205,34206,long,1932.25,1931.79,loss,-7.900000000000364,71.00400000000018,1
34216,34217,34218,long,1923.35,1919.5,loss,-41.79999999999909,71.00400000000018,1
34228,34229,34230,long,1924.16,1925.25,win,7.599999999999182,71.00400000000018,1
34240,34241,34242,long,1931.17,1932.89,win,13.900000000000272,71.00400000000018,1
34252,34253,34254,long,1946.45,1945.11,loss,-16.700000000001456,71.00400000000018,1
34264,34265,34266,long,1953.65,1952.2,loss,-17.800000000000455,71.00400000000018,1
34276,34277,34278,long,1966.46,1963.97,loss,-28.20000000000009,71.00400000000018,1
34288,34289,34290,long,1977.09,1974.81,loss,-26.099999999999728,71.00400000000018,1
34300,34301,34302,long,1972.43,1983.0806,win,103.2059999999994,71.00400000000018,1
34312,34313,34314,long,1977.14,1975.65,loss,-18.20000000000009,71.00400000000018,1
34324,34325,34326,long,1949.82,1946.74,loss,-34.09999999999927,71.00400000000018,1
34336,34337,34338,long,1956.54,1955.85,loss,-10.200000000000546,71.00400000000018,1
34348,34349,34350,long,1950.65,1950.02,loss,-9.600000000001092,71.00400000000018,1
34360,34361,34362,long,1930.5,1927.68,loss,-31.499999999999364,71.00400000000018,1
34372,34373,34374,long,1898.34,1900.81,win,21.400000000000272,71.00400000000018,1
34384,34385,34386,long,1905.52,1903.67,loss,-21.79999999999909,71.00400000000018,1
34396,34397,34398,long,1885.66,1883.69,loss,-23.000000000000274,71.00400000000018,1
34408,34409,34410,long,1894.11,1897.14,win,27.000000000002,71.00400000000018,1
34420,34421,34422,long,1896.19,1889.0896,loss,-74.30400000000036,71.00400000000018,1
34432,34433,34434,long,1863.11,1866.61,win,31.7,71.00400000000018,1
34444,34445,34446,long,1867.8,1865.79,loss,-23.39999999999991,71.00400000000018,1
34456,34457,34458,long,1882.85,1893.5005999999998,win,103.2059999999994,71.00400000000018,1
34468,34469,34470,long,1876.43,1872.26,loss,-45.000000000000725,71.00400000000018,1
34480,34481,34482,long,1882.94,1881.03,loss,-22.40000000000082,71.00400000000018,1
34492,34493,34494,long,1853.96,1854.03,loss,-2.6000000000006365,71.00400000000018,1
34504,34505,34506,long,1838.34,1832.22,loss,-64.4999999999989,71.00400000000018,1
34516,34517,34518,long,1851.61,1857.13,win,51.900000000002095,71.00400000000018,1
34528,34529,34529,long,1821.95,1814.8496,loss,-74.30400000000036,71.00400000000018,0
34540,34541,34542,long,1809.97,1815.56,win,52.599999999999184,71.00400000000018,1
34552,34553,34554,long,1825.13,1825.3,loss,-1.600000000001546,71.00400000000018,1
34564,34565,34566,long,1814.52,1816.03,win,11.799999999999908,71.00400000000018,1
34576,34577,34578,long,1816.24,1814.97,loss,-15.999999999999819,71.00400000000018,1
34588,34589,34590,long,1841.43,1841.19,loss,-5.700000000000091,71.00400000000018,1
34600,34601,34602,long,1848.87,1852.29,win,30.900000000000727,71.00400000000018,1
34612,34613,34614,long,1853.29,1851.79,loss,-18.3,71.00400000000018,1
34624,34625,34626,long,1864.53,1865.0,win,1.400000000000273,71.00400000000018,1
34636,34637,34638,long,1852.68,1852.22,loss,-7.900000000000364,71.00400000000018,1
34648,34649,34650,long,1850.3,1849.22,loss,-14.099999999999273,71.00400000000018,1
34660,34661,34662,long,1852.59,1850.25,loss,-26.699999999999182,71.00400000000018,1
34683,34684,34685,long,1836.62,1834.25,loss,-26.99999999999891,71.00400000000018,1
34695,34696,34697,long,1846.6,1847.11,win,1.7999999999999092,71.00400000000018,1
34707,34708,34709,long,1869.02,1873.09,win,37.399999999999366,71.00400000000018,1
34719,34720,34721,long,1849.74,1850.67,win,6.000000000000637,71.00400000000018,1
34731,34732,34733,long,1841.16,1838.87,loss,-26.20000000000191,71.00400000000018,1
34743,34744,34745,long,1852.47,1850.05,loss,-27.50000000000073,71.00400000000018,1
34755,34756,34757,long,1851.99,1851.68,loss,-6.399999999999454,71.00400000000018,1
34767,34768,34769,long,1847.73,1847.46,loss,-5.999999999999818,71.00400000000018,1
34779,34780,34781,long,1875.11,1872.44,loss,-29.999999999998455,71.00400000000018,1
34791,34792,34792,long,1820.28,1813.1796,loss,-74.30400000000036,71.00400000000018,0
34803,34804,34805,long,1808.35,1811.22,win,25.40000000000118,71.00400000000018,1
34815,34816,34817,long,1833.27,1834.0,win,4.000000000000182,71.00400000000018,1
34827,34828,34829,long,1855.45,1848.3496,loss,-74.30400000000036,71.00400000000018,1
34839,34840,34841,long,1836.65,1839.64,win,26.60000000000009,71.00400000000018,1
34862,34863,34864,long,1832.71,1828.28,loss,-47.600000000000634,71.00400000000018,1
34874,34875,34876,long,1837.44,1835.55,loss,-22.200000000001,71.00400000000018,1
34886,34887,34888,long,1823.11,1823.77,win,3.3000000000008187,71.00400000000018,1
34898,34899,34900,long,1835.62,1828.5195999999999,loss,-74.30400000000036,71.00400000000018,1
34910,34911,34912,long,1822.31,1824.58,win,19.399999999999817,71.00400000000018,1
34922,34923,34924,long,1819.68,1819.69,loss,-3.2000000000000908,71.00400000000018,1
34934,34935,34936,long,1817.61,1819.49,win,15.50000000000109,71.00400000000018,1
34946,34947,34948,long,1806.98,1806.18,loss,-11.299999999999546,71.00400000000018,1
34958,34959,34960,long,1810.3,1808.03,loss,-25.99999999999982,71.00400000000018,1
34981,34982,34983,long,1766.26,1771.0,win,44.100000000000094,71.00400000000018,1
34993,34994,34995,long,1739.29,1741.74,win,21.200000000000454,71.00400000000018,1
35005,35006,35007,long,1740.33,1744.49,win,38.30000000000082,71.00400000000018,1
35017,35018,35019,long,1741.5,1741.52,loss,-3.1000000000001817,71.00400000000018,1
35029,35030,35031,long,1733.23,1732.45,loss,-11.099999999999728,71.00400000000018,1
35041,35042,35043,long,1725.83,1724.68,loss,-14.799999999998636,71.00400000000018,1
35053,35054,35055,long,1735.23,1728.1296,loss,-74.30400000000036,71.00400000000018,1
35065,35066,35067,long,1710.53,1710.32,loss,-5.400000000000364,71.00400000000018,1
35077,35078,35079,long,1707.12,1708.33,win,8.800000000000363,71.00400000000018,1
35089,35090,35091,long,1709.32,1707.62,loss,-20.300000000000455,71.00400000000018,1
35101,35102,35103,long,1711.47,1711.97,win,1.7000000000000002,71.00400000000018,1
35113,35114,35115,long,1696.27,1694.5,loss,-20.99999999999982,71.00400000000018,1
35125,35126,35127,long,1717.91,1716.92,loss,-13.200000000000092,71.00400000000018,1
35137,35138,35139,long,1726.56,1720.45,loss,-64.399999999999,71.00400000000018,1
35149,35150,35151,long,1718.9,1721.3,win,20.699999999998635,71.00400000000018,1
35161,35162,35163,long,1717.03,1718.85,win,14.899999999999363,71.00400000000018,1
35173,35174,35175,long,1734.07,1736.43,win,20.300000000001273,71.00400000000018,1
35185,35186,35187,long,1755.52,1755.65,loss,-1.9999999999989084,71.00400000000018,1
35197,35198,35199,long,1764.7,1762.59,loss,-24.400000000001274,71.00400000000018,1
35209,35210,35211,long,1771.8,1780.18,win,80.5000000000011,71.00400000000018,1
35221,35222,35223,long,1761.73,1756.59,loss,-54.700000000001,71.00400000000018,1
35233,35234,35235,long,1764.99,1767.26,win,19.399999999999817,71.00400000000018,1
35245,35246,35247,long,1790.51,1793.84,win,29.99999999999927,71.00400000000018,1
35257,35258,35259,long,1772.55,1774.07,win,11.899999999999817,71.00400000000018,1
35269,35270,35271,long,1788.56,1788.86,loss,-0.30000000000045457,71.00400000000018,1
35281,35282,35283,long,1794.82,1792.61,loss,-25.400000000000365,71.00400000000018,1
35293,35294,35295,long,1791.92,1790.32,loss,-19.300000000001365,71.00400000000018,1
35305,35306,35307,long,1789.34,1788.21,loss,-14.599999999998818,71.00400000000018,1
35317,35318,35319,long,1802.09,1801.04,loss,-13.799999999999546,71.00400000000018,1
35329,35330,35331,long,1779.74,1777.53,loss,-25.400000000000365,71.00400000000018,1
35341,35342,35343,long,1775.53,1774.53,loss,-13.3,71.00400000000018,1
35353,35354,35355,long,1762.16,1765.31,win,28.199999999998635,71.00400000000018,1
35365,35366,35367,long,1758.58,1755.26,loss,-36.49999999999936,71.00400000000018,1
35377,35378,35379,long,1746.67,1745.25,loss,-17.50000000000073,71.00400000000018,1
35389,35390,35391,long,1735.83,1738.06,win,19.00000000000018,71.00400000000018,1
35401,35402,35403,long,1747.76,1745.99,loss,-20.99999999999982,71.00400000000018,1
35413,35414,35415,long,1750.94,1752.75,win,14.799999999999454,71.00400000000018,1
35425,35426,35427,long,1758.35,1755.24,loss,-34.399999999999,71.00400000000018,1
35437,35438,35439,long,1735.78,1734.31,loss,-18.000000000000274,71.00400000000018,1
35449,35450,35451,long,1737.38,1739.41,win,16.999999999999726,71.00400000000018,1
35461,35462,35463,long,1723.0,1722.81,loss,-5.2000000000005455,71.00400000000018,1
35473,35474,35475,long,1710.56,1705.86,loss,-50.30000000000045,71.00400000000018,1
35485,35486,35487,long,1696.59,1697.79,win,8.700000000000454,71.00400000000018,1
35497,35498,35499,long,1710.93,1708.77,loss,-24.90000000000082,71.00400000000018,1
35509,35510,35511,long,1709.63,1720.2806,win,103.2059999999994,71.00400000000018,1
35521,35522,35523,long,1701.89,1694.7896,loss,-74.30400000000036,71.00400000000018,1
35533,35534,35535,long,1718.05,1715.46,loss,-29.199999999999182,71.00400000000018,1
35545,35546,35547,long,1708.45,1713.43,win,46.500000000000185,71.00400000000018,1
35557,35558,35559,long,1718.01,1716.77,loss,-15.700000000000092,71.00400000000018,1
35569,35570,35571,long,1724.6,1724.57,loss,-3.599999999999727,71.00400000000018,1
35581,35582,35583,long,1701.3,1700.12,loss,-15.100000000000637,71.00400000000018,1
35593,35594,35595,long,1697.01,1695.44,loss,-18.999999999999364,71.00400000000018,1
35605,35606,35607,long,1664.92,1665.42,win,1.7000000000000002,71.00400000000018,1
35617,35618,35619,long,1674.8,1675.77,win,6.400000000000273,71.00400000000018,1
35629,35630,35631,long,1675.56,1675.93,win,0.4000000000011825,71.00400000000018,1
35641,35642,35643,long,1664.79,1663.79,loss,-13.3,71.00400000000018,1
35653,35654,35655,long,1673.19,1666.0896,loss,-74.30400000000036,71.00400000000018,1
35665,35666,35667,long,1671.33,1674.06,win,24.00000000000018,71.00400000000018,1
35677,35678,35679,long,1643.86,1636.7595999999999,loss,-74.30400000000036,71.00400000000018,1
35689,35690,35691,long,1622.8,1630.69,win,75.600000000001,71.00400000000018,1
35701,35702,35703,long,1629.33,1626.81,loss,-28.49999999999982,71.00400000000018,1
35713,35714,35715,long,1659.57,1653.84,loss,-60.60000000000018,71.00400000000018,1
35725,35726,35727,long,1660.44,1664.65,win,38.80000000000037,71.00400000000018,1
35737,35738,35739,long,1662.53,1664.1,win,12.399999999999363,71.00400000000018,1
35749,35750,35751,long,1698.18,1698.48,loss,-0.30000000000045457,71.00400000000018,1
35761,35762,35763,long,1724.81,1722.87,loss,-22.700000000000546,71.00400000000018,1
35773,35774,35775,long,1716.07,1720.1,win,36.99999999999973,71.00400000000018,1
35785,35786,35787,long,1712.28,1710.95,loss,-16.599999999999273,71.00400000000018,1
35797,35798,35799,long,1696.11,1694.3,loss,-21.399999999999455,71.00400000000018,1
35809,35810,35811,long,1668.17,1672.25,win,37.499999999999275,71.00400000000018,1
35821,35822,35823,long,1665.59,1664.88,loss,-10.39999999999809,71.00400000000018,1
35833,35834,35835,long,1672.81,1674.02,win,8.800000000000363,71.00400000000018,1
35845,35846,35847,long,1664.96,1661.61,loss,-36.80000000000136,71.00400000000018,1
35857,35858,35859,long,1644.1,1648.07,win,36.400000000000276,71.00400000000018,1
35869,35870,35871,long,1649.49,1651.96,win,21.400000000000272,71.00400000000018,1
35881,35882,35883,long,1651.47,1652.98,win,11.799999999999908,71.00400000000018,1
35893,35894,35895,long,1629.53,1628.32,loss,-15.400000000000365,71.00400000000018,1
35905,35906,35907,long,1626.42,1626.65,loss,-0.9999999999998179,71.00400000000018,1
35917,35918,35919,long,1657.69,1668.3406,win,103.2059999999994,71.00400000000018,1
35929,35930,35931,long,1649.86,1653.58,win,33.900000000000276,71.00400000000018,1
35941,35942,35943,long,1652.7,1650.22,loss,-28.100000000000183,71.00400000000018,1
35953,35954,35955,long,1663.42,1667.02,win,32.69999999999909,71.00400000000018,1
35965,35966,35967,long,1662.09,1661.76,loss,-6.599999999999272,71.00400000000018,1
35977,35978,35979,long,1643.13,1641.36,loss,-21.000000000002093,71.00400000000018,1
35989,35990,35991,long,1632.18,1637.08,win,45.69999999999864,71.00400000000018,1
36001,36002,36003,long,1647.72,1649.91,win,18.600000000000545,71.00400000000018,1
36013,36014,36015,long,1634.83,1637.96,win,28.00000000000109,71.00400000000018,1
36025,36026,36027,long,1628.65,1633.75,win,47.69999999999909,71.00400000000018,1
36037,36038,36039,long,1674.43,1672.3,loss,-24.600000000001092,71.00400000000018,1
36049,36050,36051,long,1674.2,1673.45,loss,-10.8,71.00400000000018,1
36061,36062,36063,long,1710.87,1706.88,loss,-43.199999999997814,71.00400000000018,1
36073,36074,36075,long,1704.81,1706.6,win,14.599999999999635,71.00400000000018,1
36085,36086,36087,long,1753.45,1747.35,loss,-64.30000000000136,71.00400000000018,1
36097,36098,36099,long,1766.06,1762.59,loss,-38.00000000000027,71.00400000000018,1
36109,36110,36111,long,1769.0,1768.96,loss,-3.699999999999636,71.00400000000018,1
36121,36122,36123,long,1777.53,1774.28,loss,-35.8,71.00400000000018,1
36133,36134,36135,long,1773.2,1769.66,loss,-38.69999999999963,71.00400000000018,1
36145,36146,36147,long,1759.92,1762.79,win,25.399999999998908,71.00400000000018,1
36157,36158,36159,long,1749.68,1746.06,loss,-39.50000000000118,71.00400000000018,1
36169,36170,36171,long,1738.0,1743.46,win,51.30000000000037,71.00400000000018,1
36181,36182,36183,long,1739.37,1740.19,win,4.900000000001637,71.00400000000018,1
36193,36194,36195,long,1750.65,1755.38,win,44.000000000000185,71.00400000000018,1
36205,36206,36207,long,1754.47,1756.51,win,17.099999999999635,71.00400000000018,1
36228,36229,36230,long,1739.99,1746.23,win,59.100000000000094,71.00400000000018,1
36240,36241,36242,long,1749.0,1752.7,win,33.70000000000046,71.00400000000018,1
36252,36253,36254,long,1768.36,1779.0105999999998,win,103.2059999999994,71.00400000000018,1
36264,36265,36266,long,1802.22,1797.82,loss,-47.30000000000091,71.00400000000018,1
36276,36277,36278,long,1796.27,1806.9206,win,103.2059999999994,71.00400000000018,1
36288,36289,36290,long,1767.58,1774.46,win,65.5000000000011,71.00400000000018,1
36300,36301,36302,long,1770.8,1773.29,win,21.60000000000009,71.00400000000018,1
36312,36313,36314,long,1785.91,1782.14,loss,-40.999999999999815,71.00400000000018,1
36324,36325,36326,long,1789.57,1794.07,win,41.7,71.00400000000018,1
36336,36337,36338,long,1796.06,1790.63,loss,-57.59999999999836,71.00400000000018,1
36348,36349,36350,long,1779.83,1784.11,win,39.49999999999973,71.00400000000018,1
36360,36361,36362,long,1809.67,1810.55,win,5.499999999998818,71.00400000000018,1
36372,36373,36374,long,1806.84,1799.7395999999999,loss,-74.30400000000036,71.00400000000018,1
36384,36385,36386,long,1775.82,1777.28,win,11.300000000000363,71.00400000000018,1
36396,36397,36398,long,1791.24,1793.95,win,23.800000000000363,71.00400000000018,1
36408,36409,36410,long,1786.22,1786.5,loss,-0.5000000000002727,71.00400000000018,1
36420,36421,36422,long,1817.68,1816.38,loss,-16.299999999999546,71.00400000000018,1
36432,36433,36434,long,1813.55,1819.36,win,54.79999999999946,71.00400000000018,1
36444,36445,36446,long,1792.28,1794.83,win,22.199999999999545,71.00400000000018,1
36456,36457,36458,long,1800.06,1804.39,win,40.00000000000155,71.00400000000018,1
36468,36469,36470,long,1813.2,1812.87,loss,-6.600000000001546,71.00400000000018,1
36480,36481,36482,long,1803.9,1806.35,win,21.19999999999818,71.00400000000018,1
36492,36493,36494,long,1814.03,1817.45,win,30.900000000000727,71.00400000000018,1
36504,36505,36506,long,1823.34,1829.28,win,56.10000000000055,71.00400000000018,1
36517,36518,36519,long,1836.98,1844.23,win,69.2,71.00400000000018,1
36529,36530,36531,long,1854.1,1858.74,win,43.100000000001,71.00400000000018,1
36541,36542,36543,long,1829.81,1835.36,win,52.19999999999955,71.00400000000018,1
36553,36554,36555,long,1867.2,1874.25,win,67.19999999999955,71.00400000000018,1
36565,36566,36567,long,1870.64,1874.25,win,32.799999999999,71.00400000000018,1
36577,36578,36579,long,1876.36,1872.83,loss,-38.599999999999724,71.00400000000018,1
36589,36590,36591,long,1874.82,1880.41,win,52.60000000000146,71.00400000000018,1
36601,36602,36603,long,1894.67,1898.6,win,35.999999999998366,71.00400000000018,1
36613,36614,36615,long,1920.25,1924.01,win,34.29999999999991,71.00400000000018,1
36625,36626,36627,long,1914.95,1912.88,loss,-23.999999999999364,71.00400000000018,1
36637,36638,36639,long,1907.68,1908.57,win,5.599999999998727,71.00400000000018,1
36649,36650,36651,long,1904.02,1901.79,loss,-25.600000000000183,71.00400000000018,1
36661,36662,36663,long,1931.39,1931.62,loss,-1.0000000000020917,71.00400000000018,1
36673,36674,36675,long,1925.73,1932.35,win,62.89999999999891,71.00400000000018,1
36685,36686,36687,long,1930.55,1935.65,win,47.70000000000137,71.00400000000018,1
36697,36698,36699,long,1936.94,1937.24,loss,-0.30000000000045457,71.00400000000018,1
36709,36710,36711,long,1946.66,1945.43,loss,-15.600000000000183,71.00400000000018,1
36721,36722,36723,long,1928.46,1929.96,win,11.7,71.00400000000018,1
36733,36734,36735,long,1927.29,1927.56,loss,-0.6000000000001817,71.00400000000018,1
36745,36746,36747,long,1921.87,1925.07,win,28.700000000000454,71.00400000000018,1
36757,36758,36759,long,1927.98,1927.0,loss,-13.100000000000183,71.00400000000018,1
36769,36770,36771,long,1950.29,1952.63,win,20.100000000001454,71.00400000000018,1
36781,36782,36783,long,1911.18,1917.62,win,61.099999999998275,71.00400000000018,1
36793,36794,36795,long,1864.59,1872.63,win,77.10000000000191,71.00400000000018,1
36805,36806,36807,long,1867.12,1873.47,win,60.20000000000137,71.00400000000018,1
36817,36818,36819,long,1871.94,1875.99,win,37.19999999999955,71.00400000000018,1
36829,36830,36831,long,1874.91,1876.89,win,16.50000000000018,71.00400000000018,1
36841,36842,36843,long,1860.5,1862.13,win,13.00000000000109,71.00400000000018,1
36853,36854,36855,long,1864.9,1861.35,loss,-38.800000000001816,71.00400000000018,1
36865,36866,36867,long,1852.51,1856.58,win,37.399999999999366,71.00400000000018,1
36877,36878,36879,long,1853.81,1858.86,win,47.19999999999955,71.00400000000018,1
36889,36890,36891,long,1835.57,1841.24,win,53.40000000000073,71.00400000000018,1
36901,36902,36903,long,1836.15,1829.0496,loss,-74.30400000000036,71.00400000000018,1
36913,36914,36915,long,1840.57,1840.33,loss,-5.700000000000091,71.00400000000018,1
36925,36926,36927,long,1841.29,1842.21,win,5.900000000000728,71.00400000000018,1
36937,36938,36939,long,1834.23,1836.2,win,16.400000000000272,71.00400000000018,1
36949,36950,36951,long,1824.76,1827.7,win,26.100000000000545,71.00400000000018,1
36961,36962,36963,long,1821.63,1825.9,win,39.39999999999982,71.00400000000018,1
36973,36974,36975,long,1810.8,1813.77,win,26.400000000000272,71.00400000000018,1
36985,36986,36987,long,1816.5,1817.23,win,4.000000000000182,71.00400000000018,1
36997,36998,36999,long,1826.27,1829.03,win,24.29999999999991,71.00400000000018,1
37009,37010,37011,long,1836.35,1833.01,loss,-36.69999999999918,71.00400000000018,1
37021,37022,37023,long,1835.49,1838.71,win,28.900000000000272,71.00400000000018,1
37033,37034,37035,long,1854.11,1852.49,loss,-19.49999999999891,71.00400000000018,1
37045,37046,37047,long,1846.43,1847.82,win,10.599999999998726,71.00400000000018,1
37057,37058,37059,long,1813.19,1812.26,loss,-12.600000000000637,71.00400000000018,1
37069,37070,37071,long,1814.09,1812.27,loss,-21.499999999999364,71.00400000000018,1
37081,37082,37083,long,1830.43,1831.04,win,2.7999999999989997,71.00400000000018,1
37093,37094,37094,long,1871.95,1882.6006,win,103.2059999999994,71.00400000000018,0
37105,37106,37107,long,1913.28,1906.1796,loss,-74.30400000000036,71.00400000000018,1
37117,37118,37119,long,1903.12,1903.63,win,1.800000000002183,71.00400000000018,1
37129,37130,37131,long,1917.42,1910.3196,loss,-74.30400000000036,71.00400000000018,1
37141,37142,37143,long,1920.34,1922.73,win,20.600000000001,71.00400000000018,1
37153,37154,37154,long,1984.25,1977.1496,loss,-74.30400000000036,71.00400000000018,0
37165,37166,37167,long,1978.05,1980.07,win,16.899999999999817,71.00400000000018,1
37177,37178,37179,long,1939.55,1943.84,win,39.59999999999964,71.00400000000018,1
37189,37190,37191,long,1969.89,1969.03,loss,-11.900000000001274,71.00400000000018,1
37201,37202,37203,long,1993.12,1990.65,loss,-27.999999999998,71.00400000000018,1
37213,37214,37214,long,1979.33,1972.2296,loss,-74.30400000000036,71.00400000000018,0
37225,37226,37227,long,1955.46,1959.28,win,34.899999999999366,71.00400000000018,1
37237,37238,37239,long,1972.84,1970.4,loss,-27.699999999998273,71.00400000000018,1
37249,37250,37251,long,1963.25,1961.37,loss,-22.100000000001092,71.00400000000018,1
37261,37262,37263,long,1979.66,1979.56,loss,-4.300000000001364,71.00400000000018,1
37273,37274,37274,long,1972.11,1965.0095999999999,loss,-74.30400000000036,71.00400000000018,0
37285,37286,37287,long,1983.7,1982.79,loss,-12.40000000000082,71.00400000000018,1
37297,37298,37299,long,2020.0,2019.47,loss,-8.599999999999728,71.00400000000018,1
37309,37310,37311,long,2020.51,2017.0,loss,-38.399999999999906,71.00400000000018,1
37321,37322,37322,long,1992.86,2003.5105999999998,win,103.2059999999994,71.00400000000018,0
37333,37334,37335,long,1991.06,1993.12,win,17.299999999999454,71.00400000000018,1
37345,37346,37347,long,2003.05,2005.36,win,19.799999999999454,71.00400000000018,1
37357,37358,37359,long,2014.32,2017.82,win,31.7,71.00400000000018,1
37369,37370,37371,long,2039.86,2041.79,win,16.000000000000636,71.00400000000018,1
37381,37382,37383,long,1999.96,2002.02,win,17.299999999999454,71.00400000000018,1
37393,37394,37395,long,1994.8,1995.14,win,0.10000000000145537,71.00400000000018,1
37405,37406,37407,long,2004.54,2007.29,win,24.2,71.00400000000018,1
37417,37418,37419,long,1994.4,1995.6,win,8.69999999999818,71.00400000000018,1
37429,37430,37431,long,2003.97,2004.53,win,2.2999999999994545,71.00400000000018,1
37441,37442,37443,long,1980.37,1983.76,win,30.600000000001,71.00400000000018,1
37453,37454,37455,long,1988.69,1999.3406,win,103.2059999999994,71.00400000000018,1
37465,37466,37467,long,1997.05,1997.72,win,3.4000000000007278,71.00400000000018,1
37477,37478,37479,long,1988.86,1991.45,win,22.600000000001454,71.00400000000018,1
37489,37490,37491,long,1987.49,1985.88,loss,-19.399999999999,71.00400000000018,1
37501,37502,37503,long,1991.06,1983.9596,loss,-74.30400000000036,71.00400000000018,1
37513,37514,37515,long,1981.16,1982.06,win,5.699999999998636,71.00400000000018,1
37525,37526,37527,long,2016.31,2016.27,loss,-3.699999999999636,71.00400000000018,1
37537,37538,37538,long,2042.66,2053.3106000000002,win,103.20600000000168,71.00400000000018,0
37549,37550,37551,long,2049.11,2048.83,loss,-6.100000000002001,71.00400000000018,1
37561,37562,37563,long,2016.02,2017.95,win,16.000000000000636,71.00400000000018,1
37573,37574,37575,long,2020.44,2020.07,loss,-7.000000000001182,71.00400000000018,1
37585,37586,37587,long,2033.9,2036.36,win,21.29999999999809,71.00400000000018,1
37597,37598,37599,long,2029.45,2035.17,win,53.900000000000276,71.00400000000018,1
37609,37610,37611,long,2014.4,2015.73,win,9.999999999999272,71.00400000000018,1
37621,37622,37623,long,2007.88,2011.83,win,36.199999999998184,71.00400000000018,1
37633,37634,37635,long,2015.09,2015.59,win,1.7000000000000002,71.00400000000018,1
37645,37646,37647,long,1988.35,1991.98,win,33.000000000001094,71.00400000000018,1
37657,37658,37659,long,1981.38,1983.43,win,17.199999999999545,71.00400000000018,1
37669,37670,37671,long,1957.28,1957.58,loss,-0.30000000000045457,71.00400000000018,1
37681,37682,37683,long,1976.85,1980.87,win,36.89999999999982,71.00400000000018,1
37693,37694,37695,long,1971.23,1967.13,loss,-44.29999999999909,71.00400000000018,1
37705,37706,37707,long,1974.64,1974.95,loss,-0.20000000000054552,71.00400000000018,1
37717,37718,37719,long,1956.3,1959.28,win,26.50000000000018,71.00400000000018,1
37729,37730,37731,long,1940.51,1940.8,loss,-0.4000000000003636,71.00400000000018,1
37741,37742,37743,long,1942.05,1941.48,loss,-8.999999999999364,71.00400000000018,1
37764,37765,37766,long,1958.27,1959.51,win,9.10000000000009,71.00400000000018,1
37776,37777,37778,long,1962.19,1965.84,win,33.19999999999864,71.00400000000018,1
37788,37789,37790,long,1976.31,1975.75,loss,-8.899999999999455,71.00400000000018,1
37800,37801,37802,long,1946.48,1946.36,loss,-4.500000000001182,71.00400000000018,1
37812,37813,37814,long,1960.6,1961.02,win,0.9000000000007278,71.00400000000018,1
37824,37825,37826,long,1963.35,1964.76,win,10.800000000000818,71.00400000000018,1
37836,37837,37838,long,1940.31,1946.1,win,54.59999999999964,71.00400000000018,1
37848,37849,37850,long,1965.67,1963.27,loss,-27.30000000000091,71.00400000000018,1
37860,37861,37862,long,1960.19,1958.22,loss,-23.000000000000274,71.00400000000018,1
37872,37873,37874,long,1957.09,1957.85,win,4.299999999999909,71.00400000000018,1
37884,37885,37886,long,1942.78,1944.35,win,12.399999999999363,71.00400000000018,1
37896,37897,37898,long,1942.16,1939.1,loss,-33.900000000001725,71.00400000000018,1
37908,37909,37910,long,1957.49,1956.78,loss,-10.400000000000365,71.00400000000018,1
37920,37921,37922,long,1955.44,1956.52,win,7.499999999999273,71.00400000000018,1
37943,37944,37945,long,1935.79,1936.75,win,6.300000000000364,71.00400000000018,1
37955,37956,37957,long,1932.19,1932.22,loss,-3.0000000000002727,71.00400000000018,1
37967,37968,37969,long,1913.67,1915.49,win,14.899999999999363,71.00400000000018,1
37979,37980,37981,long,1926.05,1926.29,loss,-0.8999999999999089,71.00400000000018,1
37991,37992,37993,long,1922.76,1922.54,loss,-5.500000000000273,71.00400000000018,1
38003,38004,38005,long,1913.45,1916.03,win,22.49999999999927,71.00400000000018,1
38015,38016,38017,long,1907.04,1909.82,win,24.499999999999726,71.00400000000018,1
38027,38028,38029,long,1907.5,1908.58,win,7.499999999999273,71.00400000000018,1
38039,38040,38041,long,1918.92,1916.99,loss,-22.600000000000637,71.00400000000018,1
38051,38052,38053,long,1920.53,1921.0,win,1.400000000000273,71.00400000000018,1
38074,38075,38076,long,1914.47,1917.15,win,23.500000000000636,71.00400000000018,1
38086,38087,38088,long,1910.31,1910.58,loss,-0.6000000000001817,71.00400000000018,1
38098,38099,38100,long,1924.26,1924.17,loss,-4.199999999999181,71.00400000000018,1
38110,38111,38112,long,1924.75,1926.27,win,11.899999999999817,71.00400000000018,1
38122,38123,38124,long,1932.18,1935.63,win,31.200000000000454,71.00400000000018,1
38134,38135,38136,long,1954.94,1956.95,win,16.79999999999991,71.00400000000018,1
38146,38147,38148,long,1960.1,1959.31,loss,-11.199999999999637,71.00400000000018,1
38158,38159,38160,long,1953.83,1954.61,win,4.499999999999727,71.00400000000018,1
38170,38171,38172,long,1953.8,1955.33,win,11.999999999999726,71.00400000000018,1
38182,38183,38184,long,1978.53,1978.38,loss,-4.799999999998636,71.00400000000018,1
38194,38195,38196,long,1976.62,1978.99,win,20.40000000000118,71.00400000000018,1
38206,38207,38208,long,1970.08,1972.88,win,24.70000000000182,71.00400000000018,1
38218,38219,38220,long,1960.43,1961.73,win,9.699999999999545,71.00400000000018,1
38230,38231,38232,long,1954.67,1955.24,win,2.3999999999993635,71.00400000000018,1
38242,38243,38244,long,1964.29,1964.86,win,2.3999999999993635,71.00400000000018,1
38254,38255,38256,long,1970.72,1972.36,win,13.099999999998726,71.00400000000018,1
38266,38267,38268,long,1945.72,1946.9,win,8.500000000000636,71.00400000000018,1
38278,38279,38280,long,1959.06,1958.21,loss,-11.799999999999091,71.00400000000018,1
38290,38291,38292,long,1965.27,1963.34,loss,-22.600000000000637,71.00400000000018,1
38302,38303,38303,long,1951.25,1944.1496,loss,-74.30400000000036,71.00400000000018,0
38314,38315,38316,long,1933.67,1935.4,win,14.000000000000181,71.00400000000018,1
38326,38327,38328,long,1933.44,1936.55,win,27.799999999999,71.00400000000018,1
38338,38339,38340,long,1942.21,1944.1,win,15.599999999998726,71.00400000000018,1
38350,38351,38352,long,1936.01,1935.52,loss,-8.200000000000092,71.00400000000018,1
38362,38363,38364,long,1924.43,1924.85,win,0.899999999998454,71.00400000000018,1
38374,38375,38376,long,1914.63,1916.77,win,18.099999999998726,71.00400000000018,1
38386,38387,38388,long,1911.76,1914.5,win,24.10000000000009,71.00400000000018,1
38398,38399,38400,long,1912.96,1910.82,loss,-24.700000000001,71.00400000000018,1
38410,38411,38412,long,1907.02,1906.96,loss,-3.899999999999454,71.00400000000018,1
38422,38423,38424,long,1900.97,1902.07,win,7.699999999999091,71.00400000000018,1
38434,38435,38436,long,1891.8,1892.55,win,4.2,71.00400000000018,1
38446,38447,38448,long,1889.18,1893.11,win,35.999999999998366,71.00400000000018,1
38458,38459,38460,long,1888.57,1889.71,win,8.100000000001,71.00400000000018,1
38470,38471,38472,long,1894.28,1895.4,win,7.9000000000011825,71.00400000000018,1
38482,38483,38484,long,1897.2,1898.79,win,12.59999999999918,71.00400000000018,1
38494,38495,38496,long,1915.89,1918.53,win,23.099999999998726,71.00400000000018,1
38506,38507,38508,long,1916.91,1915.32,loss,-19.200000000001456,71.00400000000018,1
38518,38519,38520,long,1915.72,1915.54,loss,-5.1000000000006365,71.00400000000018,1
38530,38531,38532,long,1919.51,1921.51,win,16.7,71.00400000000018,1
38542,38543,38544,long,1937.11,1936.73,loss,-7.0999999999988175,71.00400000000018,1
38554,38555,38556,long,1942.36,1945.25,win,25.600000000001,71.00400000000018,1
38566,38567,38568,long,1939.22,1939.18,loss,-3.699999999999636,71.00400000000018,1
38578,38579,38580,long,1939.68,1940.8,win,7.899999999998909,71.00400000000018,1
38601,38602,38603,long,1925.37,1924.64,loss,-10.599999999997909,71.00400000000018,1
38613,38614,38615,long,1916.36,1916.73,win,0.4000000000011825,71.00400000000018,1
38625,38626,38627,long,1919.15,1923.58,win,40.999999999998366,71.00400000000018,1
38637,38638,38639,long,1919.47,1919.94,win,1.400000000000273,71.00400000000018,1
38649,38650,38651,long,1921.69,1921.47,loss,-5.500000000000273,71.00400000000018,1
38661,38662,38663,long,1911.85,1912.44,win,2.6000000000014554,71.00400000000018,1
38673,38674,38675,long,1908.56,1912.52,win,36.30000000000037,71.00400000000018,1
38685,38686,38687,long,1910.66,1911.12,win,1.2999999999980902,71.00400000000018,1
38697,38698,38699,long,1923.66,1924.45,win,4.599999999999636,71.00400000000018,1
38709,38710,38711,long,1933.9,1932.6,loss,-16.30000000000182,71.00400000000018,1
38721,38722,38723,long,1932.2,1930.59,loss,-19.400000000001274,71.00400000000018,1
38733,38734,38735,long,1931.1,1924.83,loss,-65.99999999999982,71.00400000000018,1
38745,38746,38747,long,1919.18,1923.3,win,37.89999999999891,71.00400000000018,1
38757,38758,38759,long,1924.43,1924.76,loss,-7.274181257344026e-13,71.00400000000018,1
38769,38770,38771,long,1914.23,1914.68,win,1.200000000000455,71.00400000000018,1
38781,38782,38783,long,1900.16,1900.46,loss,-0.30000000000045457,71.00400000000018,1
38793,38794,38795,long,1875.45,1876.91,win,11.300000000000363,71.00400000000018,1
38805,38806,38807,long,1864.7,1865.16,win,1.300000000000364,71.00400000000018,1
38817,38818,38819,long,1847.6,1845.23,loss,-26.99999999999891,71.00400000000018,1
38829,38830,38831,long,1828.22,1821.1196,loss,-74.30400000000036,71.00400000000018,1
38841,38842,38843,long,1821.93,1823.04,win,7.799999999999,71.00400000000018,1
38853,38854,38855,long,1821.93,1825.4,win,31.400000000000272,71.00400000000018,1
38865,38866,38867,long,1819.64,1820.47,win,4.999999999999273,71.00400000000018,1
38877,38878,38879,long,1846.22,1852.14,win,55.90000000000073,71.00400000000018,1
38889,38890,38891,long,1860.92,1863.84,win,25.899999999998453,71.00400000000018,1
38901,38902,38903,long,1859.1,1860.75,win,13.200000000000909,71.00400000000018,1
38913,38914,38915,long,1874.35,1875.21,win,5.3000000000012735,71.00400000000018,1
38925,38926,38927,long,1867.99,1872.33,win,40.099999999999184,71.00400000000018,1
38937,38938,38939,long,1927.87,1921.44,loss,-67.59999999999836,71.00400000000018,1
38949,38950,38951,long,1919.45,1916.36,loss,-34.20000000000145,71.00400000000018,1
38961,38962,38963,long,1923.45,1927.34,win,35.59999999999873,71.00400000000018,1
38973,38974,38975,long,1947.14,1950.17,win,26.999999999999726,71.00400000000018,1
38985,38986,38987,long,1974.88,1974.93,loss,-2.8000000000004546,71.00400000000018,1
38997,38998,38998,long,1974.99,1967.8896,loss,-74.30400000000036,71.00400000000018,0
39009,39010,39011,long,1972.04,1973.76,win,13.900000000000272,71.00400000000018,1
39021,39022,39023,long,1971.13,1974.39,win,29.29999999999991,71.00400000000018,1
39033,39034,39035,long,1980.51,1983.4,win,25.600000000001,71.00400000000018,1
39045,39046,39047,long,1984.04,1983.43,loss,-9.399999999999,71.00400000000018,1
39057,39058,39059,long,2002.57,2004.66,win,17.600000000001454,71.00400000000018,1
39069,39070,39071,long,1995.3,1996.29,win,6.600000000000091,71.00400000000018,1
39081,39082,39083,long,1983.27,1979.49,loss,-41.099999999999724,71.00400000000018,1
39093,39094,39095,long,1982.08,1986.17,win,37.60000000000146,71.00400000000018,1
39105,39106,39107,long,1985.22,1983.85,loss,-17.000000000001183,71.00400000000018,1
39117,39118,39119,long,1991.05,1992.04,win,6.600000000000091,71.00400000000018,1
39129,39130,39131,long,1977.22,1975.78,loss,-17.700000000000546,71.00400000000018,1
39141,39142,39143,long,1968.63,1968.58,loss,-3.800000000001819,71.00400000000018,1
39153,39154,39155,long,1949.48,1953.27,win,34.59999999999964,71.00400000000018,1
39165,39166,39167,long,1958.08,1958.98,win,5.70000000000091,71.00400000000018,1
39177,39178,39178,long,1938.35,1931.2495999999999,loss,-74.30400000000036,71.00400000000018,0
39189,39190,39191,long,1946.04,1945.61,loss,-7.6000000000006365,71.00400000000018,1
39201,39202,39203,long,1962.42,1962.61,loss,-1.4000000000017279,71.00400000000018,1
39213,39214,39215,long,1959.44,1958.37,loss,-14.000000000001638,71.00400000000018,1
39225,39226,39227,long,1980.89,1983.43,win,22.099999999999635,71.00400000000018,1
39237,39238,39239,long,1978.15,1981.02,win,25.399999999998908,71.00400000000018,1
39249,39250,39251,long,1977.18,1987.8306,win,103.2059999999994,71.00400000000018,1
39261,39262,39263,long,1998.5,1996.08,loss,-27.50000000000073,71.00400000000018,1
39273,39274,39275,long,1989.1,1993.46,win,40.300000000001276,71.00400000000018,1
39285,39286,39287,long,1992.52,1992.85,loss,-7.274181257344026e-13,71.00400000000018,1
39297,39298,39299,long,2001.41,2012.0606,win,103.2059999999994,71.00400000000018,1
39309,39310,39311,long,2014.09,2015.46,win,10.400000000001182,71.00400000000018,1
39321,39322,39323,long,2040.79,2051.4406,win,103.2059999999994,71.00400000000018,1
39333,39334,39335,long,2045.11,2043.26,loss,-21.79999999999909,71.00400000000018,1
39345,39346,39347,long,2036.83,2041.63,win,44.70000000000182,71.00400000000018,1
39357,39358,39358,long,2072.35,2083.0006,win,103.2059999999994,71.00400000000018,0
39369,39370,39371,long,2029.32,2039.9705999999999,win,103.2059999999994,71.00400000000018,1
39381,39382,39383,long,2018.51,2020.77,win,19.29999999999991,71.00400000000018,1
39393,39394,39395,long,2025.96,2026.14,loss,-1.4999999999993632,71.00400000000018,1
39405,39406,39407,long,2028.48,2032.29,win,34.79999999999946,71.00400000000018,1
39417,39418,39419,long,2005.13,2002.12,loss,-33.40000000000218,71.00400000000018,1
39429,39430,39431,long,1982.01,1983.19,win,8.500000000000636,71.00400000000018,1
39441,39442,39443,long,1978.94,1980.09,win,8.199999999998635,71.00400000000018,1
39453,39454,39455,long,2025.05,2035.7006,win,103.2059999999994,71.00400000000018,1
39465,39466,39467,long,2036.2,2032.2,loss,-43.3,71.00400000000018,1
39477,39478,39479,long,2019.82,2019.27,loss,-8.799999999999546,71.00400000000018,1
39489,39490,39491,long,2027.39,2026.03,loss,-16.900000000001274,71.00400000000018,1
39501,39502,39503,long,2040.36,2038.1,loss,-25.89999999999991,71.00400000000018,1
39513,39514,39515,long,2031.95,2035.37,win,30.899999999998453,71.00400000000018,1
39525,39526,39527,long,2048.07,2048.65,win,2.4999999999992726,71.00400000000018,1
39537,39538,39539,long,2053.63,2063.33,win,93.69999999999818,71.00400000000018,1
39549,39550,39551,long,2068.05,2066.62,loss,-17.60000000000291,71.00400000000018,1
39561,39562,39563,long,2078.23,2087.02,win,84.59999999999964,71.00400000000018,1
39573,39574,39575,long,2066.09,2070.68,win,42.59999999999691,71.00400000000018,1
39585,39586,39587,long,2064.45,2066.55,win,17.700000000003637,71.00400000000018,1
39597,39598,39599,long,2058.79,2062.38,win,32.60000000000146,71.00400000000018,1
39609,39610,39611,long,2041.9,2042.03,loss,-2.000000000001182,71.00400000000018,1
39621,39622,39623,long,2043.55,2046.1,win,22.199999999999545,71.00400000000018,1
39633,39634,39635,long,2043.76,2043.76,loss,-3.3,71.00400000000018,1
39645,39646,39647,long,2027.96,2032.2,win,39.100000000000094,71.00400000000018,1
39657,39658,39659,long,2030.17,2031.79,win,12.899999999998908,71.00400000000018,1
39669,39670,39671,long,2024.66,2029.46,win,44.69999999999955,71.00400000000018,1
39681,39682,39683,long,2028.95,2033.63,win,43.50000000000064,71.00400000000018,1
39693,39694,39695,long,2048.85,2050.99,win,18.099999999998726,71.00400000000018,1
39716,39717,39718,long,2027.25,2030.01,win,24.29999999999991,71.00400000000018,1
39728,39729,39730,long,2006.46,2011.45,win,46.600000000000094,71.00400000000018,1
39740,39741,39742,long,2024.52,2023.98,loss,-8.699999999999637,71.00400000000018,1
39752,39753,39754,long,2029.72,2029.05,loss,-10.000000000000728,71.00400000000018,1
39764,39765,39766,long,2021.45,2021.71,loss,-0.7000000000000908,71.00400000000018,1
39776,39777,39778,long,2028.71,2027.22,loss,-18.20000000000009,71.00400000000018,1
39788,39789,39790,long,2014.38,2016.22,win,15.09999999999918,71.00400000000018,1
39800,39801,39802,long,2019.95,2021.82,win,15.399999999998908,71.00400000000018,1
39812,39813,39814,long,2024.33,2023.22,loss,-14.399999999999,71.00400000000018,1
39824,39825,39826,long,2032.45,2031.0,loss,-17.800000000000455,71.00400000000018,1
39836,39837,39838,long,2036.92,2034.55,loss,-27.000000000001183,71.00400000000018,1
39848,39849,39850,long,2039.8,2041.32,win,11.899999999999817,71.00400000000018,1
39860,39861,39862,long,2054.39,2054.73,win,0.10000000000145537,71.00400000000018,1
39872,39873,39874,long,2038.6,2037.84,loss,-10.89999999999991,71.00400000000018,1
39884,39885,39886,long,2024.59,2026.98,win,20.600000000001,71.00400000000018,1
39896,39897,39898,long,2035.46,2035.01,loss,-7.800000000000455,71.00400000000018,1
39908,39909,39910,long,2034.69,2037.18,win,21.60000000000009,71.00400000000018,1
39920,39921,39922,long,2034.04,2034.19,loss,-1.7999999999990903,71.00400000000018,1
39932,39933,39934,long,2024.77,2023.32,loss,-17.800000000000455,71.00400000000018,1
39944,39945,39946,long,2019.5,2020.12,win,2.899999999998909,71.00400000000018,1
39956,39957,39958,long,1992.76,1992.61,loss,-4.800000000000909,71.00400000000018,1
39968,39969,39970,long,1991.99,1992.35,win,0.29999999999899973,71.00400000000018,1
39980,39981,39982,long,2004.15,2005.37,win,8.899999999997998,71.00400000000018,1
39992,39993,39994,long,2012.81,2019.72,win,65.80000000000082,71.00400000000018,1
40004,40005,40006,long,2017.99,2016.95,loss,-13.699999999999637,71.00400000000018,1
40016,40017,40018,long,2024.05,2025.34,win,9.599999999999635,71.00400000000018,1
40028,40029,40030,long,2024.94,2026.87,win,15.999999999998362,71.00400000000018,1
40040,40041,40042,long,2023.87,2026.6,win,24.00000000000018,71.00400000000018,1
40052,40053,40054,long,2032.15,2031.22,loss,-12.600000000000637,71.00400000000018,1
40064,40065,40066,long,2030.83,2033.47,win,23.100000000001,71.00400000000018,1
40076,40077,40078,long,2030.27,2033.33,win,27.299999999999454,71.00400000000018,1
40088,40089,40090,long,2034.2,2036.39,win,18.600000000000545,71.00400000000018,1
40100,40101,40102,long,2043.87,2044.28,win,0.8000000000008187,71.00400000000018,1
40112,40113,40114,long,2082.15,2080.19,loss,-22.900000000000365,71.00400000000018,1
40124,40125,40126,long,2114.25,2112.63,loss,-19.49999999999891,71.00400000000018,1
40136,40137,40138,long,2128.0,2125.49,loss,-28.400000000002183,71.00400000000018,1
40148,40149,40150,long,2147.92,2146.19,loss,-20.600000000000183,71.00400000000018,1
40160,40161,40162,long,2158.99,2157.81,loss,-15.099999999998364,71.00400000000018,1
40172,40173,40174,long,2179.59,2180.25,win,3.299999999998545,71.00400000000018,1
40184,40185,40186,long,2182.17,2182.78,win,2.8000000000012735,71.00400000000018,1
40196,40197,40198,long,2158.33,2158.53,loss,-1.2999999999972713,71.00400000000018,1
40208,40209,40210,long,2174.31,2174.7,win,0.5999999999987269,71.00400000000018,1
40220,40221,40222,long,2162.14,2162.55,win,0.8000000000030925,71.00400000000018,1
40232,40233,40234,long,2154.67,2152.27,loss,-27.30000000000091,71.00400000000018,1
40244,40245,40246,long,2159.47,2160.51,win,7.100000000004184,71.00400000000018,1
40256,40257,40258,long,2157.32,2158.59,win,9.399999999999817,71.00400000000018,1
40268,40269,40269,long,2186.63,2197.2806,win,103.2059999999994,71.00400000000018,0
40280,40281,40282,long,2181.11,2174.0096000000003,loss,-74.30399999999808,71.00400000000018,1
40292,40293,40294,long,2165.18,2175.8306,win,103.2059999999994,71.00400000000018,1
40304,40305,40306,long,2171.53,2169.31,loss,-25.500000000002547,71.00400000000018,1
40316,40317,40318,long,2177.35,2175.05,loss,-26.299999999997272,71.00400000000018,1
40328,40329,40330,long,2191.49,2189.36,loss,-24.599999999996545,71.00400000000018,1
40340,40341,40341,long,2243.53,2236.4296000000004,loss,-74.30399999999808,71.00400000000018,0
40352,40353,40354,long,2249.71,2250.24,win,1.9999999999974536,71.00400000000018,1
40364,40365,40366,long,2279.89,2283.2,win,29.799999999999454,71.00400000000018,1
40376,40377,40378,long,2298.61,2302.21,win,32.69999999999909,71.00400000000018,1
40388,40389,40390,long,2290.4,2283.2996000000003,loss,-74.30399999999808,71.00400000000018,1
40400,40401,40401,long,2322.85,2315.7496,loss,-74.30399999999808,71.00400000000018,0
40412,40413,40414,long,2338.31,2340.83,win,21.899999999999817,71.00400000000018,1
40424,40425,40426,long,2352.59,2351.52,loss,-14.000000000001638,71.00400000000018,1
40436,40437,40438,long,2333.25,2335.22,win,16.399999999998,71.00400000000018,1
40448,40449,40450,long,2372.57,2378.65,win,57.499999999999275,71.00400000000018,1
40460,40461,40461,long,2355.85,2348.7496,loss,-74.30399999999808,71.00400000000018,0
40472,40473,40474,long,2381.83,2383.29,win,11.300000000000363,71.00400000000018,1
40484,40485,40486,long,2381.45,2384.23,win,24.500000000002,71.00400000000018,1
40496,40497,40498,long,2362.83,2369.49,win,63.29999999999855,71.00400000000018,1
40508,40509,40510,long,2378.32,2379.47,win,8.199999999996361,71.00400000000018,1
40520,40521,40522,long,2387.74,2382.15,loss,-59.199999999996905,71.00400000000018,1
40532,40533,40534,long,2326.52,2332.49,win,56.399999999998,71.00400000000018,1
40544,40545,40546,long,2322.01,2320.84,loss,-15.000000000000728,71.00400000000018,1
40556,40557,40558,long,2315.53,2319.15,win,32.89999999999891,71.00400000000018,1
40568,40569,40570,long,2332.27,2329.67,loss,-29.29999999999909,71.00400000000018,1
40580,40581,40582,long,2336.4,2332.06,loss,-46.70000000000145,71.00400000000018,1
40592,40593,40594,long,2334.89,2334.02,loss,-11.99999999999891,71.00400000000018,1
40604,40605,40606,long,2286.61,2286.6,loss,-3.4000000000021826,71.00400000000018,1
40616,40617,40618,long,2321.05,2324.43,win,30.499999999996543,71.00400000000018,1
40628,40629,40630,long,2303.62,2303.83,loss,-1.199999999999636,71.00400000000018,1
40640,40641,40642,long,2303.0,2295.8996,loss,-74.30399999999808,71.00400000000018,1
40652,40653,40654,long,2324.25,2329.27,win,46.89999999999982,71.00400000000018,1
40664,40665,40666,long,2313.26,2314.24,win,6.499999999995635,71.00400000000018,1
40676,40677,40678,long,2308.11,2309.34,win,9.000000000000181,71.00400000000018,1
40688,40689,40690,long,2346.25,2347.58,win,9.999999999999272,71.00400000000018,1
40700,40701,40702,long,2361.38,2364.07,win,23.600000000000545,71.00400000000018,1
40712,40713,40714,long,2335.32,2336.23,win,5.799999999998545,71.00400000000018,1
40724,40725,40726,long,2357.47,2355.85,loss,-19.49999999999891,71.00400000000018,1
40736,40737,40738,long,2385.59,2394.72,win,87.99999999999655,71.00400000000018,1
40748,40749,40750,long,2376.71,2377.82,win,7.8000000000012735,71.00400000000018,1
40760,40761,40762,long,2418.75,2425.43,win,63.499999999998366,71.00400000000018,1
40772,40773,40774,long,2426.47,2428.94,win,21.400000000002546,71.00400000000018,1
40784,40785,40786,long,2420.53,2420.51,loss,-3.499999999999818,71.00400000000018,1
40796,40797,40798,long,2378.43,2380.13,win,13.700000000002728,71.00400000000018,1
40808,40809,40810,long,2328.7,2328.95,loss,-0.7999999999999998,71.00400000000018,1
40820,40821,40822,long,2335.44,2335.98,win,2.0999999999996364,71.00400000000018,1
40843,40844,40845,long,2360.86,2357.88,loss,-33.10000000000018,71.00400000000018,1
40855,40856,40857,long,2337.63,2336.74,loss,-12.200000000003275,71.00400000000018,1
40867,40868,40869,long,2344.12,2346.32,win,18.700000000002728,71.00400000000018,1
40879,40880,40881,long,2328.41,2326.94,loss,-17.999999999998,71.00400000000018,1
40891,40892,40893,long,2351.42,2350.61,loss,-11.399999999999455,71.00400000000018,1
40903,40904,40905,long,2326.62,2328.03,win,10.800000000003092,71.00400000000018,1
40915,40916,40917,long,2355.3,2355.73,win,0.9999999999983631,71.00400000000018,1
40927,40928,40929,long,2376.29,2378.42,win,18.00000000000109,71.00400000000018,1
40939,40940,40941,long,2294.51,2296.84,win,19.99999999999927,71.00400000000018,1
40951,40952,40953,long,2312.14,2310.64,loss,-18.3,71.00400000000018,1
40963,40964,40965,long,2316.13,2313.57,loss,-28.899999999999455,71.00400000000018,1
40975,40976,40977,long,2324.08,2320.75,loss,-36.59999999999927,71.00400000000018,1
40987,40988,40989,long,2302.8,2304.76,win,16.300000000000363,71.00400000000018,1
40999,41000,41001,long,2331.49,2326.44,loss,-53.79999999999727,71.00400000000018,1
41011,41012,41013,long,2319.67,2323.95,win,39.499999999997456,71.00400000000018,1
41023,41024,41025,long,2329.63,2329.52,loss,-4.400000000001273,71.00400000000018,1
41046,41047,41048,long,2360.34,2364.13,win,34.59999999999964,71.00400000000018,1
41058,41059,41060,long,2321.29,2320.76,loss,-8.599999999997454,71.00400000000018,1
41070,41071,41072,long,2333.77,2330.07,loss,-40.29999999999818,71.00400000000018,1
41082,41083,41084,long,2318.72,2318.22,loss,-8.3,71.00400000000018,1
41094,41095,41096,long,2298.05,2298.84,win,4.599999999999636,71.00400000000018,1
41106,41107,41108,long,2327.77,2321.67,loss,-64.29999999999909,71.00400000000018,1
41118,41119,41120,long,2326.15,2324.82,loss,-16.599999999999273,71.00400000000018,1
41130,41131,41132,long,2331.79,2333.09,win,9.700000000001818,71.00400000000018,1
41142,41143,41144,long,2329.88,2330.29,win,0.799999999998545,71.00400000000018,1
41154,41155,41156,long,2356.38,2358.61,win,19.00000000000018,71.00400000000018,1
41177,41178,41179,long,2386.25,2386.7,win,1.1999999999981812,71.00400000000018,1
41189,41190,41191,long,2359.1,2361.73,win,23.00000000000109,71.00400000000018,1
41201,41202,41203,long,2363.83,2364.68,win,5.199999999999091,71.00400000000018,1
41213,41214,41215,long,2371.25,2374.14,win,25.599999999998726,71.00400000000018,1
41225,41226,41227,long,2414.01,2412.01,loss,-23.3,71.00400000000018,1
41237,41238,41239,long,2411.66,2408.4,loss,-35.89999999999763,71.00400000000018,1
41249,41250,41251,long,2421.34,2421.24,loss,-4.300000000003638,71.00400000000018,1
41261,41262,41263,long,2468.19,2468.77,win,2.4999999999992726,71.00400000000018,1
41273,41274,41275,long,2459.84,2458.82,loss,-13.499999999999819,71.00400000000018,1
41285,41286,41287,long,2444.82,2437.7196000000004,loss,-74.30399999999808,71.00400000000018,1
41297,41298,41299,long,2401.37,2407.71,win,60.10000000000146,71.00400000000018,1
41309,41310,41311,long,2396.6,2399.73,win,28.00000000000109,71.00400000000018,1
41321,41322,41323,long,2408.15,2408.15,loss,-3.3,71.00400000000018,1
41333,41334,41335,long,2397.44,2396.87,loss,-9.000000000001638,71.00400000000018,1
41345,41346,41347,long,2363.65,2362.46,loss,-15.200000000000546,71.00400000000018,1
41357,41358,41358,long,2386.57,2397.2206,win,103.2059999999994,71.00400000000018,0
41369,41370,41371,long,2383.2,2381.7,loss,-18.3,71.00400000000018,1
41381,41382,41383,long,2410.24,2409.05,loss,-15.199999999995999,71.00400000000018,1
41393,41394,41395,long,2448.43,2447.53,loss,-12.299999999996363,71.00400000000018,1
41405,41406,41407,long,2445.66,2449.1,win,31.100000000000545,71.00400000000018,1
41417,41418,41419,long,2443.99,2436.8896,loss,-74.30399999999808,71.00400000000018,1
41429,41430,41431,long,2409.59,2415.64,win,57.199999999997274,71.00400000000018,1
41441,41442,41443,long,2389.95,2382.8496,loss,-74.30399999999808,71.00400000000018,1
41453,41454,41455,long,2381.99,2385.37,win,30.50000000000109,71.00400000000018,1
41465,41466,41467,long,2426.63,2423.99,loss,-29.700000000003275,71.00400000000018,1
41477,41478,41479,long,2428.63,2428.44,loss,-5.2000000000005455,71.00400000000018,1
41489,41490,41491,long,2470.73,2472.16,win,10.999999999998362,71.00400000000018,1
41501,41502,41503,long,2465.86,2465.71,loss,-4.800000000000909,71.00400000000018,1
41513,41514,41515,long,2447.24,2450.13,win,25.600000000003273,71.00400000000018,1
41525,41526,41527,long,2455.35,2458.43,win,27.49999999999927,71.00400000000018,1
41537,41538,41539,long,2508.5,2501.3996,loss,-74.30399999999808,71.00400000000018,1
41549,41550,41551,long,2502.79,2504.98,win,18.600000000000545,71.00400000000018,1
41561,41562,41563,long,2513.45,2513.52,loss,-2.5999999999983627,71.00400000000018,1
41573,41574,41575,long,2511.01,2513.76,win,24.2,71.00400000000018,1
41585,41586,41587,long,2483.48,2489.8,win,59.90000000000164,71.00400000000018,1
41597,41598,41599,long,2511.2,2513.77,win,22.400000000001636,71.00400000000018,1
41609,41610,41611,long,2517.51,2513.21,loss,-46.300000000001816,71.00400000000018,1
41621,41622,41623,long,2524.23,2524.48,loss,-0.7999999999999998,71.00400000000018,1
41633,41634,41635,long,2503.95,2514.6005999999998,win,103.2059999999994,71.00400000000018,1
41645,41646,41647,long,2520.57,2517.49,loss,-34.10000000000382,71.00400000000018,1
41657,41658,41659,long,2502.31,2501.38,loss,-12.599999999998364,71.00400000000018,1
41680,41681,41682,long,2491.69,2492.19,win,1.7000000000000002,71.00400000000018,1
41692,41693,41694,long,2494.9,2495.11,loss,-1.199999999999636,71.00400000000018,1
41704,41705,41706,long,2516.03,2515.94,loss,-4.200000000001455,71.00400000000018,1
41716,41717,41718,long,2496.69,2495.83,loss,-11.900000000001274,71.00400000000018,1
41728,41729,41730,long,2505.17,2505.31,loss,-1.9000000000012731,71.00400000000018,1
41740,41741,41742,long,2515.27,2516.65,win,10.50000000000109,71.00400000000018,1
41752,41753,41754,long,2512.36,2512.19,loss,-5.000000000000727,71.00400000000018,1
41764,41765,41766,long,2557.5,2561.54,win,37.09999999999964,71.00400000000018,1
41776,41777,41778,long,2579.26,2581.37,win,17.799999999996725,71.00400000000018,1
41788,41789,41790,long,2581.7,2580.27,loss,-17.599999999998364,71.00400000000018,1
41800,41801,41802,long,2568.3,2573.04,win,44.09999999999782,71.00400000000018,1
41812,41813,41814,long,2557.52,2558.58,win,7.2999999999994545,71.00400000000018,1
41824,41825,41826,long,2586.05,2588.15,win,17.69999999999909,71.00400000000018,1
41836,41837,41838,long,2620.6,2618.34,loss,-25.899999999997636,71.00400000000018,1
41848,41849,41850,long,2627.32,2625.15,loss,-25.00000000000073,71.00400000000018,1
41860,41861,41862,long,2657.34,2660.77,win,30.999999999998362,71.00400000000018,1
41872,41873,41874,long,2656.56,2659.02,win,21.300000000000363,71.00400000000018,1
41884,41885,41886,long,2671.52,2669.86,loss,-19.899999999998546,71.00400000000018,1
41896,41897,41898,long,2657.12,2661.46,win,40.10000000000146,71.00400000000018,1
41908,41909,41910,long,2633.18,2636.27,win,27.600000000001454,71.00400000000018,1
41920,41921,41922,long,2661.9,2657.25,loss,-49.80000000000091,71.00400000000018,1
41932,41933,41934,long,2658.14,2657.78,loss,-6.899999999996726,71.00400000000018,1
41944,41945,41946,long,2655.92,2657.3,win,10.50000000000109,71.00400000000018,1
41956,41957,41958,long,2650.36,2649.32,loss,-13.699999999999637,71.00400000000018,1
41968,41969,41970,long,2641.99,2643.44,win,11.200000000002728,71.00400000000018,1
41980,41981,41982,long,2620.34,2620.98,win,3.099999999998727,71.00400000000018,1
41992,41993,41994,long,2607.12,2609.07,win,16.200000000002728,71.00400000000018,1
42004,42005,42006,long,2629.8,2633.88,win,37.499999999999275,71.00400000000018,1
42016,42017,42017,long,2655.15,2648.0496000000003,loss,-74.30399999999808,71.00400000000018,0
42028,42029,42030,long,2645.99,2648.09,win,17.700000000003637,71.00400000000018,1
42040,42041,42042,long,2661.97,2660.24,loss,-20.600000000000183,71.00400000000018,1
42052,42053,42054,long,2673.74,2677.88,win,38.10000000000328,71.00400000000018,1
42064,42065,42066,long,2691.9,2693.0,win,7.699999999999091,71.00400000000018,1
42076,42077,42078,long,2720.34,2721.63,win,9.599999999999635,71.00400000000018,1
42088,42089,42090,long,2718.75,2724.64,win,55.59999999999873,71.00400000000018,1
42100,42101,42102,long,2747.64,2745.2,loss,-27.700000000000546,71.00400000000018,1
42112,42113,42114,long,2714.17,2721.06,win,65.59999999999873,71.00400000000018,1
42124,42125,42126,long,2735.31,2732.51,loss,-31.299999999997272,71.00400000000018,1
42136,42137,42138,long,2733.97,2726.8696,loss,-74.30399999999808,71.00400000000018,1
42148,42149,42150,long,2740.13,2750.7806,win,103.2059999999994,71.00400000000018,1
42160,42161,42162,long,2773.13,2781.71,win,82.49999999999928,71.00400000000018,1
42172,42173,42174,long,2786.78,2784.61,loss,-25.00000000000073,71.00400000000018,1
42184,42185,42186,long,2743.14,2749.47,win,59.999999999999275,71.00400000000018,1
42196,42197,42198,long,2735.5,2739.72,win,38.899999999998,71.00400000000018,1
42208,42209,42210,long,2735.64,2734.04,loss,-19.29999999999909,71.00400000000018,1
42220,42221,42222,long,2743.02,2735.9196,loss,-74.30399999999808,71.00400000000018,1
42232,42233,42234,long,2658.78,2651.6796000000004,loss,-74.30399999999808,71.00400000000018,1
42244,42245,42246,long,2705.58,2699.88,loss,-60.29999999999818,71.00400000000018,1
42256,42257,42258,long,2683.48,2676.3796,loss,-74.30399999999808,71.00400000000018,1
42268,42269,42270,long,2618.47,2623.87,win,50.70000000000091,71.00400000000018,1
42280,42281,42282,long,2597.31,2607.9606,win,103.2059999999994,71.00400000000018,1
42292,42293,42294,long,2572.0,2564.8996,loss,-74.30399999999808,71.00400000000018,1
42304,42305,42306,long,2564.38,2565.05,win,3.4000000000007278,71.00400000000018,1
42316,42317,42317,long,2562.2,2572.8505999999998,win,103.2059999999994,71.00400000000018,0
42328,42329,42330,long,2611.3,2615.62,win,39.89999999999709,71.00400000000018,1
42340,42341,42342,long,2631.76,2639.54,win,74.49999999999746,71.00400000000018,1
42352,42353,42354,long,2649.43,2660.0806,win,103.2059999999994,71.00400000000018,1
42364,42365,42366,long,2669.25,2677.84,win,82.60000000000146,71.00400000000018,1
42376,42377,42377,long,2715.0,2707.8996,loss,-74.30399999999808,71.00400000000018,0
42388,42389,42389,long,2624.37,2617.2696,loss,-74.30399999999808,71.00400000000018,0
42400,42401,42402,long,2630.62,2631.2,win,2.4999999999992726,71.00400000000018,1
42412,42413,42414,long,2634.69,2627.5896000000002,loss,-74.30399999999808,71.00400000000018,1
42446,42447,42448,long,2638.35,2636.54,loss,-21.399999999999455,71.00400000000018,1
42458,42459,42460,long,2642.65,2642.26,loss,-7.1999999999987265,71.00400000000018,1
42470,42471,42472,long,2649.22,2647.08,loss,-24.699999999998727,71.00400000000018,1
42482,42483,42484,long,2631.36,2624.2596000000003,loss,-74.30399999999808,71.00400000000018,1
42494,42495,42495,long,2643.63,2636.5296000000003,loss,-74.30399999999808,71.00400000000018,0
42506,42507,42508,long,2660.53,2667.44,win,65.79999999999855,71.00400000000018,1
42518,42519,42520,long,2692.89,2699.67,win,64.500000000002,71.00400000000018,1
42530,42531,42532,long,2717.57,2710.4696000000004,loss,-74.30399999999808,71.00400000000018,1
42542,42543,42544,long,2680.25,2690.9006,win,103.2059999999994,71.00400000000018,1
42554,42555,42556,long,2649.6,2653.23,win,33.000000000001094,71.00400000000018,1
42566,42567,42568,long,2652.65,2657.96,win,49.79999999999946,71.00400000000018,1
42578,42579,42580,long,2645.1,2650.95,win,55.19999999999909,71.00400000000018,1
42590,42591,42592,long,2585.15,2595.8006,win,103.2059999999994,71.00400000000018,1
42602,42603,42604,long,2593.88,2603.59,win,93.80000000000037,71.00400000000018,1
42614,42615,42616,long,2621.94,2620.86,loss,-14.099999999999273,71.00400000000018,1
42626,42627,42628,long,2611.33,2617.44,win,57.800000000001276,71.00400000000018,1
42648,42649,42650,long,2631.94,2632.24,loss,-0.3000000000027283,71.00400000000018,1
42660,42661,42662,long,2620.01,2624.34,win,39.999999999999275,71.00400000000018,1
42672,42673,42674,long,2605.39,2609.0,win,32.800000000001276,71.00400000000018,1
42684,42685,42686,long,2625.54,2633.02,win,71.50000000000018,71.00400000000018,1
42696,42697,42698,long,2657.56,2659.45,win,15.599999999998726,71.00400000000018,1
42708,42709,42710,long,2639.29,2641.43,win,18.099999999998726,71.00400000000018,1
42720,42721,42722,long,2635.31,2639.15,win,35.10000000000146,71.00400000000018,1
42732,42733,42734,long,2648.1,2648.92,win,4.900000000001637,71.00400000000018,1
42744,42745,42746,long,2661.51,2658.52,loss,-33.20000000000236,71.00400000000018,1
42756,42757,42758,long,2670.39,2671.15,win,4.300000000002183,71.00400000000018,1
42768,42769,42770,long,2689.74,2682.6396,loss,-74.30399999999808,71.00400000000018,1
42780,42781,42782,long,2662.69,2670.65,win,76.30000000000037,71.00400000000018,1
42792,42793,42794,long,2677.6,2670.4996,loss,-74.30399999999808,71.00400000000018,1
42804,42805,42806,long,2695.9,2696.25,win,0.19999999999909068,71.00400000000018,1
42816,42817,42818,long,2713.98,2714.76,win,4.500000000002001,71.00400000000018,1
42828,42829,42829,long,2702.18,2695.0796,loss,-74.30399999999808,71.00400000000018,0
42851,42852,42853,long,2744.18,2748.24,win,37.29999999999946,71.00400000000018,1
42863,42864,42865,long,2755.85,2752.75,loss,-34.29999999999909,71.00400000000018,1
42875,42876,42877,long,2753.84,2762.38,win,82.09999999999964,71.00400000000018,1
42887,42888,42889,long,2770.21,2763.1096000000002,loss,-74.30399999999808,71.00400000000018,1
42899,42900,42901,long,2739.28,2741.39,win,17.799999999996725,71.00400000000018,1
42911,42912,42913,long,2762.46,2763.89,win,10.999999999998362,71.00400000000018,1
42923,42924,42925,long,2759.51,2760.24,win,3.9999999999956346,71.00400000000018,1
42935,42936,42937,long,2794.26,2796.36,win,17.69999999999909,71.00400000000018,1
42947,42948,42948,long,2800.87,2793.7696,loss,-74.30399999999808,71.00400000000018,0
42959,42960,42961,long,2813.99,2823.47,win,91.50000000000018,71.00400000000018,1
42971,42972,42973,long,2842.32,2844.58,win,19.299999999997635,71.00400000000018,1
42983,42984,42985,long,2866.25,2871.74,win,51.59999999999782,71.00400000000018,1
42995,42996,42997,long,2855.17,2865.8206,win,103.2059999999994,71.00400000000018,1
43007,43008,43008,long,2858.08,2868.7306,win,103.2059999999994,71.00400000000018,0
43019,43020,43020,long,2907.29,2917.9406,win,103.2059999999994,71.00400000000018,0
43031,43032,43033,long,2896.56,2889.4596,loss,-74.30399999999808,71.00400000000018,1
43043,43044,43045,long,2904.06,2906.08,win,16.899999999999817,71.00400000000018,1
43055,43056,43057,long,2926.63,2929.99,win,30.299999999996725,71.00400000000018,1
43067,43068,43069,long,2883.42,2894.0706,win,103.2059999999994,71.00400000000018,1
43090,43091,43092,long,2933.93,2938.39,win,41.30000000000037,71.00400000000018,1
43102,43103,43104,long,2932.45,2937.32,win,45.40000000000346,71.00400000000018,1
43114,43115,43116,long,2938.71,2931.6096000000002,loss,-74.30399999999808,71.00400000000018,1
43126,43127,43128,long,2934.91,2927.8096,loss,-74.30399999999808,71.00400000000018,1
43138,43139,43140,long,2951.93,2949.69,loss,-25.699999999997818,71.00400000000018,1
43150,43151,43152,long,2914.36,2925.0106,win,103.2059999999994,71.00400000000018,1
43162,43163,43164,long,2915.6,2912.79,loss,-31.399999999999455,71.00400000000018,1
43174,43175,43176,long,2877.72,2874.74,loss,-33.10000000000018,71.00400000000018,1
43186,43187,43187,long,2856.49,2867.1405999999997,win,103.2059999999994,71.00400000000018,0
43198,43199,43200,long,2891.19,2884.0896000000002,loss,-74.30399999999808,71.00400000000018,1
43210,43211,43212,long,2917.25,2910.1496,loss,-74.30399999999808,71.00400000000018,1
43222,43223,43224,long,2918.0,2924.66,win,63.29999999999855,71.00400000000018,1
43234,43235,43236,long,2911.6,2904.4996,loss,-74.30399999999808,71.00400000000018,1
43246,43247,43248,long,2911.1,2912.29,win,8.600000000000545,71.00400000000018,1
43258,43259,43260,long,2888.36,2881.2596000000003,loss,-74.30399999999808,71.00400000000018,1
43270,43271,43272,long,2914.07,2915.02,win,6.199999999998181,71.00400000000018,1
43282,43283,43284,long,2932.92,2938.0,win,47.499999999999275,71.00400000000018,1
43294,43295,43296,long,2988.83,2988.02,loss,-11.399999999999455,71.00400000000018,1
43306,43307,43308,long,2984.29,2990.82,win,62.000000000002004,71.00400000000018,1
43318,43319,43320,long,3000.4,3005.75,win,50.19999999999909,71.00400000000018,1
43330,43331,43332,long,3033.57,3029.53,loss,-43.69999999999963,71.00400000000018,1
43342,43343,43344,long,3047.07,3049.8,win,24.00000000000018,71.00400000000018,1
43354,43355,43356,long,3044.31,3037.2096,loss,-74.30399999999808,71.00400000000018,1
43366,43367,43368,long,3020.86,3020.97,loss,-2.200000000003274,71.00400000000018,1
43378,43379,43380,long,3010.82,3011.76,win,6.100000000000546,71.00400000000018,1
43390,43391,43392,long,3019.2,3024.98,win,54.500000000002004,71.00400000000018,1
43402,43403,43404,long,3018.14,3023.48,win,50.10000000000146,71.00400000000018,1
43414,43415,43416,long,3055.89,3066.5406,win,103.2059999999994,71.00400000000018,1
43426,43427,43427,long,3085.53,3096.1806,win,103.2059999999994,71.00400000000018,0
43438,43439,43440,long,3122.75,3127.22,win,41.399999999998,71.00400000000018,1
43450,43451,43452,long,3113.38,3122.78,win,90.70000000000091,71.00400000000018,1
43462,43463,43463,long,3139.45,3132.3496,loss,-74.30399999999808,71.00400000000018,0
43474,43475,43476,long,3114.36,3107.2596000000003,loss,-74.30399999999808,71.00400000000018,1
43486,43487,43487,long,3016.04,3008.9396,loss,-74.30399999999808,71.00400000000018,0
43498,43499,43500,long,2981.8,2985.08,win,29.499999999997453,71.00400000000018,1
43510,43511,43512,long,2983.22,2976.1196,loss,-74.30399999999808,71.00400000000018,1
43522,43523,43523,long,3083.57,3076.4696000000004,loss,-74.30399999999808,71.00400000000018,0
43534,43535,43535,long,3175.67,3186.3206,win,103.2059999999994,71.00400000000018,0
43546,43547,43547,long,3229.89,3222.7896,loss,-74.30399999999808,71.00400000000018,0
43558,43559,43560,long,3211.25,3211.93,win,3.499999999998363,71.00400000000018,1
43570,43571,43571,long,3230.98,3241.6306,win,103.2059999999994,71.00400000000018,0
43582,43583,43583,long,3343.21,3353.8606,win,103.2059999999994,71.00400000000018,0
43594,43595,43595,long,3332.98,3343.6306,win,103.2059999999994,71.00400000000018,0
43606,43607,43607,long,3424.06,3434.7106,win,103.2059999999994,71.00400000000018,0
43618,43619,43619,long,3323.3,3316.1996000000004,loss,-74.30399999999808,71.00400000000018,0
43630,43631,43631,long,3288.38,3299.0306,win,103.2059999999994,71.00400000000018,0
43642,43643,43643,long,3350.22,3360.8705999999997,win,103.2059999999994,71.00400000000018,0
43654,43655,43655,long,3324.74,3317.6396,loss,-74.30399999999808,71.00400000000018,0
43666,43667,43667,long,3344.44,3337.3396000000002,loss,-74.30399999999808,71.00400000000018,0
43678,43679,43680,long,3314.31,3324.9606,win,103.2059999999994,71.00400000000018,1
43690,43691,43691,long,3287.5,3280.3996,loss,-74.30399999999808,71.00400000000018,0
43702,43703,43704,long,3238.77,3231.6696,loss,-74.30399999999808,71.00400000000018,1
43714,43715,43716,long,3238.45,3249.1005999999998,win,103.2059999999994,71.00400000000018,1
43726,43727,43727,long,3336.3,3329.1996000000004,loss,-74.30399999999808,71.00400000000018,0
43738,43739,43739,long,3439.0,3431.8996,loss,-74.30399999999808,71.00400000000018,0
43750,43751,43752,long,3365.95,3376.6005999999998,win,103.2059999999994,71.00400000000018,1
43762,43763,43763,long,3304.52,3315.1706,win,103.2059999999994,71.00400000000018,0
43774,43775,43775,long,3273.03,3283.6806,win,103.2059999999994,71.00400000000018,0
43786,43787,43788,long,3236.01,3239.74,win,33.99999999999564,71.00400000000018,1
43798,43799,43800,long,3249.31,3242.2096,loss,-74.30399999999808,71.00400000000018,1
43810,43811,43812,long,3177.54,3187.57,win,97.000000000002,71.00400000000018,1
43822,43823,43823,long,3239.41,3250.0606,win,103.2059999999994,71.00400000000018,0
43834,43835,43835,long,3219.19,3212.0896000000002,loss,-74.30399999999808,71.00400000000018,0
43846,43847,43848,long,3228.23,3221.1296,loss,-74.30399999999808,71.00400000000018,1
43858,43859,43859,long,3289.84,3300.4906,win,103.2059999999994,71.00400000000018,0
43870,43871,43872,long,3319.27,3323.59,win,39.90000000000164,71.00400000000018,1
43882,43883,43884,long,3294.58,3287.4796,loss,-74.30399999999808,71.00400000000018,1
43894,43895,43895,long,3355.89,3348.7896,loss,-74.30399999999808,71.00400000000018,0
43917,43918,43919,long,3301.0,3311.6506,win,103.2059999999994,71.00400000000018,1
43929,43930,43931,long,3286.98,3279.8796,loss,-74.30399999999808,71.00400000000018,1
43941,43942,43943,long,3317.51,3310.4096000000004,loss,-74.30399999999808,71.00400000000018,1
43953,43954,43954,long,3298.4,3309.0506,win,103.2059999999994,71.00400000000018,0
43965,43966,43967,long,3384.07,3376.9696000000004,loss,-74.30399999999808,71.00400000000018,1
43977,43978,43979,long,3353.1,3350.15,loss,-32.79999999999818,71.00400000000018,1
43989,43990,43991,long,3374.24,3380.05,win,54.800000000004005,71.00400000000018,1
44001,44002,44003,long,3353.5,3359.21,win,53.80000000000037,71.00400000000018,1
44013,44014,44015,long,3311.98,3304.8796,loss,-74.30399999999808,71.00400000000018,1
44025,44026,44027,long,3324.62,3317.5196,loss,-74.30399999999808,71.00400000000018,1
44037,44038,44039,long,3323.28,3316.1796000000004,loss,-74.30399999999808,71.00400000000018,1
44049,44050,44050,long,3357.52,3368.1706,win,103.2059999999994,71.00400000000018,0
44061,44062,44063,long,3385.18,3395.8306,win,103.2059999999994,71.00400000000018,1
44073,44074,44074,long,3451.68,3444.5796,loss,-74.30399999999808,71.00400000000018,0
44085,44086,44086,long,3385.19,3395.8406,win,103.2059999999994,71.00400000000018,0
44097,44098,44099,long,3390.24,3383.1396,loss,-74.30399999999808,71.00400000000018,1
44109,44110,44111,long,3369.94,3380.5906,win,103.2059999999994,71.00400000000018,1
44132,44133,44133,long,3391.19,3384.0896000000002,loss,-74.30399999999808,71.00400000000018,0
44144,44145,44145,long,3367.67,3360.5696000000003,loss,-74.30399999999808,71.00400000000018,0
44156,44157,44158,long,3324.59,3326.77,win,18.499999999998362,71.00400000000018,1
44168,44169,44170,long,3334.36,3333.81,loss,-8.80000000000182,71.00400000000018,1
44180,44181,44181,long,3326.96,3319.8596000000002,loss,-74.30399999999808,71.00400000000018,0
44192,44193,44193,long,3271.55,3264.4496000000004,loss,-74.30399999999808,71.00400000000018,0
44204,44205,44206,long,3303.93,3314.55,win,102.90000000000346,71.00400000000018,1
44216,44217,44218,long,3338.84,3338.97,loss,-2.000000000003456,71.00400000000018,1
44228,44229,44230,long,3357.42,3350.3196000000003,loss,-74.30399999999808,71.00400000000018,1
44240,44241,44242,long,3326.82,3328.71,win,15.599999999998726,71.00400000000018,1
44262,44263,44264,long,3338.26,3331.1596000000004,loss,-74.30399999999808,71.00400000000018,1
44274,44275,44276,long,3302.19,3306.86,win,43.40000000000073,71.00400000000018,1
44286,44287,44288,long,3314.19,3317.5,win,29.799999999999454,71.00400000000018,1
44298,44299,44300,long,3323.41,3334.0606,win,103.2059999999994,71.00400000000018,1
44310,44311,44312,long,3363.97,3367.67,win,33.70000000000273,71.00400000000018,1
44322,44323,44324,long,3344.2,3347.39,win,28.600000000000545,71.00400000000018,1
44334,44335,44336,long,3324.2,3330.34,win,58.10000000000328,71.00400000000018,1
44346,44347,44348,long,3347.49,3340.3896,loss,-74.30399999999808,71.00400000000018,1
44358,44359,44360,long,3341.0,3339.89,loss,-14.400000000001274,71.00400000000018,1
44370,44371,44372,long,3349.38,3352.09,win,23.800000000000363,71.00400000000018,1
44382,44383,44384,long,3396.39,3394.62,loss,-20.99999999999982,71.00400000000018,1
44394,44395,44396,long,3432.62,3428.86,loss,-40.89999999999763,71.00400000000018,1
44406,44407,44408,long,3387.99,3391.24,win,29.2,71.00400000000018,1
44418,44419,44420,long,3368.88,3372.08,win,28.69999999999818,71.00400000000018,1
44430,44431,44431,long,3317.03,3327.6806,win,103.2059999999994,71.00400000000018,0
44442,44443,44444,long,3314.66,3307.5596,loss,-74.30399999999808,71.00400000000018,1
44454,44455,44456,long,3326.7,3330.03,win,30.00000000000382,71.00400000000018,1
44466,44467,44468,long,3275.31,3285.9606,win,103.2059999999994,71.00400000000018,1
44478,44479,44480,long,3289.9,3290.1,loss,-1.3000000000018188,71.00400000000018,1
44490,44491,44492,long,3363.89,3356.7896,loss,-74.30399999999808,71.00400000000018,1
44502,44503,44504,long,3374.74,3379.85,win,47.800000000001276,71.00400000000018,1
44514,44515,44516,long,3380.21,3383.47,win,29.299999999997635,71.00400000000018,1
44526,44527,44528,long,3368.05,3372.16,win,37.79999999999673,71.00400000000018,1
44538,44539,44539,long,3404.26,3397.1596000000004,loss,-74.30399999999808,71.00400000000018,0
44550,44551,44552,long,3397.62,3390.5196,loss,-74.30399999999808,71.00400000000018,1
44562,44563,44564,long,3343.67,3354.3206,win,103.2059999999994,71.00400000000018,1
44574,44575,44576,long,3347.42,3343.36,loss,-43.89999999999945,71.00400000000018,1
44586,44587,44588,long,3357.06,3367.7106,win,103.2059999999994,71.00400000000018,1
44598,44599,44600,long,3337.19,3336.96,loss,-5.600000000000182,71.00400000000018,1
44610,44611,44612,long,3336.15,3329.0496000000003,loss,-74.30399999999808,71.00400000000018,1
44622,44623,44624,long,3332.8,3334.98,win,18.499999999998362,71.00400000000018,1
44634,44635,44636,long,3315.81,3315.85,loss,-2.9000000000003636,71.00400000000018,1
44646,44647,44648,long,3350.47,3343.3696,loss,-74.30399999999808,71.00400000000018,1
44658,44659,44660,long,3338.5,3339.36,win,5.3000000000012735,71.00400000000018,1
44670,44671,44672,long,3370.52,3363.4196,loss,-74.30399999999808,71.00400000000018,1
44682,44683,44684,long,3365.73,3358.6296,loss,-74.30399999999808,71.00400000000018,1
44694,44695,44696,long,3392.78,3389.7,loss,-34.10000000000382,71.00400000000018,1
44706,44707,44708,long,3398.97,3391.8696,loss,-74.30399999999808,71.00400000000018,1
44718,44719,44720,long,3417.63,3413.48,loss,-44.80000000000091,71.00400000000018,1
44730,44731,44732,long,3449.01,3444.15,loss,-51.90000000000127,71.00400000000018,1
44753,44754,44755,long,3533.32,3543.9706,win,103.2059999999994,71.00400000000018,1
44765,44766,44767,long,3560.62,3553.5196,loss,-74.30399999999808,71.00400000000018,1
44777,44778,44779,long,3546.17,3552.12,win,56.199999999998184,71.00400000000018,1
44789,44790,44790,long,3581.27,3591.9206,win,103.2059999999994,71.00400000000018,0
44801,44802,44803,long,3635.55,3628.4496000000004,loss,-74.30399999999808,71.00400000000018,1
44813,44814,44814,long,3619.9,3630.5506,win,103.2059999999994,71.00400000000018,0
44825,44826,44827,long,3642.09,3643.94,win,15.19999999999909,71.00400000000018,1
44837,44838,44839,long,3633.42,3636.59,win,28.400000000000727,71.00400000000018,1
44849,44850,44851,long,3642.45,3635.3496,loss,-74.30399999999808,71.00400000000018,1
44861,44862,44863,long,3679.43,3686.38,win,66.20000000000273,71.00400000000018,1
44873,44874,44875,long,3689.51,3691.38,win,15.399999999998908,71.00400000000018,1
44885,44886,44887,long,3660.05,3670.7006,win,103.2059999999994,71.00400000000018,1
44897,44898,44899,long,3643.26,3636.1596000000004,loss,-74.30399999999808,71.00400000000018,1
44909,44910,44911,long,3685.92,3690.73,win,44.79999999999946,71.00400000000018,1
44921,44922,44922,long,3746.18,3739.0796,loss,-74.30399999999808,71.00400000000018,0
44933,44934,44935,long,3765.7,3765.06,loss,-9.699999999998727,71.00400000000018,1
44945,44946,44947,long,3736.77,3747.4206,win,103.2059999999994,71.00400000000018,1
44957,44958,44959,long,3749.81,3742.7096,loss,-74.30399999999808,71.00400000000018,1
44969,44970,44970,long,3758.81,3769.4606,win,103.2059999999994,71.00400000000018,0
44981,44982,44982,long,3833.86,3826.7596000000003,loss,-74.30399999999808,71.00400000000018,0
44993,44994,44995,long,3858.97,3860.76,win,14.600000000004183,71.00400000000018,1
45005,45006,45006,long,3865.93,3858.8296,loss,-74.30399999999808,71.00400000000018,0
45017,45018,45019,long,3855.14,3856.74,win,12.69999999999909,71.00400000000018,1
45029,45030,45030,long,3887.51,3898.1606,win,103.2059999999994,71.00400000000018,0
45041,45042,45042,long,3960.25,3970.9006,win,103.2059999999994,71.00400000000018,0
45053,45054,45055,long,3984.25,3994.9006,win,103.2059999999994,71.00400000000018,1
45065,45066,45066,long,4040.21,4033.1096000000002,loss,-74.30399999999808,71.00400000000018,0
45077,45078,45078,long,3974.02,3966.9196,loss,-74.30399999999808,71.00400000000018,0
45089,45090,45090,long,3999.31,4009.9606,win,103.2059999999994,71.00400000000018,0
45101,45102,45103,long,4110.84,4121.4906,win,103.2059999999994,71.00400000000018,1
45113,45114,45114,long,4143.96,4154.6106,win,103.2059999999994,71.00400000000018,0
45125,45126,45126,long,4208.53,4201.4295999999995,loss,-74.30400000000263,71.00400000000018,0
45137,45138,45138,long,4328.98,4339.6305999999995,win,103.2059999999994,71.00400000000018,0
45149,45150,45150,long,4246.45,4239.3496,loss,-74.30400000000263,71.00400000000018,0
45161,45162,45162,long,4354.46,4365.1106,win,103.2059999999994,71.00400000000018,0
45173,45174,45174,long,4125.42,4118.3196,loss,-74.30400000000263,71.00400000000018,0
45185,45186,45186,long,4095.42,4106.0706,win,103.2059999999994,71.00400000000018,0
45197,45198,45198,long,4127.8,4120.6996,loss,-74.30400000000263,71.00400000000018,0
45209,45210,45210,long,4102.31,4095.2096000000006,loss,-74.30399999999808,71.00400000000018,0
45221,45222,45222,long,3984.46,3995.1106,win,103.2059999999994,71.00400000000018,0
45233,45234,45234,long,3954.9,3947.7996000000003,loss,-74.30399999999808,71.00400000000018,0
45245,45246,45246,long,3930.42,3923.3196000000003,loss,-74.30399999999808,71.00400000000018,0
45257,45258,45258,long,4023.09,4015.9896000000003,loss,-74.30399999999808,71.00400000000018,0
45269,45270,45270,long,3981.05,3991.7006,win,103.2059999999994,71.00400000000018,0
45281,45282,45282,long,4001.57,3994.4696000000004,loss,-74.30399999999808,71.00400000000018,0
45293,45294,45295,long,3931.84,3942.4906,win,103.2059999999994,71.00400000000018,1
45305,45306,45306,long,3979.44,3972.3396000000002,loss,-74.30399999999808,71.00400000000018,0
45317,45318,45318,long,3976.15,3986.8006,win,103.2059999999994,71.00400000000018,0
45329,45330,45330,long,4000.51,4011.1606,win,103.2059999999994,71.00400000000018,0
45341,45342,45343,long,4115.26,4125.9106,win,103.2059999999994,71.00400000000018,1
45353,45354,45354,long,4126.5,4137.1506,win,103.2059999999994,71.00400000000018,0
45365,45366,45366,long,4201.8,4194.6996,loss,-74.30400000000263,71.00400000000018,0
45377,45378,45378,long,4171.12,4181.7706,win,103.2059999999994,71.00400000000018,0
45389,45390,45390,long,4086.11,4079.0096000000003,loss,-74.30399999999808,71.00400000000018,0
45401,45402,45402,long,4044.02,4036.9196,loss,-74.30399999999808,71.00400000000018,0
45413,45414,45415,long,4067.97,4060.8696,loss,-74.30399999999808,71.00400000000018,1
45425,45426,45426,long,4079.44,4090.0906,win,103.2059999999994,71.00400000000018,0
45437,45438,45438,long,4076.16,4086.8106,win,103.2059999999994,71.00400000000018,0
45449,45450,45451,long,4071.69,4064.5896000000002,loss,-74.30399999999808,71.00400000000018,1
45461,45462,45462,long,4133.37,4126.2696,loss,-74.30400000000263,71.00400000000018,0
45473,45474,45475,long,4131.46,4142.1106,win,103.2059999999994,71.00400000000018,1
45485,45486,45487,long,4165.3,4158.1996,loss,-74.30400000000263,71.00400000000018,1
45519,45520,45521,long,4231.64,4224.5396,loss,-74.30400000000263,71.00400000000018,1
45531,45532,45533,long,4208.87,4219.5206,win,103.2059999999994,71.00400000000018,1
45543,45544,45545,long,4204.01,4214.6606,win,103.2059999999994,71.00400000000018,1
45555,45556,45557,long,4208.19,4201.089599999999,loss,-74.30400000000263,71.00400000000018,1
45567,45568,45569,long,4198.88,4209.5306,win,103.2059999999994,71.00400000000018,1
45579,45580,45581,long,4190.93,4196.04,win,47.79999999999673,71.00400000000018,1
45591,45592,45593,long,4209.68,4213.71,win,36.999999999997456,71.00400000000018,1
45603,45604,45605,long,4228.67,4239.3206,win,103.2059999999994,71.00400000000018,1
45615,45616,45616,long,4281.72,4274.6196,loss,-74.30400000000263,71.00400000000018,0
45627,45628,45629,long,4300.21,4310.8606,win,103.2059999999994,71.00400000000018,1
45639,45640,45641,long,4305.91,4316.5606,win,103.2059999999994,71.00400000000018,1
45651,45652,45653,long,4302.67,4313.3206,win,103.2059999999994,71.00400000000018,1
45663,45664,45665,long,4339.96,4332.8596,loss,-74.30400000000263,71.00400000000018,1
45675,45676,45677,long,4333.96,4326.8596,loss,-74.30400000000263,71.00400000000018,1
45687,45688,45688,long,4339.74,4350.3906,win,103.2059999999994,71.00400000000018,0
45699,45700,45700,long,4447.45,4458.1006,win,103.2059999999994,71.00400000000018,0
45711,45712,45712,long,4487.25,4497.9006,win,103.2059999999994,71.00400000000018,0
45733,45734,45734,long,4539.3,4532.1996,loss,-74.30400000000263,71.00400000000018,0
45745,45746,45746,long,4333.38,4326.2796,loss,-74.30400000000263,71.00400000000018,0
45757,45758,45758,long,4340.5,4333.3996,loss,-74.30400000000263,71.00400000000018,0
45769,45770,45770,long,4325.4,4336.0506,win,103.2059999999994,71.00400000000018,0
45781,45782,45782,long,4353.81,4346.7096,loss,-74.30400000000263,71.00400000000018,0
45793,45794,45794,long,4449.14,4442.0396,loss,-74.30400000000263,71.00400000000018,0
45805,45806,45807,long,4495.38,4488.2796,loss,-74.30400000000263,71.00400000000018,1
45817,45818,45819,long,4455.78,4448.6795999999995,loss,-74.30400000000263,71.00400000000018,1
45829,45830,45831,long,4479.71,4472.6096,loss,-74.30400000000263,71.00400000000018,1
45841,45842,45842,long,4520.67,4513.5696,loss,-74.30400000000263,71.00400000000018,0
45853,45854,45854,long,4596.41,4589.3096,loss,-74.30400000000263,71.00400000000018,0
45865,45866,45867,long,4589.4,4600.0506,win,103.2059999999994,71.00400000000018,1
45877,45878,45878,long,4630.2,4623.0996,loss,-74.30400000000263,71.00400000000018,0
45889,45890,45890,long,4618.68,4611.5796,loss,-74.30400000000263,71.00400000000018,0
45901,45902,45902,long,4629.18,4622.0796,loss,-74.30400000000263,71.00400000000018,0
45924,45925,45925,long,4762.12,4772.7706,win,103.2059999999994,71.00400000000018,0
45936,45937,45937,long,4835.16,4828.0596,loss,-74.30400000000263,71.00400000000018,0
45948,45949,45949,long,4939.08,4931.9796,loss,-74.30400000000263,71.00400000000018,0
45960,45961,45961,long,5012.68,5005.5796,loss,-74.30400000000263,71.00400000000018,0
45972,45973,45973,long,5013.71,5024.3606,win,103.2059999999994,71.00400000000018,0
45984,45985,45985,long,5179.76,5172.6596,loss,-74.30400000000263,71.00400000000018,0
45996,45997,45997,long,5420.49,5431.1406,win,103.2059999999994,71.00400000000018,0
46008,46009,46009,long,5388.79,5399.4406,win,103.2059999999994,71.00400000000018,0
46020,46021,46021,long,4779.68,4772.5796,loss,-74.30400000000263,71.00400000000018,0
46032,46033,46033,long,4673.23,4683.8805999999995,win,103.2059999999994,71.00400000000018,0
46044,46045,46045,long,4945.42,4938.3196,loss,-74.30400000000263,71.00400000000018,0
46056,46057,46057,long,4975.58,4986.2306,win,103.2059999999994,71.00400000000018,0
46068,46069,46069,long,4786.88,4779.7796,loss,-74.30400000000263,71.00400000000018,0
46080,46081,46081,long,4980.95,4973.8496,loss,-74.30400000000263,71.00400000000018,0
46092,46093,46093,long,5059.18,5052.0796,loss,-74.30400000000263,71.00400000000018,0
46104,46105,46105,long,5026.04,5036.6906,win,103.2059999999994,71.00400000000018,0
46116,46117,46117,long,5084.94,5077.839599999999,loss,-74.30400000000263,71.00400000000018,0
46128,46129,46129,long,4923.6,4916.4996,loss,-74.30400000000263,71.00400000000018,0
46140,46141,46141,long,5036.98,5029.879599999999,loss,-74.30400000000263,71.00400000000018,0
46163,46164,46164,long,4869.14,4862.0396,loss,-74.30400000000263,71.00400000000018,0
46175,46176,46176,long,4978.14,4971.0396,loss,-74.30400000000263,71.00400000000018,0
46187,46188,46188,long,4999.02,4991.9196,loss,-74.30400000000263,71.00400000000018,0
46199,46200,46200,long,5106.92,5099.8196,loss,-74.30400000000263,71.00400000000018,0
46211,46212,46212,long,5227.28,5237.9306,win,103.2059999999994,71.00400000000018,0
46223,46224,46224,long,5142.64,5135.5396,loss,-74.30400000000263,71.00400000000018,0
46235,46236,46236,long,5164.69,5175.3405999999995,win,103.2059999999994,71.00400000000018,0
46247,46248,46248,long,5184.92,5177.8196,loss,-74.30400000000263,71.00400000000018,0
46259,46260,46260,long,5315.99,5308.8895999999995,loss,-74.30400000000263,71.00400000000018,0
46271,46272,46272,long,5331.13,5341.7806,win,103.2059999999994,71.00400000000018,0
46283,46284,46284,long,5109.46,5102.3596,loss,-74.30400000000263,71.00400000000018,0
46295,46296,46296,long,5150.22,5160.8706,win,103.2059999999994,71.00400000000018,0
46307,46308,46308,long,5084.03,5094.6806,win,103.2059999999994,71.00400000000018,0
46319,46320,46320,long,5190.98,5183.879599999999,loss,-74.30400000000263,71.00400000000018,0
46331,46332,46332,long,5148.85,5141.7496,loss,-74.30400000000263,71.00400000000018,0
46343,46344,46345,long,5190.03,5200.6806,win,103.2059999999994,71.00400000000018,1
46355,46356,46356,long,5182.11,5175.009599999999,loss,-74.30400000000263,71.00400000000018,0
46367,46368,46368,long,5075.61,5086.2606,win,103.2059999999994,71.00400000000018,0
46379,46380,46380,long,5011.61,5004.509599999999,loss,-74.30400000000263,71.00400000000018,0
46391,46392,46392,long,5010.67,5003.5696,loss,-74.30400000000263,71.00400000000018,0
46403,46404,46404,long,5005.32,4998.219599999999,loss,-74.30400000000263,71.00400000000018,0
46415,46416,46416,long,4829.49,4822.3895999999995,loss,-74.30400000000263,71.00400000000018,0
46427,46428,46428,long,4658.65,4651.549599999999,loss,-74.30400000000263,71.00400000000018,0
46439,46440,46440,long,4488.23,4481.129599999999,loss,-74.30400000000263,71.00400000000018,0
46451,46452,46452,long,4417.85,4410.7496,loss,-74.30400000000263,71.00400000000018,0
46463,46464,46464,long,4476.46,4469.3596,loss,-74.30400000000263,71.00400000000018,0
46475,46476,46476,long,4517.74,4510.6395999999995,loss,-74.30400000000263,71.00400000000018,0
46487,46488,46488,long,4385.15,4395.8006,win,103.2059999999994,71.00400000000018,0
46499,46500,46500,long,4486.22,4479.1196,loss,-74.30400000000263,71.00400000000018,0
46511,46512,46512,long,4514.61,4507.509599999999,loss,-74.30400000000263,71.00400000000018,0
46523,46524,46524,long,4681.54,4674.4396,loss,-74.30400000000263,71.00400000000018,0
46535,46536,46536,long,4758.57,4769.2206,win,103.2059999999994,71.00400000000018,0
46547,46548,46548,long,4633.17,4626.0696,loss,-74.30400000000263,71.00400000000018,0
46559,46560,46561,long,4658.63,4651.5296,loss,-74.30400000000263,71.00400000000018,1
46571,46572,46572,long,4747.1,4739.9996,loss,-74.30400000000263,71.00400000000018,0
46583,46584,46584,long,4728.41,4721.3096,loss,-74.30400000000263,71.00400000000018,0
46595,46596,46596,long,4776.09,4768.9896,loss,-74.30400000000263,71.00400000000018,0
46607,46608,46608,long,4670.07,4662.969599999999,loss,-74.30400000000263,71.00400000000018,0
46619,46620,46621,long,4751.74,4762.3906,win,103.2059999999994,71.00400000000018,1
46631,46632,46633,long,4840.22,4833.1196,loss,-74.30400000000263,71.00400000000018,1
46643,46644,46644,long,4797.2,4807.8506,win,103.2059999999994,71.00400000000018,0
46655,46656,46657,long,4794.57,4787.469599999999,loss,-74.30400000000263,71.00400000000018,1
46667,46668,46668,long,4764.24,4774.8906,win,103.2059999999994,71.00400000000018,0
46679,46680,46681,long,4824.41,4817.3096,loss,-74.30400000000263,71.00400000000018,1
46691,46692,46693,long,4722.15,4732.8006,win,103.2059999999994,71.00400000000018,1
46703,46704,46704,long,4745.49,4738.3895999999995,loss,-74.30400000000263,71.00400000000018,0
46715,46716,46716,long,4699.15,4692.049599999999,loss,-74.30400000000263,71.00400000000018,0
46727,46728,46728,long,4692.8,4685.6996,loss,-74.30400000000263,71.00400000000018,0
46739,46740,46741,long,4684.0,4694.6506,win,103.2059999999994,71.00400000000018,1
46751,46752,46752,long,4599.85,4592.7496,loss,-74.30400000000263,71.00400000000018,0
46763,46764,46765,long,4544.16,4554.8106,win,103.2059999999994,71.00400000000018,1
46775,46776,46777,long,4628.34,4621.2396,loss,-74.30400000000263,71.00400000000018,1
46787,46788,46788,long,4620.28,4613.1795999999995,loss,-74.30400000000263,71.00400000000018,0
46799,46800,46800,long,4523.33,4516.2296,loss,-74.30400000000263,71.00400000000018,0
46811,46812,46812,long,4558.34,4551.2396,loss,-74.30400000000263,71.00400000000018,0
46823,46824,46824,long,4696.68,4689.5796,loss,-74.30400000000263,71.00400000000018,0
46835,46836,46836,long,4687.0,4697.6506,win,103.2059999999994,71.00400000000018,0
46847,46848,46848,long,4697.68,4690.5796,loss,-74.30400000000263,71.00400000000018,0
46859,46860,46860,long,4740.28,4750.9306,win,103.2059999999994,71.00400000000018,0
46871,46872,46873,long,4715.04,4725.6906,win,103.2059999999994,71.00400000000018,1
46883,46884,46885,long,4692.85,4703.5006,win,103.2059999999994,71.00400000000018,1
46895,46896,46896,long,4649.58,4660.2306,win,103.2059999999994,71.00400000000018,0
46907,46908,46908,long,4531.77,4542.4206,win,103.2059999999994,71.00400000000018,0
46919,46920,46921,long,4569.08,4561.9796,loss,-74.30400000000263,71.00400000000018,1
46931,46932,46933,long,4481.62,4492.2706,win,103.2059999999994,71.00400000000018,1
46943,46944,46944,long,4546.76,4539.6596,loss,-74.30400000000263,71.00400000000018,0
46955,46956,46957,long,4541.7,4534.5996,loss,-74.30400000000263,71.00400000000018,1
46967,46968,46968,long,4543.23,4553.8805999999995,win,103.2059999999994,71.00400000000018,0
46990,46991,46991,long,4512.45,4505.3496,loss,-74.30400000000263,71.00400000000018,0
47002,47003,47003,long,4463.43,4456.3296,loss,-74.30400000000263,71.00400000000018,0
47014,47015,47015,long,4499.37,4492.2696,loss,-74.30400000000263,71.00400000000018,0
47026,47027,47027,long,4522.18,4532.8306,win,103.2059999999994,71.00400000000018,0
47038,47039,47040,long,4486.01,4478.9096,loss,-74.30400000000263,71.00400000000018,1
47050,47051,47051,long,4491.91,4484.8096,loss,-74.30400000000263,71.00400000000018,0
47062,47063,47063,long,4436.86,4429.759599999999,loss,-74.30400000000263,71.00400000000018,0
47074,47075,47076,long,4474.02,4466.9196,loss,-74.30400000000263,71.00400000000018,1
47086,47087,47087,long,4328.8,4321.6996,loss,-74.30400000000263,71.00400000000018,0
47098,47099,47099,long,4330.5,4323.3996,loss,-74.30400000000263,71.00400000000018,0
47110,47111,47111,long,4255.71,4248.6096,loss,-74.30400000000263,71.00400000000018,0
47122,47123,47123,long,4070.56,4063.4596,loss,-74.30399999999808,71.00400000000018,0
47134,47135,47135,long,4218.91,4211.8096,loss,-74.30400000000263,71.00400000000018,0
47146,47147,47147,long,4267.8,4278.4506,win,103.2059999999994,71.00400000000018,0
47158,47159,47160,long,4311.06,4319.0,win,76.099999999996,71.00400000000018,1
47170,47171,47172,long,4334.17,4337.03,win,25.299999999996725,71.00400000000018,1
47182,47183,47183,long,4256.4,4267.0506,win,103.2059999999994,71.00400000000018,0
47194,47195,47195,long,4212.57,4205.469599999999,loss,-74.30400000000263,71.00400000000018,0
47216,47217,47218,long,4191.95,4184.8496,loss,-74.30400000000263,71.00400000000018,1
47228,47229,47229,long,4112.98,4105.879599999999,loss,-74.30400000000263,71.00400000000018,0
47240,47241,47241,long,4006.65,3999.5496000000003,loss,-74.30399999999808,71.00400000000018,0
47252,47253,47253,long,4028.67,4021.5696000000003,loss,-74.30399999999808,71.00400000000018,0
47264,47265,47265,long,4079.36,4072.2596000000003,loss,-74.30399999999808,71.00400000000018,0
47276,47277,47277,long,4018.43,4011.3296,loss,-74.30399999999808,71.00400000000018,0
47288,47289,47290,long,4013.12,4006.0196,loss,-74.30399999999808,71.00400000000018,1
47300,47301,47301,long,4033.83,4044.4806,win,103.2059999999994,71.00400000000018,0
47312,47313,47314,long,4126.14,4136.7906,win,103.2059999999994,71.00400000000018,1
47334,47335,47336,long,4166.29,4159.1896,loss,-74.30400000000263,71.00400000000018,1
47346,47347,47347,long,4094.83,4105.4806,win,103.2059999999994,71.00400000000018,0
47358,47359,47360,long,4077.62,4070.5196,loss,-74.30399999999808,71.00400000000018,1
47370,47371,47372,long,4124.85,4117.7496,loss,-74.30400000000263,71.00400000000018,1
47382,47383,47383,long,4097.95,4090.8496,loss,-74.30399999999808,71.00400000000018,0
47394,47395,47396,long,4005.43,3998.3296,loss,-74.30399999999808,71.00400000000018,1
47406,47407,47408,long,4052.1,4058.76,win,63.300000000003095,71.00400000000018,1
47418,47419,47420,long,4064.6,4057.4996,loss,-74.30399999999808,71.00400000000018,1
47430,47431,47432,long,3977.74,3988.3905999999997,win,103.2059999999994,71.00400000000018,1
47442,47443,47443,long,4001.71,3994.6096000000002,loss,-74.30399999999808,71.00400000000018,0
47454,47455,47455,long,4009.23,4002.1296,loss,-74.30399999999808,71.00400000000018,0
47466,47467,47468,long,4080.01,4090.6606,win,103.2059999999994,71.00400000000018,1
47478,47479,47479,long,4117.59,4128.2406,win,103.2059999999994,71.00400000000018,0
47490,47491,47492,long,4048.41,4041.3096,loss,-74.30399999999808,71.00400000000018,1
47502,47503,47503,long,4091.3,4084.1996000000004,loss,-74.30399999999808,71.00400000000018,0
47514,47515,47515,long,4081.63,4074.5296000000003,loss,-74.30399999999808,71.00400000000018,0
47526,47527,47527,long,4027.8,4020.6996000000004,loss,-74.30399999999808,71.00400000000018,0
47538,47539,47539,long,4071.59,4082.2406,win,103.2059999999994,71.00400000000018,0
47550,47551,47552,long,4105.49,4098.3895999999995,loss,-74.30400000000263,71.00400000000018,1
47562,47563,47563,long,4074.92,4067.8196000000003,loss,-74.30399999999808,71.00400000000018,0
47574,47575,47576,long,4054.05,4064.7006,win,103.2059999999994,71.00400000000018,1
47586,47587,47588,long,4078.57,4071.4696000000004,loss,-74.30399999999808,71.00400000000018,1
47598,47599,47600,long,4250.65,4261.3006,win,103.2059999999994,71.00400000000018,1
47610,47611,47612,long,4239.17,4232.0696,loss,-74.30400000000263,71.00400000000018,1
