signal_bar,entry_bar,exit_bar,direction,entry_price,exit_price,outcome,pnl_pip,sl_pip,bars_held
247,248,248,short,1622.86,1623.048083270674,loss,-5.1808327067404205,1.8808327067406978,0
736,737,740,long,1625.37,1626.4913425087564,win,7.913425087564701,6.930423416294949,3
1884,1885,1896,long,1640.17,1640.5602965995056,win,0.6029659950551833,2.4122163133841257,11
4397,4398,4401,long,1657.59,1657.442504443241,loss,-4.774955567589404,1.4749555675898451,3
5135,5136,5138,short,1658.37,1657.665611010649,win,3.7438898935094587,4.353454816755042,2
5592,5593,5595,short,1656.36,1656.701243966346,loss,-6.712439663461555,3.4124396634604808,2
5763,5764,5764,short,1658.55,1658.7734418198495,loss,-5.534418198495405,2.2344181984945375,0
5768,5769,5770,short,1658.25,1658.4669353606873,loss,-5.469353606873301,2.1693536068726385,1
6765,6766,6768,long,1674.1,1673.4904842174262,loss,-9.395157825736806,6.095157825736922,2
6783,6784,6785,short,1673.32,1673.8965702827043,loss,-9.065702827043243,5.7657028270432,1
7296,7297,7297,long,1675.67,1676.0239834006627,win,0.23983400662627918,2.1877836876560024,0
8771,8772,8773,short,1651.2,1651.4293858639712,loss,-5.593858639711743,2.2938586397106917,1
8783,8784,8794,short,1651.05,1651.2592096218266,loss,-5.392096218266306,2.0920962182654357,10
9164,9165,9165,long,1646.9,1647.670839337572,win,4.408393375719425,4.7641491815318595,0
9335,9336,9337,long,1648.21,1647.633126236339,loss,-9.068737636610695,5.768737636611134,1
9731,9732,9747,long,1650.99,1651.853583629588,win,5.335836295879926,5.337352469641887,15
10253,10254,10257,short,1649.29,1649.407091112678,loss,-4.470911126780538,1.1709111267795986,3
10561,10562,10565,short,1651.65,1652.091654300443,loss,-7.716543004429059,4.416543004428625,3
10573,10574,10577,long,1653.09,1652.6837642967487,loss,-7.362357032512409,4.062357032511279,3
10980,10981,10993,long,1652.44,1651.8261907421472,loss,-9.438092578528359,6.138092578528658,12
11097,11098,11107,long,1650.96,1651.6016667339902,win,3.1166673399017784,3.9658018169969487,9
11172,11173,11173,long,1650.71,1650.4435330691774,loss,-5.964669308226166,2.664669308225306,0
11183,11184,11202,short,1650.28,1649.9255425897288,win,0.24457410271152202,2.1907132896853767,18
12003,12004,12008,short,1646.32,1645.7646829242244,win,2.253170757755197,3.4321203694412787,4
13352,13353,13358,long,1642.84,1642.2972152760783,loss,-8.727847239216135,5.427847239217094,5
13730,13731,13731,short,1644.95,1643.929143054764,win,6.908569452361189,6.309375434091825,0
13883,13884,13885,short,1638.65,1639.190393043606,loss,-8.703930436059455,5.4039304360600555,1
13887,13888,13889,long,1640.18,1639.6471678622747,loss,-8.62832137725336,5.328321377253255,1
13951,13952,13960,long,1641.09,1640.7045537677218,loss,-7.154462322781273,3.8544623227805928,8
13962,13963,13963,long,1641.59,1641.2278815595362,loss,-6.921184404637461,3.621184404637378,0
14631,14632,14633,long,1643.93,1643.4807942027232,loss,-7.79205797276818,4.492057972767578,1
14635,14636,14639,short,1642.87,1643.3212189754488,loss,-7.8121897544891,4.512189754489357,3
14862,14863,14863,long,1644.66,1644.1281544582275,loss,-8.618455417725546,5.3184554177256915,0
16181,16182,16182,short,1632.46,1632.9825845768717,loss,-8.525845768716227,5.225845768716713,0
16511,16512,16516,short,1631.76,1631.0269879887267,win,4.030120112733312,4.530358536917831,4
16681,16682,16683,long,1637.38,1637.9992949098594,win,2.892949098592635,3.8275334354720383,1
17463,17464,17476,long,1637.4,1637.0070147914587,loss,-7.2298520854140405,3.9298520854143426,12
17946,17947,17951,short,1641.05,1641.3300535251924,loss,-6.10053525192443,2.8005352519241833,4
18632,18633,18633,short,1641.7,1641.4968416092631,loss,-1.268416092630832,1.255614281439323,0
18707,18708,18709,long,1641.89,1642.2611908315614,win,0.41190831561307295,2.2941336932090186,1
18818,18819,18820,long,1643.43,1643.0162738846952,loss,-7.437261153048257,4.137261153048218,1
18828,18829,18835,short,1642.31,1642.7237790606962,loss,-7.437790606962426,4.137790606962146,6
18842,18843,18844,short,1641.95,1642.3319440766504,loss,-7.119440766503703,3.819440766503828,1
19008,19009,19010,long,1643.34,1642.911726221923,loss,-7.582737780770276,4.282737780771196,1
20613,20614,20614,long,1657.69,1657.160472772897,loss,-8.595272271030172,5.295272271029963,0
21335,21336,21337,long,1655.34,1655.0713842366176,loss,-5.986157633822859,2.686157633821986,1
21339,21340,21342,long,1655.5,1655.9328352551888,win,1.0283525518882017,2.675125186581378,2
21591,21592,21592,long,1655.8,1655.3278108350105,loss,-8.021891649894588,4.721891649894927,0
21596,21597,21598,short,1654.42,1654.9225832020234,loss,-8.325832020232884,5.025832020232521,1
21640,21641,21654,short,1654.22,1653.413744818951,win,4.762551810489822,4.983035729598037,13
22556,22557,22557,short,1663.95,1664.1016142516116,loss,-4.816142516115906,1.5161425161154278,0
25904,25905,25905,short,1651.05,1651.5897214985423,loss,-8.69721498542349,5.397214985423667,0
25908,25909,25911,long,1652.32,1653.2607787980453,win,6.107787980453577,5.81445487049019,2
26090,26091,26104,short,1650.95,1649.9442494733994,win,6.757505266006501,6.216010671203653,13
26146,26147,26149,long,1651.13,1652.1274913334605,win,6.6749133346040255,6.164964978123586,2
30620,30621,30623,long,1638.21,1638.0408336921048,loss,-4.991663078952388,1.691663078951748,2
31579,31580,31580,short,1602.09,1600.5180427347063,win,12.419572652935766,9.715434272518406,0
33871,33872,33872,long,1594.81,1595.5618474403452,win,4.218474403452729,4.6467703358792205,0
35370,35371,35377,short,1577.72,1578.1287573621219,loss,-7.387573621218325,4.087573621218464,6
38251,38252,38254,long,1559.35,1559.9738311812619,win,2.938311812619486,3.855569723497776,2
39302,39303,39305,long,1536.96,1536.643084385706,loss,-6.469156142939755,3.1691561429402304,2
39794,39795,39798,short,1539.45,1540.3493312436756,loss,-12.293312436755333,8.993312436755213,3
39802,39803,39803,long,1542.5,1544.0070933385202,win,11.770933385202351,9.314544737455714,0
41068,41069,41069,long,1549.38,1548.4128087466893,loss,-12.971912533108299,9.671912533107921,0
41076,41077,41077,long,1549.61,1548.6872387942562,loss,-12.527612057436546,9.227612057435758,0
41519,41520,41520,long,1574.33,1573.8480901683863,loss,-8.119098316136206,4.819098316135144,0
41674,41675,41682,long,1574.1,1574.4411591541452,win,0.11159154145316297,2.1085238204277137,7
41730,41731,41739,long,1574.55,1575.0001284768086,win,1.201284768086862,2.7820054190897303,8
41907,41908,41913,short,1575.59,1574.9797514330817,win,2.8024856691824427,3.771622786886183,5
41913,41914,41917,short,1575.2,1575.5658740398912,loss,-6.958740398911959,3.6587403989125797,3
41984,41985,41986,short,1575.07,1575.3518292062236,loss,-6.118292062236196,2.8182920622361007,1
42427,42428,42429,short,1589.54,1588.400628736449,win,8.093712635508563,7.041849589313039,1
43362,43363,43365,long,1597.02,1597.4903599184179,win,1.4035991841789839,2.9070452312594885,2
43429,43430,43436,short,1597.57,1597.034972022126,win,2.0502797787382407,3.306724214300535,6
43854,43855,43856,short,1591.23,1591.8797970283367,loss,-9.797970283367068,6.497970283367873,1
43967,43968,43969,short,1586.62,1587.6459659240168,loss,-13.559659240168731,10.259659240169672,1
44230,44231,44238,long,1589.17,1588.6876602020352,loss,-8.12339797964869,4.823397979648226,7
44462,44463,44464,long,1594.14,1593.9353326800604,loss,-5.346673199397446,2.046673199397431,1
44708,44709,44719,short,1591.1,1590.6757333409612,win,0.9426665903872165,2.622167237569724,10
44789,44790,44795,short,1589.21,1588.7072302719225,win,1.727697280775101,3.1073530783530927,5
45257,45258,45262,short,1580.02,1580.660392484599,loss,-9.703924845990333,6.403924845991352,4
45610,45611,45616,short,1576.03,1575.054578175683,win,6.454218243169817,6.028565045221857,5
45868,45869,45890,short,1567.85,1567.3719716454536,win,1.4802835454626804,2.954439768518439,21
46220,46221,46226,short,1559.7,1559.0221339120644,win,3.4786608793562666,4.189530827785132,5
46487,46488,46501,long,1556.69,1555.8435717140148,loss,-11.76428285985212,8.464282859852089,13
46518,46519,46521,short,1554.8,1555.5653489389283,loss,-10.95348938928355,7.653489389282782,2
46553,46554,46556,long,1556.88,1558.142121613204,win,9.32121613203817,7.800504407934247,2
48034,48035,48041,short,1565.73,1563.854978943377,win,15.45021056622927,11.588510856755152,6
48632,48633,48647,short,1557.99,1557.4391960807618,win,2.2080391923820573,3.4042269421402938,14
48817,48818,48819,long,1556.67,1556.2246558754036,loss,-7.753441245964313,4.453441245964437,1
48831,48832,48835,short,1556.02,1556.3800850808968,loss,-6.900850808968516,3.6008508089680356,3
49730,49731,49734,long,1567.18,1567.9407335519825,win,4.307335519824119,4.701690679743527,3
49843,49844,49844,short,1572.5,1571.8260314653496,win,3.4396853465038477,4.165442117739921,0
50273,50274,50277,short,1575.03,1574.5171948694492,win,1.8280513055075973,3.1693765794231,3
50809,50810,50811,short,1577.39,1576.6592280998377,win,4.007719001623809,4.516513598037276,1
50811,50812,50812,short,1576.63,1577.0936066755592,loss,-7.936066755590491,4.636066755589397,0
50859,50860,50860,long,1578.09,1577.585821503576,loss,-8.34178496423947,5.041784964238782,0
50860,50861,50864,short,1576.78,1575.8590058978916,win,5.909941021083523,5.692176156417835,3
50905,50906,50908,short,1575.43,1574.39972914073,win,7.002708592701038,6.367557844685344,2
51089,51090,51103,short,1574.21,1573.6405083951831,win,2.3949160481690344,3.5197256169146582,13
51424,51425,51425,long,1574.98,1575.6509638857287,win,3.409638857287246,4.146871976073074,0
51545,51546,51549,long,1574.6,1575.1643320474473,win,2.3433204744735123,3.48783712884696,3
51687,51688,51690,short,1577.62,1578.2197117128485,loss,-9.297117128486025,5.997117128485094,2
51695,51696,51698,short,1577.28,1577.9032467382044,loss,-9.532467382044434,6.2324673820453285,2
51788,51789,51790,short,1575.01,1574.0446801086114,win,6.353198913886172,5.966130354688516,1
51790,51791,51807,short,1574.32,1574.9304653382937,loss,-9.404653382938069,6.104653382937434,16
51849,51850,51852,long,1574.75,1574.2272956556592,loss,-8.527043443408093,5.22704344340709,2
51854,51855,51856,short,1573.45,1572.5566473859442,win,5.63352614055857,5.521338776612692,1
51963,51964,51985,long,1575.29,1574.4362347216918,loss,-11.83765278308174,8.537652783081148,21
52384,52385,52387,short,1552.43,1553.037740895874,loss,-9.377408958740308,6.077408958739204,2
52533,52534,52536,short,1554.19,1553.8026406005383,win,0.573593994617295,2.3940630374648033,2
52683,52684,52684,long,1554.44,1554.0374110270275,loss,-7.325889729725804,4.025889729724937,0
52694,52695,52697,short,1553.27,1552.592556442154,win,3.4744355784589063,4.186919393361071,2
52877,52878,52879,long,1548.03,1547.6699013623331,loss,-6.9009863766685156,3.6009863766674304,1
52895,52896,52896,long,1548.13,1547.804675449094,loss,-6.553245509060889,3.253245509061996,0
52931,52932,52932,short,1547.23,1547.5309120449083,loss,-6.309120449082729,3.00912044908317,0
52943,52944,52945,long,1548.23,1548.755968789769,win,1.9596878976896734,3.250734176569539,1
53124,53125,53134,long,1548.87,1548.1179108032713,loss,-10.82089196728548,7.520891967285284,9
53134,53135,53137,short,1547.58,1548.3537037346628,loss,-11.037037346628313,7.737037346628835,2
53227,53228,53238,short,1547.96,1548.7417627768648,loss,-11.117627768647527,7.817627768647141,10
53238,53239,53243,long,1548.54,1547.8314962711231,loss,-10.38503728876849,7.0850372887687545,4
53259,53260,53265,long,1549.05,1548.3654463077048,loss,-10.145536922951397,6.845536922950653,5
53393,53394,53396,short,1547.24,1545.9417495406606,win,9.682504593394423,8.023797647338709,2
53641,53642,53644,short,1562.9,1563.9628382668188,loss,-13.928382668187442,10.628382668187243,2
53658,53659,53660,long,1564.84,1563.8309458407837,loss,-13.390541592162482,10.090541592162223,1
53671,53672,53672,long,1565.74,1567.1462056101373,win,10.76205610137249,8.691011187498367,0
53965,53966,53966,short,1562.61,1562.8605469069892,loss,-5.8054690698925695,2.505469069893499,0
53966,53967,53972,short,1562.56,1562.8138541971327,loss,-5.838541971327959,2.53854197132722,5
54077,54078,54083,long,1563.12,1562.710872706205,loss,-7.391272937948815,4.09127293794891,5
54089,54090,54091,short,1562.6,1562.9924427425176,loss,-7.224427425176873,3.9244274251763676,1
54097,54098,54099,long,1563.7,1563.3271979608662,loss,-7.028020391338305,3.7280203913380077,1
54104,54105,54107,short,1562.49,1562.9031677639002,loss,-7.431677639002191,4.131677639002085,2
54121,54122,54130,short,1562.31,1561.6697765422027,win,3.1022345779721947,3.956881692195424,8
54337,54338,54339,long,1561.5,1561.099544181173,loss,-7.304558188269129,4.004558188269482,1
54349,54350,54354,long,1562.46,1563.1646536112933,win,3.7465361129322448,4.355090304655491,4
54486,54487,54495,long,1564.64,1563.726813188061,loss,-12.43186811939113,9.131868119391912,8
54697,54698,54703,long,1565.36,1564.6717775998418,loss,-10.182224001581108,6.8822240015807585,5
54949,54950,54959,short,1562.61,1563.8827436146996,loss,-16.027436146997207,12.727436146997972,9
55130,55131,55133,short,1561.4,1562.187427087051,loss,-11.174270870509009,7.874270870509457,2
55599,55600,55603,short,1554.93,1554.3158939808186,win,2.8410601918146314,3.7954636537792577,3
55647,55648,55654,short,1554.34,1554.7148009075017,loss,-7.048009075018217,3.7480090750179316,6
55768,55769,55775,short,1558.24,1557.3991608161712,win,5.1083918382884805,5.196781111426356,6
55781,55782,55789,long,1558.5,1557.9409536578983,loss,-8.890463421017376,5.590463421016716,7
56029,56030,56036,long,1553.54,1554.4791359375256,win,6.091359375256343,5.804301220800758,6
56084,56085,56085,short,1553.33,1552.114695974178,win,8.853040258219789,7.511149726959123,0
56322,56323,56329,long,1611.94,1610.6483478640057,loss,-16.216521359943545,12.91652135994297,6
56379,56380,56382,long,1614.38,1613.5442871214166,loss,-11.657128785835358,8.357128785834735,2
57049,57050,57054,long,1620.43,1621.1426364121953,win,3.82636412195252,4.404427763876802,4
57607,57608,57608,long,1621.09,1619.7364474608871,loss,-16.835525391127977,13.535525391127598,0
57621,57622,57638,short,1618.44,1616.112820196607,win,19.971798033931645,14.383064297856022,16
57813,57814,57819,long,1612.42,1613.5823802969753,win,8.323802969752432,7.184056223579883,5
58101,58102,58106,short,1618.65,1618.205188285577,win,1.1481171442316738,2.7491453301804856,4
58331,58332,58335,short,1622.34,1621.847820620836,win,1.6217937916387202,3.041899747613371,3
58335,58336,58340,short,1621.85,1621.3721456419587,win,1.4785435804121336,2.9533643883883713,4
58429,58430,58430,long,1619.62,1619.2039508633525,loss,-7.4604913664741614,4.160491366473811,0
58600,58601,58602,short,1615.33,1614.4833253206039,win,5.166746793960738,5.232847215056766,1
59150,59151,59167,long,1616.42,1615.5659333883893,loss,-11.840666116107332,8.540666116106712,16
59290,59291,59291,short,1616.17,1616.5781892125015,loss,-7.381892125013837,4.0818921250138684,0
59310,59311,59318,long,1617.17,1617.8150318688738,win,3.150318688737298,3.9865999312344105,7
59747,59748,59750,short,1625.21,1625.5518620239666,loss,-6.718620239665415,3.418620239665334,2
59753,59754,59755,short,1624.74,1625.1048969903145,loss,-6.948969903144916,3.648969903146009,1
59873,59874,59880,short,1625.77,1625.2486222801015,win,1.9137771989850991,3.222359208272716,6
60142,60143,60173,short,1633.18,1633.789375926117,loss,-9.393759261168544,6.093759261168092,30
60173,60174,60174,long,1633.92,1634.7619952020198,win,5.119952020196888,5.2039258468455305,0
60174,60175,60177,long,1634.65,1635.5258659066853,win,5.458659066852488,5.413262711281474,2
60398,60399,60400,long,1637.87,1636.7391828182342,loss,-14.608171817656785,11.30817181765581,1
60505,60506,60506,long,1637.51,1638.4939104308241,win,6.539104308241531,6.0810286206686985,0
60924,60925,60926,short,1621.96,1622.163732067763,loss,-5.33732067762985,2.037320677630638,1
60933,60934,60936,short,1621.8,1621.4486012225316,win,0.21398777468375574,2.1718095022766692,2
61143,61144,61149,long,1620.58,1620.1818524424755,loss,-7.281475575244531,3.9814755752444713,5
61161,61162,61162,long,1620.91,1620.5161270232434,loss,-7.2387297675671105,3.9387297675678115,0
61172,61173,61173,short,1619.91,1620.3011327619254,loss,-7.211327619252915,3.911327619253802,0
61282,61283,61284,long,1621.89,1621.5019615125873,loss,-7.18038487412814,3.880384874127032,1
61437,61438,61443,short,1622.13,1622.7233188285238,loss,-9.233188285237066,5.933188285237485,5
62280,62281,62281,long,1590.55,1590.276940663093,loss,-6.030593369069538,2.730593369070352,0
62281,62282,62289,long,1590.63,1590.3480387267552,loss,-6.119612732448604,2.819612732447972,7
62297,62298,62300,short,1590.21,1589.7958383010161,win,0.8416169898388945,2.559713837971526,2
62302,62303,62304,short,1589.65,1589.91388058918,loss,-5.93880589179962,2.638805891800654,1
63020,63021,63030,long,1579.66,1578.831404879711,loss,-11.585951202890374,8.285951202891138,9
63187,63188,63191,long,1579.91,1578.593716522143,loss,-16.462834778570414,13.162834778569687,3
63216,63217,63217,long,1581.55,1583.478304652066,win,15.983046520661173,11.917828504734503,0
63456,63457,63457,long,1593.27,1594.0486108640941,win,4.48610864094162,4.81218086584801,0
64443,64444,64444,long,1593.42,1594.2876686354489,win,5.376686354488084,5.362599724653318,0
64730,64731,64732,short,1592.24,1592.8570600381474,loss,-9.470600381474288,6.1706003814748875,1
64736,64737,64741,long,1593.52,1594.5304496224971,win,6.8044962249716265,6.2450532910822165,4
64822,64823,64830,long,1598.72,1597.9282863076585,loss,-11.217136923415456,7.917136923414644,7
65255,65256,65262,short,1593.68,1592.994819783209,win,3.551802167909682,4.234735579671929,6
65319,65320,65326,long,1593.3,1593.0411640830953,loss,-5.888359169046725,2.588359169046733,6
65326,65327,65342,short,1593.0,1593.2727868228928,loss,-6.0278682289284005,2.727868228927821,15
65342,65343,65349,long,1593.34,1593.7156907867145,win,0.45690786714585574,2.3219455297568903,6
66169,66170,66171,short,1611.51,1610.723541236482,win,4.56458763517885,4.860684570567789,1
66687,66688,66690,long,1608.87,1608.568170124958,loss,-6.318298750419035,3.0182987504179937,2
68401,68402,68403,long,1620.67,1620.0473426173555,loss,-9.526573826445475,6.226573826446035,1
68560,68561,68561,long,1620.63,1621.3713050600936,win,4.113050600935094,4.581613474002411,0
69112,69113,69114,short,1624.03,1624.4194557945286,loss,-7.194557945286578,3.8945579452873194,1
69477,69478,69478,long,1626.15,1625.8717264238326,loss,-6.082735761675212,2.7827357616746093,0
69700,69701,69706,long,1625.65,1626.341803697279,win,3.6180369727882864,4.275671800240553,5
72775,72776,72777,short,1630.22,1630.6515127006592,loss,-7.61512700659141,4.315127006592353,1
73195,73196,73202,short,1620.17,1620.5361589136746,loss,-6.961589136745533,3.6615891367455458,6
73232,73233,73236,short,1620.0,1619.5973530735935,win,0.7264692640653267,2.4885471347750796,3
74006,74007,74028,long,1618.66,1618.2027896967465,loss,-7.872103032535324,4.572103032536168,21
74028,74029,74029,short,1618.2,1617.4755353575954,win,3.9446464240465504,4.477531782476781,0
75378,75379,75384,long,1597.4,1596.960379711034,loss,-7.6962028896612535,4.396202889660743,5
76500,76501,76503,short,1565.93,1565.3248783406946,win,2.75121659305496,3.7399360896508513,2
77027,77028,77028,short,1565.51,1566.2437063301022,loss,-10.637063301022227,7.337063301022155,0
78195,78196,78197,short,1568.38,1567.7250605945728,win,3.2493940542728526,4.047833160860618,1
78397,78398,78398,long,1572.97,1572.36023532249,loss,-9.397646775099293,6.097646775100217,0
78403,78404,78404,short,1571.5,1572.1510704704792,loss,-9.810704704792261,6.510704704791446,0
78765,78766,78772,long,1583.81,1584.197940334682,win,0.5794033468207092,2.3976534900009634,6
82319,82320,82322,short,1569.35,1568.5109989646348,win,5.090010353650723,5.185420490513156,2
82837,82838,82841,long,1550.9,1552.0263231506378,win,7.9632315063774515,6.961206122606801,3
83637,83638,83648,short,1569.15,1568.1379284358907,win,6.820715641094194,6.255077652098381,10
85348,85349,85350,long,1594.07,1593.4229604185796,loss,-9.770395814203585,6.470395814204679,1
85360,85361,85365,short,1592.48,1591.4297491543866,win,7.20250845613391,6.491043545199499,4
86547,86548,86565,long,1609.53,1609.204512579114,loss,-6.554874208860201,3.2548742088609584,17
86929,86930,86930,long,1621.97,1621.543873134231,loss,-7.561268657689925,4.2612686576905014,0
86935,86936,86937,long,1622.46,1622.0261768863347,loss,-7.638231136653121,4.338231136653418,1
88100,88101,88101,long,1616.36,1616.0551633549248,loss,-6.3483664507505635,3.0483664507499295,0
88136,88137,88137,short,1615.38,1615.0543694958435,loss,-0.04369495843393434,2.012549469447986,0
89031,89032,89033,long,1617.45,1618.1074277915407,win,3.2742779154061283,4.063212555875784,1
91769,91770,91774,long,1581.18,1581.6569286672252,win,1.4692866722513829,2.947643184332686,4
92027,92028,92030,long,1584.87,1584.194991539713,loss,-10.050084602867901,6.750084602867825,2
92174,92175,92179,short,1587.05,1587.4473834123391,loss,-7.273834123391953,3.97383412339248,4
95814,95815,95815,short,1568.53,1567.8305464487748,win,3.694535512251332,4.322951490885296,0
99501,99502,99502,short,1589.67,1589.8747144436934,loss,-5.347144436933195,2.0471444369330403,0
99905,99906,99910,short,1592.71,1592.1580723047791,win,2.2192769522091114,3.411172405567467,4
100027,100028,100038,long,1593.97,1594.7062971062235,win,4.062971062234465,4.55066196676975,10
100360,100361,100363,short,1586.14,1584.836495956468,win,9.735040435320297,8.056267265339885,2
102096,102097,102101,long,1575.71,1576.2539395875772,win,2.1393958757714246,3.361802148190647,4
103291,103292,103293,long,1588.19,1587.7273134513061,loss,-7.9268654869390955,4.626865486938747,1
103327,103328,103330,short,1587.01,1586.5062639576572,win,1.7373604234277993,3.1133253544052657,2
104030,104031,104033,short,1582.69,1582.4699394759946,loss,-1.0993947599452438,1.3600774042362613,2
105687,105688,105691,long,1572.45,1573.1691508529054,win,3.891508529053863,4.4446900674006935,3
107222,107223,107224,short,1573.74,1574.3110776977521,loss,-9.010776977521164,5.710776977521448,1
107377,107378,107382,short,1577.03,1575.7172674873627,win,9.827325126372397,8.113303539167626,4
108436,108437,108450,long,1588.84,1589.839983635189,win,6.699836351889826,6.180368573479251,13
108450,108451,108462,long,1589.9,1589.3178642364062,loss,-9.121357635938967,5.8213576359380435,11
108789,108790,108792,long,1600.76,1601.651274246991,win,5.612742469910882,5.508493491910314,2
108792,108793,108793,long,1601.7,1602.5813871629337,win,5.513871629336063,5.447386668316963,0
111091,111092,111092,long,1619.83,1619.45276031725,loss,-7.072396827498596,3.7723968274986697,0
111103,111104,111105,long,1619.97,1619.599996566046,loss,-7.000034339540252,3.7000343395400206,1
111130,111131,111133,short,1619.31,1619.6498900728864,loss,-6.698900728864191,3.3989007288633797,2
111138,111139,111141,long,1619.88,1620.4185972580653,win,2.0859725806523786,3.328784042430825,2
111271,111272,111274,short,1623.52,1624.0396199844306,loss,-8.496199844306194,5.196199844306613,2
111605,111606,111609,short,1617.14,1617.7792352292504,loss,-9.692352292502893,6.3923522925026575,3
111615,111616,111616,long,1618.75,1618.152291804872,loss,-9.27708195128007,5.9770819512799855,0
111620,111621,111621,long,1618.71,1618.1381884056223,loss,-9.018115943777776,5.718115943777116,0
111647,111648,111650,short,1617.12,1617.6151521896352,loss,-8.251521896352916,4.9515218963536505,2
111652,111653,111653,long,1617.92,1617.4286939777364,loss,-8.213060222636432,4.913060222636878,0
111660,111661,111663,long,1618.16,1617.6486693133809,loss,-8.413306866192034,5.113306866191731,2
111675,111676,111676,long,1619.21,1620.1059642072826,win,5.659642072825318,5.5374796494592555,0
112132,112133,112149,long,1621.21,1620.773772767652,loss,-7.662272323480738,4.362272323479965,16
112228,112229,112230,long,1622.14,1621.8179894171876,loss,-6.520105828124815,3.220105828125684,1
112347,112348,112350,short,1620.66,1620.0814251375234,win,2.4857486247667113,3.5758644158019948,2
112429,112430,112434,short,1618.17,1618.68027875448,loss,-8.402787544799413,5.102787544799876,4
112467,112468,112470,short,1618.07,1618.7951365756812,loss,-10.551365756812903,7.25136575681193,2
112476,112477,112506,long,1620.02,1619.366709033098,loss,-9.832909669019774,6.532909669019498,29
112921,112922,112926,short,1618.73,1619.2702334573999,loss,-8.70233457399836,5.402334573999464,4
112949,112950,112954,long,1619.71,1619.308652711148,loss,-7.313472888520937,4.013472888521772,4
112959,112960,112961,long,1620.09,1620.7228908431039,win,3.0289084310395085,3.9115626891469892,1
113321,113322,113326,short,1621.6,1621.3265439649056,loss,-0.5654396490565885,1.6900867434751692,4
113548,113549,113557,short,1623.54,1622.918478213894,win,2.915217861058591,3.8412965766745333,8
113720,113721,113724,short,1623.05,1623.355354691685,loss,-6.353546916851246,3.0535469168514218,3
113731,113732,113733,long,1623.66,1623.3507450083714,loss,-6.392549916286771,3.092549916285887,1
113751,113752,113766,short,1622.93,1622.4169754300128,win,1.8302456998723757,3.1707328182155794,14
114112,114113,114113,long,1624.1,1623.6625389022547,loss,-7.6746109774519935,4.374610977452077,0
114944,114945,114945,long,1612.9,1613.2320064470127,win,0.02006447012645385,2.051955791178865,0
116485,116486,116488,short,1600.68,1600.9518882750717,loss,-6.018882750716602,2.718882750716055,2
116505,116506,116535,long,1601.3,1601.7519872634161,win,1.2198726341618569,2.793493593425016,29
118593,118594,118594,long,1605.0,1605.9117460630146,win,5.817460630145615,5.635018930868469,0
119079,119080,119082,short,1605.45,1604.950017735078,win,1.699822649219823,3.0901252467360893,2
119207,119208,119213,short,1605.45,1605.570707224234,loss,-4.507072242339109,1.2070722423392855,5
119219,119220,119221,long,1605.81,1606.029731627067,loss,-1.1026837293305105,1.358044666668603,1
119639,119640,119642,long,1608.1,1608.6151732335095,win,1.8517323350958579,3.1840125680437406,2
119642,119643,119644,long,1608.63,1609.139698836851,win,1.796988368509301,3.1501782252834825,1
119971,119972,119974,short,1612.45,1611.9889489570887,win,1.3105104291132195,2.849512008105127,2
120818,120819,120820,long,1614.29,1615.0445901001042,win,4.245901001042239,4.6637212614597585,1
121350,121351,121352,long,1611.88,1611.3562510692022,loss,-8.53748930797865,5.237489307978352,1
121966,121967,121967,long,1610.42,1610.2876738229972,loss,-4.623261770028239,1.32326177002883,0
121979,121980,121980,short,1610.05,1610.209333551215,loss,-4.893335512150133,1.5933355121498187,0
122164,122165,122166,long,1607.86,1607.3745162563278,loss,-8.154837436721483,4.85483743672037,1
122174,122175,122183,long,1608.25,1607.7632162670745,loss,-8.1678373292546,4.86783732925422,8
122217,122218,122234,long,1608.86,1609.6686071349357,win,4.786071349357553,4.997571909367744,16
122334,122335,122341,long,1607.86,1608.582580509895,win,3.9258050989512414,4.465886958560725,6
122417,122418,122419,short,1605.97,1605.3461726845746,win,2.938273154253875,3.8555458308125514,1
123628,123629,123630,long,1614.8,1614.4134985357698,loss,-7.165014642301503,3.865014642301921,1
123636,123637,123639,short,1613.77,1614.170464291547,loss,-7.304642915469958,4.004642915469487,2
124083,124084,124084,long,1614.52,1614.1946700192798,loss,-6.5532998072019835,3.2532998072012775,0
125034,125035,125042,short,1610.32,1610.6596150349083,loss,-6.6961503490832,3.3961503490834057,7
125050,125051,125053,short,1609.95,1609.3797601244432,win,2.4023987555680835,3.524350281563027,2
125160,125161,125161,short,1608.79,1609.1447370276344,loss,-6.847370276344281,3.547370276344344,0
125177,125178,125179,long,1609.53,1609.2043189291699,loss,-6.556810708301145,3.256810708300623,1
125447,125448,125449,long,1621.75,1621.3023488199367,loss,-7.776511800633034,4.476511800633858,1
125531,125532,125533,short,1621.02,1620.4045608368774,win,2.8543916312257354,3.803703109533516,1
126622,126623,126626,short,1620.98,1620.0943352283414,win,5.556647716586395,5.473824299497585,3
126815,126816,126816,short,1616.15,1616.6702957205182,loss,-8.502957205181065,5.20295720518037,0
126830,126831,126832,long,1617.17,1618.0175465130308,win,5.17546513030693,5.2382355564322065,1
126980,126981,126987,short,1609.95,1610.306015113969,loss,-6.860151139688514,3.560151139688215,6
126991,126992,126992,long,1610.76,1611.2635197551867,win,1.735197551867441,3.1119885981877164,0
128175,128176,128177,long,1601.63,1602.7148552532578,win,7.548552532577287,6.704915038675688,1
128234,128235,128236,long,1603.09,1602.694092630299,loss,-7.25907369700808,3.9590736970074625,1
128271,128272,128283,short,1602.55,1601.8841570289967,win,3.3584297100325786,4.115222317696753,11
128835,128836,128841,short,1601.51,1601.1633640526143,win,0.16635947385721028,2.142372975189956,5
129252,129253,129254,long,1595.22,1595.876715584301,win,3.2671558430108236,4.05881078059939,1
129515,129516,129530,long,1603.74,1604.8480280351314,win,7.780280351313832,6.848133715274371,14
129619,129620,129621,short,1602.77,1603.0964063644458,loss,-6.564063644458019,3.264063644458327,1
129639,129640,129644,long,1603.52,1603.1866198120588,loss,-6.6338018794120215,3.333801879411743,4
129656,129657,129659,short,1602.95,1603.292886478437,loss,-6.72886478436867,3.4288647843685727,2
129660,129661,129665,long,1604.0,1604.5503588264032,win,2.20358826403226,3.4014760593526776,4
129734,129735,129740,short,1603.71,1603.9651610261851,loss,-5.851610261850783,2.551610261851761,5
130267,130268,130271,short,1604.32,1603.9736297425352,win,0.1637025746474139,2.140730886678979,3
130687,130688,130691,long,1604.03,1603.722739877771,loss,-6.372601222290814,3.072601222290608,3
130833,130834,130834,short,1606.08,1605.2122568773761,win,5.377431226237786,5.363060090381566,0
131129,131130,131152,short,1615.78,1615.2706482789406,win,1.7935172105937456,3.1480328866456917,22
131639,131640,131640,long,1615.39,1615.2439022374167,loss,-4.760977625833948,1.460977625833077,0
132034,132035,132039,long,1617.25,1616.9622548498298,loss,-6.177451501701671,2.8774515017024043,4
132362,132363,132367,short,1614.82,1614.0774315804767,win,4.125684195231952,4.589421628697349,4
133259,133260,133265,long,1618.65,1618.3764894281703,loss,-6.0351057182977454,2.735105718298486,5
133267,133268,133270,short,1618.03,1618.2879129148052,loss,-5.879129148052743,2.5791291480524734,2
133407,133408,133409,short,1614.34,1613.7211544813908,win,2.888455186090778,3.8247559864594725,1
133417,133418,133431,long,1615.14,1615.8203532502846,win,3.5035325028449735,4.204902659359709,13
133504,133505,133506,long,1615.26,1614.914464559393,loss,-6.755354406069091,3.4553544060680506,1
133508,133509,133509,short,1614.23,1614.6076367896972,loss,-7.076367896971351,3.7763678969713257,0
133509,133510,133516,short,1614.05,1614.4448921806638,loss,-7.248921806638736,3.948921806639362,6
134809,134810,134815,short,1625.09,1624.5700752931682,win,1.8992470683171634,3.2133789050174175,5
135075,135076,135080,short,1638.28,1638.7465810907456,loss,-7.965810907456489,4.665810907455454,4
135100,135101,135109,short,1637.83,1638.251649472727,loss,-7.516494727270401,4.216494727270623,8
135708,135709,135714,long,1638.99,1638.8424843024238,loss,-4.77515697576182,1.475156975761365,5
136476,136477,136478,long,1641.3,1640.8628371838834,loss,-7.671628161165972,4.371628161166307,1
137491,137492,137495,long,1663.7,1663.4085123689936,loss,-6.2148763100647555,2.9148763100639377,3
137496,137497,137497,short,1662.82,1663.1183205653388,loss,-6.283205653388268,2.983205653387233,0
137500,137501,137515,short,1662.64,1662.1075712477061,win,2.0242875229398125,3.2906597793200776,14
138753,138754,138758,long,1665.54,1665.1170703247174,loss,-7.52929675282603,4.229296752826181,4
140543,140544,140546,short,1669.08,1669.5855086569602,loss,-8.355086569602737,5.055086569602114,2
141007,141008,141013,short,1665.38,1665.1198722157599,loss,-0.6987221575976035,1.6077118927086245,5
141013,141014,141015,short,1665.01,1665.1613475443683,loss,-4.813475443682637,1.5134754436819131,1
142641,142642,142644,short,1666.83,1666.9747721776055,loss,-4.747721776055459,1.4477217760543806,2
143129,143130,143131,long,1663.38,1663.9285973303176,win,2.1859733031753423,3.390589186139906,1
144836,144837,144849,long,1655.78,1656.4913868666952,win,3.8138686669519304,4.3967049857555,12
148187,148188,148191,short,1693.82,1694.1975162102783,loss,-7.075162102783724,3.7751621027834252,3
148194,148195,148202,short,1693.35,1693.7518410284229,loss,-7.318410284229503,4.0184102842298834,7
148919,148920,148922,short,1695.59,1695.8495093688434,loss,-5.895093688435099,2.5950936884352913,2
149531,149532,149532,long,1692.61,1692.2477818579641,loss,-6.922181420357719,3.6221814203587055,0
149535,149536,149537,short,1691.2,1691.63546877446,loss,-7.654687744598777,4.3546877445991266,1
149658,149659,149660,short,1690.04,1690.4513324287905,loss,-7.413324287905016,4.113324287905589,1
149662,149663,149663,long,1691.51,1691.0751391724307,loss,-7.648608275693095,4.348608275692238,0
149673,149674,149682,long,1691.81,1691.3786649895328,loss,-7.613350104671372,4.313350104670444,8
149983,149984,149985,short,1693.22,1693.831359494794,loss,-9.413594947939874,6.113594947940957,1
150012,150013,150014,short,1693.32,1693.7697281239678,loss,-7.797281239678159,4.497281239677066,1
150017,150018,150020,short,1693.17,1692.4307504068838,win,4.092495931162557,4.568909722596778,2
150220,150221,150224,long,1692.19,1691.9108301095757,loss,-6.091698904243276,2.791698904244138,3
150693,150694,150697,short,1696.18,1696.3362746757189,loss,-4.862746757188051,1.5627467571886957,3
151061,151062,151063,short,1708.22,1707.782513109399,win,1.0748689060112158,2.7038744783756505,1
152888,152889,152890,long,1738.25,1737.8167043560193,loss,-7.632956439807276,4.332956439807732,1
152941,152942,152944,short,1737.8,1738.1352104471607,loss,-6.652104471607617,3.3521044716081785,2
153128,153129,153134,long,1734.75,1734.2525075934966,loss,-8.274924065033975,4.974924065033014,5
153152,153153,153174,short,1734.16,1734.6135665269999,loss,-7.835665269997935,4.5356652699984155,21
153774,153775,153784,long,1734.48,1734.0903086014139,loss,-7.196913985861374,3.896913985862392,9
153934,153935,153935,long,1732.4,1731.6029432428954,loss,-11.27056757104656,7.970567571045968,0
153935,153936,153936,short,1729.34,1730.2476731020042,loss,-12.376731020043099,9.076731020043836,0
153937,153938,153940,short,1729.17,1730.144238641274,loss,-13.042386412738143,9.742386412738174,2
153955,153956,153957,long,1730.47,1731.7873836192466,win,9.873836192465841,8.142049562711076,1
153957,153958,153971,long,1731.85,1731.0091565022483,loss,-11.708434977516209,8.408434977515737,13
154117,154118,154118,short,1731.3,1731.8392095288273,loss,-8.69209528827314,5.392095288273665,0
154128,154129,154131,short,1731.11,1731.6371817631434,loss,-8.57181763143517,5.271817631434197,2
154133,154134,154135,short,1730.84,1731.3572863947436,loss,-8.472863947436782,5.172863947436453,1
154136,154137,154144,long,1732.07,1731.5327738734532,loss,-8.672261265467842,5.372261265467196,7
154171,154172,154190,short,1730.71,1731.1490716688384,loss,-7.690716688383236,4.390716688383882,18
154200,154201,154202,short,1730.45,1729.7775801415046,win,3.424198584954593,4.155870571665267,1
154303,154304,154306,long,1729.93,1729.6922229394818,loss,-5.677770605182832,2.3777706051835605,2
154315,154316,154325,short,1729.5,1729.168417308685,win,0.015826913149067146,2.04933678192162,9
155073,155074,155079,long,1730.7,1730.3537914709946,loss,-6.762085290054801,3.462085290054003,5
155086,155087,155091,long,1731.43,1731.0842074768655,loss,-6.757925231346053,3.4579252313449595,4
155821,155822,155829,long,1732.09,1731.9120476969476,loss,-5.079523030522796,1.7795230305229306,7
156067,156068,156085,short,1734.74,1735.0774956738915,loss,-6.674956738914534,3.3749567389136748,17
156257,156258,156281,long,1736.09,1735.839246994266,loss,-5.807530057339409,2.507530057338664,23
156953,156954,156958,long,1731.64,1731.0425078599544,loss,-9.27492140045688,5.974921400456485,4
157614,157615,157639,short,1731.28,1731.5641167729348,loss,-6.141167729347944,2.841167729347279,24
157639,157640,157643,long,1731.46,1731.8538946704332,win,0.6389467043315564,2.434454081787362,3
157863,157864,157869,short,1730.51,1729.9902740284508,win,1.8972597154917823,3.212150627621091,5
158007,158008,158008,short,1731.05,1731.3968598767708,loss,-6.768598767708499,3.4685987677089396,0
158966,158967,158967,long,1773.53,1773.9881025118234,win,1.2810251182342656,2.831288701009727,0
159827,159828,159840,short,1770.88,1770.3063103628053,win,2.4368963719477508,3.5456714288923075,12
160617,160618,160619,short,1769.06,1769.3723334149158,loss,-6.423334149158836,3.123334149158671,1
160624,160625,160627,short,1768.71,1769.0224654091019,loss,-6.424654091018328,3.12465409101904,2
161043,161044,161046,long,1770.43,1769.9546337407903,loss,-8.0536625920975,4.753662592098528,2
161048,161049,161061,short,1769.64,1770.1083400066434,loss,-7.983400066433023,4.68340006643207,12
161600,161601,161602,long,1756.9,1757.5198481113866,win,2.898481113865455,3.8309524807570896,1
161731,161732,161738,short,1755.5,1755.9073092042754,loss,-7.373092042754069,4.073092042752982,6
161743,161744,161752,long,1756.31,1755.9559176425491,loss,-6.840823574508067,3.5408235745076237,8
161753,161754,161760,short,1755.71,1755.159356213645,win,2.206437863550673,3.4032372457044437,6
162014,162015,162019,short,1757.83,1757.139546839031,win,3.604531609689002,4.26732485147713,4
162978,162979,162992,long,1766.95,1766.6019207354234,loss,-6.7807926457665415,3.4807926457676173,13
162995,162996,162998,short,1766.55,1766.8144915909936,loss,-5.944915909936571,2.6449159099371964,2
163936,163937,163938,long,1770.63,1770.3570039661956,loss,-6.029960338044748,2.7299603380456126,1
164904,164905,164906,long,1760.65,1761.136130320058,win,1.5613032005800962,3.0045137210011257,1
166060,166061,166061,long,1772.34,1772.8467937371743,win,1.767937371743483,3.1322233447115746,0
167368,167369,167369,long,1761.49,1760.9323809884588,loss,-8.87619011541192,5.576190115412661,0
167493,167494,167494,short,1757.81,1758.2031442451776,loss,-7.2314424517760925,3.9314424517769444,0
167932,167933,167935,long,1763.66,1763.2756049042923,loss,-7.143950957077595,3.8439509570771735,2
169038,169039,169040,long,1766.68,1767.41595822629,win,4.059582262899949,4.548567529604088,1
169105,169106,169110,short,1771.43,1770.4073745438473,win,6.926254561528094,6.320305662255379,4
169248,169249,169250,short,1771.07,1770.3109798975627,win,4.290201024372618,4.69110075671955,1
170360,170361,170364,short,1762.96,1763.2982613045972,loss,-6.6826130459715385,3.382613045970542,3
172192,172193,172196,long,1777.64,1777.3176396291792,loss,-6.523603708208884,3.223603708208925,3
172197,172198,172199,short,1776.66,1777.0021753812227,loss,-6.721753812226598,3.421753812226623,1
172619,172620,172621,long,1779.52,1779.2365745799632,loss,-6.134254200367923,2.8342542003670603,1
172643,172644,172647,long,1779.66,1779.3948426849602,loss,-5.9515731503991445,2.6515731503986264,3
172648,172649,172650,short,1779.28,1779.527372975871,loss,-5.773729758710306,2.4737297587097236,1
174123,174124,174126,short,1765.08,1765.304348887902,loss,-5.543488879021242,2.2434888790221432,2
175512,175513,175517,short,1777.52,1777.0654421628258,win,1.2455783717420674,2.8093809466880613,4
175679,175680,175682,long,1777.42,1778.2655878301275,win,5.1558783012744245,5.226129976065389,2
175793,175794,175800,short,1778.97,1779.3791288674156,loss,-7.391288674155748,4.091288674155231,6
175824,175825,175828,long,1779.55,1779.1183720658835,loss,-7.6162793411647725,4.316279341164561,3
175829,175830,175830,short,1778.66,1779.1023549513523,loss,-7.7235495135217205,4.423549513522407,0
175844,175845,175853,short,1778.95,1779.34773726231,loss,-7.277372623098745,3.9773726230990634,8
175859,175860,175867,short,1778.56,1778.011561189516,win,2.1843881048395817,3.3896094591101225,7
176926,176927,176930,short,1774.8,1774.241537459641,win,2.2846254035895983,3.4515608180409862,3
176930,176931,176936,short,1774.25,1773.6893290013038,win,2.30670998696196,3.4652101279124667,5
177599,177600,177600,short,1778.13,1778.469164043981,loss,-6.691640439808725,3.391640439807831,0
178007,178008,178012,long,1779.04,1778.811728707256,loss,-5.582712927440116,2.2827129274396274,4
178031,178032,178034,short,1778.41,1778.5949663705019,loss,-5.149663705017974,1.8496637050168443,2
178582,178583,178584,long,1788.7,1789.3515712958344,win,3.215712958344011,4.0270166615224445,1
178584,178585,178586,long,1789.43,1789.016415722311,loss,-7.435842776890968,4.1358427768909864,1
179495,179496,179504,short,1795.27,1794.9076520498916,win,0.32347950108414825,2.23948053219029,8
179979,179980,179980,short,1788.75,1789.0565172833176,loss,-6.365172833175893,3.065172833176181,0
179988,179989,180003,long,1789.86,1790.372413988166,win,1.8241398816614494,3.1669591357608415,14
180457,180458,180464,short,1777.0,1776.3422738624897,win,3.2772613751028077,4.06505647410589,6
180932,180933,180935,long,1772.09,1771.7427043517719,loss,-6.772956482280551,3.472956482280519,2
180982,180983,180983,long,1772.31,1771.936234421737,loss,-7.03765578262919,3.7376557826284094,0
181004,181005,181011,short,1771.24,1771.543235465335,loss,-6.332354653350921,3.032354653351681,6
181485,181486,181501,long,1770.99,1771.8266244756257,win,5.066244756257402,5.170732235017478,15
182820,182821,182824,long,1776.38,1777.226120102238,win,5.161201022378191,5.229419667724828,3
183393,183394,183396,long,1764.75,1765.0826484152535,win,0.026484152535158678,2.055923456448764,2
183964,183965,183977,short,1762.91,1763.2091040694372,loss,-6.2910406943713495,2.99104069437054,12
184632,184633,184633,long,1763.7,1763.2674251240667,loss,-7.625748759333692,4.3257487593344495,0
184646,184647,184647,short,1762.38,1762.8058147858258,loss,-7.558147858256507,4.258147858256587,0
184660,184661,184662,short,1762.25,1762.6858859817405,loss,-7.658859817405118,4.358859817405747,1
184918,184919,184919,short,1758.61,1758.9834988861173,loss,-7.034988861174315,3.7349888611743967,0
185658,185659,185665,long,1767.48,1768.7347533904567,win,9.247533904566989,7.754965330387504,6
186344,186345,186346,short,1769.65,1769.8793038377864,loss,-5.593038377863468,2.2930383778626147,1
186932,186933,186934,long,1768.85,1768.4359450391398,loss,-7.44054960860085,4.1405496086000655,1
186941,186942,186943,short,1767.82,1768.2291164410287,loss,-7.391164410288002,4.091164410288977,1
187771,187772,187772,long,1743.65,1743.4151351155042,loss,-5.648648844958916,2.3486488449579443,0
187796,187797,187798,long,1743.67,1743.4775247545967,loss,-5.224752454033296,1.9247524540327992,1
187918,187919,187919,long,1745.15,1745.440507584872,loss,-0.3949241512812476,1.7954733304818533,0
188393,188394,188397,short,1742.59,1741.5648625152621,win,6.951374847377974,6.335831178848532,3
188526,188527,188528,short,1733.08,1733.5773780229397,loss,-8.273780229397563,4.973780229397102,1
189270,189271,189271,long,1737.34,1737.1644077978672,loss,-5.055922021327478,1.7559220213263567,0
189284,189285,189285,short,1736.75,1736.944996464285,loss,-5.249964642849409,1.9499646428496298,0
191342,191343,191346,short,1750.57,1750.9146826935114,loss,-6.746826935114586,3.446826935113634,3
191971,191972,191979,long,1749.15,1749.4430789938463,loss,-0.36921006153834224,1.8113658457741262,7
192682,192683,192683,short,1744.37,1744.8412758709082,loss,-8.012758709083574,4.712758709083655,0
194802,194803,194808,short,1724.94,1724.5684122004745,win,0.41587799525514146,2.296587141690173,5
195311,195312,195317,short,1725.35,1724.4152820075567,win,6.047179924432112,5.776996245014075,5
199223,199224,199226,long,1714.95,1715.384820918409,win,1.0482091840905925,2.687397517979487,2
200026,200027,200030,long,1714.08,1714.5183637797581,win,1.0836377975821962,2.7092940652550945,3
200733,200734,200737,long,1715.62,1716.6597125094245,win,7.097125094245894,6.425911677531295,3
201295,201296,201299,long,1714.53,1715.054905327738,win,1.9490532773799716,3.2441614816929762,3
201818,201819,201820,long,1712.01,1711.762832212188,loss,-5.771677878120317,2.4716778781210325,1
201831,201832,201833,long,1712.36,1712.0856524853575,loss,-6.043475146423861,2.743475146423436,1
203392,203393,203400,short,1712.61,1712.1891636829853,win,0.9083631701461856,2.600966112574571,7
203800,203801,203807,long,1709.75,1709.6166569865534,loss,-4.633430134466198,1.3334301344668722,6
204158,204159,204166,short,1711.68,1711.392088604736,loss,-0.4208860473598177,1.779427659234303,7
204806,204807,204811,short,1718.18,1717.3668687981203,win,4.831312018797417,5.025532768106965,4
208819,208820,208825,long,1682.5,1681.794975826664,loss,-10.350241733359145,7.050241733359433,5
208960,208961,208963,short,1682.04,1681.0383450036231,win,6.716549963768284,6.190698370685369,2
209023,209024,209025,long,1682.44,1681.8389545227808,loss,-9.310454772192589,6.010454772193188,1
209025,209026,209028,long,1682.63,1683.6059298704226,win,6.45929870422533,6.031705008792015,2
209084,209085,209090,long,1684.08,1685.0416051285144,win,6.316051285145204,5.943171375244614,5
209134,209135,209137,long,1684.7,1685.7996946581507,win,7.696946581506109,6.796629531215379,2
209159,209160,209169,short,1683.48,1684.1700956775933,loss,-10.200956775932628,6.900956775933427,9
209173,209174,209176,long,1684.44,1683.7258775503406,loss,-10.441224496594987,7.14122449659472,2
209214,209215,209233,long,1684.24,1683.5518896732744,loss,-10.18110326725564,6.881103267256206,18
209264,209265,209289,long,1684.1,1685.083154644972,win,6.531546449720463,6.076357509097943,24
209289,209290,209297,long,1685.11,1684.529365125536,loss,-9.1063487446384,5.806348744637427,7
212028,212029,212037,long,1717.03,1718.0900703541,win,7.300703540999348,6.5517327200240265,8
212037,212038,212064,long,1717.35,1716.6752287502707,loss,-10.04771249729247,6.747712497293374,26
212127,212128,212132,long,1716.89,1716.1236663713953,loss,-10.96333628604798,7.663336286046956,4
212157,212158,212159,long,1718.02,1717.2037981591436,loss,-11.462018408563655,8.162018408564208,1
212227,212228,212229,long,1719.16,1718.3531474924855,loss,-11.368525075145772,8.068525075145779,1
212234,212235,212235,long,1719.4,1718.6436684084936,loss,-10.863315915065233,7.563315915065088,0
212277,212278,212303,short,1717.03,1715.8227506046287,win,8.772493953712637,7.461368327387019,25
212328,212329,212335,short,1715.92,1716.6958018927007,loss,-11.058018927006561,7.758018927006465,6
212367,212368,212371,long,1716.3,1715.6939786419923,loss,-9.36021358007638,6.060213580076493,3
212396,212397,212400,long,1716.56,1716.0240039683824,loss,-8.659960316175148,5.35996031617567,3
212406,212407,212407,long,1716.76,1716.2418373435887,loss,-8.481626564112776,5.181626564112725,0
212407,212408,212415,long,1716.87,1716.329845089132,loss,-8.70154910867841,5.401549108678794,7
212771,212772,212776,long,1715.06,1714.2981660927603,loss,-10.91833907239634,7.618339072395355,4
212806,212807,212808,long,1714.8,1714.2136534387348,loss,-9.163465612651454,5.863465612652178,1
212813,212814,212816,long,1715.21,1716.105635136907,win,5.656351369070035,5.535445839969053,2
212956,212957,212959,long,1715.09,1714.173582180678,loss,-12.464178193218505,9.164178193217575,2
212969,212970,212975,long,1716.15,1717.8074479678278,win,13.27447967827693,10.243806970505586,5
213274,213275,213276,long,1729.96,1731.1395879485003,win,8.495879485002842,7.29040759270875,1
213436,213437,213441,long,1731.44,1730.8001780782536,loss,-9.698219217464885,6.398219217465353,4
213445,213446,213447,long,1731.56,1730.911901807395,loss,-9.780981926049481,6.480981926048675,1
213459,213460,213460,long,1732.05,1731.3951030903665,loss,-9.848969096334077,6.5489690963337,0
213478,213479,213479,long,1732.79,1732.1275446745974,loss,-9.924553254025614,6.624553254025892,0
213635,213636,213637,long,1734.49,1733.7390416131823,loss,-10.809583868177288,7.509583868177333,1
213668,213669,213671,long,1734.6,1733.8842349825757,loss,-10.457650174242463,7.157650174241602,2
213706,213707,213710,long,1735.18,1734.4039775456667,loss,-11.060224543333153,7.760224543332839,3
213786,213787,213797,long,1734.11,1735.1582437585062,win,7.1824375850625986,6.478638804117473,10
213799,213800,213803,long,1735.54,1734.8900545371478,loss,-9.799454628522017,6.499454628522072,3
213866,213867,213869,long,1737.01,1736.3510335452074,loss,-9.889664547925623,6.589664547925725,2
213886,213887,213887,long,1736.61,1735.9504271009748,loss,-9.895728990250792,6.595728990251593,0
213900,213901,213903,short,1735.29,1734.1338918182353,win,8.261081817646936,7.1452916054677456,2
214232,214233,214240,short,1731.2,1732.0381977218717,loss,-11.681977218716657,8.381977218716383,7
214536,214537,214538,short,1732.4,1733.1645267670149,loss,-10.94526767014786,7.645267670148887,1
214550,214551,214552,short,1731.78,1732.4621119187184,loss,-10.121119187184195,6.821119187183991,1
214591,214592,214594,long,1732.91,1731.993450250885,loss,-12.4654974911512,9.165497491150939,2
214632,214633,214635,long,1732.52,1731.5940479325238,loss,-12.559520674761462,9.25952067476076,2
214719,214720,214730,long,1731.2,1730.575084888893,loss,-9.54915111107157,6.2491511110717655,10
214754,214755,214760,short,1730.84,1731.4422102102212,loss,-9.322102102213012,6.022102102213599,5
214776,214777,214797,short,1730.58,1731.16138455015,loss,-9.113845501500055,5.813845501498977,20
214797,214798,214799,long,1732.37,1731.8256794631661,loss,-8.743205368337659,5.443205368336554,1
214910,214911,214911,long,1735.12,1734.3264785016036,loss,-11.235214983963306,7.935214983963554,0
214916,214917,214917,long,1735.7,1734.8568324481253,loss,-11.731675518747853,8.431675518747689,0
214949,214950,214961,long,1734.97,1734.0812950362172,loss,-12.187049637828569,8.887049637829056,11
214966,214967,214971,short,1732.82,1733.7620392552283,loss,-12.720392552283375,9.42039255228405,4
214999,215000,215001,long,1733.86,1732.9569436591182,loss,-12.330563408816761,9.03056340881721,1
215034,215035,215037,long,1733.9,1733.0496483620245,loss,-11.803516379755639,8.503516379755865,2
215051,215052,215053,long,1734.13,1733.2427923050257,loss,-12.172076949744497,8.872076949745514,1
215060,215061,215065,long,1734.88,1733.9850922323226,loss,-12.249077676775233,8.949077676774428,4
215082,215083,215083,long,1734.45,1733.6205079449123,loss,-11.594920550877124,8.29492055087644,0
215136,215137,215137,long,1734.57,1733.9558293411922,loss,-9.441706588077796,6.141706588077761,0
215137,215138,215139,long,1734.69,1734.0403136582784,loss,-9.796863417216901,6.496863417216867,1
215155,215156,215159,long,1735.19,1734.5877081364686,loss,-9.32291863531491,6.022918635314314,3
215187,215188,215195,short,1734.62,1733.7655716288532,win,5.24428371146696,5.280768672105038,7
215197,215198,215199,long,1735.63,1735.0690226337667,loss,-8.909773662333738,5.609773662333886,1
215253,215254,215255,long,1735.0,1734.3893259917174,loss,-9.406740082825582,6.106740082825129,1
215255,215256,215257,long,1735.7,1735.0384135979298,loss,-9.915864020702703,6.61586402070294,1
215314,215315,215320,long,1734.71,1733.9459967070168,loss,-10.940032929832615,7.640032929832221,5
215327,215328,215331,long,1735.36,1734.6465638073032,loss,-10.434361926966904,7.134361926966355,3
215338,215339,215340,short,1733.6,1734.2722441561443,loss,-10.022441561444158,6.722441561445178,1
215442,215443,215443,long,1734.98,1734.348519033587,loss,-9.614809664129371,6.314809664128497,0
215447,215448,215451,long,1735.84,1735.1826891615751,loss,-9.873108384247917,6.57310838424682,3
215464,215465,215467,long,1735.9,1735.296299475144,loss,-9.337005248560946,6.037005248561147,2
215467,215468,215469,long,1736.12,1737.124998694929,win,6.749986949290997,6.2113639983251785,1
215593,215594,215596,long,1736.51,1737.616591588283,win,7.765915882829813,6.839255799029429,2
215614,215615,215615,long,1737.39,1736.7694015220914,loss,-9.50598477908743,6.205984779088564,0
215656,215657,215659,long,1737.29,1736.6480658106914,loss,-9.719341893085858,6.419341893086737,2
215728,215729,215735,long,1735.58,1734.8050450558162,loss,-11.04954944183719,7.749549441836137,6
215817,215818,215819,short,1732.77,1733.440846818686,loss,-10.008468186859591,6.708468186858596,1
216083,216084,216084,long,1727.87,1727.2107105927632,loss,-9.892894072366563,6.592894072365459,0
216084,216085,216093,long,1727.87,1727.1944862788223,loss,-10.055137211775946,6.755137211776627,8
216115,216116,216117,long,1728.0,1727.3123093757806,loss,-10.176906242193855,6.876906242194259,1
216155,216156,216161,short,1727.55,1728.1923357103865,loss,-9.723357103865329,6.423357103865961,5
216166,216167,216174,long,1728.24,1727.617870402683,loss,-9.521295973170982,6.221295973170725,7
216178,216179,216182,long,1728.38,1727.7331902983426,loss,-9.76809701657503,6.468097016574041,3
216191,216192,216194,short,1727.62,1726.5683670938258,win,7.216329061740635,6.4995853286402525,2
216198,216199,216223,short,1726.62,1725.5118468374117,win,7.781531625882235,6.848907061731963,24
216237,216238,216239,long,1726.74,1726.042618187889,loss,-10.273818121109617,6.973818121109968,1
216268,216269,216271,long,1726.51,1725.783397068198,loss,-10.566029318020629,7.266029318021575,2
216286,216287,216289,short,1724.66,1723.391896125387,win,9.381038746131889,7.83747759340658,2
216368,216369,216369,long,1723.36,1722.5172003753908,loss,-11.727996246091426,8.427996246090359,0
216392,216393,216393,long,1723.91,1723.0579601141412,loss,-11.820398858588579,8.520398858588923,0
216399,216400,216403,long,1723.8,1722.9441923069014,loss,-11.858076930985408,8.558076930985056,3
216421,216422,216423,long,1724.26,1723.4501520005917,loss,-11.398479994082482,8.098479994083052,1
216471,216472,216473,long,1724.45,1723.735357021933,loss,-10.446429780671043,7.14642978067078,1
216565,216566,216569,long,1724.06,1723.5761312098687,loss,-8.138687901312824,4.838687901312748,3
216572,216573,216573,long,1724.84,1724.289963720763,loss,-8.800362792370198,5.500362792370113,0
216665,216666,216670,long,1724.9,1725.9047182123413,win,6.747182123412313,6.209630484186279,4
216688,216689,216689,long,1725.74,1725.1566855639037,loss,-9.133144360963161,5.833144360963655,0
216780,216781,216785,long,1723.45,1722.8188394171611,loss,-9.61160582838902,6.311605828388305,4
216787,216788,216789,long,1724.26,1723.6073063540225,loss,-9.826936459774789,6.526936459775778,1
216807,216808,216809,long,1724.62,1723.9378153131802,loss,-10.1218468681971,6.821846868196034,1
216809,216810,216814,long,1724.73,1725.8596056900446,win,7.996056900446274,6.981493758000958,4
217281,217282,217286,short,1727.61,1726.436217546341,win,8.437824536589869,7.254526907657069,4
217403,217404,217406,long,1726.9,1726.1378497728904,loss,-10.921502271097143,7.621502271097842,2
217443,217444,217445,short,1725.16,1724.0337733216957,win,7.962266783044197,6.960609878272097,1
217471,217472,217482,long,1724.78,1724.0953777933273,loss,-10.146222066726569,6.846222066726325,10
217508,217509,217531,short,1724.49,1725.0841619725004,loss,-9.241619725003876,5.941619725003129,22
217532,217533,217533,long,1725.5,1724.9392097739933,loss,-8.907902260067022,5.607902260067746,0
217533,217534,217539,long,1725.3,1724.7363902609459,loss,-8.936097390540727,5.636097390540658,5
217572,217573,217579,long,1725.28,1726.2643699400896,win,6.54369940089664,6.0838686037682965,6
217582,217583,217595,long,1726.47,1725.8609232233853,loss,-9.390767766147565,6.090767766148099,12
217670,217671,217678,short,1726.0,1726.7638941702205,loss,-10.938941702205103,7.638941702206005,7
217709,217710,217712,long,1726.84,1726.0795016235977,loss,-10.90498376402211,7.604983764023065,2
217713,217714,217714,long,1727.37,1726.5668593835676,loss,-11.331406164323017,8.03140616432287,0
217739,217740,217741,long,1727.84,1727.053441472866,loss,-11.165585271338205,7.865585271338724,1
217753,217754,217760,long,1728.78,1727.9772286259872,loss,-11.327713740127638,8.027713740127853,6
217777,217778,217778,long,1729.39,1728.6118313159757,loss,-11.08168684024422,7.7816868402440695,0
217815,217816,217818,long,1728.52,1727.807105553617,loss,-10.428944463829612,7.128944463828824,2
217830,217831,217831,long,1728.5,1727.8494455152231,loss,-9.805544847768761,6.505544847768205,0
217932,217933,217936,long,1727.63,1727.1397508192547,loss,-8.202491807454226,4.9024918074546875,3
217936,217937,217938,long,1727.95,1727.460550239256,loss,-8.194497607440372,4.894497607441232,1
217942,217943,217958,long,1728.49,1727.9451875863942,loss,-8.748124136057687,5.448124136058799,15
218005,218006,218006,long,1728.0,1727.4056944690742,loss,-9.243055309257944,5.943055309258261,0
218006,218007,218008,long,1728.44,1727.807804256261,loss,-9.621957437389757,6.321957437388759,1
218008,218009,218010,long,1728.4,1727.7342442233662,loss,-9.95755776633887,6.657557766339026,1
218033,218034,218035,short,1726.24,1726.8940071151987,loss,-9.840071151987377,6.540071151987017,1
218084,218085,218088,short,1726.33,1727.089869047247,loss,-10.898690472470935,7.59869047247126,3
218113,218114,218114,long,1727.7,1727.044046725866,loss,-9.859532741339354,6.559532741340438,0
218194,218195,218202,long,1726.28,1725.6452040283698,loss,-9.64795971630183,6.347959716301846,7
218234,218235,218238,long,1725.53,1724.748216548535,loss,-11.117834514648894,7.817834514649779,3
218345,218346,218347,short,1720.79,1721.5191977544785,loss,-10.591977544784914,7.291977544784413,1
218699,218700,218706,long,1730.32,1731.389874048227,win,7.398740482271205,6.612324154679747,6
218913,218914,218914,long,1726.55,1725.9534667018606,loss,-9.265332981393204,5.965332981393008,0
218922,218923,218924,long,1726.9,1726.288550172677,loss,-9.414498273229857,6.114498273229786,1
218932,218933,218974,short,1725.89,1724.8484229874825,win,7.115770125175641,6.43743518243177,41
218974,218975,218980,short,1724.9,1723.9721461883075,win,5.9785381169255745,5.734572383760481,5
219052,219053,219054,long,1723.81,1723.0072983050134,loss,-11.327016949865811,8.027016949866026,1
219068,219069,219081,long,1724.1,1725.3861698807095,win,9.561698807096217,7.949133996969853,12
219081,219082,219082,long,1725.48,1724.6883960194457,loss,-11.216039805543279,7.916039805542843,0
219097,219098,219103,long,1725.7,1724.8935455830576,loss,-11.364544169424153,8.064544169424916,5
219122,219123,219135,short,1725.2,1725.9857420974051,loss,-11.157420974050911,7.8574209740514185,12
219135,219136,219136,long,1726.31,1725.5600850306796,loss,-10.799149693203436,7.499149693202656,0
219147,219148,219148,long,1726.58,1725.794044558478,loss,-11.159554415219919,7.859554415220374,0
219172,219173,219215,short,1725.86,1726.6144236876278,loss,-10.844236876278774,7.544236876278035,42
219225,219226,219228,long,1727.7,1726.9064798586462,loss,-11.23520141353838,7.935201413537564,2
219264,219265,219268,short,1724.97,1725.5877470157573,loss,-9.477470157572316,6.177470157571181,3
219333,219334,219338,long,1725.52,1724.850962977343,loss,-9.99037022656994,6.690370226570789,4
219372,219373,219376,long,1724.5,1723.9676916269402,loss,-8.623083730597774,5.323083730597667,3
219410,219411,219412,long,1724.12,1723.4936471139376,loss,-9.563528860622501,6.263528860621526,1
219415,219416,219416,long,1724.19,1723.5480418443622,loss,-9.719581556378944,6.419581556378964,0
219418,219419,219420,long,1724.71,1724.0399033317026,loss,-10.000966682974468,6.700966682975114,1
219442,219443,219448,short,1724.6,1723.5700810763237,win,6.999189236761777,6.365382717405825,5
219473,219474,219478,long,1724.87,1724.1948723600638,loss,-10.05127639936136,6.751276399361494,4
219482,219483,219483,long,1725.57,1724.8805579068578,loss,-10.194420931421337,6.894420931421483,0
219530,219531,219534,long,1725.93,1725.2465563143567,loss,-10.134436856433968,6.834436856434608,3
219587,219588,219589,short,1723.8,1724.3844376582624,loss,-9.144376582624592,5.844376582624352,1
219625,219626,219626,long,1723.96,1723.3490663822186,loss,-9.40933617781484,6.10933617781426,0
219635,219636,219638,long,1724.3,1723.6953735718043,loss,-9.346264281956156,6.046264281955864,2
219858,219859,219863,short,1721.5,1719.9628369639831,win,12.071630360168637,9.500389592193482,4
220165,220166,220171,long,1715.62,1714.8069234876677,loss,-11.430765123321454,8.130765123321698,5
220249,220250,220283,long,1714.7,1715.7993319752566,win,7.693319752565185,6.794387980571114,33
220283,220284,220303,long,1715.5,1716.5980603852872,win,7.680603852872264,6.786528957276384,19
220303,220304,220309,long,1716.75,1716.031348966693,loss,-10.486510333069692,7.186510333069625,5
220331,220332,220342,long,1716.26,1715.590209056082,loss,-9.997909439180876,6.697909439180339,10
220345,220346,220349,long,1716.61,1715.934878623856,loss,-10.051213761438067,6.751213761438236,3
220386,220387,220397,long,1716.18,1715.477502820822,loss,-10.324971791779536,7.024971791780481,10
220397,220398,220402,short,1715.34,1716.043257615482,loss,-10.332576154820163,7.032576154819058,4
220505,220506,220507,long,1714.49,1713.7387711500432,loss,-10.812288499567604,7.51228849956846,1
220513,220514,220543,short,1712.83,1713.6020619753308,loss,-11.020619753308711,7.720619753308744,29
220561,220562,220563,long,1713.64,1712.896123825921,loss,-10.738761740791052,7.438761740790963,1
220580,220581,220601,long,1713.03,1712.3074258011547,loss,-10.525741988452229,7.225741988453215,20
220633,220634,220641,short,1712.32,1711.3908219555979,win,5.991780444020788,5.742756763918831,7
220724,220725,220725,long,1713.7,1713.195343937002,loss,-8.346560629980377,5.046560629979832,0
220726,220727,220727,long,1713.91,1713.400107879367,loss,-8.398921206331398,5.098921206330857,0
220727,220728,220731,long,1714.08,1713.5420075041588,loss,-8.679924958410812,5.379924958410297,3
220850,220851,220855,long,1714.9,1714.2901667817393,loss,-9.398332182607465,6.09833218260644,4
221134,221135,221135,long,1710.69,1710.043320263412,loss,-9.766797365881121,6.466797365882178,0
221136,221137,221141,long,1710.85,1710.1624220076296,loss,-10.175779923702795,6.875779923702672,4
221431,221432,221433,long,1716.3,1715.3429512789248,loss,-12.870487210751254,9.57048721075226,1
221603,221604,221606,long,1713.14,1712.3587383194506,loss,-11.112616805495055,7.812616805495654,2
221608,221609,221613,short,1711.94,1712.77373746089,loss,-11.637374608900064,8.337374608900705,4
221621,221622,221679,long,1712.69,1714.0874791723875,win,10.674791723874204,8.637077703260099,57
221679,221680,221687,long,1714.4,1715.2964777868106,win,5.664777868104648,5.540653812177767,7
221757,221758,221796,short,1716.7,1717.540191987408,loss,-11.70191987407934,8.401919874078914,38
221796,221797,221798,long,1717.2,1716.3214802648288,loss,-12.085197351712669,8.78519735171324,1
221799,221800,221801,long,1718.41,1719.924752326105,win,11.847523261048263,9.361880878275073,1
221869,221870,221871,long,1723.49,1722.4748319572632,loss,-13.45168042736832,10.151680427367655,1
221926,221927,221927,long,1722.4,1721.5487566932359,loss,-11.812433067642178,8.512433067641275,0
221929,221930,221932,long,1722.93,1722.0295771024605,loss,-12.304228975395564,9.004228975394733,2
221991,221992,221995,long,1722.29,1721.5732577643478,loss,-10.467422356521912,7.1674223565217705,3
222009,222010,222011,long,1722.3,1721.647326040082,loss,-9.826739599180474,6.526739599181269,1
222013,222014,222017,long,1722.58,1721.8830695873278,loss,-10.269304126721455,6.969304126721891,3
222030,222031,222032,long,1722.91,1722.1937217821123,loss,-10.462782178877479,7.16278217887811,1
222057,222058,222059,long,1723.1,1722.37102877861,loss,-10.589712213898839,7.289712213898671,1
222102,222103,222104,long,1722.51,1721.8955847073094,loss,-9.444152926906373,6.144152926906952,1
222110,222111,222111,long,1722.51,1721.8589116640874,loss,-9.810883359126183,6.510883359126554,0
222126,222127,222128,long,1722.4,1721.7270750981152,loss,-10.02924901884926,6.729249018848666,1
222129,222130,222135,long,1722.55,1721.8583199206264,loss,-10.216800793735548,6.916800793736058,5
222145,222146,222146,long,1723.37,1722.687511763765,loss,-10.124882362348036,6.824882362348094,0
222244,222245,222250,long,1722.45,1721.7619712998933,loss,-10.1802870010677,6.880287001067767,5
222260,222261,222261,long,1722.98,1722.3078691793364,loss,-10.021308206635968,6.721308206635867,0
222263,222264,222271,long,1723.7,1722.99463593939,loss,-10.35364060610009,7.053640606099432,7
222337,222338,222340,long,1722.98,1722.2658945769028,loss,-10.441054230971805,7.141054230971551,2
222357,222358,222359,long,1722.67,1721.970099258581,loss,-10.299007414190147,6.999007414190553,1
222359,222360,222361,long,1722.7,1721.9929244975792,loss,-10.370755024208211,7.070755024209207,1
222370,222371,222379,long,1722.92,1722.2612063663578,loss,-9.8879363364229,6.58793633642191,8
222410,222411,222411,long,1723.86,1723.2370643797583,loss,-9.529356202416057,6.229356202416776,0
222417,222418,222425,long,1724.22,1723.5232950792233,loss,-10.267049207767105,6.967049207767726,7
222484,222485,222487,long,1724.26,1723.5366689673965,loss,-10.533310326034826,7.2333103260337435,2
222514,222515,222515,long,1724.2,1723.6248935822575,loss,-9.051064177425179,5.751064177424288,0
222533,222534,222539,long,1724.56,1725.5576776086396,win,6.676776086396058,6.166116246227749,5
222603,222604,222611,long,1730.8,1729.9364403930388,loss,-11.935596069611893,8.635596069610807,7
222647,222648,222649,short,1729.03,1727.5037530321472,win,11.96246967852785,9.43292316349015,1
222660,222661,222663,long,1730.9,1729.8778081791186,loss,-13.521918208815169,10.22191820881524,2
222761,222762,222763,long,1734.46,1733.6612888143818,loss,-11.28711185618231,7.98711185618133,1
222848,222849,222853,long,1734.53,1733.7134209821597,loss,-11.465790178402404,8.165790178402634,4
222871,222872,222874,long,1734.7,1733.9599996645095,loss,-10.700003354905494,7.400003354904841,2
222936,222937,222945,short,1731.98,1730.9136695465224,win,7.363304534775762,6.590423074645335,8
222986,222987,222994,long,1731.6,1732.7144658726368,win,7.844658726368562,6.887922575011265,7
222994,222995,222996,long,1732.7,1732.0136824465899,loss,-10.16317553410163,6.863175534101631,1
223100,223101,223112,long,1730.41,1729.7974473269321,loss,-9.425526730679668,6.125526730680175,11
223116,223117,223124,short,1729.76,1730.4044993209293,loss,-9.74499320929299,6.44499320929311,7
223126,223127,223138,long,1730.8,1730.0980945468348,loss,-10.319054531651819,7.019054531651363,11
223145,223146,223146,long,1731.44,1730.7230954487534,loss,-10.46904551246671,7.169045512466413,0
223149,223150,223151,long,1731.53,1730.788023672238,loss,-10.719763277619041,7.419763277618958,1
223172,223173,223180,long,1731.52,1732.7767129231272,win,9.267129231272246,7.767076162715256,7
223180,223181,223181,long,1733.11,1732.325354336621,loss,-11.146456633787967,7.846456633787025,0
223234,223235,223235,long,1733.5,1732.7488660482813,loss,-10.811339517186571,7.511339517185838,0
223239,223240,223240,long,1733.58,1732.8238796284666,loss,-10.861203715333705,7.561203715332812,0
223300,223301,223390,long,1733.77,1733.0609812425926,loss,-10.390187574074208,7.09018757407478,89
223455,223456,223456,long,1733.24,1732.6540385300925,loss,-9.159614699074883,5.859614699074114,0
223456,223457,223460,long,1733.49,1732.8890843143738,loss,-9.309156856262053,6.009156856260995,3
223474,223475,223482,long,1733.8,1733.2785791636572,loss,-8.514208363427134,5.214208363426149,7
223506,223507,223510,long,1733.88,1733.4266027409387,loss,-7.833972590613757,4.533972590613636,3
223513,223514,223514,long,1734.39,1733.9101902034042,loss,-8.098097965958733,4.798097965959534,0
223526,223527,223537,short,1733.08,1732.207753507226,win,5.422464927739111,5.390893033213781,10
223594,223595,223596,long,1733.64,1733.0112987677392,loss,-9.587012322609372,6.287012322609362,1
223605,223606,223608,long,1733.96,1733.2995235104197,loss,-9.904764895803329,6.604764895803339,2
223608,223609,223610,long,1734.14,1733.453873024874,loss,-10.161269751261717,6.861269751260844,1
223614,223615,223621,long,1734.84,1734.1087306771392,loss,-10.61269322860726,7.312693228608189,6
223726,223727,223728,short,1731.7,1730.8184538482271,win,5.515461517729091,5.448369294022918,1
223740,223741,223760,long,1733.32,1732.6706671957625,loss,-9.793328042374743,6.493328042374348,19
223800,223801,223802,long,1733.82,1733.1983663324418,loss,-9.516336675581716,6.2163366755810845,1
223802,223803,223804,long,1734.54,1733.8839150407637,loss,-9.860849592362957,6.560849592363708,1
223870,223871,223872,short,1731.9,1730.8476584968694,win,7.223415031307195,6.503964790672347,1
224110,224111,224113,long,1731.09,1730.2709612684237,loss,-11.490387315762565,8.190387315761543,2
224122,224123,224126,long,1731.54,1730.8072481585884,loss,-10.627518414115276,7.327518414114619,3
224139,224140,224149,short,1730.46,1731.154048527447,loss,-10.240485274469666,6.940485274470727,9
224151,224152,224152,short,1729.16,1729.9084098348546,loss,-10.784098348545559,7.484098348546495,0
224217,224218,224228,short,1723.69,1722.2279393990389,win,11.320606009611947,9.036221266755945,10
224305,224306,224370,long,1726.64,1727.8193683158897,win,8.493683158896328,7.289050160010562,64
224370,224371,224371,long,1728.02,1727.4210623443298,loss,-9.2893765567017,5.989376556702181,0
224382,224383,224390,long,1727.99,1727.3640701693312,loss,-9.55929830668838,6.2592983066880565,7
224402,224403,224406,long,1728.07,1727.4610614245316,loss,-9.389385754683008,6.089385754683928,3
224410,224411,224427,long,1728.4,1727.749084690017,loss,-9.809153099830201,6.509153099830543,16
224427,224428,224432,short,1728.17,1727.0720342802026,win,7.679657197974575,6.78594388008307,4
224435,224436,224448,short,1727.7,1726.5727199298974,win,7.972800701026427,6.967120334379999,12
224478,224479,224491,long,1726.7,1726.1369849566481,loss,-8.930150433519248,5.630150433519574,12
224509,224510,224518,long,1727.05,1726.3681115306144,loss,-10.118884693855126,6.818884693854086,8
224545,224546,224550,long,1726.7,1725.9636356436065,loss,-10.663643563935512,7.363643563934699,4
224588,224589,224596,long,1726.86,1726.0766933131408,loss,-11.133066868590777,7.8330668685899125,7
224599,224600,224600,long,1727.2,1726.4609458266389,loss,-10.690541733611827,7.390541733611605,0
224601,224602,224628,long,1727.54,1726.7765268268834,loss,-10.934731731166085,7.63473173116709,26
224634,224635,224636,long,1727.9,1727.218008590264,loss,-10.119914097361562,6.8199140973626005,1
224705,224706,224706,long,1726.99,1726.2612471173704,loss,-10.587528826295785,7.287528826295595,0
224706,224707,224708,long,1727.42,1726.6478543974956,loss,-11.021456025044518,7.721456025043471,1
224809,224810,224810,long,1722.6,1721.9912935710336,loss,-9.387064289663432,6.087064289662476,0
224828,224829,224829,long,1722.96,1722.3176942463579,loss,-9.723057536421766,6.423057536422593,0
224834,224835,224840,long,1723.3,1722.6424812810048,loss,-9.875187189951067,6.575187189951722,5
224883,224884,224884,long,1724.9,1724.2956261855747,loss,-9.34373814425344,6.0437381442544345,0
225003,225004,225004,long,1725.03,1724.2863814507837,loss,-10.736185492163077,7.436185492163275,0
225026,225027,225035,long,1725.2,1726.318293940431,win,7.882939404309309,6.911581832082954,8
225124,225125,225126,long,1726.73,1726.1407776613169,loss,-9.192223386831575,5.892223386831008,1
225127,225128,225128,long,1727.12,1726.5233507494368,loss,-9.266492505631323,5.966492505630964,0
225176,225177,225180,long,1726.77,1726.2272454661445,loss,-8.727545338554865,5.427545338555628,3
225185,225186,225188,short,1725.69,1726.2672745227148,loss,-9.07274522714788,5.772745227148525,2
225208,225209,225214,long,1726.21,1725.6443758282896,loss,-8.956241717103968,5.656241717103119,5
225287,225288,225288,long,1727.56,1726.8982480092466,loss,-9.917519907533734,6.617519907533594,0
225425,225426,225431,long,1724.4,1725.523477199039,win,7.934771990389163,6.943616804937371,5
225431,225432,225432,long,1725.43,1726.5083056043354,win,7.483056043353554,6.664435131862698,0
225534,225535,225540,long,1728.12,1727.4607355793135,loss,-9.892644206864407,6.592644206863487,5
225541,225542,225542,long,1728.32,1727.6992046570138,loss,-9.507953429861846,6.207953429861481,0
225551,225552,225552,long,1728.68,1728.0447794191036,loss,-9.6522058089643,6.352205808963738,0
225552,225553,225554,long,1728.7,1728.0431232562892,loss,-9.868767437108819,6.568767437108283,1
225670,225671,225677,short,1727.65,1728.2926718229228,loss,-9.726718229226936,6.4267182292261715,6
225703,225704,225726,long,1727.88,1728.8274914020017,win,6.174914020015604,5.8559419159553725,22
225726,225727,225809,long,1728.73,1728.1519882991056,loss,-9.080117008944217,5.780117008943224,82
225818,225819,225825,long,1728.85,1729.6814868218735,win,5.014868218735683,5.138979121592202,6
225828,225829,225834,long,1730.3,1729.7196834952638,loss,-9.103165047361745,5.803165047361905,5
225869,225870,225874,long,1730.36,1729.6716216431894,loss,-10.183783568105174,6.883783568104631,4
225908,225909,225909,long,1730.51,1729.7090948868045,loss,-11.309051131955403,8.009051131955772,0
225919,225920,225930,long,1730.73,1729.9159972820528,loss,-11.440027179472327,8.140027179472561,10
225942,225943,225946,long,1731.34,1730.4166258414182,loss,-12.53374158581737,9.233741585817947,3
225952,225953,225953,long,1732.06,1731.0906961200642,loss,-12.99303879935751,9.693038799357158,0
225978,225979,225990,long,1731.9,1730.8939667337834,loss,-13.360332662167185,10.060332662166502,11
225995,225996,226283,short,1731.04,1729.4085482720805,win,13.014517279195115,10.083137997030468,287
226326,226327,226329,long,1729.96,1729.413748353156,loss,-8.762516468439845,5.46251646843934,2
226358,226359,226363,short,1728.76,1727.9011408527876,win,5.288591472123426,5.308152949396604,4
226370,226371,226371,long,1729.77,1729.1940587190024,loss,-9.059412809975402,5.7594128099746005,0
226389,226390,226391,long,1729.58,1729.047967549084,loss,-8.620324509159492,5.32032450916019,1
226404,226405,226405,long,1729.79,1729.2441648011168,loss,-8.758351988831965,5.45835198883107,0
226408,226409,226411,long,1730.14,1729.601726226103,loss,-8.682737738971174,5.38273773897188,2
226456,226457,226457,long,1729.6,1729.0806256972423,loss,-8.493743027575693,5.1937430275749605,0
226490,226491,226491,long,1729.51,1728.9779441722858,loss,-8.620558277142027,5.320558277143044,0
226491,226492,226494,long,1729.59,1729.0251849259862,loss,-8.948150740137226,5.648150740136245,2
226542,226543,226544,long,1730.04,1729.5830940121978,loss,-7.869059878022017,4.569059878021708,1
226554,226555,226557,long,1730.0,1729.5305385219165,loss,-7.994614780835309,4.694614780834619,2
226557,226558,226559,long,1730.0,1729.5167982048733,loss,-8.132017951266608,4.8320179512662005,1
226563,226564,226566,long,1730.43,1729.9024681912792,loss,-8.575318087208235,5.275318087208711,2
226633,226634,226637,long,1730.6,1730.0619401718513,loss,-8.680598281485619,5.380598281486382,3
226713,226714,226730,long,1730.7,1731.524492561927,win,4.944925619269452,5.095751309808425,16
226764,226765,226765,long,1730.6,1730.0768104998217,loss,-8.53189500178205,5.231895001781603,0
226778,226779,226779,long,1731.43,1730.9025727300377,loss,-8.574272699623453,5.2742726996233085,0
226848,226849,226849,long,1731.15,1730.6581848855164,loss,-8.21815114483643,4.9181511448362025,0
226849,226850,226851,long,1731.1,1730.5892237004916,loss,-8.407762995082795,5.107762995082146,1
226857,226858,226859,long,1731.6,1731.0553333244513,loss,-8.746666755485695,5.446666755486625,1
226893,226894,226917,short,1729.88,1730.4025166706629,loss,-8.525166706627534,5.225166706627116,23
226917,226918,226919,long,1730.53,1730.0385124690577,loss,-8.214875309423224,4.914875309423894,1
226926,226927,226927,long,1730.85,1730.3440780208555,loss,-8.359219791444321,5.059219791443195,0
226968,226969,226969,long,1730.38,1729.7706227705678,loss,-9.393772294323117,6.09377229432334,0
226971,226972,226974,short,1728.86,1727.7424919276782,win,7.875080723216979,6.906724798033295,2
227010,227011,227020,long,1729.88,1729.261269233557,loss,-9.487307664431501,6.187307664430633,9
227045,227046,227052,long,1730.03,1729.3417597714556,loss,-10.182402285443732,6.882402285443604,6
227068,227069,227094,short,1729.74,1728.6519534828412,win,7.58046517158773,6.724638548570843,25
227114,227115,227116,long,1729.9,1729.2625731373635,loss,-9.674268626366302,6.3742686263663435,1
227160,227161,227164,long,1729.88,1729.2181403300622,loss,-9.918596699379396,6.618596699378517,3
227194,227195,227196,long,1730.31,1729.6314768341679,loss,-10.085231658320755,6.785231658320352,1
227216,227217,227280,short,1729.5,1728.3812365303916,win,7.887634696084388,6.914483742944052,63
227297,227298,227298,long,1729.03,1728.6155865363348,loss,-7.444134636651415,4.144134636651747,0
227298,227299,227300,long,1729.2,1728.750082415557,loss,-7.799175844430283,4.499175844430274,1
227315,227316,227316,long,1729.32,1728.835859725448,loss,-8.14140274551919,4.841402745518257,0
227349,227350,227352,long,1729.39,1728.9221439067874,loss,-7.978560932127311,4.678560932126647,2
227352,227353,227354,long,1729.49,1729.033996464129,loss,-7.860035358711047,4.560035358710039,1
227365,227366,227368,long,1729.69,1729.2255338668715,loss,-7.944661331285533,4.644661331285564,2
227387,227388,227392,long,1730.03,1729.570294938028,loss,-7.897050619720448,4.597050619720368,4
227439,227440,227442,long,1731.14,1730.6272252378503,loss,-8.427747621497748,5.127747621496995,2
227442,227443,227444,long,1731.45,1730.925905615247,loss,-8.540943847529707,5.240943847529964,1
227472,227473,227474,long,1731.94,1731.341446744828,loss,-9.285532551719644,5.985532551719652,1
227479,227480,227482,long,1732.1,1731.4832319311668,loss,-9.46768068833153,6.167680688331918,2
227493,227494,227494,short,1730.5,1731.1480443677176,loss,-9.780443677176027,6.4804436771750895,0
227504,227505,227506,long,1731.92,1731.2704081211573,loss,-9.795918788427844,6.495918788428684,1
227657,227658,227658,long,1734.51,1734.016433349521,loss,-8.23566650478897,4.935666504789166,0
227688,227689,227690,long,1733.88,1734.6847326653874,win,4.747326653872915,4.973625867659064,1
227690,227691,227691,long,1734.62,1734.0804420981715,loss,-8.695579018284025,5.395579018284804,0
227711,227712,227714,long,1733.77,1733.2460313378924,loss,-8.539686621075635,5.2396866210767366,2
227767,227768,227768,long,1733.2,1732.6264166888209,loss,-9.035833111791636,5.735833111790843,0
227768,227769,227770,long,1733.4,1732.8080158941152,loss,-9.219841058848761,5.919841058848439,1
227792,227793,227794,long,1734.06,1733.4741844934115,loss,-9.158155065884603,5.8581550658846036,1
227809,227810,227814,long,1733.9,1733.3654934400236,loss,-8.64506559976535,5.3450655997649354,4
227833,227834,227840,short,1732.92,1732.0745383458507,win,5.1546165414940335,5.225350149254984,6
227889,227890,227890,long,1734.08,1733.4551119460875,loss,-9.548880539124003,6.248880539123898,0
227911,227912,227914,short,1732.07,1732.6793864573235,loss,-9.393864573235806,6.093864573235715,2
227920,227921,227930,long,1732.88,1733.880079443508,win,6.70079443507957,6.180960713893603,9
227930,227931,227932,long,1733.95,1733.2986310975875,loss,-9.813689024125143,6.513689024125526,1
228028,228029,228036,long,1748.9,1747.9929569147737,loss,-12.370430852264054,9.07043085226292,7
228048,228049,228060,long,1748.99,1750.3202185741352,win,10.002185741351877,8.221375612702257,11
228060,228061,228071,long,1750.08,1751.4609819604793,win,10.509819604794028,8.535117184669256,10
228154,228155,228190,short,1750.92,1749.4966237668184,win,10.933762331816705,8.797133703224258,35
228229,228230,228238,long,1750.52,1749.7512559207796,loss,-10.987440792203689,7.687440792203333,8
228244,228245,228323,short,1749.5,1748.1396120812026,win,10.303879187974143,8.407836333729533,78
228371,228372,228375,short,1747.4,1748.1859766905602,loss,-11.159766905601192,7.859766905601748,3
228413,228414,228416,long,1748.2,1747.4759271545418,loss,-10.54072845458295,7.240728454582122,2
228424,228425,228427,long,1748.8,1748.0376463736102,loss,-10.923536263897677,7.623536263897496,2
228458,228459,228494,long,1748.3,1749.406584466833,win,7.765844668330556,6.8392117851244745,35
228495,228496,228496,long,1749.66,1749.0924613679606,loss,-8.975386320394865,5.675386320393912,0
228496,228497,228498,long,1749.82,1749.2218679694863,loss,-9.281320305136251,5.981320305136967,1
228635,228636,228644,long,1749.8,1749.2708414681526,loss,-8.591585318473154,5.291585318473493,8
228669,228670,228672,long,1750.41,1749.853804035512,loss,-8.861959644880972,5.561959644881613,2
228672,228673,228677,long,1750.46,1749.8966636739115,loss,-8.933363260885745,5.633363260884755,4
228680,228681,228682,short,1749.5,1750.055244339114,loss,-8.85244339114097,5.552443391141277,1
228743,228744,228745,short,1748.05,1748.6378245634553,loss,-9.178245634553424,5.878245634552579,1
228871,228872,228873,long,1747.57,1747.0007079193706,loss,-8.992920806293387,5.692920806292486,1
229016,229017,229017,long,1750.81,1750.1563786949346,loss,-9.836213050653715,6.536213050654181,0
229089,229090,229091,long,1751.37,1750.6910706090225,loss,-10.089293909773733,6.78929390977289,1
229105,229106,229106,long,1750.82,1750.100033134746,loss,-10.499668652540368,7.19966865254071,0
229190,229191,229192,long,1748.54,1747.913696171584,loss,-9.563038284159848,6.2630382841606735,1
229192,229193,229198,long,1749.04,1748.3889307678764,loss,-9.810692321235184,6.510692321234271,5
229236,229237,229238,long,1749.36,1748.7709088062113,loss,-9.190911937885904,5.8909119378848045,1
229273,229274,229274,long,1749.18,1748.6053962218436,loss,-9.046037781564156,5.746037781564923,0
229280,229281,229284,long,1749.73,1749.0925580269902,loss,-9.674419730097998,6.37441973009749,3
229289,229290,229290,long,1750.12,1749.5157617118323,loss,-9.342382881676077,6.042382881675614,0
229335,229336,229359,short,1748.7,1749.3905539118766,loss,-10.205539118765774,6.905539118764647,23
229383,229384,229417,long,1748.9,1748.2555205215492,loss,-9.744794784508759,6.444794784509554,33
229484,229485,229487,long,1748.65,1748.12424420535,loss,-8.557557946501948,5.257557946502987,2
229492,229493,229494,long,1748.93,1748.424293976387,loss,-8.357060236131293,5.057060236130561,1
229531,229532,229535,short,1748.56,1749.024678230072,loss,-7.946782300719678,4.646782300720553,3
229543,229544,229545,long,1749.67,1749.1165764337063,loss,-8.83423566293759,5.534235662937556,1
229569,229570,229572,long,1749.92,1749.3495423154266,loss,-9.00457684573512,5.704576845735101,2
229590,229591,229595,short,1748.88,1749.514290297893,loss,-9.642902978929033,6.342902978929171,4
229598,229599,229600,long,1750.2,1749.5020826002312,loss,-10.279173997688122,6.9791739976876,1
229633,229634,229639,long,1751.2,1750.4414471066168,loss,-10.885528933832394,7.585528933831887,5
229641,229642,229646,long,1751.45,1750.6930390378589,loss,-10.869609621411929,7.569609621410813,4
229669,229670,229675,long,1751.55,1750.735699408187,loss,-11.443005918129803,8.143005918130616,5
229694,229695,229701,short,1750.3,1749.1368731000678,win,8.331268999321946,7.1886705805457245,6
229741,229742,229743,long,1749.66,1748.9611194081508,loss,-10.288805918492745,6.988805918492803,1
229818,229819,229819,long,1749.66,1749.0429254490286,loss,-9.47074550971438,6.170745509713997,0
229825,229826,229827,long,1749.87,1749.2031798947892,loss,-9.96820105210718,6.66820105210699,1
229859,229860,229861,long,1750.04,1749.4994996774928,loss,-8.705003225071142,5.4050032250703,1
229863,229864,229867,long,1750.3,1749.7512621202013,loss,-8.787378797986367,5.487378797986758,3
229925,229926,229927,long,1750.23,1749.701276400898,loss,-8.587235991020226,5.287235991019777,1
229927,229928,229929,long,1750.29,1749.756350477005,loss,-8.636495229948924,5.336495229949955,1
229930,229931,229931,long,1750.45,1749.914660815899,loss,-8.653391841010762,5.3533918410105885,0
229969,229970,229973,long,1750.06,1749.6870459268796,loss,-7.029540731203542,3.7295407312043687,3
229998,229999,229999,long,1749.7,1749.2136107036104,loss,-8.163892963896888,4.863892963897813,0
229999,230000,230003,long,1749.9,1749.38010543201,loss,-8.4989456799015,5.198945679902597,3
230051,230052,230055,long,1749.77,1749.1620851261582,loss,-9.379148738417644,6.079148738418777,3
230079,230080,230081,long,1750.46,1749.9486416161578,loss,-8.413583838422074,5.113583838422136,1
230100,230101,230102,short,1749.01,1748.218143907459,win,4.618560925409111,4.894042599140899,1
230621,230622,230627,short,1745.05,1745.519505375552,loss,-7.995053755519893,4.695053755519553,5
232219,232220,232220,short,1718.2,1718.528823234514,loss,-6.588232345139477,3.2882323451388165,0
232228,232229,232229,long,1719.12,1719.623087338096,win,1.7308733809606567,3.1093160574542256,0
235460,235461,235484,short,1719.25,1718.9232630697877,loss,-0.03263069787708428,2.019387702177727,23
235702,235703,235704,short,1718.77,1718.256639141807,win,1.8336085819298207,3.1728112372862305,1
237676,237677,237677,short,1694.55,1695.1750406195977,loss,-9.550406195977121,6.25040619597744,0
238995,238996,238997,short,1692.05,1691.4525335185288,win,2.6746648147120142,3.6926234948775187,1
241200,241201,241202,short,1698.76,1699.1463535504802,loss,-7.163535504801803,3.863535504801517,1
243512,243513,243513,long,1709.35,1709.7465936121982,win,0.6659361219833047,2.4511348096310805,0
243857,243858,243860,long,1709.4,1709.0669994210057,loss,-6.6300057899441525,3.3300057899451407,2
243865,243866,243867,long,1709.33,1709.0061464844268,loss,-6.538535155730915,3.238535155731717,1
246416,246417,246417,long,1700.05,1699.7751126894354,loss,-6.048873105645089,2.74887310564402,0
247149,247150,247157,long,1699.31,1698.5021382184993,loss,-11.378617815006056,8.078617815006359,7
247352,247353,247356,short,1694.54,1694.8131583993709,loss,-6.031583993709137,2.731583993708771,3
247364,247365,247367,short,1694.15,1694.404285330143,loss,-5.842853301429204,2.5428533014292514,2
248028,248029,248032,long,1699.4,1699.0339960599915,loss,-6.960039400085679,3.66003940008606,3
249187,249188,249188,short,1691.54,1691.743319804813,loss,-5.333198048129634,2.0331980481300063,0
249813,249814,249814,long,1696.86,1696.2202565157168,loss,-9.697434842831445,6.397434842831355,0
250568,250569,250574,long,1702.05,1701.7800160383345,loss,-5.999839616655026,2.6998396166542453,5
250846,250847,250847,long,1701.73,1701.4443109079612,loss,-6.15689092038865,2.856890920389415,0
250847,250848,250848,long,1701.69,1701.4022008647248,loss,-6.17799135275236,2.8779913527517884,0
251044,251045,251045,long,1698.49,1698.2309902499558,loss,-5.890097500442425,2.5900975004424165,0
251066,251067,251071,long,1698.5,1698.884013086571,win,0.5401308657103074,2.3733812519835937,4
252106,252107,252113,short,1675.38,1674.986501537262,win,0.6349846273808,2.432005332126075,6
257603,257604,257607,short,1659.2,1659.4634760202432,loss,-5.934760202431607,2.6347602024307837,3
257608,257609,257609,short,1659.15,1659.40436256713,loss,-5.843625671298741,2.543625671299018,0
258988,258989,259010,short,1662.65,1663.0519547853703,loss,-7.319547853702079,4.019547853702081,21
259676,259677,259678,long,1662.35,1662.1121132681924,loss,-5.678867318075208,2.3788673180752005,1
259687,259688,259693,short,1661.85,1662.0563103335937,loss,-5.363103335938194,2.063103335937856,5
261000,261001,261002,long,1663.58,1663.9176554927494,win,0.07655492749490822,2.0868695472776873,1
261090,261091,261097,long,1664.75,1665.0884760611768,win,0.08476061176834282,2.091941045592173,6
263763,263764,263765,short,1683.5,1683.7596272347955,loss,-5.896272347955164,2.596272347955271,1
263765,263766,263769,short,1683.42,1682.997225427756,win,0.927745722441796,2.612945440322217,3
267917,267918,267919,short,1653.11,1652.6811703119474,win,0.9882968805247403,2.650368900200244,1
270495,270496,270496,long,1659.7,1660.153045689385,win,1.2304568938490776,2.800035163071762,0
271950,271951,271952,long,1671.2,1670.741520720442,loss,-7.884792795581052,4.584792795580229,1
272019,272020,272026,long,1669.69,1669.2578308835405,loss,-7.621691164595904,4.321691164597001,6
272038,272039,272043,short,1669.3,1668.6370605023442,win,3.3293949765577056,4.0972774886015895,4
272558,272559,272571,short,1659.79,1659.0662292807697,win,3.937707192302878,4.473243011311872,12
273165,273166,273170,short,1666.4,1665.8452631585833,win,2.247368414167977,3.4285342485589148,4
273170,273171,273187,short,1666.13,1666.4813374080463,loss,-6.813374080462199,3.5133740804620284,16
273187,273188,273189,long,1666.77,1667.3317263957322,win,2.3172639573219387,3.471732977331438,1
273435,273436,273457,long,1668.42,1669.0209628519344,win,2.7096285193435508,3.7142327066405523,21
273493,273494,273496,short,1669.0,1668.5183078710663,win,1.5169212893367332,2.977083615165408,2
273507,273508,273512,short,1668.34,1668.6386769516678,loss,-6.286769516678578,2.9867695166776653,4
273953,273954,273956,short,1667.6,1666.907469071952,win,3.6253092804797236,4.280166427985413,2
273956,273957,273957,short,1666.89,1667.3303707096845,loss,-7.7037070968443,4.403707096845372,0
274134,274135,274155,short,1668.07,1667.307476592563,win,4.3252340743690185,4.712752827174809,20
274184,274185,274185,long,1668.1,1667.6599367685042,loss,-7.70063231495742,4.40063231495667,0
274754,274755,274761,short,1680.7,1679.8363733953322,win,5.336266046678429,5.337618075820665,6
274855,274856,274860,short,1680.9,1681.3693995769102,loss,-7.993995769100638,4.693995769101268,4
274862,274863,274863,short,1679.4,1678.5407772438396,win,5.292227561605341,5.310400223488898,0
275023,275024,275024,short,1679.7,1678.245253643687,win,11.247463563130804,8.991015799215427,0
275145,275146,275148,long,1682.48,1681.9030289272837,loss,-9.06971072716333,5.769710727162415,2
275161,275162,275166,long,1683.8,1683.262231092095,loss,-8.67768907905047,5.3776890790514775,4
275265,275266,275268,short,1683.25,1683.7941251276031,loss,-8.741251276031381,5.441251276031876,2
275444,275445,275448,long,1679.65,1679.1753962051844,loss,-8.04603794815721,4.746037948156228,3
275454,275455,275455,short,1678.39,1678.8902423721272,loss,-8.302423721271044,5.002423721270728,0
275466,275467,275467,long,1679.7,1679.2150756332487,loss,-8.149243667513293,4.849243667512269,0
275521,275522,275529,long,1680.3,1681.02459266525,win,3.9459266525015666,4.478323023795401,7
275640,275641,275645,short,1682.17,1681.207267452238,win,6.327325477620161,5.95013935575966,4
275804,275805,275805,long,1682.5,1682.206845644396,loss,-6.231543556039742,2.931543556039654,0
275831,275832,275838,short,1681.92,1682.2023035270654,loss,-6.123035270653236,2.8230352706527095,6
275859,275860,275860,short,1681.57,1681.1687837124878,win,0.7121628751217033,2.479705114414273,0
275914,275915,275925,long,1682.1,1682.6633009637992,win,2.3330096379929275,3.481464547585762,10
276001,276002,276002,short,1682.69,1681.9634669349016,win,3.9653306509846518,4.490315606294095,0
276589,276590,276593,long,1680.15,1680.8462478501642,win,3.6624785016412718,4.303138752559651,3
276724,276725,276728,short,1681.7,1681.1203300310283,win,2.4966996897175706,3.582632688330022,3
276743,276744,276750,long,1682.1,1681.7273930479662,loss,-7.026069520337205,3.7260695203376812,6
276759,276760,276761,short,1681.3,1680.6891666526524,win,2.8083334734757956,3.7752370046206427,1
276850,276851,276852,long,1680.77,1680.2759266082555,loss,-8.240733917444505,4.940733917444078,1
276855,276856,276858,long,1680.87,1680.3591522825752,loss,-8.408477174246674,5.108477174247482,2
276977,276978,276983,short,1679.83,1679.166843888676,win,3.3315611132381493,4.098616262817718,5
276983,276984,276984,short,1679.3,1678.6260023799668,win,3.439976200331057,4.165621879067363,0
277203,277204,277221,long,1678.73,1679.292052513359,win,2.3205251335904906,3.473748537447802,17
277298,277299,277302,long,1678.98,1678.5468844735753,loss,-7.6311552642467175,4.331155264245867,3
277320,277321,277325,long,1679.09,1679.6508206096448,win,2.3082060964490667,3.4661347938495717,4
277528,277529,277535,long,1682.02,1682.8263973043172,win,4.763973043172155,4.983914118152931,6
277687,277688,277690,long,1682.42,1682.0172154707986,loss,-7.3278452920142625,4.027845292014122,2
277711,277712,277712,short,1681.07,1681.5210628183333,loss,-7.81062818333412,4.510628183333006,0
277905,277906,277907,long,1687.83,1688.9843899799696,win,8.243899799696646,7.134672311308505,1
277975,277976,277977,short,1687.6,1688.2437273441053,loss,-9.737273441054004,6.437273441054951,1
277983,277984,277984,long,1689.75,1690.812896890744,win,7.32896890744014,6.569202044153397,0
278071,278072,278072,short,1689.58,1690.128375265095,loss,-8.783752650950465,5.483752650950088,0
278151,278152,278155,short,1688.6,1687.9462560870977,win,3.237439129022005,4.040444455514495,3
278208,278209,278209,short,1686.58,1687.0410061642465,loss,-7.9100616424655525,4.610061642466018,0
278235,278236,278240,short,1687.32,1686.4536603270626,win,5.36339672937329,5.354386112097487,4
278263,278264,278268,short,1687.22,1686.444446499019,win,4.455535009810046,4.793284925717329,4
278365,278366,278376,long,1687.56,1687.1273455909213,loss,-7.626544090786228,4.326544090786706,10
278406,278407,278408,long,1688.42,1688.0300339246585,loss,-7.199660753415901,3.899660753415771,1
278463,278464,278466,long,1689.0,1688.5798422045714,loss,-7.501577954286222,4.201577954285591,2
278537,278538,278552,long,1688.48,1689.1176250974268,win,3.0762509742673503,3.9408226046146497,14
278720,278721,278721,long,1691.63,1692.1642426505753,win,2.0424265057515187,3.3018705227136027,0
278875,278876,278876,short,1690.6,1691.1090659975118,loss,-8.390659975119252,5.090659975118901,0
278914,278915,278921,short,1690.14,1690.5624032096734,loss,-7.524032096733481,4.224032096732482,6
278928,278929,278932,short,1689.82,1689.1345083521885,win,3.554916478114319,4.236660369662147,3
279024,279025,279033,long,1691.06,1690.678078440552,loss,-7.119215594478464,3.819215594477771,8
279338,279339,279341,short,1687.43,1687.865699223185,loss,-7.656992231848835,4.35699223184787,2
279858,279859,279861,short,1689.52,1689.8974843180695,loss,-7.0748431806949155,3.7748431806940075,2
280012,280013,280015,short,1689.63,1689.872014632454,loss,-5.7201463245390185,2.420146324537973,2
280140,280141,280145,long,1690.25,1689.8838837137055,loss,-6.961162862945275,3.661162862945421,4
280313,280314,280331,long,1688.7,1688.3204932574165,loss,-7.095067425835441,3.795067425835127,17
280331,280332,280341,short,1688.37,1687.793718090176,win,2.462819098238197,3.5616928913707646,9
280402,280403,280404,long,1689.1,1688.7325521794473,loss,-6.974478205525702,3.6744782055261624,1
280412,280413,280415,long,1689.19,1689.7606341277133,win,2.4063412771321966,3.5267869450759557,2
280602,280603,280607,long,1688.6,1688.263251070126,loss,-6.667489298739201,3.3674892987390064,4
280626,280627,280628,long,1688.6,1688.300233081027,loss,-6.29766918972864,2.9976691897296304,1
280631,280632,280636,long,1688.9,1688.5985970252173,loss,-6.314029747828317,3.0140297478281557,4
280734,280735,280735,long,1689.13,1688.9602789259018,loss,-4.997210740983337,1.697210740982683,0
280740,280741,280745,long,1689.24,1689.497052963005,loss,-0.729470369950195,1.5887080531823008,4
280820,280821,280824,short,1689.5,1689.1059872394962,win,0.6401276050375602,2.4351839338927057,3
280919,280920,280924,long,1690.8,1690.4823439882164,loss,-6.476560117835834,3.1765601178359173,4
280925,280926,280928,long,1690.88,1690.5823165851916,loss,-6.27683414808489,2.976834148083866,2
281155,281156,281156,long,1693.93,1693.584684244132,loss,-6.753157558681141,3.453157558680611,0
281244,281245,281246,long,1694.02,1693.7377095971226,loss,-6.1229040287737915,2.8229040287735616,1
281311,281312,281313,long,1693.89,1693.5408102282122,loss,-6.791897717879055,3.4918977178786474,1
281333,281334,281336,short,1693.14,1692.50229507071,win,3.077049292900665,3.9413160030282013,2
281336,281337,281350,short,1692.6,1692.9957977326878,loss,-7.257977326879245,3.957977326878924,13
281426,281427,281432,long,1692.5,1693.1505722937757,win,3.205722937756673,4.020842359552297,5
281916,281917,281919,short,1693.5,1694.0073195089406,loss,-8.373195089405545,5.073195089405997,2
281931,281932,281934,short,1693.12,1693.5749986296303,loss,-7.849986296303814,4.549986296304327,2
282209,282210,282212,long,1693.2,1693.7787565527278,win,2.4875655272778205,3.576987346895464,2
282326,282327,282328,long,1693.22,1692.8378757642045,loss,-7.121242357955725,3.8212423579557764,1
282329,282330,282330,long,1693.32,1692.9349245344602,loss,-7.15075465539785,3.850754655398601,0
282345,282346,282353,short,1692.83,1693.210971769576,loss,-7.109717695760355,3.8097176957593453,7
282353,282354,282359,long,1693.36,1692.949470215246,loss,-7.405297847538622,4.105297847537775,5
282468,282469,282473,long,1693.43,1693.1818596755677,loss,-5.781403244323701,2.4814032443231793,4
282529,282530,282531,long,1692.89,1693.3036915503085,win,0.8369155030838558,2.5568080983212793,1
282681,282682,282687,short,1692.23,1691.6908262518866,win,2.091737481133987,3.332347021713844,5
282740,282741,282763,short,1691.2,1691.5500976358733,loss,-6.800976358732259,3.5009763587320095,22
282822,282823,282825,short,1691.9,1692.223710074843,loss,-6.537100748428929,3.2371007484284755,2
282842,282843,282850,short,1691.86,1691.3767867692952,win,1.5321323070467772,2.9864847385954922,7
283108,283109,283110,short,1691.26,1690.3833834186155,win,5.466165813844964,5.417902233526006,1
283769,283770,283771,long,1683.88,1683.4653239412319,loss,-7.446760587682365,4.146760587681359,1
283785,283786,283801,short,1683.12,1682.552052331386,win,2.379476686138969,3.510183365969458,15
283801,283802,283803,short,1682.95,1683.2694343622488,loss,-6.4943436224878495,3.194343622488508,1
284082,284083,284083,long,1680.79,1681.530896188341,win,4.108961883411394,4.579086454519462,0
284245,284246,284252,long,1677.13,1677.8126065273525,win,3.5260652735239093,4.218828970039224,6
284648,284649,284651,short,1671.7,1671.0199633227455,win,3.5003667725452035,4.2029460893353825,2
284960,284961,284965,short,1667.8,1667.151542535348,win,3.184574646519832,4.007771722200105,4
285116,285117,285117,long,1666.88,1667.4260163487968,win,2.1601634879668383,3.3746375080136373,0
285117,285118,285123,long,1667.44,1668.006244141711,win,2.362441417109676,3.499654769536754,5
285199,285200,285200,short,1667.91,1667.3047410028062,win,2.752589971939142,3.74078490231068,0
285223,285224,285235,short,1667.99,1667.5572925829679,win,1.027074170321339,2.674335086724622,11
285437,285438,285443,short,1671.11,1671.4387955891941,loss,-6.587955891942147,3.2879558919415905,5
285556,285557,285560,long,1669.02,1668.5126347186756,loss,-8.373652813243826,5.073652813243863,3
285571,285572,285578,long,1669.38,1668.8722158228052,loss,-8.377841771949353,5.077841771949834,6
285595,285596,285597,long,1669.5,1670.2169001343414,win,3.8690013434135837,4.430779569476384,1
285811,285812,285815,short,1661.11,1659.8376517065958,win,9.42348293404093,7.863710095205216,3
285926,285927,285927,long,1660.2,1661.374259716549,win,8.442597165489314,7.25747661649592,0
285998,285999,286004,short,1660.36,1660.86531613063,loss,-8.353161306300354,5.053161306300746,5
286113,286114,286114,long,1659.0,1658.4879324980466,loss,-8.420675019534247,5.120675019533487,0
286117,286118,286124,long,1658.99,1658.4803603934959,loss,-8.396396065041518,5.096396065041711,6
286133,286134,286141,short,1658.56,1657.8356889169231,win,3.9431108307682736,4.476582713700544,7
286163,286164,286167,short,1657.51,1657.939620882416,loss,-7.596208824159748,4.296208824160286,3
286203,286204,286214,long,1658.28,1658.9175875265676,win,3.075875265675859,3.9405903990578843,10
286287,286288,286290,long,1658.93,1659.7848097691217,win,5.248097691216299,5.283125890739441,2
286290,286291,286311,long,1659.65,1659.0774915546278,loss,-9.025084453722503,5.72508445372167,20
286367,286368,286371,short,1658.6,1659.0706466530548,loss,-8.006466530549279,4.706466530549997,3
286380,286381,286389,short,1658.25,1658.655987502965,loss,-7.359875029649902,4.059875029649018,8
286402,286403,286406,long,1659.07,1659.776753003471,win,3.7675300347102167,4.368065534431885,3
286472,286473,286473,long,1661.1,1660.6073145474184,loss,-8.226854525815543,4.926854525816168,0
286487,286488,286493,long,1660.8,1660.3687519821203,loss,-7.6124801787962495,4.31248017879658,5
286496,286497,286505,short,1659.91,1660.3299583567655,loss,-7.499583567653917,4.199583567652937,8
286563,286564,286566,long,1660.2,1659.7977152100439,loss,-7.322847899561839,4.022847899561933,2
286568,286569,286578,short,1659.8,1660.2090263506852,loss,-7.390263506852807,4.09026350685216,9
286597,286598,286604,short,1659.56,1659.061438132872,win,1.685618671280463,3.081346521186542,6
286684,286685,286689,long,1660.55,1660.2304256242942,loss,-6.495743757057698,3.195743757056939,4
286730,286731,286732,long,1660.7,1661.2277096892458,win,1.9770968924573937,3.261493753064044,1
286738,286739,286739,long,1661.5,1661.1614798199573,loss,-6.685201800426785,3.3852018004266125,0
286980,286981,286983,long,1656.5,1656.0565313433926,loss,-7.734686566073651,4.434686566073007,2
286987,286988,286990,long,1656.75,1656.3106519091405,loss,-7.693480908595393,4.393480908595386,2
287247,287248,287249,long,1656.8,1656.1189144806015,loss,-10.110855193984936,6.810855193985976,1
287647,287648,287650,short,1655.08,1654.4875004344517,win,2.624995655482235,3.6619256214346607,2
287682,287683,287697,long,1655.85,1655.24460244547,loss,-9.353975545298727,6.053975545298802,14
287708,287709,287718,long,1655.58,1656.2518511894307,win,3.4185118943075397,4.152355929732211,9
287718,287719,287723,long,1656.23,1656.8242211088677,win,2.642211088677141,3.6725655677850852,4
288577,288578,288585,short,1662.6,1661.8190214280019,win,4.509785719980482,4.826814412842899,7
288747,288748,288774,short,1661.71,1662.1268723156231,loss,-7.468723156230953,4.168723156230293,26
288774,288775,288776,long,1662.14,1662.7630243492931,win,2.9302434929301855,3.8505831229483864,1
288963,288964,288966,short,1663.7,1663.1048026424494,win,2.6519735755065996,3.678599243205917,2
289063,289064,289074,short,1663.19,1663.5720614210315,loss,-7.120614210314943,3.8206142103159366,10
289074,289075,289075,long,1663.49,1663.0835454886771,loss,-7.364545113228632,4.064545113228751,0
289080,289081,289086,long,1663.5,1664.242362038543,win,4.123620385429786,4.588146097299323,5
289106,289107,289107,long,1664.23,1663.7257752605642,loss,-8.342247394358129,5.04224739435876,0
289111,289112,289113,long,1664.44,1663.9555222860074,loss,-8.144777139926465,4.8447771399257284,1
289113,289114,289114,long,1664.5,1664.0153716879886,loss,-8.146283120114095,4.846283120114055,0
289115,289116,289135,long,1664.3,1663.8178654766336,loss,-8.121345233663124,4.82134523366347,19
289221,289222,289223,long,1663.91,1663.5069378183719,loss,-7.330621816282291,4.030621816283227,1
289298,289299,289299,short,1663.99,1664.3136992596928,loss,-6.536992596928303,3.236992596928967,0
289299,289300,289301,long,1664.21,1663.8579054669592,loss,-6.820945330408267,3.5209453304085745,1
289305,289306,289312,long,1664.4,1665.006409562452,win,2.7640956245197232,3.74789593604413,6
289457,289458,289463,short,1666.5,1666.7925106164748,loss,-6.2251061647482855,2.9251061647485286,5
289466,289467,289467,long,1666.84,1667.3056078258683,win,1.356078258683465,2.877675067171855,0
289538,289539,289539,long,1668.13,1668.6263899920577,win,1.6638999205762959,3.0679233130883308,0
289641,289642,289643,long,1666.94,1666.5674287505292,loss,-7.025712494708659,3.725712494709753,1
289664,289665,289674,short,1666.19,1665.6424792525702,win,2.1752074742987135,3.3839353982075653,9
289721,289722,289729,long,1666.4,1666.0609548493803,loss,-6.690451506197678,3.390451506196848,7
289748,289749,289752,short,1665.88,1666.217405477077,loss,-6.674054770767998,3.3740547707674855,3
290408,290409,290424,long,1676.62,1676.273459989608,loss,-6.76540010391891,3.4654001039198743,15
290483,290484,290487,long,1676.79,1677.311400409684,win,1.9140040968401992,3.2224994418044686,3
290608,290609,290610,long,1676.81,1676.459669849119,loss,-6.803301508808363,3.5033015088078545,1
290616,290617,290618,long,1676.94,1676.557217556298,loss,-7.127824437021263,3.8278244370219685,1
290621,290622,290626,long,1677.25,1677.840653304674,win,2.6065330467410606,3.6505148620149916,4
290743,290744,290761,short,1679.41,1679.7747890801325,loss,-6.947890801323683,3.6478908013237143,17
290761,290762,290766,long,1679.62,1679.3076420385273,loss,-6.423579614725713,3.1235796147266934,4
290783,290784,290787,short,1679.43,1679.6798573741669,loss,-5.798573741668224,2.498573741667825,3
290792,290793,290794,short,1679.14,1679.3752145511146,loss,-5.652145511144954,2.3521455111460243,1
290821,290822,290822,long,1679.4,1679.7779143597338,win,0.47914359733722467,2.3356882554614593,0
290822,290823,290823,long,1679.64,1679.3985058804324,loss,-5.714941195677329,2.414941195677515,0
290843,290844,290853,long,1679.9,1680.3553334243427,win,1.2533342434259795,2.814174439695235,9
291130,291131,291135,short,1674.28,1674.60518888145,loss,-6.5518888145000345,3.251888814500566,4
291140,291141,291152,long,1674.4,1674.0632644980064,loss,-6.66735501993644,3.367355019937036,11
291152,291153,291154,short,1674.17,1674.4945570842187,loss,-6.54557084218668,3.24557084218601,1
291155,291156,291159,long,1674.75,1674.4242256048215,loss,-6.557743951785414,3.257743951785983,3
291170,291171,291172,long,1674.9,1675.3925098702398,win,1.6250987023970085,3.0439423376995935,1
291694,291695,291695,long,1661.09,1661.6846613446414,win,2.6466134464150857,3.675286431653171,0
291695,291696,291697,long,1661.5,1661.1156870065092,loss,-7.143129934907665,3.8431299349077945,1
291804,291805,291809,long,1663.92,1663.4642944004845,loss,-7.857055995155679,4.5570559951562695,4
291812,291813,291815,long,1664.2,1663.7563964732265,loss,-7.73603526773586,4.436035267735592,2
291817,291818,291818,long,1664.31,1663.8829520705597,loss,-7.570479294402776,4.270479294403686,0
291818,291819,291822,long,1664.5,1664.0637638767234,loss,-7.662361232765579,4.362361232765472,3
291834,291835,291837,short,1663.5,1662.8886886181692,win,2.8131138183077384,3.7781914822674234,2
291837,291838,291838,short,1662.48,1662.851285302431,loss,-7.012853024310334,3.712853024310399,0
291987,291988,291989,short,1660.87,1660.376258258696,win,1.6374174130389294,3.0515558795046753,1
291989,291990,291992,short,1660.34,1660.6717964516556,loss,-6.6179645165569125,3.31796451655745,2
292056,292057,292061,long,1662.6,1662.1588565518023,loss,-7.711434481976357,4.411434481975245,4
292072,292073,292073,short,1662.3,1661.6690469001203,win,3.0095309987966177,3.8995865258327065,0
292073,292074,292081,short,1662.04,1662.4456749072222,loss,-7.356749072221919,4.0567490722216375,7
292109,292110,292111,short,1661.26,1661.6966559836806,loss,-7.666559836805663,4.366559836806544,1
292116,292117,292120,long,1661.79,1662.5360909442377,win,4.160909442377215,4.611192486018147,3
292120,292121,292124,long,1662.4,1661.9343682427782,loss,-7.956317572218995,4.656317572220041,3
292146,292147,292153,short,1661.4,1660.731056131919,win,3.3894386808098718,4.134387318176496,6
292370,292371,292373,short,1664.03,1664.4926012019382,loss,-7.926012019382415,4.6260120193834275,2
292404,292405,292408,long,1664.8,1664.3055648539664,loss,-8.244351460335384,4.944351460334692,3
292469,292470,292474,long,1665.23,1664.7725341916516,loss,-7.874658083483882,4.574658083484978,4
292479,292480,292485,short,1664.83,1665.3156786419108,loss,-8.156786419109086,4.856786419108364,5
292491,292492,292494,short,1664.5,1664.9448619926998,loss,-7.748619926997708,4.448619926997111,2
292504,292505,292515,long,1665.53,1665.1328162116229,loss,-7.271837883771059,3.971837883772147,10
292527,292528,292528,short,1664.87,1665.3174468156215,loss,-7.774468156215607,4.474468156215264,0
292541,292542,292546,long,1665.73,1666.482696358517,win,4.226963585169142,4.652017048929603,4
292610,292611,292615,short,1665.6,1666.0034440312352,loss,-7.334440312352672,4.03444031235168,4
292624,292625,292630,short,1665.11,1664.492462340307,win,2.8753765969297094,3.816672804035901,5
293175,293176,293184,short,1666.91,1667.3755990118107,loss,-7.955990118105819,4.655990118106065,8
293312,293313,293313,long,1666.28,1665.8795923771377,loss,-7.3040762286230345,4.004076228622764,0
293485,293486,293487,short,1670.43,1670.889263470771,loss,-7.8926347077102035,4.592634707709091,1
293489,293490,293491,long,1671.23,1670.783067418805,loss,-7.769325811949147,4.469325811948061,1
293496,293497,293498,short,1670.33,1670.755861291091,loss,-7.55861291090996,4.258612910909497,1
293506,293507,293521,long,1671.45,1671.0386794141623,loss,-7.413205858377569,4.113205858377692,14
293543,293544,293548,short,1670.72,1671.0933158793246,loss,-7.033158793245366,3.7331587932451216,4
293566,293567,293567,short,1670.3,1670.6105439888242,loss,-6.405439888242927,3.1054398882434078,0
293577,293578,293585,long,1671.52,1672.0135760495466,win,1.635760495466184,3.050531826616935,7
293808,293809,293809,short,1664.91,1665.3394669999589,loss,-7.594669999587768,4.294669999586754,0
293826,293827,293829,long,1665.46,1665.0743980941163,loss,-7.156019058837319,3.856019058836626,2
293944,293945,293946,short,1663.91,1664.2838357872138,loss,-7.03835787213693,3.73835787213805,1
293946,293947,293949,short,1663.81,1664.1903272446384,loss,-7.103272446384653,3.8032724463836622,2
293952,293953,293955,short,1663.64,1663.018055667626,win,2.919443323741416,3.843908111089117,2
294195,294196,294199,long,1668.15,1669.1547410321064,win,6.747410321062671,6.209771521052794,3
294393,294394,294396,short,1673.9,1673.1694314677036,win,4.005685322965019,4.515256689100597,2
294532,294533,294540,long,1674.08,1673.7765434076816,loss,-6.334565923182981,3.0345659231835365,7
294564,294565,294570,long,1674.56,1674.184750023303,loss,-7.052499766969777,3.7524997669696574,5
294570,294571,294574,long,1674.5,1674.1422033249166,loss,-6.877966750833639,3.5779667508346957,3
294574,294575,294583,short,1674.37,1673.7929100220297,win,2.470899779702177,3.5666871320774765,8
294591,294592,294597,short,1674.19,1674.5907996309695,loss,-7.30799630969459,4.007996309694217,5
294597,294598,294603,long,1674.5,1674.1251599447753,loss,-7.048400552246949,3.748400552246324,5
294617,294618,294618,long,1674.69,1674.3130375540175,loss,-7.069624459825991,3.769624459827117,0
294619,294620,294624,long,1674.5,1674.108605491172,loss,-7.213945088279433,3.9139450882786453,4
294625,294626,294629,short,1673.78,1674.1595472029683,loss,-7.095472029682969,3.795472029682189,3
294844,294845,294845,long,1674.06,1673.6129861469108,loss,-7.770138530891745,4.4701385308925,0
294854,294855,294858,short,1673.36,1673.7722801446298,loss,-7.422801446299036,4.1228014462983404,3
294872,294873,294887,long,1674.06,1673.7209610664731,loss,-6.690389335268082,3.390389335267515,14
295065,295066,295066,short,1675.54,1675.8900294015866,loss,-6.8002940158665295,3.5002940158663054,0
295068,295069,295071,short,1675.4,1674.8469579187845,win,2.2304208121560807,3.418059834459549,2
295146,295147,295148,short,1672.91,1673.3599632549867,loss,-7.799632549866419,4.49963254986627,1
295161,295162,295167,long,1673.46,1674.215430211035,win,4.254302110349909,4.668913541625812,5
295167,295168,295170,long,1674.23,1673.7776879795415,loss,-7.823120204585211,4.523120204585762,2
295315,295316,295317,long,1677.96,1678.653644723366,win,3.6364472336587825,4.287050206217171,1
295895,295896,295899,short,1672.22,1672.5843950092378,loss,-6.943950092377963,3.6439500923781503,3
295941,295942,295944,short,1672.35,1672.7559405067125,loss,-7.359405067125681,4.059405067126567,2
295956,295957,295959,short,1672.62,1673.0293796355672,loss,-7.393796355673476,4.093796355672696,2
295978,295979,295980,long,1672.99,1672.6609012542901,loss,-6.590987457098708,3.2909874570980713,1
295980,295981,295982,long,1673.5,1673.1658968292882,loss,-6.641031707118418,3.3410317071184323,1
296040,296041,296042,short,1672.81,1673.3487907645233,loss,-8.687907645233555,5.387907645233622,1
296064,296065,296067,short,1673.1,1672.2898012133985,win,4.801987866014042,5.007409064285939,2
296137,296138,296155,long,1671.99,1672.6724293679424,win,3.524293679424045,4.21773404167181,17
296211,296212,296217,short,1672.94,1673.3417939079884,loss,-7.31793907988349,4.017939079883577,5
296240,296241,296242,long,1673.3,1672.9885150387493,loss,-6.414849612506987,3.1148496125074665,1
296257,296258,296278,long,1673.25,1672.9493536904515,loss,-6.306463095484832,3.0064630954858873,20
296278,296279,296288,short,1673.13,1672.7239121338805,win,0.760878661196057,2.509813758465488,9
296292,296293,296303,long,1673.32,1673.0663498327165,loss,-5.836501672834674,2.5365016728336003,10
296304,296305,296309,short,1672.9,1672.549137001049,win,0.20862998951015488,2.1684981393762013,4
296447,296448,296458,short,1672.22,1671.614659989946,win,2.7534001005407847,3.7412855998400287,10
296552,296553,296553,short,1670.0,1670.3812626266536,loss,-7.112626266535517,3.8126262665347537,0
297058,297059,297059,long,1675.81,1676.532829215429,win,3.928292154291012,4.467424075581622,0
297059,297060,297062,long,1676.5,1677.2554402051705,win,4.254402051705438,4.668975310077683,2
297279,297280,297327,short,1677.32,1677.7290797700618,loss,-7.3907977006190775,4.090797700618169,47
297343,297344,297344,long,1677.72,1677.3329463627117,loss,-7.17053637288318,3.870536372882939,0
297375,297376,297380,long,1678.6,1678.1422441779262,loss,-7.877558220737501,4.577558220737015,4
297415,297416,297417,short,1677.49,1677.9858401774507,loss,-8.258401774506456,4.958401774506219,1
297571,297572,297573,long,1677.83,1677.3613843320948,loss,-7.986156679051692,4.686156679051353,1
297593,297594,297594,long,1677.68,1678.3404113027234,win,3.304113027233325,4.0816520563870755,0
297605,297606,297615,long,1678.71,1678.2774293512898,loss,-7.625706487102252,4.325706487103104,9
297687,297688,297696,short,1679.3,1679.5778017011378,loss,-6.078017011378324,2.778017011378631,8
297699,297700,297703,long,1679.42,1679.874958159716,win,1.2495815971594313,2.8118551280339097,3
297703,297704,297707,long,1680.0,1679.714459551069,loss,-6.155404489309876,2.855404489309537,3
297760,297761,297764,short,1680.6,1681.0190280442218,loss,-7.490280442219318,4.190280442219058,3
297779,297780,297780,short,1679.91,1680.295942026173,loss,-7.159420261728701,3.8594202617289324,0
297988,297989,297989,long,1676.2,1675.7696685956419,loss,-7.603314043581849,4.303314043581936,0
298011,298012,298013,long,1676.2,1675.7483741224073,loss,-7.816258775927326,4.516258775927137,1
298017,298018,298076,long,1676.44,1675.9553706139288,loss,-8.146293860712195,4.846293860711557,58
298130,298131,298131,long,1676.48,1676.1046008487713,loss,-7.053991512287484,3.7539915122878464,0
298523,298524,298536,long,1672.38,1671.8329824256195,loss,-8.770175743805613,5.470175743806394,12
298602,298603,298609,long,1672.17,1671.7376939862058,loss,-7.62306013794232,4.323060137942248,6
298643,298644,298646,short,1671.53,1671.976277273557,loss,-7.76277273556916,4.462772735568841,2
298647,298648,298658,short,1671.36,1670.6521170442438,win,3.7788295575607664,4.375049170309734,10
298706,298707,298710,long,1671.89,1671.3563089440768,loss,-8.636910559233275,5.336910559233248,3
298730,298731,298759,long,1671.98,1671.3987322840328,loss,-9.112677159672149,5.812677159672314,28
298762,298763,298765,short,1671.0,1671.5361571279445,loss,-8.661571279445344,5.361571279445264,2
298879,298880,298884,long,1670.0,1669.5764495167998,loss,-7.535504832001879,4.2355048320029685,4
298974,298975,298975,long,1672.01,1671.508515614508,loss,-8.314843854919491,5.014843854919891,0
298999,299000,299001,short,1671.4,1670.6650836989384,win,4.0491630106173035,4.542127942284641,1
299001,299002,299048,short,1671.2,1671.6564741897764,loss,-7.864741897763724,4.564741897763972,46
299048,299049,299050,long,1671.7,1671.3897502699576,loss,-6.402497300424147,3.1024973004246013,1
299108,299109,299115,long,1671.7,1672.2092693013478,win,1.792693013477856,3.147523494115052,6
299133,299134,299136,short,1671.66,1671.987705919887,loss,-6.577059198869665,3.2770591988705147,2
299138,299139,299152,short,1671.41,1671.7318444802513,loss,-6.5184448025122945,3.218444802512386,13
299184,299185,299185,short,1671.64,1672.0317690869447,loss,-7.217690869445778,3.9176908694456647,0
299196,299197,299198,short,1671.22,1671.6386881088274,loss,-7.4868810882738215,4.18688108827443,1
299204,299205,299206,short,1671.12,1671.5618754670377,loss,-7.718754670377893,4.4187546703769405,1
299374,299375,299376,short,1669.43,1669.93012769929,loss,-8.30127699290033,5.001276992900352,1
299387,299388,299392,long,1670.52,1670.0312851582441,loss,-8.187148417558365,4.887148417558798,4
299408,299409,299412,long,1670.62,1670.1507266305175,loss,-7.992733694823801,4.692733694824463,3
299444,299445,299449,long,1670.52,1671.239238321019,win,3.892383210190201,4.445230661428253,4
299480,299481,299483,short,1670.22,1670.6381568286947,loss,-7.481568286946913,4.181568286946856,2
299487,299488,299488,long,1671.1,1670.647507216332,loss,-7.824927836678216,4.524927836677721,0
299510,299511,299511,long,1671.34,1670.9759803344373,loss,-6.940196655626369,3.6401966556254894,0
299524,299525,299525,short,1670.24,1669.531490334332,win,3.7850966566808895,4.378922531941619,0
299639,299640,299640,short,1666.53,1665.109403094929,win,10.905969050710791,8.779956150007344,0
299781,299782,299812,short,1668.18,1667.3808950856678,win,4.691049143322471,4.938843722696484,30
299813,299814,299815,short,1666.9,1667.3350407764735,loss,-7.650407764734427,4.350407764733868,1
299877,299878,299881,long,1667.03,1666.5629083649487,loss,-7.9709163505124705,4.670916350511722,3
299887,299888,299892,long,1667.37,1666.9711282351188,loss,-7.288717648810507,3.988717648811071,4
299968,299969,299970,long,1668.2,1667.9013149456887,loss,-6.286850543113633,2.98685054311426,1
299982,299983,299983,long,1668.31,1668.0213740320398,loss,-6.186259679601153,2.8862596796001494,0
300009,300010,300019,long,1668.6,1668.2847479184331,loss,-6.452520815667685,3.152520815667724,9
300125,300126,300135,short,1666.27,1666.9318375607772,loss,-9.918375607772578,6.618375607773375,9
300135,300136,300140,long,1666.66,1665.992714182074,loss,-9.972858179260857,6.672858179261812,4
300149,300150,300154,long,1667.3,1668.2937570202785,win,6.637570202785082,6.1418851685939595,4
300154,300155,300158,long,1668.79,1668.1644056246528,loss,-9.555943753471912,6.255943753472455,3
300214,300215,300218,short,1667.7,1667.0985200912173,win,2.714799087827214,3.7174283608321423,3
300320,300321,300333,short,1667.4,1666.8303309849307,win,2.3966901506939395,3.5208220956076723,12
300344,300345,300357,long,1667.49,1667.087388358884,loss,-7.326116411159819,4.026116411160479,12
300400,300401,300404,long,1667.4,1667.7926371483336,win,0.6263714833350607,2.4266820045330153,3
300404,300405,300407,long,1667.69,1667.4322611356765,loss,-5.877388643235281,2.577388643236408,2
300429,300430,300434,long,1667.74,1668.1472178559868,win,0.7721785598680073,2.5167976266182794,4
301352,301353,301359,long,1649.67,1649.3094346774703,loss,-6.905653225297374,3.6056532252964515,6
301870,301871,301874,short,1646.5,1646.783259486293,loss,-6.132594862929909,2.8325948629310327,3
301955,301956,301960,short,1645.9,1645.431803232486,win,1.381967675142005,2.8936759426100145,4
302792,302793,302803,short,1651.2,1650.6140337253541,win,2.5596627464589803,3.621546814869135,10
302895,302896,302905,short,1651.52,1651.0863942460744,win,1.0360575392557623,2.6798872306889208,9
303220,303221,303224,short,1651.3,1650.9069505756074,win,0.6304942439252956,2.4292300642307056,3
303470,303471,303472,short,1646.08,1646.4729859708852,loss,-7.2298597088532,3.929859708852913,1
303483,303484,303486,long,1647.1,1646.740570715553,loss,-6.894292844468327,3.594292844468417,2
303486,303487,303491,long,1647.3,1646.9248208319216,loss,-7.0517916807837535,3.7517916807846667,4
303532,303533,303536,long,1647.66,1648.311340179109,win,3.213401791089564,4.0255882516005554,3
303956,303957,303964,long,1646.22,1647.0052602409514,win,4.55260240951402,4.853277138142241,7
304149,304150,304153,short,1642.07,1642.4484903880266,loss,-7.084903880266483,3.7849038802662105,3
304242,304243,304244,long,1642.44,1642.0031899412722,loss,-7.66810058727815,4.3681005872784056,1
304249,304250,304250,long,1642.5,1642.0334282025885,loss,-7.965717974114614,4.665717974115019,0
304253,304254,304277,long,1643.2,1643.9933674081988,win,4.633674081987192,4.903383239794074,23
304368,304369,304375,long,1644.1,1643.6827909608314,loss,-7.472090391684833,4.1720903916857095,6
304378,304379,304379,long,1644.39,1643.9293543721203,loss,-7.90645627879785,4.606456278798483,0
304384,304385,304393,long,1644.49,1644.0128761004091,loss,-8.07123899590879,4.771238995909483,8
304402,304403,304405,short,1644.22,1644.6344471673303,loss,-7.444471673303087,4.144471673302473,2
304407,304408,304408,long,1644.7,1644.264691726415,loss,-7.6530827358495115,4.353082735849926,0
304443,304444,304468,short,1644.55,1643.7856340565481,win,4.343659434518213,4.724140565215194,24
304468,304469,304479,short,1644.4,1644.8624806297048,loss,-7.924806297047144,4.624806297047832,10
304523,304524,304526,long,1644.75,1645.4830299379976,win,4.030299379975713,4.530469332493715,2
304526,304527,304529,long,1645.29,1644.8466639168562,loss,-7.733360831437767,4.433360831438209,2
304577,304578,304580,long,1645.26,1645.7426221734363,win,1.5262217343631166,2.9828317270481786,2
304638,304639,304647,long,1645.64,1645.3234822325942,loss,-6.465177674059123,3.165177674058398,8
304648,304649,304660,short,1645.16,1644.639923420269,win,1.9007657973103962,3.2143175508712307,11
305464,305465,305466,long,1635.13,1634.6927345662264,loss,-7.672654337737458,4.372654337736364,1
305468,305469,305471,long,1635.36,1636.016275657135,win,3.262756571352111,4.05609182407441,2
305968,305969,305969,long,1633.4,1633.1222608014564,loss,-6.077391985437134,2.7773919854368523,0
305979,305980,305980,short,1632.71,1632.9742623869195,loss,-5.942623869194267,2.642623869194766,0
306009,306010,306012,long,1633.22,1632.965380290347,loss,-5.846197096530704,2.5461970965311065,2
306033,306034,306035,short,1632.59,1632.2154542770504,win,0.4454572294950596,2.3148684978338707,1
306140,306141,306143,short,1633.2,1633.53035707552,loss,-6.603570755199416,3.3035707551983275,2
306236,306237,306240,long,1631.14,1630.7297301834203,loss,-7.402698165797847,4.102698165797596,3
307591,307592,307602,short,1614.03,1614.5015242795605,loss,-8.015242795605264,4.715242795605816,10
308044,308045,308046,short,1607.62,1607.9749923718787,loss,-6.849923718787795,3.5499237187867894,1
308051,308052,308055,short,1607.6,1607.9377633429485,loss,-6.677633429486195,3.377633429486596,3
308455,308456,308457,long,1614.61,1614.4020041707356,loss,-5.379958292642914,2.0799582926433535,1
308675,308676,308684,long,1613.21,1613.8902279743047,win,3.502279743046711,4.204128394961025,8
308801,308802,308806,short,1612.34,1612.7325600405234,loss,-7.22560040523449,3.9256004052343845,4
308814,308815,308820,short,1611.82,1612.2187657224238,loss,-7.287657224238319,3.987657224238428,5
308825,308826,308836,long,1612.71,1612.2997441603256,loss,-7.402558396743916,4.102558396744953,10
308839,308840,308847,short,1612.2,1612.6086244873443,loss,-7.38624487344241,4.086244873442976,7
308854,308855,308874,short,1611.88,1612.2589835899655,loss,-7.089835899654008,3.7898358996532604,19
309456,309457,309462,short,1604.66,1604.926020456902,loss,-5.960204569019697,2.660204569020289,5
309482,309483,309487,long,1604.9,1604.6452557812422,loss,-5.847442187578781,2.5474421875783793,4
309513,309514,309520,long,1604.45,1604.9237303024559,win,1.4373030245580596,2.92787578773688,6
309521,309522,309523,long,1605.04,1604.7441599191593,loss,-6.2584008084066225,2.9584008084073887,1
309537,309538,309538,short,1604.44,1604.7402546181281,loss,-6.30254618128065,3.0025461812811494,0
309546,309547,309547,short,1604.37,1604.6604413264752,loss,-6.2044132647527475,2.9044132647533405,0
309549,309550,309554,short,1604.28,1604.5803574788686,loss,-6.30357478868591,3.003574788686673,4
309584,309585,309585,long,1605.03,1605.4899536960254,win,1.299536960254227,2.8427298889088757,0
309703,309704,309721,short,1607.96,1608.2387475890496,loss,-6.087475890495443,2.7874758904950734,17
309726,309727,309731,short,1607.73,1607.2310501977443,win,1.6894980225576548,3.0837441424953735,4
309731,309732,309732,short,1607.33,1607.6553462746388,loss,-6.553462746388322,3.253462746387731,0
309770,309771,309771,long,1608.6,1608.2313236088096,loss,-6.986763911903199,3.686763911903608,0
309777,309778,309807,long,1608.33,1608.0034856419788,loss,-6.565143580210861,3.265143580210529,29
309807,309808,309818,short,1607.89,1607.5162932007322,win,0.4370679926789309,2.309683555425893,10
309955,309956,309957,long,1607.48,1607.1795808145514,loss,-6.30419185448618,3.0041918544861357,1
309959,309960,309961,short,1606.96,1607.2811138346253,loss,-6.511138346252937,3.211138346253718,1
309962,309963,309976,long,1607.67,1608.2222970192627,win,2.2229701926259624,3.4134550016228418,13
312211,312212,312212,short,1575.87,1576.1415304579853,loss,-6.015304579853637,2.715304579853462,0
312519,312520,312522,short,1581.08,1581.3936468226432,loss,-6.436468226432498,3.1364682264327484,2
312528,312529,312535,long,1581.59,1581.2800281330447,loss,-6.399718669552658,3.0997186695536105,6
312605,312606,312607,long,1584.26,1583.941452694927,loss,-6.485473050730252,3.185473050730551,1
312632,312633,312635,short,1582.91,1583.2386103198885,loss,-6.58610319888412,3.2861031988831106,2
312636,312637,312637,long,1583.62,1583.3028659294114,loss,-6.471340705885086,3.171340705885584,0
313377,313378,313378,long,1573.53,1573.1288330287273,loss,-7.311669712726871,4.01166971272694,0
313382,313383,313390,short,1572.58,1571.9104390529073,win,3.3956094709257743,4.138201156319816,7
313434,313435,313435,long,1573.39,1572.9266632570818,loss,-7.933367429182726,4.633367429182478,0
313473,313474,313475,long,1573.52,1573.1973766683006,loss,-6.52623331699333,3.226233316993472,1
313993,313994,313997,long,1583.16,1583.4940034330418,win,0.040034330417438646,2.0642981028532064,3
314804,314805,314807,short,1589.46,1588.8838850729878,win,2.4611492701221325,3.5606608591611066,2
315033,315034,315038,short,1592.75,1592.0203422957768,win,3.996577042232002,4.5096273437774945,4
315298,315299,315299,long,1597.03,1596.7123283369967,loss,-6.476716630032388,3.176716630032572,0
315308,315309,315318,short,1596.28,1596.5789215635282,loss,-6.289215635282107,2.989215635282254,9
315323,315324,315326,short,1595.97,1596.2821465717332,loss,-6.421465717331375,3.1214657173320215,2
315414,315415,315415,short,1592.61,1592.0908854762727,win,1.8911452372723945,3.208371592875535,0
315491,315492,315493,short,1592.73,1592.244691933301,win,1.5530806669896267,2.9994318090174525,1
316171,316172,316174,long,1613.95,1615.0354836567465,win,7.55483656746419,6.708798867407371,2
316447,316448,316450,long,1613.87,1613.6724039292276,loss,-5.275960707723061,1.975960707723722,2
316743,316744,316748,long,1612.02,1611.8145716339397,loss,-5.354283660602323,2.0542836606019024,4
316750,316751,316751,short,1611.37,1611.5934782587608,loss,-5.534782587609061,2.2347825876096588,0
317013,317014,317014,short,1611.04,1610.4705066776712,win,2.394933223287535,3.519736231945806,0
318793,318794,318795,short,1587.3,1588.1234555666517,loss,-11.534555666517736,8.23455566651874,1
319984,319985,319992,long,1568.29,1569.3505683624517,win,7.305683624517042,6.554810645560862,7
321991,321992,321992,long,1575.2,1574.884982470391,loss,-6.45017529609122,3.1501752960904255,0
322570,322571,322572,long,1579.94,1579.6616305274765,loss,-6.083694725235364,2.78369472523445,1
322577,322578,322583,long,1580.21,1580.6705672239352,win,1.3056722393518614,2.8465217795752396,5
322985,322986,322992,short,1575.29,1574.4017868265682,win,5.582131734317227,5.489574619479646,6
323208,323209,323209,long,1576.31,1576.0364341788725,loss,-6.035658211274767,2.735658211274016,0
323211,323212,323216,long,1576.45,1576.1767858148128,loss,-6.032141851872711,2.732141851872468,4
323319,323320,323320,short,1574.88,1575.2690351965723,loss,-7.1903519657219475,3.890351965721953,0
323329,323330,323339,long,1575.18,1575.7914667357427,win,2.8146673574262424,3.7791516424139546,9
323342,323343,323352,long,1575.62,1576.167713010436,win,2.1771301043615496,3.385123673894964,9
323352,323353,323353,long,1576.18,1575.8651610369034,loss,-6.448389630966903,3.148389630966164,0
323353,323354,323354,long,1576.0,1576.526757564086,win,1.967575640859832,3.25560917234871,0
323775,323776,323777,short,1578.5,1578.1502755913866,win,0.19724408613383293,2.161461116275155,1
324972,324973,324978,long,1582.37,1582.6578637637708,loss,-0.42136236229071056,1.779133274233502,5
325321,325322,325329,short,1582.75,1582.2084165038307,win,2.1158349616932357,3.347240396595912,7
326833,326834,326834,short,1577.54,1577.8393694633173,loss,-6.293694633173618,2.993694633173921,0
326845,326846,326849,long,1577.88,1578.343304373544,win,1.3330437354390599,2.863438649838426,3
326870,326871,326873,short,1577.8,1578.1250271530607,loss,-6.550271530607733,3.2502715306077365,2
326876,326877,326877,short,1577.49,1577.811056401232,loss,-6.510564012319992,3.2105640123201162,0
327678,327679,327680,short,1580.96,1580.6836398120167,loss,-0.5363981201669956,1.708035772455261,1
327968,327969,327971,short,1582.05,1582.2606785510918,loss,-5.406785510918598,2.106785510918473,2
329986,329987,329989,long,1592.89,1592.7014863266581,loss,-5.1851367334195855,1.8851367334204745,2
330087,330088,330089,short,1593.45,1593.2131209126742,loss,-0.931209126741396,1.4640240254999288,1
330358,330359,330359,long,1593.19,1592.9884260724766,loss,-5.315739275234409,2.015739275234869,0
330367,330368,330368,long,1593.23,1593.0141091469231,loss,-5.458908530768713,2.1589085307678246,0
331295,331296,331296,long,1587.0,1587.744832702151,win,4.148327021509158,4.603415958905539,0
331835,331836,331840,long,1587.01,1586.8453384925187,loss,-4.946615074812416,1.6466150748123636,4
332171,332172,332172,long,1589.16,1588.7696495867065,loss,-7.203504132936177,3.903504132935377,0
332176,332177,332183,short,1588.03,1587.417747312721,win,2.822526872788967,3.7840091920825762,6
332721,332722,332725,long,1592.23,1592.8726953481828,win,3.1269534818276954,3.9721591358633566,3
333507,333508,333512,short,1593.27,1592.9490119278798,loss,-0.0901192787985563,1.9838570588395559,4
333924,333925,333932,short,1595.35,1595.9449224375512,loss,-9.249224375513041,5.9492243755127046,7
333938,333939,333939,long,1596.7,1596.180559781001,loss,-8.494402189990797,5.194402189990234,0
333942,333943,333946,short,1595.11,1594.258847730655,win,5.2115226934499335,5.260520824134166,3
334079,334080,334082,short,1593.03,1592.3701440904333,win,3.2985590956665876,4.078219465801435,2
334163,334164,334168,short,1591.95,1592.1899724655525,loss,-5.699724655524551,2.3997246555255463,4
334974,334975,334975,short,1602.38,1601.7338514088883,win,3.1614859111179614,3.9935017992076838,0
340009,340010,340010,long,1614.48,1614.2785262494867,loss,-5.314737505132871,2.0147375051332275,0
340018,340019,340030,short,1614.02,1614.2101635268382,loss,-5.201635268382051,1.9016352683815174,11
340091,340092,340094,short,1613.54,1613.735728327197,loss,-5.257283271970027,1.9572832719693178,2
340118,340119,340122,short,1613.48,1613.6632313342127,loss,-5.132313342126781,1.8323133421263433,3
340123,340124,340128,long,1613.91,1614.1970303325504,loss,-0.42969667449669924,1.7739822778143404,4
340782,340783,340799,short,1607.79,1608.304472511752,loss,-8.444725117520466,5.14472511752036,16
340805,340806,340811,long,1608.71,1608.3098704060908,loss,-7.301295939092415,4.001295939092674,5
340814,340815,340815,short,1607.4,1607.811874328101,loss,-7.418743281010211,4.118743281009858,0
341836,341837,341838,long,1603.15,1602.830024346544,loss,-6.499756534561402,3.1997565345612915,1
342680,342681,342683,long,1603.96,1603.741087231399,loss,-5.489127686010579,2.1891276860107935,2
342684,342685,342685,long,1604.08,1603.8483176095547,loss,-5.616823904452576,2.316823904451936,0
342692,342693,342697,short,1603.41,1603.045918444225,win,0.3408155577510117,2.250195029512411,4
345534,345535,345537,short,1605.66,1605.3565988766181,loss,-0.265988766180544,1.875161454770471,2
346356,346357,346359,long,1595.81,1595.328375087753,loss,-8.116249122468435,4.816249122469043,2
346370,346371,346385,short,1594.75,1594.0678708240252,win,3.52129175974751,4.215878714306031,14
347629,347630,347642,long,1597.67,1598.209538197169,win,2.0953819716889486,3.3345994880642076,12
348167,348168,348168,short,1602.77,1603.0124365671647,loss,-5.724365671647592,2.4243656716472723,0
348174,348175,348188,short,1602.61,1602.8524274734534,loss,-5.724274734535174,2.424274734535777,13
349198,349199,349199,short,1576.48,1576.1641702843574,loss,-0.1417028435737846,1.95197599284703,0
352659,352660,352661,long,1550.85,1551.2766594087557,win,0.9665940875576782,2.6369555547330723,1
352731,352732,352732,short,1551.22,1551.5003630190338,loss,-6.103630190337571,2.8036301903384064,0
352741,352742,352742,long,1552.08,1551.786858173253,loss,-6.2314182674693255,2.9314182674698324,0
352744,352745,352768,long,1552.08,1552.5653518869897,win,1.553518869897471,2.999702638997786,23
355886,355887,355892,long,1589.05,1588.4655530155317,loss,-9.144469844682863,5.844469844683787,5
358961,358962,358963,short,1560.45,1560.096234020615,win,0.23765979385116243,2.186439922034058,1
359608,359609,359610,short,1557.22,1557.5093677649008,loss,-6.193677649008168,2.893677649008234,1
359610,359611,359613,short,1557.12,1556.6172565590841,win,1.7274344091576497,3.1071906113453256,2
363454,363455,363455,short,1378.71,1379.2164873596948,loss,-8.36487359694802,5.064873596947775,0
365612,365613,365618,long,1390.52,1392.2671314292122,win,14.171314292122315,10.798092887590888,5
366949,366950,366958,long,1400.97,1400.1930011414736,loss,-11.0699885852644,7.769988585263916,8
366962,366963,366969,short,1399.47,1400.1675260661536,loss,-10.27526066153614,6.975260661535586,6
376597,376598,376599,long,1469.74,1468.8112177502248,loss,-12.587822497751677,9.287822497751673,1
379604,379605,379605,long,1467.56,1467.3664836696726,loss,-5.235163303273839,1.9351633032746784,0
384693,384694,384695,long,1468.05,1467.246344588191,loss,-11.336554118089044,8.036554118087931,1
384704,384705,384706,short,1466.09,1466.8666871933106,loss,-11.06687193310636,7.7668719331062706,1
384715,384716,384719,long,1469.03,1468.1391398792896,loss,-12.208601207103857,8.908601207103253,3
384735,384736,384737,short,1467.11,1467.9793665311088,loss,-11.993665311088808,8.693665311089514,1
384753,384754,384757,short,1466.99,1467.8102405860961,loss,-11.502405860961336,8.20240586096061,3
387610,387611,387611,long,1424.89,1426.3304809996719,win,11.10480999671763,8.90284919450961,0
387685,387686,387686,long,1435.01,1436.2348121034324,win,8.948121034324412,7.56991411268568,0
390330,390331,390333,short,1434.61,1433.5095471699706,win,7.704528300293259,6.801315389550774,2
393089,393090,393091,short,1386.65,1387.7715671286587,loss,-14.515671286586258,11.215671286586065,1
395967,395968,395968,short,1383.05,1384.1359657301105,loss,-14.159657301105018,10.859657301104066,0
398054,398055,398061,long,1379.04,1378.6241416661162,loss,-7.458583338837616,4.158583338837095,6
401399,401400,401400,long,1388.52,1387.960741530662,loss,-8.892584693379195,5.592584693379481,0
402805,402806,402813,short,1393.57,1393.7072719025127,loss,-4.672719025127935,1.3727190251274102,7
403649,403650,403651,short,1379.82,1380.4178384874747,loss,-9.278384874747463,5.978384874746905,1
404311,404312,404313,short,1380.68,1380.8261458854379,loss,-4.761458854378179,1.4614588543780107,1
404313,404314,404319,short,1380.56,1380.3059690316204,loss,-0.7596903162046145,1.5700307069188195,5
407755,407756,407757,long,1412.0,1411.440256096617,loss,-8.897439033829233,5.597439033829212,1
410084,410085,410085,long,1411.88,1411.6297794921488,loss,-5.802205078512816,2.502205078513627,0
411188,411189,411204,long,1399.64,1399.463984768625,loss,-5.060152313750041,1.7601523137499737,15
413104,413105,413114,short,1377.91,1377.2038574692672,win,3.761425307329046,4.364292526161451,9
413756,413757,413759,long,1385.07,1385.4242071249193,win,0.24207124919412326,2.1891664086486506,2
413823,413824,413828,short,1385.32,1384.8360416893631,win,1.5395831063680818,2.991089682551188,4
414454,414455,414455,long,1388.38,1388.0356435378442,loss,-6.7435646215592895,3.4435646215581555,0
414469,414470,414472,short,1387.59,1387.8859603919477,loss,-6.259603919478013,2.959603919478057,2
414487,414488,414490,short,1387.82,1388.090990209466,loss,-6.009902094661629,2.7099020946623567,2
423158,423159,423159,long,1284.54,1284.0296993558504,loss,-8.403006441495382,5.103006441495279,0
423169,423170,423171,long,1284.99,1284.4219513530556,loss,-8.980486469443623,5.680486469443174,1
424013,424014,424014,long,1276.96,1276.1941032523355,loss,-10.958967476645558,7.6589674766445235,0
426383,426384,426384,long,1243.0,1243.7039161251605,win,3.7391612516050374,4.350532293945662,0
426468,426469,426476,short,1241.24,1240.4432317653614,win,4.667682346386482,4.924401944614651,7
426818,426819,426823,long,1256.94,1257.9819815866283,win,7.119815866282534,6.439935640470599,4
429992,429993,429993,long,1256.27,1255.7861764726956,loss,-8.138235273043666,4.83823527304291,0
430001,430002,430002,short,1254.4,1254.9066492642382,loss,-8.366492642381491,5.066492642381511,0
433317,433318,433320,long,1232.88,1233.9295486143549,win,7.195486143547623,6.48670342617228,2
433672,433673,433675,short,1236.46,1236.7011036386707,loss,-5.711036386706655,2.4110363867064275,2
435307,435308,435313,long,1248.18,1247.5591798639427,loss,-9.508201360573185,6.208201360573669,5
436841,436842,436846,short,1283.33,1283.778690687361,loss,-7.786906873610223,4.486906873609713,4
437641,437642,437649,short,1280.42,1279.7202169690725,win,3.6978303092761964,4.324987830207501,7
439632,439633,439633,short,1289.31,1289.600406464917,loss,-6.204064649169413,2.9040646491701447,0
439635,439636,439636,short,1288.72,1289.0285975293527,loss,-6.385975293527099,3.0859752935278073,0
440306,440307,440312,long,1285.72,1285.347732187371,loss,-7.022678126289338,3.7226781262892583,5
440380,440381,440383,short,1284.32,1284.7200721452202,loss,-7.300721452202924,4.000721452203527,2
440413,440414,440417,short,1284.07,1284.3663884878408,loss,-6.263884878408862,2.963884878409857,3
440805,440806,440807,long,1283.32,1283.857005057687,win,2.0700505768711084,3.318943496212126,1
441600,441601,441603,long,1291.84,1291.2781281927676,loss,-8.918718072323646,5.6187180723227845,2
442098,442099,442099,short,1290.38,1290.573201064931,loss,-5.232010649309177,1.93201064930981,0
444555,444556,444557,short,1284.25,1284.6230272794126,loss,-7.03027279412554,3.730272794125718,1
444563,444564,444565,long,1285.42,1286.068050903474,win,3.1805090347385887,4.005258983151376,1
445316,445317,445321,long,1290.22,1289.7741749077773,loss,-7.758250922227762,4.458250922226812,4
445323,445324,445326,short,1289.17,1289.5918057439217,loss,-7.518057439215954,4.218057439215101,2
445334,445335,445335,long,1291.02,1290.6353274259454,loss,-7.14672574054548,3.8467257405452937,0
446439,446440,446442,long,1315.24,1314.7964778562534,loss,-7.73522143746577,4.435221437465687,2
446457,446458,446460,short,1314.27,1314.6270595503095,loss,-6.870595503094864,3.5705955030948897,2
446469,446470,446472,long,1315.06,1314.6492314007144,loss,-7.4076859928557495,4.107685992855126,2
447095,447096,447097,long,1323.27,1322.6275417261133,loss,-9.72458273886632,6.424582738867331,1
448718,448719,448724,long,1335.52,1335.1730255899959,loss,-6.769744100041225,3.4697441000423157,5
448744,448745,448745,long,1335.64,1336.07858676443,win,1.085867644298287,2.7106722152649962,0
452822,452823,452824,long,1321.3,1320.892975920819,loss,-7.370240791809283,4.070240791808291,1
454028,454029,454034,long,1330.09,1329.5039135634906,loss,-9.160864365092767,5.8608643650918495,5
454064,454065,454065,long,1330.52,1331.3149425933966,win,4.649425933966268,4.913118624207162,0
455181,455182,455194,long,1322.71,1323.2811393126983,win,2.4113931269827846,3.5299092255763136,12
455284,455285,455285,short,1323.47,1322.645534730599,win,4.9446526940111655,5.095582629179046,0
456463,456464,456464,short,1332.64,1331.950728600207,win,3.5927139979314235,4.2600210123187265,0
457423,457424,457451,short,1326.64,1325.767496807565,win,5.425031924350333,5.392479557694308,27
458231,458232,458233,short,1313.86,1314.462600140053,loss,-9.326001400530277,6.026001400530061,1
458237,458238,458241,short,1313.68,1312.7008548953338,win,6.491451046662587,6.051576666664455,3
460460,460461,460462,short,1315.43,1314.8699194815483,win,2.3008051845174124,3.461560682643572,1
470136,470137,470140,long,1320.64,1321.6353513989616,win,6.653513989614749,6.151739177758957,3
470823,470824,470829,short,1333.12,1333.4425522576898,loss,-6.525522576899493,3.225522576899924,5
470829,470830,470831,long,1333.64,1333.3321057125559,loss,-6.378942874442418,3.0789428744434764,1
475195,475196,475196,long,1365.52,1365.421403167041,loss,-4.285968329589468,0.9859683295898387,0
477376,477377,477386,short,1365.74,1366.2375836305778,loss,-8.275836305777649,4.975836305777104,9
477386,477387,477388,long,1366.58,1366.1210642072506,loss,-7.889357927493438,4.589357927494242,1
477390,477391,477394,short,1365.44,1365.9515317529215,loss,-8.415317529214281,5.115317529214041,3
477486,477487,477488,long,1364.41,1365.4337097733855,win,6.937097733854626,6.327007252074015,1
477627,477628,477630,long,1370.51,1370.0395717292477,loss,-8.004282707523362,4.704282707523866,2
480357,480358,480362,long,1397.2,1398.0128354056574,win,4.828354056573244,5.02370460851271,4
481136,481137,481138,long,1397.03,1397.5885800812616,win,2.285800812616526,3.45228727603064,1
481448,481449,481451,short,1394.0,1394.4160420310247,loss,-7.460420310247446,4.160420310247807,2
482731,482732,482733,long,1411.78,1411.2989097208006,loss,-8.110902791994068,4.810902791993024,1
485831,485832,485835,short,1405.6,1406.1541595483554,loss,-8.841595483555285,5.541595483556292,3
486676,486677,486677,short,1406.05,1406.4801372749482,loss,-7.601372749482652,4.3013727494834875,0
486677,486678,486678,short,1405.9,1406.3410831189985,loss,-7.710831189984492,4.410831189984313,0
494732,494733,494735,short,1386.88,1387.1730877616014,loss,-6.230877616013276,2.930877616012547,2
495145,495146,495146,long,1389.15,1390.0088121662284,win,5.288121662282902,5.307862584846852,0
495244,495245,495245,short,1387.31,1386.770355772061,win,2.0964422793887936,3.335254808026982,0
496106,496107,496108,short,1378.21,1377.465943465901,win,4.140565340989451,4.598618875765837,1
509693,509694,509695,short,1326.24,1326.4135790123364,loss,-5.03579012336404,1.7357901233649926,1
509700,509701,509703,long,1326.65,1326.484735789538,loss,-4.952642104620554,1.6526421046209878,2
512222,512223,512230,short,1332.19,1331.8690068413525,loss,-0.09006841352475004,1.9838884959676897,7
513849,513850,513850,long,1324.77,1324.5454843491952,loss,-5.54515650804733,2.24515650804796,0
513872,513873,513882,short,1324.15,1323.8749600329945,loss,-0.5496003299443144,1.6998761866850645,9
517703,517704,517708,short,1288.58,1289.1919560355764,loss,-9.419560355764407,6.119560355763946,4
517723,517724,517724,short,1287.86,1288.3626418837387,loss,-8.32641883738761,5.026418837386741,0
523636,523637,523637,long,1325.06,1324.7316028376883,loss,-6.583971623116031,3.2839716231170257,0
523642,523643,523645,long,1325.18,1324.8082955616246,loss,-7.017044383754455,3.7170443837548865,2
524160,524161,524161,long,1328.97,1328.3630408724457,loss,-9.36959127554319,6.069591275542129,0
528923,528924,528933,long,1270.77,1270.4283975105693,loss,-6.716024894306702,3.4160248943076597,9
530803,530804,530805,short,1256.97,1257.41566980356,loss,-7.756698035598947,4.456698035598943,1
530809,530810,530811,short,1256.5,1255.8078199638348,win,3.621800361651549,4.27799775133043,1
531160,531161,531168,long,1271.04,1270.6332808933473,loss,-7.3671910665264475,4.067191066526916,7
532673,532674,532679,long,1282.45,1281.91264581854,loss,-8.673541814599321,5.373541814598732,5
532691,532692,532693,short,1281.3,1281.7684883446595,loss,-7.984883446595904,4.6848834465960625,1
532705,532706,532709,long,1282.23,1281.850041404143,loss,-7.099585958570333,3.799585958569832,3
532717,532718,532720,short,1281.75,1281.1776259056628,win,2.4237409433719224,3.537540756101093,2
533872,533873,533875,long,1320.13,1321.0377429183586,win,5.777429183585082,5.610277616553779,2
536550,536551,536552,short,1317.31,1317.7947583745822,loss,-8.147583745822704,4.847583745821583,1
536555,536556,536557,long,1318.46,1317.9743392759722,loss,-8.156607240278664,4.8566072402786205,1
536565,536566,536569,short,1317.52,1317.928727803338,loss,-7.387278033380244,4.087278033380657,3
536578,536579,536579,short,1317.06,1317.4169446170176,loss,-6.8694461701768885,3.56944617017756,0
539166,539167,539171,short,1330.9,1330.1878845234519,win,3.821154765482061,4.401208136886724,4
541519,541520,541526,short,1344.59,1344.2952711828996,loss,-0.3527118289965072,1.8215625284323496,6
542087,542088,542088,long,1348.17,1347.527557923128,loss,-9.724420768721576,6.4244207687215065,0
542090,542091,542097,short,1346.08,1346.7835186929033,loss,-10.335186929033444,7.035186929032707,6
542876,542877,542881,long,1350.41,1350.8079465536966,win,0.6794655369655631,2.4594966235884197,4
551215,551216,551217,long,1315.07,1314.8255145471915,loss,-5.744854528084761,2.44485452808506,1
555557,555558,555562,short,1308.94,1308.603371309733,win,0.06628690267161819,2.0805234256315215,4
555914,555915,555916,short,1285.49,1285.7912739131657,loss,-6.312739131656872,3.012739131656966,1
556927,556928,556935,long,1284.89,1285.3443074936033,win,1.243074936032099,2.807833705829831,7
557073,557074,557074,long,1283.95,1283.4561487558483,loss,-8.23851244151756,4.938512441516684,0
561582,561583,561586,long,1285.31,1285.7678055153003,win,1.2780551530037885,2.829453122992994,3
563234,563235,563235,long,1287.66,1287.4399690360683,loss,-5.5003096393177655,2.2003096393187653,0
563563,563564,563566,long,1287.59,1288.006892669594,win,0.868926695940627,2.576592519122555,2
565108,565109,565109,long,1275.08,1275.455118799114,win,0.45118799114034136,2.3184103777140352,0
565293,565294,565296,short,1275.47,1275.9227209051717,loss,-7.827209051716454,4.5272090517159596,2
565747,565748,565754,short,1274.49,1274.1597339535929,win,0.002660464071323254,2.0411992979429896,6
565912,565913,565913,short,1274.84,1274.9743377564507,loss,-4.643377564508046,1.3433775645079904,0
567545,567546,567554,long,1248.04,1247.907525749854,loss,-4.624742501460605,1.3247425014612528,8
567554,567555,567555,short,1247.73,1247.8605028313814,loss,-4.605028313813636,1.3050283138134304,0
567556,567557,567559,short,1247.64,1247.426904144059,loss,-1.1690414405900809,1.3170324841844994,2
567884,567885,567899,long,1248.76,1249.68546739456,win,5.954673945599734,5.719823204944361,14
569581,569582,569583,short,1246.06,1246.5167408616658,loss,-7.867408616658213,4.567408616658184,1
569595,569596,569596,short,1245.72,1244.9891579169137,win,4.008420830863725,4.516947361473767,0
576417,576418,576418,short,1250.74,1251.0424927228723,loss,-6.3249272287233,3.0249272287225795,0
576429,576430,576431,short,1250.68,1250.9461603484942,loss,-5.961603484941679,2.6616034849410655,1
578306,578307,578309,long,1222.61,1222.9378592382566,loss,-0.021407617433214732,2.026324093057779,2
580861,580862,580863,short,1238.57,1238.7063881243794,loss,-4.663881243794367,1.3638812437947292,1
581788,581789,581793,long,1233.36,1234.017941584569,win,3.2794158456901643,4.066388038128048,4
582184,582185,582189,short,1227.83,1227.936611742746,loss,-4.36611742746054,1.0661174274607348,4
582191,582192,582193,long,1227.99,1227.8837146258847,loss,-4.362853741152594,1.0628537411532197,1
582198,582199,582201,short,1227.68,1227.7906127071726,loss,-4.4061270717254954,1.1061270717263636,2
585823,585824,585828,short,1261.13,1261.660653334444,loss,-8.606533344439686,5.306533344439137,4
586023,586024,586028,long,1259.99,1260.3442381550055,win,0.2423815500553248,2.189358189156678,4
586800,586801,586804,short,1254.65,1255.0105372488838,loss,-6.90537248883702,3.6053724888359326,3
596675,596676,596679,long,1193.85,1194.8534687864008,win,6.734687864008447,6.2019084449995665,3
599020,599021,599022,short,1198.07,1198.3003585093586,loss,-5.603585093586662,2.3035850935855406,1
609092,609093,609093,long,1229.07,1228.408830147185,loss,-9.911698528149646,6.611698528149796,0
609098,609099,609099,short,1226.77,1227.4184462888343,loss,-9.784462888342933,6.484462888342288,0
609099,609100,609100,short,1226.31,1226.9861393226993,loss,-10.061393226993278,6.761393226992663,0
613162,613163,613173,long,1242.63,1244.0226711116875,win,10.626711116873775,8.607361629712136,10
613253,613254,613256,long,1246.09,1245.5332785766448,loss,-8.867214233551568,5.567214233551808,2
613321,613322,613324,long,1244.03,1244.5342470297035,win,1.7424702970349246,3.116483496313661,2
614267,614268,614273,long,1246.37,1246.7644705846499,win,0.644705846499801,2.438013502162359,5
615369,615370,615374,long,1253.2,1253.02529349603,loss,-5.047065039701283,1.747065039701328,4
619005,619006,619011,short,1242.19,1242.3237430919328,loss,-4.637430919327289,1.33743091932782,5
631835,631836,631836,long,1258.29,1259.0062229663615,win,3.8622296636155626,4.426594353285489,0
632004,632005,632006,long,1254.88,1255.326509711945,win,1.1650971194482738,2.759639752440664,1
632059,632060,632066,short,1254.86,1254.3158663598128,win,2.141336401870558,3.363001484469427,6
633080,633081,633088,long,1242.69,1242.5552178429605,loss,-4.647821570395808,1.3478215703950527,7
633092,633093,633095,long,1242.82,1243.096243133211,loss,-0.5375686678901728,1.7073123189805184,2
639294,639295,639296,long,1257.34,1257.0421180479925,loss,-6.278819520074012,2.978819520073009,1
639354,639355,639358,long,1257.41,1257.217425151635,loss,-5.2257484836498405,1.925748483650736,3
640458,640459,640460,long,1260.51,1259.7102732866797,loss,-11.297267133202968,7.997267133203095,1
640465,640466,640467,short,1258.32,1259.0930752461713,loss,-11.03075246171402,7.73075246171368,1
640468,640469,640470,short,1257.88,1258.6510713712744,loss,-11.010713712742746,7.710713712742617,1
640602,640603,640604,short,1261.89,1262.149683895137,loss,-5.896838951369591,2.596838951370205,1
640674,640675,640676,long,1262.41,1262.8110640178684,win,0.7106401786829339,2.4787640164910227,1
640676,640677,640677,long,1262.8,1263.2314687236899,win,1.0146872368993174,2.6666793800372504,0
646975,646976,646977,short,1307.47,1307.9022638959761,loss,-7.622638959761207,4.322638959761572,1
647268,647269,647272,short,1316.52,1315.7009510054838,win,4.890489945161517,5.06210750628072,3
654396,654397,654400,short,1324.1,1323.714486860704,win,0.5551313929588106,2.382652282422483,3
656268,656269,656269,long,1334.45,1334.1831740086845,loss,-5.968259913154998,2.668259913154122,0
656279,656280,656280,short,1333.83,1334.107641732507,loss,-6.076417325071634,2.776417325071026,0
656290,656291,656291,long,1334.58,1334.3272712288706,loss,-5.827287711293411,2.5272877112944867,0
656292,656293,656296,long,1334.79,1334.5181371690435,loss,-6.018628309564792,2.7186283095642003,3
656866,656867,656867,long,1340.1,1340.778618338738,win,3.4861833873803336,4.19418009108862,0
668047,668048,668049,short,1337.23,1337.6939559434863,loss,-7.939559434863258,4.639559434862138,1
668697,668698,668698,long,1333.88,1333.61377418513,loss,-5.9622581487004025,2.662258148699772,0
670774,670775,670780,short,1343.06,1343.5038348418432,loss,-7.7383484184322695,4.438348418431801,5
671324,671325,671330,short,1356.65,1356.9165107291683,loss,-5.965107291682034,2.6651072916824408,5
671759,671760,671760,long,1356.24,1355.9045577552413,loss,-6.6544224475872396,3.3544224475863293,0
674465,674466,674476,short,1370.66,1370.263523253896,win,0.6647674610409924,2.4504125222755313,10
680227,680228,680229,long,1325.72,1326.618607527935,win,5.6860752793492795,5.553816612700955,1
680531,680532,680532,short,1330.05,1329.671641982006,win,0.4835801799406001,2.33843027190465,0
684677,684678,684678,short,1311.35,1311.5565500016148,loss,-5.365500016149144,2.065500016150187,0
684693,684694,684697,long,1311.68,1311.5444465525732,loss,-4.655534474269007,1.3555344742681577,3
685446,685447,685448,short,1314.35,1313.7733889268004,win,2.4661107319950135,3.5637272756452534,1
685516,685517,685519,long,1314.54,1314.2976198737615,loss,-5.723801262384586,2.423801262384464,2
685568,685569,685569,short,1314.12,1314.3831339365267,loss,-5.931339365268559,2.6313393652695436,0
685569,685570,685570,short,1314.09,1314.3567942252637,loss,-5.967942252637658,2.66794225263773,0
685576,685577,685585,long,1314.74,1315.1653299446507,win,0.9532994465068443,2.628738842093622,8
685585,685586,685589,long,1315.11,1315.4793368447783,win,0.393368447784451,2.2826751840444937,3
691188,691189,691191,long,1286.0,1285.5609260158844,loss,-7.690739841155664,4.390739841156397,2
692258,692259,692262,short,1283.75,1283.9785696275812,loss,-5.58569627581237,2.2856962758125077,3
692266,692267,692273,short,1283.57,1283.7874422107282,loss,-5.4744221072822254,2.1744221072827177,6
692305,692306,692316,short,1283.09,1282.6965875589258,win,0.6341244107413333,2.43147367783795,10
692474,692475,692487,long,1283.66,1283.9976613887468,win,0.07661388746710163,2.0869059873093763,12
699749,699750,699750,long,1305.75,1305.5488967756653,loss,-5.311032243347017,2.0110322433474757,0
699762,699763,699763,short,1304.99,1305.208765690249,loss,-5.487656902490289,2.1876569024913763,0
701816,701817,701817,long,1320.61,1320.8664635135094,loss,-0.7353648649048408,1.585064978427747,0
701957,701958,701961,short,1315.76,1316.0375769302516,loss,-6.075769302515982,2.775769302517002,3
703359,703360,703361,long,1326.33,1326.1242622326586,loss,-5.357377673413612,2.057377673413624,1
703709,703710,703712,long,1326.0,1326.3895393711634,win,0.5953937116343697,2.4075362865482344,2
714178,714179,714179,short,1291.57,1291.6671737667293,loss,-4.271737667293837,0.9717376672935951,0
714928,714929,714930,short,1300.41,1300.0458283846917,win,0.34171615308350756,2.2507516397301375,1
715786,715787,715788,long,1303.62,1303.4183584924485,loss,-5.316415075513578,2.0164150755125787,1
715810,715811,715811,long,1303.6,1303.383912097171,loss,-5.460879028288036,2.160879028288981,0
717586,717587,717588,short,1297.76,1297.2011946400607,win,2.2880535993924243,3.4536796040746607,1
721068,721069,721092,long,1284.02,1283.9177096723708,loss,-4.322903276291345,1.0229032762911854,23
722853,722854,722855,long,1311.97,1311.6268028884379,loss,-6.731971115621763,3.431971115621071,1
725180,725181,725188,long,1311.59,1311.9156578018192,loss,-0.04342198180738688,2.0127181818250577,7
729731,729732,729735,long,1295.04,1294.7515785280132,loss,-6.184214719867941,2.88421471986764,3
733621,733622,733624,long,1302.87,1302.5693275943127,loss,-6.306724056872372,3.006724056871804,2
733625,733626,733631,long,1302.99,1303.4653430844364,win,1.453430844364175,2.9378435379265055,5
733801,733802,733803,long,1304.31,1304.6650368100504,win,0.250368100504784,2.1942942524749345,1
738035,738036,738036,short,1290.37,1290.6741097702495,loss,-6.341097702496245,3.0410977024965113,0
738044,738045,738049,long,1291.12,1291.6602891054345,win,2.1028910543456734,3.3392404538603975,4
738458,738459,738466,short,1294.14,1294.3840837768928,loss,-5.74083776892694,2.440837768927327,7
738702,738703,738705,short,1294.51,1294.337236007733,loss,-1.5723600773306314,1.0677626221690841,2
742528,742529,742530,long,1291.4,1291.6181681844166,loss,-1.1183181558347313,1.3483818567150785,1
743828,743829,743830,short,1292.61,1292.7408372773875,loss,-4.608372773876272,1.3083727738767117,1
752778,752779,752786,long,1246.3,1246.134246911542,loss,-4.957530884579046,1.657530884578086,7
752799,752800,752801,short,1245.88,1245.6087263311176,loss,-0.5872633111751382,1.6765986951948941,1
752866,752867,752868,short,1245.51,1245.271813288899,loss,-0.9181328889902032,1.4721057546414347,1
755493,755494,755496,short,1254.6,1254.817067256807,loss,-5.470672568070131,2.1706725680701098,2
755517,755518,755526,short,1254.68,1254.3374561085438,win,0.1254389145621646,2.1170821474430963,8
758187,758188,758196,long,1255.17,1255.4734038339323,loss,-0.2659616606782036,1.875178207245092,8
759361,759362,759364,long,1261.83,1261.7432950098362,loss,-4.167049901637529,0.8670499016381169,2
759986,759987,759995,long,1262.45,1262.857194383772,win,0.7719438377186636,2.516652557304227,8
762095,762096,762097,short,1272.84,1272.926191815133,loss,-4.161918151331338,0.8619181513324599,1
763262,763263,763266,short,1278.31,1278.4527132551386,loss,-4.727132551386876,1.4271325513868023,3
763269,763270,763275,long,1278.71,1278.5820607529104,loss,-4.5793924708967095,1.27939247089763,5
763278,763279,763283,long,1278.76,1278.9457339212329,loss,-1.4426607876710476,1.1479228753573167,4
763896,763897,763897,long,1280.15,1279.9669936196947,loss,-5.130063803054145,1.8300638030540644,0
763905,763906,763907,short,1279.81,1279.47071331323,win,0.09286686770037722,2.096951092522535,1
765189,765190,765190,short,1264.44,1264.661916004786,loss,-5.519160047859532,2.2191600478603535,0
765365,765366,765367,long,1265.28,1264.9738192814211,loss,-6.361807185788439,3.061807185788262,1
766719,766720,766724,long,1271.22,1270.9269783032917,loss,-6.230216967083652,2.9302169670836657,4
767066,767067,767067,short,1272.06,1272.2771997418558,loss,-5.471997418558931,2.171997418560023,0
774063,774064,774066,short,1320.0,1319.807846678521,loss,-1.378466785209457,1.1875977841722125,2
774561,774562,774563,long,1316.68,1316.5449813496468,loss,-4.650186503532313,1.3501865035323801,1
774790,774791,774797,long,1311.61,1311.3454058727336,loss,-5.9459412726626395,2.6459412726629528,6
776756,776757,776760,long,1318.82,1318.6003201387164,loss,-5.496798612835664,2.19679861283564,3
776766,776767,776770,long,1319.06,1318.8583957673538,loss,-5.316042326461047,2.0160423264613825,3
780312,780313,780317,long,1325.85,1326.1487676402928,loss,-0.3123235970709173,1.8465243528614241,4
781706,781707,781711,short,1321.94,1322.148991687799,loss,-5.389916877989708,2.0899168779901904,4
781713,781714,781714,long,1322.46,1322.261679319644,loss,-5.283206803561188,1.9832068035612072,0
791110,791111,791113,long,1321.35,1321.6847119260394,win,0.04711926039517511,2.068676922370507,2
814215,814216,814218,long,1291.61,1291.4147498901534,loss,-5.252501098464836,1.9525010984659241,2
817121,817122,817123,long,1317.76,1318.0728743476743,loss,-0.1712565232567611,1.9337104306205326,1
821435,821436,821440,short,1312.15,1312.6396446706228,loss,-8.19644670622738,4.896446706226461,4
828069,828070,828071,long,1294.58,1294.400846376216,loss,-5.091536237840319,1.7915362378410484,1
828084,828085,828087,short,1294.29,1294.0337412051394,loss,-0.7374120513948581,1.583799721017253,2
828087,828088,828094,short,1293.98,1294.1454885840421,loss,-4.9548858404212295,1.6548858404207547,6
830813,830814,830815,long,1281.36,1281.5987971344002,loss,-0.9120286559967097,1.4758784573571762,1
835791,835792,835792,short,1285.61,1285.7095382944076,loss,-4.295382944076937,0.9953829440766045,0
835794,835795,835799,long,1285.68,1285.574594929785,loss,-4.354050702150562,1.0540507021501033,4
835815,835816,835819,long,1285.89,1286.0576057281796,loss,-1.6239427182047619,1.0358821271907575,3
836360,836361,836363,long,1292.04,1291.6393534715307,loss,-7.30646528469224,4.006465284693286,2
836375,836376,836376,short,1290.72,1289.9898328830163,win,4.0016711698369365,4.512775753916253,0
839173,839174,839176,short,1286.98,1286.8120488246611,loss,-1.6204882466111483,1.0380171528982336,2
839198,839199,839202,short,1286.95,1286.7527988155164,loss,-1.3279881551632569,1.218795948600579,3
839248,839249,839250,long,1286.85,1286.7551395013184,loss,-4.248604986815553,0.9486049868150237,1
841701,841702,841704,long,1267.74,1268.118823486034,win,0.4882348603397988,2.341307083028033,2
844169,844170,844173,short,1265.51,1265.142205594043,win,0.3779440595705639,2.273142187620681,3
850069,850070,850074,long,1238.42,1238.2163822471373,loss,-5.3361775286278315,2.0361775286273156,4
852215,852216,852225,short,1234.8,1235.0296730779587,loss,-5.596730779587506,2.2967307795869583,9
852239,852240,852252,long,1234.99,1235.233028962885,loss,-0.8697103711490852,1.5020331451493485,12
852252,852253,852255,long,1235.19,1235.0448463150574,loss,-4.751536849426702,1.4515368494260041,2
852296,852297,852302,long,1235.17,1235.4060034965078,loss,-0.9399650349230795,1.4586124629645287,5
861558,861559,861561,long,1223.45,1223.7331244165107,loss,-0.4687558348935452,1.749841882018252,2
864552,864553,864561,long,1223.05,1223.4263332291741,win,0.46333229174179014,2.3259161259216636,8
865749,865750,865750,long,1218.7,1218.4592727052432,loss,-5.707272947568799,2.407272947568949,0
865767,865768,865768,long,1219.12,1219.496420145275,win,0.464201452750058,2.326453308250571,0
867134,867135,867135,long,1216.61,1216.3941403123335,loss,-5.458596876663523,2.1585968766625654,0
867139,867140,867143,long,1216.68,1216.4751674014594,loss,-5.348325985406336,2.0483259854055555,3
871097,871098,871099,short,1212.4,1212.5304869994147,loss,-4.604869994146429,1.3048699941465043,1
871099,871100,871105,short,1212.28,1212.4152489790608,loss,-4.652489790608615,1.3524897906090287,5
873120,873121,873121,long,1202.12,1201.6401629971156,loss,-8.098370028843238,4.798370028842125,0
875440,875441,875443,long,1217.7,1217.4815477809857,loss,-5.484522190143525,2.18452219014316,2
877418,877419,877419,long,1225.25,1224.9351918494056,loss,-6.4480815059444465,3.148081505945054,0
877436,877437,877439,short,1224.3,1224.6135758936969,loss,-6.435758936969068,3.135758936968941,2
878556,878557,878560,short,1220.44,1221.0592814716308,loss,-9.492814716307567,6.19281471630768,3
878718,878719,878720,short,1221.58,1221.1223552782062,win,1.2764472179371298,2.828459343595461,1
881027,881028,881029,long,1233.09,1232.8358401323344,loss,-5.841598676655212,2.541598676654384,1
881030,881031,881032,short,1232.48,1232.7403864530097,loss,-5.903864530096871,2.603864530097667,1
881036,881037,881037,long,1233.41,1233.1464096395052,loss,-5.935903604948453,2.6359036049474285,0
881557,881558,881575,long,1233.29,1233.6247487986548,win,0.04748798654800357,2.068904812451991,17
882404,882405,882406,short,1223.32,1222.8683402424413,win,1.2165975755867295,2.7914694533914624,1
883860,883861,883865,long,1242.89,1242.2940065770208,loss,-9.259934229792908,5.959934229792588,4
884029,884030,884031,long,1238.37,1237.72868182042,loss,-9.71318179579912,6.413181795800021,1
884032,884033,884034,long,1238.59,1237.918293333696,loss,-10.017066663038623,6.717066663038641,1
884049,884050,884051,long,1238.5,1237.8868835764272,loss,-9.431164235728193,6.131164235728704,1
884296,884297,884306,short,1239.44,1239.7765633658796,loss,-6.665633658795559,3.365633658794865,9
884381,884382,884383,short,1239.87,1239.6016248995693,loss,-0.6162489956939678,1.6586841806587849,1
886493,886494,886498,short,1241.27,1241.545425357939,loss,-6.054253579389569,2.7542535793905714,4
886499,886500,886507,long,1241.86,1241.6041151720258,loss,-5.858848279741141,2.558848279741859,7
888303,888304,888306,long,1251.62,1252.0505115273984,win,1.0051152739849387,2.660763457345728,2
889250,889251,889252,long,1247.19,1246.966891308484,loss,-5.531086915160176,2.2310869151599095,1
891153,891154,891175,short,1228.76,1228.913957334605,loss,-4.83957334604911,1.5395733460481613,21
891730,891731,891731,long,1230.03,1229.9060023530853,loss,-4.539976469146313,1.239976469146982,0
891742,891743,891743,long,1230.12,1229.9911450965583,loss,-4.588549034416064,1.2885490344164003,0
891744,891745,891746,long,1230.22,1230.0853923778307,loss,-4.646076221693693,1.346076221692827,1
891777,891778,891782,short,1229.85,1230.0076242668792,loss,-4.876242668793384,1.576242668793713,4
892014,892015,892017,long,1232.36,1232.1526091064445,loss,-5.373908935553845,2.07390893555344,2
892568,892569,892572,short,1231.06,1230.8950024681683,loss,-1.6500246816834077,1.0197622486498537,3
893907,893908,893915,short,1229.24,1229.39244694491,loss,-4.824469449100252,1.524469449100947,7
894851,894852,894853,short,1227.95,1227.6350159637627,loss,-0.1501596376268024,1.9467492968926154,1
895293,895294,895295,long,1229.3,1229.1482070760296,loss,-4.817929239703335,1.517929239702327,1
895296,895297,895299,short,1228.98,1228.7424306740234,loss,-0.9243067402333507,1.4682900245781496,2
895299,895300,895306,short,1228.79,1228.9447383673105,loss,-4.847383673105287,1.54738367310494,6
896544,896545,896545,long,1223.48,1223.268102593642,loss,-5.418974063580481,2.1189740635808123,0
896546,896547,896550,short,1222.69,1222.920315107808,loss,-5.6031510780788265,2.3031510780778017,3
897954,897955,897958,long,1200.56,1201.0493693571575,win,1.5936935715755682,3.0245324917037375,3
898334,898335,898338,long,1200.55,1200.3679152533819,loss,-5.120847466181021,1.8208474661803442,3
904561,904562,904562,long,1145.31,1145.8806729206315,win,2.406729206315231,3.5270267035316314,0
905226,905227,905229,short,1140.08,1139.5000282572591,win,2.4997174274078136,3.5844977919702323,2
906222,906223,906226,long,1168.83,1169.5388574952003,win,3.78857495200391,4.381072281831641,3
907119,907120,907122,short,1171.64,1171.2557391778273,win,0.5426082217279147,2.374912374368642,2
909568,909569,909574,long,1163.6,1163.885922426387,loss,-0.4407757361293987,1.767134897324362,5
909928,909929,909934,short,1163.36,1163.5940065726948,loss,-5.6400657269485235,2.34006572694869,5
909935,909936,909937,long,1163.84,1163.6126564782583,loss,-5.57343521741659,2.2734352174163073,1
918694,918695,918695,long,1192.05,1191.7948838726843,loss,-5.8511612731565945,2.5511612731573883,0
918698,918699,918700,long,1192.23,1192.6699552191706,win,1.099552191705425,2.7191299083466807,1
922307,922308,922309,long,1200.7,1201.2733741685436,win,2.4337416854352343,3.543721684446959,1
922368,922369,922371,short,1201.24,1200.6749408793567,win,2.3505912064335464,3.492330782715236,2
922641,922642,922645,short,1199.05,1198.1391465291774,win,5.808534708225307,5.6295022918572295,3
923071,923072,923074,long,1201.47,1201.340762865584,loss,-4.592371344159164,1.2923713441597378,2
923369,923370,923374,long,1198.58,1198.437562517002,loss,-4.724374829978205,1.4243748299780912,4
923379,923380,923382,short,1198.33,1198.4687048644575,loss,-4.687048644576225,1.3870486445761527,2
923396,923397,923397,long,1198.69,1198.5638520912228,loss,-4.561479087772841,1.261479087773128,0
923400,923401,923402,long,1198.76,1198.6332913991373,loss,-4.567086008626847,1.2670860086265396,1
924159,924160,924173,long,1198.69,1198.485835951173,loss,-5.341640488271241,2.0416404882712285,13
924174,924175,924176,short,1198.28,1197.9991939612778,loss,-0.49193961277824183,1.7355132183070665,1
928758,928759,928772,short,1194.68,1195.2881328462402,loss,-9.381328462400962,6.081328462401553,13
929990,929991,929996,long,1200.82,1201.2248458450142,win,0.7484584501427891,2.5021374846368203,5
932955,932956,932959,short,1203.67,1203.8948750137135,loss,-5.5487501371347205,2.2487501371351137,3
933235,933236,933240,long,1193.9,1195.0184337309404,win,7.884337309402963,6.912445803092147,4
933240,933241,933254,long,1194.94,1194.2469763610181,loss,-10.23023638981913,6.930236389818495,13
933820,933821,933823,long,1194.01,1193.8353328441553,loss,-5.046671558446451,1.7466715584454633,2
934258,934259,934259,short,1194.81,1195.1671192660524,loss,-6.871192660524502,3.5711926605254662,0
934267,934268,934282,long,1196.06,1195.739395155325,loss,-6.506048446750174,3.2060484467513004,14
934378,934379,934381,short,1194.71,1194.9615471555037,loss,-5.815471555036583,2.515471555037476,2
934403,934404,934413,long,1195.53,1195.980656146599,win,1.2065614659893074,2.7852666662483703,9
936152,936153,936157,long,1230.06,1230.9505358413319,win,5.605358413319391,5.503929798095669,4
937043,937044,937049,short,1228.53,1228.9758925922017,loss,-7.7589259220174425,4.458925922017525,5
937382,937383,937390,short,1229.11,1227.9015597374637,win,8.784402625362144,7.468728445835879,7
937443,937444,937444,short,1227.23,1226.3208819962576,win,5.791180037423783,5.61877629012614,0
937501,937502,937512,long,1228.42,1229.1965068265265,win,4.46506826526429,4.79917692538032,10
937872,937873,937873,short,1229.38,1229.817795283542,loss,-7.677952835418455,4.377952835418757,0
937874,937875,937875,long,1230.69,1231.4403635090891,win,4.203635090890839,4.63759894369051,0
938319,938320,938327,short,1222.62,1221.8144031139307,win,4.755968860692247,4.978967157412473,7
940261,940262,940267,short,1223.09,1223.4789452007165,loss,-7.189452007165346,3.88945200716505,5
942409,942410,942410,long,1198.28,1198.8440959299471,win,2.340959299471433,3.4863778117871744,0
944752,944753,944754,long,1190.56,1191.090029621382,win,2.000296213820275,3.27583202337513,1
945276,945277,945291,short,1198.67,1197.8984683328788,win,4.415316671212804,4.7684281033452605,14
945701,945702,945703,long,1195.29,1194.6221830832965,loss,-9.978169167034867,6.678169167035803,1
949203,949204,949205,short,1178.75,1179.0014724631837,loss,-5.814724631837453,2.5147246318364314,1
949392,949393,949400,long,1182.21,1181.8837735070601,loss,-6.562264929398952,3.2622649293997927,7
949963,949964,949967,short,1177.36,1176.8305650272475,win,1.9943497275236952,3.272156815527191,3
954336,954337,954342,short,1186.65,1186.0007040766952,win,3.192959233048623,4.012953790512652,5
960710,960711,960711,long,1211.98,1212.775932111361,win,4.659321113610258,4.9192343100188225,0
960711,960712,960714,long,1212.59,1213.4204553441532,win,5.0045534415327895,5.132604104779857,2
960771,960772,960772,short,1214.02,1212.9971927223087,win,6.9280727769129955,6.32142940476651,0
966258,966259,966259,long,1236.23,1237.0160260175178,win,4.5602601751777,4.858009997019017,0
970098,970099,970103,short,1257.12,1257.4029206752564,loss,-6.129206752564914,2.829206752565515,4
970849,970850,970855,long,1278.76,1278.378331263792,loss,-7.116687362079847,3.8166873620805863,5
971414,971415,971418,short,1275.12,1275.4893016420913,loss,-6.993016420913864,3.6930164209129317,3
971507,971508,971508,long,1276.95,1277.310730832354,win,0.3073083235396554,2.229485984882223,0
971683,971684,971688,short,1275.83,1276.1076738693675,loss,-6.076738693676179,2.7767386936750786,4
972285,972286,972289,short,1276.06,1276.3009911110196,loss,-5.70991111019639,2.409911110196247,3
972910,972911,972911,long,1292.8,1292.0666562092285,loss,-10.633437907714143,7.333437907713807,0
972925,972926,972926,long,1292.96,1292.2869209081332,loss,-10.03079091866839,6.730790918667898,0
973001,973002,973003,long,1295.55,1295.0755568054253,loss,-8.044431945746329,4.74443194574542,1
976331,976332,976334,short,1297.54,1297.2087791081076,win,0.012208918923716006,2.047100691547099,2
976411,976412,976419,long,1297.03,1296.7736913113588,loss,-5.863086886411838,2.5630868864107703,7
976530,976531,976533,short,1295.47,1294.8737079390874,win,2.662920609126741,3.6853650241820795,2
976899,976900,976904,long,1298.29,1297.6043330481607,loss,-10.156669518392665,6.856669518393573,4
982374,982375,982376,short,1269.41,1268.4367191994866,win,6.432808005135212,6.0153325124445844,1
983132,983133,983133,long,1260.73,1260.4717071791708,loss,-5.882928208291832,2.582928208292642,0
984646,984647,984648,long,1280.43,1280.204046683448,loss,-5.559533165520224,2.2595331655193154,1
984830,984831,984834,long,1279.48,1279.9514393876125,win,1.414393876124632,2.9137168579262562,3
985458,985459,985459,short,1276.45,1276.9552238246831,loss,-8.352238246830712,5.052238246829634,0
985470,985471,985480,long,1277.78,1278.6988204312236,win,5.888204312235939,5.678741849342717,9
988782,988783,988784,short,1271.09,1271.2866779589272,loss,-5.266779589272391,1.9667795892715505,1
988888,988889,988890,short,1272.25,1272.5074640972614,loss,-5.874640972613906,2.574640972614969,1
990099,990100,990105,short,1265.94,1266.0702364608699,loss,-4.602364608698099,1.3023646086976175,5
990935,990936,990941,short,1231.25,1231.783464719334,loss,-8.634647193340061,5.33464719334017,5
992154,992155,992157,long,1238.63,1238.121262865314,loss,-8.387371346860437,5.0873713468598,2
998533,998534,998541,long,1232.08,1231.8337708077893,loss,-5.762291922106487,2.462291922105674,7
1001711,1001712,1001720,short,1199.21,1199.66272700539,loss,-7.827270053899883,4.527270053899571,8
1002510,1002511,1002512,short,1214.38,1214.6676771944244,loss,-6.176771944243046,2.876771944243598,1
1002778,1002779,1002779,short,1217.03,1217.3698357760286,loss,-6.698357760286217,3.398357760287041,0
1005222,1005223,1005230,short,1202.78,1203.0411471754087,loss,-5.911471754087233,2.6114717540877375,7
1005502,1005503,1005505,long,1193.49,1193.2384053542135,loss,-5.815946457865539,2.5159464578652404,2
1005830,1005831,1005831,short,1200.76,1201.170603836816,loss,-7.40603836816108,4.106038368161568,0
1007894,1007895,1007897,long,1208.2,1208.4858576026622,loss,-0.4414239733780958,1.766734256256279,2
1009187,1009188,1009193,long,1209.02,1209.2910422976636,loss,-0.5895770233640176,1.675168712383724,5
1011162,1011163,1011164,short,1208.39,1208.9136878510099,loss,-8.53687851009754,5.236878510096927,1
1011176,1011177,1011180,long,1209.27,1210.0093233933017,win,4.093233933016745,4.5693658424089465,3
1012328,1012329,1012334,long,1215.61,1216.067165226048,win,1.2716522604811873,2.8254958346605874,5
1012398,1012399,1012402,short,1216.22,1216.470706294353,loss,-5.807062943529945,2.5070629435291503,3
1013549,1013550,1013552,short,1208.14,1208.495192040391,loss,-6.8519204039087525,3.5519204039089205,2
1013610,1013611,1013614,long,1208.13,1208.6073891355888,win,1.473891355887372,2.950489095109022,3
1013783,1013784,1013789,short,1207.64,1207.8691869709332,loss,-5.591869709331422,2.291869709330525,5
1013795,1013796,1013803,long,1208.15,1208.5110810392694,win,0.3108103926926562,2.231650428116113,7
1015533,1015534,1015534,long,1201.87,1201.5647904253904,loss,-6.352095746095347,3.0520957460949143,0
1015543,1015544,1015546,short,1200.98,1201.295969976188,loss,-6.459699761879437,3.159699761878693,2
1015724,1015725,1015727,long,1199.5,1199.2673653479922,loss,-5.626346520078459,2.3263465200786966,2
1015739,1015740,1015745,short,1199.01,1199.2183939049428,loss,-5.383939049427954,2.0839390494278542,5
1015748,1015749,1015755,short,1198.86,1199.0541512982213,loss,-5.241512982214135,1.9415129822141308,6
1015759,1015760,1015762,long,1199.32,1199.1553996975647,loss,-4.946003024352467,1.6460030243517791,2
1019805,1019806,1019812,short,1167.08,1166.7948266633905,loss,-0.44826663390567756,1.7625051706399057,6
1021189,1021190,1021193,long,1161.4,1161.1296690314914,loss,-6.003309685086879,2.70330968508648,3
1021639,1021640,1021641,long,1163.56,1163.3729704925756,loss,-5.170295074243131,1.8702950742436446,1
1021645,1021646,1021658,short,1163.1,1162.8099391692692,loss,-0.39939169269318864,1.792712180041213,12
1023686,1023687,1023688,short,1153.07,1152.2641707279315,win,4.758292720684222,4.980403412042472,1
1025707,1025708,1025714,long,1159.47,1159.1915449612952,loss,-6.084550387048057,2.7845503870489274,6
1027261,1027262,1027266,short,1154.79,1154.5183677006273,loss,-0.5836770062735921,1.6788152000774563,4
1029213,1029214,1029216,short,1148.18,1147.529119708962,win,3.2088029103799274,4.022745927305282,2
1030532,1030533,1030534,short,1163.52,1162.5124638684936,win,6.775361315064129,6.227046548247184,1
1032842,1032843,1032848,long,1182.38,1182.824929395074,win,1.1492939507381381,2.7498726518775065,5
1033059,1033060,1033083,long,1182.62,1182.1785260708043,loss,-7.714739291955811,4.414739291955183,23
1033547,1033548,1033549,short,1187.7,1187.9781821466836,loss,-6.081821466835481,2.781821466836561,1
1034439,1034440,1034440,long,1191.75,1191.4460351958069,loss,-6.339648041931286,3.0396480419319065,0
1036223,1036224,1036225,short,1196.83,1197.1217427390288,loss,-6.217427390289049,2.9174273902881662,1
1036231,1036232,1036243,short,1196.61,1196.9112706658775,loss,-6.312706658776096,3.0127066587771556,11
1036839,1036840,1036841,long,1198.77,1199.0803397127745,loss,-0.19660287225478879,1.9180451963820155,1
1039726,1039727,1039728,long,1194.6,1194.2309925393372,loss,-6.990074606627149,3.690074606626362,1
1040375,1040376,1040377,long,1185.18,1184.9632977282588,loss,-5.467022717412692,2.1670227174133054,1
1040378,1040379,1040379,short,1184.66,1184.8802405975523,loss,-5.502405975522197,2.2024059755217116,0
1040379,1040380,1040387,short,1184.6,1184.8340386643354,loss,-5.640386643354577,2.3403866433540066,7
1041717,1041718,1041723,short,1186.81,1186.4343795698328,win,0.45620430167145987,2.3215106932452296,5
1043766,1043767,1043774,short,1203.31,1203.4426236986367,loss,-4.626236986367348,1.326236986366606,7
1045182,1045183,1045186,short,1216.97,1217.1153669099865,loss,-4.753669099864783,1.4536690998656494,3
1045191,1045192,1045193,long,1217.46,1217.3287506410877,loss,-4.612493589123278,1.312493589123731,1
1045240,1045241,1045245,short,1216.74,1216.9388116915168,loss,-5.288116915167666,1.9881169151683638,4
1047326,1047327,1047327,short,1209.92,1209.606030387372,loss,-0.16030387371829402,1.9404796824975352,0
1048029,1048030,1048036,long,1210.21,1210.6595034793693,win,1.195034793692412,2.77814264134257,6
1048564,1048565,1048566,long,1204.49,1204.0524567742957,loss,-7.67543225704303,4.375432257044115,1
1048589,1048590,1048590,long,1204.05,1203.6403332674452,loss,-7.396667325547969,4.096667325548949,0
1048592,1048593,1048594,long,1204.26,1203.844652428416,loss,-7.4534757158387945,4.1534757158396705,1
1048609,1048610,1048611,short,1203.2,1202.4473185263403,win,4.226814736597771,4.651925053521264,1
1050153,1050154,1050159,long,1194.13,1194.405483143366,loss,-0.5451685663418173,1.7026152247578812,5
1050819,1050820,1050820,long,1194.97,1195.39887800568,win,0.9887800567996239,2.6506675258342773,0
1052648,1052649,1052649,short,1198.7,1199.1122098982064,loss,-7.422098982063562,4.122098982063396,0
1052658,1052659,1052659,short,1198.43,1198.8440302664078,loss,-7.440302664077353,4.140302664076907,0
1053465,1053466,1053467,short,1197.8,1197.37688894879,win,0.9311105120984395,2.615025038379284,1
1054232,1054233,1054237,long,1193.33,1193.0891495652272,loss,-5.708504347727103,2.408504347728096,4
1054242,1054243,1054245,short,1192.66,1192.2807757553012,win,0.49224244698889397,2.3437839598193935,2
1054928,1054929,1054930,short,1193.31,1192.7468444128583,win,2.3315558714163673,3.480566051555428,1
1055513,1055514,1055515,long,1196.78,1197.2017187614981,win,0.9171876149814127,2.6064200339816126,1
1055515,1055516,1055520,long,1197.18,1196.9164925139246,loss,-5.935074860754685,2.6350748607542616,4
1057236,1057237,1057239,short,1198.42,1198.271528075388,loss,-1.8152807538793239,0.9176262336969043,2
1058082,1058083,1058084,short,1200.89,1201.4765107959868,loss,-9.165107959866692,5.865107959866799,1
1058799,1058800,1058800,long,1204.94,1204.720145609379,loss,-5.498543906210943,2.1985439062098187,0
1058810,1058811,1058816,short,1204.34,1204.5545770981835,loss,-5.4457709818355395,2.1457709818358865,5
1059048,1059049,1059051,long,1205.45,1205.9430133232634,win,1.630133232633125,3.0470539138648283,2
1060166,1060167,1060170,long,1195.3,1195.6057510975277,loss,-0.24248902472281753,1.889685398811174,3
1064448,1064449,1064451,long,1191.55,1191.8427765604918,loss,-0.37223439508197753,1.8094966655856448,2
1064660,1064661,1064666,short,1193.56,1192.9857439516534,win,2.4425604834656953,3.549172115862769,5
1065352,1065353,1065372,long,1178.87,1179.128920112182,loss,-0.7107988781793209,1.6002479121265614,19
1065719,1065720,1065723,long,1183.27,1183.0863102395947,loss,-5.136897604052865,1.8368976040534502,3
1065746,1065747,1065747,short,1182.8,1182.9282054436105,loss,-4.582054436105682,1.2820544361046673,0
1066015,1066016,1066017,long,1182.62,1182.372384205725,loss,-5.776157942749069,2.4761579427496123,1
1066157,1066158,1066158,short,1182.4,1182.0752253861767,loss,-0.052253861766348386,2.0072596651629473,0
1067443,1067444,1067454,long,1201.8,1202.355663287492,win,2.2566328749205242,3.434260120469822,10
1068064,1068065,1068078,short,1212.26,1211.8254307165146,win,1.0456928348541625,2.685842295953873,13
1068167,1068168,1068171,short,1211.74,1211.8363689602365,loss,-4.263689602365321,0.9636896023645739,3
1068467,1068468,1068471,short,1210.06,1210.2704412531489,loss,-5.404412531489288,2.104412531489195,3
1068473,1068474,1068487,short,1209.98,1210.1750186481156,loss,-5.250186481155924,1.9501864811550773,13
1072782,1072783,1072784,short,1184.53,1184.0736691176633,win,1.2633088233671517,2.8203391986195667,1
1072784,1072785,1072797,short,1184.06,1184.353862965861,loss,-6.238629658610807,2.93862965861182,12
1074568,1074569,1074569,short,1196.88,1195.925059042956,win,6.24940957044073,5.901983665290422,0
1075290,1075291,1075293,short,1194.81,1194.945697227157,loss,-4.656972271571521,1.3569722715717036,2
1077104,1077105,1077111,long,1183.71,1183.3496715302283,loss,-6.903284697717299,3.6032846977180926,6
1077116,1077117,1077118,short,1182.72,1183.0649927818254,loss,-6.7499278182534,3.449927818252455,1
1077444,1077445,1077463,long,1183.93,1183.5893482361716,loss,-6.706517638284185,3.4065176382835136,18
1077678,1077679,1077679,short,1182.64,1182.821793182833,loss,-5.11793182832962,1.8179318283292556,0
1077682,1077683,1077691,long,1183.19,1182.985202362939,loss,-5.347976370611195,2.0479763706103036,8
1077692,1077693,1077696,short,1182.74,1182.9604266661051,loss,-5.504266661051406,2.2042666610521793,3
1078186,1078187,1078190,short,1183.97,1184.1113866672836,loss,-4.713866672835411,1.41386667283447,3
1078197,1078198,1078198,short,1183.83,1183.99021615678,loss,-4.902161567800522,1.602161567801243,0
1078204,1078205,1078211,short,1183.74,1183.9143564943477,loss,-5.043564943476485,1.743564943476829,6
1081109,1081110,1081117,short,1184.37,1184.6137025537184,loss,-5.737025537185491,2.437025537186601,7
1081119,1081120,1081121,long,1185.04,1184.782362370034,loss,-5.876376299659841,2.5763762996603825,1
1085434,1085435,1085439,long,1214.7,1215.2154947684558,win,1.854947684557101,3.1859998050408382,4
1086380,1086381,1086382,short,1224.01,1224.1714185091996,loss,-4.914185091996205,1.6141850919961342,1
1086383,1086384,1086385,long,1224.09,1224.3628198664376,loss,-0.5718013356234222,1.6861549223592023,1
1086385,1086386,1086390,long,1224.34,1224.625282373186,loss,-0.4471762681380822,1.76317906789961,4
1086647,1086648,1086650,long,1228.39,1228.1919691512635,loss,-5.2803084873660735,1.9803084873659065,2
1086653,1086654,1086654,long,1228.74,1228.5306277823952,loss,-5.3937221760482315,2.093722176049295,0
1087173,1087174,1087176,short,1227.23,1227.505149500759,loss,-6.05149500758971,2.7514950075892894,2
1088503,1088504,1088504,long,1208.37,1208.053682198025,loss,-6.463178019749466,3.16317801975018,0
1088508,1088509,1088510,long,1208.47,1208.164834281444,loss,-6.351657185560543,3.0516571855594212,1
1088520,1088521,1088526,short,1207.84,1207.3985412439586,win,1.1145875604135655,2.7284224724432042,5
1089427,1089428,1089438,short,1206.95,1206.4248744150354,win,1.9512558496459862,3.24552277481224,10
1089705,1089706,1089706,long,1210.19,1210.8287935266305,win,3.087935266304794,3.9480440459242403,0
1091318,1091319,1091322,short,1203.94,1204.133666422602,loss,-5.236664226018365,1.9366642260175886,3
1092622,1092623,1092624,short,1205.88,1206.09341483133,loss,-5.434148313298283,2.134148313298741,1
1092647,1092648,1092648,short,1205.42,1205.0590014866411,win,0.30998513358936197,2.2311403792266047,0
1093129,1093130,1093131,long,1204.61,1204.4323160362985,loss,-5.076839637013836,1.7768396370144193,1
1093147,1093148,1093154,long,1204.8,1204.6559467544903,loss,-4.740532455096672,1.440532455095769,6
1095195,1095196,1095197,short,1187.0,1186.5760053251793,win,0.9399467482073307,2.620486247347414,1
1095916,1095917,1095919,short,1189.06,1189.4168652188953,loss,-6.868652188953365,3.5686521889525418,2
1096164,1096165,1096167,long,1185.65,1186.2574651595173,win,2.774651595172327,3.75442002173833,2
1096311,1096312,1096313,short,1185.96,1186.3957849065418,loss,-7.657849065418122,4.357849065418972,1
1097087,1097088,1097090,long,1187.78,1187.5997006012049,loss,-5.10299398795114,1.802993987951755,2
1097933,1097934,1097941,long,1189.08,1188.8323458335442,loss,-5.776541664557317,2.4765416645567617,7
1099265,1099266,1099268,long,1189.39,1189.197446376383,loss,-5.225536236171865,1.9255362361708162,2
1100146,1100147,1100155,short,1186.99,1186.51501245726,win,1.4498754274010937,2.9356461232391897,8
1101142,1101143,1101157,long,1187.29,1187.6738678715267,win,0.5386787152671788,2.3724837548009416,14
1101473,1101474,1101479,short,1187.0,1187.3719927759767,loss,-7.019927759766506,3.719927759765519,5
1101491,1101492,1101494,short,1186.91,1186.2968750565594,win,2.8312494344065273,3.789400144874173,2
1101863,1101864,1101865,long,1193.91,1193.509325037224,loss,-7.306749627760655,4.006749627761222,1
1101866,1101867,1101867,short,1193.19,1192.5191441617349,win,3.4085583826519725,4.146204191997601,0
1101867,1101868,1101872,short,1192.49,1191.7956153921284,win,3.6438460787159785,4.291623039997728,4
1102829,1102830,1102852,short,1189.89,1189.3642929445023,win,1.9570705549783272,3.2491165358337994,22
1103223,1103224,1103227,long,1190.29,1191.0198073583178,win,3.998073583178848,4.5105522763774495,3
1103227,1103228,1103257,long,1190.98,1190.5507955202718,loss,-7.592044797282415,4.292044797283148,29
1103880,1103881,1103903,long,1184.11,1184.4267325715928,loss,-0.13267428407134485,1.957556066705601,22
1104319,1104320,1104327,long,1183.41,1183.0972083868148,loss,-6.427916131852544,3.1279161318531026,7
1104329,1104330,1104331,short,1182.68,1182.989642891154,loss,-6.396428911539988,3.0964289115397285,1
1104357,1104358,1104360,long,1183.34,1183.075766263587,loss,-5.942337364129616,2.642337364130737,2
1105673,1105674,1105674,long,1175.99,1175.6884417899287,loss,-6.315582100713345,3.01558210071291,0
1107010,1107011,1107012,long,1174.21,1173.8635178063178,loss,-6.764821936822773,3.4648219368220725,1
1107035,1107036,1107037,short,1173.37,1172.9104177074814,win,1.2958229251846207,2.8404344407810616,1
1107112,1107113,1107113,short,1174.22,1174.5139073985695,loss,-6.239073985694449,2.939073985693635,0
1107497,1107498,1107499,long,1172.87,1173.3126138416985,win,1.1261384169863051,2.7355614443672827,1
1107600,1107601,1107608,short,1173.83,1174.0418281129923,loss,-5.418281129924071,2.1182811299234983,7
1107691,1107692,1107697,short,1173.73,1173.8436320978183,loss,-4.436320978182539,1.136320978182731,5
1108546,1108547,1108550,long,1182.16,1182.6775380439747,win,1.8753804397458227,3.198628207506911,3
1109641,1109642,1109643,long,1181.65,1181.378076274095,loss,-6.01923725905026,2.719237259049534,1
1109648,1109649,1109650,long,1181.95,1182.4433067648783,win,1.6330676487829807,3.0488675208795626,1
1109802,1109803,1109804,long,1184.31,1184.835602885409,win,1.9560288540894364,3.2484727157539814,1
1110322,1110323,1110327,short,1186.86,1186.5365743412044,loss,-0.06574341204513967,1.9989224894658866,4
1110693,1110694,1110694,short,1185.88,1186.0197235372764,loss,-4.697235372762679,1.3972353727623077,0
1110698,1110699,1110700,long,1186.36,1186.5896224538378,loss,-1.0037754616208074,1.4191746219889778,1
1110962,1110963,1110964,long,1187.02,1186.8170194441084,loss,-5.329805558915996,2.029805558916751,1
1111785,1111786,1111792,long,1182.46,1182.3224653495756,loss,-4.675346504244135,1.3753465042449298,6
1111797,1111798,1111799,short,1182.16,1181.9358064323283,loss,-1.0580643232818145,1.3856215554502433,1
1112614,1112615,1112622,short,1179.33,1178.9696705960278,win,0.30329403972173186,2.2270049689250717,7
1113085,1113086,1113087,short,1179.88,1180.0363622632103,loss,-4.863622632102124,1.5636226321015294,1
1113739,1113740,1113746,long,1180.89,1181.3233594358003,win,1.0335943580018467,2.678364868975121,6
1114135,1114136,1114137,short,1179.41,1178.6219151152522,win,4.580848847478319,4.8707347635837746,1
1115434,1115435,1115436,long,1183.99,1183.7708937651344,loss,-5.491062348656487,2.191062348655751,1
1115440,1115441,1115446,long,1184.12,1184.4800393173925,win,0.30039317392647735,2.2252120976063816,5
1115511,1115512,1115527,long,1183.31,1182.8959280959502,loss,-7.4407190404970605,4.140719040496663,15
1115527,1115528,1115531,short,1182.62,1181.9232511324299,win,3.6674886757002243,4.306235275463945,3
1117156,1117157,1117157,short,1176.09,1176.297716405721,loss,-5.3771640572115755,2.0771640572106254,0
1118514,1118515,1118524,long,1200.57,1201.193566795222,win,2.93566795222132,3.8539356935857754,9
1119367,1119368,1119370,long,1199.44,1199.2107027931559,loss,-5.592972068441941,2.292972068443017,2
1119409,1119410,1119411,long,1199.53,1199.313266926031,loss,-5.467330739689532,2.1673307396897634,1
1119762,1119763,1119768,short,1203.03,1202.655203109153,win,0.44796890846937476,2.3164208334174115,5
1122514,1122515,1122528,short,1178.74,1178.0807860282964,win,3.2921397170359343,4.074251988279894,13
1124028,1124029,1124029,short,1173.45,1173.6997371154737,loss,-5.797371154736356,2.497371154736457,0
1124056,1124057,1124057,long,1173.86,1174.1747941660597,loss,-0.15205833940244684,1.945575810010524,0
1124057,1124058,1124058,long,1174.16,1173.950897541904,loss,-5.391024580961402,2.091024580962404,0
1124058,1124059,1124059,short,1173.34,1173.5858118648534,loss,-5.758118648535219,2.4581186485356312,0
1124182,1124183,1124194,short,1174.25,1174.362720091481,loss,-4.427200914809236,1.127200914809839,11
1124194,1124195,1124195,long,1174.44,1174.3427016338892,loss,-4.272983661108628,0.9729836611082835,0
1124205,1124206,1124210,long,1174.45,1174.6418816026564,loss,-1.3811839734360545,1.1859184342179292,4
1124982,1124983,1124989,short,1174.8,1174.3345202023747,win,1.354797976252212,2.8768837924920967,6
1125403,1125404,1125406,short,1172.94,1173.0863867976007,loss,-4.763867976005986,1.463867976006334,2
1125578,1125579,1125582,long,1173.0,1172.8883279029246,loss,-4.416720970753704,1.1167209707546204,3
1125582,1125583,1125589,long,1173.09,1172.9724802652595,loss,-4.475197347404264,1.1751973474051134,6
1127202,1127203,1127204,short,1185.05,1184.5229239925009,win,1.9707600749909036,3.257577302218934,1
1128114,1128115,1128115,short,1177.5,1177.9036532396997,loss,-7.33653239699679,4.036532396996305,0
1128125,1128126,1128126,long,1178.61,1178.2224452588118,loss,-7.175547411880689,3.875547411880229,0
1128138,1128139,1128147,long,1178.79,1178.4266864996982,loss,-6.933135003017287,3.6331350030178378,8
1128689,1128690,1128694,long,1177.58,1177.8451952721416,loss,-0.6480472785831806,1.6390313482187562,4
1128904,1128905,1128905,short,1176.63,1176.8723061905127,loss,-5.72306190512636,2.423061905127385,0
1128907,1128908,1128908,short,1176.53,1176.7755587435593,loss,-5.755587435592861,2.455587435592247,0
1129065,1129066,1129070,short,1176.23,1175.6827266509258,win,2.17273349074203,3.3824063601615397,4
1129363,1129364,1129365,long,1171.18,1170.5643107283802,loss,-9.456892716198855,6.1568927161985085,1
1129368,1129369,1129371,long,1171.38,1170.791006642788,loss,-9.189933572120754,5.889933572121479,2
1129383,1129384,1129386,short,1170.21,1170.7275402226394,loss,-8.475402226393545,5.175402226394253,2
1131341,1131342,1131342,short,1167.51,1167.6591969584954,loss,-4.791969584953949,1.4919695849533978,0
1131352,1131353,1131356,long,1167.83,1168.0543932180904,loss,-1.056067819095733,1.386855488816007,3
1131356,1131357,1131357,long,1168.11,1167.9683558403078,loss,-4.7164415969207765,1.416441596919768,0
1133464,1133465,1133465,short,1167.08,1167.3035786486746,loss,-5.535786486746747,2.235786486746145,0
1134611,1134612,1134620,long,1167.33,1167.8023225471934,win,1.4232254719347113,2.9191751989705708,8
1135748,1135749,1135749,long,1166.06,1165.7352985845664,loss,-6.547014154335375,3.2470141543362616,0
1136593,1136594,1136595,long,1153.59,1153.3345833085348,loss,-5.854166914651432,2.554166914651831,1
1139680,1139681,1139686,long,1163.3,1163.0161087341917,loss,-6.13891265808279,2.838912658083781,5
1140082,1140083,1140097,long,1160.44,1160.9575298226514,win,1.8752982265134053,3.1985773958676647,14
1142919,1142920,1142923,long,1155.92,1155.7372521954035,loss,-5.127478045966018,1.8274780459649478,3
1142986,1142987,1142987,short,1154.84,1155.0158572878934,loss,-5.058572878934501,1.7585728789349588,0
1142987,1142988,1142988,short,1154.8,1154.5074389601793,loss,-0.37438960179388214,1.8081646466047097,0
1143163,1143164,1143171,long,1155.36,1155.2657998384364,loss,-4.24200161563549,0.9420016156359554,7
1143378,1143379,1143381,short,1155.76,1155.8726413962404,loss,-4.426413962404058,1.1264139624051366,2
1145085,1145086,1145086,short,1146.73,1146.9540835915182,loss,-5.540835915181378,2.2408359151815036,0
1145132,1145133,1145139,short,1146.63,1146.906210156362,loss,-6.062101563619126,2.762101563618712,6
1147196,1147197,1147198,short,1132.96,1133.1176278865364,loss,-4.876278865363747,1.576278865364651,1
1148018,1148019,1148026,short,1114.37,1113.776919460042,win,2.630805399577821,3.6655163161795956,7
1149506,1149507,1149507,long,1107.03,1106.8341155712044,loss,-5.258844287955799,1.9588442879550305,0
1149662,1149663,1149666,long,1105.38,1106.1161361952527,win,4.06136195252584,4.549667461388599,3
1151991,1151992,1151996,short,1097.83,1097.4612594126468,win,0.3874058735315886,2.2789900330846304,4
1153568,1153569,1153572,short,1082.47,1082.8368137199564,loss,-6.9681371995632615,3.668137199563536,3
1154774,1154775,1154777,long,1103.65,1104.5027500854562,win,5.2275008545613675,5.270396078221514,2
1156286,1156287,1156294,short,1095.62,1095.9218646730542,loss,-6.3186467305429685,3.018646730542415,7
1156298,1156299,1156302,short,1095.2,1095.4920376286325,loss,-6.220376286324426,2.920376286323319,3
1158477,1158478,1158478,long,1097.44,1097.2565088801628,loss,-5.1349111983729925,1.8349111983733353,0
1158487,1158488,1158489,long,1097.51,1097.3161144185156,loss,-5.238855814844373,1.9388558148445452,1
1158492,1158493,1158494,long,1097.64,1097.441069547313,loss,-5.289304526871365,1.9893045268719813,1
1158495,1158496,1158497,long,1097.78,1098.1072311305024,loss,-0.027688694975313233,2.0224420921040056,1
1158666,1158667,1158686,long,1093.19,1092.9155944183494,loss,-6.044055816506261,2.7440558165069437,19
1158979,1158980,1158981,short,1085.5,1085.7878025527598,loss,-6.178025527597856,2.8780255275974764,1
1159052,1159053,1159062,short,1085.81,1086.0675300430134,loss,-5.87530043013503,2.5753004301350133,9
1161594,1161595,1161605,long,1096.29,1096.0008192899884,loss,-6.191807100115784,2.8918071001147836,10
1161875,1161876,1161876,long,1093.37,1093.1295286208249,loss,-5.704713791750055,2.404713791750143,0
1162389,1162390,1162391,long,1086.84,1087.0733639578111,loss,-0.9663604218879298,1.442298873987085,1
1162449,1162450,1162451,long,1086.41,1086.5787801583347,loss,-1.612198416654155,1.0431406571976782,1
1163415,1163416,1163417,short,1090.93,1091.307375805103,loss,-7.07375805102929,3.773758051028705,1
1165710,1165711,1165711,long,1086.81,1086.5511426293579,loss,-5.888573706420902,2.588573706419928,0
1165712,1165713,1165715,long,1086.97,1086.7087688248146,loss,-5.912311751854577,2.6123117518547803,2
1165728,1165729,1165735,short,1086.57,1086.2595463149348,loss,-0.19546314934887032,1.9187495986719698,6
1165906,1165907,1165914,short,1085.05,1085.2289138443468,loss,-5.0891384434688005,1.7891384434682138,7
1165932,1165933,1165933,long,1085.47,1085.7312369481874,loss,-0.6876305181261158,1.6145670468942401,0
1165938,1165939,1165940,long,1085.77,1085.594839789127,loss,-5.051602108729457,1.7516021087303326,1
1167708,1167709,1167711,long,1094.65,1094.3476363778473,loss,-6.32363622152825,3.0236362215283035,2
1167800,1167801,1167802,short,1094.29,1093.7557762035547,win,2.042237964453034,3.3017539953354755,1
1168608,1168609,1168614,long,1095.25,1094.9919153226037,loss,-5.880846773962548,2.580846773962995,5
1168856,1168857,1168862,short,1095.75,1096.1901989387745,loss,-7.7019893877452885,4.401989387745953,5
1168869,1168870,1168873,long,1096.39,1095.955456540757,loss,-7.645434592430592,4.345434592430391,3
1168880,1168881,1168881,short,1095.33,1095.7601105269368,loss,-7.601105269369145,4.301105269369295,0
1168889,1168890,1168890,long,1096.46,1096.02435934496,loss,-7.6564065504006065,4.356406550400684,0
1168891,1168892,1168895,long,1096.76,1097.515309777646,win,4.253097776460618,4.668169206712625,3
1170001,1170002,1170004,long,1113.65,1113.2055724020959,loss,-7.744275979042231,4.444275979042678,2
1170020,1170021,1170025,short,1112.61,1112.9991659032576,loss,-7.191659032576626,3.8916590325768854,4
1170031,1170032,1170034,long,1113.65,1114.2294003834327,win,2.4940038343258495,3.580966523069769,2
1171871,1171872,1171872,short,1123.05,1123.4000783354359,loss,-6.8007833543591,3.5007833543584286,0
1173134,1173135,1173144,long,1115.98,1115.7246562663706,loss,-5.853437336293882,2.553437336292809,9
1173185,1173186,1173190,long,1116.44,1116.2318312780776,loss,-5.381687219224477,2.081687219225086,4
1173483,1173484,1173486,long,1114.97,1114.8166318628435,loss,-4.8336813715657625,1.5336813715650681,2
1173497,1173498,1173498,short,1114.38,1114.526875347479,loss,-4.768753474789537,1.4687534747891062,0
1175632,1175633,1175637,long,1117.0,1116.7995235258802,loss,-5.3047647411979595,2.004764741198424,4
1175903,1175904,1175905,long,1118.9,1118.6586643788826,loss,-5.7133562111751415,2.41335621117434,1
1175996,1175997,1176002,short,1118.83,1118.5689464494847,loss,-0.6894644948472886,1.613433563135745,5
1176238,1176239,1176243,short,1117.07,1117.1916929905026,loss,-4.516929905026518,1.2169299050255327,4
1176286,1176287,1176306,short,1116.77,1116.928440423178,loss,-4.884404231780354,1.584404231780559,19
1176306,1176307,1176310,long,1116.95,1116.7912647335172,loss,-4.8873526648283585,1.587352664827889,3
1176317,1176318,1176319,long,1117.21,1117.4971518713912,loss,-0.4284812860881173,1.7747334449388692,1
1176506,1176507,1176508,long,1118.3,1118.1692584088016,loss,-4.607415911983298,1.3074159119843678,1
1176549,1176550,1176550,short,1118.31,1118.4606814893887,loss,-4.806814893887167,1.5068148938865178,0
1176565,1176566,1176567,long,1118.67,1118.9171884608,loss,-0.828115392001382,1.527740796043571,1
1177677,1177678,1177679,long,1117.47,1117.6593133404624,loss,-1.4068665953762318,1.1700453675051965,1
1178260,1178261,1178263,long,1122.49,1122.9066796009593,win,0.8667960095924174,2.575275654877841,2
1178671,1178672,1178675,long,1129.19,1129.6773365377078,win,1.5733653770773346,3.011968712655676,3
1180030,1180031,1180033,long,1149.99,1150.5598015738224,win,2.398015738223603,3.5216413709665892,2
1180406,1180407,1180411,long,1155.03,1154.8300551364398,loss,-5.299448635601766,1.999448635601268,4
1180423,1180424,1180425,long,1155.07,1154.8896502142768,loss,-5.103497857231377,1.8034978572324536,1
1180444,1180445,1180448,long,1155.35,1155.6481332996839,loss,-0.31866700316031693,1.842603829937807,3
1184119,1184120,1184121,long,1136.21,1137.4338017107896,win,8.938017107895302,7.563669411554328,1
1184121,1184122,1184122,long,1137.25,1136.453794157682,loss,-11.262058423179315,7.962058423178573,0
1184135,1184136,1184137,long,1137.41,1136.62836495945,loss,-11.116350405500999,7.816350405501709,1
1184154,1184155,1184155,long,1137.67,1136.9827843062749,loss,-10.17215693725193,6.872156937251064,0
1184160,1184161,1184162,short,1135.92,1136.588268348739,loss,-9.982683487388204,6.68268348738867,1
1184196,1184197,1184197,long,1136.95,1137.6868425822554,win,4.068425822553491,4.554033264865908,0
1184197,1184198,1184210,long,1137.41,1136.9115206414415,loss,-8.284793585585977,4.984793585586639,12
1184818,1184819,1184841,long,1137.38,1137.1874741581248,loss,-5.225258418752946,1.925258418752435,22
1185065,1185066,1185073,short,1137.39,1136.729543439317,win,3.3045656068308746,4.081931771835963,7
1185584,1185585,1185586,long,1125.0,1124.605860833482,loss,-7.241391665180163,3.94139166518121,1
1186361,1186362,1186362,long,1127.65,1127.3634504935214,loss,-6.165495064786501,2.8654950647853736,0
1186405,1186406,1186410,short,1127.27,1126.7903514661114,win,1.496485338886214,2.9644532378783053,4
1189197,1189198,1189208,long,1133.69,1134.1508670810272,win,1.3086708102711784,2.848375037250206,10
1189749,1189750,1189752,long,1134.05,1133.7640606138734,loss,-6.159393861265289,2.859393861264451,2
1191745,1191746,1191754,short,1138.8,1138.555994926951,loss,-0.8599492695096158,1.508065964456945,8
1191754,1191755,1191760,short,1138.43,1138.1760125651897,loss,-0.7601256518963053,1.5697616490129631,5
1193360,1193361,1193365,short,1132.39,1132.66991852428,loss,-6.099185242799922,2.7991852427999517,4
1193813,1193814,1193819,long,1124.39,1123.9395529108288,loss,-7.804470891713481,4.504470891713135,5
1193829,1193830,1193845,short,1123.75,1123.1718325486338,win,2.481674513661983,3.5733464237717203,15
1194161,1194162,1194164,short,1125.02,1124.8182559402514,loss,-1.2825594025146527,1.246873051598183,2
1194198,1194199,1194201,long,1124.95,1124.8198102657793,loss,-4.601897342207212,1.3018973422067504,2
1194209,1194210,1194211,long,1125.14,1124.992194331245,loss,-4.778056687551543,1.4780566875524592,1
1194227,1194228,1194229,long,1125.28,1125.5066979658234,loss,-1.0330203417659503,1.4010999123826384,1
1194491,1194492,1194492,long,1124.82,1124.657452153669,loss,-4.925478463308809,1.6254784633084998,0
1194495,1194496,1194498,long,1125.02,1124.8475178273818,loss,-5.024821726181744,1.7248217261808079,2
1194554,1194555,1194555,long,1124.59,1124.4433567942617,loss,-4.766432057382008,1.4664320573828378,0
1194607,1194608,1194615,long,1125.09,1125.4396692839066,win,0.19669283906678192,2.1611204196946963,7
1194671,1194672,1194678,short,1124.64,1124.882268314568,loss,-5.722683145678093,2.4226831456770017,6
1194832,1194833,1194838,short,1124.56,1124.8048934629267,loss,-5.748934629267114,2.4489346292678436,5
1196047,1196048,1196050,short,1122.7,1122.3634183821991,win,0.06581617800902695,2.0802324956796614,2
1196455,1196456,1196457,long,1119.59,1119.345958657494,loss,-5.740413425058523,2.4404134250590537,1
1196494,1196495,1196501,long,1119.28,1119.5267318746278,loss,-0.8326812537218755,1.524918879034366,6
1196591,1196592,1196602,long,1119.05,1118.8117554181615,loss,-5.68244581838444,2.3824458183840904,10
1196950,1196951,1196951,long,1121.43,1121.6921335227894,loss,-0.6786647721067309,1.6201082990687103,0
1198056,1198057,1198064,long,1121.78,1122.0184368622083,loss,-0.9156313779165428,1.473651805984889,7
1198386,1198387,1198389,short,1123.93,1124.0920109335636,loss,-4.920109335635789,1.6201093356358969,2
1198540,1198541,1198541,short,1122.35,1122.6768193093094,loss,-6.568193093094851,3.2681930930946868,0
1198549,1198550,1198553,short,1122.27,1122.6033365059814,loss,-6.633365059813786,3.333365059813548,3
1198560,1198561,1198563,short,1122.05,1122.350123940285,loss,-6.301239402849478,3.0012394028486975,2
1198829,1198830,1198830,short,1120.01,1120.2154185790528,loss,-5.354185790527754,2.0541857905280545,0
1198840,1198841,1198844,short,1119.74,1119.9288261278273,loss,-5.188261278272694,1.888261278272852,3
1199484,1199485,1199497,long,1107.16,1107.4034560350499,loss,-0.8654396495019681,1.5046726517287734,12
1199768,1199769,1199772,long,1107.53,1107.3890154402488,loss,-4.709845597511321,1.4098455975110826,3
1199935,1199936,1199936,long,1107.03,1106.7306269171554,loss,-6.293730828445677,2.993730828446076,0
1200015,1200016,1200016,long,1107.96,1108.391487777004,win,1.0148777700389475,2.666797138466628,0
1200080,1200081,1200081,long,1107.89,1107.6702756752925,loss,-5.49724324707613,2.197243247076713,0
1200644,1200645,1200649,long,1111.26,1111.6152357704034,win,0.2523577040339662,2.1955239209114876,4
1200744,1200745,1200748,short,1110.4,1110.5259334330415,loss,-4.559334330413821,1.2593343304144016,3
1200768,1200769,1200770,long,1110.66,1110.8433866848961,loss,-1.4661331510395028,1.1334158522625049,1
1201135,1201136,1201153,long,1112.02,1112.2425731073463,loss,-1.0742689265369334,1.3756063494829556,17
1203212,1203213,1203214,long,1108.04,1108.5737297764108,win,2.037297764108371,3.2987007194734796,1
1203443,1203444,1203444,short,1108.73,1108.5077018747447,loss,-1.077018747447073,1.3739068309963454,0
1203575,1203576,1203576,short,1108.12,1108.3688085688796,loss,-5.788085688796673,2.488085688795666,0
1203866,1203867,1203884,long,1107.67,1107.966871870228,loss,-0.3312812977203974,1.8348076033861376,17
1203965,1203966,1203966,short,1107.45,1107.265177363511,loss,-1.4517736351088386,1.1422907075965347,0
1204064,1204065,1204065,long,1108.42,1108.2301311123758,loss,-5.198688876242431,1.8986888762426717,0
1204132,1204133,1204134,long,1107.35,1107.1308099711853,loss,-5.491900288146371,2.191900288145314,1
1204142,1204143,1204143,short,1106.72,1106.943465593305,loss,-5.534655933050362,2.2346559330512883,0
1205282,1205283,1205285,short,1105.12,1105.2189581419295,loss,-4.289581419296428,0.9895814192971047,2
1205287,1205288,1205290,long,1105.3,1105.197110812349,loss,-4.3288918765104425,1.0288918765112276,2
1205299,1205300,1205300,short,1105.02,1104.8572042126511,loss,-1.6720421265115872,1.0061544335530075,0
1205426,1205427,1205428,short,1104.95,1105.1359974954062,loss,-5.159974954061272,1.859974954061248,1
1205679,1205680,1205682,long,1108.91,1108.6934027325376,loss,-5.465972674624754,2.165972674624942,2
1205690,1205691,1205692,short,1108.3,1107.9787727386577,loss,-0.0877273865769892,1.985335360582295,1
1206132,1206133,1206144,short,1119.65,1119.228789179381,win,0.9121082061908057,2.603280720760183,11
1206730,1206731,1206732,long,1120.4,1120.2442353968065,loss,-4.857646031935746,1.5576460319368657,1
1206740,1206741,1206741,long,1120.48,1120.7584095937495,loss,-0.5159040625047053,1.7207020627294412,0
1207342,1207343,1207349,short,1117.91,1117.4529859065644,win,1.2701409343564594,2.824561764126357,6
1208753,1208754,1208760,long,1138.1,1137.734723810611,loss,-6.95276189388851,3.652761893888344,6
1209154,1209155,1209157,long,1137.64,1137.4346761571217,loss,-5.353238428784425,2.053238428785013,2
1209164,1209165,1209178,short,1137.03,1137.2299188700124,loss,-5.29918870012425,1.9991887001253765,13
1209591,1209592,1209592,long,1139.37,1139.1228329150003,loss,-5.771670849995462,2.4716708499964244,0
1209593,1209594,1209598,short,1138.73,1138.3257317519008,win,0.7426824809924257,2.4985676643958272,4
1209694,1209695,1209696,short,1138.55,1138.7861008469129,loss,-5.6610084691290465,2.3610084691291107,1
1210357,1210358,1210358,long,1133.19,1133.037716083263,loss,-4.82283916737133,1.5228391673717634,0
1210406,1210407,1210407,long,1133.4,1133.2878164121798,loss,-4.421835878202546,1.1218358782014304,0
1210480,1210481,1210484,short,1132.76,1132.5321156549867,loss,-1.0211565498669186,1.4084322930364397,3
1210484,1210485,1210503,short,1132.62,1132.392217614666,loss,-1.022176146660331,1.4078021343259568,18
1210640,1210641,1210655,long,1133.59,1133.81451019973,loss,-1.0548980026995194,1.3875784902976407,14
1210808,1210809,1210811,long,1133.82,1133.708285907852,loss,-4.417140921478494,1.1171409214785322,2
1210811,1210812,1210817,short,1133.43,1133.2273538010193,loss,-1.273538010191987,1.2524486958024874,5
1211858,1211859,1211869,long,1125.01,1124.7926673209133,loss,-5.473326790866667,2.17332679086774,10
1211874,1211875,1211877,long,1125.27,1125.0642228924637,loss,-5.35777107536278,2.0577710753617864,2
1212173,1212174,1212177,short,1124.31,1124.4410945421703,loss,-4.610945421703309,1.3109454217042498,3
1212192,1212193,1212196,short,1124.19,1124.003494014187,loss,-1.4349401418697196,1.1526945971138163,3
1212700,1212701,1212702,short,1129.09,1129.4410854329658,loss,-6.810854329658741,3.510854329658272,1
1213858,1213859,1213859,long,1135.88,1135.6653395702779,loss,-5.446604297222438,2.1466042972224773,0
1213869,1213870,1213870,short,1135.16,1134.8219624085457,win,0.08037591454394732,2.0892310967511882,0
1213926,1213927,1213928,short,1134.34,1134.5227982422118,loss,-5.127982422119021,1.8279824221188063,1
1213928,1213929,1213929,long,1134.91,1135.232460050702,loss,-0.07539949298079573,1.9929545778856619,0
1214011,1214012,1214012,long,1136.04,1135.828635123495,loss,-5.413648765050584,2.1136487650501,0
1214013,1214014,1214016,long,1136.3,1136.0739774362767,loss,-5.560225637232906,2.260225637233653,2
1214020,1214021,1214021,long,1136.4,1136.1513205818983,loss,-5.786794181018013,2.486794181019145,0
1214654,1214655,1214658,short,1149.65,1149.8733850575782,loss,-5.533850575780707,2.2338505757818012,3
1214669,1214670,1214674,long,1149.97,1150.2937329318372,loss,-0.06267068162815104,2.000821581193857,4
1214692,1214693,1214696,short,1149.55,1149.7738770752812,loss,-5.538770752812797,2.2387707528124623,3
1215526,1215527,1215529,short,1146.59,1147.158498073306,loss,-8.984980733060457,5.684980733061014,2
1215534,1215535,1215536,short,1146.14,1145.2454546811819,win,5.645453188182455,5.52871025227598,1
1215614,1215615,1215617,long,1144.79,1145.4176144885882,win,2.9761448858827864,3.8789523398531354,2
1216049,1216050,1216055,long,1146.67,1146.9399857920423,loss,-0.6001420795776538,1.668639011386565,5
1216055,1216056,1216057,long,1146.87,1146.7055111084844,loss,-4.944888915154752,1.6448889151549895,1
1216551,1216552,1216554,short,1137.46,1136.9085232691934,win,2.2147673080659844,3.4083852336620017,2
1217201,1217202,1217210,long,1133.37,1133.661558781556,loss,-0.38441218443795133,1.801970219753987,8
1217899,1217900,1217909,short,1126.65,1126.9996200480145,loss,-6.79620048014458,3.4962004801434445,9
1219477,1219478,1219479,short,1122.83,1122.4350565901264,win,0.6494340987357647,2.4409357841378343,1
1219653,1219654,1219654,long,1115.48,1114.8106042556462,loss,-9.993957443537784,6.6939574435377285,0
1220520,1220521,1220528,short,1114.28,1114.4402273640794,loss,-4.902273640794465,1.6022736407953042,7
1221218,1221219,1221219,long,1115.58,1115.3411871155242,loss,-5.68812884475692,2.3881288447574,0
1221228,1221229,1221232,long,1115.67,1115.4396717003383,loss,-5.603282996617781,2.303282996617948,3
1221340,1221341,1221347,long,1113.97,1114.2729836751816,loss,-0.27016324818378035,1.8725814288106497,6
1221502,1221503,1221518,long,1113.62,1113.8872950300733,loss,-0.6270496992654442,1.6520088385255571,15
1221543,1221544,1221551,long,1113.74,1113.5638554316395,loss,-5.061445683605416,1.7614456836046655,7
1221555,1221556,1221565,short,1113.49,1113.6595800888397,loss,-4.995800888396661,1.6958008883969882,9
1221569,1221570,1221571,long,1113.76,1113.6038107842498,loss,-4.861892157501461,1.5618921575011968,1
1221591,1221592,1221594,short,1113.51,1113.321761859974,loss,-1.417618599740126,1.1634001237697724,2
1224965,1224966,1224966,long,1137.99,1137.8189144949365,loss,-5.010855050635018,1.71085505063526,0
1224976,1224977,1224978,short,1137.59,1137.7606931974979,loss,-5.0069319749793975,1.7069319749803225,1
1224988,1224989,1224991,long,1137.99,1137.8362559109867,loss,-4.837440890133439,1.5374408901328156,2
1225952,1225953,1225954,long,1148.68,1148.927402098241,loss,-0.825979017591453,1.5290611757777317,1
1226234,1226235,1226242,short,1148.33,1148.6384088322418,loss,-6.384088322418665,3.0840883224196247,7
1227071,1227072,1227078,short,1145.4,1145.1095101638846,loss,-0.3951016388448805,1.7953636348302473,6
1227383,1227384,1227384,long,1143.84,1143.7132772756631,loss,-4.56722724336787,1.2672272433681124,0
1227387,1227388,1227388,short,1143.6,1143.7276955892548,loss,-4.576955892549267,1.2769558925493885,0
1230376,1230377,1230377,short,1163.78,1164.0187686652857,loss,-5.68768665285761,2.3876866528570373,0
1230379,1230380,1230387,long,1164.27,1164.6526749642003,win,0.5267496420030513,2.3651110271954017,7
1230387,1230388,1230393,long,1164.58,1164.9186864485323,win,0.08686448532371305,2.0932413382721604,5
1231526,1231527,1231530,long,1154.87,1155.22854342469,win,0.2854342469019686,2.215966778060413,3
1233132,1233133,1233153,long,1174.38,1174.0409047439489,loss,-6.690952560512232,3.390952560512351,20
1237290,1237291,1237293,long,1173.32,1173.095203982955,loss,-5.547960170450369,2.247960170449335,2
1237293,1237294,1237295,short,1172.9,1173.1595797577324,loss,-5.895797577323537,2.5957975773236095,1
1237307,1237308,1237310,short,1172.64,1172.1924762190276,win,1.175237809724604,2.7659071753551046,2
1237443,1237444,1237451,long,1173.25,1173.0329099426713,loss,-5.470900573287326,2.1709005732865228,7
1238082,1238083,1238083,short,1169.38,1168.9435081206166,win,1.0649187938353863,2.697724841678868,0
1238383,1238384,1238385,long,1168.87,1168.7305828966014,loss,-4.694171033985003,1.3941710339858693,1
1238387,1238388,1238401,long,1169.01,1168.8692029219112,loss,-4.707970780887808,1.4079707808872484,13
1238415,1238416,1238442,short,1168.69,1168.5034113966212,loss,-1.434113966211771,1.1532052124772585,26
1239469,1239470,1239471,long,1176.57,1176.868125386894,loss,-0.31874613105928784,1.842554925179454,1
1239744,1239745,1239745,long,1178.06,1178.549254035855,win,1.5925403585508322,3.0238197518856493,0
1240441,1240442,1240443,long,1166.77,1166.4067612476133,loss,-6.932387523866782,3.6323875238658974,1
1240654,1240655,1240657,long,1167.59,1167.437398619707,loss,-4.826013802929356,1.5260138029286008,2
1241190,1241191,1241191,long,1166.45,1166.303173191264,loss,-4.768268087360229,1.468268087360123,0
1241201,1241202,1241205,short,1166.06,1165.8528270691431,loss,-1.2282706914318622,1.2804260250724393,3
1241205,1241206,1241207,short,1165.84,1165.6372182008674,loss,-1.2721820086751903,1.2532867684327824,1
1241387,1241388,1241390,short,1167.18,1167.441990109804,loss,-5.919901098039463,2.6199010980401773,2
1241398,1241399,1241404,short,1166.97,1167.213861757909,loss,-5.738617579089168,2.4386175790893208,5
1241432,1241433,1241433,long,1167.62,1167.3720060365483,loss,-5.779939634515631,2.4799396345159455,0
1241492,1241493,1241498,long,1167.12,1167.4744561159682,win,0.24456115968332615,2.1907052902866426,5
1241499,1241500,1241501,long,1167.54,1167.8808369301548,win,0.10836930154864621,2.106532324813134,1
1241692,1241693,1241697,long,1165.97,1167.3013603275883,win,10.013603275882996,8.22843218534135,4
1242742,1242743,1242750,long,1173.38,1172.9820841271553,loss,-7.2791587284480554,3.9791587284471177,7
1242759,1242760,1242769,short,1172.7,1173.0677919559996,loss,-6.977919559995644,3.6779195599962327,9
1242774,1242775,1242776,long,1173.41,1173.907362850649,win,1.6736285064886944,3.0739360361487256,1
1242995,1242996,1242997,short,1177.22,1177.7119112948458,loss,-8.219112948457497,4.919112948457351,1
1243272,1243273,1243273,long,1163.25,1162.979186847706,loss,-6.008131522940675,2.7081315229413607,0
1243327,1243328,1243333,long,1163.24,1162.9728025528275,loss,-5.971974471725207,2.671974471724914,5
1243877,1243878,1243883,short,1164.09,1164.2185081445202,loss,-4.585081445203104,1.2850814452026762,5
1244662,1244663,1244663,short,1165.86,1166.021364119113,loss,-4.913641191131592,1.6136411911314326,0
1244676,1244677,1244677,long,1166.42,1166.7153376860601,loss,-0.34662313939934375,1.8253256245991978,0
1245184,1245185,1245198,long,1164.3,1164.0767668085864,loss,-5.532331914135557,2.232331914135226,13
1245201,1245202,1245206,short,1164.0,1163.7116185807158,loss,-0.4161858071582172,1.7823326284561691,4
1246075,1246076,1246081,long,1166.29,1166.5771274283647,loss,-0.4287257163521643,1.774582375555022,5
1249784,1249785,1249786,long,1148.54,1148.3460217527797,loss,-5.239782472202296,1.9397824722011883,1
1250024,1250025,1250026,long,1143.06,1142.659223019493,loss,-7.307769805068619,4.007769805068588,1
1250031,1250032,1250033,short,1142.16,1142.5589806617336,loss,-7.289806617335034,3.989806617334847,1
1250039,1250040,1250042,short,1141.76,1141.104348627635,win,3.2565137236490047,4.052233450956675,2
1250282,1250283,1250294,short,1140.92,1141.0990582428703,loss,-5.0905824287026915,1.7905824287026506,11
1255792,1255793,1255793,short,1104.7,1104.88485782258,loss,-5.148578225799429,1.8485782257999732,0
1255795,1255796,1255799,short,1104.52,1104.7101298542964,loss,-5.201298542964014,1.9012985429651221,3
1256206,1256207,1256207,short,1108.04,1107.842945358569,loss,-1.329453585691044,1.2178902437010797,0
1256314,1256315,1256325,long,1108.43,1108.6666465070143,loss,-0.9335349298574327,1.4625865699267397,10
1256757,1256758,1256759,short,1108.19,1108.4388828868077,loss,-5.78882886807678,2.4888288680757036,1
1256966,1256967,1256969,short,1087.02,1087.3905715997316,loss,-7.005715997316474,3.705715997317317,2
1256979,1256980,1256980,long,1087.73,1087.3805363990089,loss,-6.7946360099115735,3.494636009910667,0
1256984,1256985,1256986,long,1087.96,1088.5162232363234,win,2.2622323632337613,3.437720867264132,1
1257347,1257348,1257351,long,1089.97,1090.3207415067236,win,0.2074150672357975,2.1677472603437176,3
1257619,1257620,1257622,long,1093.4,1093.6635838039351,loss,-0.6641619606496532,1.629071717768929,2
1258224,1258225,1258229,long,1089.75,1090.3752045980439,win,2.952045980438652,3.8640580843249865,4
1259103,1259104,1259104,short,1092.6,1092.783568325357,loss,-5.135683253571005,1.835683253571412,0
1259163,1259164,1259166,short,1092.46,1092.2154492730638,loss,-0.8544927306373209,1.5114383617811846,2
1261862,1261863,1261863,short,1087.82,1087.9854716838786,loss,-4.954716838786498,1.6547168387854876,0
1261921,1261922,1261922,short,1087.52,1087.6792313050355,loss,-4.892313050355187,1.5923130503550516,0
1261923,1261924,1261926,short,1087.45,1087.1703078897528,loss,-0.50307889752803,1.72862861710204,2
1263092,1263093,1263094,short,1083.09,1083.1813959742801,loss,-4.213959742802035,0.9139597428024262,1
1263107,1263108,1263108,long,1083.42,1083.3212986753724,loss,-4.287013246276547,0.9870132462756659,0
1265051,1265052,1265058,long,1085.64,1085.2300204662656,loss,-7.399795337344858,4.099795337345508,6
1265069,1265070,1265070,short,1085.13,1085.5003149337874,loss,-7.003149337873128,3.703149337872962,0
1265073,1265074,1265075,short,1084.82,1085.1992339581036,loss,-7.092339581036685,3.792339581037121,1
1265086,1265087,1265088,long,1085.78,1085.4254850720476,loss,-6.84514927952323,3.5451492795235064,1
1265182,1265183,1265183,long,1085.89,1085.567369482174,loss,-6.526305178261555,3.2263051782621974,0
1267904,1267905,1267905,long,1068.8,1068.4681756367927,loss,-6.618243632072608,3.3182436320730755,0
1267928,1267929,1267930,short,1067.8,1068.120354476891,loss,-6.503544768909978,3.2035447689096177,1
1272685,1272686,1272691,short,1071.43,1071.5797139161973,loss,-4.797139161972427,1.4971391619724372,5
1272697,1272698,1272698,short,1071.25,1071.4146670587113,loss,-4.946670587113021,1.646670587112104,0
1272699,1272700,1272700,long,1071.79,1071.609462985296,loss,-5.105370147039866,1.8053701470403845,0
1273839,1273840,1273840,long,1077.35,1077.7398553329704,win,0.5985533297045551,2.4094890789271055,0
1274183,1274184,1274188,long,1078.94,1079.2264336177784,loss,-0.4356638222164291,1.7702943002370102,4
1276259,1276260,1276260,short,1071.73,1071.8113029345038,loss,-4.113029345038103,0.8130293450380434,0
1276261,1276262,1276262,long,1072.02,1072.1711277079612,loss,-1.7887229203877721,0.934040222256761,0
1276736,1276737,1276737,short,1067.88,1068.1041377174238,loss,-5.5413771742367315,2.2413771742362814,0
1276737,1276738,1276739,long,1068.59,1068.990089358849,win,0.7008935884907261,2.4727401659392245,1
1278528,1278529,1278529,long,1064.13,1063.9095512361537,loss,-5.504487638464343,2.204487638464955,0
1278532,1278533,1278533,long,1064.15,1064.5142616269177,win,0.3426162691759602,2.2513079537558616,0
1278889,1278890,1278890,short,1064.71,1064.8855176302097,loss,-5.05517630209697,1.7551763020963569,0
1279836,1279837,1279847,long,1066.25,1065.9879514362349,loss,-5.9204856376512,2.62048563765134,10
1279851,1279852,1279854,short,1065.56,1065.8125554693743,loss,-5.825554693743288,2.525554693742719,2
1280641,1280642,1280643,short,1067.49,1067.2246889326466,loss,-0.6468893264657707,1.6397470170180422,1
1282041,1282042,1282042,short,1052.62,1052.1842332812876,win,1.0576671871232977,2.693243008110831,0
1282295,1282296,1282296,short,1050.3,1050.4946917011255,loss,-5.246917011255209,1.9469170112552414,0
1283517,1283518,1283524,long,1060.38,1060.0828076424782,loss,-6.27192357521908,2.9719235752181374,6
1283584,1283585,1283588,long,1061.95,1061.7433606926581,loss,-5.3663930734190215,2.066393073419041,3
1284076,1284077,1284077,long,1084.81,1084.407505971529,loss,-7.324940284709828,4.024940284709305,0
1284975,1284976,1284982,short,1082.91,1082.5605935471422,win,0.19406452857920176,2.1594960003574006,6
1285283,1285284,1285286,long,1076.81,1076.3676775719105,loss,-7.723224280894828,4.423224280895528,2
1285311,1285312,1285314,short,1076.21,1076.5690337557658,loss,-6.8903375576572214,3.5903375576561807,2
1285342,1285343,1285344,short,1076.51,1076.7554083385241,loss,-5.754083385241574,2.454083385242365,1
1285458,1285459,1285461,short,1074.21,1073.8280611956268,win,0.519388043732488,2.360561213678869,2
1287594,1287595,1287595,short,1076.48,1076.100255685791,win,0.4974431420911971,2.346998233677997,0
1287595,1287596,1287600,short,1076.14,1076.3825712603505,loss,-5.725712603503598,2.4257126035028977,4
1289014,1289015,1289015,long,1073.95,1073.7612602004021,loss,-5.187397995978972,1.8873979959798628,0
1289200,1289201,1289201,long,1074.09,1074.538424973875,win,1.1842497387503501,2.7714769707970532,0
1290821,1290822,1290825,long,1076.14,1075.7328218696287,loss,-7.371781303714488,4.071781303714676,3
1290888,1290889,1290890,long,1075.59,1075.2864510570275,loss,-6.335489429723839,3.035489429724205,1
1291452,1291453,1291456,short,1075.92,1075.711154439659,loss,-1.2115443965883967,1.2907636609460067,3
1292018,1292019,1292021,short,1071.91,1071.2781820884697,win,3.0181791153033375,3.9049314680489737,2
1293266,1293267,1293269,long,1063.15,1063.6644830083462,win,1.8448300834613294,3.1797466523251914,2
1294177,1294178,1294180,short,1064.14,1064.2760384891624,loss,-4.660384891622743,1.3603848916237906,2
1294198,1294199,1294200,short,1064.18,1064.2993856126411,loss,-4.493856126410537,1.1938561264101542,1
1294846,1294847,1294853,long,1075.21,1074.8119272898414,loss,-7.280727101586581,3.980727101587044,6
1297348,1297349,1297354,long,1056.57,1056.4044798112345,loss,-4.9552018876541295,1.6552018876543746,5
1297776,1297777,1297780,long,1065.89,1065.668425207511,loss,-5.515747924890365,2.2157479248912186,3
1297781,1297782,1297787,short,1065.3,1065.5168387304734,loss,-5.468387304734551,2.1683873047342126,5
1298972,1298973,1298974,long,1079.61,1079.193065206633,loss,-7.469347933668632,4.1693479336681,1
1299937,1299938,1299940,short,1078.51,1078.1500072501544,win,0.29992749845559974,2.2249242882915063,2
1300443,1300444,1300446,long,1074.22,1074.6421732826816,win,0.9217328268156963,2.6092291883910184,2
1301343,1301344,1301347,short,1071.05,1071.315052218486,loss,-5.95052218486062,2.6505221848610137,3
1301524,1301525,1301529,short,1071.78,1071.2141569946664,win,2.3584300533359057,3.497175558304322,4
1301595,1301596,1301597,long,1071.04,1070.6131042849668,loss,-7.568957150331971,4.268957150331621,1
1301607,1301608,1301608,short,1069.83,1069.1528750324553,win,3.471249675446143,4.184950355652961,0
1301822,1301823,1301827,short,1068.95,1068.6766403282084,loss,-0.5664032820830469,1.6894911730021205,4
1301925,1301926,1301930,long,1069.05,1068.9305694270174,loss,-4.494305729825373,1.1943057298247624,4
1301934,1301935,1301947,long,1069.14,1069.3285204480183,loss,-1.4147955198184716,1.1651449197664083,12
1301999,1302000,1302004,long,1069.47,1069.6588960999004,loss,-1.4110390009962428,1.1674666248478183,4
1302531,1302532,1302554,long,1073.97,1074.252663582056,loss,-0.4733641794412504,1.7469937086266407,22
1302707,1302708,1302713,short,1073.36,1073.144744856158,loss,-1.1474485615811316,1.3303778976635985,5
1302713,1302714,1302719,short,1073.15,1072.9294181122734,loss,-1.0941811227333345,1.36329967692576,5
1302815,1302816,1302816,long,1072.26,1071.9964440803433,loss,-5.935559196567101,2.6355591965675473,0
1302902,1302903,1302903,short,1072.72,1072.2090250094511,win,1.8097499054890251,3.158065454566075,0
1303054,1303055,1303056,long,1075.35,1075.0699566665826,loss,-6.100433334173249,2.8004333341721965,1
1303929,1303930,1303931,short,1071.38,1071.6353131484263,loss,-5.853131484262394,2.553131484262222,1
1303961,1303962,1303964,short,1071.64,1071.841925649967,loss,-5.319256499668245,2.019256499668972,2
1303971,1303972,1303972,short,1071.59,1071.7688014763967,loss,-5.088014763967567,1.7880147639685973,0
1304060,1304061,1304061,short,1070.68,1070.9646689105823,loss,-6.146689105822406,2.846689105822931,0
1304073,1304074,1304081,short,1070.62,1070.8950751102736,loss,-6.050751102737467,2.750751102737675,7
1304111,1304112,1304115,short,1070.7,1071.0340578840162,loss,-6.64057884016147,3.340578840161178,3
1304121,1304122,1304123,long,1071.67,1071.3064861429116,loss,-6.935138570884919,3.635138570883983,1
1304135,1304136,1304146,short,1070.84,1070.2181570576965,win,2.91842942303374,3.8432814728270204,10
1304213,1304214,1304214,long,1069.92,1069.6733089238483,loss,-5.766910761518193,2.466910761518779,0
1304807,1304808,1304814,short,1072.52,1072.3331379421863,loss,-1.4313794218635847,1.1548952893298814,6
1305099,1305100,1305101,short,1073.14,1073.3294483420427,loss,-5.1944834204262404,1.8944834204270307,1
1305175,1305176,1305177,long,1072.41,1072.1908913175264,loss,-5.491086824736885,2.1910868247377833,1
1305307,1305308,1305314,short,1069.29,1068.9777180091055,loss,-0.17718009105537913,1.9300493874809266,6
1305669,1305670,1305671,long,1069.01,1068.801536166601,loss,-5.384638333990369,2.0846383339898362,1
1305689,1305690,1305691,short,1068.38,1068.5634761655658,loss,-5.134761655657075,1.834761655656972,1
1305704,1305705,1305705,long,1068.89,1068.6424310145712,loss,-5.775689854288703,2.47568985428917,0
1305711,1305712,1305714,long,1069.03,1068.8002081034842,loss,-5.59791896515735,2.297918965156477,2
1306115,1306116,1306117,short,1070.19,1070.3260839827813,loss,-4.660839827812015,1.360839827810897,1
1306126,1306127,1306127,short,1070.16,1070.2996657352796,loss,-4.6966573527955005,1.3966573527948551,0
1306378,1306379,1306379,long,1070.54,1070.3964143426842,loss,-4.735856573157252,1.4358565731569801,0
1306985,1306986,1306989,long,1061.43,1061.1582738361635,loss,-6.017261638365471,2.717261638365555,3
1306992,1306993,1306996,short,1060.78,1061.0402086379997,loss,-5.902086379997672,2.6020863799987857,3
1307076,1307077,1307077,long,1060.59,1060.4051875664052,loss,-5.148124335947432,1.848124335948092,0
1307084,1307085,1307085,short,1060.02,1060.2310883690961,loss,-5.4108836909616,2.1108836909615283,0
1307323,1307324,1307329,long,1061.45,1061.7326801106478,loss,-0.4731988935221123,1.7470958630885036,5
1307634,1307635,1307639,long,1062.33,1062.238714984514,loss,-4.21285015485937,0.9128501548597786,4
1307657,1307658,1307660,short,1062.08,1061.9301964693993,loss,-1.8019646939940683,0.9258561841816738,2
1307893,1307894,1307895,long,1062.35,1062.62576257264,loss,-0.5423742735986705,1.7043422289253898,1
1308026,1308027,1308028,short,1062.1,1062.2370679214873,loss,-4.670679214874144,1.3706792148739537,1
1308031,1308032,1308037,short,1062.09,1062.2268260331366,loss,-4.668260331366855,1.368260331367213,5
1308676,1308677,1308678,long,1064.24,1064.5663522185425,loss,-0.03647781457475485,2.01701000335266,1
1308678,1308679,1308680,long,1064.59,1064.3806340133012,loss,-5.393659866986854,2.0936598669865103,1
1311834,1311835,1311838,short,1083.02,1082.636788766128,win,0.5321123387208901,2.3684254256619743,3
1313269,1313270,1313270,short,1095.38,1095.6838757324867,loss,-6.33875732486631,3.0387573248667596,0
1313274,1313275,1313286,long,1096.48,1096.9881111323798,win,1.7811113237978136,3.1403654658817883,11
1314287,1314288,1314288,short,1102.88,1103.022770695291,loss,-4.72770695290892,1.427706952909891,0
1314966,1314967,1314970,long,1102.94,1103.8245013680166,win,5.545013680165721,5.466633918520493,3
1314970,1314971,1314971,long,1103.84,1104.7327553850641,win,5.627553850642198,5.517647620915446,0
1316209,1316210,1316211,short,1101.38,1100.5997855004919,win,4.502144995082472,4.822092085959928,1
1317799,1317800,1317800,long,1085.82,1085.4684028257418,loss,-6.815971742581314,3.51597174258081,0
1317802,1317803,1317806,long,1085.89,1085.5479270711517,loss,-6.720729288484381,3.4207292884836438,3
1317815,1317816,1317819,long,1086.22,1085.920454598749,loss,-6.295454012509526,2.995454012509709,3
1322834,1322835,1322837,short,1089.84,1090.0635920145744,loss,-5.535920145744785,2.235920145744548,2
1324283,1324284,1324285,long,1086.04,1085.6074790523592,loss,-7.625209476407963,4.325209476408632,1
1324290,1324291,1324298,long,1086.35,1087.031034485253,win,3.510344852531216,4.209113011453569,7
1325636,1325637,1325638,short,1101.24,1101.7763878363958,loss,-8.663878363957611,5.3638783639572996,1
1326203,1326204,1326207,short,1099.69,1099.8686901662174,loss,-5.086901662173932,1.786901662173351,3
1327069,1327070,1327070,long,1094.78,1095.463439132381,win,3.5343913238095412,4.22397486020342,0
1327070,1327071,1327072,long,1095.49,1096.2056144117914,win,3.8561441179142095,4.422833200193693,1
1327287,1327288,1327289,long,1101.38,1101.0934391144292,loss,-6.16560885570907,2.8656088557086594,1
1327768,1327769,1327769,short,1099.1,1098.7499644436436,win,0.2003555635626073,2.1633841554770696,0
1329618,1329619,1329622,long,1106.67,1106.1390014877538,loss,-8.609985122462422,5.309985122462663,3
1329627,1329628,1329631,long,1106.94,1106.4443304659287,loss,-8.256695340713396,4.956695340712478,3
1329640,1329641,1329641,short,1105.53,1106.0643406748575,loss,-8.643406748575035,5.343406748574606,0
1329655,1329656,1329661,short,1105.24,1105.701733496897,loss,-7.917334968970681,4.617334968971168,5
1329921,1329922,1329922,short,1104.93,1104.6154085465598,loss,-0.15408546559756342,1.944322950804697,0
1331146,1331147,1331156,short,1117.63,1117.9716598791774,loss,-6.71659879177314,3.4165987917740384,9
1331157,1331158,1331158,long,1118.04,1117.715685863118,loss,-6.543141368818669,3.243141368819046,0
1331164,1331165,1331166,long,1118.37,1118.946898963574,win,2.468989635741946,3.565506573387599,1
1332475,1332476,1332476,long,1116.85,1116.5307115589326,loss,-6.492884410673287,3.1928844106731855,0
1335138,1335139,1335139,short,1113.67,1112.8607145150238,win,4.792854849762716,5.001764431249793,0
1335440,1335441,1335447,long,1116.67,1116.3901736649293,loss,-6.098263350707657,2.798263350708493,6
1335458,1335459,1335467,long,1117.05,1117.4451127990571,win,0.6511279905718768,2.441982688858022,8
1335838,1335839,1335840,long,1122.11,1121.9351037049064,loss,-5.048962950935038,1.7489629509344298,1
1335847,1335848,1335857,short,1121.41,1121.6076090024021,loss,-5.276090024020323,1.9760900240197947,9
1336145,1336146,1336170,short,1121.58,1121.7942608454057,loss,-5.442608454057608,2.1426084540565995,24
1336550,1336551,1336553,short,1125.9,1125.2680691476737,win,3.0193085232637715,3.9056294952184456,2
1336640,1336641,1336642,short,1125.9,1126.175937089659,loss,-6.0593708965900985,2.7593708965905375,1
1336650,1336651,1336656,long,1126.82,1127.2506238610272,win,1.0062386102724306,2.661457731935313,5
1339861,1339862,1339866,short,1140.73,1140.2753703842627,win,1.2462961573730356,2.809824571923739,4
1340959,1340960,1340962,long,1156.4,1156.1127490363706,loss,-6.172509636295035,2.872509636295331,2
1340973,1340974,1340975,short,1155.7,1155.2683876725846,win,1.0161232741545065,2.667566918513471,1
1341852,1341853,1341857,short,1158.44,1158.7729904862804,loss,-6.629904862803232,3.3299048628037977,4
1342225,1342226,1342229,long,1157.99,1157.6467539030064,loss,-6.732460969936528,3.432460969936403,3
1342235,1342236,1342246,long,1158.12,1158.6288953732603,win,1.7889537326042957,3.1452124428949544,10
1344103,1344104,1344105,long,1192.99,1192.72915104723,loss,-5.9084895276994756,2.6084895276984352,1
1344110,1344111,1344112,short,1192.62,1192.8672289503202,loss,-5.7722895032027735,2.4722895032033656,1
1344113,1344114,1344115,long,1193.17,1192.9233169633342,loss,-5.766830366658996,2.4668303666586757,1
1344126,1344127,1344132,short,1192.58,1192.2114296311606,win,0.3857036883930052,2.277938002715705,5
1347029,1347030,1347036,short,1206.98,1207.4636473180499,loss,-8.136473180498616,4.836473180497765,6
1349003,1349004,1349005,short,1235.67,1236.0885669402815,loss,-7.485669402813801,4.185669402814285,1
1349025,1349026,1349026,long,1237.1,1236.6443395267845,loss,-7.856604732154028,4.556604732154039,0
1350475,1350476,1350477,short,1207.11,1207.4434140663566,loss,-6.634140663566813,3.3341406635676805,1
1353423,1353424,1353425,long,1209.02,1208.8482160987242,loss,-5.017839012758304,1.7178390127579726,1
1353426,1353427,1353427,long,1209.12,1208.9416595173084,loss,-5.083404826915102,1.783404826915367,0
1353452,1353453,1353456,short,1208.64,1208.8757906082103,loss,-5.65790608210209,2.357906082102334,3
1353463,1353464,1353465,long,1209.2,1208.9834058499155,loss,-5.465941500845747,2.165941500845086,1
1353466,1353467,1353467,short,1208.52,1208.7451175035824,loss,-5.551175035823962,2.2511750358235947,0
1353478,1353479,1353485,short,1208.48,1208.1025322441524,win,0.4746775584764693,2.332928033669662,6
1353727,1353728,1353729,short,1206.6,1206.873279223682,loss,-6.032792236820387,2.732792236821252,1
1353733,1353734,1353737,short,1206.31,1205.880226000767,win,0.9977399923302075,2.656205186854268,3
1354839,1354840,1354849,short,1226.7,1226.3647753031069,win,0.05224696893192249,2.0718460871024273,9
1354954,1354955,1354959,short,1225.96,1225.443860062046,win,1.861399379539944,3.1899872555868396,4
1356893,1356894,1356894,long,1211.33,1210.846932193338,loss,-8.13067806661893,4.830678066619814,0
1361647,1361648,1361648,long,1236.29,1235.999810963889,loss,-6.201890361108599,2.901890361108813,0
1363364,1363365,1363367,short,1233.27,1233.733639150025,loss,-7.936391500250738,4.636391500250787,2
1363383,1363384,1363385,long,1234.72,1234.308676297028,loss,-7.413237029721404,4.113237029722039,1
1365192,1365193,1365194,long,1230.76,1231.4770823186302,win,3.8708231863021867,4.431905553956542,1
1365776,1365777,1365779,short,1227.18,1227.4033480764135,loss,-5.533480764134583,2.2334807641349266,2
1368852,1368853,1368854,long,1272.53,1272.0919390479053,loss,-7.680609520947018,4.380609520948141,1
1369963,1369964,1369964,long,1263.41,1263.0308902104782,loss,-7.091097895218627,3.7910978952192025,0
1372483,1372484,1372485,short,1254.01,1254.285996632242,loss,-6.059966322419132,2.759966322419444,1
1372593,1372594,1372598,short,1254.0,1254.227397179748,loss,-5.5739717974809535,2.273971797480411,4
1372901,1372902,1372904,long,1257.76,1257.4955115272244,loss,-5.944884727756107,2.644884727757007,2
1374174,1374175,1374178,long,1246.3,1246.9196800183788,win,2.8968001837885824,3.8299135870139054,3
1376252,1376253,1376265,short,1258.67,1258.3092101045404,win,0.307898954596749,2.229851022617908,12
1377399,1377400,1377401,short,1242.33,1242.9948984562936,loss,-9.948984562937131,6.648984562937452,1
1378934,1378935,1378940,long,1230.53,1230.9748952368875,win,1.1489523688753254,2.7496615382421306,5
1379812,1379813,1379813,long,1232.72,1233.1347270444112,win,0.847270444111655,2.563207938263691,0
1380092,1380093,1380095,short,1231.18,1231.6978929248446,loss,-8.478929248445457,5.178929248445116,2
1380264,1380265,1380265,long,1229.88,1229.542622109231,loss,-6.673778907691758,3.3737789076920333,0
1380729,1380730,1380730,short,1254.87,1255.2256933444141,loss,-6.856933444142487,3.556933444143198,0
1380867,1380868,1380868,short,1256.42,1256.0842324260695,win,0.057675739305250495,2.075201322190483,0
1382300,1382301,1382307,short,1262.47,1262.7188200994588,loss,-5.7882009945872595,2.4882009945862036,6
1382310,1382311,1382311,long,1263.35,1263.1159286828006,loss,-5.640713171993229,2.3407131719940555,0
1382595,1382596,1382596,short,1254.21,1253.838171662323,win,0.4182833767701597,2.29807378045071,0
1382824,1382825,1382831,short,1251.8,1252.464475344689,loss,-9.94475344688981,6.644753446889096,6
1384126,1384127,1384131,long,1244.35,1245.3886621839886,win,7.08662183988663,6.419420172982974,4
1384648,1384649,1384654,long,1243.65,1243.500856041194,loss,-4.791439588060075,1.4914395880610887,5
1387194,1387195,1387203,long,1223.85,1224.159663138503,loss,-0.20336861496916736,1.9138636495862593,8
1388308,1388309,1388309,short,1220.18,1219.2820955887955,win,5.679044112045358,5.549471021041568,0
1388463,1388464,1388467,short,1219.91,1220.2397442856998,loss,-6.597442856996895,3.2974428569962964,3
1388469,1388470,1388471,long,1220.6,1220.2633046809383,loss,-6.666953190616186,3.366953190616666,1
1388475,1388476,1388482,long,1221.0,1221.561805651673,win,2.3180565167301213,3.4722228162732414,6
1395983,1395984,1395991,long,1217.92,1218.4105873977246,win,1.605873977245392,3.032060554539735,7
1399795,1399796,1399800,short,1225.16,1225.4135059217742,loss,-5.835059217741491,2.5350592177415923,4
1399811,1399812,1399812,long,1226.19,1226.562165748366,win,0.42165748365887357,2.300159136995374,0
1400475,1400476,1400476,short,1240.96,1239.9754947367076,win,6.5450526329247625,6.084704964724807,0
1403341,1403342,1403342,short,1256.91,1257.3104637017348,loss,-7.304637017346795,4.004637017347309,0
1403344,1403345,1403345,long,1257.95,1257.537228202799,loss,-7.427717972010032,4.127717972009446,0
1403369,1403370,1403376,short,1257.08,1257.4352389974038,loss,-6.852389974038306,3.552389974039273,6
1403382,1403383,1403387,long,1257.88,1257.5692334941032,loss,-6.40766505896936,3.107665058970072,4
1407305,1407306,1407312,short,1234.55,1233.4375388364494,win,7.824611635505062,6.875532531214774,6
1407495,1407496,1407497,short,1224.48,1225.0064395996642,loss,-8.564395996641725,5.264395996641748,1
1408760,1408761,1408768,short,1229.08,1229.5384262569708,loss,-7.884262569708244,4.58426256970784,7
1408779,1408780,1408790,long,1229.86,1230.4821139049052,win,2.9211390490529086,3.8449561489816633,10
1409967,1409968,1409968,long,1238.1,1237.8705618320416,loss,-5.594381679582784,2.2943816795823566,0
1410158,1410159,1410167,long,1234.82,1235.5185560420305,win,3.685560420305319,4.317404462487864,8
1412152,1412153,1412154,short,1250.14,1250.4053080548192,loss,-5.9530805481911555,2.6530805481910993,1
1413974,1413975,1413975,short,1267.35,1265.7123075270104,win,13.076924729895563,10.12170873293955,0
1419816,1419817,1419819,long,1242.2,1241.9310212151236,loss,-5.989787848764808,2.689787848765378,2
1419843,1419844,1419846,short,1241.48,1241.0661758390306,win,0.838241609693978,2.5576276944957774,2
1420788,1420789,1420789,long,1264.68,1264.3739493017486,loss,-6.3605069825151075,3.0605069825159568,0
1420800,1420801,1420803,long,1264.76,1265.26755349791,win,1.7755349791006667,3.136919022930203,2
1422886,1422887,1422889,long,1293.58,1294.0578536199491,win,1.4785361994920097,2.9533598266324472,2
1424002,1424003,1424008,short,1294.35,1293.90725080438,win,1.1274919561985373,2.736397995178644,5
1424849,1424850,1424854,long,1287.88,1288.480736618165,win,2.7073661816500136,3.7128344756796783,4
1426310,1426311,1426313,long,1273.37,1273.9039310223052,win,2.0393102230529623,3.2999445136301353,2
1426842,1426843,1426843,short,1280.62,1280.8163721187145,loss,-5.263721187146348,1.963721187146514,0
1426844,1426845,1426846,short,1280.52,1280.7175030555234,loss,-5.275030555233843,1.975030555234968,1
1428418,1428419,1428419,long,1279.36,1278.9203171270392,loss,-7.696828729607023,4.396828729606048,0
1429621,1429622,1429623,long,1284.63,1284.4162063077406,loss,-5.437936922595145,2.1379369225956313,1
1429642,1429643,1429644,short,1284.03,1284.2285600614139,loss,-5.285600614139002,1.9856006141385318,1
1430120,1430121,1430123,short,1271.04,1269.93941558002,win,7.705844199798958,6.802128677255432,2
1430206,1430207,1430207,long,1266.91,1266.248682505372,loss,-9.913174946280652,6.613174946281189,0
1432503,1432504,1432505,short,1272.34,1272.6707342807442,loss,-6.607342807443092,3.3073428074440936,1
1432507,1432508,1432508,long,1273.35,1273.0033611256672,loss,-6.7663887433271155,3.4663887433274336,0
1433901,1433902,1433912,long,1271.48,1271.118361304235,loss,-6.91638695765123,3.6163869576523178,10
1434492,1434493,1434494,short,1269.74,1270.1363751356166,loss,-7.263751356166085,3.963751356166354,1
1437060,1437061,1437061,short,1284.78,1283.9721954324705,win,4.778045675295016,4.992611665819158,0
1439191,1439192,1439192,long,1275.16,1275.5868479628627,win,0.9684796286266648,2.6381209076807703,0
1441164,1441165,1441165,short,1245.9,1246.580348903362,loss,-10.103489033618462,6.803489033617433,0
1441317,1441318,1441323,short,1250.97,1251.3944962958394,loss,-7.544962958393898,4.244962958393213,5
1441343,1441344,1441348,long,1252.32,1252.9303383637484,win,2.803383637484967,3.7721777734760047,4
1441999,1442000,1442011,long,1254.07,1254.370007788866,loss,-0.29992211134031077,1.854189053559642,11
1442727,1442728,1442729,short,1250.2,1250.5196823112587,loss,-6.496823112587026,3.1968231125880564,1
1442737,1442738,1442742,long,1251.16,1251.6932031154763,win,2.0320311547622625,3.2954457075173473,4
1445023,1445024,1445025,short,1242.74,1243.042414510461,loss,-6.324145104609488,3.0241451046103527,1
1445546,1445547,1445553,short,1228.73,1228.3079334130164,win,0.9206658698364665,2.6085697588601944,6
1445594,1445595,1445621,short,1228.38,1228.6770159478406,loss,-6.270159478404639,2.97015947840414,26
1446446,1446447,1446447,long,1221.79,1221.5161006442497,loss,-6.038993557502454,2.73899355750167,0
1447355,1447356,1447358,long,1232.5,1232.1613241186092,loss,-6.6867588139082725,3.3867588139085605,2
1447504,1447505,1447509,short,1229.4,1229.1346913748057,loss,-0.6469137480560674,1.6397319233271705,4
1447819,1447820,1447828,short,1227.02,1226.6327782177134,win,0.5722178228658779,2.393212498681255,8
1449048,1449049,1449050,long,1221.71,1222.3963519531171,win,3.563519531170823,4.241977460551006,1
1449629,1449630,1449633,long,1214.1,1214.5749845474838,win,1.4498454748392762,2.9356276111491058,3
1450577,1450578,1450582,long,1206.05,1206.5383710767135,win,1.5837107671351989,3.0183626496508786,4
1451941,1451942,1451948,long,1213.98,1214.702924338059,win,3.9292433805887415,4.468011978114494,6
1451998,1451999,1451999,long,1215.26,1215.7477012224579,win,1.5770122245787208,3.014222635709931,0
1452895,1452896,1452897,long,1216.66,1216.4222737826833,loss,-5.677262173167764,2.3772621731673835,1
1452937,1452938,1452939,short,1215.86,1216.1463918096033,loss,-6.1639180960340125,2.8639180960331725,1
1454528,1454529,1454531,short,1214.0,1212.9434872427885,win,7.265127572115216,6.529745100194801,2
1455335,1455336,1455339,long,1211.27,1211.0683966319334,loss,-5.316033680665714,2.016033680665339,3
1455570,1455571,1455572,short,1211.77,1212.0851866539595,loss,-6.451866539594721,3.151866539595465,1
1457015,1457016,1457019,long,1241.65,1241.392045398871,loss,-5.879546011290858,2.579546011291747,3
1457092,1457093,1457093,short,1240.13,1240.3515191160652,loss,-5.515191160651102,2.215191160652111,0
1461586,1461587,1461587,long,1270.72,1270.3636461130022,loss,-6.863538869977947,3.563538869978045,0
1461746,1461747,1461747,short,1269.67,1269.8203325937968,loss,-4.803325937967474,1.503325937967101,0
1461748,1461749,1461750,short,1269.66,1269.4085201027094,loss,-0.7852010270933532,1.5542638893123895,1
1463547,1463548,1463548,long,1274.4,1274.1436524478086,loss,-5.863475521915279,2.563475521916353,0
1463845,1463846,1463846,short,1279.95,1280.2828550860283,loss,-6.62855086028303,3.3285508602829044,0
1463848,1463849,1463849,long,1280.98,1281.532478720824,win,2.224787208239559,3.414578002619858,0
1463970,1463971,1463974,long,1284.18,1284.535104722467,win,0.2510472246687643,2.1947139831078784,3
1469109,1469110,1469128,long,1284.33,1284.0300869204543,loss,-6.29913079545604,2.999130795455466,18
1477444,1477445,1477448,short,1326.1,1325.5890396250595,win,1.8096037494039594,3.157975123240765,3
1477543,1477544,1477547,short,1325.8,1324.9348763204803,win,5.351236795196837,5.346870701604496,3
1481293,1481294,1481298,short,1315.2,1314.774009024893,win,0.9599097510696994,2.632824320809873,4
1481396,1481397,1481407,short,1316.25,1315.7008929292706,win,2.191070707294057,3.3937396213195616,10
1482071,1482072,1482073,long,1319.26,1320.1115877439934,win,5.215877439933775,5.263212262011486,1
1482911,1482912,1482916,short,1329.69,1329.978282856745,loss,-6.182828567448996,2.8828285674486818,4
1483719,1483720,1483720,long,1336.68,1336.3131636643805,loss,-6.968363356196096,3.6683633561960236,0
1483737,1483738,1483738,long,1336.93,1337.4863882398638,win,2.263882398637361,3.4387406666482256,0
1488087,1488088,1488088,long,1369.04,1368.6892614361284,loss,-6.807385638715732,3.507385638715429,0
1488099,1488100,1488101,short,1368.17,1368.475158459973,loss,-6.351584599729722,3.0515845997295385,1
1488108,1488109,1488114,long,1368.67,1368.388542989204,loss,-6.114570107959753,2.8145701079600074,5
1488114,1488115,1488118,short,1367.99,1368.2584874344607,loss,-5.984874344606669,2.684874344607725,3
1488278,1488279,1488281,long,1368.6,1368.1702804934102,loss,-7.5971950658966305,4.297195065896604,2
1488296,1488297,1488301,short,1367.66,1366.9836051702478,win,3.463948297523257,4.180437761138718,4
1491336,1491337,1491338,short,1358.76,1359.1582519039457,loss,-7.282519039457202,3.9825190394565255,1
1497080,1497081,1497082,short,1325.74,1324.9143346054937,win,4.95665394506359,5.102999966047414,1
1497524,1497525,1497526,long,1331.86,1331.3714014252382,loss,-8.185985747616815,4.885985747617394,1
1498695,1498696,1498699,long,1329.22,1328.9559929885795,loss,-5.940070114205173,2.640070114204277,3
1498704,1498705,1498717,short,1328.29,1327.7881216816374,win,1.7187831836251464,3.101843747604973,12
1502145,1502146,1502153,long,1317.59,1318.084019445303,win,1.6401944530313814,3.0532722206615794,7
1503129,1503130,1503133,long,1332.23,1332.6721512718552,win,1.1215127185520943,2.7327025454593312,3
1503667,1503668,1503672,long,1324.37,1324.9818289241387,win,2.818289241387629,3.7813901368276195,4
1504652,1504653,1504656,long,1317.21,1317.5105607806395,loss,-0.2943921936055629,1.8576068024687336,3
1505739,1505740,1505776,long,1315.79,1316.276193168964,win,1.5619316896406419,3.0049021567613314,36
1511936,1511937,1511949,short,1348.87,1349.1505946399584,loss,-6.105946399585082,2.8059463995854355,12
1511955,1511956,1511971,long,1349.25,1348.9996064598133,loss,-5.8039354018667835,2.503935401867341,15
1511972,1511973,1511975,short,1348.9,1348.5714702926027,loss,-0.014702926026347818,2.030467907276002,2
1511975,1511976,1511976,short,1348.54,1348.214369100618,loss,-0.04369100617923305,2.012551912126957,0
1514295,1514296,1514304,short,1362.58,1362.255368750639,loss,-0.05368750639108821,2.0063736054439727,8
1515125,1515126,1515129,short,1356.55,1356.8112105922596,loss,-5.9121059225965835,2.6121059225964176,3
1515134,1515135,1515145,long,1357.27,1357.6741326488354,win,0.7413264883545709,2.4977295972521105,10
1515401,1515402,1515402,long,1358.06,1357.821025746114,loss,-5.689742538859991,2.3897425388597613,0
1515467,1515468,1515469,long,1357.75,1357.5375360453709,loss,-5.424639546291291,2.124639546291546,1
1517354,1517355,1517355,short,1363.17,1363.4009090693985,loss,-5.609090693984217,2.3090906939831823,0
1517470,1517471,1517472,short,1361.88,1362.0860740710116,loss,-5.360740710114714,2.06074071011381,1
1519518,1519519,1519521,long,1335.17,1334.9981291624256,loss,-5.018708375744882,1.7187083757445825,2
1519787,1519788,1519793,long,1334.06,1334.346834721385,loss,-0.43165278614951585,1.7727733089305446,5
1519891,1519892,1519896,short,1334.63,1334.752836860468,loss,-4.528368604679417,1.2283686046786424,4
1520297,1520298,1520299,short,1333.61,1333.3886618433612,loss,-1.086618433613057,1.3679737740334532,1
1521114,1521115,1521120,long,1346.27,1345.9566962372894,loss,-6.43303762710575,3.1330376271052827,5
1523685,1523686,1523692,long,1338.47,1338.2275021075823,loss,-5.724978924177594,2.4249789241769824,6
1523950,1523951,1523955,long,1340.23,1340.0138669903997,loss,-5.4613300960029845,2.1613300960037347,4
1525224,1525225,1525228,long,1337.45,1337.1070133578655,loss,-6.7298664213451955,3.429866421345046,3
1526337,1526338,1526338,long,1339.97,1339.8177931108914,loss,-4.822068891085837,1.5220688910854618,0
1528595,1528596,1528596,short,1342.24,1342.478964230608,loss,-5.689642306079622,2.3896423060792076,0
1529827,1529828,1529836,short,1349.59,1349.0764691785064,win,1.8353082149353215,3.1738616903182795,8
1530269,1530270,1530272,short,1350.26,1350.571336273854,loss,-6.413362738540672,3.1133627385396236,2
1532355,1532356,1532358,short,1333.69,1333.3383173001098,win,0.21682699890261592,2.173564276206359,2
1532581,1532582,1532582,long,1333.38,1333.6965538201353,loss,-0.13446179864858987,1.956451298734448,0
1533105,1533106,1533109,short,1338.6,1338.8702954973883,loss,-6.0029549738836065,2.702954973884323,3
1533121,1533122,1533127,long,1339.0,1338.7940611789554,loss,-5.3593882104458315,2.059388210445917,5
1533820,1533821,1533823,long,1339.01,1339.4242353750994,win,0.8423537509945165,2.5601691909735056,2
1534312,1534313,1534314,short,1342.48,1341.9295341475672,win,2.204658524328079,3.4021375304868853,1
1534314,1534315,1534316,short,1341.77,1342.1155680299762,loss,-6.755680299762207,3.45568029976133,1
1534754,1534755,1534755,long,1338.24,1338.516619871913,loss,-0.5338012808700112,1.7096407411184105,0
1534920,1534921,1534923,short,1338.53,1338.2042538190892,loss,-0.04253819089244626,2.0132644061231377,2
1535745,1535746,1535749,short,1326.71,1326.1710810546583,win,2.0891894534172026,3.3307722209010713,3
1535958,1535959,1535959,short,1323.98,1324.2751301544645,loss,-6.251301544644593,2.951301544643632,0
1535965,1535966,1535970,long,1324.9,1325.3672712154932,win,1.37271215493156,2.887955596372816,4
1536687,1536688,1536692,long,1326.64,1326.4378283748151,loss,-5.321716251849739,2.0217162518496914,4
1536738,1536739,1536744,short,1325.94,1325.5896425008057,win,0.20357499194387874,2.1653739134381116,5
1537364,1537365,1537369,long,1322.53,1322.748776455932,loss,-1.1122354406787052,1.3521412603969154,4
1537369,1537370,1537371,long,1322.66,1322.528092240293,loss,-4.6190775970701905,1.3190775970699977,1
1537381,1537382,1537382,short,1322.08,1321.8229327569818,loss,-0.7293275698187243,1.5887963103717873,0
1537525,1537526,1537529,short,1321.38,1321.1108920255203,loss,-0.6089202552023378,1.663213686525591,3
1537655,1537656,1537657,short,1322.3,1322.4939276448251,loss,-5.239276448251803,1.939276448252235,1
1537659,1537660,1537665,long,1322.7,1322.491037565767,loss,-5.389624342329443,2.089624342328385,5
1538810,1538811,1538824,long,1321.54,1321.2026643308316,loss,-6.673356691683966,3.373356691684708,13
1539974,1539975,1539976,long,1323.57,1323.3084104517582,loss,-5.915895482417727,2.615895482418613,1
1539989,1539990,1539996,long,1323.68,1324.1181238709123,win,1.0812387091224993,2.7078113158973185,6
1540055,1540056,1540059,short,1324.14,1324.4083664789525,loss,-5.9836647895243,2.683664789523795,3
1540514,1540515,1540517,long,1323.46,1323.7842889421959,loss,-0.05711057804164721,2.0042579863773264,2
1540567,1540568,1540570,short,1323.35,1323.4965566752617,loss,-4.765566752617633,1.465566752616563,2
1542592,1542593,1542595,short,1308.42,1307.603225687718,win,4.867743122821776,5.048048901620066,2
1544611,1544612,1544621,long,1313.85,1313.50631298571,loss,-6.736870142897987,3.4368701428977504,9
1544629,1544630,1544646,short,1313.37,1313.6847469321574,loss,-6.447469321575045,3.147469321574228,16
1544676,1544677,1544697,short,1313.53,1313.8036938710552,loss,-6.0369387105522945,2.7369387105514362,20
1544697,1544698,1544704,long,1313.85,1313.5747068172777,loss,-6.0529318272218005,2.7529318272209173,6
1545300,1545301,1545306,short,1321.97,1320.6260199424594,win,10.139800575406479,8.306428044132414,5
1546042,1546043,1546063,short,1324.02,1324.228128856105,loss,-5.381288561050769,2.0812885610513687,20
1546491,1546492,1546504,short,1326.36,1326.5946773973196,loss,-5.646773973197287,2.3467739731973096,12
1547353,1547354,1547356,long,1327.03,1326.8159171356908,loss,-5.440828643091481,2.1408286430914205,2
1547360,1547361,1547361,long,1327.18,1327.5265155413315,win,0.1651554133142783,2.141628809217464,0
1548088,1548089,1548095,long,1349.36,1349.8234745068075,win,1.334745068076427,2.8644901533226523,6
1550435,1550436,1550446,long,1347.24,1347.965558585217,win,3.9555858521695884,4.484292862898765,10
1550454,1550455,1550458,short,1346.51,1345.6850821932735,win,4.949178067264893,5.098379522414009,3
1550622,1550623,1550624,short,1344.18,1344.6155935265342,loss,-7.655935265341486,4.3559352653416346,1
1550626,1550627,1550628,short,1343.93,1343.2088426531684,win,3.9115734683166012,4.457091142346277,1
1550967,1550968,1550968,long,1337.44,1338.0418761202225,win,2.718761202224141,3.719877133636651,0
1551222,1551223,1551225,short,1337.89,1338.0518710368372,loss,-4.918710368370557,1.6187103683713322,2
1551682,1551683,1551685,long,1336.14,1336.456465530528,loss,-0.13534469472078836,1.9559056274906195,2
1552915,1552916,1552916,short,1328.93,1329.2433363320993,loss,-6.433363320991975,3.133363320992417,0
1552920,1552921,1552930,short,1328.79,1328.3014762506418,win,1.5852374935813716,3.019306238306845,9
1553361,1553362,1553363,short,1325.35,1324.5923568164785,win,4.276431835213953,4.682590751059711,1
1553484,1553485,1553488,short,1321.07,1321.39301772293,loss,-6.530177229299897,3.230177229299563,3
1553615,1553616,1553618,short,1328.0,1327.2530224987186,win,4.169775012814353,4.616671824977728,2
1553718,1553719,1553719,long,1327.62,1327.3832615892907,loss,-5.667384107092221,2.367384107092502,0
1554255,1554256,1554263,long,1328.66,1329.0770294150823,win,0.8702941508219739,2.5774376704715243,7
1554290,1554291,1554293,short,1328.18,1328.4701123907425,loss,-6.2011239074247895,2.9011239074243322,2
1554304,1554305,1554309,long,1328.84,1328.5537375070646,loss,-6.1626249293529325,2.8626249293519517,4
1554725,1554726,1554732,long,1325.32,1326.172623425785,win,5.226234257851684,5.269613261960525,6
1555673,1555674,1555678,short,1321.13,1320.6799954190049,win,1.2000458099525533,2.7812396847673253,4
1556653,1556654,1556655,long,1323.15,1322.9266258234695,loss,-5.533741765305694,2.2337417653061813,1
1560246,1560247,1560249,short,1314.0,1313.4195627651934,win,2.504372348065954,3.5873747515858168,2
1560309,1560310,1560310,short,1313.25,1313.471382147367,loss,-5.513821473669668,2.213821473670522,0
1560317,1560318,1560329,long,1313.86,1314.2575272151496,win,0.6752721514969382,2.4569049143992685,11
1560619,1560620,1560622,long,1313.39,1313.141683479511,loss,-5.783165204891975,2.483165204890865,2
1560665,1560666,1560670,long,1313.22,1313.4822764010428,loss,-0.6772359895724547,1.620991353787077,4
1560685,1560686,1560688,long,1313.52,1313.8036613060992,loss,-0.46338693900752315,1.7531601118620155,2
1561134,1561135,1561138,long,1315.94,1316.1905940939196,loss,-0.7940590608048295,1.548789208402699,3
1561416,1561417,1561426,short,1314.25,1314.4253426466005,loss,-5.053426466004839,1.7534264660055938,9
1561614,1561615,1561616,long,1314.44,1314.8839074473876,win,1.139074473875735,2.7435565351523854,1
1561843,1561844,1561854,long,1314.18,1314.4662820606984,loss,-0.4371793930165948,1.7693576062939653,10
1561854,1561855,1561857,long,1314.44,1314.7225771410554,loss,-0.4742285894470113,1.746459462641498,2
1563752,1563753,1563753,long,1332.98,1333.2087476307906,loss,-1.0125236920937821,1.413767804639812,0
1564074,1564075,1564078,long,1332.93,1332.714996836721,loss,-5.450031632791069,2.150031632790021,3
1564096,1564097,1564104,short,1332.29,1332.4973303258241,loss,-5.373303258241594,2.0733032582409403,7
1564306,1564307,1564307,long,1337.27,1337.827882445229,win,2.2788244522909737,3.4479755576586872,0
1564738,1564739,1564739,long,1337.61,1337.2613757479617,loss,-6.7862425203823475,3.486242520382267,0
1564743,1564744,1564745,long,1337.95,1337.5643147423332,loss,-7.156852576668643,3.8568525766682886,1
1564754,1564755,1564755,short,1336.14,1336.4734324284284,loss,-6.634324284282957,3.334324284282623,0
1564817,1564818,1564824,short,1336.7,1336.9176742075904,loss,-5.476742075903348,2.1767420759043903,6
1564897,1564898,1564899,short,1336.8,1337.0382871710842,loss,-5.682871710842664,2.3828717108419566,1
1565338,1565339,1565345,short,1334.46,1334.6681989694735,loss,-5.3819896947341475,2.0819896947341308,6
1565918,1565919,1565924,short,1337.92,1337.5584629301386,win,0.31537069861469735,2.2344689113808167,5
1566784,1566785,1566786,short,1339.69,1339.474602127297,loss,-1.14602127296921,1.3312600290667143,1
1566990,1566991,1566991,short,1337.67,1337.8564294066637,loss,-5.164294066635921,1.8642940666355103,0
1567319,1567320,1567320,long,1335.04,1334.862708725398,loss,-5.072912746018846,1.7729127460181104,0
1567358,1567359,1567379,long,1335.17,1334.9823798223895,loss,-5.176201776105972,1.8762017761062704,20
1568139,1568140,1568145,short,1326.55,1326.7472678289628,loss,-5.27267828962822,1.972678289627151,5
1568686,1568687,1568689,long,1325.34,1325.518897838639,loss,-1.511021613608409,1.1056726739134515,2
1569628,1569629,1569631,short,1322.07,1322.3683345142233,loss,-6.283345142233702,2.9833451422342736,2
1569650,1569651,1569653,long,1322.6,1323.0398253285123,win,1.0982532851237012,2.7183271230677257,2
1572626,1572627,1572629,short,1315.59,1315.7892062255564,loss,-5.292062255565088,1.9920622555654102,2
1573051,1573052,1573054,long,1315.94,1316.3263377574215,win,0.5633775742141554,2.3877488097734223,2
1573142,1573143,1573143,long,1315.88,1315.6807783448717,loss,-5.2922165512844,1.9922165512838024,0
1573231,1573232,1573234,long,1317.77,1317.5958189069602,loss,-5.04181093039806,1.7418109303979306,2
1574445,1574446,1574446,short,1307.49,1307.8242458969103,loss,-6.642458969102608,3.3424589691029896,0
1575813,1575814,1575819,long,1271.71,1272.2072716739071,win,1.6727167390710749,3.0733725210578657,5
1575972,1575973,1575980,short,1273.51,1273.1169756531267,win,0.630243468732897,2.4290750733828825,7
1578682,1578683,1578684,long,1255.77,1256.2120141227192,win,1.1201412271922893,2.7318548993773577,1
1580155,1580156,1580156,short,1261.55,1261.2716814760342,loss,-0.5168147603429132,1.720139208688314,0
1580747,1580748,1580815,long,1259.61,1259.1408679265683,loss,-7.9913207343163775,4.691320734315567,67
1583411,1583412,1583418,long,1255.01,1254.7185256668279,loss,-6.214743331721183,2.9147433317210947,6
1583548,1583549,1583552,short,1255.19,1255.3694084896288,loss,-5.094084896287131,1.7940848962865708,3
1584456,1584457,1584478,long,1257.13,1256.7753988107102,loss,-6.846011892899514,3.546011892900011,21
1585581,1585582,1585582,short,1253.48,1253.1185162387987,win,0.314837612012707,2.2341394388211433,0
1585993,1585994,1585997,short,1253.44,1252.856601961377,win,2.533980386230451,3.605673909907628,3
1588725,1588726,1588727,long,1261.79,1262.0570268100275,loss,-0.6297318997242654,1.6503511126553219,1
1591536,1591537,1591538,short,1265.9,1266.012904351287,loss,-4.42904351286943,1.1290435128686733,1
1592000,1592001,1592001,long,1262.33,1262.2072167062342,loss,-4.527832937656785,1.2278329376558808,0
1592014,1592015,1592015,long,1262.4,1262.6186801044907,loss,-1.113198955093412,1.3515457632303218,0
1592519,1592520,1592525,long,1266.4,1266.0739973155505,loss,-6.560026844495769,3.260026844495607,5
1592883,1592884,1592889,long,1266.92,1267.138191347111,loss,-1.118086528891399,1.3485250130454478,5
1593020,1593021,1593050,short,1265.49,1265.9780058568285,loss,-8.180058568285222,4.880058568286041,29
1594236,1594237,1594237,short,1262.86,1262.9954605208593,loss,-4.654605208593966,1.3546052085930318,0
1595506,1595507,1595508,short,1272.58,1272.1427999807918,win,1.0720001920814868,2.7021014784183515,1
1596668,1596669,1596673,long,1271.64,1272.199603599292,win,2.296035992919042,3.4586130982190544,4
1596673,1596674,1596685,long,1272.22,1272.7712354817654,win,2.2123548176538863,3.4068942012699375,11
1597018,1597019,1597020,long,1266.6,1266.4813484010945,loss,-4.486515989054442,1.1865159890546324,1
1599788,1599789,1599791,short,1277.54,1276.9286242003225,win,2.8137579967748936,3.778589614817181,2
1599791,1599792,1599793,short,1276.99,1276.3727853798273,win,2.8721462017271735,3.8146762680636686,1
1600234,1600235,1600239,long,1276.72,1276.9295502574303,loss,-1.2044974256976273,1.2951190199647205,4
1600326,1600327,1600327,long,1276.92,1276.8138881075633,loss,-4.361118924367292,1.0611189243684143,0
1600669,1600670,1600672,long,1274.21,1274.0434130012693,loss,-4.96586998730736,1.6658699873062515,2
1600677,1600678,1600688,short,1273.78,1273.4940978962354,loss,-0.44097896235443823,1.7670092939709132,10
1606345,1606346,1606353,short,1303.54,1302.5345868763363,win,6.754131236636295,6.213925362568744,7
1607397,1607398,1607401,short,1284.41,1284.632916597815,loss,-5.529165978149012,2.2291659781496227,3
1608684,1608685,1608687,long,1285.01,1284.8190465207294,loss,-5.209534792705472,1.9095347927063457,2
1608695,1608696,1608699,short,1284.29,1284.4637623969859,loss,-5.037623969859214,1.7376239698598595,3
1615261,1615262,1615272,short,1224.97,1224.5452449284824,win,0.947550715176658,2.6251858561039536,10
1616032,1616033,1616037,long,1224.38,1225.1834982962723,win,4.734982962722097,4.965996886726033,4
1616558,1616559,1616569,short,1231.44,1230.8451900621494,win,2.648099378506413,3.6762048074823217,10
1616903,1616904,1616905,long,1228.09,1227.5762482042949,loss,-8.437517957050478,5.137517957051192,1
1616912,1616913,1616913,long,1228.2,1227.719000936427,loss,-8.109990635731084,4.809990635731578,0
1616966,1616967,1616967,short,1227.54,1227.9108022246785,loss,-7.008022246785276,3.7080222467848336,0
1616972,1616973,1616975,short,1227.41,1226.8392361037959,win,2.4076389620419834,3.5275889753044414,2
1618163,1618164,1618168,long,1226.39,1226.0636451844164,loss,-6.56354815583727,3.263548155836252,4
1618648,1618649,1618652,long,1226.55,1227.6154160669753,win,7.35416066975331,6.584771736560155,3
1620115,1620116,1620123,long,1208.07,1207.4702528031928,loss,-9.297471968071296,5.997471968072166,7
1621011,1621012,1621012,short,1213.91,1214.2942518255215,loss,-7.1425182552146,3.8425182552135473,0
1621015,1621016,1621021,short,1213.8,1214.1728023410174,loss,-7.028023410174046,3.728023410174493,5
1621027,1621028,1621028,long,1215.07,1215.6318487010574,win,2.318487010574427,3.4724888816902952,0
1621369,1621370,1621379,long,1214.29,1215.0273573067655,win,4.0735730676548885,4.557214504112812,9
1621831,1621832,1621832,long,1214.19,1213.9276472263707,loss,-5.923527736293454,2.623527736292935,0
1621841,1621842,1621845,long,1214.09,1213.8501479324898,loss,-5.698520675101281,2.3985206751014343,3
1621845,1621846,1621849,short,1213.67,1213.922369027317,loss,-5.82369027316945,2.5236902731692634,3
1622971,1622972,1622972,short,1211.26,1211.6285526515271,loss,-6.985526515271249,3.6855265152717074,0
1622999,1623000,1623003,long,1212.33,1212.9807255318624,win,3.2072553186246298,4.021789442907518,3
1634119,1634120,1634126,long,1176.53,1176.2236488887174,loss,-6.363511112825381,3.0635111128256254,6
1634289,1634290,1634292,short,1171.53,1170.6225713963147,win,5.774286036852755,5.60833500423533,2
1635867,1635868,1635869,short,1170.73,1170.3278287310698,win,0.7217126893026036,2.485607348147394,1
1638314,1638315,1638316,short,1176.55,1176.2187039551404,win,0.012960448595277008,2.0475651721846737,1
1638898,1638899,1638900,long,1170.98,1170.596835396856,loss,-7.131646031439959,3.831646031438949,1
1638902,1638903,1638910,long,1171.08,1170.6978632025593,loss,-7.1213679744058025,3.821367974404871,7
1638935,1638936,1638940,long,1171.22,1170.940355426471,loss,-6.096445735291399,2.7964457352902703,4
1639028,1639029,1639031,short,1170.57,1170.189797735914,win,0.5020226408593773,2.349828579023321,2
1639146,1639147,1639147,long,1170.95,1170.7498383849197,loss,-5.301616150803329,2.0016161508038754,0
1639156,1639157,1639168,short,1170.25,1170.438927549025,loss,-5.189275490250384,1.8892754902513371,11
1639603,1639604,1639617,long,1167.61,1167.810996349286,loss,-1.290036507139848,1.2422518497282549,13
1641772,1641773,1641778,short,1163.6,1164.112399826773,loss,-8.423998267731623,5.123998267731197,5
1641868,1641869,1641873,long,1162.53,1162.1925983675947,loss,-6.674016324053173,3.3740163240522323,4
1641895,1641896,1641909,long,1162.33,1162.0748231411983,loss,-5.85176858801633,2.5517685880160643,13
1642283,1642284,1642284,long,1162.91,1162.6941824395956,loss,-5.458175604045027,2.1581756040453195,0
1642286,1642287,1642293,short,1162.16,1162.3813195641117,loss,-5.513195641115817,2.213195641114707,6
1646470,1646471,1646481,long,1130.18,1130.0375375061938,loss,-4.724624938063061,1.4246249380628346,10
1647084,1647085,1647085,short,1131.41,1130.8558452098673,win,2.2415479013277038,3.424936898224784,0
1647085,1647086,1647087,short,1130.9,1131.2538035141167,loss,-6.838035141166347,3.5380351411665343,1
1647386,1647387,1647389,short,1133.33,1133.689786828597,loss,-6.897868285971799,3.5978682859709377,2
1648417,1648418,1648418,short,1138.47,1138.9183236038882,loss,-7.783236038881841,4.4832360388813095,0
1648797,1648798,1648804,long,1139.51,1139.2610365223313,loss,-5.789634776686671,2.4896347766857088,6
1648907,1648908,1648915,short,1137.91,1137.527419462329,win,0.5258053767117419,2.364527426891745,7
1649251,1649252,1649254,short,1135.6,1135.1824306382243,win,0.8756936177557693,2.5807747946574193,2
1650148,1650149,1650160,long,1131.43,1131.2189751056628,loss,-5.410248943372426,2.1102489433727647,11
1651107,1651108,1651109,short,1134.7,1135.0463400826907,loss,-6.763400826906309,3.4634008269054797,1
1651343,1651344,1651346,short,1131.2,1131.4723121495847,loss,-6.023121495846499,2.723121495847015,2
1651348,1651349,1651350,long,1132.0,1132.463103045025,win,1.3310304502503643,2.862194345025021,1
1651640,1651641,1651641,short,1131.14,1130.8376817439907,loss,-0.27681743990642627,1.8684688257682627,0
1652339,1652340,1652342,short,1130.64,1130.835797308014,loss,-5.257973080138799,1.9579730801398212,2
1652442,1652443,1652444,long,1130.63,1130.417630458663,loss,-5.4236954133701145,2.1236954133697044,1
1652450,1652451,1652452,long,1130.66,1130.4266497297504,loss,-5.633502702497299,2.3335027024970985,1
1652608,1652609,1652614,short,1132.25,1132.6547250065958,loss,-7.3472500659575415,4.047250065957861,5
1653028,1653029,1653029,long,1128.67,1128.5174223034924,loss,-4.825776965077057,1.5257769650765374,0
1653235,1653236,1653238,long,1131.25,1131.033489133428,loss,-5.465108665719799,2.165108665719212,2
1653270,1653271,1653289,short,1131.14,1130.8527795540838,loss,-0.42779554083681415,1.7751572677148935,18
1653475,1653476,1653480,long,1131.57,1131.3785341393786,loss,-5.214658606212924,1.9146586062123305,4
1654178,1654179,1654181,short,1131.87,1131.5495411399336,loss,-0.09541139933689902,1.9805862797667775,2
1654599,1654600,1654601,long,1136.84,1136.6235574780583,loss,-5.4644252194164435,2.164425219416589,1
1654614,1654615,1654626,long,1136.85,1137.174570108362,loss,-0.0542989163780474,2.0059957253538254,11
1654805,1654806,1654807,short,1139.09,1139.2669563221295,loss,-5.069563221296266,1.7695632212960766,1
1654895,1654896,1654897,short,1143.8,1144.1032782758764,loss,-6.3327827587643695,3.03278275876326,1
1655039,1655040,1655042,short,1143.24,1143.3695311936758,loss,-4.5953119367580255,1.2953119367571149,2
1655050,1655051,1655054,short,1143.2,1143.3307112293046,loss,-4.60711229304552,1.3071122930452108,3
1655413,1655414,1655414,short,1136.42,1136.646270388077,loss,-5.56270388076955,2.2627038807693807,0
1655419,1655420,1655432,long,1137.04,1137.4076787092076,win,0.3767870920766656,2.272427127364603,12
1655925,1655926,1655929,long,1141.76,1141.516726498636,loss,-5.732735013640013,2.4327350136402717,3
1655954,1655955,1655955,long,1141.8,1141.5861708514385,loss,-5.438291485614445,2.1382914856143835,0
1655957,1655958,1655958,short,1141.43,1141.6397368738249,loss,-5.397368738247951,2.0973687382480155,0
1655969,1655970,1655975,long,1142.0,1141.7952281737062,loss,-5.34771826293836,2.0477182629392234,5
1656048,1656049,1656051,long,1142.07,1141.889903643701,loss,-5.100963562989182,1.8009635629886604,2
1657595,1657596,1657597,long,1149.66,1149.4290493339686,loss,-5.609506660315037,2.30950666031406,1
1657602,1657603,1657607,short,1149.09,1148.740218045328,win,0.1978195467192565,2.1618167779472466,4
1659036,1659037,1659045,long,1158.72,1158.4079622411891,loss,-6.420377588109022,3.1203775881087434,8
1659051,1659052,1659054,long,1159.07,1159.5893253772554,win,1.8932537725542717,3.2096747667208434,2
1659461,1659462,1659463,short,1156.96,1156.3082695690418,win,3.2173043095819596,4.02800019133658,1
1659463,1659464,1659464,short,1156.18,1156.586848089917,loss,-7.368480899170481,4.068480899171541,0
1659474,1659475,1659486,short,1156.01,1156.3923762432155,loss,-7.1237624321550355,3.8237624321550125,11
1660147,1660148,1660159,long,1157.28,1157.092544146085,loss,-5.174558539150257,1.874558539150212,11
1660162,1660163,1660173,short,1156.99,1156.716807928097,loss,-0.5680792809705961,1.6884553269646347,10
1661033,1661034,1661039,short,1159.63,1159.1428919586003,win,1.5710804139977883,3.0105564981450597,5
1661039,1661040,1661044,short,1159.04,1159.3318771856095,loss,-6.218771856095645,2.9187718560956224,4
1662862,1662863,1662866,long,1173.54,1173.3617661115197,loss,-5.082338884802357,1.7823388848032453,3
1662868,1662869,1662872,short,1173.06,1173.2366488595508,loss,-5.066488595508235,1.766488595507293,3
1662883,1662884,1662884,long,1173.55,1173.380990124477,loss,-4.990098755229883,1.6900987552291538,0
1663239,1663240,1663248,short,1172.05,1171.4679323527064,win,2.520676472935702,3.5974514665862216,8
1663658,1663659,1663659,short,1181.86,1182.2417608112173,loss,-7.117608112174184,3.817608112174488,0
1663664,1663665,1663674,long,1182.55,1182.1827489461962,loss,-6.972510538037841,3.672510538038194,9
1663675,1663676,1663681,short,1181.91,1181.2973385281498,win,2.8266147185028787,3.78653567274526,5
1664433,1664434,1664435,short,1173.98,1174.3296260127165,loss,-6.796260127164987,3.4962601271645766,1
1664451,1664452,1664455,long,1174.95,1174.603574976028,loss,-6.764250239719604,3.464250239718652,3
1664590,1664591,1664593,short,1177.59,1177.8852449426438,loss,-6.252449426438761,2.952449426437892,2
1664613,1664614,1664615,long,1178.35,1178.1028815370644,loss,-5.771184629355321,2.4711846293563977,1
1666221,1666222,1666224,short,1179.14,1179.6479853242101,loss,-8.379853242100399,5.079853242100644,2
1667003,1667004,1667005,short,1185.63,1185.8814873856206,loss,-5.814873856205213,2.5148738562041033,1
1667006,1667007,1667008,short,1185.37,1185.62860588327,loss,-5.886058832700928,2.586058832699839,1
1667267,1667268,1667269,short,1184.2,1183.704161006075,win,1.658389939249628,3.0645178858155417,1
1667723,1667724,1667728,long,1188.08,1187.6876007443357,loss,-7.223992556642588,3.9239925566424336,4
1667728,1667729,1667731,short,1187.11,1187.5005558795253,loss,-7.2055587952543645,3.905558795253984,2
1667910,1667911,1667917,long,1186.85,1186.596195159095,loss,-5.83804840904877,2.5380484090484248,6
1669529,1669530,1669530,long,1194.81,1194.371055852243,loss,-7.689441477569562,4.38944147756956,0
1669541,1669542,1669544,short,1193.5,1193.9218240860287,loss,-7.5182408602866415,4.218240860285523,2
1669557,1669558,1669562,long,1194.86,1194.431670063343,loss,-7.5832993665683714,4.283299366567393,4
1669928,1669929,1669930,short,1199.52,1199.9004432175786,loss,-7.104432175786587,3.8044321757876562,1
1669934,1669935,1669936,short,1199.35,1199.7123651157667,loss,-6.923651157668064,3.623651157668627,1
1669948,1669949,1669951,long,1200.22,1200.8672733711182,win,3.1727337111821727,4.000453467974375,2
1669952,1669953,1669954,long,1201.07,1200.6625098827772,loss,-7.374901172227783,4.074901172227106,1
1671454,1671455,1671456,short,1196.77,1197.0539522935294,loss,-6.1395229352940985,2.839522935293425,1
1671475,1671476,1671476,long,1197.72,1198.2191687382954,win,1.6916873829533872,3.0850972700572497,0
1671818,1671819,1671822,short,1194.17,1193.3544980977351,win,4.8550190226494125,5.040184810042236,3
1671934,1671935,1671941,short,1195.92,1195.3246070151392,win,2.6539298486083682,3.6798083118712035,6
1672806,1672807,1672808,short,1201.78,1202.0915485875548,loss,-6.415485875548529,3.1154858755480945,1
1672822,1672823,1672825,long,1202.44,1202.944197351701,win,1.7419735170089554,3.1161764629228386,2
1673003,1673004,1673005,short,1202.95,1203.2754633700804,loss,-6.554633700803424,3.2546337008033164,1
1673025,1673026,1673026,short,1202.81,1203.122528341312,loss,-6.425283413121451,3.125283413121253,0
1673043,1673044,1673054,short,1202.71,1202.9899878440394,loss,-6.099878440393968,2.7998784403948695,10
1673631,1673632,1673633,long,1207.24,1207.017935736315,loss,-5.520642636850698,2.220642636850164,1
1674226,1674227,1674231,short,1214.69,1213.5248310556776,win,8.351689443224313,7.201291374057406,4
1674282,1674283,1674286,short,1212.97,1213.5572943525333,loss,-9.17294352533263,5.872943525332415,3
1674289,1674290,1674296,long,1214.29,1215.2568667916155,win,6.3686679161553,5.975690924694655,6
1674862,1674863,1674867,long,1214.64,1214.3591497246387,loss,-6.108502753614448,2.808502753615217,4
1675627,1675628,1675629,long,1215.6,1215.0619975743368,loss,-8.680024256630805,5.380024256629936,1
1675750,1675751,1675765,short,1213.31,1212.7882451508972,win,1.9175484910276284,3.2246900438989314,14
1677150,1677151,1677154,long,1199.91,1199.5112141750317,loss,-7.287858249683995,3.9878582496849524,3
1677866,1677867,1677870,long,1208.15,1207.9164626788563,loss,-5.635373211437854,2.335373211438028,3
1678541,1678542,1678543,short,1204.35,1205.0492022574556,loss,-10.292022574556814,6.992022574556922,1
1678546,1678547,1678549,short,1203.9,1204.5608347893108,loss,-9.90834789310684,6.608347893106162,2
1680233,1680234,1680246,long,1217.58,1218.0449495060907,win,1.3494950609076115,2.8736063417234257,12
1680314,1680315,1680316,long,1217.28,1217.0005690960618,loss,-6.094309039381915,2.7943090393829517,1
1680723,1680724,1680734,long,1213.56,1214.0044189271769,win,1.144189271769119,2.746717720500363,10
1681063,1681064,1681067,long,1214.47,1215.0153309010268,win,2.153309010267731,3.3704011188304603,3
1683122,1683123,1683132,long,1198.66,1198.9959386016508,win,0.05938601650696018,2.076258353835937,9
1683391,1683392,1683395,long,1196.91,1196.645024927566,loss,-5.949750724340265,2.649750724341314,3
1684018,1684019,1684019,long,1187.77,1188.258908120207,win,1.589081202070429,3.0216818306990665,0
1684749,1684750,1684750,long,1182.67,1183.0204065156518,win,0.20406515651684476,2.165676858168438,0
1685706,1685707,1685709,long,1194.31,1194.0242577502343,loss,-6.157422497656898,2.8574224976576623,2
1685716,1685717,1685720,short,1193.61,1193.9097591572215,loss,-6.2975915722161515,2.9975915722165896,3
1685829,1685830,1685839,short,1194.67,1194.8725873210647,loss,-5.325873210645841,2.0258732106451802,9
1685900,1685901,1685905,short,1194.11,1193.8728775140382,loss,-0.928775140383368,1.4655283433966562,4
1685960,1685961,1685961,short,1193.56,1193.7644665051014,loss,-5.3446650510143625,2.0446650510142113,0
1686015,1686016,1686020,short,1193.36,1193.0621887267985,loss,-0.3218872679856757,1.8406135550143476,4
1686233,1686234,1686238,short,1189.57,1189.142328205857,win,0.9767179414295244,2.643212571958433,4
1687110,1687111,1687114,short,1196.41,1196.6757076698757,loss,-5.9570766987561,2.6570766987563457,3
1689031,1689032,1689034,short,1210.99,1210.5936220722551,win,0.6637792774487936,2.449801778398791,2
1689206,1689207,1689213,short,1210.59,1210.2131844182466,win,0.4681558175336251,2.3288972914302066,6
1690315,1690316,1690317,long,1214.89,1214.5453231516972,loss,-6.746768483029245,3.446768483029986,1
1691769,1691770,1691792,long,1213.66,1213.4254219554275,loss,-5.645780445725722,2.345780445726686,22
1692086,1692087,1692087,long,1216.95,1216.3020502011116,loss,-9.77949798888476,6.479497988885845,0
1692267,1692268,1692270,long,1219.46,1219.9254552956427,win,1.3545529564264145,2.876732358730139,2
1692666,1692667,1692669,short,1223.71,1224.0297332086834,loss,-6.497332086833739,3.1973320868337107,2
1692832,1692833,1692833,short,1223.01,1223.1555915854842,loss,-4.75591585484226,1.4559158548416973,0
1693152,1693153,1693158,short,1222.52,1222.1677958499292,win,0.22204150070747364,2.1767870832549194,5
1693540,1693541,1693551,short,1228.07,1228.4262770671883,loss,-6.8627706718832995,3.5627706718832686,10
1694110,1694111,1694124,short,1232.22,1231.9469115060656,loss,-0.5691150606556219,1.6878151664677135,13
1695021,1695022,1695022,short,1234.62,1234.9146278546204,loss,-6.246278546205576,2.9462785462052725,0
1696113,1696114,1696114,long,1240.49,1240.0765545045053,loss,-7.4344549549467045,4.134454954945941,0
1696119,1696120,1696123,short,1238.92,1238.258249554732,win,3.31750445268126,4.0899285863301005,3
1696986,1696987,1697001,short,1241.06,1240.7355417847455,loss,-0.05541784745519163,2.005304173389181,14
1697159,1697160,1697160,long,1240.42,1240.8677288773351,win,1.1772887733506652,2.7671747672133393,0
1697939,1697940,1697948,short,1230.75,1231.0047774921086,loss,-5.8477749210858745,2.5477749210848093,8
1699699,1699700,1699700,long,1229.61,1229.4263914266808,loss,-5.136085733191339,1.8360857331924108,0
1700423,1700424,1700425,short,1222.4,1222.673000261919,loss,-6.0300026191892355,2.730002619188293,1
1700434,1700435,1700437,long,1223.46,1223.9260761847615,win,1.3607618476150494,2.8805697451272483,2
1701545,1701546,1701547,long,1229.78,1230.1959681567166,win,0.8596815671664446,2.570878595281561,1
1702366,1702367,1702367,short,1226.19,1226.35716164735,loss,-4.971616473499853,1.671616473498875,0
1702372,1702373,1702379,short,1226.13,1225.8464302318725,loss,-0.4643023187243669,1.7525943642004986,6
1702443,1702444,1702446,long,1226.33,1226.1723733761291,loss,-4.876266238707831,1.5762662387084614,2
1703707,1703708,1703719,short,1235.56,1235.8020197868784,loss,-5.720197868784726,2.4201978687847316,11
1704702,1704703,1704703,long,1240.39,1240.818585893236,win,0.9858589323600429,2.648862133720166,0
1705099,1705100,1705100,long,1237.84,1238.0728832943832,loss,-0.9711670561667232,1.4393281482281877,0
1706011,1706012,1706014,short,1238.43,1238.0872473426061,win,0.12752657393930367,2.118372418998943,2
1706366,1706367,1706370,short,1235.45,1235.082935714283,win,0.3706428571710605,2.268629701589532,3
1706541,1706542,1706542,long,1234.05,1233.910734874757,loss,-4.6926512524290045,1.3926512524280181,0
1707675,1707676,1707681,short,1232.73,1232.475332265019,loss,-0.7533226501898751,1.5739662236154186,5
1707681,1707682,1707684,short,1232.51,1232.6621183986056,loss,-4.821183986055803,1.5211839860565814,2
1707691,1707692,1707693,long,1232.8,1233.0280827173228,loss,-1.0191728267712277,1.4096583270876246,1
1707755,1707756,1707757,long,1233.31,1233.5454715208232,loss,-0.9452847917676079,1.4553246033581329,1
1708397,1708398,1708404,long,1234.31,1233.9316398068318,loss,-7.0836019316819145,3.7836019316814173,6
1708473,1708474,1708475,short,1236.92,1237.192804732714,loss,-6.028047327138938,2.728047327138232,1
1708597,1708598,1708601,short,1236.53,1236.237829633228,loss,-0.37829633228129733,1.8057501036586914,3
1710603,1710604,1710604,long,1236.62,1236.4239202027334,loss,-5.2607979726652045,1.9607979726645353,0
1710634,1710635,1710645,long,1236.9,1236.6903458190104,loss,-5.396541809896735,2.096541809896969,10
1710649,1710650,1710652,short,1236.35,1236.5579405217004,loss,-5.3794052170049325,2.079405217004666,2
1710675,1710676,1710680,short,1236.12,1236.3797004251844,loss,-5.897004251845192,2.5970042518455707,4
1710681,1710682,1710691,long,1236.81,1236.5476738130453,loss,-5.9232618695462405,2.62326186954547,9
1710769,1710770,1710770,long,1237.76,1237.5173774735313,loss,-5.726225264687218,2.426225264686718,0
1710782,1710783,1710783,short,1237.29,1237.4909861752528,loss,-5.30986175252865,2.0098617525282645,0
1710786,1710787,1710793,long,1237.68,1238.0125926995927,win,0.025926995926238483,2.055579107493953,6
1711846,1711847,1711862,short,1249.86,1249.6087405075364,loss,-0.7874050753646769,1.5529016839521672,15
1714422,1714423,1714423,short,1252.55,1252.7189421487685,loss,-4.989421487685649,1.689421487685399,0
1714434,1714435,1714438,long,1253.03,1253.290190018299,loss,-0.6980998170100063,1.6080965284238429,3
1714599,1714600,1714600,short,1253.03,1253.1549711277935,loss,-4.549711277935148,1.2497112779340827,0
1715966,1715967,1715980,long,1242.88,1243.1991624442098,loss,-0.10837555790276365,1.9725738208263601,13
1715980,1715981,1715989,long,1243.2,1243.4985516940808,loss,-0.3144830591925709,1.845189703837018,8
1717319,1717320,1717321,long,1246.6,1246.4571448622162,loss,-4.728551377837266,1.4285513778366676,1
1717329,1717330,1717342,long,1246.81,1246.6617927829604,loss,-4.7820721703949856,1.4820721703957591,12
1717372,1717373,1717375,short,1246.6,1246.403179218471,loss,-1.3317921847108662,1.2164448796600518,2
1717375,1717376,1717379,short,1246.39,1246.1959245770186,loss,-1.3592457701845886,1.1994772742986894,3
1718692,1718693,1718694,long,1233.46,1233.7378709831069,loss,-0.521290168931773,1.7173731959630973,1
1719190,1719191,1719195,long,1227.69,1228.201417644314,win,1.8141764431395133,3.16080126275631,4
1720034,1720035,1720035,long,1234.24,1234.0491018648256,loss,-5.208981351743932,1.9089813517435554,0
1720084,1720085,1720090,short,1233.63,1233.394596209861,loss,-0.9459620986088337,1.4549059959156225,5
1721361,1721362,1721363,long,1225.95,1225.7922463998966,loss,-4.877536001034332,1.577536001033795,1
1721364,1721365,1721368,long,1226.08,1226.336096641803,loss,-0.7390335819703067,1.5827975389558764,3
1721430,1721431,1721432,long,1226.5,1226.3238055736877,loss,-5.061944263123496,1.761944263122386,1
1721437,1721438,1721442,short,1226.14,1225.8627486531082,loss,-0.5274865310805579,1.7135435531022876,4
1722395,1722396,1722398,long,1214.97,1215.2437403299366,loss,-0.562596700634276,1.69184381913794,2
1724138,1724139,1724143,short,1207.05,1206.7809623110636,loss,-0.6096231106364938,1.662779288853004,4
1724514,1724515,1724517,long,1204.91,1205.2411374216942,win,0.01137421694165841,2.046584806515932,2
1725487,1725488,1725491,short,1198.98,1199.1457485581577,loss,-4.9574855815770205,1.6574855815778295,3
1725497,1725498,1725505,short,1198.89,1199.0536220203892,loss,-4.936220203890843,1.6362202038905556,7
1725505,1725506,1725512,long,1199.19,1199.0282915940375,loss,-4.917084059625995,1.6170840596249247,6
1725981,1725982,1725984,long,1197.04,1196.8277290720775,loss,-5.422709279224182,2.122709279223365,2
1726455,1726456,1726477,long,1202.47,1202.9467695034677,win,1.4676950346772175,2.9466594775504085,21
1726477,1726478,1726478,long,1202.94,1202.691673405252,loss,-5.783265947480504,2.4832659474802288,0
1726483,1726484,1726486,short,1202.26,1202.5220841009454,loss,-5.92084100945458,2.620841009455628,2
1726759,1726760,1726763,long,1205.92,1205.7398911157516,loss,-5.101088842485114,1.8010888424851945,3
1726766,1726767,1726774,short,1205.34,1205.5124122934542,loss,-5.02412293454272,1.7241229345431932,7
1726858,1726859,1726876,long,1204.83,1205.2231850981123,win,0.6318509811232618,2.4300685915476494,17
1727989,1727990,1727994,short,1203.59,1203.3217012132798,loss,-0.6170121327984814,1.6582125260821092,4
1728114,1728115,1728124,long,1202.65,1202.40116901071,loss,-5.78830989290127,2.4883098929001877,9
1728152,1728153,1728153,long,1202.75,1203.074700903029,loss,-0.05299096971002637,2.0068040978310573,0
1728688,1728689,1728702,short,1203.24,1202.938691120375,loss,-0.2869112037508783,1.8622304055923014,13
1731171,1731172,1731178,long,1225.12,1225.3872837001325,loss,-0.627162998674339,1.6519388141695617,6
1732221,1732222,1732225,short,1226.1,1225.751985697974,win,0.18014302025831075,2.1508918543006086,3
1732483,1732484,1732486,long,1226.75,1226.6657087578023,loss,-4.142912421976507,0.842912421977602,2
1732491,1732492,1732497,short,1226.53,1226.6211021500767,loss,-4.211021500767219,0.911021500766453,5
1732904,1732905,1732905,long,1229.04,1229.385077815846,win,0.15077815846025278,2.132742990396068,0
1733813,1733814,1733816,short,1233.74,1233.8719559845658,loss,-4.6195598456582045,1.3195598456579443,2
1734623,1734624,1734626,long,1233.35,1233.6798256279405,loss,-0.0017437205936401412,2.0384773049479388,2
1734689,1734690,1734695,long,1234.1,1233.9617585150477,loss,-4.68241484952232,1.3824148495226078,5
1734699,1734700,1734701,short,1233.71,1233.8431071266261,loss,-4.631071266261006,1.3310712662607842,1
1734712,1734713,1734714,long,1234.24,1234.0916463643146,loss,-4.783536356854529,1.4835363568550668,1
1734896,1734897,1734914,long,1234.28,1234.5245590514073,loss,-0.8544094859264986,1.5114898109227937,17
1735423,1735424,1735426,short,1229.14,1228.7722700836623,win,0.37729916337793856,2.2727436114817983,2
1735955,1735956,1735970,long,1243.73,1244.3675911839896,win,3.0759118398957073,3.9406130036444207,14
1736904,1736905,1736908,short,1246.7,1247.0232646180514,loss,-6.5326461805132565,3.2326461805130684,3
1736915,1736916,1736918,long,1247.07,1246.7754769279425,loss,-6.245230720574727,2.9452307205755757,2
1736923,1736924,1736925,short,1246.59,1246.1490506599475,win,1.109493400523843,2.7252740423512076,1
1737307,1737308,1737310,long,1248.33,1248.8582974049914,win,1.9829740499146284,3.2651261124314033,2
1737385,1737386,1737386,long,1249.83,1249.4928363987458,loss,-6.67163601254133,3.371636012542453,0
1737563,1737564,1737566,long,1248.01,1248.2620695317216,loss,-0.7793046827835495,1.557908107056381,2
1739351,1739352,1739352,long,1243.83,1243.7336884509846,loss,-4.263115490153541,0.9631154901524988,0
1739354,1739355,1739356,short,1243.61,1243.7134199753937,loss,-4.334199753937628,1.0341997539381442,1
1740149,1740150,1740152,short,1247.57,1247.826517418563,loss,-5.865174185631349,2.5651741856315606,2
1740638,1740639,1740639,long,1256.77,1256.6237205159634,loss,-4.762794840365404,1.462794840365418,0
1740656,1740657,1740663,short,1256.45,1256.243649872801,loss,-1.2364987280087005,1.2753407119846256,6
1740674,1740675,1740676,long,1256.7,1256.555483364303,loss,-4.7451663569707305,1.4451663569702373,1
1740687,1740688,1740691,short,1256.31,1256.433285879619,loss,-4.532858796190612,1.2328587961896094,3
1740781,1740782,1740789,short,1256.1,1256.2284881719215,loss,-4.584881719216173,1.284881719216569,7
1741031,1741032,1741038,long,1257.2,1257.4636495777647,loss,-0.6635042223531853,1.629478230930873,6
1741855,1741856,1741858,long,1253.41,1253.205310871952,loss,-5.346891280481304,2.046891280480504,2
1742049,1742050,1742056,long,1254.31,1254.1888060615734,loss,-4.511939384265861,1.2119393842660797,6
1742162,1742163,1742164,short,1254.1,1254.2201444052243,loss,-4.501444052244369,1.2014440522432477,1
1743405,1743406,1743412,short,1248.3,1248.0298278478326,loss,-0.598278478326665,1.669790804495131,6
1744406,1744407,1744407,short,1252.71,1252.426655427097,loss,-0.46655427097066404,1.751202551933632,0
1744488,1744489,1744496,long,1253.02,1253.4388901476698,win,0.8889014766979928,2.5889378718782416,7
1744858,1744859,1744861,short,1249.68,1249.468522841437,loss,-1.1852284143704308,1.307028174060977,2
1744942,1744943,1744957,long,1250.47,1250.276837780724,loss,-5.231622192760187,1.93162219276005,14
1745017,1745018,1745024,long,1251.11,1250.9161507927843,loss,-5.23849207215635,1.938492072155334,6
1745322,1745323,1745323,long,1250.54,1250.3337095305135,loss,-5.362904694864755,2.062904694863882,0
1745896,1745897,1745911,long,1243.9,1243.694605224234,loss,-5.353947757660808,2.053947757660273,14
1746210,1746211,1746215,long,1241.31,1241.188223642333,loss,-4.517763576669313,1.2177635766695725,4
1746217,1746218,1746219,long,1241.42,1241.6141720022063,loss,-1.3582799779381274,1.2000741792720488,1
1746359,1746360,1746368,short,1242.5,1242.1423209871975,win,0.27679012802464076,2.210624306566168,8
1746390,1746391,1746392,long,1243.02,1243.3883151779382,win,0.38315177938256983,2.276360803080105,1
1748662,1748663,1748668,long,1254.83,1255.0792658558692,loss,-0.8073414413077442,1.540580073357395,5
1749168,1749169,1749175,short,1257.22,1257.4058449446384,loss,-5.158449446383474,1.8584494463835122,6
1749177,1749178,1749178,long,1257.78,1257.5999467713752,loss,-5.100532286247289,1.8005322862470436,0
1749981,1749982,1749982,short,1255.96,1256.1318021045765,loss,-5.018021045764999,1.7180210457640503,0
1749992,1749993,1749996,short,1255.85,1255.5930357262594,loss,-0.7303572625944978,1.5881599118703733,3
1750049,1750050,1750052,short,1255.45,1255.1840884725436,loss,-0.6408847254358987,1.6434581424995738,2
1750052,1750053,1750061,short,1255.16,1255.3237098060686,loss,-4.9370980606848205,1.637098060684335,8
1752098,1752099,1752101,short,1252.72,1252.931013982782,loss,-5.410139827818784,2.1101398278188905,2
1752641,1752642,1752643,long,1252.46,1252.247141538754,loss,-5.428584612460145,2.128584612460899,1
1752643,1752644,1752646,short,1252.01,1251.6598244985976,win,0.20175501402418394,2.164249081597186,2
1752766,1752767,1752772,long,1251.67,1251.5722030447257,loss,-4.277969552743616,0.9779695527447368,5
1752883,1752884,1752894,short,1250.81,1251.007712508283,loss,-5.277125082830753,1.9771250828299636,10
1756536,1756537,1756538,short,1270.96,1271.396605580079,loss,-7.666055800790036,4.366055800788924,1
1758379,1758380,1758380,short,1286.05,1286.3943454348434,loss,-6.743454348434898,3.4434543484342326,0
1758727,1758728,1758738,short,1284.1,1284.41833267384,loss,-6.48332673840132,3.183326738402067,10
1759085,1759086,1759089,long,1286.94,1286.5850114841824,loss,-6.849885158176948,3.5498851581764237,3
1759094,1759095,1759098,long,1287.13,1286.8052385603803,loss,-6.5476143961980595,3.24761439619817,3
1759135,1759136,1759136,short,1286.45,1285.8216706005567,win,2.983293994433734,3.8833708247431176,0
1759838,1759839,1759841,short,1291.77,1291.392377386923,win,0.4762261307693736,2.333885124084615,2
1765026,1765027,1765030,long,1281.36,1281.7278889747497,win,0.3788897474980333,2.2737266671803305,3
1765097,1765098,1765108,long,1281.5,1281.9005806695604,win,0.705806695604406,2.4757766969124755,10
1765483,1765484,1765484,long,1279.93,1279.8192101838163,loss,-4.407898161837966,1.1078981618371926,0
1765774,1765775,1765784,short,1280.66,1280.8954410201868,loss,-5.654410201867267,2.3544102018664983,9
1766039,1766040,1766042,long,1283.46,1283.0252196945723,loss,-7.647803054276937,4.347803054276052,2
1767003,1767004,1767004,long,1271.97,1271.6168859394984,loss,-6.831140605016389,3.531140605016798,0
1767004,1767005,1767017,long,1272.22,1272.8119014760873,win,2.6190147608728696,3.658229147635102,12
1767367,1767368,1767370,short,1269.36,1268.722487784792,win,3.0751221520783476,3.9401249394799733,2
1767583,1767584,1767593,short,1274.26,1273.7428894588186,win,1.8711054118140966,3.1959860394403576,9
1767972,1767973,1767977,short,1277.06,1277.270829647139,loss,-5.408296471390076,2.1082964713894605,4
1768477,1768478,1768491,long,1270.3,1270.0908452834426,loss,-5.391547165573502,2.0915471655743247,13
1769491,1769492,1769510,short,1264.21,1264.3870221676118,loss,-5.070221676117671,1.7702216761179503,18
1769527,1769528,1769536,long,1264.31,1264.1914192769486,loss,-4.485807230513092,1.1858072305140137,8
1769564,1769565,1769565,long,1264.58,1264.4560768652664,loss,-4.53923134733559,1.239231347336139,0
1769766,1769767,1769770,long,1263.59,1263.937804557703,win,0.1780455770305709,2.1495955358656946,3
1770637,1770638,1770640,short,1267.5,1267.7227721571073,loss,-5.527721571073289,2.2277215710738543,2
1771673,1771674,1771676,short,1265.27,1265.534504928962,loss,-5.945049289619692,2.6450492896190267,2
1771803,1771804,1771804,short,1264.29,1264.5424703222009,loss,-5.824703222009066,2.524703222009562,0
1771806,1771807,1771817,long,1264.94,1264.6761869584702,loss,-5.938130415298292,2.638130415298079,10
1771825,1771826,1771826,short,1264.5,1264.746314329028,loss,-5.7631432902810955,2.463143290280186,0
1771827,1771828,1771830,long,1265.16,1264.8969711301334,loss,-5.9302886986673,2.6302886986667895,2
1771835,1771836,1771836,short,1264.39,1264.6480269540407,loss,-5.880269540405879,2.5802695404064826,0
1772415,1772416,1772417,short,1264.95,1264.7186951717874,loss,-0.9869517178738532,1.4295724858633974,1
1772417,1772418,1772424,short,1264.71,1264.8534759624367,loss,-4.734759624366961,1.4347596243658707,6
1772666,1772667,1772679,long,1266.67,1266.4944391768768,loss,-5.055608231233054,1.7556082312340786,12
1772965,1772966,1772966,long,1266.9,1267.4746632687154,win,2.446632687153124,3.5516889290193836,0
1773101,1773102,1773103,long,1267.02,1266.7603985467115,loss,-5.896014532884965,2.5960145328860755,1
1773231,1773232,1773234,long,1267.9,1267.7208217024486,loss,-5.091782975515161,1.7917829755147385,2
1773620,1773621,1773624,long,1264.15,1263.9986763983857,loss,-4.813236016144219,1.5132360161439813,3
1773753,1773754,1773761,long,1263.51,1263.379323032539,loss,-4.6067696746088584,1.3067696746099895,7
1773763,1773764,1773765,short,1263.18,1262.9709278735534,loss,-1.2092787355330072,1.2921639459003393,1
1773951,1773952,1773958,short,1262.61,1262.3465812862783,loss,-0.6658128627835138,1.6280513827054282,6
1773962,1773963,1773964,long,1262.86,1262.6959574738962,loss,-4.940425261036853,1.64042526103605,1
1775503,1775504,1775504,long,1255.84,1255.652015361912,loss,-5.179846380879826,1.8798463808802546,0
1775815,1775816,1775827,long,1255.45,1255.795396288136,win,0.15396288136043967,2.134711298739594,11
1776327,1776328,1776330,long,1256.34,1256.2257902133288,loss,-4.442097866711538,1.142097866710831,2
1776881,1776882,1776882,long,1254.13,1254.3725064749171,loss,-0.8749352508296395,1.4988039240855822,0
1777449,1777450,1777458,short,1237.91,1237.3633523940982,win,2.1664760590185326,3.378538973435683,8
1777507,1777508,1777548,long,1237.79,1238.1423203533516,win,0.22320353351615285,2.1775052741144276,40
1777608,1777609,1777610,long,1238.93,1239.1877358301326,loss,-0.7226416986743969,1.5929284927843403,1
1777800,1777801,1777802,short,1239.72,1239.481967929586,loss,-0.9196792958603508,1.4711500025582163,1
1778938,1778939,1778947,long,1228.67,1228.445021206795,loss,-5.549787932050822,2.2497879320517233,8
1778970,1778971,1778983,long,1228.53,1228.806885533625,loss,-0.5311446637490915,1.711282655284485,12
1779129,1779130,1779131,short,1227.82,1227.6173117225205,loss,-1.2731172252058967,1.2527087606886351,1
1779946,1779947,1779950,short,1227.77,1227.3707166585812,win,0.6928334141882262,2.467758599621682,3
1780049,1780050,1780050,long,1228.22,1227.9884099294375,loss,-5.6159007056256085,2.315900705625141,0
1780055,1780056,1780061,long,1228.6,1228.3601677905428,loss,-5.6983220945706305,2.3983220945716575,5
1781674,1781675,1781679,long,1228.15,1228.4880755643655,win,0.08075564365453847,2.089465787178476,4
1782282,1782283,1782290,short,1224.91,1224.6442079258177,loss,-0.6420792581759995,1.64271986515682,7
1782290,1782291,1782291,short,1224.51,1224.6651184297732,loss,-4.8511842977321065,1.5511842977321924,0
1782616,1782617,1782623,short,1217.59,1217.0558199760042,win,2.0418002399575927,3.301483461036564,6
1784339,1784340,1784351,short,1218.61,1218.3309150171626,loss,-0.5091501716272431,1.7248762845316172,11
1786019,1786020,1786021,short,1226.48,1226.5929077144015,loss,-4.429077144014445,1.1290771440142144,1
1786025,1786026,1786037,long,1226.75,1226.6291053302773,loss,-4.50894669722702,1.208946697226916,11
1786037,1786038,1786044,short,1226.57,1226.3663367307172,loss,-1.263367307172575,1.25873466800149,6
1786679,1786680,1786681,short,1229.18,1229.532026752706,loss,-6.820267527060241,3.5202675270613346,1
1786688,1786689,1786701,long,1230.41,1230.0360697405245,loss,-7.039302594756282,3.739302594757362,12
1786956,1786957,1786958,short,1227.54,1227.7038937845887,loss,-4.938937845887085,1.6389378458865749,1
1786959,1786960,1786960,long,1227.99,1227.812848474602,loss,-5.071515253979032,1.771515253978347,0
1786965,1786966,1786968,long,1228.12,1227.9373169912224,loss,-5.126830087775306,1.8268300877757475,2
1788335,1788336,1788338,short,1230.81,1230.9823920535655,loss,-5.023920535655452,1.7239205356551148,2
1788968,1788969,1788970,short,1234.73,1234.9538935006365,loss,-5.5389350063644995,2.2389350063638647,1
1789385,1789386,1789387,short,1233.87,1234.2086799306526,loss,-6.686799306526882,3.3867993065277022,1
1789405,1789406,1789410,long,1235.02,1235.4899700694789,win,1.3997006947890442,2.904635781699737,4
1789612,1789613,1789619,long,1236.95,1237.247557460817,loss,-0.324425391830391,1.8390448752595707,6
1790189,1790190,1790192,short,1242.94,1243.1021056412196,loss,-4.921056412195685,1.6210564121967708,2
1792712,1792713,1792715,long,1248.99,1249.3204161686294,win,0.0041616862942648325,2.042127123791383,2
1792895,1792896,1792898,short,1249.5,1249.244514403493,loss,-0.7451440349298535,1.579020992009144,2
1793868,1793869,1793874,short,1254.78,1255.112396552686,loss,-6.623965526860775,3.3239655268612536,5
1795232,1795233,1795236,long,1261.03,1260.8546126132685,loss,-5.053873867314723,1.7538738673151633,3
1795676,1795677,1795691,short,1262.02,1261.8487489940314,loss,-1.5874899403145717,1.0584116561716772,14
1797712,1797713,1797715,short,1252.27,1252.591919639083,loss,-6.519196390830348,3.2191963908298686,2
1799360,1799361,1799379,long,1255.89,1255.710669052968,loss,-5.093309470322128,1.7933094703216146,18
1801130,1801131,1801132,short,1266.36,1266.1688048716042,loss,-1.3880487160425217,1.1816757008392802,1
1801445,1801446,1801447,long,1267.31,1267.158093179006,loss,-4.819068209938723,1.5190682099392867,1
1803658,1803659,1803663,short,1259.81,1259.9367468931714,loss,-4.567468931714575,1.2674689317138825,4
1804763,1804764,1804765,long,1269.19,1269.3827841688283,loss,-1.372158311717885,1.191496717108412,1
1805672,1805673,1805676,long,1264.69,1264.3312181500958,loss,-6.887818499042896,3.5878184990439204,3
1805695,1805696,1805701,short,1263.71,1264.0411689440455,loss,-6.611689440454302,3.3116894404552197,5
1806091,1806092,1806093,long,1265.83,1265.634259227734,loss,-5.257407722659354,1.9574077226590687,1
1806231,1806232,1806234,short,1263.04,1262.7041790005153,win,0.058209994846674995,2.0755315172110453,2
1808562,1808563,1808564,short,1279.17,1279.3075295772867,loss,-4.675295772866138,1.3752957728656916,1
1808945,1808946,1808953,long,1284.64,1284.5363051565305,loss,-4.336948434696114,1.0369484346971702,7
1808958,1808959,1808959,short,1284.39,1284.4902723355638,loss,-4.30272335563659,1.0027233556375448,0
1808967,1808968,1808968,long,1284.68,1284.5798297920865,loss,-4.301702079136066,1.001702079137039,0
1808975,1808976,1808976,short,1284.39,1284.4969074198157,loss,-4.369074198155704,1.0690741981553569,0
1808993,1808994,1808997,long,1284.63,1284.5266387307513,loss,-4.333612692488077,1.0336126924874678,3
1809141,1809142,1809142,short,1288.79,1289.0642964265933,loss,-6.042964265933096,2.742964265932242,0
1809154,1809155,1809158,long,1289.4,1289.142347715545,loss,-5.876522844551618,2.5765228445519854,3
1809167,1809168,1809184,short,1289.01,1289.2278468486059,loss,-5.478468486058591,2.1784684860591437,16
1810369,1810370,1810374,long,1292.2,1292.503227960088,loss,-0.2677203991204804,1.87409122427593,4
1810534,1810535,1810536,short,1292.78,1292.956576479763,loss,-5.065764797630709,1.7657647976309454,1
1813804,1813805,1813806,short,1267.1,1266.7981681966146,loss,-0.2816819661468797,1.865462320058085,1
1815326,1815327,1815327,long,1266.29,1266.5655869703216,loss,-0.5441302967831687,1.7032569241148756,0
1816063,1816064,1816074,long,1266.85,1266.7238889910518,loss,-4.561110089481008,1.2611100894803517,10
1816161,1816162,1816164,long,1266.6,1266.4636356771434,loss,-4.663643228564797,1.3636432285644595,2
1816167,1816168,1816176,long,1266.72,1266.583245164337,loss,-4.667548356629413,1.3675483566305102,8
1816177,1816178,1816185,short,1266.32,1266.4633883472993,loss,-4.733883472993784,1.4338834729947696,7
1817811,1817812,1817822,short,1254.63,1254.4046656881158,loss,-1.0466568811564683,1.3926718905084428,10
1818468,1818469,1818475,short,1252.64,1252.7337380605236,loss,-4.237380605234921,0.9373806052357347,6
1819024,1819025,1819038,long,1248.61,1248.3119132351035,loss,-6.280867648964249,2.9808676489649963,13
1820033,1820034,1820034,long,1246.9,1247.1162656051072,loss,-1.137343948929174,1.3366230229116465,0
1822918,1822919,1822929,long,1256.14,1255.9756347001287,loss,-4.94365299871406,1.6436529987139672,10
1823313,1823314,1823315,short,1255.58,1255.3940223323127,loss,-1.440223323127884,1.1494293429373474,1
1824120,1824121,1824125,short,1246.04,1245.67588289106,win,0.34117108940035923,2.250414764771589,4
1826687,1826688,1826690,short,1244.67,1245.111600725044,loss,-7.7160072504382695,4.416007250437173,2
1826692,1826693,1826695,short,1244.45,1244.8695106928403,loss,-7.495106928402765,4.195106928403243,2
1826700,1826701,1826706,long,1245.54,1246.1478859831732,win,2.7788598317321886,3.7570209095995915,5
1830531,1830532,1830534,short,1226.61,1226.7378172251717,loss,-4.578172251718388,1.2781722517192844,2
1831167,1831168,1831171,long,1224.13,1223.7954911079873,loss,-6.645088920127637,3.3450889201265075,3
1832146,1832147,1832147,short,1210.69,1210.8043476777261,loss,-4.44347677726073,1.1434767772610124,0
1832681,1832682,1832682,long,1213.9,1213.725805861945,loss,-5.041941380550997,1.741941380551948,0
1832684,1832685,1832687,short,1213.53,1213.2536588248583,loss,-0.5365882485837572,1.7079182641632418,2
1832687,1832688,1832688,short,1213.23,1213.3975979496092,loss,-4.975979496092168,1.6759794960918042,0
1833902,1833903,1833903,short,1215.96,1216.0797251115337,loss,-4.497251115336257,1.1972511153351286,0
1835015,1835016,1835029,short,1222.97,1222.6637451800723,loss,-0.2374518007225559,1.8927986398506105,13
1836310,1836311,1836311,long,1216.8,1216.667792488938,loss,-4.622075110620062,1.322075110620986,0
1836326,1836327,1836327,long,1216.83,1216.700469685538,loss,-4.595303144618174,1.2953031446191265,0
1836349,1836350,1836357,short,1216.51,1216.6321692182164,loss,-4.521692182164133,1.2216921821633921,7
1836362,1836363,1836370,long,1216.71,1216.59466102415,loss,-4.453389758501362,1.1533897585009771,7
1836373,1836374,1836376,short,1216.46,1216.563929932464,loss,-4.339299324638705,1.0392993246380313,2
1836382,1836383,1836384,long,1216.81,1216.9776580471369,loss,-1.623419528630893,1.036205482922855,1
1837495,1837496,1837507,short,1230.04,1230.2346503750364,loss,-5.246503750364172,1.94650375036343,11
1840175,1840176,1840177,short,1239.89,1240.0420702522429,loss,-4.820702522427655,1.5207025224286086,1
1840230,1840231,1840237,long,1239.85,1240.1742184877533,loss,-0.05781512246658149,2.0038225448297045,6
1844408,1844409,1844411,long,1253.41,1253.2546575661831,loss,-4.853424338169407,1.553424338169897,2
1845851,1845852,1845853,short,1247.89,1247.6825098486747,loss,-1.2250984867462646,1.282386596572324,1
1846561,1846562,1846575,short,1248.32,1247.797136317434,win,1.9286368256591233,3.231543155536721,13
1846623,1846624,1846645,long,1248.12,1248.5004707894213,win,0.5047078942145165,2.3514881917270816,21
1846820,1846821,1846822,long,1270.34,1270.1445594256077,loss,-5.254405743922507,1.9544057439221767,1
1846826,1846827,1846831,long,1270.37,1270.1906156961313,loss,-5.093843038685736,1.7938430386865973,4
1847934,1847935,1847938,long,1267.71,1267.9515491427524,loss,-0.8845085724768067,1.492887161632919,3
1850107,1850108,1850109,long,1266.97,1266.7829086128884,loss,-5.1709138711164995,1.8709138711171809,1
1850726,1850727,1850731,long,1269.19,1268.9015705118586,loss,-6.184294881414462,2.8842948814155283,4
1851534,1851535,1851540,long,1269.5,1269.2879087230726,loss,-5.420912769273673,2.120912769272737,5
1851547,1851548,1851549,short,1268.93,1269.121440498516,loss,-5.214404985159308,1.9144049851600278,1
1851558,1851559,1851560,long,1269.36,1269.1738663342123,loss,-5.161336657875654,1.8613366578765937,1
1851593,1851594,1851600,long,1269.4,1269.7230286403942,loss,-0.06971359605886374,1.9964687292589394,6
1852774,1852775,1852777,long,1256.96,1256.6673128008056,loss,-6.226871991944608,2.926871991944741,2
1852784,1852785,1852789,short,1256.43,1256.707277441552,loss,-6.072774415518597,2.772774415517759,4
1854607,1854608,1854613,long,1264.89,1265.1358903710004,loss,-0.8410962899968579,1.519717991349122,5
1855746,1855747,1855754,short,1276.36,1276.0504015811548,loss,-0.2040158115490156,1.9134636516995385,7
1855972,1855973,1855979,long,1278.89,1279.2960635565687,win,0.7606355656859707,2.5096635140209127,6
1855983,1855984,1855984,long,1279.4,1279.834248331622,win,1.0424833162180223,2.683858662681027,0
1856656,1856657,1856657,short,1288.42,1288.655377731377,loss,-5.653777313769569,2.353777313769152,0
1856665,1856666,1856666,long,1289.08,1288.8213446431678,loss,-5.886553568321506,2.5865535683223593,0
1857299,1857300,1857305,short,1280.66,1280.3233851237287,win,0.0661487627136923,2.0804380486485288,5
1858190,1858191,1858195,long,1275.3,1275.1369106512407,loss,-4.930893487592857,1.6308934875934757,4
1858392,1858393,1858402,long,1274.87,1274.6343322055095,loss,-5.656677944903822,2.3566779449038857,9
1858416,1858417,1858421,long,1275.15,1274.9434687339503,loss,-5.365312660497511,2.065312660498296,4
1858547,1858548,1858553,short,1274.09,1274.2811430833408,loss,-5.211430833408758,1.9114308334084467,5
1859178,1859179,1859189,short,1273.15,1272.8802032703645,loss,-0.6020327036442721,1.667470516907275,10
1859482,1859483,1859483,short,1269.71,1269.9910822203221,loss,-6.11082220322105,2.81082220322083,0
1859484,1859485,1859485,long,1270.52,1270.2194719090048,loss,-6.30528090995158,3.0052809099508697,0
1859494,1859495,1859499,long,1270.61,1270.3143574976698,loss,-6.256425023301108,2.956425023301375,4
1862186,1862187,1862189,short,1287.02,1286.5137025768458,win,1.7629742315413752,3.12915589094037,2
1863930,1863931,1863931,long,1289.05,1288.922220645985,loss,-4.577793540150469,1.2777935401505798,0
1863942,1863943,1863946,short,1288.67,1288.471649415129,loss,-1.3164941512884978,1.2258997828877511,3
1865002,1865003,1865021,long,1283.31,1283.6739317064307,win,0.3393170643077612,2.2492688901778233,18
1865791,1865792,1865805,long,1288.89,1288.4686331010064,loss,-7.513668989937105,4.2136689899365845,13
1865814,1865815,1865818,short,1288.21,1288.5781019085694,loss,-6.981019085693151,3.6810190856938045,3
1865820,1865821,1865828,short,1287.96,1287.3446141168106,win,2.8538588318944678,3.80337381452049,7
1867251,1867252,1867260,long,1287.63,1287.9941320991381,win,0.3413209913803259,2.2505074112366095,8
1867446,1867447,1867448,long,1286.11,1285.9876579866893,loss,-4.523420133105719,1.2234201331046661,1
1867451,1867452,1867454,short,1285.81,1285.6173888628766,loss,-1.3738886287667809,1.1904272998968632,2
1867801,1867802,1867803,long,1286.57,1286.4624478930157,loss,-4.37552106984258,1.075521069842199,1
1868188,1868189,1868190,short,1287.32,1287.495731602168,loss,-5.057316021680708,1.7573160216800148,1
1869075,1869076,1869097,short,1293.96,1294.0673800196346,loss,-4.373800196345473,1.0738001963447092,21
1869097,1869098,1869098,long,1294.1,1294.0070315630305,loss,-4.229684369693859,0.9296843696946141,0
1869098,1869099,1869100,short,1293.83,1293.9342556542565,loss,-4.342556542565762,1.0425565425663728,1
1870455,1870456,1870461,long,1335.89,1335.4693318027967,loss,-7.506681972034403,4.206681972034721,5
1870531,1870532,1870563,short,1335.35,1334.8513995598923,win,1.6860044010756612,3.0815849203181576,31
1871926,1871927,1871936,short,1335.02,1334.5145717800299,win,1.7542821997009925,3.1237838069850277,9
1872080,1872081,1872092,long,1331.62,1331.9658718264004,win,0.15871826400525624,2.1376503485823846,11
1874296,1874297,1874298,long,1334.34,1334.5183403617764,loss,-1.5165963822353659,1.1022272050454403,1
1875897,1875898,1875907,long,1353.49,1353.9592788941563,win,1.392788941563322,2.9003639935492007,9
1876445,1876446,1876447,short,1346.59,1346.1492997132705,win,1.107002867294523,2.723734775831185,1
1876538,1876539,1876542,long,1347.22,1346.9850384301817,loss,-5.649615698183243,2.349615698183026,3
1877012,1877013,1877014,short,1337.24,1337.4116054597353,loss,-5.0160545973524675,1.7160545973513335,1
1877022,1877023,1877023,long,1337.88,1337.7006345402797,loss,-5.093654597204295,1.793654597203415,0
1878200,1878201,1878201,long,1325.32,1325.1992272490925,loss,-4.50772750907463,1.2077275090756652,0
1878203,1878204,1878209,short,1325.01,1324.8097317473548,loss,-1.2973174735482642,1.2377518704896486,5
1879853,1879854,1879856,short,1321.16,1321.359967832734,loss,-5.299678327338188,1.9996783273390513,2
1880382,1880383,1880389,short,1324.7,1324.9334795106386,loss,-5.634795106385172,2.3347951063851267,6
1881142,1881143,1881146,short,1330.19,1329.7059352440854,win,1.5406475591468736,2.991747564368038,3
1881226,1881227,1881234,long,1327.21,1327.6111185432972,win,0.7111854329711607,2.479101009252334,7
1881370,1881371,1881371,long,1324.45,1324.1309913189207,loss,-6.490086810793673,3.190086810794755,0
1881861,1881862,1881864,long,1321.84,1321.6339890775432,loss,-5.360109224566986,2.0601092245675465,2
1881871,1881872,1881874,short,1321.43,1321.6147922863852,loss,-5.147922863851181,1.847922863851369,2
1881877,1881878,1881881,short,1321.14,1320.8397055619114,loss,-0.2970556191128706,1.8559606804006459,3
1882257,1882258,1882260,short,1318.54,1318.2608423426764,loss,-0.5084234267640566,1.7253254469937014,2
1889874,1889875,1889876,short,1269.41,1269.587671617354,loss,-5.07671617354008,1.7767161735404409,1
1889896,1889897,1889907,short,1269.41,1269.1745508100337,loss,-0.9455081003359735,1.4551865881728179,10
1891209,1891210,1891212,long,1275.38,1275.5353782385657,loss,-1.7462176143438226,0.9603104979333102,2
1891377,1891378,1891378,long,1276.21,1276.5194090554335,loss,-0.2059094456656565,1.912293296869484,0
1891988,1891989,1891989,long,1274.6,1274.83116204139,loss,-0.9883795860999269,1.4286899962304858,0
1892447,1892448,1892448,short,1274.24,1274.3673169272602,loss,-4.573169272601535,1.273169272602559,0
1892481,1892482,1892487,long,1274.57,1274.7813172559854,loss,-1.1868274401452252,1.3060399010223145,5
1896110,1896111,1896114,long,1289.14,1289.4634547668625,loss,-0.06545233137630913,1.999102390991311,3
1897079,1897080,1897084,short,1287.64,1287.769521536476,loss,-4.5952153647597695,1.2952153647605738,4
1897458,1897459,1897459,long,1289.64,1289.4696514883829,loss,-5.003485116172487,1.7034851161733426,0
1897468,1897469,1897494,long,1289.67,1289.49045228767,loss,-5.09547712330077,1.795477123301484,25
1897511,1897512,1897513,long,1289.83,1289.6723266869542,loss,-4.876733130457342,1.576733130457788,1
1901917,1901918,1901920,short,1303.31,1303.5077487398842,loss,-5.277487398842186,1.9774873988420576,2
1904580,1904581,1904589,long,1280.71,1281.1120316764416,win,0.7203167644153838,2.4847446009982948,8
1908663,1908664,1908665,long,1274.87,1274.6076739977912,loss,-5.923260022087379,2.6232600220866353,1
1908670,1908671,1908674,short,1274.19,1273.7936186987988,win,0.6638130120124517,2.4498226279433437,3
1910900,1910901,1910903,short,1273.27,1272.8429238638257,win,0.9707613617426434,2.639531125922411,2
1913839,1913840,1913840,short,1267.11,1267.3418420905846,loss,-5.6184209058467784,2.3184209058473915,0
1913987,1913988,1913989,long,1266.79,1267.2705462376532,win,1.5054623765324324,2.9700014688086123,1
1914736,1914737,1914740,long,1271.67,1272.1059006297155,win,1.0590062971543377,2.694070641010143,3
1915092,1915093,1915096,long,1269.46,1269.1944251583277,loss,-5.955748416723327,2.6557484167232115,3
1915098,1915099,1915106,long,1269.87,1269.577812786158,loss,-6.221872138419985,2.9218721384203605,7
1915392,1915393,1915393,short,1270.62,1270.0496219180995,win,2.4037808190034413,3.525204461683734,0
1917010,1917011,1917013,short,1268.92,1269.1420230875165,loss,-5.520230875163906,2.2202308751636024,2
1917856,1917857,1917859,short,1275.21,1274.7853704353652,win,0.9462956463486991,2.6244101646157447,2
1919635,1919636,1919642,short,1278.7,1278.0991022481614,win,2.7089775183860185,3.713830357469726,6
1919642,1919643,1919644,short,1278.01,1277.3888010228995,win,2.9119897710044826,3.8393014653916726,1
1919884,1919885,1919888,short,1275.8,1275.473822058788,loss,-0.03822058788118721,2.015932887589204,3
1920587,1920588,1920589,long,1275.69,1275.5440712269044,loss,-4.759287730956475,1.4592877309563606,1
1920590,1920591,1920595,short,1275.29,1275.0443071656462,loss,-0.8430716564619614,1.51849712208732,4
1921176,1921177,1921179,long,1268.15,1268.4025529069906,loss,-0.7744709300944121,1.5608955932664537,2
1921179,1921180,1921180,long,1268.38,1268.6280298213935,loss,-0.8197017860659797,1.53294079971181,0
1922583,1922584,1922584,short,1280.49,1280.6781090989673,loss,-5.181090989672884,1.8810909896720218,0
1924281,1924282,1924285,short,1276.62,1276.761932577113,loss,-4.719325771130388,1.4193257711309741,3
1924296,1924297,1924297,long,1277.09,1276.9346207380856,loss,-4.8537926191427685,1.5537926191419853,0
1924303,1924304,1924306,long,1277.18,1277.4403266829565,loss,-0.6967331704352544,1.6089411802003128,2
1925663,1925664,1925667,short,1280.76,1280.9178116953753,loss,-4.878116953753579,1.5781169537545492,3
1925734,1925735,1925741,long,1281.44,1281.3234433828497,loss,-4.465566171503087,1.1655661715027126,6
1926059,1926060,1926060,long,1284.25,1284.0118716780198,loss,-5.681283219801844,2.381283219802937,0
1926083,1926084,1926084,short,1283.43,1283.617317061031,loss,-5.173170610308534,1.8731706103094041,0
1926117,1926118,1926118,long,1284.03,1284.3018181865557,loss,-0.5818181344428011,1.67996407018415,0
1926658,1926659,1926660,long,1286.73,1287.0780269392105,win,0.18026939210512882,2.150969958038046,1
1927716,1927717,1927719,short,1283.4,1283.6989995786407,loss,-6.289995786406325,2.9899957864063467,2
1927801,1927802,1927818,short,1284.53,1284.0139944753498,win,1.8600552465015427,3.189156518233441,16
1927922,1927923,1927924,long,1276.02,1275.7527095859011,loss,-5.972904140988521,2.672904140989624,1
1927932,1927933,1927935,short,1275.36,1275.623871894436,loss,-5.938718944360789,2.6387189443617514,2
1928129,1928130,1928136,long,1275.97,1275.8166548614242,loss,-4.833451385757871,1.5334513857578669,6
1928261,1928262,1928263,long,1275.45,1275.2426442583542,loss,-5.373557416458698,2.073557416457576,1
1928268,1928269,1928274,long,1275.55,1275.8778834902562,loss,-0.021165097437733316,2.0264739818062223,5
1928713,1928714,1928714,long,1276.88,1276.6559753553458,loss,-5.540246446542642,2.2402464465415846,0
1929402,1929403,1929403,short,1278.67,1278.418306078666,loss,-0.7830607866601893,1.5555866584304723,0
1931282,1931283,1931283,short,1280.86,1281.0163594625824,loss,-4.863594625824862,1.5635946258242857,0
1931542,1931543,1931551,long,1284.08,1284.5353366616077,win,1.2533666160781651,2.814194447514845,8
1931732,1931733,1931736,long,1285.26,1285.6092857277552,win,0.19285727755159332,2.1587498625166823,3
1933048,1933049,1933049,short,1277.79,1277.9973950948788,loss,-5.373950948788479,2.0739509487878776,0
1933052,1933053,1933054,long,1278.56,1278.342687793766,loss,-5.473122062340553,2.1731220623405787,1
1933069,1933070,1933071,short,1278.1,1278.2963104765643,loss,-5.263104765643493,1.9631047656436478,1
1933074,1933075,1933078,short,1277.81,1277.4908087408955,loss,-0.10808740895599822,1.9727519104105518,3
1934271,1934272,1934272,long,1281.93,1281.6580314206894,loss,-6.019685793106237,2.719685793106582,0
1934275,1934276,1934286,long,1282.09,1282.5405821692193,win,1.2058216921938767,2.784809451293714,10
1934379,1934380,1934381,short,1283.06,1283.2446491924518,loss,-5.146491924518432,1.8464919245174456,1
1934382,1934383,1934384,long,1283.53,1283.3361231465701,loss,-5.23876853429856,1.9387685342986218,1
1934384,1934385,1934385,long,1283.61,1283.9419312007703,win,0.01931200770441155,2.051490734057657,0
1935728,1935729,1935730,short,1291.42,1291.1296246672032,loss,-0.3962466720311566,1.794655950536313,1
1937091,1937092,1937092,long,1280.61,1280.3979212714817,loss,-5.420787285182359,2.120787285183088,0
1937093,1937094,1937101,short,1280.04,1280.2761258308556,loss,-5.661258308555989,2.3612583085561134,7
1937126,1937127,1937127,short,1280.1,1280.3356628975405,loss,-5.656628975405783,2.3566289754067626,0
1939420,1939421,1939425,short,1289.51,1289.6683384571115,loss,-4.8833845711154025,1.5833845711149401,4
1939435,1939436,1939436,long,1289.81,1290.0167697152363,loss,-1.232302847636947,1.277933963141495,0
1942087,1942088,1942088,short,1291.61,1291.9051782366587,loss,-6.251782366587849,2.9517823665888265,0
1942653,1942654,1942659,short,1294.78,1294.3915538787908,win,0.5844612120919921,2.400779488313937,5
1944342,1944343,1944345,long,1293.89,1294.163689454178,loss,-0.5631054582211616,1.6915293830521976,2
1944821,1944822,1944840,short,1295.81,1295.4871235953265,loss,-0.07123595326520427,1.9955278409980552,18
1945961,1945962,1945964,short,1284.04,1283.8719095871052,loss,-1.6190958710520134,1.0388777063958772,2
1945964,1945965,1945974,short,1283.83,1283.932105837935,loss,-4.321058379351416,1.0210583793507155,9
1949042,1949043,1949047,short,1273.48,1273.6578286801614,loss,-5.078286801613831,1.7782868016136757,4
1949455,1949456,1949458,short,1273.52,1273.0678925075981,win,1.221074924018649,2.7942366650299633,2
1949945,1949946,1949949,long,1275.96,1276.1189451010289,loss,-1.7105489897115147,0.9823553833674277,3
1951666,1951667,1951667,long,1268.94,1268.6955255581477,loss,-5.744744418523896,2.4447444185236726,0
1951671,1951672,1951684,short,1268.36,1267.932846791709,win,0.9715320829097438,2.6400074678063667,12
1951754,1951755,1951759,long,1268.18,1267.9637172277126,loss,-5.462827722875136,2.162827722875104,4
1951759,1951760,1951760,long,1268.22,1268.006365870648,loss,-5.436341293519308,2.136341293518524,0
1952243,1952244,1952246,short,1264.15,1264.378581706482,loss,-5.585817064819184,2.2858170648192115,2
1952253,1952254,1952259,short,1264.04,1263.6945134912066,win,0.15486508793328557,2.135268904779388,5
1953610,1953611,1953612,short,1252.46,1252.13474176924,loss,-0.04741769239972182,2.0102486449945527,1
1958692,1958693,1958696,long,1241.5,1241.3618036578541,loss,-4.681963421458749,1.381963421459601,3
1958703,1958704,1958705,short,1241.1,1241.2400412278437,loss,-4.70041227843767,1.4004122784382524,1
1958727,1958728,1958738,short,1241.29,1241.0587765206562,loss,-0.9877652065627442,1.4290697116417268,10
1960570,1960571,1960574,long,1254.87,1255.2403353825077,win,0.40335382507846607,2.2888466162409196,3
1961788,1961789,1961804,long,1254.55,1255.1674324029782,win,2.8743240297823833,3.816022268098115,15
1962245,1962246,1962253,short,1253.39,1253.0996748539792,loss,-0.39674853979095115,1.7943457726885832,7
1963465,1963466,1963471,long,1261.54,1261.4520340367944,loss,-4.179659632055336,0.8796596320543446,5
1964617,1964618,1964618,long,1259.99,1259.729433380006,loss,-5.905666199940515,2.605666199940673,0
1964619,1964620,1964625,long,1260.0,1259.7325019319783,loss,-5.974980680217231,2.6749806802182254,5
1967327,1967328,1967334,long,1267.4,1267.2020504810032,loss,-5.279495189968929,1.9794951899683155,6
1968267,1968268,1968274,long,1268.02,1268.2348115648224,loss,-1.1518843517758794,1.3276363709662757,6
1968481,1968482,1968487,long,1268.14,1268.463045002031,loss,-0.06954997969005472,1.996569851860796,5
1970091,1970092,1970092,short,1281.75,1281.8511858785128,loss,-4.311858785127515,1.011858785126696,0
1970102,1970103,1970103,long,1281.96,1281.866134025261,loss,-4.238659747389465,0.9386597473896182,0
1970104,1970105,1970106,long,1282.02,1282.175035915762,loss,-1.7496408423797218,0.9581947822128115,1
1970106,1970107,1970109,long,1282.15,1282.0505945775772,loss,-4.29405422422933,0.9940542242294054,2
1970973,1970974,1970975,long,1286.84,1286.6596196479063,loss,-5.103803520936071,1.8038035209364558,1
1970976,1970977,1970979,short,1286.39,1286.5766550930516,loss,-5.166550930515132,1.8665509305141998,2
1971000,1971001,1971004,long,1286.82,1286.6613655066703,loss,-4.886344933296004,1.5863449332962967,3
1974631,1974632,1974639,long,1311.86,1311.657929718444,loss,-5.320702815559616,2.02070281556004,7
1975991,1975992,1975995,long,1316.89,1316.702393334204,loss,-5.176066657960109,1.8760666579594287,3
1984245,1984246,1984250,short,1321.72,1321.9271695314867,loss,-5.3716953148667015,2.071695314866986,4
1984259,1984260,1984261,long,1322.32,1322.138579013113,loss,-5.1142098688690565,1.8142098688689074,1
1985934,1985935,1985935,long,1337.56,1337.2533145335858,loss,-6.366854664141374,3.0668546641411045,0
1986285,1986286,1986292,short,1343.2,1342.7156476455782,win,1.5435235442184423,2.993525058231523,6
1991428,1991429,1991430,long,1331.51,1331.3001737181683,loss,-5.39826281831738,2.0982628183182106,1
1992187,1992188,1992188,long,1334.1,1333.8490696386732,loss,-5.809303613267093,2.5093036132677384,0
1994569,1994570,1994574,short,1336.21,1336.3855682788965,loss,-5.05568278896435,1.755682788963873,4
1995346,1995347,1995348,short,1341.27,1340.9928304238574,loss,-0.52830423857431,1.7130381714617589,1
1997631,1997632,1997632,short,1356.89,1357.361408697423,loss,-8.014086974229304,4.71408697422839,0
1997637,1997638,1997641,long,1358.32,1359.086796626513,win,4.367966265130417,4.7391633282635155,3
1998705,1998706,1998706,long,1354.47,1354.1887995342506,loss,-6.112004657494071,2.8120046574933966,0
1998733,1998734,1998735,long,1354.6,1355.05719165187,win,1.2719165187006185,2.8256591586535893,1
1998954,1998955,1998958,short,1352.52,1351.4345235352282,win,7.55476464771773,6.708754417625964,3
1998958,1998959,1998971,short,1351.42,1350.34805812638,win,7.419418736200623,6.6251042868977095,12
2000146,2000147,2000147,short,1346.1,1345.6455307518602,win,1.2446924813973057,2.808833424843732,0
2000790,2000791,2000793,long,1341.48,1341.2078148114026,loss,-6.021851885974047,2.721851885973772,2
2000794,2000795,2000795,short,1340.9,1341.1712229995505,loss,-6.012229995504458,2.71222999550495,0
2000799,2000800,2000802,short,1340.67,1340.2235943258522,win,1.1640567414785439,2.758996749986226,2
2001223,2001224,2001227,long,1335.7,1336.0800687028218,win,0.5006870282174534,2.3490031076738873,3
2002801,2002802,2002808,short,1342.64,1342.2231823213244,win,0.8681767867567034,2.576129040022661,6
2003052,2003053,2003053,long,1344.42,1343.9968495023618,loss,-7.531504976382894,4.231504976382306,0
2003111,2003112,2003115,short,1343.6,1343.9834152906333,loss,-7.134152906333656,3.8341529063341606,3
2003845,2003846,2003851,short,1344.59,1344.8047858974091,loss,-5.447858974092287,2.147858974093243,5
2003865,2003866,2003869,short,1344.47,1344.148427487343,loss,-0.08427487343014928,1.9874691758770817,3
2005146,2005147,2005147,long,1348.3,1348.0948631193587,loss,-5.351368806412483,2.051368806411746,0
2005150,2005151,2005152,long,1348.42,1348.217187021341,loss,-5.328129786590398,2.0281297865904504,1
2005159,2005160,2005161,short,1347.68,1347.8646445206732,loss,-5.146445206731459,1.846445206731804,1
2005211,2005212,2005215,short,1347.4,1347.574333555771,loss,-5.043335557709997,1.743335557709076,3
2005801,2005802,2005804,short,1334.27,1333.0728848710166,win,8.671151289833414,7.398733800885353,2
2006602,2006603,2006612,long,1330.6,1330.8873871855487,loss,-0.4261281445117673,1.7761877969647195,9
2007296,2007297,2007300,short,1334.52,1334.8580012430098,loss,-6.680012430097849,3.380012430098865,3
2007303,2007304,2007305,long,1335.44,1335.9700614613369,win,2.000614613367998,3.2760288092504424,1
2007724,2007725,2007729,short,1338.1,1338.6165036351626,loss,-8.46503635162735,5.165036351628383,4
2008111,2008112,2008127,short,1342.22,1342.6639894167513,loss,-7.739894167512648,4.43989416751156,15
2010098,2010099,2010099,short,1317.67,1316.9915892128627,win,3.48410787137409,4.192897324706204,0
2014919,2014920,2014926,short,1326.34,1325.925513938185,win,0.844860618148414,2.5617185526250905,6
2015380,2015381,2015386,short,1324.93,1325.366006746971,loss,-7.66006746970861,4.360067469709454,5
2015563,2015564,2015564,short,1327.42,1326.9129092416092,win,1.7709075839085928,3.13405907534573,0
2016868,2016869,2016882,short,1347.12,1347.8089194318156,loss,-10.18919431815748,6.889194318157089,13
2018154,2018155,2018158,short,1352.46,1351.5642147155986,win,5.657852844014269,5.536373822011484,3
2018503,2018504,2018504,short,1353.95,1353.5542162332292,win,0.6578376677081907,2.4461295844919793,0
2018629,2018630,2018631,short,1353.53,1353.7717600761114,loss,-5.717600761114045,2.4176007611149974,1
2018632,2018633,2018633,short,1353.32,1353.5842793012516,loss,-5.942793012516904,2.6427930125171293,0
2019734,2019735,2019735,long,1353.92,1353.5808375504898,loss,-6.691624495102405,3.3916244951029895,0
2019747,2019748,2019748,short,1352.87,1352.3738967577171,win,1.6610324228274296,3.0661510647881083,0
2020859,2020860,2020876,long,1347.16,1346.8166650936234,loss,-6.7333490637664,3.433349063765314,16
2020904,2020905,2020905,short,1346.67,1346.9440523009976,loss,-6.040523009974822,2.7405230099741598,0
2020908,2020909,2020910,long,1347.54,1347.9890910966224,win,1.1909109662239645,2.775593922264133,1
2021820,2021821,2021822,long,1337.9,1337.7005150367909,loss,-5.294849632092155,1.9948496320927755,1
2021824,2021825,2021825,short,1337.04,1337.26744162213,loss,-5.574416221300726,2.2744162213010655,0
2023426,2023427,2023428,long,1331.76,1332.5213764562538,win,4.313764562538563,4.705664130122615,1
2024235,2024236,2024236,long,1324.21,1324.460244511927,loss,-0.7975548807310586,1.5466286274844445,0
2024791,2024792,2024793,long,1328.27,1329.1128075033484,win,5.1280750334846745,5.208946250608901,1
2026969,2026970,2026971,long,1337.06,1337.3344681094115,loss,-0.555318905883996,1.6963418381435436,1
2031083,2031084,2031085,long,1314.8,1314.6118580342513,loss,-5.181419657486276,1.8814196574852016,1
2031117,2031118,2031119,short,1314.15,1313.8626813341214,loss,-0.42681334121270975,1.7757643132185046,1
2031371,2031372,2031372,long,1310.95,1310.7371351370634,loss,-5.428648629366125,2.1286486293661424,0
2032390,2032391,2032404,short,1316.54,1316.257333265566,loss,-0.47333265566139726,1.747013191803875,13
2033070,2033071,2033071,short,1321.38,1321.882107311809,loss,-8.321073118089135,5.0210731180887676,0
2033335,2033336,2033341,long,1323.01,1322.786242864403,loss,-5.537571355969976,2.2375713559690156,5
2033637,2033638,2033647,long,1326.19,1325.927597087113,loss,-5.9240291288695515,2.6240291288694793,9
2035014,2035015,2035015,short,1322.41,1322.1425708826732,loss,-0.6257088267314428,1.652837560734327,0
2035133,2035134,2035138,long,1322.5,1322.3784994080531,loss,-4.5150059194686945,1.2150059194696177,4
2035547,2035548,2035549,short,1324.62,1324.2234186557864,win,0.6658134421347315,2.451058987722827,1
2036823,2036824,2036827,long,1332.84,1332.6221374300158,loss,-5.478625699841632,2.1786256998412457,3
2039347,2039348,2039349,long,1318.02,1318.2270758680893,loss,-1.2292413191069498,1.2798261315772037,1
2039529,2039530,2039532,long,1318.58,1318.845117225245,loss,-0.6488277475485118,1.6385489817377803,2
2040290,2040291,2040293,long,1323.58,1323.4070297195299,loss,-5.029702804700537,1.7297028046994036,2
2041601,2041602,2041602,short,1323.09,1323.3271408743751,loss,-5.671408743751999,2.371408743752465,0
2042613,2042614,2042618,long,1326.12,1325.5606333046567,loss,-8.893666953432149,5.5936669534322245,4
2042890,2042891,2042891,long,1326.8,1326.5626778454862,loss,-5.673221545137767,2.3732215451388674,0
2042901,2042902,2042910,long,1326.79,1327.1488477228604,win,0.288477228604461,2.2178474836860587,8
2043471,2043472,2043476,short,1327.6,1327.7157122909564,loss,-4.457122909564805,1.1571229095652997,4
2043485,2043486,2043489,long,1327.88,1328.0575980895055,loss,-1.5240191049459098,1.0976396137535578,3
2044279,2044280,2044284,long,1325.22,1325.0277606837083,loss,-5.222393162917615,1.9223931629169224,4
2044286,2044287,2044299,long,1325.29,1325.0946212780532,loss,-5.253787219467813,1.9537872194667056,12
2044343,2044344,2044346,long,1325.53,1325.31311989078,loss,-5.468801092200283,2.1688010922009773,2
2044370,2044371,2044381,long,1325.44,1325.2497433533986,loss,-5.202566466014832,1.902566466015444,10
2044405,2044406,2044410,long,1325.2,1325.082484268366,loss,-4.475157316340574,1.175157316341373,4
2045758,2045759,2045767,short,1316.2,1315.9275973398217,loss,-0.5759733982161377,1.6835763917076658,8
2045849,2045850,2045851,short,1316.19,1316.3362935002854,loss,-4.762935002853101,1.462935002852684,1
2046427,2046428,2046429,long,1318.73,1318.5009688423486,loss,-5.590311576514341,2.290311576515426,1
2046537,2046538,2046540,long,1320.46,1320.2157574467162,loss,-5.742425532838115,2.4424255328371602,2
2046548,2046549,2046555,short,1320.0,1320.230246465563,loss,-5.602464655629137,2.30246465562809,6
2047195,2047196,2047198,long,1314.09,1313.9254493636165,loss,-4.9455063638341015,1.6455063638346337,2
2048588,2048589,2048597,long,1317.08,1316.9470729560776,loss,-4.629270439223364,1.3292704392240766,8
2048890,2048891,2048891,long,1316.45,1316.3318372924734,loss,-4.481627075266078,1.1816270752660718,0
2048898,2048899,2048900,long,1316.57,1316.4459843170418,loss,-4.540156829580883,1.240156829580788,1
2049753,2049754,2049770,short,1311.94,1311.5968398597681,win,0.13160140231930217,2.1208908543379845,16
2050650,2050651,2050651,short,1316.59,1316.77828234575,loss,-5.182823457501672,1.8828234575016047,0
2050664,2050665,2050668,short,1316.42,1316.122962827236,loss,-0.32962827235978676,1.8358292507050382,3
2053443,2053444,2053451,short,1341.83,1341.5145804571175,loss,-0.14580457117590395,1.9494409325245465,7
2053784,2053785,2053785,long,1349.61,1349.236867838466,loss,-7.031321615339311,3.7313216153387256,0
2053787,2053788,2053798,long,1349.62,1349.256359216902,loss,-6.936407830979351,3.6364078309803674,10
2055118,2055119,2055120,long,1355.51,1355.2099400425648,loss,-6.300599574352236,3.0005995743522815,1
2055124,2055125,2055125,short,1354.83,1354.3505816540282,win,1.4941834597168056,2.963030568428812,0
2055785,2055786,2055789,long,1354.18,1354.4361029032025,loss,-0.7389709679758196,1.5828362373452953,3
2056332,2056333,2056335,short,1341.57,1342.0207628433577,loss,-7.807628433577793,4.507628433578143,2
2056464,2056465,2056475,short,1342.17,1342.5336780332434,loss,-6.936780332433318,3.636780332432794,10
2056481,2056482,2056496,long,1342.85,1343.4027713821376,win,2.227713821377347,3.416386787007133,14
2056670,2056671,2056673,long,1344.12,1344.548203119417,win,0.982031194170486,2.646496411724838,2
2057134,2057135,2057142,short,1346.2,1346.021774517225,loss,-1.5177451722486692,1.1015171988577337,7
2060842,2060843,2060844,long,1341.47,1342.004736564032,win,2.0473656403207317,3.304923139876971,1
2062784,2062785,2062799,long,1334.26,1334.0064346531287,loss,-5.835653468712553,2.5356534687132526,14
2064880,2064881,2064894,long,1325.86,1325.7013296985203,loss,-4.886703014795603,1.586703014795859,13
2066105,2066106,2066114,short,1331.97,1331.3230384254498,win,3.169615745502324,3.99852641872815,8
2066213,2066214,2066219,long,1332.58,1332.2703298587962,loss,-6.396701412036964,3.096701412037394,5
2066322,2066323,2066330,long,1333.63,1333.403164858918,loss,-5.5683514108211964,2.268351410821215,7
2066793,2066794,2066796,long,1332.52,1332.38878492485,loss,-4.612150751500667,1.3121507515016184,2
2066798,2066799,2066800,short,1332.13,1332.2550996364882,loss,-4.5509963648813025,1.2509963648805926,1
2066981,2066982,2066982,long,1329.9,1329.653310149578,loss,-5.766898504221717,2.466898504222114,0
2069723,2069724,2069730,short,1344.46,1344.1115062512079,win,0.18493748792179776,2.153855060519889,6
2071766,2071767,2071769,long,1337.32,1337.0758247700865,loss,-5.741752299134805,2.441752299134606,2
2071776,2071777,2071779,short,1336.82,1336.429431360229,win,0.6056863977089053,2.4138976500059095,2
2071779,2071780,2071782,short,1336.33,1335.9091159164054,win,0.9088408359450115,2.601261332474647,2
2072881,2072882,2072888,long,1344.9,1345.6469456356704,win,4.169456356702722,4.616474880532741,6
2072889,2072890,2072894,long,1345.89,1345.3999424421654,loss,-8.20057557834689,4.9005755783463165,4
2074562,2074563,2074570,short,1345.65,1345.842614254506,loss,-5.226142545059974,1.9261425450590248,7
2075821,2075822,2075837,long,1346.49,1346.891862766653,win,0.7186276665303923,2.483700659165632,15
2075991,2075992,2075992,short,1347.14,1346.9399018693566,loss,-1.2990186935651762,1.2367004366095489,0
2077063,2077064,2077066,short,1350.83,1351.2075550707668,loss,-7.075550707669026,3.775550707667951,2
2077070,2077071,2077074,short,1350.5,1349.9186191898973,win,2.5138081010270072,3.593206490127343,3
2077464,2077465,2077468,short,1350.93,1350.7232138747288,loss,-1.2321387472873537,1.278035384866315,3
2077620,2077621,2077623,long,1348.89,1349.1917176733418,loss,-0.28282326658272705,1.8647569427800947,2
2077875,2077876,2077879,long,1352.36,1352.7977676908026,win,1.0776769080272972,2.7056099555175184,3
2078564,2078565,2078566,short,1346.04,1345.5529073331393,win,1.5709266686068988,3.0104614762712614,1
2080523,2080524,2080535,long,1334.0,1334.1956098016274,loss,-1.3439019837263002,1.20896045505235,11
2080535,2080536,2080538,long,1334.24,1334.432250700848,loss,-1.3774929915196479,1.1881996344126988,2
2081265,2081266,2081267,short,1322.88,1323.1249170453264,loss,-5.749170453262468,2.4491704532618055,1
2082737,2082738,2082740,short,1331.81,1332.1098126933966,loss,-6.298126933966887,2.9981269339666663,2
2082750,2082751,2082755,short,1331.47,1331.7342009754752,loss,-5.9420097547520525,2.6420097547522357,4
2083952,2083953,2083953,long,1321.7,1321.4185654465055,loss,-6.114345534945914,2.814345534945429,0
2084668,2084669,2084669,long,1323.59,1323.7875871636593,loss,-1.3241283634063619,1.2211814812073638,0
2085282,2085283,2085283,short,1317.32,1316.7105495252058,win,2.7945047479413008,3.7666902026833724,0
2085400,2085401,2085402,short,1317.08,1317.2781604283368,loss,-5.2816042833690515,1.9816042833699872,1
2086422,2086423,2086427,long,1319.8,1319.5000987821616,loss,-6.299012178383964,2.9990121783830057,4
2086831,2086832,2086833,long,1322.66,1322.5037930279204,loss,-4.862069720796444,1.5620697207967504,1
2087594,2087595,2087595,long,1317.96,1317.669042173464,loss,-6.209578265359869,2.909578265360349,0
2087595,2087596,2087596,short,1317.07,1317.397102691939,loss,-6.5710269193898965,3.271026919390787,0
2087613,2087614,2087615,short,1317.3,1317.5570100548246,loss,-5.870100548246046,2.570100548246398,1
2088199,2088200,2088202,long,1318.38,1318.7995743866388,win,0.8957438663871473,2.5931667901032305,2
2088525,2088526,2088526,short,1314.84,1314.5905922915013,loss,-0.8059229150133431,1.5414567892383808,0
2088526,2088527,2088527,short,1314.61,1314.3478136109534,loss,-0.6781361095348073,1.6204350373699645,0
2088764,2088765,2088765,short,1311.92,1312.0381230005423,loss,-4.481230005422549,1.181230005423391,0
2090402,2090403,2090409,long,1310.15,1310.5160518896369,win,0.36051889636764844,2.262372618273832,6
2090528,2090529,2090529,short,1309.82,1310.018267416289,loss,-5.282674162891271,1.9826741628911988,0
2090532,2090533,2090535,short,1309.73,1309.4056071723771,loss,-0.05607172377112857,2.0049000471131118,2
2090798,2090799,2090801,long,1307.05,1306.753351737178,loss,-6.266482628219182,2.966482628219949,2
2090803,2090804,2090809,short,1306.44,1305.9665491015753,win,1.434508984247441,2.9261489395840092,5
2091887,2091888,2091888,long,1312.02,1311.7680206518853,loss,-5.819793481146735,2.5197934811456393,0
2091906,2091907,2091909,long,1312.09,1312.4904219931693,win,0.7042199316940243,2.4747960022824946,2
2092142,2092143,2092153,long,1314.05,1313.6925349097621,loss,-6.87465090237838,3.5746509023780724,10
2093005,2093006,2093007,short,1311.41,1310.9392647364828,win,1.4073526351732655,2.909365040280612,1
2093538,2093539,2093548,long,1311.41,1311.0695517369709,loss,-6.704482630292023,3.4044826302923745,9
2095154,2095155,2095160,long,1314.25,1314.0680711843504,loss,-5.119288156495986,1.8192881564957912,5
2095799,2095800,2095800,long,1313.98,1314.525441594371,win,2.154415943709137,3.371085255691292,0
2096034,2096035,2096036,long,1310.25,1310.648979702571,win,0.6897970257106865,2.4658819689189087,1
2096205,2096206,2096221,long,1307.76,1308.4422876219921,win,3.5228762199214545,4.216857985118752,15
2100155,2100156,2100157,long,1324.9,1325.225772908367,loss,-0.04227091633156288,2.0134295943555958,1
2102626,2102627,2102627,long,1311.56,1311.9768067014845,win,0.8680670148457468,2.576061195825737,0
2102627,2102628,2102630,long,1311.75,1311.4770417908737,loss,-6.029582091262728,2.7295820912625723,2
2102640,2102641,2102643,short,1311.16,1311.4234500629407,loss,-5.93450062940592,2.6345006294052307,2
2102654,2102655,2102667,long,1311.76,1311.517424167628,loss,-5.7257583237204015,2.425758323721129,12
2103562,2103563,2103564,long,1292.9,1293.1860821753314,loss,-0.4391782466866969,1.7681222208362812,1
2107688,2107689,2107689,short,1290.58,1290.7204583586831,loss,-4.704583586831904,1.4045835868327516,0
2107930,2107931,2107932,long,1289.19,1289.0402792824123,loss,-4.797207175877975,1.4972071758770489,1
2107937,2107938,2107939,short,1288.81,1288.5940466147492,loss,-1.1404661474928615,1.3346933575446687,1
2109975,2109976,2109976,short,1291.9,1292.23953376421,loss,-6.695337642098184,3.395337642097472,0
2109988,2109989,2109990,long,1292.91,1292.5603799898847,loss,-6.79620010115359,3.496200101153477,1
2110073,2110074,2110075,long,1292.85,1292.635584988696,loss,-5.444150113037995,2.144150113037886,1
2111312,2111313,2111319,long,1289.87,1289.4830785845854,loss,-7.169214154144629,3.869214154144053,6
2111692,2111693,2111696,short,1293.35,1293.50947034971,loss,-4.894703497100909,1.5947034971017748,3
2112122,2112123,2112123,short,1295.03,1295.1577097341085,loss,-4.577097341085209,1.2770973410852038,0
2112534,2112535,2112535,short,1295.66,1295.8748414502516,loss,-5.448414502514697,2.148414502514863,0
2112547,2112548,2112550,long,1296.26,1296.6238442364368,win,0.3384423643676202,2.2487282845281724,2
2112726,2112727,2112729,long,1305.84,1305.402174432336,loss,-7.678255676638218,4.378255676637461,2
2112736,2112737,2112739,short,1304.91,1305.29964890554,loss,-7.196489055398433,3.8964890553984626,2
2112771,2112772,2112772,short,1305.03,1305.317582195842,loss,-6.175821958421056,2.875821958421738,0
2112785,2112786,2112786,short,1304.65,1304.1361669215669,win,1.8383307843320837,3.1757297801800246,0
2114115,2114116,2114118,long,1303.76,1303.398604733608,loss,-6.913952663920372,3.613952663920553,2
2114131,2114132,2114137,long,1303.85,1303.5127584938673,loss,-6.672415061326137,3.3724150613267825,5
2114139,2114140,2114142,long,1304.1,1303.7834629149427,loss,-6.465370850572344,3.1653708505712967,2
2114193,2114194,2114195,long,1303.92,1303.6744302393781,loss,-5.755697606219473,2.4556976062192515,1
2115230,2115231,2115232,long,1298.57,1298.3308083754464,loss,-5.691916245535412,2.3919162455346124,1
2117653,2117654,2117654,short,1298.66,1298.9789919675684,loss,-6.489919675683086,3.189919675683713,0
2117661,2117662,2117663,long,1299.62,1299.3032233053148,loss,-6.467766946851316,3.1677669468518244,1
2117675,2117676,2117678,short,1298.92,1299.2393337322846,loss,-6.493337322845764,3.193337322844906,2
2117681,2117682,2117687,short,1298.53,1298.0113803278093,win,1.8861967219065265,3.205313177939758,5
2117806,2117807,2117810,short,1297.34,1297.6376978991882,loss,-6.276978991882788,2.9769789918819614,3
2117811,2117812,2117814,long,1298.22,1298.715153488843,win,1.6515348884301604,3.0602811424161223,2
2117948,2117949,2117958,long,1301.36,1300.9651467110737,loss,-7.248532889262424,3.948532889261998,9
2118716,2118717,2118720,short,1302.48,1302.2699120693574,loss,-1.1991206935734224,1.2984420929704434,3
2118908,2118909,2118914,long,1305.2,1305.6681307719327,win,1.3813077193269239,2.8932680589169917,5
2120457,2120458,2120459,short,1299.31,1299.0160239317559,loss,-0.36023931755908034,1.816910186922676,1
2121385,2121386,2121388,short,1292.9,1293.0274613084368,loss,-4.574613084367502,1.2746130843666936,2
2122010,2122011,2122013,short,1296.84,1297.2216219720383,loss,-7.116219720383742,3.816219720384049,2
2122015,2122016,2122017,short,1296.63,1296.998040481987,loss,-6.980404819867817,3.6804048198681527,1
2122170,2122171,2122172,short,1293.46,1293.7370580597978,loss,-6.070580597978096,2.7705805979790434,1
2122197,2122198,2122201,short,1293.38,1293.6033509865445,loss,-5.533509865443466,2.233509865443334,3
2122206,2122207,2122217,long,1293.84,1293.6297687664369,loss,-5.402312335630358,2.102312335630544,10
2122218,2122219,2122219,short,1293.48,1293.666458258584,loss,-5.164582585840253,1.8645825858395262,0
2122223,2122224,2122225,short,1293.36,1293.566979843904,loss,-5.369798439040369,2.0697984390412167,1
2122821,2122822,2122827,long,1292.27,1292.161036514377,loss,-4.389634856230077,1.0896348562299627,5
2124172,2124173,2124174,long,1297.3,1297.203906169341,loss,-4.260938306589014,0.9609383065881494,1
2124265,2124266,2124268,long,1296.85,1296.7360275328663,loss,-4.439724671336353,1.1397246713372096,2
2124431,2124432,2124433,short,1297.91,1298.1822268184578,loss,-6.0222681845773876,2.722268184578005,1
2124434,2124435,2124438,short,1297.75,1298.0450247864876,loss,-6.250247864876019,2.9502478648768893,3
2124453,2124454,2124459,short,1297.41,1297.6885313589758,loss,-6.085313589756697,2.785313589756966,5
2124886,2124887,2124889,long,1299.6,1299.3231574491028,loss,-6.068425508970722,2.768425508970812,2
2124893,2124894,2124903,long,1299.76,1300.1688467787067,win,0.7884677870667476,2.526865134157071,9
2125921,2125922,2125923,long,1298.71,1298.5409256321773,loss,-4.990743678227591,1.690743678226851,1
2125926,2125927,2125927,long,1298.85,1299.144333182558,loss,-0.3566681744185187,1.8191173211254263,0
2126257,2126258,2126258,long,1298.27,1298.6955795662816,win,0.9557956628161266,2.6302816210234363,0
2126348,2126349,2126350,short,1297.33,1297.5871615662093,loss,-5.871615662093336,2.571615662094267,1
2126453,2126454,2126473,short,1297.13,1297.40233044607,loss,-6.023304460698728,2.7233044606990875,19
2127322,2127323,2127324,long,1299.61,1300.0423194880182,win,1.023194880182655,2.6719375032026957,1
2127582,2127583,2127583,short,1298.37,1298.6578835864495,loss,-6.178835864496523,2.8788358644963656,0
2127741,2127742,2127744,long,1298.55,1298.400191382906,loss,-4.798086170938677,1.4980861709394269,2
2127887,2127888,2127888,short,1298.7,1298.840638529022,loss,-4.706385290219987,1.406385290220026,0
2127896,2127897,2127900,short,1298.59,1298.3251539815117,loss,-0.6515398151175757,1.6368727965900693,3
2128126,2128127,2128127,long,1299.26,1299.0640624684177,loss,-5.259375315823308,1.9593753158242013,0
2128133,2128134,2128137,long,1299.38,1299.1661454169757,loss,-5.438545830243856,2.138545830243439,3
2128873,2128874,2128875,long,1298.95,1299.3281176459782,win,0.4811764597813637,2.3369446599389607,1
2129109,2129110,2129111,short,1300.16,1299.8973893375687,loss,-0.6738933756862933,1.623057246176769,1
2129928,2129929,2129929,long,1298.44,1298.257795987033,loss,-5.122040129670768,1.8220401296709068,0
2130584,2130585,2130588,short,1294.98,1295.2048599387208,loss,-5.548599387207832,2.2485993872073293,3
2131057,2131058,2131059,short,1294.99,1295.0881007892503,loss,-4.281007892503385,0.9810078925037204,1
2131678,2131679,2131684,long,1296.74,1296.485129018307,loss,-5.848709816931023,2.548709816931908,5
2131688,2131689,2131697,long,1297.02,1296.7610587930913,loss,-5.889412069087302,2.589412069086353,8
2132829,2132830,2132832,short,1304.88,1304.5722766574142,loss,-0.22276657414140555,1.9018747996649887,2
2134735,2134736,2134749,long,1279.93,1279.7077121993807,loss,-5.522878006193696,2.22287800619364,13
2134991,2134992,2134993,short,1281.03,1281.2166700060543,loss,-5.16670006054328,1.866700060543583,1
2135241,2135242,2135242,short,1279.9,1279.7271735004324,loss,-1.5717350043230907,1.0681489466479293,0
2135506,2135507,2135509,short,1281.2,1280.824392586078,win,0.45607413922125506,2.3214302467375423,2
2135603,2135604,2135610,short,1280.64,1280.8486963792718,loss,-5.386963792717142,2.0869637927171283,6
2135617,2135618,2135619,long,1281.2,1280.9759379447244,loss,-5.540620552756809,2.2406205527566643,1
2136182,2136183,2136185,short,1278.4,1278.246544507422,loss,-1.765445074218678,0.9484270245872963,2
2136381,2136382,2136386,long,1281.67,1282.1247240901275,win,1.247240901274563,2.8104084680306394,4
2136572,2136573,2136573,long,1283.69,1283.8829696138207,loss,-1.3703038617934906,1.1926428542690148,0
2136959,2136960,2136962,short,1278.88,1279.0768678884306,loss,-5.268678884304609,1.9686788843042373,2
2138455,2138456,2138457,long,1274.04,1274.5663565618954,win,1.9635656189545445,3.253130790454292,1
2138558,2138559,2138559,short,1273.76,1274.0952335258373,loss,-6.652335258373387,3.352335258374474,0
2138574,2138575,2138589,long,1274.13,1274.6288085645324,win,1.6880856453228263,3.0828712270225656,14
2138589,2138590,2138593,long,1274.78,1274.4886361029269,loss,-6.213638970730972,2.9136389707317227,3
2143674,2143675,2143683,short,1258.91,1258.5249532703376,win,0.5504672966246291,2.3797696518075915,8
2143932,2143933,2143933,long,1257.23,1257.7525591047493,win,1.925591047492344,3.22966072156455,0
2144296,2144297,2144298,short,1258.41,1258.5187886420592,loss,-4.3878864205915304,1.087886420592168,1
2145951,2145952,2145958,short,1253.06,1253.2332805232918,loss,-5.032805232918508,1.7328052329188142,6
2145962,2145963,2145964,long,1253.52,1253.331833833201,loss,-5.181661667989647,1.8816616679893712,1
2147487,2147488,2147496,long,1249.33,1249.6243493438874,loss,-0.35650656112538837,1.8192172057326434,8
2148179,2148180,2148181,long,1251.37,1251.0953696302101,loss,-6.046303697897474,2.7463036978979827,1
2148183,2148184,2148187,long,1251.46,1251.20086219648,loss,-5.891378035199341,2.5913780351997198,3
2148190,2148191,2148191,long,1251.78,1251.506481102777,loss,-6.035188972230844,2.7351889722315685,0
2149182,2149183,2149184,short,1248.33,1248.0025610069526,loss,-0.02561006952719236,2.0237267802670043,1
2151238,2151239,2151242,long,1252.76,1252.643801722769,loss,-4.461982772309784,1.1619827723088967,3
2151919,2151920,2151921,short,1256.15,1256.4072577205677,loss,-5.872577205676225,2.5725772056759375,1
2151924,2151925,2151927,long,1257.08,1256.7949692390525,loss,-6.15030760947393,2.8503076094745916,2
2151982,2151983,2151986,short,1256.11,1256.3141997866885,loss,-5.341997866886049,2.041997866886657,3
2153523,2153524,2153527,long,1257.51,1257.2731113176847,loss,-5.668886823153389,2.368886823152477,3
2153530,2153531,2153532,long,1257.73,1257.4964446159654,loss,-5.635553840346165,2.335553840345659,1
2153537,2153538,2153540,short,1257.2,1256.840426862146,win,0.29573137854113174,2.2223308890856717,2
2153540,2153541,2153546,short,1256.84,1256.483988510654,win,0.2601148934597406,2.200318228343047,5
2153925,2153926,2153935,short,1257.38,1257.0624478433426,loss,-0.12447843342515608,1.9626214873758534,9
2154307,2154308,2154310,long,1256.59,1256.306174539902,loss,-6.138254600978871,2.8382546009789227,2
2154323,2154324,2154324,short,1255.86,1256.1527591765619,loss,-6.227591765619581,2.92759176561986,0
2154328,2154329,2154336,short,1255.75,1255.297582373823,win,1.2241762617706629,2.796153437435572,7
2155135,2155136,2155138,short,1254.73,1254.8506244807038,loss,-4.506244807037819,1.2062448070383485,2
2155270,2155271,2155274,short,1256.03,1255.730245340337,loss,-0.30245340337005455,1.8526245961864973,3
2155274,2155275,2155278,short,1255.74,1255.9204140432175,loss,-5.104140432175245,1.8041404321751082,3
2156539,2156540,2156545,long,1257.85,1258.0406749725482,loss,-1.3932502745167765,1.1784608933759482,5
2157541,2157542,2157543,short,1253.63,1253.8935222676794,loss,-5.935222676792637,2.6352226767931617,1
2158457,2158458,2158465,long,1252.24,1252.694752453656,win,1.247524536560559,2.810583767960665,7
2158465,2158466,2158467,long,1252.75,1252.4537666220463,loss,-6.262333779537403,2.962333779537436,1
2159544,2159545,2159547,short,1243.03,1243.2118464882255,loss,-5.118464882255739,1.818464882256709,2
2159655,2159656,2159662,long,1243.9,1243.7807366251807,loss,-4.492633748194112,1.19263374819443,6
2160313,2160314,2160323,long,1247.52,1247.9318303008517,win,0.8183030085176144,2.5453047024217326,9
2160636,2160637,2160641,long,1246.95,1246.8425801259584,loss,-4.37419874041625,1.0741987404162145,4
2161979,2161980,2161983,long,1241.48,1241.3496198163236,loss,-4.603801836763796,1.3038018367628272,3
2161990,2161991,2161999,short,1241.13,1240.9394523605556,loss,-1.3945236055549683,1.177673914984159,8
2165691,2165692,2165692,short,1224.53,1224.8359628205628,loss,-6.359628205628542,3.059628205629521,0
2165694,2165695,2165697,short,1224.17,1224.5052891226114,loss,-6.65289122611357,3.3528912261133694,2
2165902,2165903,2165904,long,1226.86,1227.2380196260517,win,0.4801962605180963,2.3363388507527847,1
2166050,2166051,2166051,long,1227.85,1227.7292532298159,loss,-4.507467701840414,1.2074677018405218,0
2166055,2166056,2166056,short,1227.32,1227.452951380142,loss,-4.6295138014200345,1.3295138014189827,0
2167202,2167203,2167204,short,1216.64,1216.9010750265295,loss,-5.910750265293973,2.6107502652950143,1
2167568,2167569,2167576,short,1223.16,1222.9159170517448,loss,-0.8591705174474553,1.5085472698097273,7
2168792,2168793,2168796,short,1229.52,1229.7433329007029,loss,-5.533329007028715,2.233329007029548,3
2169008,2169009,2169009,short,1232.24,1232.5115533503308,loss,-6.015533503308052,2.715533503307763,0
2169189,2169190,2169194,long,1231.91,1231.7587306273285,loss,-4.812693726715497,1.5126937267144707,4
2169202,2169203,2169206,long,1232.09,1231.9425899363146,loss,-4.7741006368535635,1.4741006368537173,3
2169598,2169599,2169599,long,1229.11,1229.4242290411105,loss,-0.1577095888940674,1.9420830723764042,0
2170793,2170794,2170794,long,1220.07,1220.5828738915436,win,1.8287389154367704,3.1698015546576497,0
2171254,2171255,2171261,long,1228.95,1228.6346389083412,loss,-6.45361091658815,3.1536109165870965,6
2173775,2173776,2173778,long,1228.55,1228.366884268096,loss,-5.131157319038539,1.831157319037679,2
2173779,2173780,2173781,short,1228.05,1228.2343916737605,loss,-5.1439167376050134,1.843916737604347,1
2174045,2174046,2174050,long,1227.25,1227.6992352134353,win,1.1923521343525865,2.7764846318615763,4
2174794,2174795,2174796,short,1224.0,1224.1518953510424,loss,-4.818953510424126,1.5189535104238563,1
2176779,2176780,2176790,short,1224.21,1223.8304512842574,win,0.49548715742657823,2.345789343279309,10
2179485,2179486,2179487,short,1218.85,1218.3428954862825,win,1.771045137174224,3.134144089724702,1
2179639,2179640,2179644,long,1218.48,1218.29753892158,loss,-5.124610784199194,1.8246107842001136,4
2179655,2179656,2179658,long,1218.6,1218.8760226476074,loss,-0.5397735239246684,1.7059496143853077,2
2181582,2181583,2181584,long,1208.09,1207.9319035974088,loss,-4.880964025911271,1.5809640259116424,1
2181588,2181589,2181591,short,1207.76,1207.5202172279282,loss,-0.9021722792825129,1.4819701611354248,2
2181591,2181592,2181594,short,1207.56,1207.7046275919347,loss,-4.746275919347499,1.4462759193481267,2
2181964,2181965,2181965,short,1207.35,1207.4860016190128,loss,-4.66001619012859,1.360016190127839,0
2181971,2181972,2181973,long,1207.76,1207.996310402998,loss,-0.93689597001985,1.4605092892343037,1
2182886,2182887,2182889,short,1216.73,1216.3578980610287,win,0.421019389713547,2.2997647649654076,2
2189034,2189035,2189035,long,1213.86,1213.2882120965455,loss,-9.017879034543785,5.717879034543827,0
2193424,2193425,2193427,short,1177.19,1176.9245187531535,loss,-0.6451875315345204,1.6407988062209413,2
2198836,2198837,2198839,long,1194.23,1193.9403315694165,loss,-6.196684305835606,2.896684305835191,2
2208246,2208247,2208249,short,1200.17,1199.6347921817423,win,2.052078182577316,3.3078357123469453,2
2210864,2210865,2210879,long,1200.94,1201.3020213806187,win,0.3202138061867119,2.2374621793486935,14
2211670,2211671,2211683,long,1194.96,1195.5463970700907,win,2.5639707009069754,3.6242093330694147,12
2212774,2212775,2212777,short,1193.13,1193.2446466085592,loss,-4.446466085590418,1.1464660855897337,2
2213366,2213367,2213370,short,1196.33,1196.7427261658806,loss,-7.4272616588071285,4.1272616588067335,3
2214889,2214890,2214896,short,1198.32,1197.794431388435,win,1.9556861156494962,3.248260887299486,6
2214961,2214962,2214966,long,1199.23,1199.6145866497668,win,0.5458664976678849,2.3769261419449292,4
2224385,2224386,2224388,short,1202.29,1202.4995704738628,loss,-5.395704738628683,2.095704738629269,2
2224393,2224394,2224394,short,1202.18,1201.850538539447,loss,-0.005385394468521376,2.0362265794379835,0
2225871,2225872,2225873,long,1198.51,1198.34295350442,loss,-4.970464955800526,1.6704649558007836,1
2225878,2225879,2225883,short,1197.78,1197.4992731058703,loss,-0.4927310587034297,1.7350240675509048,4
2228101,2228102,2228103,short,1202.51,1202.7048055028065,loss,-5.2480550280650275,1.9480550280652909,1
2228104,2228105,2228111,short,1202.32,1202.5189724676009,loss,-5.289724676009246,1.9897246760092535,6
2233582,2233583,2233592,long,1198.93,1198.7276561462918,loss,-5.323438537082711,2.0234385370817463,9
2233890,2233891,2233898,short,1194.22,1194.456679232441,loss,-5.666792324410198,2.3667923244111817,7
2235713,2235714,2235720,short,1183.1,1183.2425057261844,loss,-4.725057261844813,1.425057261845147,6
2235722,2235723,2235726,long,1183.31,1183.526416836916,loss,-1.1358316308390384,1.3375577065276696,3
2240055,2240056,2240056,short,1205.29,1205.4937257652032,loss,-5.337257652032167,2.0372576520323182,0
2241153,2241154,2241162,long,1198.67,1198.4367976246688,loss,-5.632023753313024,2.33202375331227,8
2241223,2241224,2241224,short,1197.44,1197.6502553920684,loss,-5.402553920683476,2.102553920682775,0
2243523,2243524,2243524,short,1200.77,1201.0236587797224,loss,-5.836587797224001,2.5365877972246067,0
2243527,2243528,2243528,long,1201.68,1201.4181412849812,loss,-5.918587150188887,2.6185871501890747,0
2245244,2245245,2245246,long,1189.71,1189.489558774389,loss,-5.504412256110117,2.204412256110754,1
2245257,2245258,2245262,long,1189.86,1190.2020934775817,win,0.12093477581784118,2.1142983781326334,4
2246065,2246066,2246069,long,1188.64,1189.3034372434631,win,3.3343724346302226,4.100353791490174,3
2246175,2246176,2246186,short,1187.7,1187.2360533769202,win,1.3394662307989167,2.867408053646193,10
2246212,2246213,2246213,short,1187.1,1187.3832734344605,loss,-6.132734344606251,2.8327343446071684,0
2247102,2247103,2247107,long,1186.98,1187.2715053952766,loss,-0.3849460472345525,1.8016402674699343,4
2247892,2247893,2247893,long,1194.17,1194.0268723041097,loss,-4.731276958903709,1.4312769589036867,0
2247893,2247894,2247894,short,1193.88,1193.6286279886185,loss,-0.7862798861840927,1.5535971037178402,0
2247894,2247895,2247897,short,1193.54,1193.7074854384493,loss,-4.974854384493756,1.67485438449322,2
2247912,2247913,2247915,long,1194.28,1194.6996448514565,win,0.8964485145649634,2.593602295775844,2
2252838,2252839,2252847,short,1229.95,1229.3520718120628,win,2.6792818793721382,3.6954770577077176,8
2252972,2252973,2252974,long,1228.87,1228.65462776811,loss,-5.453722318898872,2.1537223188996424,1
2252983,2252984,2252985,short,1228.25,1227.9074982463578,win,0.12501753642181956,2.1168217159594747,1
2254282,2254283,2254283,short,1226.22,1226.5276345830553,loss,-6.376345830552327,3.0763458305525075,0
2254292,2254293,2254297,long,1227.17,1226.8926009668946,loss,-6.073990331054392,2.7739903310541267,4
2254297,2254298,2254299,short,1226.55,1226.1072871066297,win,1.1271289337029886,2.7361736302243216,1
2256985,2256986,2256986,short,1226.88,1226.3820915333815,win,1.679084666185827,3.077308199126155,0
2257111,2257112,2257114,short,1226.83,1226.3803241869327,win,1.1967581306718786,2.7792077445440193,2
2259234,2259235,2259236,long,1232.25,1232.7164137895707,win,1.3641378957065173,2.8826563014258633,1
2263972,2263973,2263978,long,1234.34,1233.9346654325684,loss,-7.353345674315096,4.053345674315789,5
2263980,2263981,2263987,long,1234.81,1234.4230628634984,loss,-7.169371365015013,3.8693713650159878,6
2265154,2265155,2265159,short,1230.1,1229.6636636406995,win,1.0633635930041239,2.696763654514731,4
2270941,2270942,2270956,short,1232.82,1232.635409294162,loss,-1.4540929416200923,1.1408572672317172,14
2271277,2271278,2271282,long,1232.02,1232.1697018761429,loss,-1.80298123857101,0.9252279118850767,4
2273984,2273985,2273986,long,1227.14,1227.8077964707982,win,3.377964707980664,4.127295864017189,1
2276069,2276070,2276080,long,1225.19,1224.8190423221442,loss,-7.00957677855813,3.7095767785586413,10
2283418,2283419,2283422,short,1214.11,1214.249185863519,loss,-4.691858635190601,1.3918586351908224,3
2283422,2283423,2283424,long,1214.51,1214.7430790574288,loss,-0.9692094257123243,1.4405380558024763,1
2284348,2284349,2284355,long,1221.24,1220.916581029666,loss,-6.534189703339325,3.2341897033398057,6
2284360,2284361,2284365,short,1220.64,1220.9660929096863,loss,-6.560929096861673,3.260929096861059,4
2284368,2284369,2284371,long,1221.29,1220.9954442409753,loss,-6.245557590246608,2.9455575902471125,2
2284389,2284390,2284395,long,1221.22,1221.6235600101732,win,0.7356001017312339,2.4941904213414965,5
2286023,2286024,2286026,long,1223.88,1224.0342050299587,loss,-1.7579497004142466,0.9530595176673148,2
2286632,2286633,2286635,long,1224.93,1224.6988095430152,loss,-5.611904569849048,2.311904569848079,2
2287998,2287999,2288000,long,1224.78,1225.1184072880599,win,0.08407288059897855,2.0915159954254317,1
2288642,2288643,2288645,short,1226.51,1226.645836618034,loss,-4.658366180340908,1.3583661803417204,2
2288795,2288796,2288800,long,1225.6,1225.7587954834962,loss,-1.712045165036943,0.9814306767390965,4
2291155,2291156,2291162,short,1223.54,1223.2979672388235,loss,-0.8796723882353943,1.4958761506574496,6
2291593,2291594,2291594,long,1227.2,1227.633146541008,win,1.03146541008,2.6770490791594335,0
2293212,2293213,2293215,short,1223.47,1223.6515513704373,loss,-5.115513704373188,1.81551370437305,2
2293217,2293218,2293218,short,1223.29,1222.9728123884752,loss,-0.12812388475213066,1.9603684272240607,0
2294502,2294503,2294505,short,1212.76,1212.9348414764906,loss,-5.048414764906556,1.7484147649076394,2
2294508,2294509,2294509,long,1213.47,1213.2852719460705,loss,-5.147280539295752,1.847280539294647,0
2294840,2294841,2294851,long,1213.33,1213.0530856189955,loss,-6.06914381004417,2.7691438100449592,10
2294853,2294854,2294855,short,1212.87,1213.1243791139427,loss,-5.843791139428322,2.5437911394283117,1
2296674,2296675,2296679,short,1223.88,1224.035905465036,loss,-4.859054650358575,1.5590546503596838,4
2296680,2296681,2296682,short,1223.8,1223.949195725108,loss,-4.7919572510802935,1.4919572510805683,1
2297811,2297812,2297818,long,1220.9,1220.7766321997192,loss,-4.533678002809029,1.2336780028094612,6
2297819,2297820,2297821,short,1220.67,1220.4774257195427,loss,-1.374257195426071,1.190199508388979,1
2297821,2297822,2297825,short,1220.46,1220.5805169622122,loss,-4.505169622121502,1.2051696221215116,3
2298169,2298170,2298179,long,1224.41,1224.663291241323,loss,-0.7670875867718676,1.5654588462478463,9
2299655,2299656,2299659,long,1236.77,1236.5849527561188,loss,-5.150472438811721,1.8504724388112592,3
2300866,2300867,2300869,short,1235.78,1235.5643600518586,loss,-1.1436005185858447,1.3327561689832894,2
2300869,2300870,2300873,short,1235.56,1235.3463326373899,loss,-1.1633263738993262,1.3205646638448114,3
2301530,2301531,2301539,long,1237.94,1238.2848961730172,win,0.14896173017104974,2.131620352392306,8
2302751,2302752,2302754,short,1235.92,1235.6062345439025,loss,-0.1623454390240111,1.9392178992430935,2
2304692,2304693,2304699,short,1249.03,1248.7108583737534,loss,-0.10858373753380857,1.97244515603654,6
2306040,2306041,2306047,long,1244.24,1244.454327745304,loss,-1.1567225469600997,1.3246461390853603,6
2309646,2309647,2309648,short,1241.92,1242.113949192054,loss,-5.239491920538785,1.9394919205390149,1
2309649,2309650,2309652,long,1242.38,1242.691496629084,loss,-0.1850337091612344,1.9251954825949649,2
2311334,2311335,2311353,long,1239.73,1240.1117368345424,win,0.5173683454238018,2.3593129452561814,18
2317460,2317461,2317467,long,1259.57,1259.3467084156682,loss,-5.532915843317187,2.2329158433179357,6
2320969,2320970,2320976,long,1269.37,1269.1436945898197,loss,-5.5630541018020265,2.2630541018023376,6
2323266,2323267,2323270,short,1277.79,1278.190076291503,loss,-7.300762915029554,4.000762915030451,3
2324538,2324539,2324541,long,1280.33,1280.9371987875022,win,2.771987875022842,3.7527737175668805,2
2326594,2326595,2326596,long,1288.06,1287.9095132778657,loss,-4.804867221342465,1.5048672213414276,1
2328901,2328902,2328905,short,1283.61,1283.8582797997942,loss,-5.78279799794318,2.4827979979438877,3
2328918,2328919,2328926,long,1284.15,1284.5337087014416,win,0.5370870144149196,2.371500008909516,7
2331419,2331420,2331425,short,1284.21,1284.5158752962657,loss,-6.358752962656399,3.058752962657266,5
2331464,2331465,2331467,long,1284.87,1285.2681896917811,win,0.6818969178122645,2.4609993311564957,2
2332502,2332503,2332507,long,1281.04,1281.2838840105646,loss,-0.8611598943532952,1.5073177414380294,4
2338935,2338936,2338943,long,1289.75,1289.921654844491,loss,-1.5834515550894137,1.060907567930294,7
2339981,2339982,2339984,short,1293.33,1293.5077747433077,loss,-5.0777474330773655,1.7777474330782232,2
2339990,2339991,2339993,short,1293.25,1292.9942310061685,loss,-0.7423100616854752,1.5807725205895664,2
2339993,2339994,2339996,short,1293.05,1293.2042574253828,loss,-4.842574253828661,1.5425742538297107,2
2340317,2340318,2340323,long,1291.72,1291.9155687886766,loss,-1.3443121132339,1.208706975752176,5
2342033,2342034,2342039,long,1285.61,1285.442212144922,loss,-4.9778785507790415,1.677878550779141,5
2346110,2346111,2346113,short,1279.48,1279.804838399369,loss,-6.548383993689003,3.2483839936896883,2
2346702,2346703,2346708,short,1283.89,1283.6223222179603,loss,-0.6232221796024531,1.6543744254615282,5
2348468,2348469,2348473,short,1284.22,1283.8997672942892,loss,-0.09767294289149486,1.9791885396224218,4
2350238,2350239,2350240,long,1302.71,1302.4548027062017,loss,-5.851972937983464,2.5519729379827725,1
2351499,2351500,2351502,long,1309.01,1308.6888311539092,loss,-6.511688460908135,3.211688460908433,2
2352931,2352932,2352933,long,1311.17,1310.839035090008,loss,-6.609649099919625,3.3096490999193455,1
2352940,2352941,2352942,short,1310.43,1310.717590741504,loss,-6.1759074150389095,2.875907415038706,1
2352944,2352945,2352946,long,1311.21,1310.918358047107,loss,-6.2164195289308735,2.9164195289317405,1
2353039,2353040,2353041,short,1310.92,1310.5472032641214,win,0.4279673587863728,2.3040589362095623,1
2353652,2353653,2353673,long,1319.53,1319.7447554473013,loss,-1.1524455269871394,1.3272895383261876,20
2353964,2353965,2353966,long,1320.72,1320.5180138761646,loss,-5.319861238354679,2.019861238354421,1
2353979,2353980,2353992,long,1320.86,1321.1818531597437,loss,-0.08146840256204069,1.9892037066990655,12
2355535,2355536,2355540,short,1321.24,1320.985221853666,loss,-0.7522185366595293,1.5746486176387067,4
2355739,2355740,2355746,short,1317.56,1317.9157900950172,loss,-6.857900950172552,3.5579009501726824,6
2355756,2355757,2355759,long,1318.13,1317.8299876066064,loss,-6.30012393393672,3.00012393393622,2
2360056,2360057,2360065,short,1306.63,1306.308174339209,loss,-0.08174339208908332,1.9890337502535034,8
2361524,2361525,2361526,short,1309.77,1309.8648659494104,loss,-4.248659494104049,0.9486594941049572,1
2362620,2362621,2362622,long,1314.55,1314.331309195971,loss,-5.486908040289381,2.1869080402897723,1
2362777,2362778,2362782,long,1314.09,1314.343702305972,loss,-0.7629769402781674,1.5679994188633684,4
2368878,2368879,2368881,long,1314.4,1314.7367145856633,win,0.06714585663230555,2.0810542995248578,2
2369155,2369156,2369156,short,1318.28,1317.9167449480801,win,0.3325505191985032,2.245086847465094,0
2378223,2378224,2378228,short,1324.67,1324.8641053117924,loss,-5.241053117923275,1.9410531179224566,4
2386894,2386895,2386899,short,1286.42,1286.6282532599869,loss,-5.382532599868045,2.082532599868616,4
2388355,2388356,2388356,short,1285.19,1285.395957238634,loss,-5.359572386340278,2.0595723863393225,0
2388476,2388477,2388478,short,1284.97,1285.0986752501292,loss,-4.58675250129163,1.286752501292721,1
2388478,2388479,2388482,long,1285.38,1285.2440133785676,loss,-4.659866214324938,1.3598662143245046,3
2388486,2388487,2388489,long,1285.44,1285.3110864161602,loss,-4.5891358383990335,1.2891358383995926,2
2390010,2390011,2390013,long,1297.12,1297.3141235280086,loss,-1.3587647199126875,1.1997745859619142,2
2390013,2390014,2390015,long,1297.32,1297.1934121942802,loss,-4.565878057197369,1.265878057196333,1
2391522,2391523,2391524,long,1294.81,1295.02269326555,loss,-1.1730673444988495,1.3145442864648667,1
2395994,2395995,2395996,long,1303.89,1304.2833172906767,win,0.6331729067657763,2.4308856036874236,1
2397400,2397401,2397403,short,1303.33,1303.5481169244372,loss,-5.48116924437254,2.1811692443724544,2
2397406,2397407,2397408,long,1303.9,1304.268714773652,win,0.3871477365184548,2.278830492285458,1
2399288,2399289,2399305,long,1306.74,1307.1603197010918,win,0.9031970109178475,2.5977731835085396,16
2400804,2400805,2400807,short,1313.85,1314.233135555371,loss,-7.131355553711546,3.831355553712535,2
2404312,2404313,2404314,long,1317.35,1317.701376061061,win,0.21376061061046148,2.1716691042096983,1
2406656,2406657,2406658,short,1317.14,1316.861792364684,loss,-0.517923646840063,1.7194538647463078,1
2407161,2407162,2407163,long,1318.53,1318.2671150380136,loss,-5.928849619864013,2.628849619863235,1
2407169,2407170,2407170,short,1317.97,1318.2345488131377,loss,-5.945488131377078,2.645488131377882,0
2411783,2411784,2411785,short,1288.15,1288.3373686075902,loss,-5.173686075900878,1.8736860759016072,1
2413079,2413080,2413080,short,1290.54,1290.7472492066927,loss,-5.372492066927225,2.0724920669270537,0
2413085,2413086,2413099,long,1291.14,1290.9370406549187,loss,-5.329593450813536,2.029593450814154,13
2417692,2417693,2417696,long,1296.38,1296.272979527928,loss,-4.370204720720085,1.0702047207191567,3
2417835,2417836,2417837,long,1296.43,1296.727610980475,loss,-0.3238901952507147,1.8393756518845754,1
2420809,2420810,2420812,short,1304.22,1304.3619116889975,loss,-4.719116889974248,1.4191168899739641,2
2421450,2421451,2421457,short,1307.71,1307.8214017336163,loss,-4.41401733616276,1.114017336162002,6
2421825,2421826,2421828,short,1306.3,1306.1572235041995,loss,-1.8722350419950997,0.8824258084083489,2
2425508,2425509,2425520,short,1287.64,1287.732450049992,loss,-4.224500499918395,0.9245004999188496,11
2425941,2425942,2425943,short,1284.98,1285.1053064518737,loss,-4.553064518737119,1.2530645187369278,1
2427351,2427352,2427359,short,1277.18,1277.2830318549147,loss,-4.330318549146614,1.0303185491464288,7
2427527,2427528,2427530,short,1278.56,1278.7710359458983,loss,-5.410359458984021,2.1103594589850214,2
2428152,2428153,2428159,short,1274.03,1273.8462140892284,loss,-1.4621408922842418,1.1358832556962035,6
2433074,2433075,2433076,long,1273.7,1273.5425912686678,loss,-4.874087313322252,1.5740873133211575,1
2433099,2433100,2433111,short,1273.28,1273.0491176330636,loss,-0.9911763306361534,1.4269614767384398,11
2434369,2434370,2434372,short,1277.24,1276.913314271479,loss,-0.03314271479057407,2.019071251674909,2
2436555,2436556,2436556,short,1285.64,1285.771357717202,loss,-4.613577172018085,1.3135771720187908,0
2438396,2438397,2438398,short,1283.29,1283.4625428678748,loss,-5.0254286787488125,1.725428678748171,1
2438401,2438402,2438403,long,1283.8,1283.6296282199683,loss,-5.003717800317008,1.7037178003174818,1
2439097,2439098,2439100,short,1283.59,1283.7177935654481,loss,-4.577935654482007,1.2779356544822935,2
2439804,2439805,2439808,long,1281.12,1281.3552167209052,loss,-0.9478327909467223,1.4537498201814814,3
2442586,2442587,2442590,long,1270.09,1269.93080088756,loss,-4.891991124398646,1.5919911243989437,3
2443991,2443992,2443995,short,1281.39,1281.070362015137,loss,-0.10362015137006875,1.9755128854328634,3
2444119,2444120,2444120,long,1278.07,1277.7104947304058,loss,-6.895052695941376,3.5950526959423668,0
2444133,2444134,2444141,long,1278.64,1278.2229397732144,loss,-7.470602267856793,4.170602267855702,7
2444711,2444712,2444714,short,1282.5,1282.2603700228253,loss,-0.9037002282532738,1.481025816901455,2
2444824,2444825,2444851,long,1282.74,1282.6075486185007,loss,-4.624513814993224,1.324513814993166,26
2446462,2446463,2446464,long,1287.7,1287.4948684712804,loss,-5.3513152871967575,2.051315287196446,1
2448457,2448458,2448474,long,1284.55,1284.2475583283901,loss,-6.32441671609813,3.0244167160990254,16
2448902,2448903,2448912,short,1284.4,1284.0170711810474,win,0.5292881895267785,2.3666799688045246,9
2452619,2452620,2452630,long,1295.95,1296.1021421091143,loss,-1.7785789088573436,0.9403096978633438,10
2454242,2454243,2454243,long,1296.13,1296.5816640056398,win,1.2166400563971367,2.791495708527756,0
2460747,2460748,2460754,long,1273.64,1273.8057929469196,loss,-1.6420705308049035,1.0246782875118432,6
2460886,2460887,2460888,long,1273.72,1273.5884226452847,loss,-4.615773547153185,1.3157735471540954,1
2461968,2461969,2461972,long,1286.0,1285.7333337534953,loss,-5.966662465046556,2.666662465047266,3
2463024,2463025,2463025,long,1281.74,1281.980710813782,loss,-0.8928918621798401,1.4877058948209325,0
2464714,2464715,2464715,long,1285.18,1285.0387642622406,loss,-4.712357377594162,1.4123573775948512,0
2464721,2464722,2464725,short,1285.17,1284.948296023207,loss,-1.0829602320684897,1.3702347144195504,3
2464732,2464733,2464733,long,1285.24,1285.12961954497,loss,-4.403804550300538,1.103804550301275,0
2465034,2465035,2465039,short,1283.03,1283.1458385769288,loss,-4.458385769288088,1.1583857692888273,4
2465819,2465820,2465825,short,1277.67,1277.8516693299912,loss,-5.116693299911094,1.8166932999101406,5
2465829,2465830,2465831,long,1278.17,1277.977460201624,loss,-5.225397983761741,1.9253979837612027,1
2465843,2465844,2465844,short,1277.72,1277.8936455293244,loss,-5.0364552932440345,1.7364552932436583,0
2465861,2465862,2465871,long,1278.2,1278.439923587434,loss,-0.9007641256614987,1.4828404662173258,9
2466486,2466487,2466488,long,1281.42,1281.2929068507176,loss,-4.570931492824729,1.2709314928254611,1
2466489,2466490,2466493,short,1280.93,1280.7084688430718,loss,-1.0846884307177787,1.3691666064791448,3
2466662,2466663,2466663,short,1284.53,1284.7450933197947,loss,-5.450933197947324,2.1509331979463093,0
2467235,2467236,2467242,long,1281.71,1281.4861359680076,loss,-5.538640319924343,2.238640319923668,6
2472548,2472549,2472553,long,1321.76,1322.2237923520245,win,1.33792352024484,2.866454586059745,4
2477894,2477895,2477895,short,1328.2,1328.5853550841612,loss,-7.153550841611195,3.853550841611605,0
2477900,2477901,2477911,long,1329.23,1328.8750785384557,loss,-6.849214615443361,3.5492146154440967,10
2477911,2477912,2477912,short,1328.52,1328.872861935357,loss,-6.828619353569411,3.528619353570404,0
2477915,2477916,2477923,long,1329.68,1329.2962544944899,loss,-7.137455055102055,3.837455055101809,7
2479025,2479026,2479027,short,1322.35,1322.0642761561712,loss,-0.44276156171308667,1.7659075638368311,1
2479027,2479028,2479031,short,1322.06,1322.2450483051098,loss,-5.150483051098308,1.8504830510990484,3
2479032,2479033,2479033,long,1322.66,1322.4485540914998,loss,-5.414459085003091,2.1144590850023133,0
2479386,2479387,2479401,long,1326.32,1326.7572811977727,win,1.0728119777279064,2.7026032000796674,14
2479551,2479552,2479555,short,1327.64,1327.4033061590483,loss,-0.9330615904817021,1.462879115895575,3
2479625,2479626,2479627,short,1326.63,1326.734214362915,loss,-4.34214362914945,1.0421436291493658,1
2481440,2481441,2481453,long,1334.67,1334.5358509019816,loss,-4.6414909801849715,1.3414909801854171,12
2485021,2485022,2485034,long,1339.17,1339.4298826640656,loss,-0.7011733593442839,1.606196934891981,12
2486347,2486348,2486351,long,1346.14,1346.5714458864754,win,1.0144588647533057,2.6665382353236224,3
2487435,2487436,2487438,long,1344.12,1343.6808443678033,loss,-7.691556321966163,4.39155632196642,2
2490817,2490818,2490826,short,1406.18,1405.3442033731483,win,5.057966268517885,5.165615740740757,8
2491759,2491760,2491762,long,1415.07,1414.7604981119612,loss,-6.39501888038767,3.0950188803872685,2
2491764,2491765,2491768,long,1415.34,1415.8200012041596,win,1.5000120415963467,2.966632905807103,3
2498619,2498620,2498620,short,1385.49,1385.040279749381,win,1.1972025061906608,2.77948238948705,0
2499008,2499009,2499010,long,1390.67,1391.2268977688548,win,2.2689776885469657,3.441889795146731,1
2506089,2506090,2506098,short,1387.76,1387.9963242362992,loss,-5.663242362991968,2.3632423629918877,8
2506437,2506438,2506439,short,1396.13,1396.6274684658372,loss,-8.274684658370735,4.974684658371774,1
2506459,2506460,2506464,long,1397.49,1397.076486165736,loss,-7.435138342639948,4.1351383426395465,4
2509049,2509050,2509057,short,1414.99,1415.6442663417156,loss,-9.842663417155837,6.5426634171564935,7
2511453,2511454,2511456,long,1416.07,1416.5517881378053,win,1.5178813780532439,2.9776769950885904,2
2514703,2514704,2514707,short,1421.38,1421.7305003819768,loss,-6.805003819766443,3.5050038197669506,3
2514734,2514735,2514737,long,1422.07,1422.5486760420235,win,1.4867604202360782,2.958442781357239,2
2516922,2516923,2516928,long,1439.66,1440.097891678522,win,1.0789167852196444,2.7063762578612685,5
2518546,2518547,2518547,short,1425.74,1426.370869544588,loss,-9.608695445879949,6.3086954458810025,0
2518672,2518673,2518674,short,1426.47,1425.9004739679785,win,2.395260320214857,3.5199383932103494,1
2519388,2519389,2519389,short,1417.33,1417.0584168038731,loss,-0.5841680387318773,1.678511718954121,0
2520506,2520507,2520507,long,1416.9,1416.71774917364,loss,-5.122508263601321,1.822508263602292,0
2527307,2527308,2527308,long,1430.9,1430.7558924366513,loss,-4.741075633488253,1.441075633488444,0
2527978,2527979,2527981,long,1431.52,1431.7466463334135,loss,-1.0335366658644487,1.4007807998368065,2
2528262,2528263,2528264,short,1427.57,1427.8434851150098,loss,-6.03485115009862,2.7348511500992347,1
2529814,2529815,2529816,short,1438.26,1436.3882447743174,win,15.41755225682591,11.568326487532154,1
2529816,2529817,2529818,short,1436.3,1437.509802856012,loss,-15.398028560119474,12.098028560119902,1
2530753,2530754,2530756,short,1436.18,1436.5147046442592,loss,-6.647046442590908,3.3470464425913953,2
2530758,2530759,2530761,short,1435.98,1436.3321688767319,loss,-6.821688767318665,3.521688767318037,2
2531855,2531856,2531859,short,1455.91,1456.339168728084,loss,-7.591687280838232,4.291687280837116,3
2531862,2531863,2531864,long,1456.91,1456.4777325635225,loss,-7.622674364775594,4.322674364775438,1
2531866,2531867,2531875,long,1457.75,1458.4665195609614,win,3.865195609613875,4.428427447226699,8
2532483,2532484,2532491,long,1465.42,1466.0596744018915,win,3.096744018913978,3.9534882687974857,7
2538514,2538515,2538516,short,1496.23,1496.3748350163844,loss,-4.74835016384377,1.4483501638427487,1
2538792,2538793,2538796,long,1503.01,1503.757177961424,win,4.171779614240859,4.617910762818311,3
2539255,2539256,2539257,long,1506.35,1505.9970414651482,loss,-6.82958534851723,3.529585348516168,1
2539270,2539271,2539272,short,1505.57,1505.884080311156,loss,-6.440803111559762,3.140803111558686,1
2539273,2539274,2539274,short,1505.27,1505.587136647149,loss,-6.471366471490273,3.1713664714900656,0
2539281,2539282,2539299,long,1506.13,1505.842895902344,loss,-6.1710409765608345,2.871040976561158,17
2539727,2539728,2539737,short,1515.87,1515.0829335866003,win,4.570664133995433,4.864440132258975,9
2539790,2539791,2539795,long,1515.78,1515.4791941663111,loss,-6.3080583368885526,3.0080583368876628,4
2540589,2540590,2540607,long,1502.47,1501.6804020855643,loss,-11.195979144357171,7.895979144357728,17
2540608,2540609,2540612,short,1501.66,1500.7775268891453,win,5.524731108547894,5.454098336556679,3
2540612,2540613,2540615,short,1500.76,1499.8811606854306,win,5.488393145694045,5.431639768661515,2
2545251,2545252,2545263,short,1508.5,1508.772170812026,loss,-6.021708120259336,2.721708120258233,11
2547937,2547938,2547940,short,1504.31,1504.5508172012387,loss,-5.708172012387695,2.40817201238661,2
2548728,2548729,2548731,long,1504.23,1504.6901138208286,win,1.301138208286102,2.843719535405507,2
2550719,2550720,2550721,long,1495.46,1495.2800410168845,loss,-5.099589831155117,1.7995898311545555,1
2551623,2551624,2551631,long,1528.12,1527.5906339075882,loss,-8.593660924116922,5.29366092411786,7
2551631,2551632,2551639,short,1527.14,1527.657971093048,loss,-8.479710930478905,5.17971093047823,7
2551966,2551967,2551972,short,1543.75,1544.3943367253642,loss,-9.743367253641555,6.443367253641457,5
2551974,2551975,2551980,short,1543.41,1542.4519068251907,win,6.280931748093917,5.921465851726714,5
2552497,2552498,2552498,short,1530.53,1531.2058985831843,loss,-10.058985831843348,6.758985831842381,0
2552501,2552502,2552502,long,1532.25,1531.5251493291917,loss,-10.54850670808337,7.248506708083442,0
2553922,2553923,2553934,long,1530.46,1531.0535859932284,win,2.6358599322831653,3.6686402548107315,11
2557052,2557053,2557067,short,1526.71,1525.4709889526846,win,9.090110473154436,7.657670255348346,14
2558014,2558015,2558016,short,1524.75,1525.0826256908915,loss,-6.626256908915184,3.3262569089157843,1
2559925,2559926,2559926,short,1524.0,1524.3985301432165,loss,-7.2853014321647604,3.9853014321648703,0
2560912,2560913,2560919,short,1546.18,1546.5297382270653,loss,-6.797382270652451,3.497382270652368,6
2561633,2561634,2561634,short,1537.49,1537.9887390388799,loss,-8.287390388798759,4.987390388798595,0
2563592,2563593,2563593,short,1516.53,1515.6117119767189,win,5.882880232810931,5.675451318177457,0
2564122,2564123,2564124,short,1515.19,1514.4977081730626,win,3.62291826937435,4.278688670811673,1
2564489,2564490,2564490,short,1507.03,1507.5058719764788,loss,-8.058719764788567,4.75871976478844,0
2564857,2564858,2564873,long,1520.84,1522.0091980575025,win,8.391980575026263,7.226193186048886,15
2565500,2565501,2565512,short,1509.48,1509.7203642360284,loss,-5.703642360284266,2.4036423602843096,11
2565873,2565874,2565877,long,1509.62,1510.104044101458,win,1.5404410145803924,2.991619910123458,3
2574795,2574796,2574798,long,1501.42,1501.2721304233057,loss,-4.778695766943474,1.4786957669442462,2
2575046,2575047,2575048,long,1502.23,1502.50806922949,loss,-0.5193077050997088,1.7185984517304616,1
2575558,2575559,2575559,long,1501.59,1501.395424072267,loss,-5.245759277330126,1.945759277331081,0
2581632,2581633,2581633,long,1531.33,1531.6280786624918,loss,-0.3192133750811079,1.8422661464276529,0
2582039,2582040,2582041,short,1527.71,1528.0378973174031,loss,-6.578973174030852,3.2789731740300856,1
2584504,2584505,2584513,short,1497.95,1497.3157383767054,win,3.042616232946057,3.9200347546015717,8
2585492,2585493,2585493,short,1492.62,1492.1524209396644,win,1.375790603355381,2.8898582220985536,0
2587649,2587650,2587653,short,1482.83,1483.6271284951165,loss,-11.271284951165672,7.971284951164708,3
2588124,2588125,2588126,short,1480.31,1479.856342412205,win,1.2365758779485079,2.8038169826631885,1
2589629,2589630,2589631,short,1500.52,1500.2381193286842,loss,-0.4811932868422444,1.7421549525072733,1
2589631,2589632,2589632,short,1500.16,1500.3438462541958,loss,-5.138462541957142,1.838462541956692,0
2591452,2591453,2591456,long,1509.34,1509.7422332050494,win,0.7223320504946971,2.485990142456278,3
2591749,2591750,2591755,short,1505.56,1504.1071975783923,win,11.228024216076573,8.97900136963916,5
2592410,2592411,2592413,long,1492.67,1492.294591783454,loss,-7.054082165460204,3.7540821654608196,2
2594028,2594029,2594032,short,1504.94,1504.6395313104424,loss,-0.2953131044235304,1.8570376363270447,3
2594113,2594114,2594115,long,1505.79,1505.9481668272733,loss,-1.718331727266377,0.9775452859912315,1
2594739,2594740,2594746,long,1508.52,1508.0677560098814,loss,-7.822439901186317,4.522439901186429,6
2595446,2595447,2595447,short,1508.52,1508.3091795757773,loss,-1.191795757773252,1.302969247358624,0
2595675,2595676,2595677,short,1508.43,1507.6313551598976,win,4.686448401024973,4.93600024785216,1
2595910,2595911,2595912,long,1508.34,1509.12821442345,win,4.58214423449972,4.871535373609512,1
2598751,2598752,2598754,short,1491.67,1492.0053440496029,loss,-6.653440496027815,3.3534404960277207,2
2598765,2598766,2598766,long,1492.3,1492.0163401095592,loss,-6.13659890440731,2.836598904407311,0
2598909,2598910,2598912,short,1492.73,1492.9475770990991,loss,-5.475770990991168,2.175770990990528,2
2599955,2599956,2599960,short,1492.69,1491.9618211890618,win,3.9817881093828875,4.500487088617826,4
2600197,2600198,2600202,short,1480.47,1479.94965619475,win,1.9034380524992232,3.2159691300984306,4
2602661,2602662,2602663,long,1489.44,1490.2254773792436,win,4.554773792435026,4.854619154780526,1
2603411,2603412,2603421,short,1491.85,1491.3826980137112,win,1.3730198628870314,2.8881457743435033,9
2604348,2604349,2604354,short,1490.7,1490.1672890661212,win,2.027109338788887,3.292403794060396,5
2605876,2605877,2605878,long,1484.05,1484.3613835198662,loss,-0.1861648013375996,1.9244964145007006,1
2606656,2606657,2606658,short,1487.16,1487.383897041197,loss,-5.538970411970058,2.2389704119689227,1
2606936,2606937,2606943,short,1483.91,1483.3082567461609,win,2.7174325383923135,3.719055956979799,6
2607945,2607946,2607946,short,1493.96,1494.2139460176472,loss,-5.839460176471948,2.5394601764719757,0
2608255,2608256,2608257,short,1494.12,1493.386443210944,win,4.035567890559105,4.533725519505414,1
2608659,2608660,2608661,long,1491.72,1491.5458086978645,loss,-5.041913021355685,1.7419130213555738,1
2608665,2608666,2608674,long,1491.86,1492.1286326736981,loss,-0.6136732630177901,1.6602761044393448,8
2608738,2608739,2608740,short,1491.94,1492.0837706105042,loss,-4.737706105041343,1.4377061050410977,1
2609908,2609909,2609910,short,1502.77,1502.4662222929762,loss,-0.262222929762447,1.8774889185639403,1
2610057,2610058,2610058,long,1503.04,1502.888057815202,loss,-4.819421847979174,1.5194218479799564,0
2610061,2610062,2610076,short,1502.73,1502.4896020310441,loss,-0.8960203104409628,1.4857723668471914,14
2610295,2610296,2610303,long,1502.24,1502.0598925254517,loss,-5.10107474548322,1.8010747454836298,7
2610315,2610316,2610320,short,1501.69,1501.8526191819344,loss,-4.926191819343603,1.6261918193427234,4
2610741,2610742,2610745,long,1504.84,1504.6052956611898,loss,-5.64704338810161,2.347043388100576,3
2610750,2610751,2610753,long,1505.14,1505.5058580390753,win,0.3585803907519223,2.2611745307492064,2
2615952,2615953,2615954,short,1497.37,1497.6049032845995,loss,-5.64903284599568,2.3490328459965055,1
2616463,2616464,2616466,short,1511.62,1510.5968008897075,win,6.93199110292353,6.32385111429176,2
2617340,2617341,2617341,long,1509.91,1510.2546894865482,win,0.14689486548077202,2.1303429329305823,0
2618278,2618279,2618279,long,1512.91,1513.1776363344575,loss,-0.623636655426071,1.6541182599337472,0
2621219,2621220,2621221,long,1486.28,1486.535002494565,loss,-0.7499750543486696,1.5760351950878033,1
2623479,2623480,2623490,long,1464.99,1464.422696388434,loss,-8.973036115661035,5.673036115661885,10
2624029,2624030,2624032,short,1468.84,1468.6422018498133,loss,-1.3220184981340024,1.2224854770488218,2
2626194,2626195,2626197,long,1456.69,1457.2196671239944,win,1.9966712399438622,3.2735916192485526,2
2628026,2628027,2628030,short,1457.6,1457.7956858626364,loss,-5.256858626365374,1.9568586263643695,3
2630769,2630770,2630770,short,1467.53,1467.2320366505924,loss,-0.3203665059239027,1.8415534574023247,0
2631734,2631735,2631735,short,1467.59,1467.3154047508035,loss,-0.55404750803591,1.697127621733383,0
2632493,2632494,2632498,short,1459.1,1458.6134789335294,win,1.5652106647045914,3.0069287173698855,4
2635191,2635192,2635193,short,1477.18,1477.5923784147785,loss,-7.42378414778459,4.123784147783717,1
2635211,2635212,2635216,short,1476.96,1476.2919895942807,win,3.380104057193148,4.128618082319466,4
2635700,2635701,2635701,short,1467.25,1467.5710721850285,loss,-6.510721850284699,3.2107218502845885,0
2636252,2636253,2636256,short,1472.16,1471.7858426309917,win,0.44157369008344194,2.312468288060958,3
2636924,2636925,2636925,long,1470.54,1469.9294504527836,loss,-9.405495472163512,6.105495472164451,0
2636930,2636931,2636931,short,1468.38,1469.0405521053221,loss,-9.9055210532204,6.605521053220118,0
2637646,2637647,2637647,long,1464.94,1464.8137184579814,loss,-4.562815420186598,1.2628154201856812,0
2639156,2639157,2639169,long,1458.62,1458.4107061680236,loss,-5.392938319763107,2.0929383197639586,12
2642093,2642094,2642098,short,1458.34,1458.511292937121,loss,-5.012929371210521,1.7129293712109612,4
2642381,2642382,2642382,long,1455.18,1455.966786379193,win,4.5678637919301766,4.862709389326289,0
2643433,2643434,2643436,long,1457.26,1457.5375559282052,loss,-0.5244407179482549,1.7154260086844653,2
2644672,2644673,2644684,long,1456.53,1456.3916270188308,loss,-4.68372981169141,1.3837298116910883,11
2644719,2644720,2644732,short,1456.33,1456.5016736394612,loss,-5.016736394612326,1.7167363946125784,12
2646287,2646288,2646289,long,1463.6,1463.248857416926,loss,-6.811425830738517,3.511425830738545,1
2647236,2647237,2647238,short,1469.62,1469.9457777373611,loss,-6.557777373612498,3.2577773736119644,1
2647239,2647240,2647242,short,1469.39,1469.726285703368,loss,-6.66285703367821,3.3628570336783197,2
2649565,2649566,2649566,long,1475.99,1475.8802612220009,loss,-4.39738777999155,1.0973877799926757,0
2650500,2650501,2650501,long,1476.3,1476.0998199131168,loss,-5.301800868831651,2.0018008688315008,0
2651151,2651152,2651156,long,1473.31,1473.0215647064329,loss,-6.184352935670904,2.8843529356718913,4
2651169,2651170,2651172,short,1472.65,1472.9346643901902,loss,-6.146643901900734,2.8466439019007606,2
2653493,2653494,2653496,short,1460.98,1460.6960597988352,loss,-0.46059798835203747,1.7548838143686802,2
2653496,2653497,2653499,short,1460.7,1460.877228922524,loss,-5.072289225239092,1.7722892252401725,2
2653969,2653970,2653972,short,1464.23,1464.4542557049995,loss,-5.542557049994502,2.2425570499946663,2
2655634,2655635,2655638,long,1467.86,1468.393221997983,win,2.0322199798299154,3.295562410278455,3
2655886,2655887,2655888,long,1470.57,1470.904587360271,win,0.0458736027114357,2.067907047411267,1
2656371,2656372,2656381,short,1475.24,1475.1192592994348,loss,-2.0925929943480694,0.7462342432956812,9
2657391,2657392,2657393,long,1470.06,1469.7121500256235,loss,-6.778499743764587,3.478499743763621,1
2657664,2657665,2657667,short,1468.35,1468.5500217432311,loss,-5.300217432312183,2.0002174323115187,2
2657671,2657672,2657675,long,1468.89,1469.1874867518488,loss,-0.32513248151262797,1.8386078606221383,3
2659505,2659506,2659520,long,1477.29,1477.559237858895,loss,-0.6076214110506042,1.664016433220129,14
2661367,2661368,2661371,short,1475.89,1475.6137554084614,loss,-0.5375540846132933,1.7073213321295437,3
2662223,2662224,2662227,short,1478.8,1478.937799831124,loss,-4.677998311240844,1.3779983112407628,3
2662232,2662233,2662241,long,1479.16,1479.0198137425273,loss,-4.7018625747280565,1.4018625747272029,8
2662249,2662250,2662250,short,1478.96,1479.0927361241215,loss,-4.62736124121493,1.3273612412139963,0
2662253,2662254,2662256,short,1478.81,1478.9407844975058,loss,-4.6078449750582875,1.3078449750579306,2
2662260,2662261,2662262,short,1478.59,1478.337305948679,loss,-0.7730594867901344,1.5617679315268025,1
2663028,2663029,2663029,short,1474.81,1474.9686651913307,loss,-4.8866519133078326,1.5866519133071428,0
2663030,2663031,2663031,long,1475.38,1475.6665293692274,loss,-0.4347063077269011,1.770886089167489,0
2663231,2663232,2663237,short,1477.79,1477.696794267305,loss,-2.367942673050311,0.576055208250672,5
2665397,2665398,2665399,short,1477.59,1477.3253029070095,loss,-0.6530290700955446,1.635952367061501,1
2667034,2667035,2667035,short,1485.52,1485.6059528217752,loss,-4.159528217752086,0.8595282177525261,0
2667039,2667040,2667041,long,1485.76,1485.6683114497705,loss,-4.216885502294917,0.9168855022949682,1
2671788,2671789,2671789,short,1514.24,1514.6348764340257,loss,-7.248764340257185,3.948764340257869,0
2672049,2672050,2672053,short,1514.97,1515.1464246227924,loss,-5.064246227924104,1.764246227923636,3
2672066,2672067,2672069,long,1515.37,1515.1964445312874,loss,-5.0355546871249315,1.735554687125473,2
2672096,2672097,2672100,short,1514.88,1514.6256545454796,loss,-0.7565454547951047,1.5719743789898595,3
2672732,2672733,2672760,long,1524.33,1524.7294312549138,win,0.6943125491390676,2.468672774498254,27
2672911,2672912,2672914,short,1522.57,1522.2797557493752,loss,-0.3975574937529016,1.793845801141432,2
2673390,2673391,2673398,short,1520.15,1520.3587988700333,loss,-5.387988700332062,2.087988700332455,7
2676425,2676426,2676427,long,1577.43,1577.8359287193894,win,0.7592871938929422,2.5088301569180476,1
2677439,2677440,2677442,short,1563.77,1563.2711873568364,win,1.6881264316354647,3.082896434879828,2
2678318,2678319,2678320,long,1568.62,1569.622799105453,win,6.727991054530503,6.197769502182178,1
2680678,2680679,2680680,long,1546.68,1546.0568745331793,loss,-9.531254668207385,6.231254668208104,1
2680689,2680690,2680691,short,1545.12,1545.7088107121967,loss,-9.18810712196846,5.8881071219692425,1
2680694,2680695,2680697,long,1546.87,1547.9755148700706,win,7.755148700706923,6.832601174726528,2
2680902,2680903,2680908,long,1548.16,1548.558995782263,win,0.6899578226300038,2.4659813489680227,5
2683042,2683043,2683043,short,1556.34,1556.5845497635007,loss,-5.745497635007996,2.4454976350079516,0
2684015,2684016,2684020,short,1549.71,1549.3326624673737,win,0.47337532626370393,2.3321231929931203,4
2684020,2684021,2684025,short,1549.36,1549.5888979341494,loss,-5.588979341494723,2.288979341494525,4
2685333,2685334,2685335,long,1543.06,1543.456993659174,win,0.6699365917408615,2.453607287849405,1
2688242,2688243,2688244,short,1551.21,1551.387536535478,loss,-5.0753653547788415,1.7753653547796415,1
2688254,2688255,2688255,long,1551.82,1551.6541947639394,loss,-4.958052360605779,1.6580523606057425,0
2688256,2688257,2688261,long,1551.91,1552.1950104960963,loss,-0.44989503903780115,1.7614987397783248,4
2688630,2688631,2688631,long,1553.9,1554.1567910176016,loss,-0.7320898239852793,1.5870891075486748,0
2688914,2688915,2688916,short,1554.99,1555.215583603611,loss,-5.55583603611085,2.25583603611037,1
2688921,2688922,2688930,short,1554.7,1554.3074002398405,win,0.6259976015955546,2.426450928056345,8
2692746,2692747,2692748,long,1554.85,1555.3001720530203,win,1.2017205302042386,2.7822747405463435,1
2693034,2693035,2693035,short,1555.36,1555.6594412655722,loss,-6.294412655723408,2.9944126557240884,0
2694665,2694666,2694668,long,1565.11,1565.6295709514122,win,1.8957095141233369,3.211192530360878,2
2695717,2695718,2695722,long,1559.5,1559.8882726726413,win,0.5827267264127842,2.399707494693221,4
2696377,2696378,2696382,long,1579.73,1580.7174914041698,win,6.5749140416975935,6.103160717983465,4
2696940,2696941,2696941,long,1583.68,1584.3917149763372,win,3.8171497633713445,4.3987328574600015,0
2698339,2698340,2698355,long,1579.38,1579.0949584916361,loss,-6.1504150836397455,2.850415083639081,15
2699088,2699089,2699102,long,1568.88,1568.4992388417381,loss,-7.107611582619756,3.8076115826190406,13
2699118,2699119,2699120,long,1568.66,1568.4095981811927,loss,-5.804018188074042,2.5040181880748826,1
2699125,2699126,2699128,long,1568.9,1568.6372008174342,loss,-5.927991825659137,2.6279918256588486,2
2700942,2700943,2700947,long,1582.6,1582.1016684815565,loss,-8.28331518443365,4.983315184432587,4
2701556,2701557,2701557,short,1584.05,1584.5536444752506,loss,-8.336444752506669,5.036444752507221,0
2701563,2701564,2701572,short,1583.61,1584.1072151296758,loss,-8.272151296758512,4.972151296758216,8
2702765,2702766,2702767,long,1584.9,1586.1691642827593,win,9.391642827592204,7.844031413839826,1
2702824,2702825,2702827,short,1585.2,1583.8409790258938,win,10.290209741062153,8.39938797346249,2
2704712,2704713,2704714,short,1576.34,1575.9011348299273,win,1.088651700726314,2.712392892909346,1
2704914,2704915,2704915,short,1571.83,1571.243563376081,win,2.564366239188712,3.6244537943066044,0
2706574,2706575,2706575,short,1550.82,1551.2398901848435,loss,-7.498901848435525,4.198901848435784,0
2706954,2706955,2706956,short,1557.49,1557.8228629847613,loss,-6.628629847612774,3.3286298476122758,1
2706964,2706965,2706970,long,1558.14,1557.860645265718,loss,-6.093547342821512,2.793547342820778,5
2706970,2706971,2706971,short,1557.7,1557.9857473686382,loss,-6.157473686381127,2.857473686381664,0
2708280,2708281,2708288,long,1564.61,1565.252929313928,win,3.1292931392810717,3.9736051540677786,7
2709087,2709088,2709091,long,1564.35,1564.9723030356893,win,2.92303035689356,3.846125066065427,3
2709853,2709854,2709858,short,1571.31,1571.613237064714,loss,-6.332370647140396,3.032370647140196,4
2709994,2709995,2709998,short,1573.45,1572.7639590376855,win,3.5604096231456426,4.2400553913137236,3
2710975,2710976,2710976,long,1574.76,1574.4930834731297,loss,-5.969165268703182,2.6691652687024745,0
2710984,2710985,2710989,long,1574.78,1574.5022405569923,loss,-6.077594430076533,2.7775944300768205,4
2712953,2712954,2712955,short,1567.72,1567.8425662529264,loss,-4.5256625292639,1.225662529263931,1
2714781,2714782,2714788,long,1575.09,1574.7798691333921,loss,-6.401308666077784,3.1013086660781823,6
2715049,2715050,2715054,short,1575.82,1574.935072232004,win,5.549277679960324,5.469269270680228,4
2715276,2715277,2715278,long,1576.31,1576.0773852991665,loss,-5.626147008334374,2.3261470083339995,1
2715285,2715286,2715292,short,1575.66,1575.8684638241086,loss,-5.384638241085486,2.0846382410864597,6
2715295,2715296,2715296,long,1576.19,1575.9334740833983,loss,-5.865259166017313,2.5652591660177007,0
2715322,2715323,2715325,short,1575.49,1575.7384483687774,loss,-5.7844836877741725,2.484483687773649,2
2715325,2715326,2715327,long,1575.94,1575.6831522567522,loss,-5.868477432478175,2.5684774324790576,1
2715349,2715350,2715352,long,1576.24,1575.962544614237,loss,-6.074553857630053,2.774553857629421,2
2715355,2715356,2715369,long,1576.49,1576.2067841785822,loss,-6.13215821417798,2.832158214177388,13
2715522,2715523,2715526,short,1576.81,1576.4732438543851,win,0.06756145614799625,2.0813111595480573,3
2715842,2715843,2715845,short,1574.67,1574.8903809037151,loss,-5.503809037150677,2.203809037150651,2
2718011,2718012,2718013,long,1586.24,1586.5536337063154,loss,-0.16366293684613975,1.9384036237038296,1
2718094,2718095,2718120,long,1586.83,1587.0822727531408,loss,-0.7772724685908541,1.559164110882974,25
2722324,2722325,2722326,long,1626.33,1626.6646979333057,win,0.04697933305733404,2.0685904407027524,1
2723332,2723333,2723333,short,1662.85,1661.0859042276606,win,14.340957723392602,10.902940496534743,0
2724770,2724771,2724773,long,1648.68,1650.3698807656422,win,13.598807656421013,10.444256895191831,2
2725529,2725530,2725532,short,1650.04,1650.8477239285767,loss,-11.377239285767065,8.07723928576686,2
2725536,2725537,2725549,long,1652.12,1651.2678560585,loss,-11.821439414998896,8.521439414999591,12
2725550,2725551,2725552,short,1650.1,1648.8853066281847,win,8.846933718152012,7.507375598363959,1
2726772,2726773,2726774,short,1647.95,1647.123022541675,win,4.9697745832501825,5.111109136743089,1
2727522,2727523,2727533,long,1647.19,1646.1930703577825,loss,-13.269296422175376,9.969296422175656,10
2730540,2730541,2730544,long,1604.32,1603.6493225077872,loss,-10.006774922126898,6.706774922125801,3
2730553,2730554,2730554,short,1602.53,1601.4972654173444,win,7.027345826556211,6.3827848124576265,0
2730773,2730774,2730775,short,1608.51,1609.1361329098754,loss,-9.561329098754232,6.261329098754512,1
2730786,2730787,2730789,long,1609.72,1609.0286500120487,loss,-10.213499879512984,6.913499879513982,2
2731014,2731015,2731015,long,1593.56,1595.0076095123106,win,11.176095123106915,8.94690675099254,0
2731559,2731560,2731561,long,1593.5,1592.8501780479844,loss,-9.798219520156,6.49821952015702,1
2731570,2731571,2731572,short,1591.77,1590.8005827218744,win,6.394172781255475,5.991454129329215,1
2732097,2732098,2732099,short,1594.85,1595.3680503197452,loss,-8.480503197452709,5.180503197451674,1
2735273,2735274,2735281,long,1659.86,1661.1881354820148,win,9.981354820148862,8.208501124937383,7
2735281,2735282,2735287,long,1660.91,1662.174192283216,win,9.341922832158343,7.813302121235426,5
2735545,2735546,2735547,short,1671.81,1670.466279583941,win,10.137204160588862,8.304823337817991,1
2735547,2735548,2735550,short,1671.05,1671.8750633412985,loss,-11.550633412985736,8.250633412986822,2
2737623,2737624,2737624,short,1663.23,1665.083946341477,loss,-21.839463414770126,18.53946341477041,0
2737626,2737627,2737634,long,1667.87,1670.9458319300375,win,27.45831930037566,19.01008609417587,7
2737697,2737698,2737709,long,1679.4,1678.134484403355,loss,-15.95515596645173,12.655155966450879,11
2737718,2737719,2737726,long,1680.06,1679.0366808171093,loss,-13.533191828906457,10.233191828905367,7
2738133,2738134,2738139,long,1675.15,1677.233091555242,win,17.530915552419355,12.87448427219948,5
2739404,2739405,2739410,short,1653.4,1654.5661106185635,loss,-14.961106185633799,11.661106185634763,5
2739413,2739414,2739419,short,1652.21,1653.3769085276474,loss,-14.969085276473653,11.6690852764733,5
2739880,2739881,2739887,long,1658.7,1660.0075545487439,win,9.775545487438375,8.081301290135428,6
2739987,2739988,2739991,long,1657.02,1657.7846666436867,win,4.346666436867236,4.725999033910644,3
2739991,2739992,2739993,long,1657.82,1658.5596717399121,win,4.096717399121826,4.571518788085719,1
2740515,2740516,2740518,long,1668.28,1669.531658519534,win,9.216585195339757,7.735837574375963,2
2741771,2741772,2741787,long,1638.59,1640.0411746589357,win,11.211746589357698,8.96894103174088,15
2742197,2742198,2742203,short,1588.53,1585.0937624573673,win,31.062375426326252,21.23756206818666,5
2742316,2742317,2742325,short,1567.84,1569.398129579017,loss,-18.88129579017077,15.581295790171206,8
2742927,2742928,2742931,short,1586.3,1587.54130646435,loss,-15.713064643501458,12.413064643500464,3
2744091,2744092,2744095,long,1548.33,1547.3339439496758,loss,-13.260560503241141,9.96056050324025,3
2744216,2744217,2744227,long,1542.77,1544.831190762857,win,17.31190762856995,12.739127088114351,10
2744274,2744275,2744276,long,1547.06,1545.9060322086948,loss,-14.839677913051492,11.539677913052357,1
2744341,2744342,2744353,long,1534.73,1532.9792779221816,loss,-20.807220778184092,17.507220778183115,11
2744353,2744354,2744354,short,1531.39,1532.991811298774,loss,-19.318112987740097,16.018112987739226,0
2744360,2744361,2744361,long,1536.23,1538.7424831396845,win,21.82483139684491,15.52832595602316,0
2744678,2744679,2744679,long,1462.91,1459.321380352195,loss,-39.186196478049894,35.88619647805094,0
2744681,2744682,2744687,long,1463.93,1470.2767054034327,win,60.167054034326796,39.22562054037435,5
2744859,2744860,2744861,long,1512.86,1510.034540013817,loss,-31.554599861829775,28.254599861830105,1
2744886,2744887,2744888,short,1505.98,1502.0507080870514,win,35.992919129486566,24.284869672117576,1
2746738,2746739,2746744,short,1533.17,1534.3093783879478,loss,-14.693783879477724,11.393783879477063,5
2746821,2746822,2746824,short,1528.77,1529.5819955034208,loss,-11.419955034208034,8.119955034208703,2
2746824,2746825,2746825,long,1531.35,1530.385423385448,loss,-12.945766145520157,9.645766145520975,0
2746825,2746826,2746829,long,1531.57,1530.570403224236,loss,-13.295967757638483,9.995967757639045,3
2747576,2747577,2747577,long,1495.5,1493.076312692298,loss,-27.53687307702039,24.236873077019297,0
2747787,2747788,2747790,short,1492.21,1494.6175682142614,loss,-27.37568214261346,24.075682142614532,2
2747964,2747965,2747971,long,1485.03,1486.9375288845913,win,15.775288845913291,11.789424503036528,6
2748638,2748639,2748640,short,1476.15,1473.95606359989,win,18.63936400110033,13.559557479048827,1
2749013,2749014,2749026,long,1477.86,1476.0622593159292,loss,-21.277406840707318,17.97740684070658,12
2749049,2749050,2749055,short,1473.89,1470.9711206774912,win,25.888793225089284,18.04004525654463,5
2750271,2750272,2750274,short,1493.77,1491.0327473940652,win,24.072526059348274,16.917506835197237,2
2750855,2750856,2750857,long,1491.71,1493.7070177372314,win,16.670177372313173,12.342507646670253,1
2751113,2751114,2751114,short,1492.97,1493.638415692952,loss,-9.984156929520669,6.684156929519711,0
2751988,2751989,2751989,long,1554.6,1553.8159487643738,loss,-11.140512356260661,7.840512356260434,0
2752358,2752359,2752366,long,1572.05,1574.2444045200475,win,18.644045200475556,13.56245068014538,7
2753024,2753025,2753028,long,1623.65,1621.0016488843146,loss,-29.783511156855003,26.483511156854206,3
2753032,2753033,2753036,short,1618.48,1620.9919230599241,loss,-28.419230599241292,25.11923059924229,3
2753181,2753182,2753184,short,1619.66,1622.965269823563,loss,-36.352698235628665,33.05269823562831,2
2753189,2753190,2753197,long,1628.83,1625.4179529598741,loss,-37.42047040125799,34.120470401259006,7
2753202,2753203,2753211,short,1623.53,1626.86882833592,loss,-36.6882833591997,33.38828335919994,8
2753591,2753592,2753594,short,1615.63,1617.0801782518922,loss,-17.80178251892112,14.501782518922163,2
2753606,2753607,2753608,short,1614.24,1615.7118039912639,loss,-18.018039912638688,14.718039912639798,1
2753720,2753721,2753722,short,1609.87,1612.044558317513,loss,-25.045583175131743,21.74558317513272,1
2753735,2753736,2753737,short,1608.17,1610.2344253142148,loss,-23.94425314214759,20.644253142147367,1
2753987,2753988,2753995,short,1621.45,1617.3831505518465,win,37.36849448153562,25.135039852618178,7
2754246,2754247,2754251,long,1613.25,1616.4246614407236,win,28.446614407236392,19.620898891987544,4
2755361,2755362,2755362,long,1615.44,1612.6244963111005,loss,-31.455036888995256,28.155036888994687,0
2755362,2755363,2755363,long,1616.39,1613.4557107724768,loss,-32.64289227523322,29.342892275233112,0
2755383,2755384,2755385,long,1618.18,1615.9581410701992,loss,-25.518589298008738,22.21858929800942,1
2755424,2755425,2755425,long,1621.33,1618.0998452044264,loss,-35.601547955735256,32.30154795573488,0
2755444,2755445,2755446,long,1626.3,1623.091445035534,loss,-35.38554964465975,32.085549644658755,1
2755456,2755457,2755458,long,1628.06,1624.8901593477344,loss,-34.9984065226552,31.698406522655134,1
2756307,2756308,2756308,long,1623.26,1622.897693328902,loss,-6.923066710979401,3.6230667109784513,0
2757085,2757086,2757086,short,1623.78,1625.1367968582988,loss,-16.867968582988215,13.567968582987259,0
2757111,2757112,2757116,short,1623.71,1625.0777455534778,loss,-16.977455534777892,13.677455534776996,4
2757121,2757122,2757131,short,1623.29,1621.2830235101544,win,16.76976489845556,12.404057415609424,9
2758020,2758021,2758021,short,1620.0,1618.562600630634,win,11.073993693659485,8.883803271730729,0
2758240,2758241,2758241,long,1617.86,1619.243532528363,win,10.535325283630481,8.550880892231332,0
2758395,2758396,2758406,long,1619.44,1618.6411813202028,loss,-11.288186797972504,7.988186797972007,10
2759906,2759907,2759911,long,1588.56,1587.4996803454926,loss,-13.903196545073389,10.603196545072795,4
2759911,2759912,2759914,short,1586.0,1584.135156859902,win,15.348431400979461,11.525606551902857,2
2760155,2760156,2760158,long,1575.41,1576.3332657928515,win,5.932657928514527,5.706216272258265,2
2760289,2760290,2760299,short,1577.87,1578.2215892708678,loss,-6.8158927086786205,3.5158927086790883,9
2760941,2760942,2760945,long,1586.09,1583.7468879052901,loss,-26.731120947097953,23.4311209470975,3
2761535,2761536,2761541,short,1590.55,1591.5205349245875,loss,-13.005349245875824,9.705349245875937,5
2761693,2761694,2761697,long,1585.54,1585.0610877297156,loss,-8.089122702843543,4.789122702844371,3
2762451,2762452,2762452,long,1610.5,1608.654820190149,loss,-21.75179809851061,18.451798098511027,0
2762460,2762461,2762462,short,1606.83,1608.6019027550255,loss,-21.019027550256215,17.71902755025601,1
2762496,2762497,2762498,long,1610.88,1612.9445767068473,win,17.345767068472195,12.760053812405598,1
2763127,2763128,2763138,short,1612.07,1612.5132846684282,loss,-7.732846684283049,4.432846684282087,10
2763271,2763272,2763274,short,1609.5,1610.4814453300712,loss,-13.114453300712103,9.814453300712985,2
2763572,2763573,2763583,long,1609.78,1606.7178393414392,loss,-33.92160658560742,30.621606585608305,10
2763592,2763593,2763600,long,1613.27,1610.9092367461428,loss,-26.90763253857158,23.60763253857237,7
2763609,2763610,2763611,long,1613.52,1610.960320737584,loss,-28.896792624160117,25.59679262415975,1
2763611,2763612,2763612,long,1610.32,1614.5122772758177,win,38.622772758177874,25.910242743002048,0
2763612,2763613,2763613,long,1611.76,1616.1394240722072,win,40.494240722072576,27.06689785047813,0
2763929,2763930,2763936,long,1619.34,1618.3406890381812,loss,-13.293109618187646,9.993109618188168,6
2763939,2763940,2763944,short,1617.28,1618.2046980332404,loss,-12.546980332404747,9.246980332404434,4
2765095,2765096,2765102,long,1649.96,1647.2051016734479,loss,-30.848983265521657,27.54898326552237,6
2765119,2765120,2765122,long,1649.67,1646.7887559785893,loss,-32.112440214107934,28.812440214107642,2
2765127,2765128,2765132,long,1649.67,1646.9808840273522,loss,-30.19115972647869,26.89115972647779,4
2765156,2765157,2765161,long,1648.46,1646.7118594576853,loss,-20.781405423147863,17.48140542314775,4
2765196,2765197,2765202,long,1650.96,1649.0314053048849,loss,-22.5859469511518,19.285946951152198,5
2765207,2765208,2765212,long,1650.94,1649.2391847423996,loss,-20.30815257600425,17.00815257600503,4
2765234,2765235,2765235,long,1652.58,1650.800386692577,loss,-21.096133074230057,17.796133074229886,0
2765240,2765241,2765244,long,1653.36,1651.6152377947105,loss,-20.74762205289362,17.4476220528934,3
2765273,2765274,2765289,long,1653.46,1656.8175663098816,win,30.275663098815766,20.751336896672296,15
2765376,2765377,2765377,long,1664.34,1662.2996547734178,loss,-23.70345226582076,20.40345226582162,0
2766937,2766938,2766938,short,1647.32,1647.7500528189219,loss,-7.600528189219221,4.300528189218918,0
2766947,2766948,2766951,long,1648.21,1647.7989024494389,loss,-7.4109755056118045,4.110975505611499,3
2766954,2766955,2766957,long,1648.49,1648.1029126278318,loss,-7.170873721682528,3.870873721683614,2
2766964,2766965,2766965,long,1648.52,1648.2246107667556,loss,-6.253892332443502,2.9538923324434934,0
2767874,2767875,2767878,long,1650.65,1649.3612869869287,loss,-16.187130130714014,12.887130130713166,3
2768468,2768469,2768492,long,1647.92,1647.5983922084897,loss,-6.516077915103597,3.2160779151045418,23
2768578,2768579,2768580,long,1649.04,1648.730206370584,loss,-6.397936294159353,3.0979362941586124,1
2769284,2769285,2769285,long,1682.3,1680.914346243353,loss,-17.156537566468888,13.856537566469369,0
2769286,2769287,2769296,long,1683.1,1681.6534433046286,loss,-17.76556695371328,14.465566953713784,9
2770202,2770203,2770208,short,1689.9,1690.5218637012538,loss,-9.518637012536875,6.218637012536186,5
2770497,2770498,2770500,short,1688.26,1689.9500800058186,loss,-20.200800058185724,16.90080005818481,2
2770509,2770510,2770515,long,1691.34,1689.77029534851,loss,-18.997046514899285,15.697046514898808,5
2770538,2770539,2770545,short,1688.02,1689.7423608285412,loss,-20.52360828541241,17.22360828541299,6
2770548,2770549,2770561,long,1692.03,1694.7378583636826,win,23.778583636825896,16.73583661114119,12
2770686,2770687,2770694,long,1711.7,1713.8778996277854,win,18.478996277853366,13.460442693357574,7
2770848,2770849,2770849,short,1719.45,1720.693493017603,loss,-15.734930176029867,12.434930176030152,0
2770857,2770858,2770867,short,1719.07,1720.381574225478,loss,-16.415742254781254,13.11574225478093,9
2770869,2770870,2770871,short,1717.14,1718.565261773179,loss,-17.552617731788178,14.252617731787414,1
2770884,2770885,2770888,long,1719.49,1718.2568140309018,loss,-15.631859690982584,12.331859690982423,3
2770893,2770894,2770899,short,1716.47,1717.6173794593176,loss,-14.773794593175626,11.473794593176422,5
2771161,2771162,2771165,short,1715.19,1716.0323839301288,loss,-11.7238393012879,8.423839301288169,3
2771172,2771173,2771175,long,1716.82,1718.0744640973817,win,9.244640973817422,7.753177363298764,2
2771175,2771176,2771176,long,1718.39,1717.561985542529,loss,-11.580144574709994,8.280144574710228,0
2771180,2771181,2771189,long,1718.48,1719.9204912383366,win,11.104912383365626,8.902912474268513,8
2771446,2771447,2771447,long,1715.4,1714.3508043964714,loss,-13.791956035286876,10.491956035286549,0
2771529,2771530,2771536,long,1713.52,1715.4028374916816,win,15.528374916815846,11.63682009691908,6
2771669,2771670,2771672,long,1721.43,1720.2106496221286,loss,-15.493503778714786,12.193503778715392,2
2771722,2771723,2771723,long,1721.35,1720.3280752820376,loss,-13.519247179622926,10.219247179622416,0
2771743,2771744,2771745,long,1722.01,1720.8206959150573,loss,-15.193040849427053,11.893040849426534,1
2771770,2771771,2771771,long,1721.24,1720.006928092163,loss,-15.630719078370294,12.330719078369885,0
2771783,2771784,2771785,short,1718.33,1719.5179259622282,loss,-15.179259622282917,11.87925962228345,1
2771786,2771787,2771789,long,1721.68,1720.438852424379,loss,-15.711475756209712,12.411475756210777,2
2771800,2771801,2771807,long,1722.36,1724.2365430640302,win,15.465430640303293,11.597917577443333,6
2772206,2772207,2772207,short,1735.53,1733.3234118104224,win,18.765881895775873,13.637751480702587,0
2772705,2772706,2772711,long,1721.29,1721.9381974319367,win,3.1819743193675096,4.006164597879014,5
2772711,2772712,2772714,long,1722.08,1722.7304426080173,win,3.204426080173289,4.0200408406514265,2
2773172,2773173,2773175,long,1724.08,1722.7847602580862,loss,-16.25239741913747,12.952397419137942,2
2773180,2773181,2773184,short,1721.03,1718.8717179766795,win,18.28282023320453,13.33919668306887,3
2773574,2773575,2773578,long,1720.76,1719.4117978013653,loss,-16.78202198634681,13.48202198634779,3
2773587,2773588,2773590,short,1719.31,1720.4717670441112,loss,-14.917670441112296,11.617670441112798,2
2773607,2773608,2773613,short,1717.6,1718.8031624066748,loss,-15.331624066748919,12.031624066748732,5
2773633,2773634,2773635,long,1720.94,1719.7674049689488,loss,-15.025950310512872,11.725950310512742,1
2773641,2773642,2773646,long,1721.3,1720.1609461534313,loss,-14.69053846568686,11.390538465686596,4
2774034,2774035,2774042,long,1715.58,1714.8241026387268,loss,-10.85897361273128,7.5589736127309655,7
2774043,2774044,2774044,short,1714.07,1714.6969092735615,loss,-9.569092735615232,6.269092735614699,0
2774282,2774283,2774284,short,1721.54,1723.0760187777385,loss,-18.66018777738491,15.360187777384487,1
2774318,2774319,2774320,short,1719.93,1721.1920378647517,loss,-15.920378647516191,12.620378647515864,1
2774387,2774388,2774391,long,1724.23,1723.1895707094566,loss,-13.704292905434432,10.404292905433305,3
2774407,2774408,2774408,short,1720.75,1721.924628681823,loss,-15.046286818229238,11.746286818229807,0
2774422,2774423,2774425,short,1719.89,1721.0760853090746,loss,-15.160853090745423,11.860853090744653,2
2774547,2774548,2774548,long,1735.1,1734.0060259058685,loss,-14.23974094131454,10.939740941314845,0
2775023,2775024,2775046,long,1718.06,1716.728060483904,loss,-16.61939516095872,13.319395160957905,22
2775075,2775076,2775077,long,1719.16,1718.4510749839487,loss,-10.38925016051353,7.089250160513012,1
2776004,2776005,2776028,long,1698.95,1696.997565666653,loss,-22.82434333347128,19.524343333472363,23
2776058,2776059,2776063,short,1695.73,1692.7544857938058,win,26.455142061942478,18.39007544001344,4
2776239,2776240,2776240,short,1684.88,1682.7834980368314,win,17.665019631687482,12.957366892266311,0
2776294,2776295,2776295,short,1685.23,1686.3076172379483,loss,-14.076172379482887,10.77617237948352,0
2776302,2776303,2776304,short,1684.5,1685.551141134291,loss,-13.811411342909015,10.51141134290917,1
2776310,2776311,2776311,short,1683.51,1681.7458763904153,win,14.341236095846579,10.903112543786024,0
2776372,2776373,2776375,short,1681.07,1682.4350475054764,loss,-16.950475054764684,13.650475054764154,2
2776379,2776380,2776382,short,1681.49,1682.9176218382813,loss,-17.576218382813114,14.276218382813001,2
2776396,2776397,2776402,short,1680.52,1682.0912402736642,loss,-19.012402736642162,15.712402736643064,5
2776409,2776410,2776420,long,1683.08,1681.535988055903,loss,-18.740119440968375,15.440119440967393,10
2776429,2776430,2776457,short,1679.79,1677.653539770002,win,18.06460229997965,13.204327750296562,27
2776727,2776728,2776732,long,1680.86,1681.9686703783984,win,7.786703783985286,6.852103698384237,4
2776829,2776830,2776831,short,1681.01,1681.5694654122015,loss,-8.894654122014618,5.594654122013704,1
2777225,2777226,2777233,long,1683.45,1685.5628403151272,win,17.828403151271868,13.058345581750634,7
2777287,2777288,2777299,long,1687.11,1685.9253534651266,loss,-15.146465348733091,11.846465348733286,11
2777299,2777300,2777302,short,1685.64,1686.6518048841597,loss,-13.418048841595738,10.118048841596123,2
2777567,2777568,2777569,short,1692.97,1694.3352265834046,loss,-16.95226583404592,13.652265834045993,1
2777575,2777576,2777578,long,1696.61,1695.1656345878876,loss,-17.743654121123473,14.443654121123384,2
2777597,2777598,2777602,short,1693.49,1694.67925210802,loss,-15.192521080199004,11.892521080199506,4
2778124,2778125,2778126,long,1688.53,1689.4813377394282,win,6.213377394282543,5.879714087936773,1
2778180,2778181,2778192,short,1687.91,1687.0291945011654,win,5.508054988346612,5.443791710968206,11
2778381,2778382,2778383,long,1696.53,1695.4714644555368,loss,-13.885355444632115,10.585355444633176,1
2778389,2778390,2778390,short,1694.78,1693.1484019257016,win,13.01598074298381,10.084042486393617,0
2778439,2778440,2778442,long,1695.92,1694.9301299903707,loss,-13.198700096293852,9.898700096293677,2
2778451,2778452,2778462,short,1692.25,1690.7039615189112,win,12.160384810887717,9.555244011672984,10
2778909,2778910,2778910,long,1680.68,1679.0987455271181,loss,-19.112544728819376,15.812544728819315,0
2778912,2778913,2778916,short,1675.78,1673.124466317138,win,23.255336828619146,16.4124455059448,3
2778973,2778974,2778974,long,1676.01,1674.373402113535,loss,-19.66597886465097,16.365978864650508,0
2778983,2778984,2778984,long,1677.51,1675.7791908033287,loss,-20.608091966713165,17.308091966714283,0
2779048,2779049,2779056,long,1680.44,1678.9981823388227,loss,-17.718176611773107,14.41817661177367,7
2779065,2779066,2779068,long,1682.4,1681.1813629942185,loss,-15.486370057816021,12.18637005781613,2
2779125,2779126,2779133,short,1681.36,1682.693748911941,loss,-16.637489119410294,13.337489119411265,7
2779627,2779628,2779628,long,1686.12,1684.8636142100647,loss,-15.863857899351661,12.56385789935275,0
2779646,2779647,2779654,short,1682.56,1684.09008060914,loss,-18.600806091399864,15.300806091400363,7
2779671,2779672,2779680,short,1682.31,1683.3473574587235,loss,-13.673574587235908,10.373574587235318,8
2779836,2779837,2779842,long,1699.1,1700.832156018635,win,14.021560186351234,10.70553781603897,5
2780154,2780155,2780159,long,1709.7,1707.7569485006084,loss,-22.73051499391686,19.43051499391743,4
2780178,2780179,2780179,long,1708.37,1706.6217535022654,loss,-20.78246497734499,17.482464977345334,0
2780181,2780182,2780184,long,1709.67,1707.8852368014389,loss,-21.147631985612225,17.847631985613155,2
2780200,2780201,2780207,long,1710.51,1708.9550907129412,loss,-18.84909287058763,15.54909287058814,6
2780254,2780255,2780257,short,1708.38,1709.6768565879227,loss,-16.26856587922548,12.96856587922503,2
2780267,2780268,2780269,long,1711.26,1713.2660471880397,win,16.760471880397017,12.39831389394119,1
2780312,2780313,2780328,long,1715.08,1717.348696274477,win,19.38696274477179,14.021608618523805,15
2780405,2780406,2780419,long,1715.88,1714.5874673898495,loss,-16.225326101506017,12.92532610150591,13
2780419,2780420,2780421,short,1714.73,1715.914206914463,loss,-15.142069144629478,11.842069144628395,1
2780467,2780468,2780471,long,1716.11,1714.8013688109347,loss,-16.386311890651815,13.086311890651364,3
2780483,2780484,2780489,long,1717.85,1716.5353221759885,loss,-16.44677824011369,13.146778240113083,5
2780833,2780834,2780836,short,1709.95,1708.819056143177,win,8.009438568230234,6.989764257249981,2
2780836,2780837,2780839,short,1709.15,1709.8414578777454,loss,-10.21457877745279,6.91457877745388,2
2780993,2780994,2780994,long,1714.45,1715.401595696855,win,6.215956968550654,5.881308386001776,0
2781249,2781250,2781250,long,1727.2,1726.1889493806714,loss,-13.410506193286711,10.110506193286543,0
2781259,2781260,2781261,short,1724.06,1725.1813876798608,loss,-14.513876798608454,11.213876798609302,1
2781377,2781378,2781379,short,1727.19,1728.5068283721625,loss,-16.468283721624903,13.168283721625777,1
2781570,2781571,2781575,long,1735.49,1737.59021582398,win,17.70215823980079,12.98032029653928,4
2781648,2781649,2781657,long,1731.6,1730.0635810747435,loss,-18.664189252563848,15.364189252562836,8
2781667,2781668,2781668,short,1727.38,1725.0659330168867,win,19.840669831134345,14.30202090923012,0
2781730,2781731,2781755,short,1723.96,1726.0247617848975,loss,-23.94761784897428,20.647617848973663,24
2781755,2781756,2781768,long,1726.15,1728.9652407565873,win,24.852407565871726,17.39951023848734,12
2781813,2781814,2781820,short,1727.9,1728.7552449491025,loss,-11.852449491023709,8.552449491023454,6
2781825,2781826,2781826,long,1729.53,1730.7342694909635,win,8.742694909634974,7.44295111843941,0
2781826,2781827,2781828,long,1730.78,1732.0686909437748,win,9.586909437747817,7.964715350894636,1
2782410,2782411,2782413,short,1722.76,1723.750720498074,loss,-13.207204980740972,9.90720498074031,2
2782486,2782487,2782489,short,1728.18,1729.201880809738,loss,-13.518808097379225,10.218808097378558,2
2782501,2782502,2782504,long,1729.66,1728.6387674869748,loss,-13.512325130253249,10.212325130252369,2
2782524,2782525,2782525,short,1726.18,1727.3031782715486,loss,-14.53178271548568,11.231782715485663,0
2782541,2782542,2782546,long,1728.28,1727.3258092582448,loss,-12.841907417551557,9.541907417552347,4
2782606,2782607,2782639,short,1728.36,1729.5720840746144,loss,-15.42084074614495,12.120840746143937,32
2782662,2782663,2782664,long,1730.23,1729.4597204305753,loss,-11.002795694247016,7.7027956942477065,1
2782754,2782755,2782756,short,1730.74,1731.7325079698683,loss,-13.225079698682567,9.92507969868351,1
2782792,2782793,2782793,long,1733.91,1732.6486552479362,loss,-15.913447520639057,12.613447520638827,0
2782796,2782797,2782799,long,1734.75,1733.4356528384253,loss,-16.443471615746876,13.143471615747591,2
2782810,2782811,2782814,short,1730.86,1732.2863690654467,loss,-17.563690654468065,14.263690654468247,3
2782833,2782834,2782837,long,1734.22,1733.0241348962227,loss,-15.258651037773507,11.958651037772434,3
2783146,2783147,2783166,long,1725.23,1723.9221963248235,loss,-16.378036751765013,13.078036751764502,19
2783171,2783172,2783173,short,1722.69,1723.8993165503878,loss,-15.393165503877118,12.093165503876557,1
2783180,2783181,2783182,long,1725.25,1724.112241825952,loss,-14.67758174048031,11.377581740481025,1
2783199,2783200,2783203,long,1725.49,1727.1411995226042,win,13.211995226042017,10.205188644030988,3
2783233,2783234,2783234,long,1727.62,1726.4615023547346,loss,-14.884976452652428,11.58497645265193,0
2783235,2783236,2783237,long,1721.71,1720.494627986154,loss,-15.453720138460358,12.153720138459784,1
2783290,2783291,2783298,long,1722.74,1724.2124088339474,win,11.424088339473837,9.100178207338478,7
2783679,2783680,2783680,long,1722.07,1721.4446775175559,loss,-9.553224824440623,6.253224824439997,0
2783680,2783681,2783688,long,1722.2,1721.5577881119582,loss,-9.722118880418567,6.4221188804190525,7
2783697,2783698,2783701,long,1722.96,1722.2697437729582,loss,-10.202562270418003,6.902562270417918,3
2783717,2783718,2783718,long,1723.52,1722.7602093692437,loss,-10.897906307562426,7.5979063075614155,0
2783980,2783981,2783982,short,1715.84,1716.6975334513313,loss,-11.87533451331392,8.575334513314742,1
2783991,2783992,2783992,long,1718.24,1717.3760185871506,loss,-11.939814128493982,8.639814128493715,0
2784039,2784040,2784040,long,1718.08,1716.9659465774878,loss,-14.440534225121429,11.140534225121288,0
2784060,2784061,2784064,short,1715.41,1716.4534696821536,loss,-13.734696821535,10.434696821534486,3
2784148,2784149,2784149,short,1719.11,1720.304568506206,loss,-15.245685062059966,11.945685062060125,0
2784170,2784171,2784175,short,1716.3,1714.0351021130612,win,19.348978869387974,13.998132799374254,4
2784274,2784275,2784277,short,1711.16,1712.3734196588123,loss,-15.434196588121996,12.13419658812192,2
2784283,2784284,2784287,long,1713.29,1712.1043649162207,loss,-15.156350837792889,11.85635083779285,3
2784302,2784303,2784306,short,1710.86,1709.1702723733283,win,13.597276266715834,10.44331042442281,3
2784456,2784457,2784457,long,1712.32,1711.6577946330183,loss,-9.922053669816524,6.622053669816748,0
2784479,2784480,2784480,short,1710.93,1711.4848521499898,loss,-8.848521499897561,5.548521499898247,0
2784488,2784489,2784489,long,1712.58,1713.4853817349936,win,5.753817349936253,5.595684394274769,0
2785104,2785105,2785105,long,1695.98,1697.1534315480326,win,8.434315480325676,7.2523581460597875,0
2785271,2785272,2785274,long,1703.57,1702.2895231568946,loss,-16.104768431053618,12.804768431054393,2
2785406,2785407,2785408,long,1711.34,1710.0922352533828,loss,-15.77764746617122,12.477647466171065,1
2785423,2785424,2785430,long,1711.79,1710.7377955694028,loss,-13.822044305971577,10.522044305971924,6
2785449,2785450,2785450,short,1708.9,1709.9677974762396,loss,-13.97797476239548,10.677974762395277,0
2785467,2785468,2785469,short,1708.14,1709.2082750527734,loss,-13.982750527732879,10.682750527732713,1
2785656,2785657,2785659,long,1703.62,1702.1678470187487,loss,-17.821529812511745,14.521529812511968,2
2785725,2785726,2785734,short,1704.5,1705.8505312503562,loss,-16.805312503561982,13.505312503562745,8
2785762,2785763,2785778,long,1706.23,1708.5996499560042,win,20.396499560041956,14.645549789889493,15
2785782,2785783,2785795,long,1708.91,1707.5293423079763,loss,-17.106576920237604,13.806576920237587,12
2785874,2785875,2785876,short,1706.43,1705.1526527207443,win,9.47347279255764,7.8946061758705826,1
2786418,2786419,2786420,short,1709.98,1710.1976513411337,loss,-5.4765134113366,2.1765134113366824,1
2786425,2786426,2786426,long,1710.84,1711.210629528352,win,0.4062952835208309,2.290664575723805,0
2786548,2786549,2786555,short,1708.63,1709.259099143437,loss,-9.590991434368608,6.29099143436907,6
2786833,2786834,2786835,short,1707.7,1708.6393938809335,loss,-12.693938809334941,9.393938809336056,1
2786839,2786840,2786842,long,1709.7,1711.0438681935157,win,10.138681935156182,8.305736671914158,2
2787017,2787018,2787019,long,1702.2,1701.002818433871,loss,-15.271815661290749,11.971815661290126,1
2787032,2787033,2787037,long,1704.03,1702.8164674502625,loss,-15.435325497374652,12.135325497374147,4
2787093,2787094,2787100,short,1701.81,1702.8049061897618,loss,-13.249061897618777,9.949061897617716,6
2787162,2787163,2787181,long,1702.3,1704.1822873885167,win,15.522873885167154,11.633420200968137,18
2787688,2787689,2787696,long,1711.08,1711.659823939701,win,2.4982393970110026,3.583584299760175,7
2787747,2787748,2787749,long,1712.67,1711.9781769288368,loss,-10.218230711632987,6.918230711633858,1
2787927,2787928,2787941,long,1720.07,1721.5541750643072,win,11.541750643072373,9.17289903774629,13
2788023,2788024,2788024,long,1718.48,1717.4848632418339,loss,-13.251367581661544,9.9513675816608,0
2788147,2788148,2788149,short,1713.57,1714.439800274014,loss,-11.998002740140965,8.698002740140186,1
2788176,2788177,2788198,long,1715.9,1714.7432069633664,loss,-14.867930366336441,11.567930366335721,21
2788222,2788223,2788224,long,1714.65,1713.518010252595,loss,-14.619897474049868,11.319897474050409,1
2788525,2788526,2788591,short,1685.22,1686.970428291766,loss,-20.804282917659567,17.504282917660433,65
2788591,2788592,2788593,long,1686.72,1685.892942906942,loss,-11.570570930581017,8.27057093058112,1
2788820,2788821,2788823,short,1687.26,1687.6578400624417,loss,-7.278400624416736,3.978400624417282,2
2788994,2788995,2788995,short,1686.34,1687.0752108063784,loss,-10.652108063785182,7.352108063785874,0
2789021,2789022,2789023,long,1688.67,1689.726216582639,win,7.262165826388537,6.527914602218174,1
2789302,2789303,2789308,short,1675.47,1673.4971485965827,win,16.428514034172803,12.193148352393287,5
2789308,2789309,2789313,short,1673.66,1671.6922433266682,win,16.377566733319053,12.16166052739132,4
2789358,2789359,2789360,long,1674.46,1676.4649588587165,win,16.749588587164634,12.391587507518476,1
2789360,2789361,2789364,long,1676.35,1675.0678151920617,loss,-16.121848079381653,12.821848079381878,3
2789468,2789469,2789470,short,1673.3,1674.6216982749354,loss,-16.51698274935443,13.216982749353884,1
2789478,2789479,2789485,long,1675.7,1677.8958501816637,win,18.658501816636726,13.5713855479837,6
2789660,2789661,2789662,long,1680.49,1678.9689379597285,loss,-18.51062040271545,15.210620402716565,1
2789968,2789969,2789986,long,1700.28,1699.0945502505804,loss,-15.15449749419604,11.854497494194906,17
2789991,2789992,2789997,long,1700.8,1702.4469151058663,win,13.169151058663555,10.178708936133726,5
2790273,2790274,2790275,long,1698.4,1697.6547131985149,loss,-10.752868014852357,7.452868014851976,1
2790332,2790333,2790340,short,1696.92,1697.654827355201,loss,-10.648273552008778,7.348273552009288,7
2790367,2790368,2790372,short,1697.71,1698.5034283522352,loss,-11.234283522351962,7.934283522352095,4
2790376,2790377,2790378,long,1698.78,1698.079750711294,loss,-10.302492887058907,7.002492887057819,1
2790379,2790380,2790412,long,1698.89,1700.0046474347273,win,7.846474347272033,6.889044714011781,32
2790685,2790686,2790690,long,1705.34,1706.5001956104745,win,8.301956104746022,7.170553834824453,4
2791041,2791042,2791048,long,1708.33,1706.7631984869247,loss,-18.968015130752338,15.668015130751902,6
2791049,2791050,2791053,short,1705.8,1703.3941447778802,win,20.75855222119726,14.86931534066545,3
2791191,2791192,2791192,long,1706.08,1705.3841202789222,loss,-10.258797210777448,6.958797210776436,0
2791328,2791329,2791329,short,1706.47,1707.1046438776764,loss,-9.646438776763535,6.346438776764461,0
2792120,2792121,2792123,short,1697.62,1696.215908341566,win,10.740916584337992,8.677945973015516,2
2792730,2792731,2792736,long,1707.59,1709.4128015478725,win,14.928015478725865,11.265769764355156,5
2792884,2792885,2792916,short,1704.55,1703.3678540622268,win,8.52145937773157,7.306217167942231,31
2793426,2793427,2793428,short,1706.13,1704.8390777526508,win,9.609222473492718,7.978505855063371,1
2793961,2793962,2793970,short,1684.53,1683.3346857420559,win,8.653142579441191,7.3876035719667525,8
2794093,2794094,2794098,long,1690.8,1690.0698834779782,loss,-10.601165220217172,7.3011652202183,4
2794119,2794120,2794127,long,1690.01,1689.2396465427703,loss,-11.003534572297031,7.703534572295957,7
2794132,2794133,2794140,short,1688.42,1687.120875385696,win,9.691246143039915,8.029200335624711,7
2794278,2794279,2794286,long,1688.27,1687.6482880318447,loss,-9.517119681552959,6.21711968155204,7
2794623,2794624,2794631,long,1692.18,1691.7818655966175,loss,-7.28134403382528,3.9813440338248283,7
2794859,2794860,2794860,long,1692.96,1694.217806013104,win,9.278060131040728,7.773831972213682,0
2794955,2794956,2794961,short,1692.41,1693.443431485414,loss,-13.634314854139848,10.334314854140848,5
2795004,2795005,2795005,short,1693.72,1694.3529613410144,loss,-9.629613410143794,6.329613410142823,0
2795017,2795018,2795019,short,1693.37,1693.9640057422744,loss,-9.240057422744758,5.940057422743782,1
2795079,2795080,2795081,long,1697.68,1699.221081463911,win,12.110814639110412,9.524607317126893,1
2795490,2795491,2795497,short,1718.09,1716.647845569175,win,11.121544308249849,8.913191785073531,6
2795625,2795626,2795627,long,1714.41,1715.3453222866901,win,6.053222866900524,5.780731067306136,1
2795931,2795932,2795938,long,1715.73,1715.3030933783966,loss,-7.569066216033934,4.269066216034896,6
2796128,2796129,2796137,long,1719.15,1718.225711525698,loss,-12.542884743021023,9.242884743020948,8
2796177,2796178,2796178,short,1716.56,1717.434316994779,loss,-12.043169947790648,8.743169947789765,0
2796200,2796201,2796204,long,1718.9,1718.0444930154772,loss,-11.8550698452289,8.555069845229065,3
2796304,2796305,2796311,short,1721.28,1721.8828660355346,loss,-9.328660355345892,6.028660355344791,6
2796343,2796344,2796345,short,1720.69,1719.8198056783683,win,5.401943216317432,5.378209651617976,1
2796765,2796766,2796770,long,1709.04,1708.2654934872019,loss,-11.04506512798098,7.745065127982112,4
2797194,2797195,2797221,short,1709.12,1708.4580018867339,win,3.3199811326600868,4.091459290890576,26
2797518,2797519,2797519,short,1705.79,1706.5643007147266,loss,-11.043007147266781,7.7430071472665745,0
2797522,2797523,2797523,short,1705.52,1704.2721668092593,win,9.178331907407209,7.712195245615903,0
2797816,2797817,2797834,long,1706.34,1705.0891733035796,loss,-15.808266964202904,12.508266964201875,17
2797967,2797968,2797989,short,1694.72,1695.5978488029152,loss,-12.07848802915196,8.778488029152838,21
2798191,2798192,2798215,short,1696.94,1697.4607701970774,loss,-8.507701970773542,5.207701970773774,23
2798258,2798259,2798260,short,1697.12,1697.6678820242587,loss,-8.778820242587972,5.478820242587099,1
2798648,2798649,2798651,short,1700.23,1700.664281136279,loss,-7.642811362789689,4.342811362789433,2
2798651,2798652,2798658,short,1700.15,1700.5686609534857,loss,-7.486609534856416,4.186609534857538,6
2798802,2798803,2798806,long,1699.4,1700.3976684971656,win,6.676684971654777,6.166059933037666,3
2798806,2798807,2798807,long,1700.45,1699.7879307545281,loss,-9.92069245471912,6.620692454718082,0
2798971,2798972,2798978,long,1705.2,1704.5274178299253,loss,-10.025821700747475,6.725821700746539,6
2798984,2798985,2798985,short,1703.96,1704.6631399429166,loss,-10.331399429165504,7.031399429164465,0
2799454,2799455,2799457,long,1703.2,1704.1826863912177,win,6.526863912176123,6.073463480949909,2
2799457,2799458,2799479,long,1704.12,1703.4979731362962,loss,-9.520268637036953,6.220268637036912,21
2799703,2799704,2799708,long,1704.29,1703.8146345125626,loss,-8.053654874373297,4.753654874372424,4
2799719,2799720,2799725,short,1703.4,1702.6594395373504,win,4.105604626496825,4.577011512050623,5
2799725,2799726,2799727,short,1702.78,1702.1136295012404,win,3.363704987595338,4.118482687018629,1
2799821,2799822,2799826,long,1706.06,1705.4115656742351,loss,-9.784343257648107,6.4843432576485664,4
2799830,2799831,2799833,short,1704.47,1705.188136957465,loss,-10.48136957465049,7.18136957464942,2
2799948,2799949,2799949,long,1703.64,1704.1128908855671,win,1.4289088556703975,2.9226877970768275,0
2800316,2800317,2800318,long,1708.46,1709.6092740993206,win,8.192740993205643,7.103053765887497,1
2800443,2800444,2800447,long,1710.51,1712.3262445449448,win,14.862445449447659,11.225244406333323,3
2800630,2800631,2800632,short,1710.72,1711.6389388846994,loss,-12.489388846994007,9.189388846994722,1
2800639,2800640,2800643,short,1710.35,1711.206912357664,loss,-11.869123576639868,8.56912357664048,3
2800688,2800689,2800690,long,1711.9,1711.2266910903684,loss,-10.033089096317145,6.733089096316403,1
2800694,2800695,2800698,long,1712.02,1711.3586353546707,loss,-9.91364645329286,6.613646453291954,3
2800700,2800701,2800703,short,1711.76,1712.4603303679908,loss,-10.303303679907732,7.0033036799073765,2
2801373,2801374,2801379,long,1716.73,1717.774363857487,win,7.14363857487042,6.454659193368412,5
2801511,2801512,2801520,short,1716.34,1717.0669115683597,loss,-10.569115683598103,7.269115683599142,8
2801546,2801547,2801547,long,1718.55,1717.9720096535636,loss,-9.079903464363088,5.779903464361967,0
2801582,2801583,2801584,long,1718.48,1717.8297114308964,loss,-9.802885691036227,6.502885691035548,1
2801590,2801591,2801592,short,1716.96,1715.8433606751764,win,7.866393248236091,6.901355530430024,1
2801655,2801656,2801661,long,1716.49,1717.7756718120684,win,9.55671812068358,7.9460556988161954,5
2801882,2801883,2801896,long,1731.65,1730.6668726278128,loss,-13.13127372187255,9.83127372187266,13
2801967,2801968,2801975,short,1733.12,1733.946166626124,loss,-11.561666261241772,8.261666261242476,7
2802643,2802644,2802646,long,1731.59,1731.1154580484927,loss,-8.045419515072627,4.745419515073657,2
2802659,2802660,2802662,long,1731.91,1732.762657398447,win,5.226573984468087,5.269823228966393,2
2803151,2803152,2803152,short,1740.67,1738.7916230751937,win,15.48376924806389,11.609251698432459,0
2803374,2803375,2803379,long,1750.02,1749.252619173724,loss,-10.973808262759395,7.673808262760127,4
2803380,2803381,2803387,short,1747.86,1746.5219565606885,win,10.080434393113773,8.269736954952904,6
2803523,2803524,2803528,short,1743.35,1744.03024604985,loss,-10.102460498499841,6.802460498500525,4
2803534,2803535,2803537,short,1743.0,1743.7008845093837,loss,-10.308845093837409,7.008845093837222,2
2803771,2803772,2803772,long,1757.44,1758.4934441823216,win,7.234441823215275,6.510779866017069,0
2803838,2803839,2803840,short,1760.15,1760.8595493019006,loss,-10.395493019005517,7.095493019006574,1
2803856,2803857,2803859,short,1759.77,1760.5420058106165,loss,-11.020058106165198,7.720058106164432,2
2803893,2803894,2803895,long,1761.25,1760.712001200376,loss,-8.679987996238925,5.37998799623906,1
2803953,2803954,2803972,short,1759.74,1760.3368675224722,loss,-9.268675224721665,5.968675224722035,18
2803972,2803973,2803975,long,1760.16,1759.735380510824,loss,-7.546194891761661,4.246194891762444,2
2803979,2803980,2803986,long,1760.67,1761.4550916626724,win,4.550916626723574,4.852235245194306,6
2804047,2804048,2804056,short,1761.64,1762.5413524262053,loss,-12.313524262052216,9.013524262051655,8
2804069,2804070,2804071,long,1764.09,1763.163815444529,loss,-12.561845554708544,9.261845554708156,1
2804358,2804359,2804359,short,1762.7,1761.5445711811108,win,8.254288188892769,7.141092823790685,0
2804795,2804796,2804816,long,1733.9,1735.0357859145065,win,8.057859145064139,7.019690448123734,20
2805694,2805695,2805695,short,1734.45,1734.9288398288206,loss,-8.088398288205827,4.788398288205689,0
2806027,2806028,2806046,long,1741.57,1742.460734680495,win,5.607346804951431,5.50515871752183,18
2806067,2806068,2806069,short,1741.28,1741.8117666829119,loss,-8.617666829118935,5.317666829118496,1
2806079,2806080,2806083,long,1742.31,1741.7983242793764,loss,-8.416757206235435,5.116757206235417,3
2806086,2806087,2806096,short,1741.27,1741.8314578652344,loss,-8.91457865234388,5.614578652344962,9
2806100,2806101,2806112,long,1742.34,1743.1742701711273,win,5.042701711274003,5.156181527363792,11
2806931,2806932,2806936,long,1749.71,1749.0015254995953,loss,-10.38474500404691,7.084745004047555,4
2806953,2806954,2806958,short,1748.04,1746.993542305151,win,7.164576948488684,6.467600091773464,4
2807027,2807028,2807030,long,1750.11,1749.5647804162793,loss,-8.752195837206092,5.452195837206628,2
2808266,2808267,2808272,short,1736.58,1735.7200035446408,win,5.299964553591235,5.3151820479552985,5
2808912,2808913,2808915,long,1723.12,1722.4954579951163,loss,-9.545420048835513,6.245420048836253,2
2810248,2810249,2810252,short,1734.33,1734.825573457962,loss,-8.255734579621095,4.955734579621265,3
2812616,2812617,2812622,short,1713.47,1712.5400327933896,win,5.999672066103995,5.747634157047939,5
2812997,2812998,2813004,long,1712.16,1711.8553505377224,loss,-6.346494622776663,3.046494622777224,6
2813788,2813789,2813791,short,1698.42,1699.113961532065,loss,-10.23961532065032,6.939615320650053,2
2813969,2813970,2813976,long,1701.88,1703.0083221044688,win,7.983221044686798,6.973560596221704,6
2814614,2814615,2814617,long,1713.83,1714.3180083033137,win,1.5800830331379077,3.01612053964031,2
2814791,2814792,2814797,short,1718.73,1719.2686856809237,loss,-8.686856809236634,5.386856809237746,5
2816759,2816760,2816761,short,1734.29,1733.462118543245,win,4.978814567549944,5.116696271662995,1
2816785,2816786,2816788,short,1733.52,1734.1153796832793,loss,-9.253796832793615,5.953796832794233,2
2816892,2816893,2816893,long,1734.49,1733.9854421166256,loss,-8.345578833744458,5.045578833744249,0
2816899,2816900,2816900,long,1735.09,1735.8666759448556,win,4.466759448556968,4.8002221560923175,0
2819319,2819320,2819323,long,1744.65,1743.8353877034885,loss,-11.44612296511541,8.146122965116062,3
2820841,2820842,2820853,short,1698.19,1699.1461307374673,loss,-12.861307374672197,9.56130737467328,11
2820854,2820855,2820855,long,1699.84,1699.0227324943512,loss,-11.472675056487152,8.172675056486575,0
2820868,2820869,2820869,long,1700.08,1699.3344674531259,loss,-10.75532546874074,7.455325468741554,0
2820909,2820910,2820913,short,1698.77,1699.332591011875,loss,-8.92591011874929,5.625910118749951,3
2822337,2822338,2822338,long,1720.0,1719.567848578715,loss,-7.621514212849706,4.32151421285051,0
2822346,2822347,2822350,short,1718.45,1717.7408075820078,win,3.791924179921989,4.383142262003431,3
2823788,2823789,2823789,long,1682.77,1682.2322400517676,loss,-8.677599482324059,5.377599482323323,0
2824161,2824162,2824162,long,1688.86,1688.4820782657966,loss,-7.079217342032552,3.779217342032949,0
2824163,2824164,2824172,long,1689.05,1689.6701184725086,win,2.9011847250869325,3.832623439485511,8
2825065,2825066,2825070,long,1699.8,1699.3243102270928,loss,-8.05689772907117,4.756897729071677,4
2825109,2825110,2825110,short,1698.79,1698.0443489772456,win,4.156510227543731,4.608473564613115,0
2825508,2825509,2825511,short,1695.67,1694.962118641557,win,3.7788135844304636,4.375039298165215,2
2825942,2825943,2825948,short,1708.14,1708.7659915733134,loss,-9.559915733132858,6.259915733132308,5
2825949,2825950,2825952,long,1710.07,1709.4369192909762,loss,-9.630807090237159,6.330807090238064,2
2826244,2826245,2826246,short,1716.57,1717.2286982255732,loss,-9.886982255732892,6.586982255733267,1
2826250,2826251,2826263,short,1716.2,1716.838783433224,loss,-9.687834332240346,6.3878343322409075,12
2827756,2827757,2827757,short,1713.52,1714.012687747192,loss,-8.226877471921217,4.926877471920279,0
2827824,2827825,2827832,long,1729.84,1732.562046508563,win,23.92046508563153,16.823526010897332,7
2828962,2828963,2828964,short,1740.49,1741.4602207561209,loss,-13.002207561208525,9.70220756120911,1
2830236,2830237,2830237,short,1736.92,1737.7366989539876,loss,-11.466989539874977,8.166989539875514,0
2830471,2830472,2830486,short,1731.04,1729.9108226152432,win,7.9917738475675835,6.978846630140043,14
2830595,2830596,2830598,long,1732.6,1732.0597133082674,loss,-8.7028669173249,5.402866917324491,2
2830779,2830780,2830782,long,1733.72,1733.2172186205967,loss,-8.327813794033592,5.027813794034022,2
2831816,2831817,2831820,long,1722.05,1723.096652481037,win,7.16652481036972,6.468803961909222,3
2831889,2831890,2831891,short,1725.62,1726.3440468004203,loss,-10.540468004204104,7.240468004203208,1
2831912,2831913,2831913,long,1727.77,1727.1808800954154,loss,-9.191199045845497,5.8911990458453145,0
2831920,2831921,2831922,short,1725.99,1724.9635181626386,win,6.964818373614162,6.344139909526936,1
2832360,2832361,2832361,short,1729.82,1730.130166210789,loss,-6.401662107890206,3.10166210788933,0
2834348,2834349,2834351,long,1723.26,1724.692264206077,win,11.022642060769794,8.852065550536876,2
2834638,2834639,2834642,short,1726.57,1726.8546962751557,loss,-6.146962751557385,2.84696275155789,3
2834656,2834657,2834657,short,1726.47,1726.7336083943023,loss,-5.936083943023095,2.6360839430231984,0
2834663,2834664,2834664,long,1727.27,1727.003634871459,loss,-5.963651285408832,2.66365128540873,0
2835538,2835539,2835543,long,1727.04,1725.8403077391943,loss,-15.296922608057049,11.996922608057769,4
2835856,2835857,2835867,long,1723.78,1723.2260228543364,loss,-8.839771456635663,5.539771456635553,10
2835976,2835977,2835978,short,1723.51,1723.8704045380446,loss,-6.904045380445768,3.604045380445267,1
2836009,2836010,2836012,long,1723.77,1724.2144021014938,win,1.1440210149377892,2.746613729874822,2
2837433,2837434,2837440,long,1741.92,1741.4391634650474,loss,-8.108365349526867,4.808365349527382,6
2838290,2838291,2838294,short,1747.24,1747.6772309344076,loss,-7.672309344075802,4.37230934407667,3
2838625,2838626,2838627,long,1755.64,1755.0190202102997,loss,-9.509797897004137,6.209797897004366,1
2839245,2839246,2839251,long,1752.8,1752.3617375352612,loss,-7.682624647387274,4.382624647386617,5
2839485,2839486,2839490,long,1755.5,1756.7027568635822,win,8.727568635821807,7.433602370718602,4
2839490,2839491,2839495,long,1756.84,1756.080810616919,loss,-10.891893830808659,7.591893830808641,4
2839561,2839562,2839562,short,1756.18,1756.7673839624272,loss,-9.173839624271114,5.873839624271316,0
2839574,2839575,2839579,long,1757.84,1757.2210014641307,loss,-9.489985358691957,6.189985358691517,4
2839757,2839758,2839758,long,1761.26,1760.2341675922225,loss,-13.558324077774433,10.258324077775216,0
2840034,2840035,2840041,long,1766.42,1765.9325879300486,loss,-8.174120699514607,4.874120699515579,6
2840082,2840083,2840083,short,1765.8,1766.2328183724426,loss,-7.628183724426253,4.328183724425551,0
2840099,2840100,2840100,long,1767.45,1768.1781697598115,win,3.9816975981140788,4.500431148402375,0
2840196,2840197,2840202,long,1769.87,1770.695608512412,win,4.956085124121455,5.102648407985817,5
2840212,2840213,2840216,short,1769.31,1769.8532844875494,loss,-8.732844875494994,5.4328448754944985,3
2840815,2840816,2840820,short,1768.24,1768.9092567637756,loss,-9.99256763775593,6.692567637755473,4
2842745,2842746,2842748,short,1762.89,1763.4376996246694,loss,-8.77699624669349,5.476996246692983,2
2842761,2842762,2842763,long,1763.95,1763.4448145841518,loss,-8.351854158482457,5.051854158483544,1
2843613,2843614,2843616,long,1764.92,1764.379700419386,loss,-8.702995806141463,5.402995806141316,2
2846108,2846109,2846110,short,1770.82,1771.078245693703,loss,-5.882456937029747,2.582456937029621,1
2846237,2846238,2846239,long,1773.53,1773.0351178687106,loss,-8.24882131289387,4.948821312894215,1
2846255,2846256,2846256,long,1773.45,1773.0387884687143,loss,-7.41211531285744,4.112115312857518,0
2846257,2846258,2846264,short,1772.02,1772.4770852891481,loss,-7.870852891481536,4.5708528914807145,6
2846341,2846342,2846358,short,1771.14,1770.5593795508028,win,2.5062044919734037,3.588507102578956,16
2846789,2846790,2846791,short,1781.41,1782.110598682339,loss,-10.305986823389777,7.005986823390533,1
2849270,2849271,2849271,short,1772.12,1772.5060278122821,loss,-7.160278122822365,3.8602781228215766,0
2849691,2849692,2849696,short,1776.73,1777.0905429711747,loss,-6.905429711747092,3.60542971174776,4
2849707,2849708,2849711,short,1776.6,1776.0515110022068,win,2.184889977931289,3.389919640254327,3
2849711,2849712,2849716,short,1776.01,1775.4410127407464,win,2.389872592536176,3.516608524435106,4
2849781,2849782,2849792,short,1775.4,1775.7172865824234,loss,-6.472865824233213,3.1728658242330345,10
2849795,2849796,2849801,long,1775.87,1775.5879768722052,loss,-6.120231277946732,2.8202312779467023,5
2849938,2849939,2849940,short,1775.47,1775.6633857527831,loss,-5.233857527831151,1.9338575278317545,1
2850188,2850189,2850192,short,1775.38,1775.032256584523,win,0.1774341547699807,2.149217648188967,3
2850764,2850765,2850766,long,1775.83,1775.5123517275179,loss,-6.476482724820744,3.1764827248201963,1
2850774,2850775,2850775,short,1774.73,1774.207811158105,win,1.9218884189505845,3.227372323208335,0
2851716,2851717,2851720,long,1775.93,1775.5268586075242,loss,-7.331413924758453,4.031413924758526,3
2852156,2852157,2852160,long,1784.05,1783.6794271143606,loss,-7.005728856393762,3.705728856394273,3
2852170,2852171,2852173,long,1784.29,1784.9167200147372,win,2.967200147372023,3.8734240713058004,2
2852264,2852265,2852265,long,1786.35,1785.8892452685648,loss,-7.90754731435145,4.607547314350487,0
2852267,2852268,2852269,long,1786.66,1786.1694484557306,loss,-8.20551544269465,4.90551544269567,1
2852295,2852296,2852319,short,1785.97,1785.2615765905107,win,3.784234094893418,4.378389428240381,23
2852425,2852426,2852426,long,1786.2,1786.011750060238,loss,-5.182499397620449,1.8824993976213162,0
2852721,2852722,2852724,long,1784.84,1784.6958312083837,loss,-4.741687916162664,1.441687916163642,2
2853407,2853408,2853409,long,1795.17,1796.0694841794686,win,5.694841794685726,5.559234730955184,1
2853537,2853538,2853548,short,1795.57,1795.9339720326989,loss,-6.939720326989391,3.639720326989283,10
2853585,2853586,2853586,long,1796.16,1795.7717638664035,loss,-7.182361335965925,3.8823613359649083,0
2853625,2853626,2853670,long,1796.43,1795.842760772782,loss,-9.17239227218106,5.872392272180589,44
2854411,2854412,2854417,long,1800.63,1801.4962169967746,win,5.362169967744831,5.353627915787748,5
2854596,2854597,2854615,long,1803.65,1804.7703448874547,win,7.9034488745462115,6.924257648050916,18
2855951,2855952,2855955,short,1807.35,1808.032243516906,loss,-10.122435169060555,6.8224351690595375,3
2856257,2856258,2856263,short,1798.47,1799.104884364921,loss,-9.648843649209358,6.34884364920953,5
2856265,2856266,2856278,long,1799.6,1800.6415754626123,win,7.115754626123999,6.43742560329051,12
2856563,2856564,2856578,long,1803.72,1804.1121152608662,win,0.6211526086614869,2.4234564948459703,14
2857029,2857030,2857040,long,1797.14,1797.7676260035091,win,2.9762600350902177,3.87902350747172,10
2858938,2858939,2858945,long,1810.0,1809.4757607735614,loss,-8.542392264385672,5.24239226438561,6
2858958,2858959,2858969,long,1810.91,1810.3624627114173,loss,-8.775372885828165,5.475372885827561,10
2860223,2860224,2860227,long,1809.27,1808.3912499171925,loss,-12.087500828075282,8.787500828075222,3
2860243,2860244,2860245,short,1807.57,1806.5135006398027,win,7.264993601972219,6.529662300353117,1
2860328,2860329,2860337,long,1809.04,1809.7783267980453,win,4.0832679804536385,4.5632064156072785,8
2860406,2860407,2860407,short,1809.12,1809.6688165663165,loss,-8.788165663166456,5.488165663165825,0
2861428,2861429,2861430,short,1805.66,1806.3960124781781,loss,-10.660124781780542,7.360124781779649,1
2861454,2861455,2861459,long,1808.08,1807.3223436076016,loss,-10.876563923983031,7.576563923982252,4
2861465,2861466,2861467,short,1806.0,1804.6259393374223,win,10.440606625776763,8.492340312594239,1
2862427,2862428,2862430,short,1807.7,1807.0759187287658,win,2.9408127123421766,3.8571153969971115,2
2862486,2862487,2862488,long,1807.18,1806.7046184929932,loss,-8.053815070068868,4.753815070068896,1
2863213,2863214,2863215,short,1796.34,1796.7684823965149,loss,-7.584823965149371,4.284823965149419,1
2863217,2863218,2863224,short,1796.15,1796.5775828664107,loss,-7.575828664106029,4.275828664105655,6
2863819,2863820,2863821,long,1799.98,1799.674269759801,loss,-6.357302401989545,3.057302401989788,1
2863833,2863834,2863840,short,1799.1,1799.438188769957,loss,-6.681887699570143,3.3818876995701075,6
2863855,2863856,2863857,short,1798.84,1799.2205551119016,loss,-7.105551119016854,3.80555111901799,1
2865789,2865790,2865796,long,1816.08,1815.7044146797994,loss,-7.05585320200571,3.7558532020065525,6
2865815,2865816,2865818,long,1816.18,1815.842861380682,loss,-6.671386193180115,3.3713861931801485,2
2865818,2865819,2865819,short,1815.51,1815.846468950928,loss,-6.6646895092806515,3.3646895092800126,0
2865845,2865846,2865852,long,1816.02,1815.652025016223,loss,-6.979749837770032,3.6797498377709172,6
2865855,2865856,2865864,long,1816.42,1817.0152735107054,win,2.6527351070528313,3.6790699054721068,8
2865928,2865929,2865931,long,1818.22,1817.7006675031005,loss,-8.493324968995513,5.193324968995974,2
2865952,2865953,2865980,short,1817.59,1818.1783016241243,loss,-9.183016241243696,5.883016241243571,27
2865980,2865981,2865986,long,1818.25,1817.7672293453668,loss,-8.127706546332139,4.827706546332771,5
2865990,2865991,2866001,short,1817.67,1816.9704677229515,win,3.6953227704854728,4.323438053451958,10
2866001,2866002,2866004,short,1816.99,1817.3831106976843,loss,-7.231106976842784,3.931106976843173,2
2867216,2867217,2867218,short,1842.26,1841.5507924169235,win,3.7920758307647704,4.383235989347336,1
2867218,2867219,2867219,short,1841.8,1842.2351234457458,loss,-7.651234457458304,4.351234457457873,0
2867548,2867549,2867550,long,1844.48,1845.191279069708,win,3.812790697078708,4.396038749740256,1
2867689,2867690,2867708,long,1858.66,1858.1049262615427,loss,-8.85073738457395,5.550737384573413,18
2868216,2868217,2868219,long,1859.86,1859.308741716161,loss,-8.812582838389336,5.5125828383893065,2
2871150,2871151,2871153,long,1903.58,1902.6630307854293,loss,-12.469692145705995,9.16969214570544,2
2871161,2871162,2871163,long,1903.85,1903.0364999149106,loss,-11.435000850893449,8.135000850893372,1
2871171,2871172,2871172,short,1901.24,1902.0320954336146,loss,-11.22095433614577,7.9209543361447725,0
2871186,2871187,2871189,short,1900.88,1901.61583731687,loss,-10.658373168699473,7.358373168699009,2
2871259,2871260,2871261,short,1899.27,1899.8285796015712,loss,-8.885796015711822,5.5857960157129565,1
2871293,2871294,2871301,short,1899.74,1900.2387129422873,loss,-8.287129422872841,4.987129422872244,7
2871304,2871305,2871315,long,1900.4,1899.9473428997287,loss,-7.826571002713808,4.526571002713007,10
2871349,2871350,2871350,short,1899.48,1899.792182811557,loss,-6.421828115570224,3.1218281155691554,0
2871377,2871378,2871383,long,1900.45,1900.8748729888111,win,0.9487298881110293,2.625914640365472,5
2873251,2873252,2873253,short,1943.36,1944.4893413320037,loss,-14.593413320038326,11.293413320039258,1
2873993,2873994,2873998,long,1947.88,1949.0565750885019,win,8.465750885017496,7.271786702729813,4
2874870,2874871,2874881,long,1959.12,1958.5197420177428,loss,-9.302579822570625,6.002579822570296,10
2877667,2877668,2877680,short,1975.3,1974.2701641291205,win,6.99835870879424,6.364869412109592,12
2878990,2878991,2879005,short,1973.01,1972.3911216373574,win,2.8887836264259024,3.824958978013263,14
2879170,2879171,2879174,long,1971.45,1970.7138462542102,loss,-10.661537457898067,7.361537457898599,3
2881818,2881819,2881819,long,2041.28,2042.43959755069,win,8.29597550690023,7.166857544437907,0
2883748,2883749,2883754,long,2062.74,2064.064018458036,win,9.940184580363347,8.183055982919836,5
2883892,2883893,2883898,short,2068.64,2069.4355290064887,loss,-11.255290064887777,7.95529006488589,5
2883898,2883899,2883899,long,2070.61,2069.868465355274,loss,-10.715346447260163,7.415346447260897,0
2883917,2883918,2883923,short,2068.86,2069.5736945002536,loss,-10.436945002534959,7.136945002532875,5
2886324,2886325,2886330,long,2031.98,2031.2310741695344,loss,-10.789258304656233,7.489258304656798,5
2891684,2891685,2891705,short,1945.91,1943.5440859238183,win,20.359140761817525,14.62246029778596,20
2892420,2892421,2892426,short,1942.77,1943.5198013869747,loss,-10.798013869746956,7.498013869746445,5
2892426,2892427,2892427,long,1944.98,1944.2165343995634,loss,-10.934656004365753,7.634656004365452,0
2893213,2893214,2893227,short,1980.86,1981.5239580761786,loss,-9.939580761786875,6.63958076178633,13
2893470,2893471,2893471,short,1982.08,1982.8268548176861,loss,-10.768548176861987,7.468548176861966,0
2895488,2895489,2895494,long,1989.07,1990.613136880189,win,12.131368801889675,9.53731075518474,5
2895494,2895495,2895495,long,1990.6,1989.6632130696084,loss,-12.667869303914632,9.36786930391573,0
2895503,2895504,2895516,short,1987.47,1986.0258702818353,win,11.141297181647314,8.925399988657206,12
2898183,2898184,2898184,short,1932.14,1933.2478647784546,loss,-14.37864778454541,11.07864778454446,0
2898193,2898194,2898210,long,1934.77,1936.4251421419742,win,13.251421419742382,10.229555883647624,16
2898740,2898741,2898743,long,1939.1,1940.2750765904987,win,8.450765904987474,7.262525281203358,2
2899541,2899542,2899545,long,1947.77,1948.7034774798215,win,6.034774798214767,5.769329294322648,3
2899545,2899546,2899546,long,1948.43,1947.8423006426892,loss,-9.176993573108394,5.876993573108023,0
2900711,2900712,2900713,short,1930.59,1931.3456433389786,loss,-10.856433389786435,7.556433389787299,1
2900715,2900716,2900721,short,1930.21,1931.04958851629,loss,-11.695885162899504,8.39588516289999,5
2900878,2900879,2900879,short,1924.74,1925.388827224035,loss,-9.788272240349034,6.488272240349772,0
2901497,2901498,2901501,long,1928.94,1928.1936958148824,loss,-10.763041851176514,7.4630418511771035,3
2905286,2905287,2905292,short,1954.8,1956.6966267861244,loss,-22.266267861244433,18.96626786124435,5
2905301,2905302,2905303,long,1957.33,1955.4773516770076,loss,-21.826483229923088,18.52648322992342,1
2905305,2905306,2905310,long,1959.69,1957.7742301732367,loss,-22.457698267633806,19.1576982676339,4
2905967,2905968,2905975,long,1970.68,1970.3646475282503,loss,-6.4535247174974755,3.1535247174984935,7
2905976,2905977,2905977,short,1969.87,1970.2102376544753,loss,-6.702376544754588,3.402376544755073,0
2906583,2906584,2906589,long,1970.38,1968.7796427711978,loss,-19.303572288022952,16.003572288023385,5
2906597,2906598,2906615,long,1972.29,1970.6735017077747,loss,-19.464982922252876,16.164982922253103,17
2909447,2909448,2909453,long,1942.11,1940.7020034249717,loss,-17.379965750281645,14.079965750280579,5
2909561,2909562,2909562,short,1935.8,1936.6593301754203,loss,-11.893301754203822,8.593301754204825,0
2911112,2911113,2911115,short,1930.02,1930.7646827911408,loss,-10.746827911408037,7.446827911407244,2
2911697,2911698,2911708,long,1935.94,1934.9857676717804,loss,-12.842323282196322,9.54232328219603,10
2911784,2911785,2911785,short,1934.64,1933.688097317757,win,6.2190268224314424,5.883205699895579,0
2912460,2912461,2912462,long,1936.87,1935.944673733376,loss,-12.553262666238698,9.253262666237756,1
2912472,2912473,2912474,short,1934.71,1933.2986835157037,win,10.813164842963214,8.722598790459543,1
2916929,2916930,2916933,long,1944.98,1945.9395843812217,win,6.295843812217027,5.930682207797331,3
2917707,2917708,2917716,long,1943.55,1944.595220870051,win,7.152208700510255,6.459955933566661,8
2918290,2918291,2918292,long,1944.69,1944.0257981755587,loss,-9.942018244413067,6.642018244412446,1
2918446,2918447,2918450,long,1945.77,1945.235924763112,loss,-8.640752368879294,5.340752368879796,3
2918799,2918800,2918800,long,1949.95,1949.2048464350755,loss,-10.751535649245216,7.451535649244505,0
2918825,2918826,2918832,short,1948.81,1949.420146562017,loss,-9.401465620170075,6.101465620169135,6
2918843,2918844,2918845,short,1948.54,1949.0428882541448,loss,-8.328882541448639,5.028882541448629,1
2918955,2918956,2918965,long,1941.73,1940.9832427254187,loss,-10.767572745813414,7.4675727458135865,9
2919005,2919006,2919024,short,1940.66,1941.257426655633,loss,-9.27426655632944,5.974266556330273,18
2920009,2920010,2920010,long,1957.34,1958.7698871709197,win,10.998871709197555,8.837374356734742,0
2920080,2920081,2920081,long,1960.02,1959.151253217096,loss,-11.987467829040543,8.687467829039809,0
2920096,2920097,2920105,long,1959.85,1961.057146095877,win,8.771460958770785,7.460729887992412,8
2921514,2921515,2921515,short,1951.39,1952.078874514491,loss,-10.188745144908626,6.88874514490973,0
2923569,2923570,2923571,short,1938.21,1938.7969799738544,loss,-9.169799738543407,5.869799738543507,1
2924491,2924492,2924494,long,1945.23,1945.975180672765,win,4.151806727649455,4.6055665807471176,2
2924876,2924877,2924880,long,1952.25,1951.7795213263876,loss,-8.004786736124334,4.704786736123944,3
2924884,2924885,2924886,long,1952.78,1952.2980743488731,loss,-8.119256511268578,4.8192565112677475,1
2925284,2925285,2925285,short,1954.01,1954.5068766167637,loss,-8.268766167637569,4.968766167638453,0
2925292,2925293,2925294,short,1953.91,1954.3772376327577,loss,-7.972376327575875,4.672376327575243,1
2925631,2925632,2925636,short,1953.25,1952.0341305662548,win,8.858694337451833,7.514644213505367,4
2927039,2927040,2927057,long,1904.15,1906.2626683157823,win,17.8266831578223,13.057282545007523,17
2927203,2927204,2927204,short,1909.21,1909.9683217647273,loss,-10.883217647272705,7.58321764727224,0
2927211,2927212,2927214,long,1911.63,1910.821556199247,loss,-11.38443800753139,8.08443800753099,2
2927589,2927590,2927591,long,1909.47,1910.4084861379847,win,6.084861379846825,5.8002851544170975,1
2927990,2927991,2927993,short,1902.99,1903.5509210363962,loss,-8.909210363961666,5.609210363962323,2
2927994,2927995,2927997,long,1904.13,1904.9934623406002,win,5.334623406001083,5.336602846725214,2
2928611,2928612,2928624,short,1901.97,1901.3468036117047,win,2.931963882953551,3.851646404792445,12
2929228,2929229,2929230,short,1878.88,1876.8167880565957,win,17.332119434044397,12.751618933278408,1
2929705,2929706,2929733,short,1866.79,1864.197549404909,win,22.62450595090895,16.0225623924031,27
2930213,2930214,2930217,long,1861.54,1863.0638860698568,win,11.938860698568714,9.418331704924597,3
2930362,2930363,2930365,short,1858.14,1858.8921521956843,loss,-10.821521956841753,7.521521956842285,2
2930370,2930371,2930375,short,1857.68,1858.371851445045,loss,-10.218514450449039,6.918514450448649,4
2932468,2932469,2932472,long,1864.76,1863.7984952086315,loss,-12.915047913684976,9.615047913685851,3
2932653,2932654,2932654,short,1864.56,1863.7910016367118,win,4.3899836328811945,4.752771095723214,0
2935088,2935089,2935091,long,1889.71,1891.538017553656,win,14.980175536558544,11.298007130135396,2
2938253,2938254,2938255,short,1904.65,1905.198398738333,loss,-8.78398738332935,5.483987383330022,1
2938258,2938259,2938260,short,1904.55,1905.0602060778285,loss,-8.402060778285705,5.102060778285344,1
2938265,2938266,2938266,long,1905.48,1906.1735777192066,win,3.635777192065871,4.2866360890389865,0
2938266,2938267,2938271,long,1906.63,1907.3984168754348,win,4.384168754346956,4.7491772276562205,4
2939158,2939159,2939160,short,1906.31,1904.2850422052634,win,16.94957794736565,12.51519032593672,1
2939266,2939267,2939269,short,1904.49,1902.7240928147041,win,14.359071852958731,10.914135879454863,2
2940831,2940832,2940835,short,1912.89,1913.2918025399142,loss,-7.318025399141152,4.018025399141086,3
2943581,2943582,2943583,short,1886.33,1885.6090481333467,win,3.909518666531949,4.455821178325965,1
2943635,2943636,2943640,long,1886.55,1887.2170472066161,win,3.3704720661618923,4.122665059432899,4
2944343,2944344,2944362,long,1892.13,1891.6386573186214,loss,-8.213426813786828,4.913426813787752,18
2944814,2944815,2944815,short,1888.97,1889.386989021104,loss,-7.469890211039728,4.16989021104023,0
2944823,2944824,2944825,short,1888.64,1887.9814444420163,win,3.285555579838456,4.070182682223716,1
2945006,2945007,2945009,long,1893.08,1893.5051879501507,win,0.951879501507574,2.627861249386626,2
2947875,2947876,2947877,long,1924.22,1924.0658311099733,loss,-4.841688900267672,1.5416889002667138,1
2947880,2947881,2947883,long,1924.33,1924.1693479622356,loss,-4.906520377642937,1.6065203776431647,2
2947884,2947885,2947885,short,1923.84,1924.015684185305,loss,-5.056841853050446,1.7568418530493448,0
2947885,2947886,2947886,long,1924.58,1924.9061952493555,loss,-0.03804750644421784,2.016039860047008,0
2948111,2948112,2948132,short,1911.31,1910.5663633712643,win,4.136366287356577,4.596023663384141,20
2952091,2952092,2952093,long,1906.67,1906.326602920448,loss,-6.733970795520054,3.433970795520809,1
2953525,2953526,2953533,long,1901.41,1902.0724455855898,win,3.3244558558969404,4.094224880034769,7
2953533,2953534,2953534,long,1902.06,1901.6853741280693,loss,-7.046258719306752,3.746258719307499,0
2954395,2954396,2954397,short,1909.09,1908.541660607996,win,2.1833939200398165,3.3889950062055028,1
2956590,2956591,2956592,long,1919.62,1920.4087254454982,win,4.587254454983577,4.874693729903452,1
2956725,2956726,2956729,long,1917.7,1917.2747931770152,loss,-7.552068229848191,4.2520682298482715,3
2957788,2957789,2957790,long,1913.87,1913.685883698564,loss,-5.141163014357789,1.8411630143570956,1
2958080,2958081,2958082,long,1917.64,1917.2781417098088,loss,-6.918582901913214,3.6185829019123448,1
2958085,2958086,2958086,long,1917.89,1917.5185220324836,loss,-7.014779675165118,3.7147796751648046,0
2958632,2958633,2958633,long,1904.54,1904.2384567433546,loss,-6.315432566453455,3.0154325664534376,0
2962467,2962468,2962468,short,1905.75,1904.6756470022706,win,7.443529977294202,6.640006166436195,0
2963759,2963760,2963760,long,1881.4,1880.0440308309057,loss,-16.85969169094351,13.559691690944026,0
2963779,2963780,2963781,short,1877.46,1875.4324722371246,win,16.975277628754792,12.531073936190044,1
2963838,2963839,2963839,short,1875.31,1873.5347391713601,win,14.452608286398299,10.97194578887371,0
2963839,2963840,2963840,short,1873.84,1871.9612792108192,win,15.48720789180761,11.61137694178451,0
2964143,2964144,2964147,short,1876.96,1877.552501528479,loss,-9.225015284790334,5.92501528478963,3
2964866,2964867,2964874,long,1878.59,1879.7843386283128,win,8.643386283128347,7.381573722575993,7
2967470,2967471,2967473,short,1882.97,1882.0428733391022,win,5.97126660897784,5.7300782502954934,2
2967664,2967665,2967674,long,1887.74,1888.5590870795356,win,4.8908707953562045,5.062342889589999,9
2967937,2967938,2967939,long,1890.99,1890.0319966532045,loss,-12.880033467955219,9.58003346795533,1
2967965,2967966,2967971,long,1890.83,1890.032764309386,loss,-11.272356906138885,7.972356906139004,5
2969266,2969267,2969267,short,1905.64,1906.410374468502,loss,-11.003744685018138,7.703744685019266,0
2969270,2969271,2969271,short,1905.17,1906.0180955206952,loss,-11.780955206950967,8.480955206951219,0
2969621,2969622,2969622,short,1906.44,1906.7848106291253,loss,-6.74810629125277,3.4481062912535125,0
2969625,2969626,2969627,long,1907.47,1907.1184611830458,loss,-6.815388169541893,3.515388169541181,1
2969653,2969654,2969656,short,1906.12,1905.5312229150627,win,2.5877708493719185,3.6389189427511486,2
2970289,2970290,2970308,long,1894.55,1892.993968979644,loss,-18.86031020355931,15.560310203558991,18
2971738,2971739,2971740,long,1918.77,1918.1172289433837,loss,-9.827710566163024,6.527710566162305,1
2971978,2971979,2971979,long,1929.96,1928.8572688491097,loss,-14.327311508903495,11.027311508904369,0
2971980,2971981,2971990,long,1930.29,1932.0609302060234,win,14.409302060234221,10.94518050694272,9
2973557,2973558,2973569,long,1953.22,1952.3605397383549,loss,-11.89460261645154,8.594602616452278,11
2974002,2974003,2974004,long,1956.16,1955.653290877026,loss,-8.367091229741437,5.0670912297414095,1
2974019,2974020,2974031,long,1956.67,1956.19120798803,loss,-8.08792011969972,4.7879201196992485,11
2974464,2974465,2974465,long,1960.22,1959.7284027600597,loss,-8.215972399403473,4.915972399403705,0
2974479,2974480,2974489,short,1958.67,1957.8082881867822,win,5.317118132178803,5.325783765253057,9
2975991,2975992,2975992,long,1880.48,1879.6114073980762,loss,-11.98592601923865,8.685926019238153,0
2976305,2976306,2976306,short,1882.96,1882.120595643772,win,5.094043562279876,5.187913202892744,0
2978745,2978746,2978748,long,1871.83,1871.3669559300927,loss,-7.930440699072551,4.630440699072036,2
2978763,2978764,2978765,short,1870.18,1870.7298641010411,loss,-8.798641010410666,5.4986410104113155,1
2978879,2978880,2978886,long,1879.01,1877.9493642756483,loss,-13.906357243516414,10.606357243516664,6
2979556,2979557,2979560,short,1878.6,1877.902336853458,win,3.6766314654179952,4.3118859489604535,3
2979769,2979770,2979771,long,1880.07,1879.6753224838858,loss,-7.246775161141431,3.946775161142063,1
2981277,2981278,2981278,short,1893.41,1893.816238127689,loss,-7.362381276889937,4.0623812768902905,0
2981301,2981302,2981306,long,1894.11,1893.7178427196998,loss,-7.221572803001254,3.9215728030003096,4
2982780,2982781,2982783,short,1887.74,1887.1558274589916,win,2.541725410084564,3.6104606984459684,2
2982855,2982856,2982857,long,1889.09,1888.340217030151,loss,-10.797829698488659,7.49782969848882,1
2982873,2982874,2982877,short,1887.21,1888.110908833016,loss,-12.309088330160467,9.0090883301602,3
2983224,2983225,2983239,long,1886.28,1886.0042749896388,loss,-6.057250103611568,2.7572501036111965,14
2984460,2984461,2984463,long,1881.53,1881.0036349870543,loss,-8.563650129456892,5.263650129457818,2
2984994,2984995,2984997,short,1870.88,1870.4908000671294,win,0.5919993287072431,2.405438398459117,2
2985723,2985724,2985727,long,1860.34,1862.0089088934926,win,13.389088934926985,10.314640874491682,3
2986125,2986126,2986127,long,1867.66,1867.4123959217507,loss,-5.7760407824942375,2.4760407824944797,1
2986818,2986819,2986819,short,1866.55,1867.0175482632562,loss,-7.975482632562762,4.675482632563599,0
2986839,2986840,2986849,long,1867.3,1866.782187450402,loss,-8.478125495979203,5.178125495979644,9
2986849,2986850,2986851,short,1866.87,1866.1363230647644,win,4.036769352355077,4.53446807932969,1
2987021,2987022,2987024,short,1866.33,1867.0190482374242,loss,-10.190482374242311,6.890482374242053,2
2987748,2987749,2987749,short,1873.17,1873.3932801286262,loss,-5.532801286261292,2.2328012862617803,0
2987752,2987753,2987782,short,1872.81,1873.0463544026418,loss,-5.663544026418367,2.363544026418458,29
2988379,2988380,2988384,short,1865.73,1866.3768068724019,loss,-9.768068724018395,6.468068724017975,4
2988815,2988816,2988819,long,1836.79,1836.5109681192125,loss,-6.090318807874428,2.790318807874917,3
2989155,2989156,2989165,short,1824.46,1824.881594520183,loss,-7.515945201829072,4.215945201829554,9
2989791,2989792,2989792,short,1801.71,1803.320559555271,loss,-19.405595552710384,16.105595552710685,0
2989845,2989846,2989853,long,1805.58,1807.371509135407,win,14.615091354070682,11.072367956780335,7
2989953,2989954,2989954,long,1804.37,1805.0610695503742,win,3.6106955037432273,4.271134427529669,0
2991325,2991326,2991327,short,1810.09,1809.6442947259318,win,1.15705274068132,2.75466794850473,1
2992371,2992372,2992373,short,1813.7,1814.007867351627,loss,-6.3786735162701005,3.078673516270335,1
2994351,2994352,2994355,long,1771.14,1772.3233301746486,win,8.533301746485176,7.313536308086879,3
2996630,2996631,2996633,long,1814.61,1814.4016966584852,loss,-5.383033415146929,2.0830334151474004,2
2997795,2997796,2997797,short,1825.55,1824.8087368023637,win,4.112631976362718,4.581354744352565,1
3000149,3000150,3000175,short,1839.11,1839.5398237495026,loss,-7.598237495027024,4.2982374950273545,25
3001844,3001845,3001846,short,1864.3,1864.8268659605617,loss,-8.56865960561736,5.268659605618102,1
3006568,3006569,3006576,short,1836.5,1836.842903393688,loss,-6.729033936879477,3.429033936879165,7
3007391,3007392,3007393,short,1841.91,1842.2422037172616,loss,-6.622037172615637,3.3220371726148055,1
3007403,3007404,3007404,short,1841.71,1842.0133587053515,loss,-6.333587053514566,3.0335870535146463,0
3007405,3007406,3007409,short,1841.65,1841.1590104442098,win,1.6098955579029282,3.034546080285455,3
3007777,3007778,3007782,long,1836.52,1837.0740402953459,win,2.240402953458852,3.4242292666614103,4
3010471,3010472,3010472,long,1852.67,1852.303372565276,loss,-6.966274347240232,3.6662743472406087,0
3010473,3010474,3010474,short,1851.6,1851.9842652469151,loss,-7.142652469152199,3.8426524691525348,0
3010478,3010479,3010479,long,1852.74,1852.3250928588375,loss,-7.4490714116253,4.149071411624815,0
3011366,3011367,3011368,long,1858.03,1857.3445697932982,loss,-10.154302067017671,6.854302067017857,1
3011372,3011373,3011375,short,1856.52,1855.506577490021,win,6.834225099789092,6.263427132132233,2
3014182,3014183,3014191,short,1882.61,1883.1091253987988,loss,-8.29125398798924,4.991253987989384,8
3015629,3015630,3015632,short,1876.65,1877.1368667653678,loss,-8.168667653677222,4.868667653677805,2
3015982,3015983,3015983,short,1880.63,1881.0837822298947,loss,-7.837822298946139,4.537822298945293,0
3016331,3016332,3016346,long,1870.94,1872.2441851642755,win,9.741851642753954,8.060476911467177,14
3017753,3017754,3017755,long,1869.29,1868.7472634026105,loss,-8.727365973894212,5.427365973894396,1
3018083,3018084,3018084,short,1867.18,1868.1902739425745,loss,-13.402739425744858,10.102739425745302,0
3018352,3018353,3018353,short,1873.0,1873.3435934868114,loss,-6.735934868114145,3.435934868114564,0
3018365,3018366,3018367,short,1872.93,1872.4151666472717,win,1.8483335272837396,3.181911945169457,1
3019627,3019628,3019628,short,1878.05,1878.4840549256835,loss,-7.640549256835402,4.3405492568359625,0
3019975,3019976,3019977,short,1893.8,1894.2351719795765,loss,-7.6517197957658025,4.351719795765523,1
3020033,3020034,3020040,short,1894.19,1894.4767974851375,loss,-6.167974851374129,2.8679748513745404,6
3020042,3020043,3020047,long,1895.07,1895.4936643901256,win,0.9366439012562298,2.6184449327915815,4
3020834,3020835,3020835,long,1877.39,1876.9467322568355,loss,-7.73267743164597,4.432677431645526,0
3023472,3023473,3023475,long,1885.81,1885.2562292451055,loss,-8.837707548944582,5.5377075489454715,2
3024489,3024490,3024494,short,1893.71,1892.9675748490292,win,4.124251509708029,4.588536161748209,4
3024609,3024610,3024610,short,1893.6,1892.9730318344675,win,2.9696816553238934,3.87495775978002,0
3026052,3026053,3026057,short,1938.74,1936.9296483905084,win,14.803516094915903,11.188823297228595,4
3027322,3027323,3027328,short,1947.85,1946.7624378299915,win,7.575621700083684,6.721645055675454,5
3029638,3029639,3029644,long,1918.11,1917.7803728858823,loss,-6.596271141175566,3.2962711411766086,5
3030809,3030810,3030817,short,1911.28,1910.3312544926487,win,6.187455073513047,5.863692876089506,7
3030865,3030866,3030881,long,1912.03,1911.5467788934668,loss,-8.13221106533165,4.832211065331867,15
3031131,3031132,3031133,long,1908.64,1909.6257321997048,win,6.557321997046711,6.09228800806359,1
3031260,3031261,3031267,short,1888.11,1889.320790641466,loss,-15.407906414660193,12.1079064146599,6
3031378,3031379,3031384,long,1891.93,1893.1446565240753,win,8.846565240752806,7.507147862022521,5
3032729,3032730,3032734,short,1849.39,1848.2854881904457,win,7.74511809554424,6.826401789582199,4
3032976,3032977,3032978,long,1850.57,1849.325675124638,loss,-15.743248753618264,12.443248753617983,1
3032990,3032991,3032991,short,1846.55,1847.7847694593197,loss,-15.647694593197503,12.347694593197852,0
3032999,3033000,3033001,long,1850.18,1849.0443455811987,loss,-14.656544188013232,11.35654418801411,1
3033006,3033007,3033007,short,1846.82,1844.9316020597275,win,15.58397940272398,11.671186281040315,0
3033203,3033204,3033208,short,1847.74,1846.8858490774617,win,5.241509225383379,5.279053909383993,4
3033208,3033209,3033211,short,1846.86,1847.3831985303505,loss,-8.531985303505554,5.231985303504481,2
3033395,3033396,3033404,short,1846.25,1845.2508613060215,win,6.691386939784661,6.175146439917009,8
3033856,3033857,3033862,short,1858.85,1857.756354401508,win,7.636455984920031,6.759243501186045,5
3034663,3034664,3034670,short,1855.64,1856.2204489460264,loss,-9.104489460263085,5.804489460263095,6
3034675,3034676,3034681,short,1855.33,1854.6199730504427,win,3.80026949557232,4.388300059067514,5
3034681,3034682,3034687,short,1854.46,1854.906645398339,loss,-7.766453983388874,4.466453983389599,5
3035554,3035555,3035557,short,1852.6,1851.2287134995943,win,10.41286500405631,8.475194687302768,2
3035742,3035743,3035743,short,1857.57,1858.2511787078206,loss,-10.111787078206635,6.811787078207658,0
3036007,3036008,3036009,short,1852.5,1851.910158685498,win,2.5984131450210954,3.6454963813486323,1
3038341,3038342,3038344,long,1849.53,1848.5491147478522,loss,-13.108852521478003,9.808852521478256,2
3038697,3038698,3038704,long,1829.11,1828.5734616928712,loss,-8.665383071286943,5.365383071287134,6
3038713,3038714,3038715,short,1827.9,1828.4149547213774,loss,-8.449547213773076,5.149547213774184,1
3038721,3038722,3038724,long,1829.07,1828.5833925004665,loss,-8.166074995334203,4.866074995334624,2
3039376,3039377,3039379,short,1834.18,1834.8751355553609,loss,-10.25135555360821,6.951355553608187,2
3039380,3039381,3039384,short,1833.68,1832.5449194438952,win,8.050805561048673,7.015331001883568,3
3040531,3040532,3040540,short,1842.74,1843.294357895564,loss,-8.843578955639533,5.543578955639979,8
3040599,3040600,3040602,short,1842.52,1843.0473876414646,loss,-8.573876414646566,5.273876414646806,2
3040618,3040619,3040624,long,1843.64,1844.472747211249,win,5.0274721124894315,5.146768919956866,5
3040624,3040625,3040626,long,1844.77,1844.2562998674298,loss,-8.437001325701932,5.137001325700963,1
3040688,3040689,3040692,short,1844.08,1843.52612059796,win,2.2387940203991095,3.423234870457299,3
3041105,3041106,3041118,short,1840.6,1841.0883604362657,loss,-8.183604362657935,4.883604362658052,12
3042534,3042535,3042542,short,1867.34,1867.7257320304275,loss,-7.1573203042756175,3.8573203042759476,7
3043480,3043481,3043484,long,1871.58,1871.0846454167365,loss,-8.253545832634064,4.9535458326338615,3
3046302,3046303,3046304,long,1865.65,1864.870626887543,loss,-11.093731124570514,7.793731124569871,1
3047055,3047056,3047056,long,1860.31,1860.7284529382787,win,0.8845293827873322,2.586235712476909,0
3049638,3049639,3049648,short,1838.07,1836.8098591300404,win,9.30140869959514,7.7882624842981585,9
3049805,3049806,3049812,long,1837.54,1838.136768376833,win,2.6676837683309715,3.6883088803036714,6
3051076,3051077,3051079,short,1842.21,1842.8020425945633,loss,-9.220425945632815,5.920425945632684,2
3051116,3051117,3051119,long,1843.05,1842.6422119742472,loss,-7.377880257527795,4.07788025752825,2
3051127,3051128,3051132,short,1842.14,1841.4891227673256,win,3.2087723267447474,4.0227270251822915,4
3051939,3051940,3051943,long,1858.25,1857.160957965668,loss,-14.190420343318966,10.890420343318194,3
3051961,3051962,3051965,long,1859.03,1858.1228486144962,loss,-12.371513855037666,9.071513855038301,3
3052573,3052574,3052576,long,1861.7,1861.2622132367403,loss,-7.677867632597372,4.377867632596813,2
3052598,3052599,3052601,long,1861.77,1861.3267403347659,loss,-7.73259665234109,4.432596652340006,2
3053202,3053203,3053204,short,1862.54,1860.4891236828041,win,17.208763171958434,12.675378969071721,1
3054212,3054213,3054214,short,1848.34,1847.345381235024,win,6.646187649759395,6.147211155599637,1
3054608,3054609,3054614,long,1835.75,1837.415759396611,win,13.357593966110652,10.295175504394082,5
3054664,3054665,3054669,long,1839.09,1838.236717022521,loss,-11.832829774790117,8.532829774791141,4
3054673,3054674,3054674,short,1836.12,1836.9573507414832,loss,-11.673507414833058,8.373507414833199,0
3055452,3055453,3055454,long,1838.64,1838.1927691714704,loss,-7.772308285296549,4.4723082852962035,1
3055455,3055456,3055457,long,1838.71,1838.26352266189,loss,-7.764773381100713,4.464773381100247,1
3056630,3056631,3056633,long,1823.08,1822.5688076711795,loss,-8.411923288204708,5.1119232882043635,2
3057646,3057647,3057653,short,1794.45,1794.8485951458013,loss,-7.285951458012096,3.9859514580112645,6
3057657,3057658,3057659,short,1793.84,1794.2524093034006,loss,-7.424093034006364,4.124093034007157,1
3058175,3058176,3058176,short,1797.19,1796.5154988534653,win,3.4450114653479433,4.16873390936155,0
3058176,3058177,3058177,short,1796.34,1796.7803556104152,loss,-7.7035561041528124,4.403556104153895,0
3058203,3058204,3058204,long,1797.91,1798.6448576046644,win,4.0485760466428475,4.541765170977594,0
3059367,3059368,3059370,long,1810.95,1810.6985423694734,loss,-5.814576305266018,2.5145763052670946,2
3059394,3059395,3059396,long,1811.11,1811.44817811745,win,0.08178117450070221,2.090099613411614,1
3060874,3060875,3060891,long,1839.51,1840.310510935611,win,4.705109356111007,4.9475335946293715,16
3062973,3062974,3062975,long,1842.94,1842.5089931550006,loss,-7.610068449995015,4.310068449995454,1
3063016,3063017,3063022,long,1843.37,1844.0298247833514,win,3.298247833514961,4.078027091171065,5
3063623,3063624,3063629,long,1837.46,1837.9605426904143,win,1.705426904142496,3.0935889395192264,5
3063859,3063860,3063861,short,1841.69,1842.0237526606334,loss,-6.637526606333085,3.3375266063340425,1
3064323,3064324,3064325,long,1827.15,1826.1998544007408,loss,-12.801455992592583,9.501455992593103,1
3064530,3064531,3064538,short,1825.93,1825.540986375263,win,0.5901362473711744,2.4042869266812823,7
3067501,3067502,3067504,short,1822.39,1821.7312256008902,win,3.28774399109916,4.071535223176315,2
3068281,3068282,3068283,long,1795.31,1796.026717446952,win,3.8671744695208874,4.429650475599855,1
3069305,3069306,3069315,long,1780.85,1779.2397340059288,loss,-19.40265994071142,16.102659940711796,9
3071429,3071430,3071433,short,1768.2,1767.5138198432355,win,3.561801567645216,4.240915678395935,3
3071786,3071787,3071787,short,1773.17,1772.3079438666268,win,5.32056133373244,5.3279118255456925,0
3071904,3071905,3071905,short,1771.32,1770.5258218993017,win,4.641781006982183,4.908393700235887,0
3071905,3071906,3071911,short,1770.34,1769.5073627612398,win,5.026372387600714,5.146089238319896,5
3073178,3073179,3073187,long,1797.01,1797.8004712812294,win,4.604712812294292,4.885483814767889,8
3073187,3073188,3073193,long,1797.7,1797.2366690628598,loss,-7.933309371401992,4.633309371403069,5
3073494,3073495,3073506,long,1809.82,1808.9425052686686,loss,-12.074947313313533,8.7749473133132,11
3074720,3074721,3074721,short,1808.25,1806.8904598788995,win,10.295401211005082,8.402596545738277,0
3075001,3075002,3075003,short,1806.24,1805.4870987546285,win,4.229012453715041,4.653283345929944,1
3075167,3075168,3075199,short,1804.99,1805.3148938859038,loss,-6.54893885903748,3.2489388590367967,31
3076026,3076027,3076040,short,1807.8,1806.8688187729097,win,6.01181227090292,5.75513737385811,13
3077202,3077203,3077205,long,1790.75,1792.1331504513028,win,10.531504513027539,8.548519476531494,2
3077521,3077522,3077524,long,1783.03,1785.6999912752408,win,23.39991275240818,16.50180021780507,2
3077524,3077525,3077527,long,1785.78,1784.1066839246039,loss,-20.033160753960875,16.733160753961958,2
3077907,3077908,3077909,short,1770.63,1769.1759283186407,win,11.240716813594371,8.986845991096214,1
3077909,3077910,3077910,short,1769.47,1770.3665846703943,loss,-12.265846703943044,8.965846703942248,0
3078458,3078459,3078459,short,1761.5,1762.4532941439443,loss,-12.832941439442767,9.532941439442329,0
3078661,3078662,3078678,long,1765.7,1764.840019492349,loss,-11.899805076510166,8.59980507651082,16
3082388,3082389,3082389,short,1734.54,1734.7735159137992,loss,-5.635159137992377,2.335159137992068,0
3083380,3083381,3083387,short,1714.6,1715.0042016501225,loss,-7.342016501225589,4.042016501225902,6
3083907,3083908,3083916,long,1717.79,1718.9487941581112,win,8.287941581112772,7.1618922009345685,8
3084377,3084378,3084382,long,1715.67,1714.38193311145,loss,-16.1806688855002,12.880668885500768,4
3084393,3084394,3084403,short,1712.63,1710.3407245161054,win,19.592754838946984,14.148797799102399,9
3086098,3086099,3086099,short,1698.01,1698.4041175724317,loss,-7.241175724316963,3.9411757243179606,0
3086101,3086102,3086102,short,1697.88,1698.275009240844,loss,-7.250092408438195,3.950092408437956,0
3086797,3086798,3086800,long,1691.7,1691.1429412308162,loss,-8.870587691838683,5.570587691837574,2
3087315,3087316,3087332,short,1680.86,1681.367881499512,loss,-8.378814995119956,5.0788149951208315,16
3087562,3087563,3087567,long,1685.09,1684.7861395390796,loss,-6.338604609203048,3.0386046092019603,4
3088164,3088165,3088170,long,1703.88,1703.2923454141524,loss,-9.176545858477585,5.876545858477514,5
3088480,3088481,3088482,long,1719.06,1717.7201937678155,loss,-16.69806232184401,13.39806232184412,1
3088799,3088800,3088802,short,1717.22,1716.693806681143,win,1.9619331885694011,3.2521218717978595,2
3088987,3088988,3088994,short,1715.92,1716.4211943086636,loss,-8.311943086635711,5.011943086636046,6
3090008,3090009,3090011,long,1720.36,1719.8542094310367,loss,-8.357905689632208,5.057905689632691,2
3090820,3090821,3090822,long,1738.15,1737.470682639961,loss,-10.09317360039022,6.793173600390477,1
3092766,3092767,3092767,long,1720.23,1721.3598030932767,win,7.9980309327667785,6.982713802699115,0
3093847,3093848,3093848,short,1729.38,1730.3884243685873,loss,-13.38424368587157,10.084243685872064,0
3093853,3093854,3093855,long,1732.8,1731.77219297105,loss,-13.578070289500648,10.278070289500677,1
3093868,3093869,3093871,long,1733.0,1731.895967077642,loss,-14.340329223581012,11.040329223581399,2
3095267,3095268,3095269,short,1731.97,1730.4380816689636,win,12.019183310364223,9.467974851893919,1
3095870,3095871,3095873,short,1730.66,1730.992153057758,loss,-6.621530577579779,3.321530577580182,2
3095882,3095883,3095887,long,1731.57,1731.2342721540092,loss,-6.65727845990732,3.3572784599070085,4
3096397,3096398,3096398,long,1735.39,1736.1395736733139,win,4.195736733137619,4.632717387600995,0
3096853,3096854,3096855,short,1727.29,1727.7516581971051,loss,-7.916581971051801,4.6165819710513745,1
3096870,3096871,3096871,long,1728.13,1727.6980733910925,loss,-7.619266089075881,4.3192660890757395,0
3099163,3099164,3099168,short,1743.09,1742.202391379382,win,5.576086206178116,5.485838199120912,4
3099472,3099473,3099474,long,1736.61,1737.9898957094356,win,10.498957094356864,8.528403642989257,1
3099482,3099483,3099495,short,1735.05,1735.9009983454916,loss,-11.809983454916892,8.509983454917561,12
3099534,3099535,3099537,long,1736.8,1737.760284383996,win,6.302843839959405,5.9350085537455355,2
3099602,3099603,3099613,long,1740.54,1741.4448370467464,win,5.748370467464793,5.592317965059235,10
3099706,3099707,3099713,long,1743.27,1742.942554196099,loss,-6.574458039009005,3.2744580390090117,6
3100784,3100785,3100788,long,1733.11,1734.5236954604998,win,10.836954604998663,8.73730198084005,3
3101585,3101586,3101591,long,1734.98,1735.5137381533932,win,2.0373815339318755,3.298752493158895,5
3102510,3102511,3102512,long,1727.3,1726.9234215261827,loss,-7.065784738172897,3.7657847381725404,1
3102515,3102516,3102518,long,1727.64,1728.2693750434617,win,2.993750434615504,3.8898333959302804,2
3102580,3102581,3102585,short,1727.26,1727.560957804528,loss,-6.30957804528025,3.009578045279585,4
3103241,3103242,3103242,short,1728.25,1728.7875750322974,loss,-8.675750322973546,5.375750322974155,0
3103247,3103248,3103250,long,1729.91,1729.352888940529,loss,-8.871110594710263,5.571110594710702,2
3103259,3103260,3103270,long,1730.16,1730.9863168360382,win,4.963168360381315,5.107026180705827,10
3104702,3104703,3104704,long,1732.31,1731.9426452283008,loss,-6.973547716991834,3.6735477169929487,1
3104712,3104713,3104717,short,1731.64,1731.066006611,win,2.439933890001794,3.547548757726,4
3104717,3104718,3104718,short,1731.14,1731.5021566931064,loss,-6.921566931062716,3.6215669310634926,0
3105110,3105111,3105113,short,1730.76,1729.9367500628364,win,4.932499371636095,5.08807130508967,2
3105955,3105956,3105957,short,1726.97,1726.2858159358766,win,3.541840641234285,4.228578888278807,1
3106064,3106065,3106066,long,1728.06,1728.7368765905026,win,3.4687659050261574,4.183415268866411,1
3106325,3106326,3106329,long,1727.78,1729.0647740007043,win,9.547740007043739,7.940506802870725,3
3106849,3106850,3106851,short,1730.69,1730.9548509771262,loss,-5.94850977126116,2.6485097712615406,1
3106859,3106860,3106860,long,1731.53,1731.2722855516279,loss,-5.877144483720985,2.5771444837215323,0
3107298,3107299,3107303,long,1727.18,1726.6255805141268,loss,-8.844194858732681,5.544194858731841,4
3107826,3107827,3107828,long,1712.06,1711.5729669337065,loss,-8.170330662934067,4.870330662934225,1
3108020,3108021,3108022,long,1711.02,1710.686984228468,loss,-6.630157715320183,3.3301577153213127,1
3108031,3108032,3108033,short,1710.09,1710.413828440767,loss,-6.538284407671017,3.2382844076702026,1
3108050,3108051,3108052,long,1710.9,1711.384731911212,win,1.5473191121183847,2.995870897477714,1
3108266,3108267,3108275,long,1712.03,1712.7492296879784,win,3.892296879784408,4.445177305182278,8
3109301,3109302,3109312,short,1684.93,1684.2442380061482,win,3.5576199385188376,4.238331235178947,10
3109879,3109880,3109887,long,1679.72,1679.3529591923736,loss,-6.970408076263811,3.670408076262933,7
3109892,3109893,3109901,short,1679.05,1679.366389620752,loss,-6.463896207520338,3.163896207520096,8
3111506,3111507,3111510,short,1718.14,1718.6554559510544,loss,-8.45455951054264,5.154559510543493,3
3111520,3111521,3111523,long,1718.97,1718.4789772933163,loss,-8.210227066836797,4.9102270668368835,2
3111960,3111961,3111975,short,1728.07,1726.899024453359,win,8.40975546640875,7.237178903837919,14
3112322,3112323,3112324,short,1727.91,1728.3849792553517,loss,-8.049792553516273,4.749792553515808,1
3112336,3112337,3112339,long,1728.93,1728.5246901488852,loss,-7.353098511149073,4.053098511148956,2
3112354,3112355,3112356,long,1729.3,1728.9628631085698,loss,-6.671368914301911,3.3713689143022627,1
3113209,3113210,3113219,long,1725.79,1727.230911976349,win,11.109119763490707,8.90551283281284,9
3113618,3113619,3113629,long,1728.07,1727.8631245695447,loss,-5.36875430455284,2.068754304553576,10
3114421,3114422,3114423,long,1732.85,1732.4625216125112,loss,-7.174783874887271,3.874783874887258,1
3114728,3114729,3114733,short,1743.66,1744.126136377285,loss,-7.961363772850109,4.661363772849006,4
3115616,3115617,3115622,long,1741.14,1740.6023310119897,loss,-8.676689880104096,5.376689880104443,5
3115626,3115627,3115628,short,1739.56,1738.7542777421802,win,4.757222578197525,4.9797420137197665,1
3116152,3116153,3116153,short,1740.21,1740.5343937075093,loss,-6.543937075092162,3.2439370750925804,0
3116156,3116157,3116161,short,1740.01,1740.3543772563978,loss,-6.7437725639782,3.4437725639771153,4
3116580,3116581,3116581,short,1736.12,1735.6810281078676,win,1.089718921322583,2.7130524853657176,0
3117103,3117104,3117104,long,1743.75,1743.307815235807,loss,-7.721847641929162,4.421847641928604,0
3117114,3117115,3117121,short,1743.08,1743.4731008483438,loss,-7.2310084834392,3.931008483438441,6
3117668,3117669,3117671,long,1755.27,1755.0441277085981,loss,-5.5587229140185626,2.2587229140193674,2
3117684,3117685,3117696,short,1754.65,1754.3127184765951,win,0.07281523404954005,2.0845582410695953,11
3119666,3119667,3119667,short,1740.12,1739.4164379678873,win,3.735620321125862,4.348343832587716,0
3119871,3119872,3119875,short,1740.85,1740.2551605199642,win,2.6483948003571642,3.676387392061913,3
3124515,3124516,3124518,short,1765.63,1765.1520854895396,win,1.4791451046055046,2.953736158593676,2
3125582,3125583,3125591,long,1776.65,1778.3444072127568,win,13.644072127566869,10.472232464502987,8
3126950,3126951,3126961,long,1774.61,1776.025492822876,win,10.854928228761036,8.748410524574295,10
3128369,3128370,3128372,long,1776.12,1777.3626866384218,win,9.12686638421901,7.6803871348693304,2
3129404,3129405,3129405,long,1779.3,1778.827431038295,loss,-8.025689617050649,4.725689617050117,0
3129408,3129409,3129410,long,1779.47,1778.9918710626087,loss,-8.081289373913751,4.781289373913221,1
3129412,3129413,3129413,short,1778.64,1777.88054700196,win,4.294529980401603,4.693776254884017,0
3129413,3129414,3129417,short,1777.94,1778.4246453576081,loss,-8.146453576080877,4.846453576080107,3
3129426,3129427,3129431,long,1779.03,1778.5695084873114,loss,-7.904915126885771,4.604915126886701,4
3129548,3129549,3129549,short,1782.29,1782.7560957929418,loss,-7.960957929418146,4.660957929418532,0
3131361,3131362,3131368,long,1782.63,1783.2287257662103,win,2.6872576621023656,3.7004064660702745,6
3133169,3133170,3133171,long,1781.19,1781.0170982262005,loss,-5.029017737995946,1.7290177379954492,1
3133171,3133172,3133172,short,1780.6,1780.7875979807704,loss,-5.1759798077053345,1.8759798077056626,0
3133181,3133182,3133185,short,1780.53,1780.2265064596904,loss,-0.26506459690453976,1.8757326347939254,3
3136530,3136531,3136532,long,1774.52,1773.7616751604025,loss,-10.883248395974352,7.5832483959744845,1
3136536,3136537,3136549,short,1771.82,1772.6028473277254,loss,-11.12847327725449,7.828473277255519,12
3136844,3136845,3136852,long,1781.93,1781.4050318256827,loss,-8.54968174317337,5.249681743174121,7
3137735,3137736,3137736,short,1775.58,1776.036910345248,loss,-7.869103452481613,4.569103452482663,0
3137742,3137743,3137743,long,1777.01,1777.8028041635482,win,4.628041635482259,4.899902123289237,0
3139312,3139313,3139317,short,1768.71,1767.1380430043612,win,12.419569956388568,9.71543260592627,4
3139374,3139375,3139377,long,1768.07,1767.5698121609655,loss,-8.301878390344246,5.0018783903433635,2
3141541,3141542,3141544,short,1785.47,1786.0085172862457,loss,-8.685172862456785,5.3851728624577895,2
3141551,3141552,3141564,short,1785.04,1785.5440872301251,loss,-8.340872301251512,5.04087230125249,12
3142225,3142226,3142228,short,1778.54,1778.9306069875906,loss,-7.206069875906723,3.906069875905728,2
3142347,3142348,3142350,short,1778.95,1778.4836656362447,win,1.3633436375532257,2.8821654125786953,2
3143654,3143655,3143669,long,1785.53,1786.1222611590897,win,2.6226115908973044,3.660452157538352,14
3144089,3144090,3144091,short,1789.34,1788.9011606762526,win,1.088393237472883,2.7122331504783483,1
3144466,3144467,3144468,long,1793.32,1792.9942251260638,loss,-6.557748739360977,3.2577487393609332,1
3144468,3144469,3144469,short,1792.47,1792.816031631688,loss,-6.760316316879925,3.460316316880628,0
3144629,3144630,3144640,short,1792.32,1793.4093210942176,loss,-14.193210942176666,10.893210942175697,10
3144735,3144736,3144739,long,1813.87,1815.257060817373,win,10.570608173731397,8.572687375606199,3
3145073,3145074,3145075,short,1814.13,1814.437386938625,loss,-6.373869386248589,3.073869386249514,1
3145349,3145350,3145355,short,1813.69,1814.1062465259258,loss,-7.462465259257715,4.162465259257906,5
3145719,3145720,3145720,short,1819.18,1819.663879072257,loss,-8.138790722569684,4.838790722570654,0
3145848,3145849,3145851,short,1820.08,1820.3222101209312,loss,-5.722101209313041,2.4221012093121748,2
3145857,3145858,3145867,long,1820.65,1820.404189722434,loss,-5.758102775660791,2.458102775661325,9
3146931,3146932,3146934,short,1836.68,1835.7789767190445,win,5.710232809555419,5.5687471010843845,2
3147109,3147110,3147113,long,1836.35,1835.985830871252,loss,-6.941691287480171,3.6416912874792287,3
3147627,3147628,3147632,long,1837.28,1836.8417778153007,loss,-7.682221846992706,4.3822218469928895,4
3147662,3147663,3147664,short,1836.12,1835.4122940423406,win,3.7770595765930013,4.37395523893224,1
3148239,3148240,3148245,long,1836.29,1836.6435454231075,win,0.2354542310756189,2.1850767806395326,5
3148946,3148947,3148948,long,1835.52,1835.0514453738272,loss,-7.985546261728177,4.685546261729051,1
3148952,3148953,3148962,short,1833.93,1834.4335784041705,loss,-8.33578404170412,5.035784041704012,9
3148969,3148970,3148978,long,1835.14,1834.6558879353015,loss,-8.141120646985929,4.841120646985436,8
3148986,3148987,3148987,short,1834.33,1834.8351785857135,loss,-8.351785857135656,5.0517858571345675,0
3149005,3149006,3149007,short,1834.36,1833.588073437684,win,4.419265623159117,4.770868741136425,1
3150444,3150445,3150446,short,1819.74,1820.3519209122137,loss,-9.419209122136909,6.119209122137879,1
3152199,3152200,3152204,short,1823.15,1823.5242810020118,loss,-7.042810020116849,3.7428100201162082,4
3152681,3152682,3152685,long,1833.98,1833.7007038922366,loss,-6.092961077634572,2.792961077634304,3
3155225,3155226,3155229,long,1870.02,1869.559631205853,loss,-7.903687941469161,4.603687941469574,3
3155382,3155383,3155385,short,1867.98,1868.298030323047,loss,-6.48030323046969,3.1803032304700527,2
3155390,3155391,3155391,short,1867.73,1868.0510721279722,loss,-6.510721279722293,3.2107212797228817,0
3155398,3155399,3155404,long,1868.57,1868.220118803714,loss,-6.798811962858781,3.4988119628589662,5
3155635,3155636,3155653,long,1866.85,1865.8638114615983,loss,-13.161885384016205,9.86188538401538,17
3155906,3155907,3155907,short,1868.54,1868.8255414759353,loss,-6.155414759353607,2.8554147593536006,0
3155908,3155909,3155913,long,1869.39,1869.8783226376993,win,1.5832263769918429,3.018063273790142,4
3158320,3158321,3158322,long,1873.25,1874.8904270329115,win,13.104270329114751,10.138609597722159,1
3158411,3158412,3158414,long,1878.7,1879.8561064940968,win,8.261064940967753,7.145281174886837,2
3159023,3159024,3159027,short,1871.35,1871.75537880792,loss,-7.353788079199876,4.053788079200462,3
3159034,3159035,3159036,short,1870.91,1871.309348783826,loss,-7.293487838258716,3.9934878382590444,1
3159264,3159265,3159267,long,1876.24,1875.8163267966484,loss,-7.536732033516546,4.236732033515839,2
3160153,3160154,3160156,short,1880.6,1880.8575472282653,loss,-5.875472282653663,2.575472282653555,2
3160161,3160162,3160163,long,1881.45,1881.8331696145956,win,0.5316961459554479,2.36816819898328,1
3160355,3160356,3160356,short,1885.73,1886.190706107594,loss,-7.907061075939782,4.6070610759400665,0
3160357,3160358,3160364,short,1885.29,1884.5047290411908,win,4.552709588091784,4.853343379537495,6
3160706,3160707,3160710,short,1881.99,1881.433054395938,win,2.269456040620935,3.4421854391977678,3
3161220,3161221,3161230,short,1883.55,1883.8343118287985,loss,-6.143118287985362,2.84311828798644,9
3161716,3161717,3161721,long,1874.06,1874.9286018785933,win,5.386018785933811,5.368367605645042,4
3161721,3161722,3161731,long,1874.85,1875.6667513887091,win,4.867513887092355,5.047907223172174,9
3162358,3162359,3162360,long,1883.97,1883.2106348279635,loss,-10.89365172036496,7.593651720365574,1
3162363,3162364,3162366,short,1881.94,1882.7183561720235,loss,-11.083561720234503,7.783561720234316,2
3162401,3162402,3162405,long,1883.65,1885.4364615976604,win,14.564615976602635,11.041171802596992,3
3162770,3162771,3162772,short,1898.82,1899.077808523943,loss,-5.878085239431402,2.578085239431834,1
3162892,3162893,3162894,long,1898.82,1898.629190597383,loss,-5.208094026168783,1.9080940261685122,1
3162938,3162939,3162941,short,1898.35,1898.5214301692613,loss,-5.014301692613844,1.714301692613877,2
3163078,3163079,3163080,long,1904.27,1903.6638921022486,loss,-9.361078977513717,6.061078977513759,1
3163188,3163189,3163193,short,1906.34,1906.7411908334107,loss,-7.3119083341073745,4.011908334106827,4
3163194,3163195,3163195,short,1905.94,1905.3067676040669,win,3.032323959331916,3.9136736460639696,0
3163249,3163250,3163253,long,1906.29,1905.9814155300573,loss,-6.385844699426161,3.08584469942725,3
3164210,3164211,3164214,long,1896.49,1896.238560633571,loss,-5.8143936642894,2.5143936642893787,3
3164214,3164215,3164215,short,1895.93,1896.213331166688,loss,-6.133311666879581,2.833311666879047,0
3164239,3164240,3164248,long,1896.34,1896.1260508449363,loss,-5.439491550635739,2.1394915506355683,8
3164252,3164253,3164254,short,1895.87,1896.0890407919562,loss,-5.490407919563313,2.190407919563632,1
3164255,3164256,3164260,long,1896.62,1896.3869521287495,loss,-5.630478712503918,2.3304787125050455,4
3167859,3167860,3167864,long,1905.35,1905.9986837235622,win,3.1868372356227157,4.009170108543039,4
3169217,3169218,3169218,short,1902.34,1902.6414759206175,loss,-6.314759206175768,3.014759206175263,0
3170195,3170196,3170198,short,1896.08,1895.6196158755176,win,1.3038412448228884,2.8453901389506595,2
3170359,3170360,3170362,long,1905.21,1906.4363673958535,win,8.963673958534581,7.579526550391634,2
3170548,3170549,3170552,long,1906.21,1906.707650158001,win,1.6765015800085168,3.0757117305362156,3
3170955,3170956,3170958,long,1908.14,1907.9650251786666,loss,-5.049748213335351,1.7497482133356703,2
3172281,3172282,3172283,short,1871.48,1871.2407466914253,loss,-0.9074669142531091,1.4786978280271257,1
3173219,3173220,3173222,short,1893.06,1893.5592713997617,loss,-8.292713997617103,4.992713997617268,2
3173224,3173225,3173249,short,1892.78,1891.9718304963108,win,4.781695036892143,4.994867142701728,24
3174620,3174621,3174624,long,1895.37,1895.0907450734255,loss,-6.092549265743673,2.7925492657435305,3
3175396,3175397,3175398,short,1896.04,1896.405679542441,loss,-6.956795424410575,3.656795424411652,1
3178388,3178389,3178391,long,1880.37,1879.9648386028073,loss,-7.351613971926144,4.051613971925738,2
3178393,3178394,3178398,short,1879.09,1878.3913516174784,win,3.686483825214691,4.317975170095685,4
3179532,3179533,3179533,long,1901.81,1901.3322268156855,loss,-8.077731843144011,4.77773184314296,0
3179740,3179741,3179743,long,1893.05,1893.6836037439452,win,3.0360374394528664,3.9159687512076524,2
3182617,3182618,3182620,short,1864.95,1865.8135350669077,loss,-11.935350669076161,8.635350669075045,2
3182635,3182636,3182642,long,1866.62,1865.761696978902,loss,-11.883030210979815,8.58303021097949,6
3182723,3182724,3182741,long,1860.9,1860.3385263468278,loss,-8.91473653172243,5.61473653172281,17
3186601,3186602,3186604,short,1791.55,1792.0185576205185,loss,-7.985576205185953,4.685576205185193,2
3186671,3186672,3186674,short,1791.76,1792.4746112576688,loss,-10.446112576688211,7.146112576688031,2
3186759,3186760,3186763,short,1773.02,1774.5782784031046,loss,-18.88278403104623,15.582784031047199,3
3186895,3186896,3186916,short,1774.73,1775.657847632908,loss,-12.578476329079695,9.278476329079304,20
3187385,3187386,3187389,long,1772.46,1771.8431934372768,loss,-9.46806562723241,6.168065627232365,3
3187390,3187391,3187393,long,1772.96,1772.3369592792358,loss,-9.530407207642657,6.230407207643298,2
3187533,3187534,3187535,short,1773.96,1773.389368670993,win,2.406313290070284,3.5267696477572508,1
3187965,3187966,3187966,short,1782.56,1783.0858848240157,loss,-8.558848240157477,5.258848240157093,0
3187969,3187970,3187971,short,1782.52,1783.0581320120862,loss,-8.681320120861802,5.381320120860861,1
3187976,3187977,3187977,short,1782.2,1782.7147724192757,loss,-8.44772419275687,5.147724192756194,0
3188325,3188326,3188327,short,1782.37,1782.7078613265592,loss,-6.678613265592776,3.3786132655935255,1
3188328,3188329,3188338,long,1783.12,1782.779927587466,loss,-6.700724125338001,3.4007241253372165,9
3189169,3189170,3189171,long,1778.45,1777.8720128503396,loss,-9.079871496604301,5.779871496603306,1
3189970,3189971,3189971,long,1779.35,1779.145785577617,loss,-5.342144223828472,2.042144223827449,0
3189995,3189996,3189999,long,1779.25,1779.042440764352,loss,-5.375592356479774,2.0755923564799064,3
3191838,3191839,3191839,short,1775.37,1775.9187091789004,loss,-8.787091789004808,5.487091789004337,0
3193327,3193328,3193329,long,1783.34,1782.9389898381191,loss,-7.310101618807766,4.010101618807684,1
3196375,3196376,3196378,long,1755.88,1755.0696799725774,loss,-11.403200274226766,8.103200274226882,2
3198278,3198279,3198284,short,1767.39,1766.9655599729151,win,0.9444002708498376,2.623238733529315,5
3198367,3198368,3198372,long,1771.76,1772.3966212826176,win,3.066212826176252,3.934618557587856,4
3198681,3198682,3198686,short,1776.21,1776.774698815976,loss,-8.94698815976044,5.646988159760535,4
3198805,3198806,3198806,long,1774.63,1774.1551784763103,loss,-8.048215236897978,4.748215236897337,0
3199228,3199229,3199231,short,1769.79,1769.0723939344252,win,3.8760606557472785,4.435142556085483,2
3200523,3200524,3200526,long,1784.11,1785.3494875019235,win,9.094875019235769,7.660614968625792,2
3200622,3200623,3200623,short,1781.45,1781.7970515581876,loss,-6.770515581875588,3.470515581875163,0
3201115,3201116,3201117,long,1788.02,1787.7559174924695,loss,-5.940825075304747,2.640825075303886,1
3201135,3201136,3201137,short,1787.31,1786.934507384626,win,0.45492615374014367,2.3207207377880925,1
3202483,3202484,3202484,long,1806.33,1805.7827942122676,loss,-8.772057877323096,5.472057877322136,0
3202520,3202521,3202529,long,1806.93,1807.8085690451762,win,5.485690451761639,5.4299693768612896,8
3202892,3202893,3202899,long,1810.58,1809.4862733195357,loss,-14.23726680464215,10.93726680464107,6
3203257,3203258,3203258,short,1796.49,1796.8151035006417,loss,-6.551035006417169,3.251035006417,0
3203266,3203267,3203271,short,1796.33,1796.618638908054,loss,-6.186389080540539,2.886389080540364,4
3204013,3204014,3204015,long,1805.1,1805.7608325095844,win,3.3083250958445207,4.084255312635243,1
3204963,3204964,3204966,short,1798.91,1798.1648196840479,win,4.151803159522115,4.605564375477522,2
3207883,3207884,3207888,short,1800.46,1799.7361303249074,win,3.9386967509260105,4.47385460502203,4
3210990,3210991,3210991,short,1816.51,1817.0070007831093,loss,-8.270007831093427,4.970007831093569,0
3211077,3211078,3211079,short,1825.93,1826.7965624365372,loss,-11.965624365371514,8.665624365372503,1
3211080,3211081,3211081,short,1825.72,1826.5966083028072,loss,-12.06608302807199,8.766083028072549,0
3211178,3211179,3211180,long,1822.14,1821.3800230330978,loss,-10.899769669022863,7.599769669021772,1
3211182,3211183,3211187,long,1822.25,1823.4328567842188,win,8.528567842187567,7.310610532872164,4
3212557,3212558,3212558,long,1823.26,1822.5149304566025,loss,-10.750695433974489,7.450695433974134,0
3212807,3212808,3212808,short,1828.22,1828.4882820464109,loss,-5.982820464108317,2.6828204641090783,0
3212811,3212812,3212812,long,1829.26,1829.7086240293645,win,1.1862402936450964,2.7727072272224538,0
3213845,3213846,3213846,long,1824.7,1826.1935586600362,win,11.635586600361147,9.230894066972594,0
3214258,3214259,3214260,long,1811.73,1811.3963191708394,loss,-6.636808291605848,3.3368082916049304,1
3215413,3215414,3215418,short,1808.06,1807.400085926859,win,3.2991407314095342,4.07857894401036,4
3215471,3215472,3215472,long,1807.94,1807.6434474890566,loss,-6.265525109434566,2.9655251094337154,0
3215501,3215502,3215510,short,1807.42,1807.0307486471054,win,0.5925135289468928,2.4057561983597746,8
3216010,3216011,3216018,long,1817.11,1817.4680285908091,win,0.2802859080922646,2.21278486285115,7
3216791,3216792,3216799,short,1810.92,1810.3772401276728,win,2.12759872327224,3.3545109538149824,7
3217798,3217799,3217799,short,1800.78,1801.2849880711744,loss,-8.349880711744664,5.049880711744824,0
3217984,3217985,3217987,short,1801.97,1802.9054484211867,loss,-12.654484211867203,9.354484211868144,2
3218100,3218101,3218109,short,1803.57,1802.9786156345835,win,2.613843654163884,3.6550331607929385,8
3219075,3219076,3219083,short,1796.69,1795.9814829302134,win,3.785170697866943,4.378968292871899,7
3219393,3219394,3219399,long,1804.25,1805.0975659866665,win,5.175659866664955,5.238355912647852,5
3219540,3219541,3219549,long,1805.4,1805.962195042327,win,2.321950423269482,3.4746294334178396,8
3222996,3222997,3223001,long,1795.4,1796.2513807031776,win,5.213807031774832,5.261932652518602,4
3224805,3224806,3224814,long,1797.68,1798.845252226044,win,8.352522260440036,7.201806094215346,8
3224936,3224937,3224940,long,1801.01,1800.838020132002,loss,-5.019798679980613,1.7197986799796083,3
3224946,3224947,3224947,long,1801.09,1801.3607331636435,loss,-0.5926683635637344,1.6732581189346247,0
3225777,3225778,3225780,short,1818.2,1817.370212408062,win,4.997875919381568,5.128477082435921,2
3226111,3226112,3226113,long,1825.51,1824.6542321195782,loss,-11.857678804218086,8.557678804218765,1
3226115,3226116,3226117,long,1825.73,1824.9126434928476,loss,-11.473565071524536,8.173565071523567,1
3226129,3226130,3226138,long,1826.27,1827.6064253471625,win,10.064253471625033,8.259736385429232,8
3226184,3226185,3226200,short,1827.15,1826.2031607168333,win,6.168392831668098,5.851911515246586,15
3226397,3226398,3226400,long,1831.18,1830.9093965172501,loss,-6.006034827499479,2.706034827499543,2
3227957,3227958,3227964,short,1813.42,1813.6565742400867,loss,-5.665742400866111,2.365742400866844,6
3231068,3231069,3231079,long,1812.67,1812.9195288632125,loss,-0.8047113678760978,1.5422055822766938,10
3231426,3231427,3231427,short,1813.22,1813.4313508168839,loss,-5.413508168838507,2.1135081688375337,0
3231994,3231995,3231997,short,1811.69,1811.8561780415046,loss,-4.961780415045086,1.6617804150444684,2
3233257,3233258,3233267,short,1804.0,1803.5528602667341,win,1.1713973326588532,2.763533580135368,9
3234692,3234693,3234693,short,1763.05,1762.6110504117153,win,1.089495882846859,2.7129146371124757,0
3235390,3235391,3235391,short,1745.66,1746.3498385370463,loss,-10.198385370461711,6.898385370462414,0
3235401,3235402,3235406,short,1744.9,1743.6794036374934,win,8.905963625067397,7.543858853564254,4
3235887,3235888,3235893,short,1725.33,1725.9346720710807,loss,-9.346720710808132,6.046720710807049,5
3235901,3235902,3235903,long,1726.8,1727.7129293097726,win,5.829293097726077,5.64233195162339,1
3236378,3236379,3236382,short,1734.38,1733.7845913661251,win,2.654086338749676,3.6799050301301692,3
3236382,3236383,3236386,short,1733.69,1733.101389298389,win,2.5861070161106,3.637890615642941,3
3238696,3238697,3238698,short,1752.1,1752.5345939054644,loss,-7.645939054644532,4.345939054644684,1
3239324,3239325,3239330,short,1751.79,1751.0748472622952,win,3.8515273770478418,4.419979837483484,5
3239786,3239787,3239787,short,1747.49,1748.3874312195721,loss,-12.274312195721269,8.974312195720746,0
3239791,3239792,3239792,short,1746.28,1744.6357063703674,win,13.14293629632557,10.162506981660421,0
3239876,3239877,3239878,long,1748.29,1747.502746552035,loss,-11.172534479649858,7.872534479650863,1
3240912,3240913,3240914,long,1756.82,1757.3311532895225,win,1.811532895225537,3.1591674259733415,1
3241713,3241714,3241714,short,1778.29,1778.642351885457,loss,-6.823518854569829,3.52351885456917,0
3241718,3241719,3241724,long,1779.27,1779.8659298484004,win,2.659298484003739,3.6831263807190697,5
3241724,3241725,3241725,long,1780.0,1779.6427561867163,loss,-6.872438132837305,3.5724381328382058,0
3242324,3242325,3242326,short,1775.13,1775.5131672439122,loss,-7.131672439121121,3.8316724391221633,1
3243471,3243472,3243473,short,1790.91,1791.3708364321164,loss,-7.9083643211636625,4.608364321163227,1
3243684,3243685,3243687,short,1793.82,1794.1269019878284,loss,-6.369019878284962,3.0690198782848186,2
3243689,3243690,3243691,long,1794.76,1794.4508011332111,loss,-6.391988667888472,3.091988667888408,1
3244866,3244867,3244868,long,1793.02,1792.5668928268585,loss,-7.831071731414613,4.531071731414073,1
3244997,3244998,3245001,long,1787.91,1787.4874874841814,loss,-7.525125158186529,4.225125158185979,3
3245010,3245011,3245012,long,1788.28,1787.9134382289135,loss,-6.965617710864808,3.6656177108645553,1
3245021,3245022,3245027,long,1788.39,1788.0581662803336,loss,-6.618337196665197,3.3183371966650674,5
3245054,3245055,3245057,short,1787.53,1787.8405452143954,loss,-6.405452143954608,3.1054521439539995,2
3245741,3245742,3245747,long,1787.95,1788.2871824797771,win,0.07182479777084172,2.0839461049270143,5
3245990,3245991,3245997,short,1780.43,1779.7776100237463,win,3.2238997625374397,4.032076491060839,6
3248072,3248073,3248077,long,1781.2,1782.8472608953755,win,13.172608953754388,10.180846077722585,4
3248948,3248949,3248952,short,1785.22,1784.5758350019125,win,3.1416499808748997,3.9812422625920796,3
3249091,3249092,3249092,long,1787.69,1787.2977745285248,loss,-7.222254714752853,3.922254714752399,0
3249518,3249519,3249522,short,1804.17,1803.652170302613,win,1.878296973870147,3.2004307625894377,3
3250868,3250869,3250874,short,1806.05,1805.4881994640682,win,2.318005359317522,3.4721911985895275,5
3251900,3251901,3251905,short,1793.6,1793.9077422769346,loss,-6.377422769347322,3.077422769348177,4
3254068,3254069,3254074,long,1793.77,1794.1233291449332,win,0.23329144933240986,2.183740079933481,5
3254966,3254967,3254969,long,1808.82,1809.9291870478974,win,7.791870478974215,6.855296958575045,2
3256200,3256201,3256203,short,1812.0,1812.815945658011,loss,-11.4594565801106,8.159456580109602,2
3256328,3256329,3256348,short,1809.98,1810.3085093990967,loss,-6.585093990966743,3.2850939909674173,19
3256348,3256349,3256353,long,1810.43,1810.1340041439316,loss,-6.259958560684299,2.9599585606850436,4
3257026,3257027,3257029,long,1815.28,1815.0926468539833,loss,-5.1735314601667595,1.8735314601659196,2
3257202,3257203,3257206,short,1814.84,1815.193830033069,loss,-6.838300330690163,3.5383003306910585,3
3257873,3257874,3257878,short,1814.76,1815.011453028987,loss,-5.814530289870436,2.514530289869526,4
3257881,3257882,3257890,long,1815.31,1815.0772291999363,loss,-5.627708000636903,2.3277080006369877,8
3257892,3257893,3257896,short,1814.94,1815.152037302318,loss,-5.420373023178672,2.120373023177745,3
3257900,3257901,3257902,short,1814.53,1814.7440706986865,loss,-5.440706986865552,2.1407069868661215,1
3258527,3258528,3258531,short,1814.97,1814.2473604085378,win,3.926395914622117,4.466252110396305,3
3258659,3258660,3258662,long,1811.56,1812.1434870189591,win,2.5348701895920387,3.606223850179851,2
3259572,3259573,3259574,long,1815.65,1815.3254872280231,loss,-6.545127719769698,3.2451277197690622,1
3259632,3259633,3259638,long,1813.91,1814.344353139216,win,1.043531392160003,2.6845064228423485,5
3260410,3260411,3260423,short,1810.91,1810.0485361975977,win,5.314638024023407,5.324250941918312,12
3261676,3261677,3261680,short,1821.4,1819.1992020176172,win,18.707979823829373,13.60196528048799,3
3262021,3262022,3262023,short,1829.83,1829.547917255682,loss,-0.4791725568209584,1.7434038585776868,1
3262158,3262159,3262159,short,1828.01,1828.189363714368,loss,-5.093637143680371,1.7936371436795997,0
3262378,3262379,3262380,short,1827.18,1826.814124188504,win,0.3587581149615291,2.2612843726582907,1
3262380,3262381,3262382,short,1826.87,1827.0997990360686,loss,-5.597990360686981,2.2979903606877787,1
3262388,3262389,3262391,short,1826.79,1826.4392818248818,win,0.20718175118117887,2.167603060062228,2
3264372,3264373,3264373,short,1795.58,1795.950054362387,loss,-7.000543623870089,3.7005436238694323,0
3264631,3264632,3264634,long,1795.4,1795.2567851829176,loss,-4.732148170824803,1.4321481708242039,2
3264639,3264640,3264641,short,1794.83,1794.580557420842,loss,-0.8055742084214215,1.5416723062914017,1
3265238,3265239,3265239,short,1798.1,1798.4844721685972,loss,-7.144721685973127,3.844721685972209,0
3265242,3265243,3265270,short,1797.72,1798.1134513241682,loss,-7.234513241681543,3.9345132416819917,27
3266720,3266721,3266722,short,1794.96,1794.5599862144134,win,0.7001378558667968,2.4722730876803127,1
3268747,3268748,3268748,short,1787.69,1787.3452351395283,win,0.14764860471741503,2.1308087791820127,0
3271323,3271324,3271328,long,1803.84,1804.2296735071616,win,0.596735071616604,2.40836531002258,4
3273061,3273062,3273070,short,1795.09,1794.6865090809476,win,0.7349091905227398,2.4937634057613627,8
3273392,3273393,3273393,short,1785.35,1785.80959631899,loss,-7.895963189901795,4.595963189901813,0
3273395,3273396,3273400,short,1784.99,1785.466653768699,loss,-8.066537686989523,4.766537686990107,4
3273992,3273993,3274008,short,1755.46,1755.7888058499695,loss,-6.5880584996951255,3.2880584996959694,15
3275183,3275184,3275184,short,1750.59,1751.5914092115263,loss,-13.314092115263794,10.014092115263354,0
3276247,3276248,3276249,short,1758.82,1758.2683972097498,win,2.216027902501719,3.4091643402356246,1
3276922,3276923,3276926,long,1764.25,1764.1388700703335,loss,-4.411299296665038,1.111299296664417,3
3278133,3278134,3278139,short,1774.99,1774.6348317668808,win,0.25168233119229644,2.195106508771619,5
3279161,3279162,3279162,long,1774.7,1774.1890355243795,loss,-8.409644756205399,5.109644756205065,0
3279747,3279748,3279750,short,1766.75,1766.2725310486355,win,1.4746895136447167,2.950982394094942,2
3280157,3280158,3280158,short,1763.07,1762.2984090679638,win,4.415909320361334,4.768794388356182,0
3281579,3281580,3281595,long,1754.34,1753.8187268077038,loss,-8.512731922961212,5.212731922962345,15
3281691,3281692,3281693,long,1755.26,1754.982719554673,loss,-6.07280445327051,2.772804453271248,1
3281941,3281942,3281944,long,1744.15,1743.1649723067499,loss,-13.150276932502312,9.850276932503213,2
3281946,3281947,3281948,long,1744.48,1746.0920258564304,win,12.82025856430364,9.963076986590227,1
3282581,3282582,3282586,long,1759.38,1759.941697609023,win,2.316976090229855,3.471555061947236,4
3283118,3283119,3283131,long,1749.43,1748.9482285803876,loss,-8.117714196124144,4.817714196124392,12
3284934,3284935,3284940,long,1734.96,1734.6409566404507,loss,-6.490433595493687,3.1904335954930274,5
3284941,3284942,3284942,short,1734.05,1734.3694378630178,loss,-6.494378630178107,3.194378630179163,0
3285035,3285036,3285043,long,1733.59,1733.9809096561096,win,0.6090965610967034,2.4160052911601526,7
3285984,3285985,3285985,short,1736.37,1737.3667544884258,loss,-13.267544884259497,9.967544884260008,0
3285987,3285988,3285990,short,1736.09,1737.1007295008537,loss,-13.407295008538131,10.10729500853902,2
3285994,3285995,3285995,long,1739.62,1738.4709712750412,loss,-14.790287249587255,11.490287249587231,0
3286018,3286019,3286024,short,1736.78,1735.0491170934247,win,14.008829065752888,10.697669385509148,5
3287664,3287665,3287671,long,1756.26,1755.8565844950258,loss,-7.334155049741912,4.03415504974285,6
3288463,3288464,3288465,long,1753.55,1753.005137534566,loss,-8.748624654338801,5.448624654339807,1
3288936,3288937,3288943,short,1760.74,1759.964706459633,win,4.452935403671018,4.791678247016016,6
3289075,3289076,3289084,short,1758.25,1757.78668868876,win,1.3331131123997695,2.8634815280586543,8
3289751,3289752,3289755,short,1753.0,1753.5616137077488,loss,-8.916137077488475,5.616137077487379,3
3292596,3292597,3292598,short,1747.46,1747.9750683244317,loss,-8.450683244316952,5.150683244316155,1
3292881,3292882,3292887,long,1760.41,1759.448945289771,loss,-12.91054710229064,9.610547102291736,5
3292892,3292893,3292897,long,1761.15,1762.5571927401284,win,10.771927401282664,8.69711211451382,4
3293442,3293443,3293445,short,1762.65,1762.9089632333998,loss,-5.889632333997542,2.5896323339971374,2
3294423,3294424,3294432,long,1758.39,1758.8834827687972,win,1.6348276879709376,3.049955307769938,8
3294538,3294539,3294540,long,1756.56,1756.0761812058845,loss,-8.138187941154502,4.838187941155048,1
3295287,3295288,3295289,short,1755.03,1755.428066866185,loss,-7.280668661849904,3.980668661849396,1
3295737,3295738,3295748,long,1758.6,1758.0807224912878,loss,-8.492775087120936,5.192775087120143,10
3297870,3297871,3297874,long,1761.44,1761.0293540757527,loss,-7.4064592424731925,4.106459242472436,3
3297984,3297985,3297986,long,1758.05,1757.6060666103165,loss,-7.739333896834796,4.439333896834052,1
3298445,3298446,3298448,long,1761.24,1760.7701552578037,loss,-7.99844742196301,4.698447421962735,2
3298457,3298458,3298462,short,1760.63,1759.9357043682874,win,3.6429563171274824,4.291073125542802,4
3298479,3298480,3298482,long,1761.22,1760.767987263582,loss,-7.820127364180553,4.520127364179621,2
3298490,3298491,3298497,short,1760.0,1759.3171520264827,win,3.5284797351725503,4.220321220748844,6
3298563,3298564,3298565,short,1758.94,1758.5286682894925,win,0.8133171050751118,2.542223179897755,1
3299236,3299237,3299237,long,1763.22,1762.7968978193871,loss,-7.531021806128865,4.231021806129793,0
3299250,3299251,3299251,short,1761.98,1762.4060282982948,loss,-7.560282982947956,4.260282982947981,0
3299383,3299384,3299384,long,1768.34,1768.8247874917208,win,1.547874917209083,2.9962144111299325,0
3300504,3300505,3300506,long,1790.99,1791.5268430966642,win,2.0684309666414267,3.3179425010143593,1
3300961,3300962,3300968,long,1798.85,1798.0077823640588,loss,-11.72217635941097,8.422176359411553,6
3300970,3300971,3300971,short,1796.94,1797.7849339562501,loss,-11.749339562500882,8.44933956250147,0
3300972,3300973,3300975,short,1796.42,1794.9645573322334,win,11.25442667766647,8.995319331067055,2
3301196,3301197,3301197,short,1796.06,1796.327902961156,loss,-5.979029611560963,2.679029611561643,0
3301204,3301205,3301205,short,1795.96,1796.2441247299103,loss,-6.1412472991021785,2.841247299102595,0
3301210,3301211,3301239,long,1796.67,1797.1536413720519,win,1.536413720518067,2.9891308532254834,28
3301816,3301817,3301818,short,1794.87,1794.6785321599446,loss,-1.3853215994466153,1.1833611869927867,1
3301818,3301819,3301829,short,1794.69,1794.493145360494,loss,-1.3314536049399974,1.2166541378619107,10
3304021,3304022,3304030,short,1765.03,1765.2503904757655,loss,-5.503904757654982,2.20390475765486,8
3304385,3304386,3304388,short,1771.81,1772.124291905392,loss,-6.442919053921105,3.1429190539205885,2
3304391,3304392,3304393,long,1772.72,1773.2210112829348,win,1.7101128293476906,3.0964850614021313,1
3304750,3304751,3304762,short,1781.56,1782.0110682513725,loss,-7.810682513725896,4.510682513726329,11
3304763,3304764,3304765,long,1782.21,1781.7911505359973,loss,-7.488494640027329,4.1884946400266365,1
3304766,3304767,3304781,short,1780.89,1781.333813379983,loss,-7.738133799828847,4.438133799828735,14
3306031,3306032,3306032,short,1775.21,1775.7155049421951,loss,-8.355049421951026,5.0550494219519075,0
3306047,3306048,3306049,long,1776.6,1776.1192176239342,loss,-8.107823760656903,4.807823760656646,1
3306577,3306578,3306582,long,1784.39,1785.08325369539,win,3.632536953900126,4.284633469654264,4
3307875,3307876,3307883,short,1779.63,1780.331970444722,loss,-10.319704447218374,7.019704447218707,7
3308710,3308711,3308711,short,1786.32,1786.6292355341184,loss,-6.392355341184429,3.0923553411834868,0
3308712,3308713,3308717,long,1787.25,1786.9179269531805,loss,-6.620730468194597,3.320730468193587,4
3310395,3310396,3310398,long,1802.14,1802.9111517737492,win,4.411517737491249,4.76608018386345,2
3310449,3310450,3310450,short,1801.74,1802.5558245293307,loss,-11.458245293307119,8.15824529330692,0
3310463,3310464,3310464,long,1803.64,1802.8988649787557,loss,-10.711350212444177,7.411350212444475,0
3310477,3310478,3310478,long,1804.07,1805.1989769796296,win,7.989769796296696,6.9776080323214495,0
3313056,3313057,3313058,long,1787.38,1788.0011381597312,win,2.9113815973111743,3.8389255854825235,1
3315853,3315854,3315857,short,1795.05,1794.5338727710448,win,1.8612722895515619,3.1899087080043724,3
3319012,3319013,3319013,short,1786.38,1786.6145250390873,loss,-5.645250390872024,2.345250390872893,0
3321527,3321528,3321531,short,1795.25,1796.2825109520745,loss,-13.625109520745173,10.325109520745707,3
3323047,3323048,3323050,long,1814.04,1814.8468800539683,win,4.768800539683707,4.986897737752451,2
3324250,3324251,3324252,long,1822.37,1821.6365057245453,loss,-10.63494275454632,7.334942754546276,1
3324254,3324255,3324265,long,1822.48,1821.7890600929,loss,-10.209399071000735,6.90939907100131,10
3324418,3324419,3324420,long,1823.97,1824.5734466019528,win,2.7344660195278268,3.7295834484101666,1
3324494,3324495,3324497,short,1825.47,1825.6494500986262,loss,-5.094500986261482,1.794500986262433,2
3324550,3324551,3324554,short,1825.39,1825.053544354069,win,0.06455645931209819,2.0794539303542647,3
3325035,3325036,3325037,short,1823.11,1823.3238086694003,loss,-5.438086694003505,2.138086694002395,1
3325044,3325045,3325046,long,1823.83,1824.1945633847379,win,0.345633847379486,2.25317295882603,1
3325576,3325577,3325577,long,1829.25,1828.1798687846363,loss,-14.001312153637446,10.701312153636987,0
3325597,3325598,3325598,short,1825.86,1826.8798988379776,loss,-13.498988379777348,10.198988379777445,0
3325601,3325602,3325605,short,1825.29,1823.508144614149,win,14.518553858510312,11.012703250005904,3
3326650,3326651,3326652,short,1825.86,1825.3543069040543,win,1.7569309594561675,3.1254208649302018,1
3331475,3331476,3331476,long,1863.13,1862.9650794615147,loss,-4.949205384853758,1.649205384854124,0
3331924,3331925,3331928,long,1866.78,1866.4025079728365,loss,-7.074920271634983,3.774920271635188,3
3331933,3331934,3331935,short,1865.72,1865.1354331018401,win,2.5456689815989195,3.6128980108768154,1
3332812,3332813,3332822,short,1849.97,1849.6026548946759,win,0.373451053241479,2.2703652986652707,9
3332874,3332875,3332879,long,1850.5,1850.284059453664,loss,-5.459405463360144,2.159405463359331,4
3332887,3332888,3332893,short,1849.9,1850.112810509683,loss,-5.428105096828676,2.1281050968295085,5
3336606,3336607,3336608,short,1859.42,1858.1902384214313,win,8.997615785687412,7.600504193873748,1
3338717,3338718,3338725,short,1807.68,1807.1380820626189,win,2.119179373811858,3.3493074003776626,7
3341950,3341951,3341953,long,1790.88,1791.4532494298264,win,2.432494298263191,3.5429507405829517,2
3342905,3342906,3342913,long,1809.9,1809.0116750859495,loss,-12.183249140505996,8.88324914050506,7
3342922,3342923,3342925,short,1808.99,1809.6952795651328,loss,-10.352795651327416,7.052795651328327,2
3343833,3343834,3343836,short,1794.68,1795.069414249179,loss,-7.194142491790262,3.894142491790389,2
3344023,3344024,3344026,long,1799.06,1798.3608944946216,loss,-10.29105505378384,6.991055053783207,2
3344045,3344046,3344047,short,1797.61,1796.737659148758,win,5.423408512419155,5.391476212867554,1
3344047,3344048,3344058,short,1796.69,1795.795003672343,win,5.649963276570543,5.531497698746027,10
3345044,3345045,3345046,long,1789.0,1788.7730181017594,loss,-5.569818982406377,2.26981898240653,1
3345463,3345464,3345468,short,1796.43,1795.5577844581778,win,5.422155418222428,5.390701741794466,4
3345945,3345946,3345948,long,1775.71,1776.9277492717574,win,8.87749271757384,7.526262495410873,2
3346626,3346627,3346630,short,1786.99,1785.6333161485811,win,10.26683851418893,8.38494345747199,3
3347671,3347672,3347674,long,1781.28,1780.7739334578182,loss,-8.360665421817703,5.060665421817579,2
3347685,3347686,3347687,long,1781.45,1781.0120172379259,loss,-7.679827620741707,4.379827620741408,1
3347687,3347688,3347702,short,1780.18,1780.6460841379358,loss,-7.960841379356952,4.660841379357196,14
3347702,3347703,3347723,long,1781.01,1781.7885334642606,win,4.4853346426059035,4.811702498520099,20
3347759,3347760,3347768,short,1780.38,1779.8292299825182,win,2.2077001748190925,3.404017413362113,8
3348167,3348168,3348169,long,1771.8,1772.5687518149423,win,4.38751814942334,4.751247311139554,1
3350035,3350036,3350037,short,1779.6,1780.1853706701697,loss,-9.15370670169823,5.853706701697628,1
3352554,3352555,3352557,short,1779.06,1779.7885796186838,loss,-10.585796186838525,7.2857961868378505,2
3353117,3353118,3353122,long,1785.58,1786.0948251105015,win,1.8482511050153336,3.1818610043355844,4
3354547,3354548,3354550,short,1783.51,1783.80984336861,loss,-6.29843368610027,2.998433686100999,2
3354630,3354631,3354632,long,1783.59,1783.419454679398,loss,-5.005453206018319,1.705453206018527,1
3354706,3354707,3354712,short,1785.44,1785.644870655221,loss,-5.348706552209296,2.0487065522089534,5
3354715,3354716,3354718,long,1785.98,1785.7917482931819,loss,-5.1825170681816415,1.8825170681817187,2
3354719,3354720,3354721,long,1786.14,1786.4634970293298,loss,-0.06502970670298946,1.9993635928911175,1
3357311,3357312,3357316,short,1785.76,1786.0124287109222,loss,-5.824287109222314,2.5242871092218877,4
3357835,3357836,3357836,long,1788.12,1788.6350619443594,win,1.8506194435955878,3.183324748822413,0
3358319,3358320,3358322,short,1787.58,1787.7739237347243,loss,-5.239237347244216,1.9392373472434767,2
3358335,3358336,3358338,short,1787.34,1787.534191897594,loss,-5.241918975940098,1.9419189759405024,2
3358918,3358919,3358926,short,1787.32,1786.8195941481686,win,1.704058518313741,3.092743212801399,7
3359183,3359184,3359186,short,1784.31,1784.5963498122887,loss,-6.163498122887904,2.863498122887452,2
3359187,3359188,3359190,short,1784.03,1784.3274225758105,loss,-6.274225758105149,2.9742257581048186,2
3359201,3359202,3359204,short,1783.84,1784.1369738620162,loss,-6.269738620163298,2.9697386201624467,2
3360031,3360032,3360032,short,1771.72,1771.306415243337,win,0.835847566631128,2.5561480634312943,0
3360925,3360926,3360926,short,1766.08,1765.571315155906,win,1.7868484409397754,3.1439112737579786,0
3361696,3361697,3361700,long,1785.66,1785.2323546219347,loss,-7.576453780653355,4.276453780654489,3
3361703,3361704,3361705,short,1784.6,1785.0016803630997,loss,-7.316803630997856,4.016803630998103,1
3361707,3361708,3361709,long,1785.82,1785.3750406050156,loss,-7.749593949843802,4.449593949844514,1
3362191,3362192,3362194,short,1796.06,1796.6714153251844,loss,-9.414153251844528,6.114153251844831,2
3362318,3362319,3362323,long,1797.78,1797.4264629481283,loss,-6.835370518716263,3.535370518716916,4
3363130,3363131,3363135,short,1808.29,1807.6015337846857,win,3.5846621531429266,4.255044594031805,4
3363135,3363136,3363148,short,1807.66,1808.0597277858924,loss,-7.297277858923098,3.9972778589222213,12
3364791,3364792,3364793,long,1797.73,1797.065928228542,loss,-9.940717714581115,6.640717714581542,1
3364796,3364797,3364797,short,1795.57,1796.3125062305428,loss,-10.725062305428583,7.425062305428082,0
3364803,3364804,3364808,short,1795.18,1795.9075731217952,loss,-10.575731217951034,7.275731217951287,4
3365340,3365341,3365346,short,1790.58,1790.9049178377704,loss,-6.549178377704993,3.2491783777055514,5
3366377,3366378,3366381,long,1787.11,1787.5808255111262,win,1.4082551112634976,2.909922812893988,3
3366877,3366878,3366880,long,1789.35,1789.689596006624,win,0.09596006624105957,2.098862834512394,2
3367486,3367487,3367489,short,1791.97,1791.2509208306046,win,3.8907916939539975,4.44424702963736,2
3369820,3369821,3369822,short,1809.12,1809.3954472483072,loss,-6.054472483072732,2.754472483072238,1
3369839,3369840,3369854,short,1809.15,1809.3925200857022,loss,-5.7252008570215365,2.425200857021409,14
3370317,3370318,3370321,long,1809.57,1808.973497858388,loss,-9.265021416118362,5.965021416118499,3
3372572,3372573,3372573,long,1807.24,1807.0322839569717,loss,-5.377160430283129,2.0771604302835422,0
3372575,3372576,3372579,long,1807.27,1807.0660092490846,loss,-5.339907509154091,2.0399075091533456,3
3372894,3372895,3372900,long,1796.13,1796.6940070521232,win,2.3400705212308823,3.4858285050870013,5
3374616,3374617,3374619,long,1813.56,1813.1621508714568,loss,-7.278491285431573,3.9784912854326806,2
3374624,3374625,3374625,short,1812.73,1813.099713588674,loss,-6.997135886739033,3.6971358867398343,0
3377341,3377342,3377346,long,1800.14,1799.8206471356414,loss,-6.493528643587342,3.1935286435880963,4
3379569,3379570,3379571,long,1817.5,1817.12678764173,loss,-7.032123582699387,3.732123582698671,1
3379894,3379895,3379896,long,1827.72,1828.8606646597152,win,8.106646597151848,7.049843385137331,1
3380586,3380587,3380592,short,1808.44,1808.0594371682967,win,0.5056283170340068,2.352057056263678,5
3381355,3381356,3381362,long,1791.03,1792.2534921259785,win,8.934921259785096,7.561756032005474,6
3384261,3384262,3384264,long,1801.07,1800.7668889123147,loss,-6.331110876852381,3.031110876852892,2
3387197,3387198,3387203,short,1825.54,1825.2858467652356,loss,-0.7584676523568303,1.5707863706079457,5
3387905,3387906,3387907,long,1822.83,1823.2572634717126,win,0.9726347171264935,2.64068894754413,1
3388103,3388104,3388107,short,1820.47,1819.3491259501438,win,7.908740498561838,6.9275281202487875,3
3390730,3390731,3390739,long,1820.52,1820.1395199118374,loss,-7.104800881625851,3.804800881624879,8
3390902,3390903,3390906,long,1819.05,1818.7960575428865,loss,-5.839424571134532,2.5394245711348207,3
3390915,3390916,3390932,short,1818.65,1818.8615663745277,loss,-5.415663745275924,2.115663745277005,16
3391216,3391217,3391217,long,1820.3,1820.0424217540383,loss,-5.8757824596166754,2.5757824596167653,0
3391219,3391220,3391221,short,1819.79,1819.3616019656918,win,0.9839803430820213,2.6477010773062717,1
3393201,3393202,3393202,short,1818.47,1818.8004693545697,loss,-6.604693545696864,3.3046935456977966,0
3393377,3393378,3393378,short,1823.02,1823.6932232262748,loss,-10.032232262747858,6.732232262747657,0
3393378,3393379,3393379,long,1824.65,1823.922644546405,loss,-10.573554535950098,7.273554535950122,0
3393382,3393383,3393388,long,1825.11,1826.4049798128694,win,9.64979812869542,8.003583515880816,5
3393673,3393674,3393678,short,1841.23,1841.5536927489165,loss,-6.536927489165282,3.236927489166023,4
3393678,3393679,3393680,long,1842.23,1841.8924008082727,loss,-6.675991917273495,3.375991917274098,1
3396161,3396162,3396163,short,1839.91,1838.5841854561118,win,9.958145438883275,8.194156637134045,1
3396652,3396653,3396655,long,1834.05,1833.676029146472,loss,-7.039708535279078,3.739708535278169,2
3399396,3399397,3399398,short,1848.38,1848.093428311644,loss,-0.43428311643838224,1.771147641261304,1
3399489,3399490,3399495,long,1848.16,1848.5740501352975,win,0.8405013529742975,2.5590243219870454,5
3399793,3399794,3399795,short,1846.14,1845.6470005971746,win,1.6299940282548961,3.046967879020288,1
3399965,3399966,3399967,short,1846.14,1845.5337675855735,win,2.7623241442658584,3.746801078038883,1
3402325,3402326,3402331,long,1799.18,1798.979970715855,loss,-5.300292841451028,2.000292841450024,5
3402337,3402338,3402339,short,1798.85,1799.0167310933118,loss,-4.967310933119097,1.6673109331198783,1
3402342,3402343,3402344,short,1798.76,1798.491760823062,loss,-0.6176082306190436,1.6578441096300789,1
3402480,3402481,3402484,short,1797.1,1797.4497841719563,loss,-6.797841719563439,3.4978417195641858,3
3402554,3402555,3402556,long,1797.55,1797.0697089897792,loss,-8.102910102207534,4.802910102207452,1
3402563,3402564,3402571,short,1795.79,1795.0623765814453,win,3.976234185546855,4.497054502809654,7
3403818,3403819,3403819,short,1788.32,1788.5857089845774,loss,-5.9570898457748624,2.657089845774645,0
3403820,3403821,3403821,short,1788.24,1788.5070149519977,loss,-5.970149519976803,2.670149519976977,0
3404186,3404187,3404189,long,1792.14,1791.7005890230396,loss,-7.6941097696051655,4.394109769605883,2
3404195,3404196,3404199,short,1790.69,1791.1580935236536,loss,-7.980935236535788,4.680935236534902,3
3404223,3404224,3404224,long,1792.27,1791.4143699498904,loss,-11.856300501095394,8.556300501095064,0
3405657,3405658,3405659,long,1805.6,1804.8007493640034,loss,-11.292506359964865,7.992506359964324,1
3405669,3405670,3405671,short,1802.45,1800.7087848779286,win,14.112151220714804,10.761527330478817,1
3407157,3407158,3407159,short,1807.47,1808.142778962521,loss,-10.02778962521079,6.727789625210857,1
3407165,3407166,3407167,long,1809.61,1808.9992911966071,loss,-9.40708803392754,6.107088033927864,1
3407176,3407177,3407180,long,1809.66,1809.1472495420576,loss,-8.427504579425023,5.1275045794255165,3
3407594,3407595,3407595,short,1807.08,1807.252492291322,loss,-5.0249229132198705,1.7249229132207518,0
3407608,3407609,3407609,long,1807.69,1807.500603564097,loss,-5.193964359030633,1.893964359030164,0
3408356,3408357,3408360,long,1802.84,1802.0980904147223,loss,-10.719095852776537,7.419095852776826,3
3408405,3408406,3408412,short,1803.02,1801.5810373059319,win,11.089626940680954,8.893465352708182,6
3410407,3410408,3410411,long,1810.76,1810.4699450008795,loss,-6.2005499912045705,2.9005499912046178,3
3411887,3411888,3411893,short,1821.78,1821.5839843314118,loss,-1.3398433141181156,1.2114689035110404,5
3412344,3412345,3412346,long,1818.19,1817.8670766457647,loss,-6.529233542353995,3.22923354235377,1
3412399,3412400,3412406,long,1818.84,1819.576330597006,win,4.063305970061447,4.5508689555384585,6
3412635,3412636,3412642,long,1826.42,1826.9640510219579,win,2.1405102195778456,3.362490865004637,6
3413528,3413529,3413529,short,1826.38,1826.6948882861986,loss,-6.448882861985385,3.1488828619843003,0
3413530,3413531,3413535,short,1826.18,1826.5014859738762,loss,-6.514859738761788,3.214859738761263,4
3414490,3414491,3414495,long,1834.09,1834.49403442748,win,0.7403442748015552,2.4971225431412214,4
3414614,3414615,3414615,long,1834.32,1834.191026921339,loss,-4.589730786609198,1.289730786608338,0
3414631,3414632,3414633,short,1834.09,1834.190647287325,loss,-4.306472873250459,1.0064728732493937,1
3415901,3415902,3415906,long,1825.87,1826.3044421624406,win,1.0444216244074598,2.6850566281879464,4
3416133,3416134,3416134,short,1823.4,1823.6809680447977,loss,-6.109680447976461,2.8096804479759605,0
3416311,3416312,3416316,short,1826.34,1826.7422856801647,loss,-7.322856801648231,4.022856801648829,4
3416324,3416325,3416327,short,1826.21,1825.590204620643,win,2.897953793571287,3.830626572047102,2
3416851,3416852,3416857,long,1840.55,1840.147281341159,loss,-7.327186588409677,4.027186588409292,5
3416858,3416859,3416859,long,1840.94,1841.6476188767313,win,3.776188767312033,4.373417037893248,0
3418565,3418566,3418571,long,1871.31,1871.8184674381505,win,1.7846743815054653,3.1425676029080867,5
3419978,3419979,3419996,short,1851.76,1852.1163172330052,loss,-6.863172330052566,3.563172330052793,17
3420120,3420121,3420125,short,1852.72,1852.8845112167382,loss,-4.945112167382194,1.645112167382032,4
3420126,3420127,3420127,long,1853.02,1852.8554084883792,loss,-4.945915116207561,1.645915116208397,0
3420133,3420134,3420135,short,1852.52,1852.2484726205296,loss,-0.5847262052960103,1.678166745799316,1
3420517,3420518,3420532,long,1855.33,1855.802060356717,win,1.420603567170656,2.91755473867126,14
3422998,3422999,3423001,short,1891.12,1890.4124924656103,win,3.7750753438960603,4.372728889922739,2
3423432,3423433,3423435,long,1898.28,1897.4477589640742,loss,-11.622410359257902,8.322410359257837,2
3424931,3424932,3424933,short,1895.51,1895.7493353514676,loss,-5.693353514676164,2.3933535146753298,1
3425721,3425722,3425727,short,1899.07,1897.9424826404331,win,7.975173595668093,6.968586894726372,5
3426381,3426382,3426387,short,1899.48,1898.865097616586,win,2.8490238341411898,3.8003855588016124,5
3432412,3432413,3432416,short,1906.21,1906.6842217428493,loss,-8.04221742849295,4.742217428493459,3
3432997,3432998,3433001,long,1934.6,1933.7083604639167,loss,-12.216395360831758,8.916395360831105,3
3433004,3433005,3433006,short,1932.26,1930.7970460405795,win,11.329539594204743,9.041742641659521,1
3435641,3435642,3435644,long,1928.94,1927.8744011526933,loss,-13.955988473067737,10.655988473068158,2
3436389,3436390,3436393,long,1939.83,1939.4062822625842,loss,-7.537177374156999,4.237177374156452,3
3436402,3436403,3436403,long,1939.96,1939.5140667879243,loss,-7.759332120757153,4.459332120758067,0
3437178,3437179,3437181,long,1962.2,1963.3953500889224,win,8.65350088922396,7.387825024241638,2
3437416,3437417,3437417,long,1989.68,1988.5502940537917,loss,-14.597059462083326,11.297059462084263,0
3437431,3437432,3437447,long,1988.65,1987.7107127527497,loss,-12.692872472503769,9.39287247250378,15
3437447,3437448,3437449,short,1987.22,1988.1343551260825,loss,-12.443551260824552,9.14355126082449,1
3437450,3437451,3437451,long,1991.07,1990.0344724102515,loss,-13.655275897484263,10.355275897483711,0
3438181,3438182,3438188,short,1981.89,1983.5412489788143,loss,-19.812489788142376,16.512489788141266,6
3439645,3439646,3439646,long,2020.0,2022.6564497071367,win,23.26449707136744,16.41810696623457,0
3440846,3440847,3440847,short,2011.23,2012.9408999108005,loss,-20.408999108004355,17.108999108004532,0
3440879,3440880,3440888,long,2014.18,2016.5703892731588,win,20.603892731586892,14.773728511487203,8
3441264,3441265,3441267,short,1981.89,1983.548415360641,loss,-19.88415360640902,16.584153606409465,2
3441271,3441272,3441276,long,1986.81,1985.184220863215,loss,-19.557791367850133,16.257791367850416,4
3441281,3441282,3441283,short,1982.55,1984.0732120014177,loss,-18.532120014177327,15.232120014177799,1
3442341,3442342,3442345,long,2005.29,2008.2263805696132,win,26.063805696132203,18.148211184259672,3
3442353,3442354,3442354,short,2002.45,1999.5269880125857,win,25.930119874143838,18.06558706683764,0
3444127,3444128,3444128,short,1984.58,1983.36331742813,win,8.866825718700238,7.5196697890607815,0
3444960,3444961,3444964,short,1959.79,1958.3681603231971,win,10.918396768028469,8.787637063058439,3
3446218,3446219,3446220,short,1930.61,1931.6736945288046,loss,-13.936945288047173,10.63694528804736,1
3446375,3446376,3446376,short,1924.86,1923.4601483161885,win,10.698516838114482,8.651740938265434,0
3446376,3446377,3446377,short,1923.9,1924.7958800893587,loss,-12.258800893585704,8.958800893586123,0
3446395,3446396,3446397,long,1926.76,1928.3003043472402,win,12.103043472401804,9.51980437107594,1
3448451,3448452,3448458,short,1926.12,1925.3671637190457,win,4.2283628095417045,4.652881835316721,6
3448466,3448467,3448467,long,1926.86,1926.3729617460588,loss,-8.170382539411367,4.870382539412013,0
3448472,3448473,3448473,long,1926.91,1926.3765781846164,loss,-8.634218153836901,5.334218153836814,0
3449352,3449353,3449355,short,1946.33,1947.2183104969254,loss,-12.183104969254419,8.883104969253331,2
3449358,3449359,3449364,long,1948.59,1947.7304741402118,loss,-11.89525859788164,8.595258597881768,5
3449376,3449377,3449380,short,1945.82,1944.5162680393719,win,9.737319606280561,8.057675900049492,3
3449778,3449779,3449780,long,1942.31,1941.9384932732498,loss,-7.015067267501126,3.715067267501498,1
3450092,3450093,3450093,short,1933.14,1933.5621044137915,loss,-7.521044137914305,4.221044137914718,0
3450540,3450541,3450541,long,1939.81,1938.8722432430118,loss,-12.67756756988165,9.37756756988085,0
3450556,3450557,3450560,long,1940.38,1939.4604926604482,loss,-12.495073395519558,9.1950733955199,3
3451012,3451013,3451028,short,1918.85,1919.5374126757886,loss,-10.174126757886643,6.874126757886987,15
3451028,3451029,3451039,long,1919.7,1920.4957864213175,win,4.657864213174162,4.918333877115996,10
3451375,3451376,3451378,long,1926.66,1927.2576721604314,win,2.6767216043132978,3.693894687461395,2
3453459,3453460,3453460,short,1913.87,1914.8331745926985,loss,-12.931745926985787,9.6317459269862,0
3453467,3453468,3453470,short,1912.78,1911.3180312993827,win,11.319687006172625,9.035653279464446,2
3454134,3454135,3454137,short,1923.08,1922.482312913041,win,2.6768708695901298,3.6939869404135965,2
3455326,3455327,3455331,long,1946.27,1946.8489185530836,win,2.489185530836676,3.5779885851898285,4
3456232,3456233,3456234,short,1960.85,1958.9231300869883,win,15.968699130116146,11.908961143459296,1
3457388,3457389,3457394,long,1951.88,1952.8143855111978,win,6.043855111976609,5.774941354744796,5
3457582,3457583,3457583,long,1953.46,1952.3786590777952,loss,-14.11340922204845,10.813409222048664,0
3457729,3457730,3457731,short,1954.75,1953.8949465042342,win,5.250534957657874,5.284632235883025,1
3459823,3459824,3459825,short,1922.21,1922.6946752009612,loss,-8.14675200961192,4.846752009612986,1
3460265,3460266,3460266,long,1897.95,1900.8794372286968,win,25.9943722869677,18.105298075999784,0
3461481,3461482,3461484,long,1921.25,1922.1920300072857,win,6.120300072856662,5.822187931308146,2
3461685,3461686,3461689,long,1933.46,1932.3876981216551,loss,-14.02301878344888,10.723018783448621,3
3461689,3461690,3461690,long,1934.14,1935.8985561264387,win,14.285561264386342,10.86870288280993,0
3463059,3463060,3463063,long,1941.3,1940.238655717927,loss,-13.913442820729234,10.613442820729944,3
3463093,3463094,3463119,long,1941.29,1943.0913620403473,win,14.71362040347385,11.13326353737587,25
3463351,3463352,3463358,short,1941.29,1940.5890665325514,win,3.709334674485217,4.332098068285175,6
3465095,3465096,3465098,long,1919.16,1919.6717773336413,win,1.8177733364124835,3.16302431175021,2
3468964,3468965,3468965,short,1923.35,1923.6437574933102,loss,-6.237574933102951,2.9375749331040812,0
3468970,3468971,3468976,short,1923.27,1922.7772780315008,win,1.627219684991542,3.0452532045686924,5
3469348,3469349,3469349,short,1920.63,1920.9657202134279,loss,-6.657202134277486,3.3572021342766902,0
3471064,3471065,3471069,short,1932.8,1932.222839347341,win,2.4716065265890395,3.5671239348506383,4
3472332,3472333,3472335,short,1957.19,1957.7720396771085,loss,-9.120396771084689,5.820396771084374,2
3475026,3475027,3475053,long,1975.3,1976.2228294153135,win,5.928294153135721,5.703519254101524,26
3478709,3478710,3478715,long,1976.58,1977.4780872970666,win,5.680872970666951,5.550601341573991,5
3479658,3479659,3479661,short,1955.8,1954.971325513596,win,4.9867448640399745,5.1215975673922305,2
3480287,3480288,3480289,long,1943.46,1944.2123435281994,win,4.223435281993898,4.649836391838235,1
3480289,3480290,3480302,long,1944.26,1945.0366893679814,win,4.46689367981362,4.800305117313599,12
3480404,3480405,3480406,long,1941.47,1940.9191890007141,loss,-8.808109992858864,5.508109992857777,1
3481471,3481472,3481477,long,1955.84,1955.336808152311,loss,-8.331918476888678,5.031918476888629,5
3482175,3482176,3482179,short,1946.05,1944.4339744026004,win,12.860255973995844,9.987797264521962,3
3482609,3482610,3482615,long,1951.99,1951.7080760272463,loss,-6.119239727537024,2.8192397275363223,5
3483064,3483065,3483068,short,1951.39,1950.7495426942144,win,3.104573057857306,3.95832698260582,3
3483212,3483213,3483213,long,1954.0,1953.246076238172,loss,-10.839237618279913,7.53923761827931,0
3483221,3483222,3483228,short,1950.82,1949.3332069820347,win,11.56793017965283,9.189079221046772,6
3483349,3483350,3483352,short,1942.02,1942.5405116230916,loss,-8.505116230915792,5.205116230915312,2
3484183,3484184,3484188,short,1924.84,1923.7414584378073,win,7.685415621926222,6.789502856567378,4
3486947,3486948,3486948,long,1903.7,1903.1109513532274,loss,-9.190486467726533,5.890486467726352,0
3487850,3487851,3487855,short,1886.81,1887.312722305004,loss,-8.327223050039994,5.027223050039195,4
3487867,3487868,3487869,long,1888.54,1889.3587714052387,win,4.887714052387492,5.060391874157927,1
3490027,3490028,3490031,long,1912.35,1913.604882636137,win,9.248826361371538,7.755764129401707,3
3490267,3490268,3490275,long,1916.03,1916.8079117264153,win,4.479117264153683,4.807859866597495,7
3490368,3490369,3490370,short,1908.51,1909.7479561881287,loss,-15.679561881286919,12.379561881287568,1
3490371,3490372,3490372,short,1908.21,1909.4404005512397,loss,-15.604005512396544,12.304005512396214,0
3490378,3490379,3490381,short,1907.39,1908.6340032179555,loss,-15.740032179554238,12.440032179554642,2
3490605,3490606,3490606,long,1908.62,1908.1367557111523,loss,-8.132442888475726,4.8324428884764545,0
3490610,3490611,3490611,long,1908.8,1909.614821278327,win,4.848212783271447,5.0359782344081925,0
3494598,3494599,3494609,long,1867.93,1867.1271946973857,loss,-11.32805302614388,8.028053026143937,10
3494609,3494610,3494622,short,1866.95,1865.8335921272492,win,7.864078727508695,6.899925047904267,12
3495187,3495188,3495189,short,1900.11,1900.5850089644762,loss,-8.050089644762739,4.750089644763205,1
3497220,3497221,3497221,long,1879.93,1882.1457964169574,win,18.85796416957346,13.69466265115841,0
3497483,3497484,3497484,short,1881.82,1882.3364293562738,loss,-8.46429356273875,5.164293562737619,0
3498112,3498113,3498113,short,1870.92,1871.4450547709591,loss,-8.550547709590592,5.2505477095911735,0
3498123,3498124,3498124,short,1870.64,1869.8206818656663,win,4.893181343337983,5.0637709167723495,0
3499439,3499440,3499441,long,1863.24,1864.1816622482838,win,6.116622482838193,5.819915007934734,1
3499441,3499442,3499444,long,1864.19,1863.58993968182,loss,-9.300603181801126,6.000603181800292,2
3499903,3499904,3499908,short,1861.17,1859.6835337376658,win,11.56466262334261,9.187059717763947,4
3500561,3500562,3500562,long,1833.99,1833.5240246270662,loss,-7.959753729338263,4.659753729339031,0
3501150,3501151,3501152,long,1853.6,1853.1966219087606,loss,-7.333780912393467,4.033780912393941,1
3501152,3501153,3501153,long,1853.87,1853.436346402504,loss,-7.636535974960043,4.336535974960622,0
3501160,3501161,3501163,short,1852.31,1851.5552366585841,win,4.247633414158099,4.664791974139179,2
3502537,3502538,3502541,short,1845.51,1844.0600957745476,win,11.199042254524283,8.961089156071353,3
3502831,3502832,3502832,long,1836.47,1835.6635226654366,loss,-11.364773345633967,8.064773345633801,0
3508730,3508731,3508731,short,1814.32,1814.72816585241,loss,-7.3816585241009305,4.0816585241014565,0
3508754,3508755,3508756,long,1815.61,1815.1972814439905,loss,-7.427185560093949,4.127185560093887,1
3509044,3509045,3509049,long,1814.52,1814.0444710992144,loss,-8.055289007855482,4.755289007854528,4
3509056,3509057,3509067,short,1813.56,1812.8973139363334,win,3.326860636665697,4.095711147506972,10
3509484,3509485,3509485,short,1837.23,1835.5630593640115,win,13.36940635988567,10.302476118593795,0
3509683,3509684,3509688,long,1842.51,1842.0048744434444,loss,-8.351255565556404,5.051255565556092,4
3509703,3509704,3509705,short,1842.1,1841.3636412928959,win,4.063587071040456,4.55104268914794,1
3509716,3509717,3509719,long,1843.03,1843.7292374224874,win,3.6923742248738565,4.3216157137668265,2
3509778,3509779,3509780,short,1840.33,1840.802027682286,loss,-8.020276822861252,4.720276822860604,1
3509785,3509786,3509791,long,1841.36,1840.8886524775373,loss,-8.013475224625655,4.713475224626249,5
3509811,3509812,3509814,short,1839.9,1840.450511269211,loss,-8.805112692108015,5.50511269210889,2
3509844,3509845,3509850,long,1841.29,1840.8459794871412,loss,-7.740205128587422,4.4402051285868485,5
3509855,3509856,3509860,long,1841.8,1842.4998365790925,win,3.6983657909256182,4.325318783019389,4
3510002,3510003,3510003,long,1841.99,1841.7954069905795,loss,-5.245930094204868,1.9459300942047244,0
3512216,3512217,3512217,long,1856.39,1855.4162362934087,loss,-13.037637065913987,9.73763706591383,0
3513479,3513480,3513483,long,1859.12,1858.68606899777,loss,-7.639310022298832,4.339310022298257,3
3513964,3513965,3513968,long,1866.37,1866.7603176003117,win,0.6031760031184605,2.4123461082318696,3
3514866,3514867,3514868,long,1856.11,1855.4014954861916,loss,-10.385045138082933,7.085045138082244,1
3515028,3515029,3515032,short,1849.04,1849.6880972475399,loss,-9.780972475399086,6.480972475398096,3
3515044,3515045,3515045,short,1848.46,1849.1272687416256,loss,-9.972687416255486,6.672687416256188,0
3515607,3515608,3515614,short,1851.87,1851.2833620437189,win,2.56637956281038,3.6256981228739606,6
3515845,3515846,3515849,short,1844.05,1843.3002855289806,win,4.1971447101938795,4.633587583556255,3
3516517,3516518,3516520,long,1846.95,1847.5478924212048,win,2.678924212047332,3.69525600250152,2
3520878,3520879,3520879,long,1835.94,1835.3996461380866,loss,-8.703538619134452,5.40353861913384,0
3521727,3521728,3521729,long,1844.04,1843.4325141889435,loss,-9.374858110564492,6.074858110563402,1
3521730,3521731,3521737,long,1844.51,1845.5213131560645,win,6.813131560644888,6.250390334143884,6
3523061,3523062,3523062,short,1865.22,1866.0633421962764,loss,-11.733421962763533,8.433421962764417,0
3523077,3523078,3523079,long,1868.19,1867.4921441353117,loss,-10.278558646883358,6.978558646882311,1
3523475,3523476,3523480,long,1869.29,1869.5261873749873,loss,-0.9381262501263334,1.4597489183391337,4
3525244,3525245,3525249,short,1853.99,1854.3703745783705,loss,-7.103745783704926,3.803745783705913,4
3526387,3526388,3526395,short,1839.78,1840.132949849583,loss,-6.829498495829557,3.529498495829438,7
3527041,3527042,3527043,long,1844.81,1845.809917876309,win,6.69917876309155,6.179962152713618,1
3527165,3527166,3527167,long,1852.02,1851.3874037885575,loss,-9.625962114424329,6.325962114424259,1
3527734,3527735,3527741,long,1849.75,1849.3198473481202,loss,-7.6015265187978,4.301526518797156,6
3528033,3528034,3528037,short,1848.74,1849.134744933404,loss,-7.2474493340389925,3.9474493340398817,3
3529930,3529931,3529932,long,1843.48,1844.3466799007495,win,5.366799007494319,5.35648887978587,1
3532634,3532635,3532641,long,1827.51,1828.9995543858827,win,11.59554385882684,9.206145771833986,6
3533164,3533165,3533168,long,1824.69,1824.1771400869059,loss,-8.428599130941894,5.128599130940996,3
3533180,3533181,3533183,short,1823.41,1823.9418948998473,loss,-8.618948998472025,5.318948998471715,2
3533209,3533210,3533211,long,1825.05,1824.5064974088737,loss,-8.735025911262984,5.435025911263332,1
3533215,3533216,3533218,long,1825.26,1826.090724584258,win,5.007245842579505,5.134268135093041,2
3533587,3533588,3533589,short,1827.8,1828.542305253159,loss,-10.723052531589747,7.423052531589721,1
3533592,3533593,3533593,short,1827.39,1826.1448554837318,win,9.15144516268283,7.695577974464253,0
3533664,3533665,3533665,short,1822.66,1823.3549508504218,loss,-10.249508504217193,6.94950850421634,0
3533674,3533675,3533675,short,1822.36,1823.1066928779107,loss,-10.766928779108458,7.466928779109394,0
3533677,3533678,3533678,short,1821.64,1822.387984345458,loss,-10.779843454580078,7.479843454581144,0
3533852,3533853,3533855,short,1819.28,1820.511849240235,loss,-15.618492402350785,12.318492402350413,2
3533873,3533874,3533877,short,1819.22,1817.6628212954988,win,12.271787045012115,9.624095825099669,3
3534141,3534142,3534142,long,1812.94,1812.299767010485,loss,-9.702329895149706,6.402329895150294,0
3534155,3534156,3534169,short,1810.56,1809.5309544790375,win,6.99045520962427,6.359984678383877,13
3535080,3535081,3535090,long,1825.89,1825.1984795680546,loss,-10.215204319454916,6.915204319453787,9
3536211,3536212,3536213,short,1830.57,1831.148018508352,loss,-9.080185083519883,5.780185083519421,1
3537306,3537307,3537321,short,1845.6,1844.7086646169525,win,5.613353830473625,5.508871341455227,14
3537555,3537556,3537558,short,1845.2,1844.5356275186134,win,3.3437248138663564,4.106134001154069,2
3537886,3537887,3537888,short,1845.45,1846.0341880167427,loss,-9.141880167427008,5.841880167426015,1
3537893,3537894,3537894,long,1847.02,1846.3895086630278,loss,-9.604913369722272,6.30491336972274,0
3537908,3537909,3537910,long,1847.18,1848.1848243798268,win,6.748243798266867,6.210286649114942,1
3538124,3538125,3538127,long,1842.53,1841.5463004471214,loss,-13.136995528785338,9.836995528784561,2
3541660,3541661,3541662,short,1823.7,1824.2705349570138,loss,-9.00534957013706,5.705349570136758,1
3541668,3541669,3541673,long,1824.93,1825.8767703533913,win,6.1677035339123,5.851485496855708,4
3542306,3542307,3542307,short,1837.43,1837.7462238071707,loss,-6.462238071706724,3.1622380717069976,0
3542343,3542344,3542345,short,1837.44,1837.6875051203772,loss,-5.775051203771272,2.4750512037720886,1
3542354,3542355,3542357,short,1837.15,1837.3693071935345,loss,-5.493071935344051,2.19307193534367,2
3542364,3542365,3542373,long,1837.58,1837.8709470369804,loss,-0.3905296301953056,1.7981893509304625,8
3542463,3542464,3542467,short,1837.42,1837.1658415547563,loss,-0.7584155475622536,1.5708185738188,3
3542668,3542669,3542670,long,1834.0,1833.5404798084187,loss,-7.8952019158130495,4.595201915812412,1
3542678,3542679,3542684,short,1832.87,1833.3168665556095,loss,-7.768665556096312,4.468665556097315,5
3542942,3542943,3542943,short,1833.36,1834.028954161866,loss,-9.98954161866168,6.689541618660973,0
3543159,3543160,3543163,short,1828.32,1827.5782632693524,win,4.117367306475171,4.584281400788692,3
3544887,3544888,3544892,short,1826.07,1826.426372242415,loss,-6.86372242415091,3.563722424152014,4
3547889,3547890,3547896,short,1819.1,1819.2953934457094,loss,-5.253934457094419,1.953934457094222,6
3548004,3548005,3548006,long,1819.52,1819.937032979969,win,0.8703297996900803,2.5774597031456716,1
3548294,3548295,3548306,long,1821.63,1821.2733557440501,loss,-6.866442559499592,3.566442559499397,11
3548473,3548474,3548475,short,1815.54,1815.9487653158174,loss,-7.387653158173907,4.087653158173011,1
3548892,3548893,3548900,long,1817.09,1818.214883181724,win,7.9488318172404435,6.952306438344117,7
3549783,3549784,3549790,short,1815.35,1814.5348568592776,win,4.851431407222845,5.03796749519392,6
3551238,3551239,3551239,short,1792.97,1793.4395941259015,loss,-7.995941259014944,4.695941259014834,0
3551670,3551671,3551676,short,1805.1,1803.9366582893194,win,8.3334171068047,7.18999821186996,5
3552854,3552855,3552859,long,1808.87,1808.4384411628419,loss,-7.615588371580361,4.315588371580552,4
3552882,3552883,3552883,long,1808.94,1809.6213367977323,win,3.513367977322287,4.21098144457493,0
3553512,3553513,3553513,long,1811.3,1810.9920476718326,loss,-6.379523281674028,3.0795232816738127,0
3553597,3553598,3553598,long,1811.12,1810.7524435163325,loss,-6.975564836673857,3.6755648366733387,0
3553621,3553622,3553622,short,1810.31,1810.6848959922277,loss,-7.048959922277208,3.7489599222761387,0
3555115,3555116,3555118,long,1769.32,1770.4663025906564,win,8.163025906564325,7.084688446578311,2
3556415,3556416,3556416,long,1745.32,1744.8425987514877,loss,-8.074012485122513,4.774012485122592,0
3556742,3556743,3556745,long,1744.82,1744.1630259383517,loss,-9.869740616482705,6.569740616482645,2
3557547,3557548,3557548,long,1743.37,1742.9870789181696,loss,-7.129210818303181,3.8292108183041873,0
3558817,3558818,3558822,long,1740.16,1741.055627125292,win,5.6562712529186685,5.535396324424699,4
3559114,3559115,3559124,short,1739.65,1739.0121615464461,win,3.078384535539681,3.942141245697778,9
3559216,3559217,3559223,long,1738.22,1737.725488034752,loss,-8.245119652479662,4.945119652480314,6
3559474,3559475,3559479,long,1736.44,1737.6502416019446,win,8.802416019445172,7.479861569496256,4
3563203,3563204,3563206,short,1726.65,1725.6216852728348,win,6.983147271652524,6.3554680294517185,2
3563598,3563599,3563599,short,1710.05,1707.9217459294762,win,17.982540705237806,13.153609830184122,0
3563873,3563874,3563874,long,1707.58,1708.6948909344828,win,7.848909344829008,6.890549656877572,0
3564686,3564687,3564690,short,1702.83,1703.6070447779225,loss,-11.070447779225834,7.770447779225186,3
3564700,3564701,3564708,short,1702.49,1703.1183079555842,loss,-9.583079555842051,6.28307955584294,7
3564741,3564742,3564742,long,1702.88,1702.3284561735024,loss,-8.815438264976638,5.515438264976116,0
3564746,3564747,3564748,long,1703.42,1704.3434386802026,win,5.934386802024801,5.707284797296572,1
3565264,3565265,3565278,short,1704.13,1704.5187450427502,loss,-7.18745042750088,3.887450427499953,13
3565710,3565711,3565711,long,1714.06,1713.7088497522209,loss,-6.8115024777906,3.511502477790259,0
3565715,3565716,3565723,long,1714.33,1714.9204769704277,win,2.604769704277442,3.649425033545513,7
3566047,3566048,3566059,short,1718.29,1718.8448130499307,loss,-8.848130499307718,5.548130499308834,11
3566081,3566082,3566084,long,1719.48,1720.2020856614463,win,3.9208566144627186,4.462828562708988,2
3566583,3566584,3566586,short,1711.72,1712.0942536270277,loss,-7.0425362702765595,3.742536270276741,2
3566588,3566589,3566595,short,1711.44,1710.8365561802075,win,2.734438197925738,3.7295662533530494,6
3567766,3567767,3567769,short,1710.67,1711.5613636426408,loss,-12.213636426407266,8.913636426407118,2
3568182,3568183,3568183,long,1711.68,1711.4944358020743,loss,-5.155641979257143,1.8556419792582772,0
3568790,3568791,3568796,short,1706.93,1707.3660940298578,loss,-7.660940298577134,4.360940298577113,5
3569189,3569190,3569192,short,1708.13,1708.7811363755181,loss,-9.811363755180356,6.511363755181334,2
3569272,3569273,3569274,long,1707.31,1706.9414398417973,loss,-6.985601582026265,3.6856015820260115,1
3569356,3569357,3569360,short,1701.78,1701.0038983616403,win,4.461016383597053,4.796672672186313,3
3570984,3570985,3570986,long,1717.52,1717.8281619212862,loss,-0.21838078713772102,1.904585422040883,1
3572754,3572755,3572756,short,1723.86,1724.2727204704613,loss,-7.427204704614087,4.127204704613751,1
3572763,3572764,3572765,long,1725.24,1725.848759029305,win,2.787590293050198,3.7624167447782395,1
3574598,3574599,3574602,long,1721.04,1720.2222695277417,loss,-11.477304722582904,8.177304722581848,3
3575682,3575683,3575685,short,1722.67,1723.0349144058366,loss,-6.9491440583654365,3.6491440583653527,2
3575689,3575690,3575690,long,1724.02,1723.6397943637683,loss,-7.102056362317216,3.802056362318261,0
3576796,3576797,3576799,long,1736.72,1736.372416116224,loss,-6.775838837759966,3.4758388377590657,2
3576803,3576804,3576805,short,1735.33,1735.682962964708,loss,-6.829629647080128,3.5296296470810016,1
3576810,3576811,3576828,long,1736.74,1737.338518849364,win,2.685188493639271,3.6991276227677647,17
3578360,3578361,3578362,short,1764.84,1763.8845872561885,win,6.254127438113938,5.904899529118399,1
3578362,3578363,3578364,short,1763.82,1762.8528836790827,win,6.371163209172846,5.977233132987171,1
3578423,3578424,3578429,short,1762.5,1761.6313636756743,win,5.386363243257347,5.368580496451149,5
3578678,3578679,3578682,long,1758.34,1757.387709868946,loss,-12.822901310538146,9.522901310538966,3
3578993,3578994,3578994,short,1765.1,1765.4184406531201,loss,-6.484406531202057,3.1844065312016814,0
3578997,3578998,3579002,long,1766.24,1765.893775409941,loss,-6.762245900589096,3.4622459005883086,4
3579451,3579452,3579456,long,1762.03,1761.753149246832,loss,-6.0685075316799155,2.768507531680009,4
3579915,3579916,3579917,short,1771.48,1770.6349181793446,win,5.150818206554232,5.223002599848705,1
3581302,3581303,3581303,long,1779.88,1780.8944404561037,win,6.844404561035572,6.269718517327448,0
3582236,3582237,3582238,short,1768.25,1768.620124744932,loss,-7.001247449318998,3.701247449319332,1
3582247,3582248,3582257,short,1768.22,1767.6141157997283,win,2.758842002717029,3.744648950999792,9
3582433,3582434,3582436,long,1768.05,1767.508508462111,loss,-8.714915378889874,5.414915378889201,2
3582539,3582540,3582541,short,1764.83,1765.2438862489587,loss,-7.438862489587609,4.138862489588395,1
3582545,3582546,3582548,long,1766.09,1765.6774904935555,loss,-7.42509506444394,4.125095064444689,2
3585621,3585622,3585623,long,1776.78,1776.0304234159753,loss,-10.795765840246805,7.495765840246327,1
3585627,3585628,3585633,short,1774.52,1775.2969189320988,loss,-11.069189320988517,7.7691893209880645,5
3586113,3586114,3586120,long,1774.65,1774.2356628997811,loss,-7.443371002189724,4.143371002189067,6
3586177,3586178,3586179,long,1774.99,1774.68721669078,loss,-6.327833092201035,3.027833092201975,1
3586830,3586831,3586831,short,1780.88,1781.5358947056673,loss,-9.858947056671514,6.5589470566714665,0
3591302,3591303,3591305,short,1787.02,1787.3529123706821,loss,-6.629123706821519,3.3291237068213317,2
3591318,3591319,3591321,long,1787.66,1788.1559739903669,win,1.6597399036679237,3.0653522272366907,2
3591321,3591322,3591325,long,1788.27,1787.9524574255706,loss,-6.475425744293534,3.1754257442924025,3
3593260,3593261,3593263,short,1791.42,1790.9088923354109,win,1.811076645891899,3.1588854424548707,2
3593720,3593721,3593723,short,1775.67,1776.3479579975938,loss,-10.07957997593694,6.779579975937291,2
3593728,3593729,3593743,long,1778.25,1779.3627285362004,win,7.8272853620039315,6.877185019779717,14
3595082,3595083,3595086,long,1777.14,1776.2433032426734,loss,-12.266967573267085,8.96696757326602,3
3596475,3596476,3596485,short,1767.06,1765.893445150727,win,8.365548492728703,7.209856917631751,9
3597458,3597459,3597461,long,1763.07,1763.7833259651736,win,3.8332596517368076,4.4086895251769675,2
3598101,3598102,3598105,short,1757.8,1758.1171924062523,loss,-6.471924062523885,3.1719240625227694,3
3598932,3598933,3598933,long,1753.92,1753.520304640941,loss,-7.296953590590237,3.996953590591149,0
3599166,3599167,3599175,short,1754.76,1753.5488886621727,win,8.81111337827333,7.485236945780215,8
3602667,3602668,3602678,long,1745.19,1745.5186797388062,loss,-0.013202611938413433,2.031395171855669,10
3604064,3604065,3604065,short,1755.76,1755.4293548118055,win,0.006451881944667726,2.043542572277393,0
3604468,3604469,3604469,short,1761.79,1762.203280182515,loss,-7.432801825151091,4.132801825150599,0
3604473,3604474,3604478,long,1763.6,1764.291569143214,win,3.6156914321411024,4.274222145946383,4
3604719,3604720,3604721,long,1756.28,1757.3583267180534,win,7.48326718053404,6.664565624557575,1
3604721,3604722,3604722,long,1757.03,1756.3574543651196,loss,-10.025456348804074,6.7254563488050705,0
3604737,3604738,3604753,short,1755.39,1754.4070381581726,win,6.529618418275459,6.075165895102385,15
3604891,3604892,3604897,short,1757.38,1756.8111080008725,win,2.388919991275725,3.516019772111328,5
3606523,3606524,3606526,long,1735.75,1735.2992776991368,loss,-7.8072230086316265,4.507223008630809,2
3607475,3607476,3607478,short,1739.44,1739.9075751372968,loss,-7.975751372967625,4.675751372966937,2
3608577,3608578,3608590,short,1732.57,1731.7995614289832,win,4.404385710167117,4.761672255974772,12
3608861,3608862,3608877,short,1724.62,1723.8331721194384,win,4.568278805615319,4.8629658872771415,15
3609017,3609018,3609020,long,1724.09,1723.8179303600216,loss,-6.020696399783264,2.7206963997836153,2
3610469,3610470,3610474,long,1710.47,1710.9579417948885,win,1.5794179488845659,3.015709486331618,4
3615546,3615547,3615560,short,1702.81,1703.2939663571585,loss,-8.139663571585789,4.839663571585068,13
3615563,3615564,3615573,long,1703.39,1702.9465362567262,loss,-7.734637432739237,4.43463743273977,9
3615713,3615714,3615717,long,1701.11,1701.7588317407226,win,3.188317407226987,4.010084924120945,3
3616196,3616197,3616200,short,1692.27,1691.6825387259455,win,2.5746127405447625,3.630786613438776,3
3616632,3616633,3616636,short,1702.22,1701.4972229309963,win,3.927770690037687,4.467101786178668,3
3617349,3617350,3617352,short,1716.09,1715.5961929214589,win,1.6380707854106733,3.0519596943203844,2
3619234,3619235,3619239,long,1728.41,1727.8757138939557,loss,-8.642861060444194,5.342861060443088,4
3619244,3619245,3619247,short,1726.84,1725.9368275264267,win,5.731724735732496,5.582030120972453,2
3622015,3622016,3622016,short,1726.56,1726.0056613644574,win,2.243386355425355,3.4260731492116596,0
3622329,3622330,3622332,long,1705.65,1705.015922943897,loss,-9.64077056103024,6.340770561029868,2
3623308,3623309,3623309,short,1703.65,1704.1878767626115,loss,-8.678767626114041,5.378767626112908,0
3623311,3623312,3623316,short,1703.59,1704.1206148473048,loss,-8.606148473048325,5.306148473048637,4
3623469,3623470,3623474,long,1704.28,1703.7799625985876,loss,-8.300374014123282,5.000374014122222,4
3623475,3623476,3623476,short,1703.11,1702.278941439584,win,5.010585604158405,5.136332264622621,0
3628126,3628127,3628131,short,1675.34,1675.0806722600478,loss,-0.7067226004785878,1.6027672432141429,4
3629241,3629242,3629242,long,1664.58,1664.196389791978,loss,-7.136102080219916,3.836102080220141,0
3629722,3629723,3629724,short,1664.07,1664.4479899291905,loss,-7.079899291905622,3.779899291905595,1
3629727,3629728,3629729,long,1665.08,1665.69610370575,win,2.8610370574999253,3.8078102951169845,1
3633393,3633394,3633394,long,1647.46,1646.9703487098805,loss,-8.19651290119582,4.89651290119473,0
3633819,3633820,3633822,long,1641.65,1640.8476955601923,loss,-11.323044398078128,8.023044398077944,2
3633861,3633862,3633862,long,1641.17,1640.6630664430975,loss,-8.369335569025953,5.06933556902638,0
3633862,3633863,3633863,long,1641.39,1640.871491850569,loss,-8.485081494309998,5.185081494310839,0
3635234,3635235,3635235,short,1629.59,1629.0369195838475,win,2.2308041615239746,3.4182967623762655,0
3635235,3635236,3635255,short,1629.44,1629.7965044535597,loss,-6.865044535596371,3.5650445355964866,19
3635332,3635333,3635334,long,1631.93,1631.601558583379,loss,-6.584414166209899,3.2844141662103987,1
3635346,3635347,3635347,short,1631.29,1631.6057128071895,loss,-6.45712807189584,3.1571280718963615,0
3635378,3635379,3635381,long,1631.82,1631.522250177656,loss,-6.277498223440307,2.9774982234407354,2
3635966,3635967,3635974,short,1633.76,1632.406253927433,win,10.237460725669916,8.366786604246071,7
3636584,3636585,3636618,long,1624.52,1625.3953245421649,win,5.453245421648899,5.409916824257757,33
3638536,3638537,3638538,short,1649.43,1650.1443591164073,loss,-10.44359116407195,7.143591164072006,1
3638545,3638546,3638553,long,1652.14,1653.4182854650278,win,9.48285465027693,7.900404604620445,7
3640483,3640484,3640487,short,1663.67,1663.9105102415267,loss,-5.705102415266356,2.4051024152668057,3
3640488,3640489,3640490,long,1664.21,1664.614862104867,win,0.7486210486687925,2.502237978163021,1
3640490,3640491,3640492,long,1664.45,1664.1941053988062,loss,-5.858946011938587,2.558946011939304,1
3640512,3640513,3640514,long,1664.57,1664.2813548283855,loss,-6.18645171614462,2.8864517161451233,1
3640567,3640568,3640573,long,1664.73,1665.2971148021495,win,2.371148021494901,3.505035860008899,5
3641002,3641003,3641010,long,1663.99,1665.2115425627853,win,8.915425627853164,7.54970681573194,7
3642500,3642501,3642503,long,1709.57,1710.5398379764722,win,6.398379764722631,5.9940542427214245,2
3644197,3644198,3644200,long,1709.88,1708.9983883671,loss,-12.116116329001034,8.816116329000696,2
3644217,3644218,3644219,long,1708.91,1708.1526169439737,loss,-10.87383056026356,7.573830560262938,1
3644223,3644224,3644228,long,1709.56,1708.8221045085427,loss,-10.67895491457266,7.37895491457305,4
3644746,3644747,3644747,long,1721.18,1721.9440988535919,win,4.340988535918041,4.722489824424672,0
3645042,3645043,3645046,long,1723.83,1723.256020718291,loss,-9.039792817089438,5.739792817090172,3
3645836,3645837,3645837,short,1713.8,1714.1858570170912,loss,-7.158570170912117,3.8585701709115794,0
3648282,3648283,3648286,long,1668.37,1667.59066352789,loss,-11.093364721098897,7.79336472109789,3
3648359,3648360,3648362,short,1667.09,1667.466500245697,loss,-7.06500245697116,3.7650024569722618,2
3648542,3648543,3648543,short,1667.84,1668.209965874912,loss,-6.999658749121681,3.6996587491210446,0
3649194,3649195,3649198,long,1665.93,1667.1792571121168,win,9.192571121167656,7.720995748558829,3
3649198,3649199,3649202,long,1667.44,1668.6713733003157,win,9.013733003156812,7.610465391320613,3
3649825,3649826,3649826,short,1677.53,1677.9685612742958,loss,-7.685612742958074,4.385612742958623,0
3649994,3649995,3649996,short,1665.59,1665.8019117036067,loss,-5.419117036068019,2.119117036067443,1
3650390,3650391,3650405,short,1667.67,1666.9650906963816,win,3.749093036184786,4.356670603328093,14
3651028,3651029,3651031,short,1668.66,1669.3588969012094,loss,-10.288969012093094,6.988969012092094,2
3651078,3651079,3651083,long,1669.2,1668.6359624956783,loss,-8.940375043217319,5.640375043217173,4
3651711,3651712,3651713,short,1669.04,1669.2742227414294,loss,-5.642227414294484,2.3422274142936717,1
3651738,3651739,3651739,long,1669.67,1669.9881495568823,loss,-0.11850443117809828,1.966313701373104,0
3652355,3652356,3652356,long,1650.28,1648.8127700435687,loss,-17.972299564313108,14.67229956431263,0
3652372,3652373,3652375,long,1650.76,1652.844755356463,win,17.547553564631198,12.884767345260718,2
3652918,3652919,3652922,short,1661.06,1660.1728929904405,win,5.57107009559486,5.482738007166856,3
3656261,3656262,3656275,short,1652.69,1653.2070580331592,loss,-8.470580331591737,5.170580331591514,13
3656276,3656277,3656281,long,1654.24,1653.6831604984134,loss,-8.868395015866373,5.568395015865482,4
3657632,3657633,3657640,long,1634.27,1635.36783052059,win,7.678305205899233,6.785108285475244,7
3657664,3657665,3657666,short,1632.41,1631.1681676034486,win,9.118323965514445,7.675107518859147,1
3658047,3658048,3658055,short,1628.51,1627.9692819035924,win,2.107180964075451,3.341891819577456,7
3658057,3658058,3658060,short,1627.79,1628.109462154026,loss,-6.494621540260414,3.1946215402605294,2
3658144,3658145,3658151,long,1629.13,1628.81955924166,loss,-6.404407583400643,3.1044075833999805,6
3658151,3658152,3658155,short,1628.74,1629.010047553634,loss,-6.000475536339581,2.700475536339552,3
3658163,3658164,3658165,short,1628.39,1628.6401255719886,loss,-5.8012557198851935,2.501255719884177,1
3660769,3660770,3660772,long,1653.39,1652.7822886169454,loss,-9.377113830547206,6.07711383054749,2
3661705,3661706,3661709,long,1649.12,1650.2167243911165,win,7.667243911165952,6.778271885763203,3
3661782,3661783,3661784,short,1647.5,1648.4034717299107,loss,-12.334717299107343,9.034717299107879,1
3661937,3661938,3661939,long,1649.75,1648.911383137109,loss,-11.686168628910583,8.386168628910951,1
3662091,3662092,3662103,short,1648.81,1648.2342868644312,win,2.4571313556877614,3.5581775993130615,11
3662511,3662512,3662517,short,1649.43,1648.728407220331,win,3.7159277966899937,4.336172927497238,5
3663307,3663308,3663317,long,1656.54,1657.7623496945157,win,8.92349694515742,7.554695268948193,9
3663602,3663603,3663613,short,1653.0,1652.566379742931,win,1.0362025706892384,2.679976866927914,10
3664891,3664892,3664896,short,1665.64,1665.0335526336223,win,2.76447366377779,3.748129582062295,4
3666457,3666458,3666460,long,1662.27,1661.9824958806776,loss,-6.175041193224206,2.8750411932253366,2
3667430,3667431,3667432,short,1640.86,1639.6231422217932,win,9.068577782067404,7.644362040832254,1
3667613,3667614,3667618,long,1641.66,1641.3386006812234,loss,-6.513993187766846,3.2139931877670933,4
3667633,3667634,3667642,long,1641.77,1641.4417888192881,loss,-6.582111807118326,3.2821118071178073,8
3668970,3668971,3668973,long,1635.97,1635.6744660410525,loss,-6.255339589475443,2.9553395894757895,2
3669763,3669764,3669783,short,1645.95,1646.4779108613568,loss,-8.579108613567588,5.279108613567276,19
3670020,3670021,3670022,short,1652.96,1653.6915697884458,loss,-10.615697884457678,7.3156978844580784,1
3670024,3670025,3670025,short,1652.52,1653.2666040186514,loss,-10.766040186513965,7.466040186513405,0
3671294,3671295,3671297,long,1655.74,1655.29823574863,loss,-7.71764251369932,4.417642513700218,2
3671575,3671576,3671576,long,1646.26,1645.865626499936,loss,-7.243735000639208,3.943735000639834,0
3671579,3671580,3671590,long,1646.49,1646.0937961548416,loss,-7.262038451584249,3.96203845158326,10
3671602,3671603,3671604,long,1646.69,1647.1728094212283,win,1.5280942122823946,2.9839890063544328,1
3673160,3673161,3673175,short,1631.19,1630.6890139128268,win,1.709860871732599,3.096329339760837,14
3674279,3674280,3674302,short,1671.46,1672.357821959782,loss,-12.278219597820499,8.978219597821107,22
3674402,3674403,3674403,short,1672.34,1672.9390787114799,loss,-9.290787114799333,5.990787114799151,0
3674408,3674409,3674426,long,1673.69,1674.6381996549387,win,6.181996549386622,5.860319251784249,17
3674555,3674556,3674566,short,1679.82,1680.2773828761954,loss,-7.873828761954246,4.57382876195486,10
3676275,3676276,3676282,short,1672.89,1673.1133947198925,loss,-5.533947198924397,2.233947198924789,6
3677281,3677282,3677284,long,1712.56,1711.98328111506,loss,-9.067188849399646,5.767188849400015,2
3677298,3677299,3677301,short,1711.1,1711.721932795783,loss,-9.519327957830956,6.219327957830353,2
3677735,3677736,3677736,long,1708.58,1708.2284321149068,loss,-6.815678850931181,3.515678850931177,0
3678163,3678164,3678165,long,1709.58,1709.1278726497117,loss,-7.82127350288265,4.5212735028826305,1
3678172,3678173,3678180,short,1707.87,1708.3806158810821,loss,-8.406158810822308,5.10615881082171,7
3679573,3679574,3679576,long,1708.69,1708.2783564098759,loss,-7.416435901241857,4.116435901241317,2
3680828,3680829,3680834,short,1763.43,1764.2521498597414,loss,-11.521498597413302,8.221498597413174,5
3681275,3681276,3681277,long,1765.44,1766.1855776143775,win,4.155776143774529,4.608019866363204,1
3683616,3683617,3683620,short,1774.72,1773.8694278291086,win,5.205721708913825,5.256935543210562,3
3684452,3684453,3684457,short,1775.59,1776.0063945893783,loss,-7.46394589378342,4.163945893782668,4
3684461,3684462,3684463,short,1774.79,1774.1042324576251,win,3.557675423748333,4.238365527656724,1
3684792,3684793,3684795,long,1778.08,1777.4781773868588,loss,-9.318226131411667,6.018226131411067,2
3685194,3685195,3685198,long,1775.43,1776.8452841348437,win,10.852841348436595,8.747120734510249,3
3686334,3686335,3686338,long,1763.05,1764.008928298275,win,6.28928298274941,5.926627307015046,3
3686633,3686634,3686634,short,1758.23,1757.2992697306554,win,6.007302693446218,5.752350243167572,0
3689058,3689059,3689063,short,1739.78,1740.1503790227764,loss,-7.00379022776433,3.7037902277646504,4
3689114,3689115,3689118,long,1740.75,1740.3584648074623,loss,-7.215351925377308,3.9153519253782556,3
3689303,3689304,3689306,short,1735.53,1736.1683890563525,loss,-9.683890563524802,6.38389056352582,2
3690355,3690356,3690358,long,1747.83,1747.414379926148,loss,-7.4562007385186915,4.156200738519549,2
3690369,3690370,3690375,short,1746.88,1746.2767170412192,win,2.7328295878093742,3.7285720567423066,5
3690474,3690475,3690475,short,1746.84,1747.2794679849658,loss,-7.694679849658587,4.394679849658922,0
3690479,3690480,3690484,short,1746.75,1746.0425620178103,win,3.77437982189731,4.372299024658963,4
3691419,3691420,3691420,long,1734.7,1734.4157530962034,loss,-6.142469037966566,2.842469037965772,0
3691420,3691421,3691421,short,1733.88,1733.3780395330068,win,1.7196046699329601,3.102351464729381,0
3692097,3692098,3692098,short,1742.27,1742.7857156606794,loss,-8.457156606794616,5.157156606795595,0
3692782,3692783,3692785,short,1755.08,1754.699498798349,win,0.5050120165098635,2.351676153591185,2
3693235,3693236,3693236,short,1757.36,1757.6809163405544,loss,-6.509163405545041,3.2091634055445395,0
3693393,3693394,3693396,long,1756.26,1755.8894151711297,loss,-7.005848288702782,3.705848288702694,2
3695742,3695743,3695755,short,1746.7,1745.4706289770638,win,8.993710229362204,7.598090376615067,12
3696030,3696031,3696034,long,1740.58,1741.067751604389,win,1.5775160438913192,3.0145340197101222,3
3696197,3696198,3696203,long,1741.89,1742.3587873318902,win,1.3878733189009838,2.8973259078491678,5
3699268,3699269,3699269,short,1779.21,1779.5195568784836,loss,-6.395568784835905,3.0955687848364266,0
3699536,3699537,3699539,long,1777.53,1778.3525130794678,win,4.925130794678535,5.08351717841671,2
3700751,3700752,3700752,long,1800.3,1799.7780584273678,loss,-8.519415726321586,5.219415726322095,0
3700763,3700764,3700765,long,1800.57,1800.01931005996,loss,-8.806899400400017,5.5068994003993526,1
3700889,3700890,3700892,long,1801.6,1801.0907840084735,loss,-8.392159915263893,5.092159915263683,2
3701093,3701094,3701095,short,1797.73,1798.1283083874268,loss,-7.283083874268232,3.9830838742676344,1
3701245,3701246,3701248,short,1783.25,1781.6812038476623,win,12.387961523376543,9.695897109626953,2
3701412,3701413,3701413,short,1794.76,1795.335316149072,loss,-9.053161490720232,5.75316149072096,0
3701437,3701438,3701441,short,1794.66,1795.1436162943319,loss,-8.13616294331796,4.83616294331709,3
3701467,3701468,3701472,short,1794.59,1793.989748574225,win,2.7025142577501358,3.7098357588067734,4
3702404,3702405,3702407,long,1795.25,1795.9868997263898,win,4.068997263897654,4.55438644245779,2
3702829,3702830,3702832,long,1767.03,1767.6664109032956,win,3.064109032956549,3.9333183145588726,2
3705259,3705260,3705261,long,1778.27,1779.565660575332,win,9.656605753320218,8.007790947664374,1
3707336,3707337,3707338,long,1793.67,1794.3074559878899,win,3.074559878897799,3.9397774282437203,1
3708304,3708305,3708306,short,1797.21,1796.6599168661874,win,2.200831338126773,3.3997721496461146,1
3712079,3712080,3712080,short,1807.78,1808.3141233123486,loss,-8.641233123485836,5.341233123486782,0
3713684,3713685,3713686,short,1777.65,1776.825282563976,win,4.947174360240024,5.09714113735527,1
3714276,3714277,3714278,short,1778.33,1778.6199615679666,loss,-6.199615679666567,2.899615679667476,1
3714748,3714749,3714754,long,1783.44,1784.0934612498882,win,3.234612498880961,4.038697465316237,5
3714815,3714816,3714816,long,1786.25,1785.6051437813642,loss,-9.748562186358232,6.448562186359112,0
3715460,3715461,3715462,long,1795.23,1794.8136167571834,loss,-7.463832428166643,4.16383242816616,1
3716546,3716547,3716555,long,1786.85,1787.3000237673114,win,1.200237673114498,2.7813582652136026,8
3716856,3716857,3716863,short,1785.61,1786.0239487799706,loss,-7.43948779970724,4.139487799706387,6
3717330,3717331,3717332,short,1805.69,1804.8718396665045,win,4.88160333495598,5.056615163754807,1
3720152,3720153,3720154,short,1813.77,1814.1050155673818,loss,-6.65015567381788,3.35015567381719,1
3720156,3720157,3720157,long,1814.66,1815.2245415803282,win,2.3454158032806847,3.4891321404698763,0
3720445,3720446,3720447,short,1795.16,1795.770950104735,loss,-9.409501047349114,6.109501047348429,1
3720449,3720450,3720453,long,1797.25,1796.6191493937322,loss,-9.608506062678135,6.30850606267831,3
3720635,3720636,3720639,long,1787.04,1787.7794284108786,win,4.094284108786451,4.57001490036222,3
3721322,3721323,3721325,short,1796.22,1796.6444606068578,loss,-7.544606068577923,4.244606068578516,2
3721579,3721580,3721586,short,1797.32,1796.7369666743243,win,2.5303332567561485,3.6034198125808463,6
3721619,3721620,3721628,long,1797.75,1798.4742203442242,win,3.9422034422424987,4.476021904969962,8
3723187,3723188,3723189,short,1819.54,1820.122211963666,loss,-9.12211963665941,5.822119636660284,1
3724121,3724122,3724128,short,1799.69,1800.1787312129277,loss,-8.187312129276325,4.887312129275465,6
3729598,3729599,3729602,short,1859.97,1860.5141631055753,loss,-8.741631055753079,5.441631055753769,3
3729976,3729977,3729986,long,1858.7,1859.9537619860848,win,9.237619860847825,7.74883798569136,9
3731647,3731648,3731650,short,1833.02,1832.5889137939234,win,1.0108620607654304,2.6643152415116527,2
3732952,3732953,3732956,short,1868.12,1868.5170654945307,loss,-7.2706549453080695,3.9706549453083673,3
3733301,3733302,3733302,short,1876.73,1877.090018927043,loss,-6.900189270430292,3.6001892704311116,0
3733318,3733319,3733321,long,1877.61,1877.285454347058,loss,-6.5454565294187885,3.2454565294194775,2
3733347,3733348,3733351,short,1876.91,1877.1886965655722,loss,-6.086965655720905,2.7869656557199707,3
3733352,3733353,3733355,short,1876.76,1877.0392441420597,loss,-6.092441420597242,2.7924414205975006,2
3733844,3733845,3733848,short,1873.38,1873.963852192564,loss,-9.138521925638816,5.838521925639753,3
3735047,3735048,3735052,short,1874.76,1875.2833355635755,loss,-8.533355635755289,5.233355635755876,4
3736311,3736312,3736316,long,1883.31,1882.6477620986286,loss,-9.922379013713272,6.62237901371298,4
3736608,3736609,3736627,long,1878.07,1877.45935610282,loss,-9.40643897179898,6.106438971799078,18
3736630,3736631,3736631,short,1877.24,1876.100996488952,win,8.090035110480311,7.039576706106183,0
3736986,3736987,3736987,long,1877.77,1877.4438660832693,loss,-6.561339167306687,3.2613391673063012,0
3736994,3736995,3737008,long,1878.03,1877.7044354091124,loss,-6.555645908875522,3.255645908876102,13
3737194,3737195,3737195,short,1876.6,1876.139697429399,win,1.3030257060101578,2.8448860976580224,0
3737299,3737300,3737305,long,1878.54,1879.1014060344787,win,2.314060344787504,3.469752994305825,5
3737480,3737481,3737481,short,1882.9,1883.15417896552,loss,-5.841789655199409,2.5417896551986674,0
3737542,3737543,3737550,short,1883.58,1883.9396431566697,loss,-6.896431566697902,3.596431566697993,7
3737721,3737722,3737723,short,1881.71,1882.186844272177,loss,-8.068442721770044,4.768442721770325,1
3737739,3737740,3737744,long,1882.22,1881.7770840182648,loss,-7.729159817352683,4.4291598173525895,4
3737758,3737759,3737765,long,1882.57,1883.35561163979,win,4.5561163978997685,4.855448948022769,6
3738667,3738668,3738674,short,1896.58,1897.1339569542426,loss,-8.839569542427217,5.539569542427014,6
3738772,3738773,3738773,short,1897.37,1897.729548604565,loss,-6.895486045651341,3.5954860456502673,0
3738774,3738775,3738777,long,1898.22,1897.829842535542,loss,-7.201574644580705,3.9015746445807875,2
3738787,3738788,3738789,short,1897.67,1898.0089038069193,loss,-6.689038069192338,3.389038069192837,1
3738797,3738798,3738798,short,1897.42,1897.733846557188,loss,-6.438465571878441,3.138465571878238,0
3738849,3738850,3738852,short,1896.92,1896.4681753999992,win,1.2182460000091853,2.7924882571129603,2
3739026,3739027,3739029,long,1896.42,1895.7873423555477,loss,-9.626576444523653,6.326576444522983,2
3740757,3740758,3740760,long,1914.34,1913.843011110493,loss,-8.26988889506838,4.969888895067671,2
3740879,3740880,3740883,short,1914.83,1914.2826336287985,win,2.1736637120140587,3.382981280602378,3
3741330,3741331,3741334,long,1911.02,1910.5751970239908,loss,-7.74802976009214,4.448029760091592,3
3741824,3741825,3741829,long,1907.21,1907.8602847338464,win,3.202847338463198,4.019065104117476,4
3742037,3742038,3742040,short,1912.58,1910.8731232381751,win,13.768767618247875,10.549300134887318,2
3742106,3742107,3742112,long,1911.84,1913.032766829801,win,8.627668298010303,7.371859269475152,5
3742859,3742860,3742862,long,1897.77,1898.566455941555,win,4.664559415549957,4.922471826669371,2
3743061,3743062,3743063,long,1912.06,1911.5170907808522,loss,-8.729092191477594,5.429092191477259,1
3744481,3744482,3744488,short,1909.51,1909.9415051878118,loss,-7.615051878118083,4.315051878118646,6
3746025,3746026,3746034,long,1928.79,1928.2006829576596,loss,-9.193170423403263,5.893170423402386,8
3749057,3749058,3749060,short,1933.09,1933.5352939069062,loss,-7.752939069062722,4.45293906906288,2
3749214,3749215,3749215,long,1937.3,1937.7456203898353,win,1.156203898353124,2.754143324075542,0
3749215,3749216,3749219,long,1937.31,1937.0205577786594,loss,-6.194422213405505,2.8944222134052477,3
3749236,3749237,3749244,short,1936.79,1937.0067395765761,loss,-5.467395765761739,2.167395765761926,7
3749275,3749276,3749277,short,1936.78,1936.948275376691,loss,-4.982753766910991,1.6827537669117403,1
3751372,3751373,3751373,short,1936.05,1936.480289205969,loss,-7.602892059690748,4.302892059690283,0
3751937,3751938,3751940,short,1930.03,1930.3604429602985,loss,-6.604429602985692,3.3044296029845954,2
3751944,3751945,3751948,short,1929.76,1929.2130578413614,win,2.169421586385579,3.3803594477036523,3
3752609,3752610,3752610,long,1925.25,1924.6950362430923,loss,-8.849637569076823,5.549637569077026,0
3752614,3752615,3752626,long,1925.36,1924.812150215652,loss,-8.778497843478181,5.4784978434779745,11
3754448,3754449,3754458,short,1923.48,1922.7613850547164,win,3.8861494528366167,4.441377906574549,9
3755357,3755358,3755362,short,1906.31,1905.402386470032,win,5.776135299678754,5.609477935524009,4
3755362,3755363,3755363,short,1905.46,1904.5559913218167,win,5.740086781833452,5.587198258240067,0
3755471,3755472,3755476,short,1904.12,1903.4851478260487,win,3.0485217395123074,3.9236846350511856,4
3755780,3755781,3755782,long,1928.36,1927.5338939918727,loss,-11.561060081272263,8.26106008127276,1
3755798,3755799,3755806,short,1927.06,1927.7485690643034,loss,-10.18569064303465,6.885690643035334,7
3755817,3755818,3755830,long,1928.24,1929.2203557471416,win,6.503557471416298,6.059059005819833,12
3755894,3755895,3755899,short,1929.53,1928.9009018577265,win,2.990981422735058,3.8881220165231665,4
3755899,3755900,3755900,short,1928.7,1929.1099037377596,loss,-7.399037377595778,4.099037377595168,0
3756066,3756067,3756069,long,1928.51,1928.190384042803,loss,-6.496159571969019,3.196159571968732,2
3757746,3757747,3757748,long,1953.08,1952.7223281734264,loss,-6.876718265735508,3.576718265736453,1
3758347,3758348,3758349,short,1952.29,1953.0827101317693,loss,-11.227101317693542,7.927101317694019,1
3758786,3758787,3758787,long,1913.36,1912.7708594880464,loss,-9.191405119534739,5.891405119534787,0
3758796,3758797,3758808,short,1911.92,1912.5502359674892,loss,-9.602359674891705,6.302359674890707,11
3758811,3758812,3758815,long,1912.96,1912.3446485092502,loss,-9.453514907498448,6.153514907499174,3
3759060,3759061,3759071,short,1917.07,1916.4346338753242,win,3.053661246757838,3.926861091938921,10
3759115,3759116,3759120,long,1916.75,1916.3759905793825,loss,-7.040094206175399,3.7400942061762397,4
3759134,3759135,3759137,short,1916.03,1915.4624385144343,win,2.375614855656477,3.5077965733357566,2
3759323,3759324,3759335,long,1915.72,1915.2255962154622,loss,-8.244037845377807,4.944037845376916,11
3759959,3759960,3759963,short,1865.31,1863.9726973363795,win,10.073026636204485,8.26515861322901,3
3760158,3760159,3760159,long,1866.62,1866.0661621507697,loss,-8.83837849230149,5.53837849230214,0
3760884,3760885,3760887,short,1871.83,1872.5427467101422,loss,-10.427467101422554,7.127467101423015,2
3760905,3760906,3760917,short,1872.06,1871.0774746114048,win,6.525253885951497,6.072468409117647,11
3761983,3761984,3761984,long,1874.73,1874.3829830854525,loss,-6.770169145475665,3.4701691454757957,0
3761985,3761986,3761986,long,1874.88,1874.522909828075,loss,-6.870901719251651,3.57090171925246,0
3762511,3762512,3762512,short,1868.06,1868.9683390093405,loss,-12.383390093405797,9.083390093405347,0
3762521,3762522,3762526,long,1871.23,1870.2861021100377,loss,-12.738978899622726,9.438978899623546,4
3763954,3763955,3763957,long,1873.91,1872.9242848532447,loss,-13.157151467554105,9.857151467553004,2
3764805,3764806,3764809,short,1879.78,1879.0559969231997,win,3.9400307680027256,4.474679090237174,3
3765419,3765420,3765421,short,1872.88,1873.6489262818645,loss,-10.989262818644239,7.689262818643441,1
3768956,3768957,3768959,long,1860.38,1861.4243224247332,win,7.143224247330818,6.454403119487376,2
3770200,3770201,3770201,short,1845.71,1845.1003495874395,win,2.7965041256054066,3.767925911993007,0
3770964,3770965,3770971,long,1835.84,1835.3017349299075,loss,-8.682650700923933,5.382650700924525,6
3772849,3772850,3772852,long,1828.36,1828.0589447212776,loss,-6.3105527872228775,3.010552787222699,2
3772970,3772971,3772973,short,1826.73,1826.196254361341,win,2.0374563865895654,3.2987987556178564,2
3772973,3772974,3772974,short,1826.19,1826.5305495091777,loss,-6.705495091776629,3.4054950917765936,0
3773707,3773708,3773708,short,1840.25,1840.7880330739906,loss,-8.680330739906186,5.380330739905969,0
3773722,3773723,3773724,long,1842.22,1843.0192316863695,win,4.692316863694669,4.939627233433278,1
3773782,3773783,3773785,short,1841.91,1842.2538033417666,loss,-6.738033417664883,3.4380334176651264,2
3773785,3773786,3773796,long,1842.94,1842.5730410609942,loss,-6.969589390058263,3.6695893900574292,10
3773806,3773807,3773808,long,1843.39,1842.9867829052937,loss,-7.33217094706406,4.032170947063971,1
3773826,3773827,3773834,short,1842.42,1842.8099476401667,loss,-7.199476401666106,3.8994764016670245,7
3774699,3774700,3774703,long,1843.74,1843.4245090753652,loss,-6.45490924634787,3.15490924634718,3
3774929,3774930,3774935,short,1843.05,1842.627370703999,win,0.9262929600087775,2.6120475649007115,5
3776301,3776302,3776303,long,1833.51,1833.1102219341706,loss,-7.297780658294232,3.9977806582941615,1
3777086,3777087,3777088,short,1833.56,1834.0693336389688,loss,-8.39333638968883,5.0933363896881945,1
3777394,3777395,3777400,short,1835.75,1834.4974032286793,win,9.225967713206682,7.741636411129226,5
3779091,3779092,3779093,short,1822.87,1823.2759014987796,loss,-7.359014987797127,4.059014987796483,1
3779105,3779106,3779106,long,1823.92,1823.5522684527673,loss,-6.977315472327791,3.6773154723267174,0
3779109,3779110,3779127,short,1823.2,1822.6317500774494,win,2.38249922550649,3.512051437272875,17
3779577,3779578,3779580,short,1824.98,1825.2315098225613,loss,-5.815098225612746,2.5150982256130847,2
3779684,3779685,3779686,short,1824.34,1823.8329835328025,win,1.7701646719744533,3.1335999208743837,1
3780458,3780459,3780472,long,1810.75,1811.3530799074967,win,2.73079907496749,3.727317104430504,13
3781214,3781215,3781220,long,1809.52,1809.0942127433884,loss,-7.557872566115566,4.257872566116455,5
3781400,3781401,3781401,short,1810.49,1811.048671986034,loss,-8.886719860339145,5.586719860339831,0
3781480,3781481,3781488,long,1817.07,1818.5419507230256,win,11.419507230256567,9.097346866660704,7
3782769,3782770,3782770,short,1808.05,1808.5565979396426,loss,-8.365979396426884,5.065979396427774,0
3782787,3782788,3782790,short,1807.61,1808.1193981742617,loss,-8.393981742618326,5.093981742619455,2
3782990,3782991,3782999,long,1827.75,1828.6971886215983,win,6.171886215983432,5.854070590842637,8
3783086,3783087,3783089,long,1830.44,1829.9301423343013,loss,-8.398576656987462,5.098576656988025,2
3783096,3783097,3783099,short,1829.26,1828.541717398484,win,3.8828260151596625,4.439323865982312,2
3784533,3784534,3784537,long,1838.47,1838.1229675205088,loss,-6.770324794911903,3.4703247949121434,3
3784550,3784551,3784552,short,1838.0,1838.3301370527222,loss,-6.601370527221934,3.3013705272226055,1
3784553,3784554,3784557,short,1837.68,1838.018066776998,loss,-6.680667769979482,3.380667769979511,3
3785527,3785528,3785529,long,1833.4,1832.6720508813887,loss,-10.579491186113774,7.279491186114153,1
3785554,3785555,3785561,short,1831.34,1832.2070087633922,loss,-11.970087633922777,8.670087633922225,6
3786745,3786746,3786749,long,1846.81,1847.5594884344955,win,4.194884344955608,4.632190571666053,3
3786962,3786963,3786964,short,1846.24,1845.3151561707264,win,5.94843829273641,5.7159692785760745,1
3789221,3789222,3789223,short,1847.06,1846.5691522929665,win,1.6084770703348115,3.0336693883410426,1
3789465,3789466,3789466,long,1843.75,1843.3868867931683,loss,-6.931132068317129,3.6311320683176875,0
3790246,3790247,3790250,short,1812.39,1811.8744016366713,win,1.8559836332876332,3.186640070017135,3
3790666,3790667,3790668,short,1813.74,1814.1955973764798,loss,-7.855973764797727,4.555973764798009,1
3790694,3790695,3790699,long,1814.84,1814.3514721355991,loss,-8.18527864400794,4.885278644007347,4
3790712,3790713,3790714,short,1813.41,1813.8093027480206,loss,-7.293027480205455,3.9930274802045362,1
3791003,3791004,3791006,long,1814.59,1813.8373061598993,loss,-10.826938401006192,7.526938401006339,2
3791022,3791023,3791029,long,1814.2,1813.5284355431927,loss,-10.015644568073458,6.715644568072506,6
3791176,3791177,3791197,short,1818.95,1817.8654385212647,win,7.545614787353952,6.703099374136867,20
3791390,3791391,3791391,short,1815.57,1815.8455168942494,loss,-6.055168942494492,2.7551689424941976,0
3792005,3792006,3792006,long,1813.94,1814.554349874466,win,2.843498744659155,3.7969707939794928,0
3793061,3793062,3793066,long,1831.86,1832.514668967775,win,3.246689677750237,4.046161729141153,4
3794604,3794605,3794606,long,1883.44,1883.0568978907709,loss,-7.131021092291848,3.8310210922924157,1
3794611,3794612,3794617,short,1882.34,1881.6910669438257,win,3.1893305617420085,4.010711101200792,5
3795667,3795668,3795669,long,1910.69,1911.1066673080777,win,0.8666730807764909,2.575199679096054,1
3796183,3796184,3796186,short,1910.73,1909.3509094484316,win,10.490905515684243,8.523427389174211,2
3796509,3796510,3796510,short,1906.02,1904.0245845323109,win,16.654154676890993,12.332604868288197,0
3797264,3797265,3797265,short,1903.95,1904.3501360358634,loss,-7.301360358633974,4.001360358634289,0
3797271,3797272,3797291,short,1903.75,1904.1117879056592,loss,-6.917879056591846,3.6178790565920975,19
3797650,3797651,3797653,long,1889.99,1891.1937556857345,win,8.737556857344497,7.439775560781122,2
3797757,3797758,3797765,long,1909.12,1911.137961898911,win,16.87961898911153,12.471952403654146,7
3798004,3798005,3798009,long,1925.8,1924.5843774088714,loss,-15.45622591128522,12.15622591128593,4
3798596,3798597,3798600,long,1911.74,1911.1279075770462,loss,-9.42092422953765,6.120924229537666,3
3798603,3798604,3798606,short,1910.11,1910.6839673270292,loss,-9.039673270293225,5.739673270292596,2
3798614,3798615,3798616,long,1911.33,1910.752123030791,loss,-9.07876969209001,5.778769692090995,1
3798647,3798648,3798652,short,1910.8,1911.2961536202622,loss,-8.261536202622484,4.961536202621727,4
3798767,3798768,3798771,long,1913.82,1913.4340639582163,loss,-7.159360417836797,3.85936041783699,3
3799666,3799667,3799705,short,1919.09,1919.5221547137994,loss,-7.621547137994912,4.321547137994133,38
3799862,3799863,3799866,short,1920.9,1920.203387051292,win,3.6661294870797976,4.305395233053704,3
3802130,3802131,3802131,long,1971.36,1970.0685254986554,loss,-16.2147450134451,12.914745013445502,0
3802478,3802479,3802482,long,1979.23,1978.8149459328754,loss,-7.45054067124629,4.150540671245988,3
3802914,3802915,3802919,short,1981.18,1980.6274414277261,win,2.225585722739379,3.415071522088691,4
3803311,3803312,3803313,short,1966.24,1966.9036387124602,loss,-9.936387124601698,6.636387124602206,1
3803841,3803842,3803847,short,1939.75,1940.0399058874518,loss,-6.199058874518232,2.8990588745185413,5
3807195,3807196,3807199,long,1988.11,1989.053083594831,win,6.130835948310232,5.828699597224585,3
3807915,3807916,3807916,short,1977.4,1977.902952726686,loss,-8.329527266858623,5.029527266857718,0
3809347,3809348,3809350,short,1956.99,1957.1998028637977,loss,-5.3980286379767675,2.0980286379775994,2
3809471,3809472,3809472,short,1957.13,1957.4055784109194,loss,-6.055784109192518,2.7557841091936535,0
3809482,3809483,3809488,long,1957.92,1957.6611239616236,loss,-5.8887603837645655,2.588760383763638,5
3809715,3809716,3809716,short,1959.59,1959.9616468482598,loss,-7.016468482598429,3.7164684825990726,0
3810168,3810169,3810169,short,1955.96,1956.4282928933628,loss,-7.982928933627863,4.682928933628988,0
3810176,3810177,3810183,long,1957.09,1957.8766349890905,win,4.56634989090544,4.861773727382761,6
3810460,3810461,3810465,short,1965.98,1966.5053182200795,loss,-8.553182200794982,5.253182200793867,4
3812828,3812829,3812832,short,1967.05,1967.5179682537764,loss,-7.97968253776462,4.679682537765173,3
3812837,3812838,3812839,long,1968.45,1968.0179175725825,loss,-7.620824274175265,4.3208242741762755,1
3812847,3812848,3812850,short,1967.05,1967.4426812787094,loss,-7.226812787094604,3.926812787094817,2
3812871,3812872,3812874,long,1968.47,1969.1357918589897,win,3.357918589896781,4.114906421443566,2
3813548,3813549,3813554,short,1979.93,1980.1530844412857,loss,-5.5308444128566405,2.230844412855745,5
3813554,3813555,3813557,short,1979.82,1979.481111110983,win,0.08888889016971024,2.0944925155557947,2
3813666,3813667,3813671,short,1978.12,1978.4809370835321,loss,-6.909370835322352,3.6093708353227214,4
3813843,3813844,3813857,short,1981.07,1981.384990778998,loss,-6.4499077899798065,3.149907789979705,13
3813857,3813858,3813864,long,1981.45,1981.1502558345935,loss,-6.297441654065369,2.9974416540644087,6
3813868,3813869,3813870,long,1981.89,1981.596380226947,loss,-6.236197730530239,2.936197730529136,1
3816057,3816058,3816070,short,1983.63,1982.8021945572348,win,4.978054427653388,5.116226469502034,12
3817245,3817246,3817250,short,2018.42,2015.7872205579013,win,23.027794420988084,16.271813610004532,4
3817851,3817852,3817853,long,2021.34,2021.8781967833838,win,2.081967833839099,3.3263089207906464,1
3818049,3818050,3818054,long,2023.75,2024.264466010848,win,1.844660108480821,3.179641599802135,4
3818506,3818507,3818509,short,2028.53,2027.2211757876953,win,9.788242123046711,8.089148407321296,2
3818750,3818751,3818752,short,2019.17,2019.7698569097317,loss,-9.298569097316705,5.998569097315681,1
3818754,3818755,3818762,long,2021.39,2020.7515555475495,loss,-9.684444524505853,6.3844445245062875,7
3818862,3818863,3818864,long,2023.15,2022.7913795056968,loss,-6.886204943032953,3.586204943032698,1
3819350,3819351,3819351,long,2011.52,2011.9695558731057,win,1.195558731057372,2.778466459243859,0
3820440,3820441,3820442,long,2005.81,2005.4677523358969,loss,-6.722476641030698,3.422476641029916,1
3820451,3820452,3820456,short,2004.98,2005.3235736513516,loss,-6.735736513515621,3.435736513516284,4
3824153,3824154,3824157,short,2007.23,2005.9263690740374,win,9.736309259625795,8.057051458359998,3
3824157,3824158,3824158,short,2005.67,2006.4541684963249,loss,-11.1416849632481,7.841684963248767,0
3824262,3824263,3824264,long,2009.04,2009.9954640483913,win,6.254640483913772,5.905216615521952,1
3825423,3825424,3825430,long,2044.2,2042.8724972494517,loss,-16.575027505483195,13.275027505482717,6
3826700,3826701,3826705,long,2033.81,2033.141175363005,loss,-9.988246369949412,6.6882463699501375,4
3826711,3826712,3826714,long,2034.74,2035.8084899150942,win,7.384899150942329,6.60376956176923,2
3827520,3827521,3827524,long,2005.0,2004.66720050702,loss,-6.627994929800297,3.3279949298013998,3
3827532,3827533,3827536,short,2004.49,2003.9982310628168,win,1.6176893718322392,3.0393630233821054,3
3827536,3827537,3827537,short,2003.79,2004.1014909341998,loss,-6.4149093419981,3.114909341998183,0
3827608,3827609,3827612,short,2003.83,2004.1402035061494,loss,-6.402035061494916,3.1020350614954797,3
3827621,3827622,3827624,long,2004.6,2005.0612248802981,win,1.3122488029823218,2.850586404810268,2
3827700,3827701,3827701,long,2012.8,2012.1666425110673,loss,-9.633574889326884,6.333574889326079,0
3827707,3827708,3827709,short,2010.94,2011.5739938112258,loss,-9.639938112257642,6.339938112258043,1
3827719,3827720,3827720,long,2012.66,2013.6871730975151,win,6.971730975150604,6.348412221971611,0
3828381,3828382,3828384,long,1995.57,1995.1800319013653,loss,-7.1996809863465385,3.8996809863465454,2
3828385,3828386,3828388,short,1994.52,1994.9081846852985,loss,-7.181846852984836,3.881846852985374,2
3829232,3829233,3829237,long,2003.81,2003.3935347075776,loss,-7.464652924223446,4.16465292422291,4
3829396,3829397,3829404,long,2004.16,2003.7207051888547,loss,-7.692948111453734,4.392948111454407,7
3829415,3829416,3829417,short,2003.49,2002.6850296906211,win,4.749703093788594,4.97509461915177,1
3829596,3829597,3829608,long,2010.31,2011.572207146588,win,9.322071465880253,7.801033044425707,11
3829795,3829796,3829810,short,2004.13,2004.475965857113,loss,-6.759658571127875,3.459658571127974,14
3832268,3832269,3832272,short,2003.12,2004.141310427673,loss,-13.513104276731429,10.213104276732441,3
3832966,3832967,3832967,long,2002.89,2002.5204227204508,loss,-6.9957727954927575,3.6957727954922004,0
3833742,3833743,3833744,short,1975.94,1976.8784336746905,loss,-12.684336746904865,9.38433674690391,1
3834372,3834373,3834373,short,1980.22,1980.5053108921095,loss,-6.153108921094645,2.853108921095105,0
3834376,3834377,3834379,long,1981.08,1980.7861768361047,loss,-6.238231638952402,2.9382316389530585,2
3834638,3834639,3834644,short,1981.17,1981.6293449262714,loss,-7.89344926271342,4.593449262714445,5
3834925,3834926,3834928,short,1982.48,1981.3617150153423,win,7.882849846577483,6.911526481198137,2
3836366,3836367,3836382,short,1985.31,1986.7716099000236,loss,-17.91609900023632,14.616099000237254,15
3837931,3837932,3837936,short,1985.93,1984.9013094622248,win,6.9869053777521914,6.357790715545103,4
3838792,3838793,3838794,short,1998.19,1998.6960825258282,loss,-8.360825258281057,5.060825258280033,1
3838795,3838796,3838796,short,1997.93,1998.4298974415965,loss,-8.298974415964313,4.998974415963698,0
3838799,3838800,3838801,short,1997.75,1998.253375654462,loss,-8.333756544619337,5.033756544619708,1
3838951,3838952,3838954,short,1999.81,1999.1733043295087,win,3.0669567049123545,3.935078309587686,2
3839808,3839809,3839819,long,1989.97,1990.63977598552,win,3.3977598551989106,4.13953019480833,10
3840215,3840216,3840217,short,1982.6,1983.0823189551281,loss,-8.123189551282213,4.8231895512819944,1
3840227,3840228,3840231,short,1981.89,1982.3736938512081,loss,-8.136938512080452,4.836938512079814,3
3840518,3840519,3840521,long,1986.0,1987.8467513407913,win,15.167513407913429,11.413790734186598,2
3841471,3841472,3841474,short,1979.85,1979.2097795981588,win,3.1022040184113395,3.9568628049508368,2
3841902,3841903,3841907,long,1983.99,1982.9959638880207,loss,-13.240361119793125,9.940361119793545,4
3841918,3841919,3841922,short,1981.38,1982.2641477108864,loss,-12.14147710886282,8.841477108861785,3
3842601,3842602,3842602,short,1981.71,1981.9216581478872,loss,-5.4165814788719215,2.1165814788717396,0
3842604,3842605,3842606,short,1981.57,1981.790742380207,loss,-5.50742380206957,2.207423802070456,1
3843130,3843131,3843131,long,1986.68,1987.6287411163494,win,6.187411163493107,5.863665737634887,0
3843131,3843132,3843132,long,1987.57,1986.9410794535586,loss,-9.5892054644135,6.289205464414185,0
3843383,3843384,3843386,long,2016.44,2015.747159660851,loss,-10.22840339149143,6.928403391492521,2
3844331,3844332,3844332,short,2016.11,2015.5634221555072,win,2.1657784449273096,3.3781078151590203,0
3844383,3844384,3844386,short,2015.99,2016.3656621058228,loss,-7.05662105822812,3.75662105822853,2
3844409,3844410,3844412,short,2015.72,2016.0301825281733,loss,-6.401825281732999,3.1018252817331535,2
3848108,3848109,3848122,short,2023.1,2022.5224020372916,win,2.4759796270829613,3.569826716367012,13
3848246,3848247,3848250,long,2022.45,2021.9913198692077,loss,-7.886801307923451,4.586801307922436,3
3848253,3848254,3848256,short,2021.14,2021.5938307283664,loss,-7.838307283662561,4.538307283662105,2
3848281,3848282,3848282,short,2020.91,2020.266431786592,win,3.1356821340811623,3.977553852955684,0
3848684,3848685,3848691,long,2025.09,2026.2731281217098,win,8.531281217098421,7.312287526019344,6
3848991,3848992,3848993,short,2021.23,2020.6818819229081,win,2.1811807709188544,3.3876271760933574,1
3849240,3849241,3849242,long,2020.71,2021.2306753771709,win,1.9067537717084635,3.218018400314914,1
3849898,3849899,3849903,long,2031.78,2031.275514082133,loss,-8.344859178669868,5.0448591786697214,4
3850400,3850401,3850407,long,2034.79,2034.5849674811752,loss,-5.35032518824737,2.050325188247357,6
3853034,3853035,3853036,long,2015.03,2014.6445052597721,loss,-7.154947402278412,3.85494740227851,1
3853044,3853045,3853046,short,2013.68,2014.0858997749874,loss,-7.3589977498734696,4.058997749872475,1
3853057,3853058,3853058,short,2013.59,2014.0195598769847,loss,-7.595598769847402,4.295598769846528,0
3853082,3853083,3853085,long,2014.61,2014.221052842574,loss,-7.18947157425946,3.8894715742599373,2
3853086,3853087,3853105,long,2014.89,2015.5079474058364,win,2.8794740583627574,3.819205227665431,18
3853272,3853273,3853274,long,2015.84,2015.6567330934358,loss,-5.132669065640857,1.832669065640063,1
3854262,3854263,3854263,short,2010.14,2010.7687565818221,loss,-9.587565818220174,6.28756581822069,0
3854433,3854434,3854435,long,2015.11,2014.7685830233165,loss,-6.714169766833765,3.414169766834475,1
3855836,3855837,3855848,long,2015.6,2016.0092786023492,win,0.792786023493318,2.529534007103095,11
3856061,3856062,3856070,long,2014.91,2015.3336105067563,win,0.9361050675617664,2.618111908258375,8
3856320,3856321,3856321,short,2015.69,2015.8474777635624,loss,-4.874777635623832,1.57477763562469,0
3856553,3856554,3856557,short,2009.09,2009.4716639855478,loss,-7.116639855479025,3.8166398554790817,3
3856573,3856574,3856575,long,2009.43,2009.0853976499588,loss,-6.7460235004121385,3.4460235004126285,1
3856625,3856626,3856628,long,2009.92,2009.600947055257,loss,-6.490529447431345,3.1905294474313197,2
3856630,3856631,3856631,short,2008.76,2009.0911902235468,loss,-6.611902235468551,3.3119022354686267,0
3856634,3856635,3856641,short,2008.64,2008.1023974238522,win,2.0760257614794684,3.322636440963354,6
3857212,3857213,3857219,long,1990.71,1990.2811986119223,loss,-7.5880138807777255,4.288013880778726,6
3857221,3857222,3857225,short,1989.53,1988.858333961648,win,3.416660383519866,4.151211609097777,3
3857846,3857847,3857850,short,1988.36,1988.8972526419152,loss,-8.67252641915302,5.372526419152046,3
3859145,3859146,3859148,long,1978.57,1978.1161902180065,loss,-7.838097819934137,4.538097819934667,2
3860377,3860378,3860380,short,1962.44,1962.7892460069447,loss,-6.792460069446679,3.492460069446002,2
3860385,3860386,3860390,long,1963.09,1962.7620666500575,loss,-6.57933349942441,3.2793334994236716,4
3860404,3860405,3860405,long,1963.29,1963.7841358668522,win,1.641358668522753,3.0539917605204145,0
3860896,3860897,3860898,short,1963.11,1962.2153594672404,win,5.6464053275946755,5.529298719155654,1
3864679,3864680,3864683,long,1973.4,1974.4055935008878,win,6.755935008876986,6.215040178539944,3
3866634,3866635,3866639,long,1944.35,1943.8680369489275,loss,-8.119630510723983,4.819630510724819,4
3866646,3866647,3866648,short,1943.19,1943.626082168702,loss,-7.66082168701887,4.360821687017941,1
3867428,3867429,3867431,long,1951.59,1952.3639554885933,win,4.439554885934013,4.783408458550455,2
3867616,3867617,3867620,short,1952.77,1952.2262657127694,win,2.137342872305635,3.3605332956155,3
3868640,3868641,3868642,long,1945.9,1946.3759243941124,win,1.4592439411232592,2.9414363047738745,1
3868882,3868883,3868884,long,1945.43,1945.9405777996517,win,1.805777996516281,3.1556106282550767,1
3873002,3873003,3873005,long,1967.85,1967.439455427531,loss,-7.405445724690071,4.105445724689743,2
3873007,3873008,3873013,short,1966.45,1966.915055441063,loss,-7.950554410629866,4.650554410629593,5
3874115,3874116,3874118,short,1976.95,1976.2744096968859,win,3.45590303114177,4.175465408617174,2
3875084,3875085,3875087,long,1947.04,1946.5238167854845,loss,-8.461832145154222,5.161832145153862,2
3875093,3875094,3875096,long,1947.67,1947.1408977823749,loss,-8.591022176252228,5.291022176251748,2
3876233,3876234,3876236,long,1961.55,1961.8151757927214,loss,-0.6482420727850693,1.6389109562520854,2
3876294,3876295,3876297,long,1961.64,1962.0320328847533,win,0.6203288475323463,2.422947371775181,2
3877056,3877057,3877070,long,1964.54,1964.0815758489266,loss,-7.884241510733591,4.584241510732732,13
3877950,3877951,3877955,short,1963.12,1963.4366065664117,loss,-6.466065664117923,3.1660656641189138,4
3878042,3878043,3878050,short,1963.53,1963.13699713557,win,0.6300286442994549,2.4289423017924427,7
3879341,3879342,3879346,long,1946.8,1946.5118183960972,loss,-6.181816039027853,2.881816039027259,4
3879346,3879347,3879355,short,1946.22,1946.4983563194173,loss,-6.083563194172984,2.783563194173627,8
3880093,3880094,3880097,long,1967.83,1968.7423491841644,win,5.823491841644409,5.638746502870413,3
3880719,3880720,3880723,long,1964.62,1964.3605277288727,loss,-5.894722711271515,2.594722711270571,3
3880728,3880729,3880732,short,1963.98,1963.5643826612943,win,0.8561733870571517,2.5687103751903155,3
3880895,3880896,3880898,long,1965.19,1964.7932726251656,loss,-7.267273748344269,3.967273748343935,2
3880908,3880909,3880910,long,1965.5,1965.1105778281294,loss,-7.194221718705921,3.8942217187051225,1
3880914,3880915,3880916,short,1964.58,1964.9615303147464,loss,-7.115303147464419,3.815303147464636,1
3880936,3880937,3880943,short,1964.0,1964.4273902181121,loss,-7.5739021811212295,4.273902181120739,6
3881503,3881504,3881506,short,1960.99,1961.4180567031797,loss,-7.580567031796636,4.280567031796939,2
3881838,3881839,3881840,short,1959.52,1959.1028909738116,win,0.871090261884274,2.57792970450213,1
3882395,3882396,3882401,long,1965.2,1964.8274482154782,loss,-7.025517845218746,3.7255178452176354,5
3882405,3882406,3882409,short,1964.52,1963.9167598984961,win,2.7324010150384312,3.7283071786392528,3
3883515,3883516,3883520,short,1960.44,1960.6624015226685,loss,-5.524015226684059,2.2240152266829534,4
3884645,3884646,3884650,long,1945.28,1945.9102067368897,win,3.002067368897042,3.8949736519755973,4
3884764,3884765,3884771,short,1947.01,1947.2739832788143,loss,-5.939832788142939,2.639832788144054,6
3884781,3884782,3884787,long,1947.46,1947.8380249392521,win,0.4802493925210003,2.3363716888264845,5
3886452,3886453,3886454,short,1932.73,1931.8304085045377,win,5.695914954623459,5.559897994204738,1
3886995,3886996,3886996,short,1958.41,1957.7083728895773,win,3.7162711042280536,4.336385107681158,0
3887914,3887915,3887916,long,1964.28,1963.8801016130285,loss,-7.2989838697147205,3.9989838697137303,1
3887932,3887933,3887934,long,1964.22,1963.867210566191,loss,-6.827894338089936,3.527894338090124,1
3887945,3887946,3887949,short,1963.16,1963.4929646358705,loss,-6.629646358704394,3.329646358703834,3
3887951,3887952,3887972,long,1964.19,1964.7406289349642,win,2.20628934964152,3.4031454571327635,20
3889303,3889304,3889307,short,1949.21,1949.609885098229,loss,-7.298850982288786,3.998850982289887,3
3890145,3890146,3890148,long,1950.25,1950.5982768750048,win,0.18276875004785342,2.1525146786453293,2
3890436,3890437,3890438,short,1953.01,1952.3924943911177,win,2.8750560888231123,3.816474714971713,1
3890758,3890759,3890761,long,1932.17,1933.8271848631186,win,13.27184863118573,10.242180859817722,2
3890761,3890762,3890762,long,1933.74,1932.7457008219571,loss,-13.242991780428657,9.942991780427821,0
3891015,3891016,3891017,long,1937.56,1938.0828330228073,win,1.928330228073901,3.2313536638281892,1
3891789,3891790,3891793,long,1935.05,1935.7288336379038,win,3.4883363790383557,4.1955107410616845,3
3893049,3893050,3893053,short,1930.13,1929.4613909912782,win,3.3860900872188724,4.1323177300482445,3
3893053,3893054,3893055,short,1929.47,1928.787694591577,win,3.523054084229625,4.216967913614774,1
3893876,3893877,3893877,short,1913.46,1913.113678619235,win,0.16321380764948135,2.140428805716008,0
3896051,3896052,3896052,short,1931.3,1931.6325190117743,loss,-6.625190117743659,3.32519011774325,0
3896079,3896080,3896081,short,1930.61,1931.1344743226905,loss,-8.54474322690594,5.244743226904989,1
3896559,3896560,3896562,long,1922.89,1922.7062905448936,loss,-5.1370945510650925,1.83709455106573,2
3896564,3896565,3896581,long,1922.98,1923.2656191920864,loss,-0.4438080791358514,1.7652607669129456,16
3897277,3897278,3897278,long,1925.61,1925.2642884282232,loss,-6.757115717767465,3.457115717766989,0
3897281,3897282,3897285,short,1924.44,1923.8631815442045,win,2.468184557955465,3.565008997499649,3
3898980,3898981,3898982,short,1907.98,1906.6754488037855,win,9.74551196214561,8.062739160781627,1
3899151,3899152,3899156,short,1911.94,1912.3495068901382,loss,-7.395068901381182,4.095068901381766,4
3899859,3899860,3899866,short,1903.13,1903.5629302960897,loss,-7.629302960895802,4.3293029608951885,6
3901311,3901312,3901319,short,1905.96,1905.2808979087679,win,3.4910209123215283,4.197169908727559,7
3901550,3901551,3901552,long,1906.41,1906.1365712948502,loss,-6.0342870514985405,2.73428705149917,1
3901555,3901556,3901556,short,1905.52,1905.0676338555818,win,1.2236614441819258,2.7958352559834743,0
3901990,3901991,3901991,short,1918.7,1918.9936108413171,loss,-6.236108413171041,2.936108413171921,0
3903910,3903911,3903913,long,1924.0,1924.4086364870614,win,0.7863648706135793,2.525565433011673,2
3904154,3904155,3904164,long,1930.14,1930.6091308078014,win,1.3913080780132079,2.8994487503171915,9
3904168,3904169,3904170,short,1929.69,1929.2203520663188,win,1.3964793368124448,2.9026448311570205,1
3906159,3906160,3906160,short,1916.19,1916.397254561639,loss,-5.372545616390471,2.072545616390327,0
3907316,3907317,3907318,long,1911.03,1911.4035721570224,win,0.43572157022408664,2.3088514031057135,1
3909019,3909020,3909020,short,1924.09,1924.4469969928484,loss,-6.869969928485079,3.5699699284843467,0
3909028,3909029,3909029,long,1925.21,1924.8731979358372,loss,-6.668020641628391,3.3680206416295158,0
3909038,3909039,3909039,long,1925.47,1925.1612412062375,loss,-6.387587937625358,3.0875879376251527,0
3909825,3909826,3909828,short,1922.92,1923.365241197149,loss,-7.752411971490164,4.452411971490968,2
3910800,3910801,3910801,short,1936.36,1936.7335790455793,loss,-7.0357904557939035,3.735790455794814,0
3910803,3910804,3910807,short,1935.84,1935.2040876745511,win,3.059123254487713,3.930236869275373,3
3911603,3911604,3911607,short,1933.0,1933.155362403859,loss,-4.853624038590442,1.553624038591163,3
3912124,3912125,3912126,short,1934.48,1934.8433455137692,loss,-6.933455137692181,3.633455137692436,1
3912128,3912129,3912133,long,1935.44,1936.0610945112612,win,2.9109451126116257,3.8386558174360377,4
3912273,3912274,3912276,long,1934.5,1934.2588953952234,loss,-5.711046047766376,2.411046047766359,2
3912289,3912290,3912291,long,1934.85,1934.5971229265922,loss,-5.82877073407717,2.528770734076753,1
3912746,3912747,3912747,short,1956.96,1957.194448616112,loss,-5.644486161118766,2.3444861611198444,0
3912752,3912753,3912763,long,1957.72,1958.1070103732459,win,0.5701037324585743,2.3919058915076943,10
3912982,3912983,3912984,long,1957.74,1957.6131241930473,loss,-4.5687580695273935,1.2687580695279506,1
3913617,3913618,3913619,short,1959.02,1958.5363780067566,win,1.5362199324333234,2.9890110830856718,1
3914193,3914194,3914195,long,1960.29,1960.6272783142017,win,0.07278314201739722,2.084538406685177,1
3914447,3914448,3914450,long,1959.52,1959.1221435064579,loss,-7.278564935421218,3.978564935422212,2
3914456,3914457,3914458,long,1959.91,1960.552705963621,win,3.1270596362098333,3.972224744258549,1
3914823,3914824,3914831,short,1955.13,1954.3499809247533,win,4.500190752468552,4.820884272229908,7
3915360,3915361,3915367,short,1957.78,1958.2295455283472,loss,-7.795455283472438,4.495455283471663,6
3916393,3916394,3916401,long,1957.74,1957.4210676261296,loss,-6.489323738704388,3.1893237387048043,7
3916401,3916402,3916406,short,1956.99,1957.307959601739,loss,-6.479596017389485,3.179596017390134,4
3916411,3916412,3916412,long,1957.98,1957.6383188257957,loss,-6.716811742042682,3.4168117420433233,0
3917580,3917581,3917582,short,1961.19,1961.644910199421,loss,-7.84910199420965,4.549101994209249,1
3918004,3918005,3918008,short,1980.69,1979.347117743384,win,10.128822566161215,8.29964311876397,3
3918375,3918376,3918376,short,1978.5,1978.6622387912998,loss,-4.92238791299842,1.6223879129985075,0
3918391,3918392,3918392,long,1979.06,1978.8918865349128,loss,-4.981134650871172,1.681134650871138,0
3918971,3918972,3918975,long,1978.55,1978.2110962270845,loss,-6.6890377291550065,3.3890377291539275,3
3921247,3921248,3921254,long,1972.65,1973.067065557903,win,0.8706555790301538,2.5776610500797728,6
3921443,3921444,3921449,short,1970.2,1970.4568211162598,loss,-5.868211162597436,2.5682111625982396,5
3921459,3921460,3921461,long,1970.7,1970.4679536154022,loss,-5.620463845978793,2.32046384597831,1
3921470,3921471,3921471,long,1970.89,1970.6592425507547,loss,-5.607574492454023,2.307574492453159,0
3921491,3921492,3921499,short,1970.21,1969.8484980981575,win,0.3150190184253008,2.234251556504833,7
3922575,3922576,3922577,short,1961.01,1960.6116016695516,win,0.6839833044834451,2.4622888161208194,1
3922697,3922698,3922705,short,1960.6,1960.925626278908,loss,-6.556262789082029,3.2562627890828315,7
3923516,3923517,3923518,long,1960.57,1960.0276340976422,loss,-8.723659023576875,5.423659023575924,1
3923526,3923527,3923529,short,1959.67,1960.1409176097386,loss,-8.009176097385353,4.709176097385819,2
3924184,3924185,3924189,short,1961.38,1961.070827521681,loss,-0.20827521680830596,1.9108311391797397,4
3924483,3924484,3924489,short,1962.13,1961.4492250339615,win,3.50774966038598,4.207509060807488,5
3925843,3925844,3925845,long,1972.23,1971.8882048664382,loss,-6.717951335618454,3.417951335619144,1
3925853,3925854,3925857,short,1971.4,1971.7394112610814,loss,-6.694112610812954,3.394112610813008,3
3925863,3925864,3925864,short,1971.21,1971.5140355471601,loss,-6.340355471600833,3.040355471600796,0
3925865,3925866,3925867,short,1971.13,1971.4358825824581,loss,-6.358825824580253,3.058825824581158,1
3926679,3926680,3926683,short,1971.78,1972.026874172641,loss,-5.768741726411281,2.468741726412168,3
3926692,3926693,3926695,short,1971.45,1971.0573459779175,win,0.6265402208252455,2.4267862922286536,2
3928468,3928469,3928471,long,1952.65,1951.9421933358478,loss,-10.378066641522583,7.078066641521959,2
3928486,3928487,3928487,short,1950.01,1950.8096755676004,loss,-11.296755676003887,7.996755676004302,0
3928546,3928547,3928564,long,1949.57,1948.9848539522634,loss,-9.151460477365436,5.8514604773659125,17
3928593,3928594,3928603,short,1948.62,1949.0451613614407,loss,-7.551613614408143,4.251613614409185,9
3931309,3931310,3931310,short,1956.21,1956.5724498128945,loss,-6.924498128945106,3.624498128945895,0
3931311,3931312,3931315,long,1957.2,1956.8208618477147,loss,-7.091381522853498,3.791381522853384,3
3931562,3931563,3931564,short,1944.49,1945.4297581292249,loss,-12.697581292248561,9.39758129224884,1
3931566,3931567,3931567,long,1947.08,1946.1028839800495,loss,-13.071160199504721,9.771160199504358,0
3931567,3931568,3931579,long,1947.37,1948.9928016383617,win,12.928016383618068,10.02967638048044,11
3932192,3932193,3932198,short,1948.15,1948.5566837999158,loss,-7.366837999157542,4.066837999157247,5
3932226,3932227,3932237,short,1948.39,1947.6893157588531,win,3.706842411469734,4.330557732676227,10
3933037,3933038,3933039,short,1933.95,1934.7355644824506,loss,-11.155644824505817,7.855644824506875,1
3933257,3933258,3933262,long,1936.3,1936.6412356525095,win,0.11235652509567462,2.1089966162520004,4
3934531,3934532,3934532,short,1934.7,1934.993372427777,loss,-6.2337242777705795,2.9337242777701356,0
3934534,3934535,3934540,short,1934.46,1933.9518806624399,win,1.7811933756017426,3.140416177751938,5
3935405,3935406,3935417,short,1932.32,1932.6535323156638,loss,-6.635323156638878,3.335323156638895,11
3939949,3939950,3939954,short,1916.56,1916.9693220033892,loss,-7.393220033892066,4.093220033891069,4
3940091,3940092,3940096,long,1916.0,1915.793632212086,loss,-5.36367787913905,2.0636778791399086,4
3941811,3941812,3941815,long,1915.27,1914.971128889593,loss,-6.288711104069352,2.9887111040684022,3
3942399,3942400,3942400,long,1917.86,1917.6299333205534,loss,-5.600666794465087,2.300666794465077,0
3942404,3942405,3942409,long,1917.9,1918.297155271523,win,0.6715527152293363,2.4546061280778755,4
3942409,3942410,3942412,long,1918.31,1918.6939656992502,win,0.5396569925021142,2.3730883760829506,2
3942733,3942734,3942739,long,1914.71,1915.1702344433024,win,1.3023444330239728,2.84446503895242,5
3943290,3943291,3943293,long,1912.78,1912.5633333494352,loss,-5.466666505647754,2.1666665056474503,2
3944270,3944271,3944275,short,1907.32,1907.099114676333,loss,-1.0911467633316532,1.3651750535653808,4
3945613,3945614,3945615,long,1903.09,1902.758119717077,loss,-6.618802829228389,3.318802829228966,1
3945618,3945619,3945643,short,1902.23,1901.6437248358202,win,2.5627516417982408,3.623455897279056,24
3945978,3945979,3945980,long,1904.41,1904.156397150345,loss,-5.836028496551807,2.536028496552072,1
3946449,3946450,3946451,long,1906.47,1906.201618380073,loss,-5.983816199271405,2.6838161992711638,1
3946460,3946461,3946461,short,1905.45,1905.7158948576478,loss,-5.958948576477087,2.6589485764762975,0
3946661,3946662,3946671,short,1903.81,1904.4631241247882,loss,-9.831241247882918,6.531241247882759,9
3946696,3946697,3946706,short,1903.49,1903.9997348384381,loss,-8.397348384381349,5.097348384380689,9
3946717,3946718,3946721,short,1902.99,1902.2654132435325,win,3.9458675646748818,4.478286504743891,3
3947337,3947338,3947343,long,1893.25,1892.925104652558,loss,-6.548953474419522,3.248953474420556,5
3947388,3947389,3947398,short,1892.61,1892.2462503515605,win,0.3374964843935233,2.2481436862753794,9
3947666,3947667,3947667,long,1896.32,1896.0034654928688,loss,-6.465345071311094,3.165345071312046,0
3948086,3948087,3948093,short,1894.5,1893.5655293876819,win,6.044706123181368,5.775467319642121,6
3948996,3948997,3949001,long,1892.97,1893.6136097090591,win,3.13609709059092,3.977810315568624,4
3949125,3949126,3949129,long,1892.09,1892.516806576599,win,0.968065765991196,2.63786512113151,3
3951071,3951072,3951082,short,1894.19,1894.3716383493418,loss,-5.116383493417106,1.8163834934176506,10
3951082,3951083,3951106,long,1894.45,1894.3113748296953,loss,-4.686251703047492,1.3862517030473993,23
3951975,3951976,3951978,long,1903.25,1902.8555674879642,loss,-7.244325120357916,3.9443251203585254,2
3952236,3952237,3952243,short,1897.22,1897.5768255571295,loss,-6.868255571294685,3.5682555712949218,6
3952295,3952296,3952299,long,1897.74,1897.4130357125205,loss,-6.5696428747954085,3.269642874795026,3
3952312,3952313,3952313,long,1897.72,1897.43403956637,loss,-6.159604336299526,2.8596043363002193,0
3952316,3952317,3952321,long,1897.82,1897.511748091686,loss,-6.382519083138777,3.0825190831392444,4
3952426,3952427,3952427,short,1896.67,1896.83852101259,loss,-4.98521012589963,1.6852101259005217,0
3952432,3952433,3952434,long,1897.09,1897.378724538301,loss,-0.4127546169896048,1.7844532651491478,1
3954252,3954253,3954262,long,1921.16,1921.539839040157,win,0.49839040156866776,2.347583684529546,9
3954816,3954817,3954819,short,1912.59,1913.2829049209608,loss,-10.229049209609276,6.929049209609288,2
3954947,3954948,3954966,long,1921.12,1920.6494820686814,loss,-8.005179313184545,4.7051793131839,18
3954966,3954967,3954968,short,1920.25,1919.5926951041172,win,3.2730489588281673,4.062453002983345,1
3956314,3956315,3956317,long,1907.85,1909.3569993276587,win,11.76999327658832,9.313963706172709,2
3956766,3956767,3956768,long,1916.38,1916.0799350042248,loss,-6.300649957753012,3.000649957752722,1
3957329,3957330,3957331,long,1914.17,1914.4870151009598,loss,-0.12984899040320652,1.9593022309005688,1
3957403,3957404,3957404,long,1915.08,1914.8567806166693,loss,-5.532193833306155,2.2321938333072713,0
3957407,3957408,3957409,short,1914.33,1914.5557621635683,loss,-5.5576216356833354,2.2576216356824994,1
3957413,3957414,3957416,long,1915.17,1914.9385366908646,loss,-5.614633091355063,2.314633091354125,2
3957841,3957842,3957848,long,1919.82,1920.0933085758902,loss,-0.5669142410973107,1.6891753763299946,6
3959285,3959286,3959302,short,1937.4,1937.571056649009,loss,-5.010566490089604,1.7105664900888744,16
3959472,3959473,3959479,long,1936.52,1936.7867626217421,loss,-0.6323737825785427,1.648718304957345,6
3959770,3959771,3959773,long,1936.65,1936.4650330550583,loss,-5.149669449418343,1.849669449417626,2
3960004,3960005,3960005,long,1936.71,1936.4186685227417,loss,-6.213314772583817,2.9133147725833832,0
3960262,3960263,3960267,long,1945.35,1946.4198694317777,win,7.3986943177776086,6.612295622853337,4
3960630,3960631,3960637,short,1943.24,1943.424132915411,loss,-5.1413291541105535,1.8413291541095558,6
3961366,3961367,3961376,short,1944.44,1944.7285269890428,loss,-6.185269890427935,2.8852698904284635,9
3961718,3961719,3961722,short,1941.98,1942.588494779963,loss,-9.38494779962939,6.08494779962969,3
3962362,3962363,3962366,short,1941.91,1942.1157957266562,loss,-5.357957266561061,2.057957266561378,3
3962718,3962719,3962719,short,1942.42,1942.7209077666794,loss,-6.309077666793018,3.0090776667930768,0
3962837,3962838,3962838,short,1943.9,1943.6335161049133,loss,-0.6351610491317841,1.6469956433057704,0
3962838,3962839,3962840,short,1943.53,1943.7054281565054,loss,-5.054281565054043,1.7542815650531625,1
3964030,3964031,3964031,long,1944.14,1943.8913242734804,loss,-5.786757265196502,2.4867572651963035,0
3964048,3964049,3964050,short,1943.46,1943.6937156645408,loss,-5.637156645407958,2.3371566454076267,1
3964050,3964051,3964053,short,1943.35,1943.5905584258871,loss,-5.705584258872295,2.4055842588731906,2
3965660,3965661,3965665,long,1927.29,1926.7039751319862,loss,-9.160248680137375,5.860248680137928,4
3965667,3965668,3965670,long,1927.73,1927.160330148429,loss,-8.996698515710069,5.696698515709719,2
3966271,3966272,3966276,short,1924.58,1924.8504392560244,loss,-6.004392560244741,2.7043925602441186,4
3966282,3966283,3966291,long,1925.35,1925.087456486909,loss,-5.925435130908045,2.625435130909012,8
3966374,3966375,3966390,long,1926.39,1926.65487755333,loss,-0.651224466701751,1.6370676967225808,15
3969050,3969051,3969053,long,1925.82,1926.2681941585815,win,1.181941585816003,2.770050423866597,2
3969350,3969351,3969353,short,1924.63,1924.1461650330998,win,1.5383496690030372,2.9903273603230405,2
3969595,3969596,3969598,long,1923.58,1923.3330243166472,loss,-5.769756833527299,2.4697568335274,2
3969602,3969603,3969604,short,1922.85,1923.089857553811,loss,-5.698575538111345,2.398575538111303,1
3970582,3970583,3970585,short,1926.74,1927.10824833118,loss,-6.982483311799842,3.682483311800524,2
3970602,3970603,3970605,short,1926.77,1927.1699724169985,loss,-7.299724169984802,3.9997241699844013,2
3971271,3971272,3971272,short,1923.27,1923.5359355905339,loss,-5.959355905338998,2.659355905339709,0
3974777,3974778,3974780,short,1907.02,1907.2892837084569,loss,-5.992837084568964,2.6928370845691965,2
3976264,3976265,3976266,long,1917.71,1918.2060985573537,win,1.6609855735366184,3.066122109726549,1
3976631,3976632,3976634,short,1928.29,1929.0457684656449,loss,-10.857684656449056,7.557684656449639,2
3976640,3976641,3976648,short,1926.71,1927.4860258913548,loss,-11.060258913547205,7.760258913546398,7
3976858,3976859,3976861,long,1924.79,1924.586760007696,loss,-5.332399923039065,2.0323999230380796,2
3977510,3977511,3977512,short,1928.08,1927.5382708335324,win,2.1172916646757587,3.3481407074635485,1
3977982,3977983,3977986,long,1927.35,1927.9964827190372,win,3.164827190372944,3.995566866731972,3
3978226,3978227,3978230,short,1931.49,1931.6250331818048,loss,-4.650331818048289,1.3503318180491701,3
3978231,3978232,3978239,long,1931.99,1932.2266879165263,loss,-0.9331208347369282,1.4628425001626313,7
3978828,3978829,3978837,short,1930.43,1929.9746265259125,win,1.2537347408753705,2.8144219659310243,8
3979132,3979133,3979142,short,1935.11,1934.7586811134552,win,0.21318886544731885,2.1713157388428868,9
3981481,3981482,3981482,short,1927.75,1927.9315481763265,loss,-5.11548176326487,1.8154817632637625,0
3981703,3981704,3981706,short,1926.31,1925.813954721127,win,1.6604527887299811,3.0657928236903778,2
3982987,3982988,3982988,long,1925.71,1925.3415772441986,loss,-6.984227558014754,3.6842275580148987,0
3984804,3984805,3984813,long,1918.1,1917.3528406167998,loss,-10.771593832001418,7.471593832002384,8
3984918,3984919,3984924,long,1917.03,1916.7240537114294,loss,-6.35946288570567,3.0594628857051087,5
3985087,3985088,3985088,short,1915.38,1915.5303595018322,loss,-4.803595018320993,1.5035950183206521,0
3990064,3990065,3990065,short,1872.15,1871.8007187920462,win,0.19281207953936264,2.1587219280223837,0
3994363,3994364,3994364,long,1820.81,1819.5856866412967,loss,-15.543133587032845,12.24313358703255,0
3994385,3994386,3994388,long,1820.3,1821.9057452742227,win,12.757452742227269,9.92426003845933,2
3994798,3994799,3994805,long,1822.04,1822.2476041217992,loss,-1.2239587820075029,1.283090987634166,6
3995886,3995887,3995891,short,1816.83,1816.1132280521542,win,3.867719478457002,4.42998731672181,4
3996059,3996060,3996060,long,1820.51,1820.2543638978802,loss,-5.856361021197517,2.5563610211971963,0
3996445,3996446,3996452,long,1823.96,1823.7687826066815,loss,-5.212173933185386,1.9121739331857925,6
3996679,3996680,3996682,short,1818.66,1819.030667298667,loss,-7.006672986668309,3.7066729866691728,2
3996699,3996700,3996704,long,1820.17,1819.7711972817383,loss,-7.28802718261777,3.988027182618317,4
3997223,3997224,3997226,short,1830.87,1831.6574315826756,loss,-11.174315826757084,7.8743158267578295,2
3997515,3997516,3997525,long,1848.93,1848.1009317067703,loss,-11.590682932297387,8.290682932296809,9
4001207,4001208,4001208,short,1869.49,1870.2195737568738,loss,-10.595737568738333,7.295737568737588,0
4001228,4001229,4001229,short,1869.64,1870.299685649101,loss,-9.896856491009931,6.596856491009084,0
4001241,4001242,4001247,long,1871.25,1872.2634879592736,win,6.834879592735615,6.263831639514909,5
4001538,4001539,4001549,long,1874.15,1873.9463529821737,loss,-5.336470178263698,2.036470178263864,10
4002952,4002953,4002955,short,1868.53,1868.6408886608288,loss,-4.408886608287776,1.1088866082882758,2
4004247,4004248,4004249,long,1928.21,1927.9402271646532,loss,-5.997728353468847,2.697728353468382,1
4005362,4005363,4005366,short,1920.9,1920.2065456974183,win,3.6345430258181297,4.285873316328287,3
4005366,4005367,4005369,short,1920.47,1920.8835826793427,loss,-7.435826793426531,4.135826793427293,2
4005413,4005414,4005415,long,1921.75,1922.3492659106814,win,2.6926591068142445,3.7037448126166392,1
4009436,4009437,4009439,long,1951.56,1952.653817170421,win,7.638171704210618,6.760303896297808,2
4012224,4012225,4012227,short,1975.69,1976.4149816956065,loss,-10.549816956064024,7.249816956064735,2
4013081,4013082,4013083,long,1977.84,1977.3723612484143,loss,-7.976387515855822,4.676387515855283,1
4013464,4013465,4013470,short,1964.13,1962.8449571533224,win,9.550428466776975,7.94216839726668,5
4013555,4013556,4013564,long,1964.44,1963.5415231372247,loss,-12.284768627753966,8.984768627754296,8
4016116,4016117,4016117,short,1986.02,1985.3315920891146,win,3.5840791088541666,4.25468424527423,0
4019780,4019781,4019781,short,1993.29,1992.5890539007733,win,3.7094609922671227,4.332176138607469,0
4020138,4020139,4020139,long,1997.6,1998.2026103446387,win,2.7261034463883336,3.72441498540757,0
4020377,4020378,4020379,long,1997.99,1999.316523459922,win,9.965234599221002,8.198538071211544,1
4021354,4021355,4021355,short,1979.66,1980.0142468417428,loss,-6.842468417426789,3.5424684174272794,0
4023757,4023758,4023759,short,1984.83,1985.0921209090727,loss,-5.921209090727916,2.6212090907286467,1
4024311,4024312,4024313,short,1989.02,1988.5050971182432,win,1.849028817568251,3.182341667224539,1
4024626,4024627,4024629,long,1995.25,1994.3512057968446,loss,-12.287942031553758,8.987942031553052,2
4025404,4025405,4025407,long,1985.23,1984.8425047196972,loss,-7.174952803028009,3.874952803027202,2
4025419,4025420,4025425,short,1983.88,1984.2207311923019,loss,-6.70731192301746,3.4073119230180273,5
4025729,4025730,4025730,long,1987.7,1988.1485640238143,win,1.1856402381424234,2.772336364735528,0
4025944,4025945,4025948,short,1983.63,1982.6759475775743,win,6.240524224257752,5.896492103990594,3
4028068,4028069,4028072,long,1967.76,1967.6485330586659,loss,-4.414669413341289,1.1146694133419643,3
4028078,4028079,4028082,short,1967.43,1967.2433301029228,loss,-1.4333010292269135,1.1537076457187891,3
4028318,4028319,4028320,short,1967.09,1967.4685373604382,loss,-7.085373604382585,3.7853736043830803,1
4029433,4029434,4029435,short,1948.54,1948.8911726691783,loss,-6.8117266917836785,3.5117266917835956,1
4029443,4029444,4029450,long,1949.47,1949.1646990670472,loss,-6.353009329528322,3.0530093295273595,6
4029450,4029451,4029451,short,1948.95,1949.2421665516663,loss,-6.221665516662415,2.9216655166621295,0
4029456,4029457,4029459,short,1948.68,1948.9668476465974,loss,-6.168476465973799,2.8684764659739392,2
4029554,4029555,4029555,short,1949.34,1949.6933202304353,loss,-6.83320230435429,3.533202304354242,0
4029566,4029567,4029572,short,1949.18,1948.676101612024,win,1.7389838797605082,3.114328726675511,5
4029588,4029589,4029595,long,1949.65,1950.1851232384795,win,2.0512323847940026,3.3073129695887484,6
4030152,4030153,4030154,long,1963.3,1962.7805354381787,loss,-8.494645618212235,5.194645618212557,1
4031273,4031274,4031276,short,1947.31,1946.5597628476637,win,4.202371523362399,4.636817999605361,2
4031586,4031587,4031590,short,1938.24,1937.5374929078805,win,3.725070921195038,4.341823807908397,3
4032299,4032300,4032302,long,1939.81,1939.4897977416583,loss,-6.502022583416237,3.202022583415609,2
4036518,4036519,4036519,short,1965.76,1965.1721190167527,win,2.578809832472598,3.633380613395235,0
4039917,4039918,4039927,short,1977.04,1976.4069684752367,win,3.0303152476328252,3.912432167881242,9
4040595,4040596,4040596,short,1990.91,1991.3085512128623,loss,-7.285512128622304,3.9855121286228745,0
4041126,4041127,4041133,short,2003.36,2002.213376625246,win,8.166233747539717,7.086671042978545,6
4041700,4041701,4041705,long,1996.87,1997.4857944204484,win,2.857944204485375,3.8058987666783777,4
4042318,4042319,4042320,long,2003.11,2002.6932312834194,loss,-7.467687165804636,4.167687165804523,1
4043733,4043734,4043736,long,1993.09,1992.7735903085234,loss,-6.46409691476565,3.164096914765585,2
4043753,4043754,4043757,long,1993.31,1992.9852509177733,loss,-6.547490822266172,3.2474908222658962,3
4043760,4043761,4043768,short,1992.56,1992.905266859082,loss,-6.752668590821304,3.45266859082215,7
4043791,4043792,4043796,long,1993.39,1993.8810316064557,win,1.610316064556355,3.034805973150097,4
4045789,4045790,4045790,long,2011.29,2010.9101771673147,loss,-7.098228326852495,3.798228326851486,0
4046186,4046187,4046187,short,2011.26,2011.9950277227085,loss,-10.650277227085372,7.350277227085546,0
4046199,4046200,4046204,short,2010.89,2011.5882845494575,loss,-10.282845494574122,6.982845494573697,4
4046209,4046210,4046210,long,2012.25,2013.379078634409,win,7.990786344090975,6.978236306607194,0
4047214,4047215,4047218,long,2013.86,2014.6245451598566,win,4.345451598566524,4.725248206778357,3
4049172,4049173,4049173,long,2045.76,2046.3609413780803,win,2.7094137808027883,3.7140999881354713,0
4051583,4051584,4051588,short,2037.56,2036.8589549022477,win,3.710450977522851,4.332787995997415,4
4051588,4051589,4051589,short,2036.71,2036.0141486805817,win,3.6585131941835245,4.300688006293401,0
4053332,4053333,4053349,long,2025.24,2024.6324387221448,loss,-9.375612778552114,6.0756127785519505,16
4054025,4054026,4054026,short,2032.88,2031.7733723509625,win,7.766276490375913,6.839478671431253,0
4055815,4055816,4055816,long,2030.69,2032.081998146456,win,10.619981464559896,8.603202388480094,0
4056358,4056359,4056366,long,2027.78,2028.2903478253334,win,1.8034782533338332,3.154189278944867,7
4057305,4057306,4057310,short,2028.37,2029.2363242805652,loss,-11.963242805653227,8.663242805652553,4
4058148,4058149,4058150,short,2029.19,2029.6610111214486,loss,-8.010111214485551,4.710111214484869,1
4058168,4058169,4058174,long,2030.57,2031.240745594551,win,3.407455945511356,4.145522834061968,5
4058433,4058434,4058434,short,2029.5,2029.8693544691191,loss,-6.993544691191164,3.693544691190378,0
4058806,4058807,4058819,long,1998.39,1999.380525404763,win,6.605254047628205,6.121912266766759,12
4059496,4059497,4059498,long,1998.81,1999.3504414515037,win,2.104414515037388,3.3401820241263036,1
4060108,4060109,4060114,short,1981.31,1980.3372675497512,win,6.427324502487136,6.011943450239299,5
4060114,4060115,4060117,short,1980.18,1979.236290251811,win,6.137097481891215,5.832569519091663,2
4060881,4060882,4060883,long,1988.2,1988.7639492662965,win,2.33949266296504,3.485471361536392,1
4061452,4061453,4061455,short,1980.9,1979.9173570737487,win,6.526429262514012,6.0731948470419015,2
4061716,4061717,4061721,short,1979.61,1979.1996810971664,win,0.803189028335237,2.535963552741012,4
4061932,4061933,4061934,long,1981.31,1981.0196265642583,loss,-6.2037343574168515,2.9037343574163126,1
4062744,4062745,4062751,short,1981.35,1980.0893870172597,win,9.306129827402128,7.791180363041604,6
4063552,4063553,4063556,long,2031.66,2032.33141912003,win,3.414191200298956,4.14968553788591,3
4063922,4063923,4063924,long,2034.82,2034.3368944286874,loss,-8.131055713125352,4.831055713126243,1
4064223,4064224,4064226,long,2040.98,2040.1265685279086,loss,-11.834314720914154,8.534314720913097,2
4064237,4064238,4064240,short,2039.06,2037.8165229596132,win,9.134770403867787,7.685272190276973,2
4064510,4064511,4064533,short,2035.86,2036.1059428427648,loss,-5.759428427648618,2.4594284276483647,22
4064709,4064710,4064711,short,2032.48,2031.7828101172902,win,3.6718988270983575,4.308960956179195,1
4064711,4064712,4064715,short,2031.91,2032.333783306683,loss,-7.537833066829353,4.237833066829216,3
4064722,4064723,4064730,long,2032.91,2033.549787541979,win,3.0978754197887612,3.954187527681776,7
4065509,4065510,4065511,long,2035.8,2037.6765442863261,win,15.465442863261796,11.597925131805185,1
4068521,4068522,4068533,long,2039.18,2038.8549522524584,loss,-6.550477475417028,3.2504774754169934,11
4068542,4068543,4068545,long,2039.5,2039.2184778677358,loss,-6.115221322641719,2.8152213226410217,2
4068549,4068550,4068550,long,2039.57,2039.3045650470228,loss,-5.954349529771025,2.6543495297716504,0
4068557,4068558,4068558,short,2038.68,2038.9696869679826,loss,-6.196869679825613,2.896869679824668,0
4068569,4068570,4068573,long,2039.57,2039.2947284889267,loss,-6.052715110732424,2.7527151107333228,3
4068591,4068592,4068595,short,2039.04,2039.3056028581832,loss,-5.956028581832288,2.656028581832102,3
4069011,4069012,4069014,long,2040.56,2040.3629809251536,loss,-5.270190748463665,1.970190748463705,2
4069754,4069755,4069756,long,2035.07,2034.6090326623498,loss,-7.9096733765011775,4.609673376500311,1
4069762,4069763,4069764,short,2033.96,2034.3844547168471,loss,-7.544547168470944,4.244547168470964,1
4070198,4070199,4070199,long,2034.63,2034.2950768276773,loss,-6.6492317232276035,3.3492317232269313,0
4071368,4071369,4071370,long,2044.42,2044.9394352653578,win,1.8943526535774255,3.210353926809582,1
4071880,4071881,4071882,short,2047.82,2048.1234256123353,loss,-6.334256123353316,3.0342561233528467,1
4072001,4072002,4072008,long,2050.82,2051.3800217593744,win,2.3002175937419453,3.4611975239435178,6
4074696,4074697,4074699,short,2065.03,2065.389255303435,loss,-6.892553034350203,3.5925530343497623,2
4077013,4077014,4077017,long,2067.22,2067.610567874482,win,0.6056787448225807,2.4138929201613926,3
4080795,4080796,4080796,short,2031.73,2032.3622053990146,loss,-9.622053990145378,6.322053990146286,0
4080801,4080802,4080805,short,2031.2,2031.7982480374383,loss,-9.28248037438225,5.9824803743817885,3
4081820,4081821,4081823,short,2046.97,2047.35408194746,loss,-7.140819474598902,3.8408194745996,2
4081824,4081825,4081831,short,2046.87,2046.2305195574968,win,3.094804425030998,3.95228950867147,6
4082138,4082139,4082142,short,2044.17,2043.3387810410163,win,5.012189589837544,5.137323603113207,3
4082368,4082369,4082377,short,2043.73,2043.2967213210018,win,1.0327867899824925,2.6778657540060826,8
4082745,4082746,4082747,short,2045.0,2044.6269944021528,win,0.43005597847168264,2.3053498012800664,1
4083599,4083600,4083605,long,2042.71,2043.8081264385958,win,7.681264385957275,6.786937197748452,5
4084620,4084621,4084621,short,2018.76,2019.3574951117205,loss,-9.27495111720491,5.974951117204405,0
4086189,4086190,4086201,short,2032.8,2031.5823531106323,win,8.876468893676428,7.525629724150435,11
4086669,4086670,4086670,short,2030.12,2029.730585314336,win,0.594146856639509,2.4067656715941053,0
4087215,4087216,4087227,long,2035.58,2036.2718451981234,win,3.618451981234739,4.275928294953217,11
4087227,4087228,4087229,long,2036.15,2036.8387480743036,win,3.5874807430347575,4.2567866149779805,1
4088042,4088043,4088050,long,2027.54,2027.2550978431325,loss,-6.149021568674743,2.8490215686752975,7
4088479,4088480,4088481,short,2033.88,2033.2547485462926,win,2.952514537075058,3.864347674335522,1
4088678,4088679,4088683,long,2032.52,2033.0162872935725,win,1.6628729357254999,3.0672885882104493,4
4089730,4089731,4089734,long,2034.81,2035.331422647233,win,1.9142264723306655,3.222636880303489,3
4092275,4092276,4092277,short,2049.01,2049.2504579446927,loss,-5.704579446924799,2.4045794469236483,1
4093640,4093641,4093642,long,2024.71,2024.341438335292,loss,-6.985616647080678,3.685616647081096,1
4093804,4093805,4093807,long,2019.41,2020.2804867612463,win,5.40486761246184,5.380017065798834,2
4094663,4094664,4094668,short,2005.52,2005.7383444962168,loss,-5.4834449621678685,2.18344496216881,4
4094848,4094849,4094850,long,2010.33,2010.9407671467598,win,2.807671467598266,3.774827853893075,1
4095655,4095656,4095658,long,2013.71,2012.8851322034727,loss,-11.548677965273146,8.248677965273309,2
4097261,4097262,4097276,long,2028.35,2027.905460325608,loss,-7.7453967439199,4.445396743920137,14
4097671,4097672,4097672,short,2029.21,2028.7410251578774,win,1.389748421226341,2.898484809162827,0
4097672,4097673,4097675,short,2028.97,2029.2741414103964,loss,-6.341414103963689,3.0414141039645575,2
4098791,4098792,4098794,long,2020.97,2021.2276570373251,loss,-0.7234296267491116,1.592441516223684,2
4101118,4101119,4101124,short,2031.85,2030.6580660479613,win,8.619339520386529,7.366711693687447,5
4101786,4101787,4101789,short,2016.13,2015.6209936979715,win,1.7900630202863796,3.145898034787684,2
4101902,4101903,4101906,short,2015.46,2015.1680177774365,loss,-0.3801777743645287,1.8045872840766497,3
4106761,4106762,4106763,long,2033.93,2034.8851489784663,win,6.251489784662408,5.9032693353914505,1
4108613,4108614,4108615,long,2041.69,2041.296201844271,loss,-7.237981557289731,3.93798155729045,1
4110642,4110643,4110644,long,2056.1,2055.833106435174,loss,-5.968935648257502,2.668935648259728,1
4110647,4110648,4110648,short,2055.4,2055.6674965500224,loss,-5.974965500223152,2.6749655002244634,0
4110652,4110653,4110659,short,2055.05,2054.5440306694436,win,1.7596933055658157,3.1271281245782627,6
4112901,4112902,4112903,long,2024.1,2024.473083809067,win,0.4308380906711138,2.305833183357192,1
4113924,4113925,4113932,short,2035.27,2034.9923094538726,loss,-0.5230945387263999,1.7162580106756171,7
4114697,4114698,4114699,long,2033.66,2034.0928149900335,win,1.0281499003342107,2.674999938402374,1
4115225,4115226,4115236,short,2035.17,2034.7864980952022,win,0.5350190479786763,2.3702219085154983,10
4116987,4116988,4116988,long,2034.72,2034.547668661445,loss,-5.023313385550682,1.72331338555104,0
4117002,4117003,4117003,short,2034.18,2034.343079065602,loss,-4.930790656020053,1.630790656020152,0
4117007,4117008,4117009,short,2034.06,2033.7937789304915,loss,-0.6377893049155317,1.64537125777847,1
4118835,4118836,4118837,long,2020.87,2021.2904823834979,win,0.9048238349798341,2.5987786371943633,1
4120297,4120298,4120305,long,2028.47,2028.9648619966547,win,1.6486199665466303,3.058479583773636,7
4122437,4122438,4122441,long,1993.0,1992.7575419773802,loss,-5.724580226197577,2.4245802261972758,3
4125553,4125554,4125557,short,2019.65,2019.0940504512466,win,2.259495487534605,3.436029349527228,3
4127611,4127612,4127616,short,2023.89,2024.054816902415,loss,-4.9481690241494105,1.6481690241500908,4
4127616,4127617,4127621,long,2024.21,2024.4955586657195,loss,-0.4444133428053645,1.764886685535,4
4130246,4130247,4130247,long,2023.32,2023.0757556322158,loss,-5.742443677841766,2.4424436778413217,0
4132081,4132082,4132091,long,2032.85,2033.1596041147761,loss,-0.20395885223779242,1.91349885522944,9
4132255,4132256,4132259,long,2035.13,2034.7116945247762,loss,-7.483054752238604,4.18305475223773,3
4132792,4132793,4132807,short,2027.09,2027.5116154390466,loss,-7.5161543904671815,4.21615439046621,14
4133933,4133934,4133939,short,2037.73,2037.1394262012004,win,2.605737987995963,3.6500234783661956,5
4133939,4133940,4133946,short,2037.18,2036.5819016739767,win,2.6809832602331882,3.696528590997411,6
4134448,4134449,4134453,long,2030.26,2030.4473564864352,loss,-1.42643513564808,1.1579510904517243,4
4138471,4138472,4138477,short,2085.09,2085.5403984911454,loss,-7.8039849114527895,4.503984911452179,5
4138482,4138483,4138483,long,2085.91,2085.5108195029325,loss,-7.291804970673911,3.9918049706730767,0
4138542,4138543,4138543,short,2083.57,2083.0824421650154,win,1.575578349847274,3.0133364337739836,0
4139774,4139775,4139778,short,2115.84,2114.857978751232,win,6.520212487679783,6.069352588182012,3
4142377,4142378,4142386,long,2141.7,2143.5895387535866,win,15.595387535867484,11.678237043181255,8
4143016,4143017,4143023,short,2150.07,2150.4070829508705,loss,-6.6708295087035365,3.3708295087015894,6
4145405,4145406,4145413,short,2176.53,2177.0069294027303,loss,-8.06929402730093,4.769294027300511,7
4147511,4147512,4147514,short,2176.23,2176.6275696950747,loss,-7.275696950747078,3.9756969507481874,2
4147519,4147520,4147521,long,2177.41,2178.0164659263155,win,2.7646592631565,3.7482442911980667,1
4150209,4150210,4150219,long,2168.38,2168.9835656707833,win,2.7356567078315495,3.7303193497096196,9
4151835,4151836,4151836,short,2166.23,2165.521405832233,win,3.7859416776693253,4.3794447946031125,0
4152880,4152881,4152882,short,2147.02,2147.3652572265737,loss,-6.752572265737217,3.4525722657362836,1
4152900,4152901,4152902,long,2147.81,2148.3621605720787,win,2.221605720787193,3.4126116939345374,1
4153234,4153235,4153241,long,2162.06,2161.4305183408487,loss,-9.594816591512245,6.294816591512579,6
4158214,4158215,4158220,long,2174.49,2175.311348771901,win,4.9134877190128465,5.0763212107616456,5
4158632,4158633,4158636,long,2167.28,2166.77455684776,loss,-8.35443152240332,5.054431522402775,3
4158812,4158813,4158813,short,2173.18,2174.059025710588,loss,-12.090257105879392,8.790257105881599,0
4158817,4158818,4158818,long,2175.49,2174.533954223002,loss,-12.860457769975984,9.560457769976999,0
4159949,4159950,4159953,short,2164.59,2165.0328496725897,loss,-7.728496725895456,4.428496725896578,3
4160355,4160356,4160358,long,2176.86,2176.344447060119,loss,-8.455529398812178,5.155529398811203,2
4160435,4160436,4160439,long,2176.34,2175.877326297588,loss,-7.926737024123031,4.626737024124311,3
4160441,4160442,4160452,short,2174.66,2175.1235576668364,loss,-7.935576668365502,4.63557666836756,10
4165068,4165069,4165073,long,2258.15,2257.519277046169,loss,-9.607229538310822,6.30722953831211,4
4166401,4166402,4166403,short,2247.74,2248.22749420787,loss,-8.174942078704408,4.874942078705755,1
4166415,4166416,4166417,long,2249.11,2249.806946238764,win,3.6694623876375774,4.3074551221494035,1
4166805,4166806,4166810,long,2261.98,2261.407654267684,loss,-9.023457323160802,5.72345732316157,4
4171071,4171072,4171073,short,2292.56,2291.6936077661026,win,5.363922338973862,5.354710963518896,1
4171989,4171990,4171998,short,2341.77,2343.4270895456593,loss,-19.870895456593463,16.570895456593682,8
4172724,4172725,4172730,short,2326.94,2327.991759881726,loss,-13.817598817259569,10.517598817260449,5
4174203,4174204,4174204,long,2345.34,2344.403668702473,loss,-12.663312975269765,9.36331297527105,0
4176761,4176762,4176764,short,2342.28,2340.002221241443,win,19.477787585573605,14.0777426363237,2
4177289,4177290,4177290,short,2375.41,2376.081325813461,loss,-10.013258134609533,6.7132581346083136,0
4177301,4177302,4177314,short,2375.24,2375.8972833813264,loss,-9.872833813265789,6.572833813265498,12
4177314,4177315,4177316,long,2376.02,2375.483811723574,loss,-8.661882764259463,5.361882764259778,1
4177321,4177322,4177326,long,2376.26,2375.758050171585,loss,-8.31949828415036,5.019498284150263,4
4177329,4177330,4177336,long,2376.55,2377.334801546471,win,4.548015464710443,4.850442190798688,6
4178054,4178055,4178055,short,2392.22,2393.6723523081655,loss,-17.823523081657004,14.523523081656288,0
4182026,4182027,4182028,short,2390.96,2389.5779456927726,win,10.52054307227463,8.541744791270997,1
4182645,4182646,4182651,short,2372.06,2371.423609123499,win,3.0639087650108197,3.9331945395629724,5
4183214,4183215,4183216,long,2379.08,2380.296049587266,win,8.860495872662977,7.515757646887261,1
4183353,4183354,4183354,short,2378.92,2378.118863251696,win,4.711367483040886,4.9514014110263505,0
4184521,4184522,4184524,short,2380.79,2381.8974449095494,loss,-14.374449095494857,11.074449095492726,2
4184536,4184537,4184539,short,2379.76,2380.944297315139,loss,-15.142973151387924,11.842973151388806,2
4191081,4191082,4191082,short,2329.8,2330.180291207132,loss,-7.102912071319042,3.802912071319236,0
4191083,4191084,4191086,short,2329.61,2329.9940283057886,loss,-7.140283057884335,3.8402830578857885,2
4193476,4193477,4193480,long,2345.83,2344.8001999198104,loss,-13.598000801894887,10.298000801895714,3
4194057,4194058,4194069,short,2329.1,2328.3951902054023,win,3.748097945976224,4.356055590838969,11
4194143,4194144,4194144,short,2325.43,2324.710001973401,win,3.8999802659865965,4.449925998756062,0
4196624,4196625,4196629,long,2325.12,2326.0043374363427,win,5.543374363427756,5.465620743773558,4
4198139,4198140,4198145,long,2301.7,2301.2614579102706,loss,-7.685420897292533,4.385420897291259,5
4198180,4198181,4198184,long,2301.67,2301.3005588853594,loss,-6.994411146407219,3.6944111464070986,3
4198192,4198193,4198196,long,2301.84,2302.3563649765465,win,1.8636497654635606,3.1913780997913457,3
4199299,4199300,4199302,short,2301.09,2300.415031622572,win,3.4496837742828577,4.171621615749656,2
4199727,4199728,4199732,long,2314.58,2313.931873562075,loss,-9.781264379249297,6.48126437924824,4
4199735,4199736,4199736,short,2312.82,2313.416059693069,loss,-9.260596930690372,5.960596930688978,0
4199764,4199765,4199766,short,2312.95,2313.5665403593284,loss,-9.465403593286101,6.1654035932843625,1
4199775,4199776,4199777,long,2315.0,2314.306273206106,loss,-10.237267938938022,6.937267938939511,1
4201042,4201043,4201044,short,2321.18,2321.6517452797398,loss,-8.017452797399347,4.717452797397832,1
4201566,4201567,4201573,long,2321.47,2320.4086956632646,loss,-13.913043367352476,10.613043367353997,6
4202109,4202110,4202113,short,2315.1,2315.483536635907,loss,-7.135366359071486,3.835366359073589,3
4202863,4202864,4202869,short,2314.68,2315.712951268925,loss,-13.629512689249896,10.329512689248107,5
4203511,4203512,4203513,long,2309.2,2309.645948235036,win,1.159482350362123,2.756169561411164,1
4205341,4205342,4205355,long,2368.44,2367.65707281963,loss,-11.129271803702796,7.829271803703133,13
4206412,4206413,4206417,short,2357.65,2356.7202309442478,win,5.997690557523311,5.74640949167173,4
4207098,4207099,4207104,short,2342.16,2343.4585909937296,loss,-16.28590993729704,12.985909937298425,5
4207119,4207120,4207122,short,2342.26,2340.3112750518317,win,16.187249481685466,12.044035526382851,2
4208110,4208111,4208112,short,2337.8,2338.360830630589,loss,-8.908306305889528,5.608306305889259,1
4208118,4208119,4208122,long,2339.52,2340.3757179923127,win,5.257179923127478,5.28873913666667,3
4209065,4209066,4209069,long,2356.66,2357.452360544007,win,4.623605440073516,4.897160346151081,3
4210920,4210921,4210922,short,2385.18,2384.1936916038485,win,6.563083961513439,6.095849172753199,1
4211345,4211346,4211347,short,2379.43,2380.2272322419985,loss,-11.272322419986995,7.972322419986942,1
4211347,4211348,4211356,long,2381.01,2382.352767181455,win,10.127671814547465,8.298931900214802,8
4211356,4211357,4211360,long,2382.32,2383.549606383313,win,8.996063833127845,7.599545014294336,3
4213073,4213074,4213075,short,2417.85,2418.5087603527745,loss,-9.88760352774607,6.587603527747823,1
4213076,4213077,4213077,long,2419.74,2419.0635878606845,loss,-10.064121393152892,6.764121393152168,0
4213088,4213089,4213090,short,2417.29,2418.0205322653496,loss,-10.60532265349666,7.305322653496338,1
4213093,4213094,4213095,long,2420.17,2419.4175165773036,loss,-10.824834226965141,7.524834226966591,1
4214507,4214508,4214509,long,2427.36,2426.8607277841,loss,-8.292722158999641,4.992722159001684,1
4215863,4215864,4215864,short,2421.39,2421.6368894527113,loss,-5.768894527114571,2.468894527115583,0
4217061,4217062,4217066,long,2378.63,2379.7484038256785,win,7.884038256783424,6.912260974527462,4
4218844,4218845,4218851,short,2329.53,2330.195620804251,loss,-9.956208042509207,6.656208042508807,6
4219542,4219543,4219544,short,2337.19,2335.7089224052097,win,11.510775947903493,9.153755221201253,1
4219599,4219600,4219611,long,2335.29,2336.6340183313737,win,10.140183313737179,8.306664594399475,11
4219697,4219698,4219704,short,2332.18,2332.692857617688,loss,-8.428576176880416,5.1285761768793465,6
4220137,4220138,4220139,long,2339.73,2339.239596388885,loss,-8.204036111151982,4.904036111151642,1
4220142,4220143,4220146,long,2340.52,2340.0138516614625,loss,-8.361483385375141,5.0614833853730365,3
4221495,4221496,4221498,long,2351.45,2351.1098302657856,loss,-6.701697342142142,3.40169734214172,2
4221664,4221665,4221674,long,2344.41,2343.5926823880104,loss,-11.47317611989438,8.173176119893334,9
4221716,4221717,4221717,short,2343.04,2341.975607790297,win,7.343922097028735,6.578443817694952,0
4221717,4221718,4221721,short,2341.88,2340.7715245621876,win,7.784754378125581,6.8508988739952,3
4222708,4222709,4222710,short,2356.95,2355.8535037910096,win,7.6649620899017465,6.776861613040805,1
4222933,4222934,4222934,long,2358.8,2358.3623500326757,loss,-7.676499673244325,4.376499673245109,0
4222936,4222937,4222937,long,2358.95,2359.66578107084,win,3.8578107083996658,4.4238632313960995,0
4223491,4223492,4223493,short,2341.53,2342.700215486891,loss,-15.00215486890811,11.702154868906932,1
4224500,4224501,4224501,short,2333.24,2334.0315264451015,loss,-11.215264451016811,7.915264451017634,0
4224512,4224513,4224513,long,2335.37,2334.601108239556,loss,-10.988917604436939,7.688917604437815,0
4225315,4225316,4225320,long,2344.55,2345.220320903726,win,3.4032090372595123,4.142898045278045,4
4225515,4225516,4225521,short,2346.25,2345.475621359666,win,4.443786403339073,4.786023735067827,5
4226063,4226064,4226065,long,2344.48,2343.9337945484885,loss,-8.762054515114688,5.4620545151164475,1
4226078,4226079,4226081,short,2343.29,2343.816312948714,loss,-8.56312948713894,5.2631294871411,2
4226084,4226085,4226089,short,2343.14,2343.6444470364668,loss,-8.344470364668997,5.044470364668056,4
4226093,4226094,4226095,long,2344.32,2343.7717202344325,loss,-8.782797655677133,5.482797655677551,1
4226095,4226096,4226096,long,2344.38,2343.819632865698,loss,-8.903671343019415,5.603671343018144,0
4227716,4227717,4227718,short,2341.65,2342.4512533349475,loss,-11.312533349474325,8.012533349474776,1
4227726,4227727,4227732,long,2343.66,2344.887903878578,win,8.979038785782176,7.589022735340718,5
4228725,4228726,4228726,long,2332.57,2331.7818303412214,loss,-11.181696587787702,7.881696587786447,0
4231940,4231941,4231942,long,2373.17,2372.472483143783,loss,-10.275168562171348,6.9751685621711195,1
4232404,4232405,4232409,long,2372.5,2373.704666325749,win,8.746663257488034,7.445403743811371,4
4234153,4234154,4234154,short,2294.87,2293.784607810929,win,7.55392189070717,6.70823355420597,0
4234428,4234429,4234430,short,2305.16,2303.8380199989465,win,9.919800010533617,8.170457361268962,1
4234763,4234764,4234789,long,2311.44,2311.036536452278,loss,-7.334635477219126,4.034635477218075,25
4235249,4235250,4235251,short,2302.7,2303.116556742362,loss,-7.4655674236199046,4.165567423619388,1
4235265,4235266,4235270,short,2302.56,2302.0074176822727,win,2.2258231772722867,3.415218280144936,4
4235887,4235888,4235895,long,2316.2,2315.13583104252,loss,-13.941689574799785,10.641689574798722,7
4237063,4237064,4237065,short,2312.52,2313.0003419717036,loss,-8.103419717036378,4.803419717034688,1
4240741,4240742,4240743,long,2323.04,2323.664474922351,win,2.944749223510553,3.859548345803552,1
4241256,4241257,4241257,short,2317.68,2318.498438505251,loss,-11.48438505251379,8.1843850525138,0
4241272,4241273,4241276,long,2319.21,2320.4983932403225,win,9.583932403224207,7.962875403722497,3
4242508,4242509,4242509,short,2310.4,2309.80422561571,win,2.657743842900527,3.6821655394922947,0
4243463,4243464,4243469,short,2330.2,2329.5243109406492,win,3.4568905935058867,4.176075768546059,5
4245045,4245046,4245047,short,2332.37,2331.481580091412,win,5.5841990858782085,5.490852339849752,1
4246972,4246973,4246977,long,2319.26,2320.5144149707153,win,9.244149707150608,7.752873737422186,4
4247896,4247897,4247903,short,2324.79,2325.315140282438,loss,-8.551402824378602,5.251402824380594,6
4247911,4247912,4247912,long,2325.97,2325.440378474513,loss,-8.596215254866184,5.296215254864503,0
4247916,4247917,4247924,short,2324.59,2325.1111205456373,loss,-8.511205456371318,5.211205456370347,7
4249820,4249821,4249822,short,2319.13,2318.6694659037844,win,1.305340962157243,2.846317034707118,1
4250569,4250570,4250570,short,2315.93,2316.484586447259,loss,-8.845864472592257,5.545864472594014,0
4250597,4250598,4250599,short,2316.12,2315.2434940770063,win,5.465059229936014,5.417218312691806,1
4250898,4250899,4250902,short,2296.72,2297.879878741247,loss,-14.898787412472121,11.59878741247013,3
4250907,4250908,4250911,long,2300.33,2302.2050396626937,win,15.450396626937799,11.588625851012742,3
4251261,4251262,4251264,long,2298.35,2298.0085556361228,loss,-6.714443638771445,3.4144436387707477,2
4251471,4251472,4251472,short,2298.35,2298.7844301592263,loss,-7.644301592263946,4.344301592264961,0
4251474,4251475,4251480,short,2298.13,2297.3958844724084,win,4.041155275917117,4.537178786105343,5
4251855,4251856,4251857,long,2301.86,2302.679962270088,win,4.899622700876717,5.067751978291983,1
4252028,4252029,4252033,long,2314.16,2315.125013658876,win,6.350136588761598,5.964237693920152,4
4252035,4252036,4252038,long,2315.28,2314.6920178384826,loss,-9.179821615176298,5.879821615176179,2
4252197,4252198,4252205,short,2320.69,2321.974536413009,loss,-16.145364130089366,12.84536413008832,7
4252210,4252211,4252218,long,2323.56,2325.6114056711967,win,17.214056711967896,12.678650625443447,7
4252413,4252414,4252421,long,2326.12,2327.161192564509,win,7.111925645089468,6.4350591131584265,7
4253495,4253496,4253498,short,2332.84,2333.486286919839,loss,-9.762869198389854,6.4628691983909246,2
4257848,4257849,4257858,short,2362.17,2360.9350523449875,win,9.049476550125473,7.632556582278547,9
4259073,4259074,4259079,short,2357.64,2358.0333439255555,loss,-7.23343925555655,3.9334392555582385,5
4259092,4259093,4259100,long,2358.47,2359.136327931326,win,3.363279313261228,4.118219600285085,7
4263402,4263403,4263404,long,2365.39,2364.928160903372,loss,-7.918390966279548,4.618390966279374,1
4263406,4263407,4263411,short,2363.66,2364.1324675698934,loss,-8.024675698935244,4.724675698935494,4
4264612,4264613,4264616,short,2379.02,2378.0306394988984,win,6.593605011016007,6.114712614967091,3
4265362,4265363,4265367,long,2382.71,2382.2249445766697,loss,-8.150554233303229,4.850554233303594,4
4265375,4265376,4265376,long,2383.05,2382.5995535810266,loss,-7.804464189735699,4.504464189734369,0
4265377,4265378,4265380,short,2381.87,2381.077882352926,win,4.6211764707406475,4.8956591290105544,2
4265380,4265381,4265387,short,2381.03,2381.519144509579,loss,-8.191445095786367,4.89144509578724,6
4267110,4267111,4267112,long,2402.46,2403.334879481234,win,5.448794812340748,5.407166138653544,1
4267287,4267288,4267292,long,2409.8,2411.3124095945695,win,11.824095945693625,9.347401696969026,4
4267941,4267942,4267948,long,2409.8,2409.2780568174326,loss,-8.519431825676111,5.219431825678147,6
4267952,4267953,4267964,long,2410.29,2409.8323949202604,loss,-7.87605079739551,4.5760507973973255,11
4268498,4268499,4268502,short,2418.35,2416.970649652926,win,10.49350347073796,8.525033047427891,3
4270962,4270963,4270965,short,2465.17,2466.089798586574,loss,-12.497985865739611,9.197985865739016,2
4270969,4270970,4270972,long,2468.29,2469.7538757669504,win,11.33875766950423,9.047439845182991,2
4272397,4272398,4272401,short,2471.6,2470.570283613493,win,6.997163865070616,6.364130942564512,3
4273101,4273102,4273107,short,2441.31,2442.0905943926914,loss,-11.105943926914552,7.805943926913661,5
4274443,4274444,4274451,short,2397.5,2397.9681954669977,loss,-7.981954669977131,4.681954669979024,7
4276663,4276664,4276666,long,2408.04,2407.425684739502,loss,-9.44315260498188,6.143152604982665,2
4281137,4281138,4281139,long,2386.22,2385.417280797608,loss,-11.32719202391927,8.027192023917898,1
4283330,4283331,4283334,long,2389.84,2390.9106995754623,win,7.406995754621858,6.6174263007543805,3
4283386,4283387,4283388,long,2391.2,2390.5063258803175,loss,-10.236741196823278,6.936741196822593,1
4283407,4283408,4283408,short,2389.86,2390.5288108737736,loss,-9.988108737735093,6.6881087377348845,0
4283410,4283411,4283412,short,2389.79,2388.7005803876336,win,7.594196123663278,6.733124921917565,1
4283412,4283413,4283414,short,2388.81,2389.525362804709,loss,-10.453628047090024,7.153628047090774,1
4283694,4283695,4283696,short,2386.11,2386.7946144274165,loss,-10.146144274163635,6.84614427416524,1
4283699,4283700,4283702,long,2388.51,2389.8196800306487,win,9.79680030648451,8.094437766678592,2
4284299,4284300,4284300,short,2408.9,2409.2539552532417,loss,-6.839552532415655,3.539552532414368,0
4284784,4284785,4284785,long,2417.6,2416.8048373446986,loss,-11.25162655301283,7.951626553011215,0
4284786,4284787,4284788,long,2418.08,2417.212868339863,loss,-11.971316601371473,8.67131660137077,1
4285079,4285080,4285081,short,2419.51,2420.558170085384,loss,-13.781700853838448,10.481700853839577,1
4285104,4285105,4285107,long,2420.63,2422.1173531297527,win,11.573531297525914,9.192540974985905,2
4285524,4285525,4285528,short,2447.09,2447.997771411585,loss,-12.377714115846903,9.077714115847673,3
4285532,4285533,4285538,long,2448.44,2447.654229082875,loss,-11.157709171248644,7.857709171247134,5
4285618,4285619,4285626,short,2447.32,2446.8711561307923,win,1.1884386920784893,2.77406594071606,7
4285713,4285714,4285716,long,2447.5,2446.918350113982,loss,-9.116498860181128,5.81649886018256,2
4285717,4285718,4285718,long,2447.74,2448.6845034068747,win,6.14503406874901,5.837474702563135,0
4285929,4285930,4285932,long,2444.25,2445.1026385055775,win,5.226385055774881,5.269706462160522,2
4286254,4286255,4286255,short,2431.91,2432.7305187535494,loss,-11.505187535495498,8.205187535496192,0
4286259,4286260,4286265,short,2431.76,2430.387689992687,win,10.423100073134446,8.481520440750097,5
4286354,4286355,4286358,long,2436.24,2435.588893534457,loss,-9.811064655428527,6.511064655429979,3
4286751,4286752,4286754,long,2439.34,2438.370752768594,loss,-12.992472314063708,9.692472314061888,2
4286891,4286892,4286902,short,2442.4,2442.920117708036,loss,-8.501177080357412,5.20117708035613,10
4286916,4286917,4286919,long,2442.97,2443.6402496487317,win,3.4024964873189676,4.142457655945126,2
4286919,4286920,4286921,long,2443.76,2444.410455938868,win,3.2045593886770805,4.020123231569183,1
4287536,4287537,4287541,long,2463.22,2462.293459431126,loss,-12.565405688738611,9.265405688736594,4
4289303,4289304,4289325,long,2393.68,2397.5364145772423,win,35.26414577242504,23.834453505826108,21
4289782,4289783,4289785,short,2407.71,2406.8999244774664,win,4.800755225336798,5.0066472344484785,2
4290412,4290413,4290413,long,2415.12,2414.277910956147,loss,-11.72089043852866,8.420890438527596,0
4290764,4290765,4290768,long,2388.47,2386.965081733383,loss,-18.349182666166417,15.049182666168319,3
4292580,4292581,4292583,long,2385.12,2386.064513995832,win,6.145139958320397,5.837540147294032,2
4292777,4292778,4292779,long,2390.43,2391.309552309665,win,5.495523096650868,5.436046413258524,1
4294521,4294522,4294527,short,2423.41,2423.9796179930245,loss,-8.996179930246218,5.696179930245454,5
4295133,4295134,4295135,long,2428.84,2429.5527231781875,win,3.8272317818738886,4.404964018462461,1
4295942,4295943,4295943,long,2443.5,2442.99409928988,loss,-8.359007101199314,5.059007101201418,0
4295945,4295946,4295949,long,2443.57,2444.3792298641397,win,4.792298641395246,5.001420668352404,3
4296479,4296480,4296481,long,2471.11,2470.6336151789124,loss,-8.063848210877769,4.7638482108771125,1
4296484,4296485,4296486,long,2471.35,2472.102028371346,win,4.22028371346114,4.64788857445164,1
4299326,4299327,4299328,short,2447.3,2447.6112348056754,loss,-6.412348056752125,3.1123480567502524,1
4299346,4299347,4299350,short,2447.47,2447.786937022406,loss,-6.469370224063641,3.1693702240619963,3
4299352,4299353,4299353,short,2447.11,2446.6330036213503,win,1.4699637864980106,2.948061672743674,0
4299912,4299913,4299913,long,2456.55,2455.9661717471945,loss,-9.13828252805688,5.838282528055481,0
4299933,4299934,4299938,short,2455.0,2455.534048723343,loss,-8.640487233429486,5.3404872334298235,4
4299943,4299944,4299948,short,2454.23,2454.791733796417,loss,-8.917337964167746,5.617337964168416,4
4300041,4300042,4300042,short,2456.17,2456.576632047633,loss,-7.366320476331384,4.0663204763294365,0
4300525,4300526,4300528,long,2455.42,2454.767116593248,loss,-9.82883406752153,6.5288340675220295,2
4300530,4300531,4300551,long,2455.82,2456.861384543027,win,7.11384543026652,6.436245630573209,20
4302564,4302565,4302566,long,2502.25,2503.440283215098,win,8.602832150981339,7.356509364018371,1
4303782,4303783,4303786,long,2500.51,2501.4340008591575,win,5.9400085915733145,5.710759327301669,3
4307831,4307832,4307837,long,2490.3,2489.524687997584,loss,-11.053120024162855,7.753120024162488,5
4308017,4308018,4308022,long,2493.68,2494.1893457921187,win,1.7934579211889288,3.1479962430091866,4
4308168,4308169,4308172,long,2493.5,2492.8998582071763,loss,-9.301417928237061,6.00141792823808,3
4308189,4308190,4308194,long,2493.56,2492.9353783555944,loss,-9.54621644405579,6.2462164440557375,4
4308506,4308507,4308508,long,2501.78,2500.95475724319,loss,-11.552427568099848,8.252427568099561,1
4308801,4308802,4308809,short,2509.99,2510.6886193515415,loss,-10.286193515417654,6.98619351541715,7
4309182,4309183,4309186,short,2513.57,2512.4600268236445,win,7.79973176355652,6.860155601702408,3
4309186,4309187,4309190,short,2512.4,2511.2808940270934,win,7.891059729067092,6.9166005742071155,3
4309449,4309450,4309451,long,2511.16,2510.6638499794963,loss,-8.261500205035919,4.961500205037752,1
4309459,4309460,4309461,short,2509.79,2510.2996267727544,loss,-8.396267727544728,5.0962677275454435,1
4309467,4309468,4309470,long,2510.92,2511.748947863775,win,4.989478637748289,5.123287167952469,2
4309682,4309683,4309686,short,2524.01,2524.5290359091205,loss,-8.490359091202482,5.1903590912035265,3
4311385,4311386,4311388,short,2514.38,2515.3273175902405,loss,-12.773175902403455,9.473175902404193,2
4312750,4312751,4312753,short,2504.98,2506.007891487967,loss,-13.578914879668265,10.278914879669875,2
4312766,4312767,4312768,long,2508.17,2507.24339334799,loss,-12.56606652009923,9.266066520100145,1
4313347,4313348,4313357,short,2512.23,2512.803938909456,loss,-9.039389094560466,5.739389094559343,9
4313358,4313359,4313363,long,2513.8,2513.2422451615485,loss,-8.877548384517286,5.577548384517638,4
4313798,4313799,4313801,long,2518.41,2519.413628362831,win,6.73628362831023,6.202894702292878,2
4314911,4314912,4314917,long,2514.05,2513.6763824711256,loss,-7.036175288745471,3.736175288744874,5
4315082,4315083,4315087,short,2519.56,2520.1672661482453,loss,-9.372661482453442,6.072661482455596,4
4315441,4315442,4315444,short,2514.83,2516.0676619867777,loss,-15.676619867777664,12.376619867778938,2
4315444,4315445,4315445,short,2514.33,2515.5476542375795,loss,-15.47654237579609,12.176542375794153,0
4315447,4315448,4315450,short,2513.82,2511.647225013365,win,18.427749866349767,13.42877000392542,2
4316012,4316013,4316020,long,2503.43,2503.97370228848,win,2.1370228848029003,3.36033552830722,7
4317179,4317180,4317183,short,2497.41,2497.64746242602,loss,-5.674624260201017,2.3746242602031544,3
4317200,4317201,4317201,short,2497.27,2497.541619938031,loss,-6.016199380311082,2.7161993803094013,0
4319720,4319721,4319722,long,2493.86,2494.5414508431413,win,3.5145084314119233,4.211686298771951,1
4320273,4320274,4320274,long,2494.63,2495.058020447367,win,0.9802044736708924,2.6453674126509052,0
4320565,4320566,4320567,short,2515.7,2514.8280919362787,win,5.419080637210937,5.3888013827008185,1
4320567,4320568,4320570,short,2515.24,2514.364951642883,win,5.450483571166115,5.408209870930505,2
4320693,4320694,4320701,short,2514.85,2513.7424964151787,win,7.775035848211883,6.8448923660142045,7
4320701,4320702,4320702,short,2513.86,2514.5997267754515,loss,-10.697267754513451,7.397267754514428,0
4321567,4321568,4321569,long,2517.75,2517.413547435613,loss,-6.664525643869456,3.3645256438710995,1
4321582,4321583,4321586,long,2518.17,2518.650581627728,win,1.5058162772804282,2.970220196094947,3
4321801,4321802,4321802,short,2518.12,2518.642813995573,loss,-8.528139955729603,5.228139955729288,0
4321804,4321805,4321811,short,2518.11,2518.6424448725393,loss,-8.62444872539145,5.324448725389921,6
4321811,4321812,4321817,long,2519.11,2518.576711090202,loss,-8.632889097981025,5.332889097981675,5
4321821,4321822,4321825,short,2517.55,2516.724393002832,win,4.956069971680518,5.102639043064556,3
4322214,4322215,4322216,short,2504.42,2501.328943531998,win,27.610564680020797,19.10418089000043,1
4322442,4322443,4322445,long,2496.06,2494.8846847812383,loss,-15.053152187616252,11.75315218761451,2
4322447,4322448,4322449,short,2493.41,2494.546837117896,loss,-14.668371178959934,11.3683711789611,1
4322843,4322844,4322870,long,2497.91,2497.2256195696477,loss,-10.143804303521211,6.843804303521478,26
4324402,4324403,4324404,short,2501.22,2500.7699179187666,win,1.2008208123317674,2.7817186726397525,1
4325743,4325744,4325748,short,2518.95,2519.3891664833345,loss,-7.691664833347022,4.391664833346954,4
4325769,4325770,4325773,long,2519.78,2519.4316947494585,loss,-6.783052505416708,3.4830525054145403,3
4326171,4326172,4326173,long,2522.16,2523.014259687341,win,5.242596873412549,5.279726126955624,1
4326187,4326188,4326192,long,2523.3,2522.7007118442643,loss,-9.292881557358488,5.992881557357526,4
4328895,4328896,4328896,long,2567.37,2566.799128694067,loss,-9.008713059329967,5.7087130593319735,0
4329132,4329133,4329134,short,2577.17,2578.45756016872,loss,-16.175601687201198,12.8756016871992,1
4329136,4329137,4329141,short,2576.37,2574.2771582360324,win,17.62841763967499,12.93474514195122,4
4330183,4330184,4330191,short,2586.25,2585.188206087605,win,7.317939123949327,6.562385119870344,7
4330383,4330384,4330386,long,2580.94,2582.625935465114,win,13.559354651137436,10.419873084757283,2
4330386,4330387,4330390,long,2582.27,2583.9549263341873,win,13.549263341873665,10.413636181628203,3
4330542,4330543,4330543,long,2581.31,2580.391144411361,loss,-12.488555886389623,9.188555886390262,0
4330545,4330546,4330546,long,2581.72,2580.7915587183766,loss,-12.584412816232362,9.284412816231958,0
4330552,4330553,4330570,short,2579.64,2580.525553071151,loss,-12.155530711512075,8.85553071151158,17
4332728,4332729,4332738,long,2568.35,2567.7868810405203,loss,-8.931189594796525,5.631189594796121,9
4334671,4334672,4334680,long,2584.46,2583.392582156912,loss,-13.974178430881512,10.674178430883595,8
4335629,4335630,4335634,long,2607.65,2608.931109930492,win,9.51109930491766,7.917861127883732,4
4336325,4336326,4336332,short,2621.68,2620.8700410072884,win,4.799589927114721,5.005927025409469,6
4337169,4337170,4337174,long,2623.1,2622.488606311256,loss,-9.413936887441015,6.113936887440272,4
4337531,4337532,4337533,long,2628.91,2628.3576359601852,loss,-8.8236403981462,5.523640398145589,1
4337551,4337552,4337556,short,2626.94,2627.551843359348,loss,-9.418433593478586,6.118433593479758,4
4338289,4338290,4338293,long,2629.39,2628.3700584639455,loss,-13.499415360543754,10.19941536054573,3
4339911,4339912,4339914,short,2656.26,2655.2589324475407,win,6.710675524595172,6.187067691344341,2
4340104,4340105,4340109,long,2665.33,2663.9576814309316,loss,-17.02318569068284,13.723185690680651,4
4345139,4345140,4345140,long,2644.34,2643.722448452078,loss,-9.475515479221759,6.175515479223663,0
4345154,4345155,4345170,long,2644.69,2644.057973216348,loss,-9.620267836522363,6.320267836524503,15
4348439,4348440,4348454,long,2652.21,2650.7348042759468,loss,-18.051957240532648,14.751957240531414,14
4349017,4349018,4349023,long,2658.79,2658.314411077599,loss,-8.055889224011299,4.755889224010508,5
4349127,4349128,4349133,short,2661.78,2661.0464703797434,win,4.035296202568316,4.533557603563918,5
4349768,4349769,4349772,short,2647.83,2649.529541026639,loss,-20.295410266390537,16.995410266389673,3
4350857,4350858,4350858,short,2650.96,2651.564159844327,loss,-9.341598443271142,6.041598443269682,0
4350863,4350864,4350865,long,2652.93,2653.891442914417,win,6.3144291441714815,5.94216881592728,1
4351695,4351696,4351699,long,2643.59,2644.340337349939,win,4.203373499389454,4.637437267854532,3
4351954,4351955,4351958,long,2642.45,2643.139217057239,win,3.5921705723914785,4.259685149810114,3
4352802,4352803,4352804,long,2616.96,2616.3404287992344,loss,-9.495712007656767,6.195712007654712,1
4353076,4353077,4353077,short,2621.68,2622.098770736162,loss,-7.487707361620596,4.187707361622506,0
4353081,4353082,4353089,short,2621.47,2621.8714614148175,loss,-7.3146141481773155,4.014614148178917,7
4353891,4353892,4353893,short,2608.0,2609.324021368106,loss,-16.540213681060596,13.240213681060045,1
4353897,4353898,4353898,short,2607.28,2608.535204635625,loss,-15.852046356249776,12.552046356251013,0
4353902,4353903,4353903,long,2610.47,2609.1949227200794,loss,-16.050772799204243,12.750772799204348,0
4354505,4354506,4354506,short,2609.41,2608.379964825904,win,7.000351740957012,6.366101199601394,0
4354979,4354980,4354980,long,2615.78,2616.5327667942406,win,4.227667942404151,4.652452374786345,0
4355332,4355333,4355333,long,2625.71,2624.596004683294,loss,-14.439953167062232,11.139953167061398,0
4355335,4355336,4355336,short,2622.02,2623.212279725046,loss,-15.222797250458644,11.922797250457844,0
4355733,4355734,4355734,short,2628.25,2628.4378411073167,loss,-5.178411073166717,1.8784110731664554,0
4355734,4355735,4355736,long,2629.02,2629.3680103920365,win,0.18010392036485445,2.1508676887300613,1
4356099,4356100,4356103,short,2645.17,2644.631945241971,win,2.0805475802892035,3.3254311373854577,3
4360754,4360755,4360756,short,2680.76,2678.6811863293324,win,17.488136706678414,12.848044936143003,1
4364188,4364189,4364197,short,2725.71,2726.6657720270523,loss,-12.857720270522623,9.557720270523117,8
4364605,4364606,4364606,long,2732.55,2733.6083929497877,win,7.283929497875033,6.541365573469641,0
4364864,4364865,4364868,short,2736.22,2734.271436763767,win,16.18563236232985,12.043036070661623,3
4366977,4366978,4366978,short,2738.07,2738.640604892401,loss,-9.00604892400752,5.706048924005345,0
4366978,4366979,4366986,long,2739.83,2740.845649253242,win,6.856492532419179,6.277189451433653,7
4367209,4367210,4367213,short,2750.9,2749.9689573643077,win,6.010426356923927,5.754280813920339,3
4367434,4367435,4367456,long,2751.78,2751.0861586967594,loss,-10.23841303240788,6.93841303240583,21
4369257,4369258,4369259,long,2736.6,2735.8062514907947,loss,-11.237485092052157,7.9374850920522055,1
4371720,4371721,4371722,short,2731.73,2730.5887917845835,win,8.112082154165545,7.053202814689229,1
4373798,4373799,4373801,long,2778.4,2779.538286719884,win,8.082867198840358,7.035146600025112,2
4373801,4373802,4373806,long,2779.91,2781.043127152475,win,8.031271524750263,7.003258049908079,4
4373975,4373976,4373978,long,2779.2,2779.8452037306433,win,3.152037306435159,3.9876621176987093,2
4376501,4376502,4376503,short,2745.32,2745.7063049824383,loss,-7.1630498243810505,3.8630498243821036,1
4376505,4376506,4376507,long,2746.3,2745.911841222587,loss,-7.181587774130821,3.881587774132663,1
4376509,4376510,4376511,long,2746.59,2746.1970526458313,loss,-7.229473541688821,3.929473541688989,1
4376562,4376563,4376565,short,2745.48,2746.2035839371224,loss,-10.535839371223847,7.235839371225246,2
4376569,4376570,4376575,long,2747.75,2748.903716174444,win,8.237161744440709,7.130507876662908,5
4381745,4381746,4381753,short,2665.17,2664.1355047926977,win,7.044952073023706,6.3936662997669,7
4384391,4384392,4384393,short,2686.72,2687.4185902340278,loss,-10.285902340279609,6.9859023402817915,1
4384467,4384468,4384473,long,2685.03,2685.917137085907,win,5.57137085906943,5.4829238931194775,5
4385223,4385224,4385229,short,2667.74,2666.4173254885723,win,9.926745114275217,8.174749761603417,5
4385696,4385697,4385715,short,2613.69,2612.2517787713587,win,11.08221228641396,8.888882748093797,18
4386659,4386660,4386661,long,2593.86,2595.660635653988,win,14.706356539876833,11.128774128478327,1
4387847,4387848,4387849,short,2604.57,2605.1763374646966,loss,-9.363374646964804,6.0633746469649275,1
4390211,4390212,4390215,short,2566.23,2566.565833243939,loss,-6.658332439388505,3.358332439388166,3
4390248,4390249,4390249,long,2567.79,2568.529179542514,win,4.091795425141936,4.5684767769726475,0
4390863,4390864,4390866,long,2568.74,2567.8934624541075,loss,-11.765375458922609,8.465375458923456,2
4390872,4390873,4390880,long,2569.11,2570.361040699135,win,9.210406991350464,7.732019154111199,7
4391266,4391267,4391268,short,2561.49,2560.2041972728202,win,9.558027271795435,7.946864815695022,1
4391998,4391999,4392002,long,2585.67,2584.8154858326684,loss,-11.845141673316721,8.545141673317719,3
4393299,4393300,4393302,long,2623.09,2624.132055991747,win,7.1205599174702,6.440395499054925,2
4393436,4393437,4393441,long,2620.74,2621.9170908162573,win,8.470908162575324,7.274974142505952,4
4394503,4394504,4394504,long,2640.85,2640.2695621379785,loss,-9.104378620214266,5.804378620212423,0
4394510,4394511,4394512,long,2641.02,2640.477221224907,loss,-8.727787750927565,5.427787750925381,1
4394542,4394543,4394553,short,2639.34,2638.601011600041,win,4.089883999589984,4.567295426198309,10
4396538,4396539,4396548,long,2667.18,2668.9904677522054,win,14.80467752205568,11.18954111375401,9
4397836,4397837,4397841,long,2702.01,2703.6525940128577,win,13.125940128574438,10.152002551652055,4
4398135,4398136,4398138,short,2704.28,2705.0227227471473,loss,-10.72722747147127,7.427227471472829,2
4398145,4398146,4398154,long,2706.08,2707.2181514695153,win,8.081514695153782,7.034310689216605,8
4398230,4398231,4398232,long,2710.88,2710.268852384342,loss,-9.411476156579557,6.111476156578109,1
4398255,4398256,4398258,short,2709.34,2708.432212146192,win,5.777878538082587,5.610555338740317,2
4398887,4398888,4398889,long,2668.52,2670.5407452246745,win,16.90745224674556,12.489154664243884,1
4400909,4400910,4400910,short,2624.78,2623.5654642962104,win,8.845357037898065,7.506401135906536,0
4401702,4401703,4401705,short,2645.81,2646.525689999858,loss,-10.45689999858114,7.1568999985801,2
4401706,4401707,4401709,long,2648.05,2647.23975668586,loss,-11.402433141402799,8.102433141401134,2
4401861,4401862,4401864,long,2648.92,2648.4094980910786,loss,-8.405019089214694,5.1050190892124325,2
4404846,4404847,4404848,short,2659.61,2658.2208270455303,win,10.591729544698136,8.585741374967338,1
4406896,4406897,4406898,short,2645.14,2645.751926093237,loss,-9.419260932373437,6.119260932372096,1
4407038,4407039,4407040,short,2644.37,2642.9876374553946,win,10.523625446052574,8.543649843047987,1
4407724,4407725,4407728,long,2642.75,2643.2839700678032,win,2.0397006780323865,3.3001858331463807,3
4408797,4408798,4408802,short,2651.79,2652.89719199981,loss,-14.371919998098566,11.071919998100434,4
4412097,4412098,4412104,long,2647.47,2646.495453665382,loss,-13.04546334618026,9.745463346180172,6
4412106,4412107,4412109,short,2645.01,2643.482702921706,win,11.972970782943957,9.439413339272761,2
4416997,4416998,4416999,short,2681.55,2683.4151250190434,loss,-21.95125019043262,18.651250190432773,1
4417243,4417244,4417252,short,2684.83,2683.735162888773,win,7.648371112267523,6.766607609559163,8
4417974,4417975,4417975,short,2681.59,2682.267632030946,loss,-10.076320309459152,6.77632030946041,0
4417982,4417983,4417984,long,2684.08,2683.389296296941,loss,-10.207037030587163,6.9070370305891675,1
4418991,4418992,4419001,long,2652.7,2653.802108469684,win,7.721084696840262,6.811548020296903,9
4419001,4419002,4419006,long,2653.87,2653.1672407180026,loss,-10.327592819972597,7.027592819971495,4
4420095,4420096,4420098,short,2652.78,2652.160584372614,win,2.8941562738638824,3.828279526492851,2
4420098,4420099,4420105,short,2652.02,2651.408742693112,win,2.81257306888092,3.7778572737225535,6
4420328,4420329,4420336,long,2657.74,2657.039904537646,loss,-10.300954623536018,7.000954623535471,7
4422045,4422046,4422046,short,2644.92,2643.9895034360343,win,6.004965639657894,5.75090583415305,0
4422186,4422187,4422189,short,2647.35,2646.3397595193583,win,6.802404806416416,6.243760696179213,2
4423329,4423330,4423330,short,2607.71,2606.670637475733,win,7.09362524266835,6.423748604861765,0
4423572,4423573,4423576,short,2618.86,2617.4900613347913,win,10.399386652087923,8.466864432688489,3
4423854,4423855,4423870,short,2594.53,2592.0966805026683,win,21.033194973319222,15.039057461879533,15
4424059,4424060,4424063,long,2593.83,2595.0591127896923,win,8.99112789692408,7.596494373872374,3
4424551,4424552,4424552,short,2595.58,2596.2594744165785,loss,-10.094744165786143,6.794744165785363,0
4424556,4424557,4424562,long,2597.2,2598.2518927024616,win,7.218927024618279,6.501190991729631,5
4424893,4424894,4424895,short,2604.34,2605.124441676212,loss,-11.144416762118272,7.844416762116269,1
4424916,4424917,4424924,short,2604.14,2603.019657647599,win,7.903423524007121,6.924241980227084,7
4425008,4425009,4425012,short,2604.19,2603.269652626774,win,5.903473732259227,5.688179068146342,3
4425477,4425478,4425498,long,2626.47,2625.783305277204,loss,-10.166947227958918,6.866947227957172,20
4426598,4426599,4426599,short,2617.1,2617.914447103036,loss,-11.444471030359455,8.14447103036104,0
4426607,4426608,4426609,short,2616.55,2615.225562709755,win,9.944372902449867,8.185644562701828,1
4426848,4426849,4426851,short,2610.37,2610.960807831055,loss,-9.208078310549173,5.908078310549357,2
4426856,4426857,4426864,short,2610.19,2610.770765485199,loss,-9.107654851987537,5.807654851987635,7
4427912,4427913,4427915,short,2612.27,2611.134619379181,win,8.05380620818978,7.017185542762664,2
4427935,4427936,4427938,long,2613.21,2614.4226244663428,win,8.826244663427314,7.49458879074743,2
4428414,4428415,4428417,long,2626.97,2627.6624180165572,win,3.6241801655743986,4.279468581938554,2
4428932,4428933,4428937,long,2629.67,2629.18969536447,loss,-8.103046355300467,4.803046355299257,4
4428939,4428940,4428946,short,2628.12,2628.584527637044,loss,-7.945276370442843,4.645276370442802,6
4429557,4429558,4429561,short,2633.1,2632.4855687212007,win,2.8443127879920214,3.7974739109956412,3
4430698,4430699,4430704,long,2616.4,2617.4035357497787,win,6.735357497786208,6.20232231012628,5
4431186,4431187,4431188,long,2625.34,2626.388028638556,win,7.180286385559339,6.477309261779914,1
4433240,4433241,4433244,long,2614.18,2615.4079379285354,win,8.979379285355389,7.58923318007011,3
4433418,4433419,4433424,short,2624.7,2623.570443525973,win,7.995564740266855,6.98118957989401,5
4434426,4434427,4434433,long,2641.58,2642.4787343127095,win,5.68734312709621,5.5546002021605005,6
4434433,4434434,4434434,long,2642.27,2641.731587504639,loss,-8.684124953611718,5.384124953613229,0
4434436,4434437,4434440,long,2642.59,2643.4858122189785,win,5.658122189783353,5.536540290347265,3
4434854,4434855,4434856,long,2655.95,2655.3864072105293,loss,-8.935927894704765,5.635927894706216,1
4434863,4434864,4434869,long,2656.33,2655.756008247638,loss,-9.039917523619625,5.739917523618951,5
4434967,4434968,4434972,short,2658.56,2657.9773161466123,win,2.526838533876071,3.6012599096887468,4
4435804,4435805,4435805,short,2657.01,2657.521107883792,loss,-8.411078837917376,5.111078837918557,0
4435812,4435813,4435813,short,2656.59,2655.688007285252,win,5.719927147483031,5.574738657282277,0
4436230,4436231,4436242,short,2641.21,2641.666657161984,loss,-7.866571619839124,4.566571619840707,11
4437649,4437650,4437651,short,2633.76,2634.255527818259,loss,-8.25527818258779,4.955278182589169,1
4439321,4439322,4439324,short,2647.75,2648.335093697621,loss,-9.150936976207777,5.850936976206371,2
4439829,4439830,4439830,long,2654.54,2654.0452826393757,loss,-8.24717360624236,4.947173606244199,0
4439834,4439835,4439839,long,2654.68,2654.1673441611756,loss,-8.426558388242302,5.126558388242779,4
4440642,4440643,4440644,short,2659.64,2660.157614168638,loss,-8.476141686379197,5.176141686380725,1
4443141,4443142,4443146,short,2685.37,2686.0990524098042,loss,-10.590524098043534,7.2905240980426775,4
4443157,4443158,4443161,short,2684.6,2685.329203577166,loss,-10.592035771661177,7.292035771661205,3
4443162,4443163,4443165,long,2687.11,2688.313342926146,win,8.733429261459786,7.43722451264464,2
4443661,4443662,4443664,short,2684.28,2683.3029134724925,win,6.470865275077085,6.038853692877118,2
4445112,4445113,4445114,long,2669.18,2668.6246904661975,loss,-8.853095338023014,5.5530953380213575,1
4445382,4445383,4445396,short,2665.19,2665.8996499108853,loss,-10.396499108852186,7.096499108850935,13
4445396,4445397,4445397,long,2665.98,2665.339705070047,loss,-9.70294929953143,6.402949299530316,0
4445399,4445400,4445401,long,2666.22,2667.2557994399426,win,7.057994399428208,6.401727070105037,1
4445602,4445603,4445610,long,2664.56,2666.732566267728,win,18.425662677281434,13.42748002304055,7
4445716,4445717,4445724,long,2673.09,2672.2203461243125,loss,-11.99653875687618,8.696538756876272,7
4446190,4446191,4446192,short,2672.27,2671.3812175442818,win,5.587824557182285,5.493093051411178,1
4446354,4446355,4446358,short,2675.45,2675.8479231548245,loss,-7.279231548246389,3.979231548248572,3
4446633,4446634,4446646,long,2684.83,2685.819667344302,win,6.596673443022337,6.116609050075078,12
4446811,4446812,4446818,short,2685.91,2686.5911825516487,loss,-10.111825516488171,6.811825516489623,6
4447642,4447643,4447645,long,2697.55,2696.8873088841547,loss,-9.926911158455187,6.626911158456448,2
4447654,4447655,4447658,long,2697.74,2697.125580035465,loss,-9.444199645345908,6.1441996453478485,3
4447675,4447676,4447684,long,2697.97,2697.394596051909,loss,-9.054039480907523,5.754039480906157,8
4447749,4447750,4447751,long,2698.03,2697.690684813119,loss,-6.69315186881322,3.3931518688154036,1
4447766,4447767,4447771,short,2697.35,2696.786493463843,win,2.3350653615709236,3.48273508131827,4
4447771,4447772,4447773,short,2696.81,2696.2440947576656,win,2.3590524233433827,3.497560212203013,1
4447835,4447836,4447837,short,2693.64,2692.7388511815416,win,5.711488184582959,5.569522981817615,1
4449024,4449025,4449040,long,2716.61,2716.012667821089,loss,-9.273321789110742,5.973321789110948,15
4449096,4449097,4449100,long,2716.49,2716.0549043948113,loss,-7.650956051885077,4.350956051884782,3
4449167,4449168,4449169,short,2714.44,2713.8332839674017,win,2.767160325983423,3.7497900655029675,1
4449244,4449245,4449246,long,2712.89,2712.2934421438163,loss,-9.265578561836083,5.965578561834375,1
4449250,4449251,4449251,short,2711.26,2711.8847472706125,loss,-9.547472706122608,6.247472706121194,0
4449258,4449259,4449261,long,2713.33,2712.6972194398863,loss,-9.62780560113588,6.327805601135694,2
4449266,4449267,4449267,long,2713.4,2714.426113735978,win,6.9611373597801505,6.341864870073844,0
4449705,4449706,4449710,short,2704.84,2706.0037614116504,loss,-14.937614116502846,11.63761411650355,4
4449846,4449847,4449854,long,2716.84,2716.0867385245074,loss,-10.832614754927636,7.532614754925884,7
4449942,4449943,4449945,short,2710.99,2709.92075165859,win,7.392483414100025,6.608456992643914,2
4450559,4450560,4450563,long,2706.86,2706.314709389432,loss,-8.752906105679177,5.452906105677388,3
4451059,4451060,4451076,long,2708.37,2712.089827303339,win,33.89827303339116,22.990279995916605,16
4451112,4451113,4451117,long,2710.57,2709.1225347507852,loss,-17.77465249214929,14.474652492151094,4
4451118,4451119,4451134,short,2707.59,2709.0393517040343,loss,-17.79351704034143,14.493517040343429,15
4451135,4451136,4451139,long,2709.79,2708.537265898034,loss,-15.827341019658707,12.52734101965646,3
4451174,4451175,4451181,short,2706.92,2707.810397110903,loss,-12.203971109029954,8.90397110903191,6
4451811,4451812,4451812,long,2727.21,2728.4669842271096,win,9.269842271095694,7.7687529487605955,0
4451879,4451880,4451884,long,2726.31,2727.9793603307885,win,13.393603307885495,10.317430969025898,4
4452050,4452051,4452055,short,2720.61,2721.6612256161,loss,-13.812256161000551,10.512256160998483,4
4452056,4452057,4452057,long,2722.53,2721.5492116076884,loss,-13.107883923117516,9.807883923115766,0
4452059,4452060,4452065,long,2722.94,2721.9089561452874,loss,-13.61043854712607,10.310438547125136,5
4452073,4452074,4452078,short,2720.39,2718.8062445123933,win,12.53755487606595,9.788352828222491,4
4452273,4452274,4452277,short,2725.43,2726.694270365493,loss,-15.94270365493303,12.642703654934712,3
4452286,4452287,4452291,long,2728.25,2730.353216856525,win,17.732168565247957,12.99886808729669,4
4452291,4452292,4452313,long,2730.25,2732.2416826154786,win,16.616826154785667,12.309534088248563,21
4452384,4452385,4452410,long,2738.96,2740.9308961345505,win,16.408961345504576,12.181063872375892,25
4452919,4452920,4452920,long,2749.37,2748.586378581078,loss,-11.136214189219391,7.836214189217421,0
4452938,4452939,4452939,long,2748.9,2748.138062519477,loss,-10.919374805231019,7.6193748052307075,0
4452945,4452946,4452946,long,2749.56,2748.802397682114,loss,-10.876023178858123,7.576023178859994,0
4452968,4452969,4452969,short,2747.68,2748.3022146609333,loss,-9.522146609334232,6.222146609335237,0
4453891,4453892,4453897,short,2756.66,2755.68721334616,win,6.427866538396484,6.012278453892478,5
4454023,4454024,4454030,long,2756.05,2755.6972068949544,loss,-6.827931050457482,3.5279310504571715,6
4454031,4454032,4454032,long,2756.26,2755.9057839518273,loss,-6.842160481729297,3.5421604817285854,0
4454045,4454046,4454051,short,2755.57,2754.9860791752044,win,2.539208247957686,3.6089049740147,5
4454066,4454067,4454068,long,2756.41,2756.0143583478607,loss,-7.256416521391475,3.9564165213911764,1
4454562,4454563,4454569,long,2754.02,2753.249511067063,loss,-11.004889329370418,7.704889329371025,6
4454574,4454575,4454588,long,2754.87,2754.1723796329193,loss,-10.276203670806172,6.976203670804113,13
4454688,4454689,4454689,long,2753.77,2753.2239948182014,loss,-8.760051817985914,5.460051817987579,0
4455937,4455938,4455944,long,2776.72,2778.069628194308,win,10.196281943080248,8.341336182373297,6
4456034,4456035,4456036,long,2774.3,2773.6184313824724,loss,-10.115686175277734,6.815686175279884,1
4456047,4456048,4456052,short,2772.97,2771.7851926037893,win,8.548073962105445,7.322666231213897,4
4456217,4456218,4456223,long,2774.28,2775.4908076870056,win,8.808076870053991,7.483360241072557,5
4456422,4456423,4456424,short,2781.24,2779.7156585539756,win,11.943414460242092,9.421146143536495,1
4456711,4456712,4456717,short,2772.55,2773.0866041616255,loss,-8.666041616252915,5.366041616250788,5
4456730,4456731,4456731,short,2772.1,2772.6034697940318,loss,-8.334697940318438,5.034697940319351,0
4456945,4456946,4456950,short,2766.73,2767.5934225958467,loss,-11.934225958467142,8.634225958468065,4
4456958,4456959,4456962,long,2767.88,2767.0310557104112,loss,-11.789442895888715,8.489442895888418,3
4456995,4456996,4456999,long,2768.54,2767.743147759669,loss,-11.26852240331191,7.968522403314136,3
4457001,4457002,4457003,long,2769.14,2770.4146303549524,win,9.446303549524782,7.877814307494457,1
4457356,4457357,4457375,long,2754.05,2753.2101474495976,loss,-11.698525504026112,8.398525504027091,18
4458513,4458514,4458519,long,2740.36,2741.3948424253285,win,7.0484242532840655,6.395812270262236,5
4458942,4458943,4458952,short,2743.54,2744.2724293840247,loss,-10.624293840247265,7.324293840245614,9
4458972,4458973,4458974,short,2742.3,2741.3317917193763,win,6.382082806239123,5.983981956883449,1
4459075,4459076,4459084,long,2743.43,2742.7814498468874,loss,-9.785501531124101,6.485501531126295,8
4459237,4459238,4459263,long,2755.09,2756.874771020223,win,14.547710202227062,11.03072323994142,25
4459318,4459319,4459322,short,2756.56,2757.3561620241157,loss,-11.261620241158017,7.961620241160275,3
4459377,4459378,4459379,short,2757.82,2758.498357611084,loss,-10.083576110838113,6.783576110840297,1
4459392,4459393,4459406,long,2759.23,2760.3822886434536,win,8.222886434536303,7.121685064608376,13
4459406,4459407,4459432,long,2760.16,2759.4459218136353,loss,-10.440781863645316,7.14078186364728,25
4459547,4459548,4459548,short,2763.54,2762.764373383559,win,4.45626616441059,4.793736813602616,0
4459880,4459881,4459884,short,2764.42,2763.781620673614,win,3.083793263862572,3.945484093859599,3
4459947,4459948,4459948,short,2762.14,2762.585166407231,loss,-7.751664072312269,4.451664072314483,0
4459969,4459970,4459973,long,2763.34,2764.146587164579,win,4.765871645790139,4.98508754375273,3
4460094,4460095,4460097,short,2760.0,2760.5581472458143,loss,-8.881472458143254,5.5814724581416835,2
4460104,4460105,4460105,long,2761.79,2761.28559024218,loss,-8.34409757819758,5.044097578199203,0
4460113,4460114,4460115,short,2759.97,2760.4657345989917,loss,-8.257345989919305,4.957345989919146,1
4460314,4460315,4460319,short,2762.12,2761.072817632612,win,7.171823673879044,6.472078908454879,4
4460422,4460423,4460427,short,2758.27,2757.4965133482374,win,4.43486651762596,4.7805108267168785,4
4460604,4460605,4460606,short,2756.88,2758.0288089182554,loss,-14.788089182553268,11.488089182551779,1
4460948,4460949,4460980,short,2755.05,2756.2536623248825,loss,-15.336623248823162,12.036623248821106,31
4461090,4461091,4461093,short,2759.73,2759.266039486125,win,1.339605138750085,2.867493905285153,2
4461277,4461278,4461280,long,2760.7,2761.5792036443704,win,5.492036443705911,5.43389149796342,2
4461280,4461281,4461286,long,2761.01,2760.463586740269,loss,-8.764132597312528,5.464132597312137,5
4461415,4461416,4461419,short,2759.68,2759.0054106742623,win,3.4458932573754284,4.169278898255474,3
4461759,4461760,4461769,long,2778.78,2778.301699926736,loss,-8.083000732641086,4.7830007326426225,9
4462409,4462410,4462413,short,2792.67,2793.981340085237,loss,-16.413400852371343,13.11340085236942,3
4462426,4462427,4462430,long,2794.83,2793.875385575926,loss,-12.846144240739523,9.546144240737316,3
4462445,4462446,4462450,long,2794.9,2796.0893759407945,win,8.593759407944344,7.35090198266009,4
4462698,4462699,4462699,short,2796.52,2795.728964910465,win,4.6103508953494385,4.888968414926242,0
4462763,4462764,4462765,long,2796.29,2795.7519704420292,loss,-8.680295579707309,5.380295579705693,1
4462786,4462787,4462788,short,2795.07,2795.5895562474475,loss,-8.495562474473264,5.19556247447416,1
4462790,4462791,4462794,short,2794.79,2795.3115364976093,loss,-8.515364976093043,5.215364976094806,3
4462835,4462836,4462859,short,2794.38,2795.0683839066096,loss,-10.18383906609488,6.883839066096325,23
4462859,4462860,4462863,long,2795.42,2794.8060233713672,loss,-9.439766286328268,6.139766286329353,3
4462870,4462871,4462874,short,2794.14,2793.095161609372,win,7.148383906277741,6.457592031074816,3
4463255,4463256,4463259,long,2805.85,2804.9998899357156,loss,-11.801100642843085,8.501100642843193,3
4463276,4463277,4463279,long,2806.72,2808.5219493975915,win,14.719493975916702,11.136893681037225,2
4463887,4463888,4463895,short,2792.38,2790.0716797369746,win,19.783202630255072,14.266503479762761,7
4463895,4463896,4463898,short,2790.17,2787.9536436934254,win,18.86356306574653,13.698123031981874,2
4464296,4464297,4464301,long,2788.85,2787.817323291905,loss,-13.626767080950959,10.326767080952234,4
4464312,4464313,4464314,long,2789.87,2788.8066114419676,loss,-13.933885580323295,10.633885580323765,1
4464667,4464668,4464674,long,2810.49,2812.093849102888,win,12.738491028880343,9.912540808949636,6
4464972,4464973,4464979,long,2820.71,2822.1327519107613,win,10.927519107612351,8.793275097412362,6
4465186,4465187,4465189,long,2814.42,2813.5129986725083,loss,-12.370013274917984,9.070013274919111,2
4465220,4465221,4465232,short,2813.26,2813.968374608843,loss,-10.383746088428598,7.083746088427822,11
4465576,4465577,4465578,short,2814.9,2815.5468334809084,loss,-9.76833480908299,6.468334809083316,1
4465649,4465650,4465652,long,2814.24,2813.42818147396,loss,-11.418185260395877,8.11818526039545,2
4465654,4465655,4465655,short,2811.85,2810.476015173542,win,10.439848264581268,8.491871609753483,0
4465898,4465899,4465902,long,2815.9,2815.158204591364,loss,-10.717954086358805,7.417954086357674,3
4465907,4465908,4465916,long,2816.53,2815.821132153688,loss,-10.38867846312387,7.088678463122118,8
4466257,4466258,4466271,long,2843.2,2842.271832763703,loss,-12.581672362967584,9.281672362966239,13
4466307,4466308,4466309,long,2844.85,2844.1094916414004,loss,-10.705083585995272,7.405083585993135,1
4466313,4466314,4466321,short,2843.51,2844.2273860490945,loss,-10.473860490943299,7.173860490945538,7
4466340,4466341,4466341,short,2843.44,2844.097416738872,loss,-9.874167388721435,6.574167388722156,0
4466344,4466345,4466348,short,2842.87,2843.558001492277,loss,-10.180014922771807,6.880014922771493,3
4466352,4466353,4466354,short,2842.49,2843.149966951203,loss,-9.89966951203387,6.599669512034271,1
4466400,4466401,4466401,short,2842.83,2843.395156366352,loss,-8.951563663518574,5.651563663518056,0
4466406,4466407,4466409,short,2842.62,2843.2231267668794,loss,-9.331267668795409,6.031267668793945,2
4466418,4466419,4466423,long,2843.99,2843.400542869765,loss,-9.194571302346777,5.894571302345207,4
4466429,4466430,4466433,short,2842.41,2841.4911824200058,win,5.888175799940837,5.678724227406002,3
4466546,4466547,4466553,short,2840.78,2841.1739666123995,loss,-7.239666123992538,3.9396661239906186,6
4466838,4466839,4466841,long,2853.65,2854.6684746993574,win,6.884746993572844,6.294652035583139,2
4467209,4467210,4467214,long,2872.11,2871.3879915528446,loss,-10.520084471555311,7.22008447155306,4
4467325,4467326,4467336,short,2868.29,2869.104125142353,loss,-11.441251423530776,8.141251423529663,10
4467341,4467342,4467342,long,2870.33,2869.5932325060426,loss,-10.66767493957359,7.367674939574775,0
4467350,4467351,4467359,short,2867.71,2868.4941469445416,loss,-11.141469445415897,7.841469445417101,8
4468432,4468433,4468434,short,2858.54,2857.033247096977,win,11.767529030229706,9.31244068617324,1
4468566,4468567,4468572,long,2859.39,2858.5314879101657,loss,-11.885120898342212,8.585120898342653,5
4468573,4468574,4468577,short,2857.33,2855.924021054152,win,10.759789458478917,8.689610295721058,3
4469154,4469155,4469156,long,2851.75,2852.6060007342858,win,5.260007342857716,5.290486614869685,1
4469527,4469528,4469529,long,2869.4,2870.297161628558,win,5.67161628558024,5.544880275389446,1
4469834,4469835,4469837,long,2865.6,2864.96171812236,loss,-9.68281877640111,6.382818776400786,2
4470064,4470065,4470067,long,2868.03,2867.341202638334,loss,-10.187973616662749,6.887973616661825,2
4470761,4470762,4470764,long,2868.48,2867.798461833891,loss,-10.115381661090215,6.815381661091076,2
4470909,4470910,4470913,short,2872.09,2873.0265291433634,loss,-12.665291433632593,9.365291433634798,3
4470942,4470943,4470944,short,2872.58,2873.3033242644165,loss,-10.53324264416533,7.2332426441672055,1
4471886,4471887,4471890,short,2904.66,2903.7821597936554,win,5.478402063444446,5.425464810534981,3
4473652,4473653,4473655,short,2893.48,2891.7813436016054,win,13.686563983946325,10.49849442765517,2
4474041,4474042,4474043,short,2890.69,2891.6150652864067,loss,-12.55065286406607,9.250652864066677,1
4474468,4474469,4474471,long,2895.38,2894.2031163446536,loss,-15.068836553465008,11.768836553466699,2
4474473,4474474,4474485,long,2895.76,2897.709112534911,win,16.191125349109097,12.046430994506222,11
4474612,4474613,4474622,short,2901.04,2899.901492198952,win,8.085078010480355,7.036512985465114,9
4475131,4475132,4475132,long,2918.55,2918.0419875264665,loss,-8.38012473533654,5.080124735338109,0
4475575,4475576,4475578,long,2917.75,2916.9223052312054,loss,-11.576947687945722,8.276947687944928,2
4476415,4476416,4476418,long,2928.69,2929.8829119848942,win,8.629119848941809,7.3727563961318685,2
4477880,4477881,4477885,short,2903.17,2903.8260149839775,loss,-9.860149839774568,6.560149839774832,4
4477885,4477886,4477887,short,2902.86,2901.864777033163,win,6.65222966836991,6.150945406903372,1
4478232,4478233,4478235,short,2901.19,2900.2929749278023,win,5.670250721977209,5.544036292941141,2
4478441,4478442,4478448,short,2895.83,2896.6643092675754,loss,-11.643092675754634,8.34309267575248,6
4478454,4478455,4478457,long,2898.36,2897.566522011005,loss,-11.234779889951643,7.93477988995249,2
4478674,4478675,4478677,short,2898.08,2898.5698480751644,loss,-8.198480751644457,4.898480751645578,2
4478690,4478691,4478693,long,2898.92,2898.4738156011827,loss,-7.761843988174223,4.461843988173276,2
4478699,4478700,4478701,short,2897.9,2897.2815334773313,win,2.8846652266876847,3.8224136135266904,1
4478756,4478757,4478757,short,2897.46,2897.843230876636,loss,-7.132308766359347,3.8323087663576976,0
4478762,4478763,4478765,short,2897.44,2897.791740186369,loss,-6.817401863691702,3.517401863690146,2
4478767,4478768,4478771,long,2898.2,2897.7712384619326,loss,-7.587615380671923,4.287615380669704,3
4479256,4479257,4479263,long,2913.22,2914.4418786436386,win,8.918786436387744,7.5517839532679085,6
4479905,4479906,4479906,short,2930.93,2929.960316613013,win,6.396833869866168,5.993098807085482,0
4480993,4480994,4480994,short,2933.67,2934.571891486921,loss,-12.318914869207038,9.018914869204854,0
4481672,4481673,4481680,long,2941.77,2940.929985436826,loss,-11.700145631740089,8.400145631737834,7
4481683,4481684,4481684,short,2939.85,2938.4807385892705,win,10.392614107294502,8.462678681887224,0
4482135,4482136,4482136,long,2954.72,2954.1388145599517,loss,-9.111854400481025,5.8118544004830035,0
4483630,4483631,4483632,long,2931.08,2930.5742593978266,loss,-8.357406021733187,5.057406021731992,1
4483643,4483644,4483644,long,2931.23,2932.116697666082,win,5.566976660820001,5.480208072201458,0
4484580,4484581,4484588,short,2940.3,2941.414464733922,loss,-14.444647339219774,11.144647339218837,7
4484679,4484680,4484684,short,2940.09,2940.8842760669877,loss,-11.242760669875498,7.942760669877271,4
4484689,4484690,4484694,short,2938.9,2939.744436471643,loss,-11.744364716428937,8.444364716429012,4
4486459,4486460,4486468,long,2940.45,2939.8080233923324,loss,-9.719766076674023,6.419766076672475,8
4490898,4490899,4490900,short,2847.34,2848.481953553369,loss,-14.71953553368694,11.419535533687363,1
4491288,4491289,4491291,short,2866.94,2867.9307037646595,loss,-13.20703764659429,9.907037646595352,2
4491388,4491389,4491390,short,2869.45,2870.1589431437246,loss,-10.389431437248096,7.0894314372483755,1
4497342,4497343,4497344,short,2921.21,2920.3478991911916,win,5.321008088084636,5.328187940720399,1
4497842,4497843,4497847,short,2906.24,2904.430401000904,win,14.795989990956695,11.184171811469556,4
4498989,4498990,4498993,short,2903.64,2901.566954009489,win,17.430459905107636,12.8123979636018,3
4499820,4499821,4499823,long,2897.34,2896.816692090384,loss,-8.53307909616051,5.2330790961627365,2
4499902,4499903,4499904,long,2898.85,2898.376709822038,loss,-8.032901779620989,4.732901779622158,1
4500586,4500587,4500587,long,2917.84,2917.083914146562,loss,-10.860858534379805,7.5608585343792365,0
4500590,4500591,4500591,short,2915.99,2916.758929543503,loss,-10.989295435034183,7.689295435032906,0
4502634,4502635,4502637,short,2944.46,2943.7691016666126,win,3.6089833338739483,4.270076226127834,2
4502637,4502638,4502640,short,2943.61,2942.9049686894396,win,3.75031310560571,4.357424663537827,2
4503748,4503749,4503755,long,2986.64,2987.6430950178046,win,6.730950178047533,6.199598379509421,6
4503854,4503855,4503862,short,2986.35,2987.1006690977247,loss,-10.806690977247673,7.506690977249666,7
4504763,4504764,4504775,short,2988.23,2988.9792137798386,loss,-10.792137798385557,7.492137798386596,11
4504775,4504776,4504777,long,2989.04,2988.3865535148148,loss,-9.834464851852136,6.534464851853198,1
4505911,4505912,4505919,long,2990.85,2989.3739153172796,loss,-18.06084682720284,14.76084682720277,7
4505925,4505926,4505931,long,2992.26,2990.906762212691,loss,-16.832377873093538,13.532377873095443,5
4507362,4507363,4507364,short,3025.56,3026.9971406316336,loss,-17.671406316336107,14.371406316335708,1
4507381,4507382,4507417,long,3030.26,3032.3631018640317,win,17.73101864031487,12.998157379675538,35
4507496,4507497,4507498,short,3033.94,3034.6428359011156,loss,-10.328359011155772,7.028359011153785,1
4508576,4508577,4508580,short,3037.9,3038.6726278386254,loss,-11.026278386253399,7.726278386253896,3
4508586,4508587,4508588,short,3037.02,3037.9176202839963,loss,-12.276202839962753,8.976202839962317,1
4508591,4508592,4508602,long,3039.55,3041.033427861343,win,11.534278613429887,9.168280972453916,10
4509473,4509474,4509475,long,3049.95,3050.71768567645,win,4.376856764501281,4.744658074475969,1
4510432,4510433,4510440,short,3044.69,3045.070749349141,loss,-7.107493491408422,3.80749349140887,7
4510449,4510450,4510454,long,3045.63,3045.239437722279,loss,-7.2056227772107375,3.9056227772086527,4
4510461,4510462,4510473,short,3044.88,3044.3221093493075,win,2.278906506925705,3.4480262712754133,11
4510770,4510771,4510771,long,3035.78,3035.115881051405,loss,-9.941189485953874,6.6411894859527605,0
4511796,4511797,4511798,long,3021.42,3020.9280382377387,loss,-8.21961762261326,4.919617622613064,1
4513619,4513620,4513631,long,3015.76,3015.325733411885,loss,-7.642665881154062,4.342665881152685,11
4513633,4513634,4513635,short,3015.21,3015.6043494594282,loss,-7.2434945942821285,3.943494594282474,1
4513641,4513642,4513643,long,3016.18,3015.806607270644,loss,-7.033927293560555,3.733927293560255,1
4513648,4513649,4513652,short,3015.17,3014.545946877931,win,2.940531220691992,3.856941421936402,3
4517314,4517315,4517320,short,3056.14,3056.562125219617,loss,-7.521252196171008,4.221252196173016,5
4518687,4518688,4518692,long,3081.99,3081.3894657003507,loss,-9.305342996490982,6.005342996491323,4
4520048,4520049,4520049,short,3121.12,3121.818533831206,loss,-10.285338312060777,6.9853383120586665,0
4520119,4520120,4520120,short,3123.49,3123.9045928745695,loss,-7.445928745697347,4.145928745699051,0
4520462,4520463,4520466,short,3143.79,3144.617744131147,loss,-11.577441311470285,8.277441311468088,3
4521096,4521097,4521097,short,3127.82,3125.100434053387,win,23.895659466133292,16.80819497288694,0
4521278,4521279,4521281,long,3108.72,3110.713780409866,win,16.637804098663036,12.322499442931393,2
4523084,4523085,4523092,long,3153.41,3157.043146368138,win,33.03146368138114,22.454551100978048,7
4523266,4523267,4523268,short,3146.32,3147.2097379736456,loss,-12.197379736454241,8.897379736454537,1
4523551,4523552,4523553,short,3126.45,3127.6409926178308,loss,-15.209926178309434,11.909926178311387,1
4523554,4523555,4523555,long,3129.37,3128.1414111928893,loss,-15.585888071105547,12.285888071103615,0
4523557,4523558,4523564,short,3125.95,3127.304620500689,loss,-16.846205006891797,13.546205006892055,6
4523964,4523965,4523966,short,3104.99,3107.188421878185,loss,-25.284218781853998,21.98421878185363,1
4525485,4525486,4525486,long,3025.52,3024.0594241154445,loss,-17.905758845555102,14.605758845553002,0
4525495,4525496,4525500,short,3021.48,3019.218062954396,win,19.319370456040996,13.979833409171883,4
4527022,4527023,4527027,long,2984.46,2983.351905522369,loss,-14.38094477630857,11.080944776306938,4
4528015,4528016,4528017,long,3017.48,3015.3566941643253,loss,-24.53305835674728,21.233058356745566,1
4528018,4528019,4528022,short,3011.75,3008.23118689807,win,31.88813101929936,21.74791781167971,3
4530327,4530328,4530330,long,3122.96,3121.34502020882,loss,-19.449797911798488,16.14979791179784,2
4530978,4530979,4530983,short,3159.42,3160.902288794992,loss,-18.12288794991746,14.822887949916655,4
4531471,4531472,4531480,long,3218.96,3217.591487893446,loss,-16.985121065541353,13.685121065542925,8
4531482,4531483,4531483,short,3215.38,3216.6503591528835,loss,-16.003591528834296,12.703591528835442,0
4531489,4531490,4531491,short,3214.85,3216.187760642002,loss,-16.67760642002195,13.377606420021705,1
4532009,4532010,4532013,long,3220.57,3224.4106574209286,win,35.106574209284375,23.737066878421054,3
4532373,4532374,4532390,long,3236.34,3235.0618723050898,loss,-16.081276949103813,12.781276949101606,16
4532635,4532636,4532637,long,3222.3,3224.4584703426135,win,18.284703426133273,13.340360584754793,1
4533088,4533089,4533093,long,3232.9,3231.7141273377347,loss,-15.158726622654104,11.85872662265576,4
4533096,4533097,4533102,short,3230.3,3228.313593065775,win,16.56406934225215,12.276927900033195,5
4533102,4533103,4533104,short,3228.25,3226.16047755374,win,17.595224462601617,12.914230199383054,1
4536299,4536300,4536304,long,3312.46,3310.358427005111,loss,-24.315729948890112,21.01572994888816,4
4537006,4537007,4537015,long,3342.78,3341.4803089773504,loss,-16.296910226497676,12.996910226498168,8
4537038,4537039,4537048,short,3341.17,3339.2700427879868,win,15.699572120133052,11.742628009970437,9
4537574,4537575,4537580,short,3323.65,3325.618321195739,loss,-22.983211957390086,19.68321195739018,5
4538349,4538350,4538358,short,3380.31,3381.6136161582244,loss,-16.33616158224486,13.036161582246638,8
4539828,4539829,4539829,long,3484.15,3486.46682340343,win,19.86823403430135,14.319056881520034,0
4539829,4539830,4539830,long,3486.29,3484.7600898208075,loss,-18.59910179192484,15.299101791923736,0
4540133,4540134,4540136,long,3459.4,3462.3948438056,win,26.64843805599885,18.50954144375569,2
4543042,4543043,4543047,long,3340.41,3343.3335900699904,win,25.93590069990496,18.06915988869312,4
4544536,4544537,4544549,short,3280.21,3276.289660723634,win,35.903392763661216,24.229538172844766,12
4544662,4544663,4544667,short,3280.69,3281.872509187136,loss,-15.125091871360201,11.825091871361778,4
4547117,4547118,4547118,short,3311.79,3312.9222757960592,loss,-14.622757960592754,11.322757960593979,0
4547119,4547120,4547121,short,3310.95,3309.0249824144903,win,15.950175855095221,11.897512889427437,1
4549117,4549118,4549120,long,3279.24,3282.0531236754955,win,24.83123675495717,17.3864256829145,2
4549867,4549868,4549869,short,3221.2,3218.9918091014288,win,18.78190898571047,13.647656975098094,1
4549984,4549985,4549986,short,3220.68,3223.636403954949,loss,-32.864039549491096,29.564039549493305,1
4549989,4549990,4549993,long,3230.3,3227.371783291883,loss,-32.58216708117361,29.282167081171384,3
4550048,4550049,4550059,long,3227.69,3224.666395344998,loss,-33.53604655002145,30.236046550020916,10
4550351,4550352,4550353,long,3227.7,3229.319840619179,win,12.898406191792855,10.011375891096357,1
4552597,4552598,4552601,long,3318.13,3316.6323905088007,loss,-18.27609491199455,14.97609491199426,3
4552713,4552714,4552714,short,3315.91,3317.371863254946,loss,-17.918632549463656,14.618632549462033,0
4552719,4552720,4552723,long,3319.77,3318.2920973544256,loss,-18.079026455744316,14.779026455744342,3
4555350,4555351,4555356,short,3386.65,3388.3458086108253,loss,-20.258086108252247,16.958086108251393,5
4555407,4555408,4555410,long,3387.85,3389.9937479665446,win,18.137479665446516,13.24936938532035,2
4555477,4555478,4555481,short,3387.53,3384.6051623089124,win,25.948376910877595,18.076870773100957,3
4555481,4555482,4555483,short,3384.35,3386.161120327279,loss,-21.41120327279241,18.111203272793674,1
4555654,4555655,4555655,short,3383.29,3381.182808618265,win,17.771913817349922,13.023432519993722,0
4555752,4555753,4555754,long,3388.66,3387.3222257191555,loss,-16.677742808443146,13.37774280844505,1
4555895,4555896,4555902,short,3370.32,3366.92414685104,win,30.658531489602137,20.987967546107917,6
4555902,4555903,4555910,short,3366.82,3368.637392403665,loss,-21.473924036650534,18.173924036651883,7
4556012,4556013,4556025,long,3371.89,3373.3081161245555,win,10.881161245555813,8.764623761160545,12
4556604,4556605,4556611,long,3341.78,3344.0245944707276,win,19.145944707274065,13.872648150354703,6
4556792,4556793,4556794,long,3345.79,3347.7413117610245,win,16.21311761024499,12.06002324489771,1
4557301,4557302,4557302,short,3305.69,3303.797010410135,win,15.629895898650101,11.699564832293552,0
4558195,4558196,4558199,short,3329.38,3330.934690898326,loss,-18.846908983260438,15.546908983262446,3
4558204,4558205,4558205,long,3332.97,3331.4186543578685,loss,-18.813456421313095,15.513456421313023,0
4558218,4558219,4558220,long,3334.7,3333.3038202624416,loss,-17.261797375582137,13.961797375583748,1
4558688,4558689,4558691,short,3327.09,3325.8195000140868,win,9.40499985913375,7.852286686731604,2
4562152,4562153,4562160,long,3234.09,3236.38642660785,win,19.66426607849753,14.192995104139303,7
4562895,4562896,4562900,long,3183.56,3184.8222474486256,win,9.322474486256578,7.801282129947445,4
4565038,4565039,4565041,short,3171.25,3167.8446978324323,win,30.753021675676973,21.046366919453167,2
4566643,4566644,4566648,short,3231.49,3232.8274908190087,loss,-16.674908190089628,13.374908190089876,4
4566648,4566649,4566652,long,3234.48,3236.6833486940945,win,18.733486940945294,13.61772987697606,3
4567368,4567369,4567371,long,3213.69,3215.3035667405743,win,12.835667405742424,9.972600374378073,2
4568046,4568047,4568048,long,3280.24,3282.3209812104324,win,17.509812104325828,12.861441350015452,1
4568237,4568238,4568243,long,3289.32,3290.6330072658393,win,9.830072658391327,8.115001643010133,5
4568458,4568459,4568459,short,3289.36,3290.401609320581,loss,-13.716093205808466,10.416093205808416,0
4568464,4568465,4568469,long,3292.62,3294.444726841596,win,14.947268415962025,11.27766898390722,4
4569042,4569043,4569044,short,3307.39,3308.5393008416736,loss,-14.793008416737212,11.493008416738377,1
4569573,4569574,4569576,long,3315.71,3314.6812651822665,loss,-13.587348177334935,10.287348177334438,2
4569591,4569592,4569593,short,3313.69,3314.615983021119,loss,-12.559830211190093,9.259830211188302,1
4569595,4569596,4569597,short,3312.37,3313.317390713638,loss,-12.77390713638015,9.473907136379061,1
4569599,4569600,4569601,long,3315.84,3317.40950196547,win,12.395019654699535,9.700259366316745,1
4569998,4569999,4570001,long,3340.62,3342.731345750734,win,17.81345750734017,13.049108471781274,2
4573544,4573545,4573546,long,3338.7,3338.1034582670136,loss,-9.265417329862249,5.96541732986181,1
4573573,4573574,4573576,long,3339.6,3340.478914640071,win,5.489146400708887,5.432105315643475,2
4576870,4576871,4576877,short,3270.85,3269.093169678301,win,14.268303216989988,10.858036598881334,6
4577255,4577256,4577258,short,3295.61,3296.7810658897447,loss,-15.010658897445683,11.710658897447914,2
4577729,4577730,4577730,short,3318.95,3319.781476456504,loss,-11.614764565043334,8.314764565042681,0
4579097,4579098,4579098,short,3293.58,3294.2012837387288,loss,-9.512837387288346,6.212837387290526,0
4579115,4579116,4579118,short,3292.88,3293.438583181351,loss,-8.885831813509686,5.585831813510576,2
4579128,4579129,4579130,long,3294.38,3293.7852360070287,loss,-9.24763992971366,5.947639929713079,1
4580242,4580243,4580247,short,3374.0,3375.622406141126,loss,-19.524061411257936,16.22406141125668,4
4580256,4580257,4580265,short,3372.0,3373.546317916173,loss,-18.763179161729386,15.463179161730562,8
4585015,4585016,4585017,long,3365.02,3364.1349973056263,loss,-12.150026943737249,8.850026943737307,1
4585027,4585028,4585037,short,3362.52,3360.8272497173825,win,13.627502826174531,10.461991857957184,9
4585309,4585310,4585314,short,3357.83,3355.9439201836485,win,15.560798163514118,11.656859186350358,4
4586749,4586750,4586758,short,3322.06,3320.4765725629964,win,12.534274370035927,9.786325321407823,8
4587310,4587311,4587316,long,3335.42,3334.7787772074025,loss,-9.712227925975458,6.4122279259739665,5
4587863,4587864,4587865,long,3307.8,3307.055614260653,loss,-10.743857393473082,7.443857393474583,1
4588398,4588399,4588402,long,3340.19,3342.216909218796,win,16.969092187959358,12.527251043239493,3
4588552,4588553,4588557,long,3327.56,3326.1550710276006,loss,-17.349289723993753,14.04928972399342,4
4590504,4590505,4590508,long,3374.14,3376.2634701485918,win,17.934701485918776,13.12404294556098,3
4592336,4592337,4592338,long,3425.64,3423.985687151782,loss,-19.843128482180692,16.54312848217889,1
4594010,4594011,4594013,long,3399.53,3397.540919896804,loss,-23.19080103196102,19.89080103196241,2
4594080,4594081,4594090,short,3400.56,3398.488821856599,win,17.411781434010845,12.800853791106157,9
4594135,4594136,4594136,short,3397.68,3398.5294580918376,loss,-11.794580918377324,8.494580918376208,0
4594537,4594538,4594539,short,3398.13,3396.0190929269015,win,17.809070730985876,13.04639723793963,1
4594843,4594844,4594847,long,3394.0,3393.07314174143,loss,-12.568582585700643,9.26858258570157,3
4595274,4595275,4595276,long,3389.74,3388.006803910952,loss,-20.631960890478513,17.331960890478037,1
4596887,4596888,4596889,short,3390.76,3389.6810472359043,win,7.489527640959023,6.668434883163428,1
4597957,4597958,4597960,short,3371.78,3370.57079902639,win,8.792009736102226,7.473429997591923,2
4600391,4600392,4600393,long,3361.68,3363.0349758361017,win,10.249758361018575,8.374387120530475,1
4601027,4601028,4601034,long,3381.25,3380.497023332559,loss,-10.829766674410894,7.529766674411357,6
4602299,4602300,4602300,short,3319.09,3319.8202213418112,loss,-10.602213418111024,7.302213418109236,0
4602301,4602302,4602313,short,3318.78,3317.5731828289795,win,8.768171710207024,7.458696977876944,11
4602465,4602466,4602466,long,3323.96,3323.3740724604017,loss,-9.159275395982878,5.859275395983319,0
4602471,4602472,4602472,short,3321.73,3322.336435334114,loss,-9.364353341139395,6.064353341139698,0
4604505,4604506,4604507,long,3346.87,3346.0812866655037,loss,-11.187133344961513,7.8871333449614065,1
4604510,4604511,4604512,long,3347.23,3346.400240890128,loss,-11.59759109872157,8.29759109872084,1
4604516,4604517,4604521,long,3347.34,3346.5387071266546,loss,-11.312928733455738,8.012928733457919,4
4604595,4604596,4604599,short,3339.04,3339.915395368705,loss,-12.053953687050853,8.753953687051892,3
4605861,4605862,4605863,short,3283.94,3285.274963069005,loss,-16.649630690049708,13.349630690050077,1
4605889,4605890,4605892,long,3285.72,3287.7502538580284,win,17.002538580285727,12.547922484725115,2
4609270,4609271,4609273,long,3338.69,3339.5690666267396,win,5.490666267395864,5.433044664645834,2
4609344,4609345,4609347,long,3338.35,3337.875143564364,loss,-8.048564356359567,4.748564356361224,2
4609353,4609354,4609358,long,3338.91,3339.719714388465,win,4.797143884651814,5.004415256273698,4
4609654,4609655,4609663,long,3331.68,3333.2851418256846,win,12.751418256847682,9.920530443045742,8
4610441,4610442,4610446,short,3340.72,3341.7779502250337,loss,-13.87950225033892,10.579502250341019,4
4612963,4612964,4612965,short,3335.93,3334.942703679237,win,6.572963207626526,6.101955010894932,1
4614016,4614017,4614017,short,3307.31,3308.1206099750902,loss,-11.406099750903014,8.106099750901494,0
4614020,4614021,4614022,short,3307.2,3305.7984102474206,win,10.715897525791842,8.662483019648407,1
4614637,4614638,4614641,long,3337.15,3336.714925685633,loss,-7.650743143672844,4.350743143670703,3
4616093,4616094,4616108,long,3302.9,3302.2772126134982,loss,-9.52787386501841,6.227873865019595,14
4618602,4618603,4618603,long,3318.32,3317.723911563116,loss,-9.260884368842017,5.960884368841888,0
4618616,4618617,4618617,short,3317.02,3317.618045073123,loss,-9.280450731231031,5.980450731229962,0
4618780,4618781,4618782,long,3324.87,3325.6036872754676,win,4.036872754676733,4.53453198682124,1
4620295,4620296,4620300,long,3368.63,3370.345681044205,win,13.856810442047571,10.603714735505601,4
4620953,4620954,4620956,long,3372.02,3371.3175927150733,loss,-10.324072849267214,7.024072849269292,2
4623108,4623109,4623111,long,3332.01,3333.5288329427085,win,11.888329427082862,9.387101005613163,2
4623301,4623302,4623303,long,3334.96,3335.837089634469,win,5.4708963446903,5.420825923790201,1
4623636,4623637,4623637,short,3339.3,3338.3077544587086,win,6.622455412915952,6.132543518488784,0
4623829,4623830,4623840,long,3337.07,3335.6447800869646,loss,-17.55219913035562,14.25219913035483,10
4624246,4624247,4624258,long,3348.72,3348.1119661791054,loss,-9.380338208944341,6.08033820894319,11
4625392,4625393,4625400,long,3337.64,3338.81787213088,win,8.478721308801322,7.279803033869536,7
4626452,4626453,4626457,long,3352.27,3353.530185228797,win,9.301852287971268,7.788536642752109,4
4626592,4626593,4626596,short,3357.03,3358.1270367980987,loss,-14.27036798098543,10.970367980986277,3
4626733,4626734,4626741,long,3355.23,3354.3306782836075,loss,-12.293217163924783,8.993217163925495,7
4626743,4626744,4626744,short,3353.46,3354.299879663431,loss,-11.698796634310202,8.39879663431137,0
4628159,4628160,4628160,long,3398.73,3397.9165741355714,loss,-11.434258644286093,8.134258644287845,0
4628166,4628167,4628171,short,3395.93,3394.59282044352,win,10.071795564798958,8.264397753274626,4
4628297,4628298,4628302,long,3394.77,3395.582762217608,win,4.827622176079967,5.023252271989131,4
4628996,4628997,4629000,long,3385.19,3386.1469938571154,win,6.269938571153216,5.914671552009725,3
4629091,4629092,4629094,long,3390.02,3389.3368866396145,loss,-10.131133603855051,6.831133603854207,2
4629225,4629226,4629232,short,3387.57,3388.034286185916,loss,-7.942861859156255,4.6428618591546025,6
4629238,4629239,4629249,long,3388.98,3389.9287050956427,win,6.1870509564270835,5.8634431127472295,10
4629493,4629494,4629494,short,3423.88,3425.2034608698928,loss,-16.534608698926423,13.23460869892867,0
4629508,4629509,4629511,long,3428.19,3429.923845581593,win,14.038455815929591,10.715980108733136,2
4629754,4629755,4629755,short,3431.19,3430.4016333509785,win,4.583666490215546,4.872476199143347,0
4630039,4630040,4630040,short,3421.12,3422.4598324204553,loss,-16.69832420455423,13.39832420455338,0
4630232,4630233,4630244,short,3421.74,3422.322334848753,loss,-9.123348487533622,5.8233484875346715,11
4630602,4630603,4630607,long,3422.88,3424.331001488717,win,11.210014887168835,8.967870758449065,4
4631072,4631073,4631075,short,3392.79,3393.453184252967,loss,-9.931842529668575,6.631842529666373,2
4631753,4631754,4631754,long,3376.86,3375.7549083470135,loss,-14.3509165298663,11.050916529864478,0
4631766,4631767,4631768,short,3373.67,3371.855498137007,win,14.845018629929836,11.214473813307327,1
4631921,4631922,4631925,long,3363.97,3365.159219920318,win,8.592199203180098,7.349937702830167,3
4633482,4633483,4633488,long,3341.18,3343.6872958475005,win,21.772958475006998,15.496266053775756,5
4633862,4633863,4633865,short,3338.62,3338.0084111698284,win,2.8158883017151313,3.779906243333784,2
4634858,4634859,4634861,short,3326.93,3328.0795291007726,loss,-14.795291007727247,11.495291007726752,2
4635360,4635361,4635372,long,3314.61,3313.8656749292018,loss,-10.74325070798368,7.443250707982186,11
4637221,4637222,4637223,long,3326.01,3327.1119686085203,win,7.7196860852011016,6.810683612609332,1
4637475,4637476,4637476,short,3326.67,3325.2523189088793,win,10.876810911208121,8.761935050190441,0
4638748,4638749,4638751,short,3310.05,3308.365691237289,win,13.543087627112254,10.409819299822312,2
4639010,4639011,4639015,short,3304.63,3302.0529228145983,win,22.470771854017766,15.927547499393192,4
4640084,4640085,4640094,long,3288.23,3289.795810994909,win,12.35810994909043,9.67744743454244,9
4640161,4640162,4640168,short,3293.56,3294.3830292045673,loss,-11.530292045673196,8.230292045673583,6
4640532,4640533,4640545,short,3345.91,3344.004933087279,win,15.750669127209402,11.774208360449958,12
4640651,4640652,4640656,short,3346.75,3347.5481315709403,loss,-11.281315709403135,7.981315709403369,4
4640658,4640659,4640662,long,3348.74,3347.9290540518273,loss,-11.409459481725026,8.109459481723592,3
4641886,4641887,4641894,long,3375.56,3374.456258750599,loss,-14.337412494010824,11.037412494010159,7
4642125,4642126,4642128,short,3376.01,3375.4003682431994,win,2.7963175680080896,3.7678106106358378,2
4643369,4643370,4643370,short,3379.44,3380.1944108239513,loss,-10.844108239512753,7.54410823951273,0
4643372,4643373,4643374,long,3381.81,3380.9915142434284,loss,-11.484857565715902,8.184857565716767,1
4644530,4644531,4644531,long,3368.09,3370.2391852944447,win,18.19185294444578,13.28297462573794,0
4644531,4644532,4644541,long,3371.16,3373.484985042328,win,19.949850423280804,14.369499643559786,9
4646475,4646476,4646479,short,3395.86,3393.280090886188,win,22.499091138119365,15.945050147169395,3
4646590,4646591,4646616,long,3386.67,3388.7477916244616,win,17.47791624461497,12.841728210516239,25
4647782,4647783,4647784,long,3396.14,3395.2489345181843,loss,-12.210654818155309,8.910654818155441,1
4648881,4648882,4648884,long,3344.94,3346.1293635249585,win,8.593635249584803,7.350825246962174,2
4650271,4650272,4650273,long,3349.53,3348.738800992787,loss,-11.211990072129812,7.911990072127626,1
4650281,4650282,4650282,short,3347.47,3346.294470912531,win,8.455290874689307,7.2653219250236765,0
4651226,4651227,4651229,long,3366.38,3365.6926913800585,loss,-10.173086199416321,6.873086199418455,2
4653054,4653055,4653055,short,3336.22,3336.8723975002445,loss,-9.823975002446605,6.523975002448393,0
4653056,4653057,4653060,short,3336.07,3336.741970521764,loss,-10.019705217637966,6.719705217640175,3
4654819,4654820,4654823,long,3342.73,3344.505849396219,win,14.458493962192005,10.975583412973643,3
4655426,4655427,4655435,short,3346.87,3346.1175145808993,win,4.224854191005943,4.650713344254651,8
4655495,4655496,4655497,short,3345.56,3344.2892917604217,win,9.40708239578198,7.8535737922018365,1
4656656,4656657,4656660,short,3337.22,3337.772818102292,loss,-8.828181022923491,5.528181022924543,3
4657330,4657331,4657338,long,3316.63,3316.202289814013,loss,-7.577101859870527,4.277101859868613,7
4657530,4657531,4657531,long,3315.58,3316.65890417969,win,7.489041796901984,6.668134608716481,0
4658088,4658089,4658090,short,3325.38,3325.93393255734,loss,-8.839325573399766,5.539325573397926,1
4658101,4658102,4658104,short,3324.87,3323.9378927491794,win,6.0210725082053616,5.760860635477824,2
4658701,4658702,4658702,short,3347.47,3347.8587168683302,loss,-7.18716868330448,3.887168683304783,0
4658705,4658706,4658710,long,3348.44,3349.053975254104,win,2.839752541039343,3.7946554641777768,4
4658710,4658711,4658712,long,3349.1,3348.7469078290333,loss,-6.830921709666472,3.5309217096661327,1
4661181,4661182,4661182,short,3375.1,3372.86592348848,win,19.040765115200156,13.807642222001483,0
4661182,4661183,4661185,short,3372.77,3370.428886179505,win,20.111138204951384,14.469183068572832,2
4663740,4663741,4663742,short,3377.09,3375.5858119796812,win,11.741880203189066,9.296588506296338,1
4663766,4663767,4663768,short,3375.62,3373.9880470502044,win,13.019529497955045,10.086235783656875,1
4665051,4665052,4665058,short,3375.51,3374.2505639734445,win,9.294360265557042,7.783906220988452,6
4665079,4665080,4665082,long,3376.49,3377.627789199956,win,8.077891999563871,7.03207169318044,2
4665446,4665447,4665447,short,3395.18,3395.773521180836,loss,-9.235211808359782,5.935211808360495,0
4665451,4665452,4665456,short,3394.81,3393.9144572897985,win,5.655427102014255,5.534874599515103,4
4665905,4665906,4665908,short,3385.54,3386.2780955353865,loss,-10.68095535386492,7.380955353865096,2
4665909,4665910,4665916,long,3387.06,3388.43007934503,win,10.400793450302626,8.467733900064198,6
4666817,4666818,4666822,long,3416.29,3417.159033230184,win,5.39033230183959,5.371033561088609,4
4666879,4666880,4666881,short,3417.95,3418.35975519326,loss,-7.397551932600254,4.097551932601695,1
4666882,4666883,4666883,long,3419.04,3419.734152145725,win,3.641521457251838,4.290186314740742,0
4667443,4667444,4667451,short,3407.82,3407.0742063898215,win,4.1579361017868,4.609354821869589,7
4670329,4670330,4670331,long,3478.95,3477.942959155233,loss,-13.370408447668343,10.070408447669493,1
4670334,4670335,4670340,short,3476.32,3477.30252203441,loss,-13.125220344096125,9.82522034409582,5
4670342,4670343,4670343,long,3479.56,3481.1790996684776,win,12.890996684777019,10.00679646772344,0
4671358,4671359,4671363,long,3532.54,3531.6396987468024,loss,-12.303012531975401,9.00301253197699,4
4671844,4671845,4671846,short,3545.09,3546.4084824557804,loss,-16.48482455780213,13.184824557804179,1
4671848,4671849,4671851,short,3544.32,3542.095228053576,win,18.947719464239707,13.750135639207345,2
4672332,4672333,4672341,long,3565.45,3564.4613591154066,loss,-13.186408845932238,9.886408845934133,8
4674693,4674694,4674697,long,3583.93,3588.4069371220585,win,41.46937122058644,27.66957430196861,3
4675059,4675060,4675070,long,3595.21,3594.46963449249,loss,-10.703655075099778,7.403655075098605,10
4675197,4675198,4675202,short,3590.41,3588.53819822476,win,15.418017752398736,11.568614185659852,4
4675299,4675300,4675300,long,3590.79,3592.5185835230764,win,13.98583523076395,10.683458115428316,0
4676126,4676127,4676139,long,3635.85,3638.814374711095,win,26.343747110949334,18.321228127903133,12
4677139,4677140,4677146,long,3646.92,3649.0962994991046,win,18.46299499104516,13.450553146506161,6
4677332,4677333,4677337,short,3651.08,3649.777164195942,win,9.728358040578495,8.05213723150609,4
4678097,4678098,4678114,long,3626.88,3630.0837839698934,win,28.737839698932657,19.800889801565127,16
4679435,4679436,4679437,short,3642.81,3643.794577272905,loss,-13.145772729049714,9.845772729051545,1
4679452,4679453,4679461,long,3646.79,3645.7668831511046,loss,-13.5311684889537,10.231168488955115,8
4681436,4681437,4681437,short,3649.0,3649.7991487067184,loss,-11.291487067183699,7.991487067181642,0
4683634,4683635,4683641,long,3680.06,3681.7718519237715,win,13.81851923771519,10.580048972629799,6
4684596,4684597,4684600,short,3686.59,3687.23012259025,loss,-9.701225902500301,6.401225902501723,3
4684600,4684601,4684623,long,3687.8,3688.834097222577,win,7.040972225767473,6.391206567223638,22
4685042,4685043,4685051,short,3677.29,3675.342256591792,win,16.177434082077706,12.037969148378593,8
4685155,4685156,4685158,short,3680.97,3681.4362187762463,loss,-7.962187762464782,4.662187762462906,2
4685163,4685164,4685166,short,3680.59,3681.03185610673,loss,-7.718561067300288,4.418561067301836,2
4687411,4687412,4687413,short,3641.12,3641.6599453702515,loss,-8.69945370251644,5.399453702515982,1
4687953,4687954,4687959,long,3659.74,3660.965286450853,win,8.952864508532183,7.572845802554522,5
4689725,4689726,4689726,short,3724.84,3723.5662551411465,win,9.437448588536608,7.872341525671347,0
4689915,4689916,4689918,long,3720.8,3723.2964697476127,win,21.664697476125365,15.429355671275955,2
4690421,4690422,4690428,short,3745.59,3746.410748073778,loss,-11.507480737778497,8.207480737776976,6
4693809,4693810,4693813,long,3758.65,3760.0890057834304,win,11.090057834302751,8.893731665204628,3
4694829,4694830,4694839,long,3746.57,3747.631708077846,win,7.3170807784565115,6.56185462203815,9
4696346,4696347,4696354,long,3818.07,3816.251859983866,loss,-21.481400161342936,18.181400161341205,7
4696362,4696363,4696364,short,3813.19,3814.726624176169,loss,-18.666241761689708,15.366241761688041,1
4696367,4696368,4696369,short,3812.26,3809.824464003728,win,21.055359962723923,15.052756466454346,1
4698045,4698046,4698046,short,3811.21,3813.103544926765,loss,-22.235449267651166,18.935449267651173,0
4698049,4698050,4698056,long,3815.38,3813.467960889329,loss,-22.420391106712305,19.120391106710564,6
4698056,4698057,4698059,short,3810.44,3812.4427141855595,loss,-23.327141855593982,20.02714185559248,2
4699330,4699331,4699332,short,3886.25,3887.3031655474374,loss,-13.83165547437402,10.531655474374153,1
4699341,4699342,4699345,short,3885.45,3883.7741623537827,win,13.458376462171326,10.357463820872894,3
4699540,4699541,4699548,long,3874.89,3878.2013882669135,win,29.81388266913582,20.465934900579324,7
4699714,4699715,4699721,long,3871.16,3870.2578898888023,loss,-12.321101111975441,9.021101111977261,6
4702463,4702464,4702465,long,3884.31,3883.056991671688,loss,-15.830083283118075,12.53008328311983,1
4702467,4702468,4702480,long,3884.79,3883.557687730267,loss,-15.623122697330292,12.323122697328618,12
4702498,4702499,4702502,short,3882.73,3880.7957758056023,win,16.04224194397757,11.954414056846637,3
4702865,4702866,4702867,short,3899.61,3901.157849273787,loss,-18.77849273787051,15.478492737868358,1
4702871,4702872,4702874,long,3903.66,3906.245298528926,win,22.552985289261596,15.978359264068711,2
4702982,4702983,4702983,short,3919.51,3920.7275841634328,loss,-15.47584163432548,12.17584163432702,0
4702989,4702990,4702991,long,3923.25,3922.0545216918663,loss,-15.254783081337155,11.954783081338084,1
4703272,4703273,4703274,long,3936.83,3940.1467480607307,win,29.86748060730788,20.49906094394884,1
4704197,4704198,4704201,long,3971.32,3969.634830719411,loss,-20.151692805889798,16.851692805888202,3
4704558,4704559,4704560,long,3964.33,3962.8292588673016,loss,-18.307411326982947,15.00741132698134,1
4704577,4704578,4704581,short,3960.85,3962.2599191673894,loss,-17.399191673894894,14.099191673895021,3
4705332,4705333,4705334,short,3978.95,3980.158110677965,loss,-15.381106779651237,12.08110677965348,1
4705350,4705351,4705353,long,3981.5,3980.386908525269,loss,-14.430914747309362,11.130914747309692,2
4705358,4705359,4705359,long,3982.34,3981.232356847582,loss,-14.376431524179498,11.076431524177407,0
4705363,4705364,4705365,short,3979.42,3980.5181398422164,loss,-14.281398422163694,10.981398422165919,1
4705408,4705409,4705414,long,3982.72,3981.95308343263,loss,-10.969165673696626,7.669165673697656,5
4706102,4706103,4706103,short,4036.1,4033.98462227287,win,17.853777271297258,13.074027979787036,0
4706255,4706256,4706256,short,4032.41,4033.648908085316,loss,-15.68908085316325,12.389080853161266,0
4707522,4707523,4707524,short,4036.66,4034.614994709421,win,17.15005290578956,12.639093266865414,1
4708356,4708357,4708358,long,3992.23,3990.3716752165215,loss,-21.883247834785653,18.583247834785865,1
4708730,4708731,4708732,short,3968.31,3965.2148920937034,win,27.651079062965618,19.129220681684018,1
4709012,4709013,4709015,short,3993.7,3991.2638387865836,win,21.061612134161987,15.05662060207728,2
4709085,4709086,4709088,short,3984.53,3980.9591583973,win,32.40841602700057,22.069478385042792,2
4710128,4710129,4710130,long,4071.46,4069.6744548345287,loss,-21.15545165471376,17.855451654712134,1
4710137,4710138,4710141,long,4073.01,4075.7126272068845,win,23.726272068842444,16.70350560497174,3
4710221,4710222,4710226,long,4075.44,4078.0675402007464,win,22.975402007463526,16.239432637493145,4
4711982,4711983,4711985,long,4134.52,4138.975944343601,win,41.259443436010045,27.53982907046156,2
4712238,4712239,4712240,long,4149.91,4148.69626625771,loss,-15.437337422900601,12.137337422901417,1
4712247,4712248,4712248,short,4145.65,4143.575818440919,win,17.441815590808982,12.819416310757498,0
4712820,4712821,4712828,long,4191.38,4189.371424610684,loss,-23.3857538931632,20.085753893161336,7
4713158,4713159,4713161,short,4196.49,4193.546297221318,win,26.137027786816542,18.193465875658724,2
4713385,4713386,4713386,short,4194.67,4190.551712531554,win,37.88287468446397,25.452950979270927,0
4713833,4713834,4713836,short,4206.51,4208.108083635884,loss,-19.280836358839952,15.980836358841572,2
4716359,4716360,4716363,short,4230.39,4225.592702666425,win,44.672973335754435,29.649550887361865,3
4717582,4717583,4717584,short,4343.42,4345.369063415887,loss,-22.79063415886485,19.49063415886379,1
4717600,4717601,4717613,long,4348.04,4350.837379627133,win,24.673796271326136,17.289120068803193,12
4717982,4717983,4717984,long,4363.95,4367.614269994033,win,33.342699940330206,22.646909728265452,1
4719524,4719525,4719526,short,4107.16,4110.2023783320465,loss,-33.7237833204661,30.423783320464242,1
4720049,4720050,4720052,long,4031.3,4025.292553248689,loss,-63.37446751311363,60.07446751311156,2
4720722,4720723,4720726,long,4093.74,4090.222289376013,loss,-38.477106239866586,35.17710623986583,3
4720801,4720802,4720803,long,4083.2,4088.8627718384596,win,53.32771838459776,34.998589854510264,1
4721170,4721171,4721175,short,4113.57,4109.242886598516,win,39.97113401483985,26.743593334263405,4
4721436,4721437,4721438,short,4111.72,4107.813587164444,win,35.76412835556694,24.143466227175637,1
4721640,4721641,4721647,short,4141.32,4144.26137474214,loss,-32.713747421403966,29.413747421401375,6
4722271,4722272,4722272,short,4110.24,4112.414029670288,loss,-25.040296702882916,21.740296702886294,0
4722278,4722279,4722289,short,4109.44,4111.470752099471,loss,-23.607520994711013,20.307520994712828,10
4722291,4722292,4722297,long,4116.79,4114.661761904735,loss,-24.582380952652603,21.282380952650303,5
4723857,4723858,4723863,long,4082.63,4080.4408551452984,loss,-25.191448547016808,21.89144854701541,5
4723887,4723888,4723888,short,4078.0,4075.1105155018176,win,25.594844981823552,17.85837143499648,0
4723968,4723969,4723970,long,4068.89,4066.9561247813176,loss,-22.638752186822604,19.33875218682092,1
4724100,4724101,4724102,short,4040.63,4036.7414110214295,win,35.58588978570624,24.03330641885385,1
4724591,4724592,4724597,short,4002.81,4004.674151152049,loss,-21.941511520490895,18.641511520491633,5
4725601,4725602,4725608,short,3921.61,3923.794312645666,loss,-25.143126456660685,21.843126456662628,6
4728018,4728019,4728027,long,3965.99,3971.2892446846986,win,49.69244684698806,32.751821289857205,8
4728534,4728535,4728539,short,3996.26,3999.7508980751886,loss,-38.20898075188397,34.90898075188519,4
4728829,4728830,4728834,short,4020.97,4018.3297509524286,win,23.1024904757116,16.31797928041582,4
4729407,4729408,4729409,long,4013.38,4011.248921702799,loss,-24.610782972009293,21.310782972009054,1
4730048,4730049,4730050,long,3988.67,3992.6428892439753,win,36.4288924397526,24.554321656213062,1
4730971,4730972,4730972,short,3994.88,3996.5490980413897,loss,-19.990980413895887,16.690980413897783,0
4730973,4730974,4730974,long,3999.89,3998.086691118921,loss,-21.333088810789196,18.033088810791423,0
4730979,4730980,4730983,long,4001.28,3999.477730941929,loss,-21.322690580710333,18.02269058070869,3
4731175,4731176,4731178,short,4012.04,4008.8059370935785,win,29.040629064215135,19.98802785180106,2
4731863,4731864,4731867,long,3984.57,3988.340692082191,win,34.406920821906354,23.304648221201678,3
4732390,4732391,4732394,short,3992.64,3993.652377105626,loss,-13.423771056260012,10.12377105625774,3
4734157,4734158,4734163,long,3982.98,3984.9117975428694,win,16.017975428693898,11.939416210565474,5
4734723,4734724,4734724,long,3988.05,3987.248458822587,loss,-11.315411774131281,8.015411774129312,0
4734817,4734818,4734818,long,3989.63,3988.234572053544,loss,-17.254279464560387,13.95427946456005,0
4734827,4734828,4734829,short,3985.67,3987.0012916045453,loss,-16.612916045451858,13.312916045454124,1
4734847,4734848,4734851,short,3985.12,3983.2718198327234,win,15.181801672764959,11.42262155300718,3
4734940,4734941,4734942,long,4009.91,4012.3009570540203,win,20.609570540204185,14.777237663907346,1
4735434,4735435,4735436,long,3983.48,3981.120078615484,loss,-26.899213845159284,23.599213845159007,1
4735457,4735458,4735460,long,3982.27,3980.0666989297215,loss,-25.33301070278485,22.03301070278501,2
4735470,4735471,4735472,long,3984.56,3982.6380612673406,loss,-22.51938732659328,19.21938732659444,1
4735479,4735480,4735482,short,3978.58,3975.273396873958,win,29.76603126041864,20.436360482334667,2
4735690,4735691,4735703,short,3982.31,3980.2756732587086,win,17.04326741291352,12.57309481638765,12
4736999,4737000,4737003,short,4003.56,4004.8192225609682,loss,-15.892225609682828,12.592225609684965,3
4737040,4737041,4737042,short,4002.98,4000.7008284481894,win,19.491715518105774,14.08635075284744,1
4738267,4738268,4738273,long,4098.1,4100.176385076435,win,17.46385076434235,12.833035083029026,5
4738739,4738740,4738747,long,4137.04,4135.153977733803,loss,-22.160222661969602,18.860222661969843,7
4739302,4739303,4739309,short,4140.28,4138.210651248582,win,17.39348751418147,12.789547289359083,6
4741162,4741163,4741164,short,4192.67,4194.660750204115,loss,-23.20750204115102,19.90750204114794,1
4745504,4745505,4745510,long,4036.66,4033.530830051374,loss,-34.591699486259856,31.291699486261198,5
4746894,4746895,4746896,short,4072.89,4070.490615024917,win,20.693849750827393,14.829326174800839,1
4747521,4747522,4747523,long,4111.63,4114.519946360523,win,25.599463605230266,17.861225961207907,1
4747976,4747977,4747978,long,4086.15,4090.260206173411,win,37.80206173410916,25.403004780041414,1
4748584,4748585,4748587,short,4066.5,4068.5668275358466,loss,-23.968275358466418,20.668275358467902,2
4749293,4749294,4749295,long,4059.61,4055.8745410453553,loss,-40.65458954644855,37.35458954644651,1
4749374,4749375,4749378,long,4063.9,4067.725563041511,win,34.95563041511032,23.643776523555022,3
4749490,4749491,4749496,long,4079.11,4077.295526239608,loss,-21.444737603920476,18.14473760391839,5
4749503,4749504,4749518,long,4079.51,4078.054397295519,loss,-17.856027044814073,14.556027044812838,14
4750271,4750272,4750275,long,4044.03,4041.3050742965074,loss,-30.549257034927724,27.24925703492671,3
4750688,4750689,4750693,short,4081.86,4084.050009560764,loss,-25.200095607638833,21.900095607637216,4
4751500,4751501,4751502,long,4063.35,4065.986647487084,win,23.066474870842466,16.295719944896554,1
4751576,4751577,4751579,long,4072.9,4075.9237386320433,win,26.93738632043205,18.688125043528984,2
4751948,4751949,4751953,long,4094.81,4092.914750989385,loss,-22.252490106148617,18.952490106148343,4
4752270,4752271,4752278,long,4132.61,4134.075097626838,win,11.35097626838542,9.054991513217157,7
4753674,4753675,4753675,long,4131.85,4133.388109539508,win,12.081095395077863,9.506239428354512,0
4754790,4754791,4754793,short,4166.18,4167.352833894167,loss,-15.028338941666153,11.728338941662601,2
4754812,4754813,4754814,short,4166.32,4167.366242073063,loss,-13.76242073063695,10.462420730637094,1
4754817,4754818,4754824,long,4168.94,4167.901386216011,loss,-13.686137839886943,10.386137839890882,6
4755353,4755354,4755357,short,4146.43,4144.634371842,win,14.656281579999995,11.097825451174723,3
4756834,4756835,4756865,short,4161.27,4164.076543752929,loss,-31.36543752928519,28.065437529289287,30
4757544,4757545,4757546,short,4218.87,4220.44582701591,loss,-19.058270159103632,15.758270159099826,1
4757547,4757548,4757548,long,4224.23,4226.949336509441,win,23.893365094417458,16.806776943396653,0
4759205,4759206,4759206,short,4215.51,4216.638081068024,loss,-14.580810680236755,11.280810680236375,0
4760209,4760210,4760214,short,4207.89,4206.5461138051905,win,10.138861948097837,8.305847928364829,4
4760395,4760396,4760400,short,4214.83,4216.487833767768,loss,-19.878337677683522,16.578337677685433,4
4760689,4760690,4760696,long,4209.65,4208.160727323046,loss,-18.192726769539878,14.892726769540397,6
4760722,4760723,4760723,short,4205.2,4203.183005105295,win,16.869948947050215,12.465975863444406,0
4760801,4760802,4760802,long,4207.43,4209.532837628259,win,17.72837628258385,12.996524278481314,0
4762182,4762183,4762189,short,4191.1,4188.608942168361,win,21.610578316394093,15.395907488498414,6
4762310,4762311,4762314,short,4198.79,4197.134656019248,win,13.253439807521499,10.230803342100332,3
4762894,4762895,4762898,short,4205.63,4206.542891071919,loss,-12.428910719191482,9.128910719189777,3
4763440,4763441,4763443,long,4227.33,4229.167938067895,win,15.079380678952656,11.359320567955173,2
4764391,4764392,4764396,long,4203.43,4207.465326952816,win,37.05326952815922,24.94021602482042,4
4764397,4764398,4764401,long,4207.92,4205.661425803915,loss,-25.885741960847373,22.585741960843876,3
4764810,4764811,4764811,short,4214.5,4212.575308851312,win,15.94691148687998,11.895495356537511,0
4766449,4766450,4766451,long,4205.25,4204.324828782188,loss,-12.551712178120216,9.251712178118654,1
4766569,4766570,4766571,short,4201.49,4198.5493571842135,win,26.106428157863046,18.174553867654087,1
4767772,4767773,4767775,short,4191.78,4189.852136800834,win,15.978631991655856,11.91510011845134,2
4768962,4768963,4768968,long,4213.33,4212.281977801309,loss,-13.780221986908874,10.480221986907452,5
4768970,4768971,4768971,long,4214.0,4212.994291679467,loss,-13.357083205329037,10.057083205332061,0
4768974,4768975,4768975,short,4211.74,4212.756825403434,loss,-13.468254034342682,10.168254034343743,0
4769597,4769598,4769605,long,4278.07,4281.18114602151,win,27.81146021510649,19.22834376706434,7
4770212,4770213,4770213,long,4269.02,4268.271211341917,loss,-10.787886580838677,7.487886580837879,0
4771540,4771541,4771542,short,4326.79,4327.775679829832,loss,-13.156798298324066,9.85679829832805,1
4772223,4772224,4772226,long,4326.76,4323.727476767162,loss,-33.62523232837775,30.32523232837531,2
4772377,4772378,4772382,short,4301.66,4303.197606465757,loss,-18.676064657575626,15.376064657576933,4
4772382,4772383,4772383,long,4305.17,4303.482887915743,loss,-20.171120842570236,16.87112084256632,0
4772386,4772387,4772394,long,4306.99,4309.884275826596,win,25.642758265966403,17.887984095158938,7
4773567,4773568,4773569,short,4322.41,4325.442377931183,loss,-33.62377931182964,30.32377931183149,1
4774767,4774768,4774769,long,4318.32,4319.832150733888,win,11.8215073388812,9.345801816363968,1
4776597,4776598,4776602,short,4327.5,4324.4459587835545,win,27.24041216445512,18.875409248738077,4
4777064,4777065,4777065,long,4318.83,4318.018089745716,loss,-11.419102542841575,8.119102542842963,0
4777067,4777068,4777080,long,4320.24,4321.672296375278,win,11.022963752783834,8.85226437131461,12
4777184,4777185,4777188,short,4324.45,4325.635856544548,loss,-15.158565445481873,11.858565445483686,3
4777894,4777895,4777898,long,4355.11,4353.793861396217,loss,-16.46138603782747,13.161386037823155,3
4779826,4779827,4779827,short,4483.93,4484.959875052571,loss,-13.598750525707874,10.298750525705508,0
4780788,4780789,4780798,long,4493.47,4495.2876765300725,win,14.876765300722763,11.234094747048841,9
4782778,4782779,4782790,long,4509.61,4507.826189888111,loss,-21.1381011188867,17.838101118884914,11
4785974,4785975,4785976,short,4363.83,4361.512117864535,win,19.8788213546497,14.325600342798044,1
4785976,4785977,4785988,short,4361.78,4359.392022734272,win,20.57977265727386,14.758821172605833,11
4787954,4787955,4787956,long,4376.66,4379.19733789905,win,22.073378990498167,15.681940043568405,1
4788805,4788806,4788810,long,4330.42,4331.840006637981,win,10.900066379808049,8.776308022128832,4
4788999,4789000,4789010,short,4392.54,4396.0286143789435,loss,-38.18614378943566,34.886143789437384,10
4789365,4789366,4789368,long,4424.37,4426.991574013878,win,22.91574013877762,16.202558800234694,2
4790286,4790287,4790292,short,4436.58,4433.586331909582,win,26.636680904174863,18.50227497167559,5
4791312,4791313,4791315,short,4485.6,4483.218523727814,win,20.514762721867736,14.71864197890723,2
4791456,4791457,4791459,long,4483.75,4482.2799163415975,loss,-18.00083658402473,14.700836584021491,2
4791464,4791465,4791466,long,4484.3,4486.481438002544,win,18.51438002543473,13.482311511394908,1
4792886,4792887,4792888,short,4455.64,4453.228832021368,win,20.811679786319655,14.90215067139873,1
4793391,4793392,4793401,long,4424.55,4429.146156891703,win,42.661568917027765,28.406408477766032,9
4794057,4794058,4794064,long,4461.69,4459.886968517955,loss,-21.330314820443892,18.03031482044544,6
4794093,4794094,4794098,short,4457.79,4455.466697549952,win,19.933024500477767,14.359100432928885,4
4794774,4794775,4794778,long,4470.63,4473.033592458291,win,20.73592458291314,14.85533039735062,3
4795409,4795410,4795412,long,4508.52,4506.505869103783,loss,-23.441308962174663,20.141308962173934,2
4795983,4795984,4795988,short,4575.08,4572.442396681192,win,23.076033188080327,16.301627433920746,4
4796349,4796350,4796351,short,4592.58,4590.277736151944,win,19.722638480561,14.229071990457522,1
4796827,4796828,4796833,long,4616.6,4619.639954143815,win,27.099541438146115,18.788344522955438,5
4798660,4798661,4798669,long,4619.93,4618.1876131177305,loss,-20.723868822697842,17.423868822694384,8
4799296,4799297,4799297,long,4637.18,4635.8734444481015,loss,-16.365555518987822,13.065555518988598,0
4800592,4800593,4800600,long,4621.37,4620.146523316997,loss,-15.534766830024456,12.234766830028137,7
4800868,4800869,4800869,long,4616.75,4620.395571796359,win,33.15571796359036,22.531346083800187,0
4803459,4803460,4803460,long,4672.46,4671.05907432707,loss,-17.309256729295885,14.009256729296764,0
4803467,4803468,4803468,short,4668.69,4670.0762404585885,loss,-17.162404585888726,13.862404585884663,0
4803678,4803679,4803684,short,4671.35,4670.032051535866,win,9.879484641341332,8.145540569433395,5
4805898,4805899,4805906,long,4865.58,4863.585311323943,loss,-23.246886760571943,19.946886760575012,7
4805912,4805913,4805913,short,4863.05,4864.746672181716,loss,-20.26672181716167,16.966721817165407,0
4805917,4805918,4805926,short,4861.89,4863.659813790476,loss,-20.998137904753822,17.69813790475058,8
4805931,4805932,4805936,long,4865.17,4867.6525039637045,win,21.525039637044028,15.343040566776704,4
4806174,4806175,4806176,short,4852.76,4844.45185932893,win,79.7814067106985,51.34821181131135,1
4806938,4806939,4806939,short,4794.17,4795.563223744402,loss,-17.232237444023486,13.932237444021798,0
4806940,4806941,4806942,long,4798.34,4800.809374347794,win,21.39374347793746,15.261893373262549,1
4807119,4807120,4807121,long,4835.37,4833.445305515444,loss,-22.54694484556312,19.246944845565235,1
4809054,4809055,4809056,long,4987.04,4984.521542418373,loss,-28.48457581626535,25.18457581626322,1
4809062,4809063,4809066,short,4981.1,4983.456165418922,loss,-26.861654189215916,23.561654189212817,3
4809529,4809530,4809538,long,5083.35,5089.951947667014,win,62.719476670135194,40.8031376206008,8
4811167,4811168,4811173,long,5086.24,5090.21518795197,win,36.45187951969929,24.568528751360276,5
4811217,4811218,4811219,long,5090.52,5095.692094365966,win,48.42094365965677,31.965972595583096,1
4811877,4811878,4811897,long,5088.79,5094.125552668314,win,50.05552668314449,32.976221683031625,19
4812079,4812080,4812081,short,5175.07,5179.354565469798,loss,-46.14565469798508,42.84565469798093,1
4814315,4814316,4814316,short,5526.65,5519.1950529484575,win,71.24947051542149,46.07507448418954,0
4816427,4816428,4816428,long,4748.06,4768.517198290091,win,201.27198290090672,126.43509449994251,0
4816819,4816820,4816821,short,4617.67,4629.017804064528,loss,-116.77804064527736,113.47804064527953,1
4816827,4816828,4816832,long,4649.8,4638.412911617232,loss,-117.17088382768524,113.8708838276816,4
4818302,4818303,4818304,long,4923.64,4919.71721184317,loss,-42.527881568303926,39.22788156830356,1
4819232,4819233,4819233,short,5040.57,5046.243737397641,loss,-60.037373976411615,56.7373739764088,0
4819244,4819245,4819249,long,5056.02,5064.601966420971,win,82.51966420970275,53.04058356594556,4
4820708,4820709,4820712,short,4873.63,4864.060648453268,win,92.39351546731923,59.14308743344802,3
4820712,4820713,4820713,short,4863.52,4869.589617335037,loss,-63.996173350361275,60.696173350361924,0
4821490,4821491,4821495,short,4865.87,4871.88527918093,loss,-63.4527918093052,60.15279180930476,4
4821548,4821549,4821553,short,4853.59,4858.592426227897,loss,-53.324262278966486,50.02426227896707,4
4823846,4823847,4823852,long,4998.61,5004.313424131238,win,53.73424131238535,35.24984011890467,5
4823920,4823921,4823922,long,5020.13,5017.014378964496,loss,-34.456210355038635,31.156210355036634,1
4823933,4823934,4823935,short,5012.52,5015.482472425182,loss,-32.924724251816585,29.624724251815614,1
4823940,4823941,4823941,short,5008.26,5011.318081181375,loss,-33.880811813752004,30.58081181375062,0
4823966,4823967,4823968,short,5011.42,5015.369267330522,loss,-42.79267330522161,39.49267330522394,1
4825699,4825700,4825703,long,5015.85,5019.7049719089655,win,35.249719089651265,23.82553713822974,3
4828010,4828011,4828013,long,5065.44,5067.51971533183,win,17.49715331830812,12.853617625654634,2
4828592,4828593,4828593,long,4925.51,4922.361804772331,loss,-34.781952276690205,31.481952276691825,0
4828601,4828602,4828610,short,4919.08,4921.817699111598,loss,-30.676991115979764,27.376991115982058,8
4828739,4828740,4828740,long,4944.83,4952.861970232255,win,77.01970232254935,49.641348777841515,0
4829931,4829932,4829933,short,5023.58,5026.104063457002,loss,-28.5406345700183,25.240634570020152,1
4832238,4832239,4832243,long,4876.84,4885.888173309871,win,87.18173309870436,55.921961124042504,4
4832539,4832540,4832541,short,4877.14,4879.652744475502,loss,-28.42744475501677,25.127444755020747,1
4832542,4832543,4832546,long,4884.19,4881.476578576394,loss,-30.434214236057233,27.13421423606156,3
4832548,4832549,4832550,short,4875.55,4878.105722037619,loss,-28.857220376185797,25.557220376189868,1
4832777,4832778,4832780,long,4889.59,4887.266726501172,loss,-26.532734988278026,23.232734988275155,2
4836598,4836599,4836601,long,5073.45,5071.798917934738,loss,-19.81082065262017,16.510820652624176,2
4836603,4836604,4836612,long,5073.8,5076.334664068617,win,22.04664068616621,15.665414515556124,8
4836943,4836944,4836947,long,5164.35,5168.127721141278,win,34.477211412776526,23.348091108022864,3
4837751,4837752,4837753,short,5189.15,5182.215486076871,win,66.04513923129089,42.85855329499073,1
4839985,4839986,4839993,short,5187.4,5184.298561997369,win,27.71438002630857,19.16834365037719,7
4840393,4840394,4840401,long,5188.75,5186.564644497973,loss,-25.153555020270506,21.85355502027403,7
4841336,4841337,4841337,short,5192.87,5194.7445655539805,loss,-22.04565553980574,18.74565553980987,0
4841940,4841941,4841948,short,5177.54,5180.775969894657,loss,-35.65969894656591,32.35969894656163,7
4841952,4841953,4841957,long,5183.9,5188.619192126065,win,43.891921260655366,29.166824017708166,4
4842309,4842310,4842313,short,5180.21,5182.32735727508,loss,-24.473572750803942,21.173572750808457,3
4842809,4842810,4842813,short,5176.15,5177.837088012712,loss,-20.17088012712593,16.870880127128043,3
4844174,4844175,4844176,short,5402.79,5406.3776598375425,loss,-39.1765983754256,35.876598375422745,1
4844185,4844186,4844187,long,5413.58,5409.999655406151,loss,-39.103445938490765,35.803445938486526,1
4844199,4844200,4844200,short,5404.43,5399.015040214097,win,50.84959785903193,33.46699496849676,0
4844935,4844936,4844937,short,5332.38,5336.072575476697,loss,-40.22575476697129,36.925754766972396,1
4844963,4844964,4844967,short,5333.61,5329.274217067364,win,40.057829326359936,26.79717510899965,3
4845286,4845287,4845287,short,5363.97,5360.161233311807,win,34.787666881929184,23.5399671705371,0
4846288,4846289,4846290,short,5113.54,5118.53482264408,loss,-53.24822644080159,49.94822644080335,1
4846295,4846296,4846298,short,5106.36,5111.534692952223,loss,-55.04692952223267,51.746929522233444,2
4846766,4846767,4846769,long,5163.88,5160.626107791209,loss,-35.83892208791512,32.538922087916724,2
4846912,4846913,4846914,short,5168.84,5171.455380715159,loss,-29.45380715158608,26.153807151584036,1
4848292,4848293,4848297,short,5158.56,5154.568461937008,win,36.615380629927316,24.6695801173817,4
4849100,4849101,4849107,long,5080.58,5078.222049022941,loss,-26.87950977058863,23.57950977058572,6
4849107,4849108,4849122,short,5076.4,5078.762764031735,loss,-26.927640317354236,23.627640317350522,14
4849369,4849370,4849371,long,5129.76,5126.842673528139,loss,-32.47326471861088,29.173264718608866,1
4849376,4849377,4849388,long,5131.98,5136.91110554229,win,46.01105542290425,30.476548469040452,11
4849852,4849853,4849854,short,5086.25,5081.582148877143,win,43.37851122857428,28.849512502206917,1
4849866,4849867,4849870,long,5088.99,5094.17275672016,win,48.52756720159887,32.031870952779805,3
4850084,4850085,4850087,long,5113.24,5124.726827240345,win,111.5682724034552,70.9939878884154,2
4850446,4850447,4850447,short,5151.68,5154.240965145981,loss,-28.909651459808448,25.6096514598101,0
4850450,4850451,4850451,long,5160.96,5165.071307486755,win,37.813074867553226,25.409811413812903,0
4851102,4851103,4851106,long,5107.93,5104.774151046039,loss,-34.8584895396114,31.558489539615923,3
4851714,4851715,4851718,long,5097.33,5100.663668914372,win,30.036689143716284,20.60363976743944,3
4852435,4852436,4852438,short,5171.11,5167.173915937631,win,36.060840623685365,24.326848345913106,2
4853486,4853487,4853491,short,5211.53,5214.163411367216,loss,-29.634113672164677,26.33411367216612,4
4854362,4854363,4854363,short,5164.5,5167.137836385253,loss,-29.6783638525274,26.37836385252727,0
4854368,4854369,4854374,long,5170.89,5174.947268423758,win,37.27268423757705,25.075824621492874,5
4854984,4854985,4854995,long,5153.71,5151.87257499127,loss,-21.674250087299516,18.374250087303604,10
4854995,4854996,4854997,short,5149.87,5151.463540324991,loss,-19.23540324991409,15.935403249915584,1
4855010,4855011,4855014,long,5153.24,5151.990725565504,loss,-15.79274434495419,12.492744344952499,3
4855014,4855015,4855017,short,5151.38,5152.629071732042,loss,-15.79071732041557,12.490717320418918,2
4857711,4857712,4857712,long,5005.07,5009.138544864557,win,37.385448645572254,25.14551832235653,0
4857712,4857713,4857720,long,5008.9,5013.099175109101,win,38.69175109101816,25.952874592720523,7
4861700,4861701,4861702,long,4846.8,4851.6206788734735,win,44.906788734732984,29.794059786609452,1
4862835,4862836,4862842,long,4644.5,4653.667422115149,win,88.37422115148838,56.65897475369963,6
4862898,4862899,4862900,short,4658.65,4653.464351888824,win,48.55648111175397,32.049741107390695,1
4862904,4862905,4862912,long,4663.62,4669.897679303795,win,59.47679303794685,38.79900682197108,7
4866610,4866611,4866620,long,4387.06,4399.702953919245,win,123.12953919244974,78.13939381486276,9
4867423,4867424,4867426,short,4568.41,4570.2301287259115,loss,-21.501287259116726,18.201287259116494,2
4867695,4867696,4867696,long,4566.82,4563.195655224649,loss,-39.54344775350437,36.24344775350368,0
4867711,4867712,4867726,short,4557.83,4552.43099236912,win,50.69007630880078,33.368403157479115,14
4867802,4867803,4867806,long,4561.24,4558.598032068616,loss,-29.71967931383988,26.419679313835744,3
4868175,4868176,4868180,short,4547.78,4551.173719249921,loss,-37.237192499215595,33.93719249921696,4
4868662,4868663,4868663,short,4526.37,4529.574110746691,loss,-35.34110746691185,32.04110746690766,0
4870542,4870543,4870545,short,4423.09,4419.07223193528,win,36.87768064720258,24.83169384870615,2
4870998,4870999,4870999,long,4498.33,4504.087535354455,win,54.27535354455286,35.58427289527173,0
4871431,4871432,4871435,short,4461.92,4465.809204260351,loss,-42.19204260351107,38.89204260350951,3
4872411,4872412,4872412,short,4512.04,4508.164538496475,win,35.45461503525003,23.952172456890985,0
4873773,4873774,4873777,long,4667.99,4664.5876249313615,loss,-37.32375068638321,34.02375068638467,3
4875562,4875563,4875564,short,4686.22,4675.103391668084,win,107.86608331915814,68.70586113668736,1
4876516,4876517,4876522,short,4651.5,4654.228377199525,loss,-30.58377199525312,27.283771995252895,5
4877626,4877627,4877630,long,4680.61,4688.658477247738,win,77.18477247738447,49.74336988713405,3
4877794,4877795,4877800,short,4663.21,4665.403948422821,loss,-25.239484228205402,21.939484228208457,5
4879536,4879537,4879544,long,4817.04,4825.618361337416,win,82.48361337416027,53.01830245621899,7
4883136,4883137,4883142,long,4777.19,4773.568683635978,loss,-39.513163640213676,36.21316364021422,5
4883144,4883145,4883145,long,4778.31,4774.890850658027,loss,-37.49149341973025,34.191493419734385,0
4886909,4886910,4886910,long,4812.46,4810.211486264576,loss,-25.785137354242398,22.485137354239832,0
4886922,4886923,4886924,short,4806.0,4808.278602505477,loss,-26.08602505476556,22.786025054768942,1
4886953,4886954,4886957,long,4812.12,4809.743594331734,loss,-27.06405668265761,23.764056682653706,3
4886964,4886965,4886969,long,4813.07,4816.271081947742,win,28.710819477418408,19.78419003548448,4
4887198,4887199,4887201,short,4808.84,4810.853359348806,loss,-23.433593488062616,20.133593488065998,2
4887207,4887208,4887209,long,4814.66,4812.787879125647,loss,-22.021208743527314,18.721208743525246,1
4887232,4887233,4887240,long,4816.39,4820.233121093724,win,35.13121093723312,23.752293533517605,7
4888353,4888354,4888359,long,4814.59,4817.457180925673,win,25.37180925672983,17.720524880549657,5
4888948,4888949,4888950,short,4788.11,4789.602509962665,loss,-18.22509962665281,14.925099626654163,1
4888950,4888951,4888962,long,4792.69,4791.113324296902,loss,-19.066757030978625,15.766757030978404,11
4889362,4889363,4889365,short,4788.01,4785.708445699546,win,19.71554300453972,14.22468665299144,2
4890972,4890973,4890974,short,4785.53,4787.644405590674,loss,-24.444055906743234,21.14405590674604,1
4890978,4890979,4890981,long,4791.2,4794.758254127841,win,32.28254127840883,21.991681877880325,2
4891086,4891087,4891092,long,4792.18,4794.808413185061,win,22.98413185060708,16.244828090609776,5
4891639,4891640,4891642,short,4805.96,4807.4369600100235,loss,-18.06960010023504,14.769600100238906,2
4891643,4891644,4891647,long,4809.91,4812.3806899485035,win,21.406899485036046,15.270024403609025,3
4892128,4892129,4892133,short,4802.86,4800.406735907259,win,21.232640927409374,15.162324429796307,4
4892532,4892533,4892537,long,4787.78,4786.216291010718,loss,-18.93708989281622,15.637089892811941,4
4894016,4894017,4894018,short,4755.35,4753.183630248496,win,18.36369751504135,13.389182642177223,1
4894406,4894407,4894408,long,4738.43,4737.12277525893,loss,-16.372247410700584,13.072247410696624,1
4894413,4894414,4894415,short,4735.2,4733.271324496092,win,15.986755039074705,11.92012054330855,1
4894917,4894918,4894921,long,4705.74,4703.415178634853,loss,-26.548213651468178,23.248213651472483,3
4894937,4894938,4894944,short,4701.68,4703.476664716136,loss,-21.266647161356378,17.96664716135228,6
4894960,4894961,4894964,short,4703.74,4705.281259083973,loss,-18.71259083973273,15.412590839732806,3
4895612,4895613,4895614,long,4734.83,4738.763233338268,win,36.0323333826811,24.309229531941554,1
4896836,4896837,4896839,short,4701.68,4697.686275875971,win,36.63724124029541,24.68309100141605,2
4897838,4897839,4897839,short,4709.98,4711.748482879232,loss,-20.98482879232579,17.684828792321923,0
4897857,4897858,4897867,long,4713.88,4712.208048846967,loss,-20.01951153032751,16.719511530323967,9
4897921,4897922,4897923,short,4710.82,4712.521558418994,loss,-20.315584189939546,17.015584189940032,1
4897951,4897952,4897953,short,4709.44,4711.162824076101,loss,-20.528240761014604,17.228240761016853,1
4900632,4900633,4900635,short,4581.3,4577.989983286957,win,29.800167130432964,20.45745805342121,2
4900899,4900900,4900903,long,4569.8,4567.764083120756,loss,-23.65916879243814,20.35916879244216,3
4900910,4900911,4900916,short,4563.85,4560.497196708925,win,30.22803291075361,20.721899203184062,5
4902124,4902125,4902126,short,4615.5,4617.601577978172,loss,-24.315779781719176,21.015779781723378,1
4902149,4902150,4902150,long,4621.18,4624.57840968596,win,30.6840968595945,21.00376814560778,0
4902346,4902347,4902347,short,4625.56,4628.271784835888,loss,-30.417848358875563,27.11784835887688,0
4902356,4902357,4902360,long,4634.97,4639.493614963718,win,41.936149637175916,27.95806528873773,3
4902458,4902459,4902463,short,4612.72,4616.174399181117,loss,-37.84399181116969,34.54399181117422,4
4902507,4902508,4902519,long,4623.22,4620.419130104493,loss,-31.30869895507276,28.008698955069423,11
4902520,4902521,4902526,short,4617.93,4613.833785604308,win,37.66214395692187,25.316529021585485,5
4903397,4903398,4903400,long,4597.6,4595.605539651336,loss,-23.244603486646884,19.944603486646365,2
4903401,4903402,4903402,short,4590.2,4586.850025882413,win,30.199741175864983,20.704413582115397,0
4903518,4903519,4903523,long,4567.56,4570.368867448483,win,24.788674484824877,17.36012020075659,4
4904002,4904003,4904009,short,4635.38,4632.525456171106,win,25.245438288938384,17.642421686613048,6
4904779,4904780,4904780,short,4585.05,4587.25287161339,loss,-25.328716133900162,22.028716133898723,0
4904782,4904783,4904789,short,4584.78,4587.101622169001,loss,-26.516221690008752,23.216221690010304,6
4904872,4904873,4904876,short,4576.24,4577.900027081861,loss,-19.900270818607897,16.60027081861074,3
4904878,4904879,4904888,long,4580.48,4583.247465316512,win,24.374653165122435,17.104235577951634,9
4906565,4906566,4906567,short,4575.36,4570.854107176359,win,41.75892823640352,27.84853413869257,1
4911549,4911550,4911550,short,4671.66,4673.140830825063,loss,-18.108308250630945,14.808308250626942,0
4911553,4911554,4911555,long,4677.33,4680.351746070887,win,26.91746070887275,18.675810079649516,1
4913181,4913182,4913182,short,4697.74,4694.510825760273,win,28.991742397264897,19.95781359534437,0
4913857,4913858,4913858,long,4715.53,4714.405801157091,loss,-14.541988429082995,11.241988429080289,0
4913858,4913859,4913859,long,4716.62,4715.440286816278,loss,-15.09713183722015,11.797131837219306,0
4913961,4913962,4913962,long,4722.88,4720.9517212036235,loss,-22.58278796376617,19.282787963762793,0
4913964,4913965,4913965,short,4715.01,4717.097576975598,loss,-24.175769755975853,20.875769755976957,0
4913979,4913980,4913984,long,4722.88,4720.459939177841,loss,-27.5006082215903,24.200608221586776,4
4916428,4916429,4916434,short,4678.01,4675.757584226676,win,19.224157733241736,13.920987474189037,5
4916896,4916897,4916898,long,4617.8,4615.21260145978,loss,-29.1739854022042,25.873985402202237,1
4916903,4916904,4916911,long,4620.65,4617.923377618079,loss,-30.566223819206062,27.266223819208186,7
4917282,4917283,4917287,short,4547.86,4542.733369912604,win,47.96630087395825,31.684981998735957,4
4919780,4919781,4919782,long,4543.28,4541.744734859176,loss,-18.652651408238672,15.35265140823725,1
4919785,4919786,4919787,long,4544.01,4542.545475562276,loss,-17.945244377243217,14.645244377247225,1
4920399,4920400,4920407,long,4499.54,4495.977923015017,loss,-38.92076984982923,35.62076984983324,7
4923145,4923146,4923147,short,4502.27,4497.743389463917,win,41.96610536083354,27.97657933302393,1
4923264,4923265,4923268,short,4516.27,4517.795017758429,loss,-18.550177584284757,15.250177584284792,3
4924061,4924062,4924066,long,4526.23,4524.597159269611,loss,-19.62840730388125,16.32840730388441,4
4924069,4924070,4924075,short,4522.64,4520.0279442416595,win,22.8205575834083,16.143731510142146,5
4926971,4926972,4926973,short,4503.04,4505.836874645751,loss,-31.268746457509042,27.968746457508548,1
4929288,4929289,4929290,long,4375.33,4373.070665097309,loss,-25.8933490269108,22.593349026914964,1
4930146,4930147,4930147,short,4499.75,4500.949762597175,loss,-15.297625971753224,11.997625971754386,0
4930165,4930166,4930167,short,4498.88,4499.929415212576,loss,-13.794152125756955,10.494152125757855,1
4930590,4930591,4930591,long,4500.89,4499.4381706982595,loss,-17.818293017408724,14.518293017408093,0
4932629,4932630,4932634,long,4459.65,4456.749439962771,loss,-32.30560037228388,29.005600372288082,4
4934040,4934041,4934047,long,4505.44,4503.539824395703,loss,-22.30175604296237,19.001756042965535,6
4934730,4934731,4934732,long,4486.57,4485.45733604968,loss,-14.42663950319984,11.126639503199817,1
4935463,4935464,4935467,short,4436.78,4438.642053849412,loss,-21.92053849412405,18.620538494121778,3
4936321,4936322,4936322,long,4466.82,4464.924289310832,loss,-22.257106891675722,18.957106891676094,0
4936678,4936679,4936683,long,4509.01,4506.414092114902,loss,-29.259078850983133,25.959078850987307,4
4936892,4936893,4936895,short,4479.34,4477.295455282693,win,17.145447173069623,12.636246707707146,2
4938406,4938407,4938421,long,4321.94,4319.209570070908,loss,-30.604299290917698,27.30429929091422,14
4938439,4938440,4938443,short,4317.14,4313.264744513799,win,35.452554862012406,23.95089917305824,3
4939150,4939151,4939153,short,4286.2,4288.761585501013,loss,-28.915855010128144,25.615855010128314,2
4939164,4939165,4939167,short,4285.23,4287.498614566042,loss,-25.98614566042743,22.6861456604288,2
4939175,4939176,4939177,long,4290.47,4288.511259610774,loss,-22.887403892264775,19.58740389226823,1
4939180,4939181,4939183,short,4285.84,4282.788675792895,win,27.213242071046988,18.85861685478852,2
4939349,4939350,4939354,short,4322.75,4325.896714165664,loss,-34.767141656639794,31.46714165664112,4
4939513,4939514,4939516,long,4328.16,4333.2851667395225,win,47.951667395226835,31.675937821523984,2
4939627,4939628,4939635,short,4339.88,4341.787214357741,loss,-22.37214357740486,19.072143577405626,7
4941082,4941083,4941083,long,4266.46,4263.86794804846,loss,-29.220519515402703,25.920519515405623,0
4943397,4943398,4943400,short,4088.17,4089.933344996828,loss,-20.93344996827982,17.633449968282026,2
4943423,4943424,4943426,short,4086.01,4088.1882090260574,loss,-25.08209026057175,21.782090260572783,2
4943438,4943439,4943439,long,4090.16,4093.9169056519586,win,34.26905651958732,23.219441606667,0
4943574,4943575,4943575,long,4082.31,4090.181126640398,win,75.41126640397961,48.64725982940507,0
4943988,4943989,4944008,short,4210.83,4213.173479728159,loss,-26.734797281588545,23.434797281590964,19
4944727,4944728,4944728,short,4219.7,4221.89988176796,loss,-25.298817679605055,21.998817679606905,0
4946128,4946129,4946131,long,4339.3,4337.999261933155,loss,-16.307380668450424,13.007380668454122,2
4946133,4946134,4946137,long,4339.62,4338.32544499416,loss,-16.24555005840266,12.945550058398318,3
4946140,4946141,4946143,short,4336.62,4337.971434119182,loss,-16.814341191821587,13.514341191820028,2
4946146,4946147,4946147,long,4340.58,4339.182777942963,loss,-17.272220570367427,13.972220570362937,0
4946182,4946183,4946189,short,4337.24,4338.658246838911,loss,-17.48246838910818,14.182468389109161,6
4946190,4946191,4946191,long,4341.44,4343.663886995516,win,18.938869955162954,13.744666226922243,0
4947273,4947274,4947279,long,4318.17,4316.552149694045,loss,-19.478503059554715,16.178503059552384,5
4947294,4947295,4947295,long,4320.0,4322.267495001965,win,19.37495001964562,14.01418419013812,0
4947735,4947736,4947737,short,4330.1,4325.813161442666,win,39.568385573347044,26.494675879692572,1
4947814,4947815,4947816,long,4328.22,4325.972163975001,loss,-25.778360249988328,22.478360249992633,1
4947824,4947825,4947828,short,4322.15,4324.431242994734,loss,-26.112429947343845,22.812429947339957,3
4947829,4947830,4947832,long,4328.18,4331.807000898351,win,32.97000898351071,22.41656921106693,2
4948390,4948391,4948391,long,4343.93,4342.407456447615,loss,-18.525435523852867,15.225435523848375,0
4950876,4950877,4950881,short,4213.77,4211.667054302742,win,17.72945697258292,12.997192195665486,4
4951611,4951612,4951615,short,4162.22,4159.664862754957,win,22.251372450436246,15.791948362447476,3
4951965,4951966,4951967,long,4153.08,4151.64677402996,loss,-17.6322597003953,14.3322597003965,1
4951974,4951975,4951982,short,4148.54,4146.3459111469465,win,18.64088853053472,13.560499709849385,7
4952668,4952669,4952670,long,4193.3,4191.603132070811,loss,-20.26867929189466,16.968679291897224,1
4952681,4952682,4952683,long,4194.16,4192.69691461873,loss,-17.930853812695933,14.630853812698158,1
4957362,4957363,4957366,long,4035.43,4033.6948408621606,loss,-20.651591378392187,17.3515913783909,3
4959540,4959541,4959541,short,4060.91,4062.6477016028907,loss,-20.677016028908657,17.37701602890897,0
4959709,4959710,4959712,short,4034.88,4032.552043281442,win,19.97956718558198,14.38786599850619,2
4959712,4959713,4959713,short,4034.09,4035.548915106231,loss,-17.88915106230961,14.58915106230977,0
4959720,4959721,4959721,short,4032.16,4029.8526438650197,win,19.77356134980182,14.260544715577101,0
4962855,4962856,4962858,long,4072.47,4070.847292948312,loss,-19.527070516879395,16.227070516880364,2
4962868,4962869,4962870,short,4070.01,4067.7287901300347,win,19.512098699655507,14.098948516474865,1
4963821,4963822,4963822,short,4061.6,4063.1622998069065,loss,-18.922998069065944,15.622998069064398,0
4969626,4969627,4969630,short,4085.24,4082.3571077592937,win,25.528922407060417,17.8176281873057,3
4970798,4970799,4970801,long,4132.37,4130.766759170917,loss,-19.332408290830063,16.032408290833533,2
4971147,4971148,4971151,long,4123.89,4123.118176312362,loss,-11.018236876380616,7.718236876379524,3
4971161,4971162,4971163,long,4124.57,4123.969121150351,loss,-9.308788496483249,6.008788496479565,1
4971887,4971888,4971889,short,4104.28,4102.442214663665,win,15.07785336334491,11.358376615169984,1
4972277,4972278,4972280,short,4102.29,4100.615698449402,win,13.44301550598102,10.347970028420287,2
4973888,4973889,4973894,short,4001.72,4000.307788260411,win,10.822117395886561,8.728131888681029,5
4974219,4974220,4974224,long,4016.6,4018.5674264947197,win,16.374264947198025,12.15961986847912,4
4974974,4974975,4974976,long,4063.43,4061.8024134977727,loss,-19.57586502227132,16.275865022270153,1
4974979,4974980,4974982,short,4057.74,4059.4533895163527,loss,-20.433895163528906,17.133895163529203,2
4975357,4975358,4975362,long,4056.7,4055.0660346944037,loss,-19.639653055961208,16.339653055961627,4
4975385,4975386,4975390,long,4057.54,4059.8333500255517,win,19.633500255517173,14.173980380419186,4
4976195,4976196,4976201,short,4057.28,4059.6706442691725,loss,-27.206442691722987,23.906442691724976,5
4976716,4976717,4976723,short,4055.78,4057.0380941839853,loss,-15.880941839851221,12.58094183985273,6
4976743,4976744,4976744,long,4060.92,4059.5706993578847,loss,-16.79300642115395,13.49300642115276,0
4976744,4976745,4976747,long,4060.89,4059.5263803408425,loss,-16.936196591573935,13.6361965915741,2
4977071,4977072,4977074,long,4032.32,4035.4048207502315,win,27.548207502313016,19.06564122516339,2
4978194,4978195,4978198,short,3986.38,3982.7702786392074,win,32.79721360792719,22.309773552488153,3
4978980,4978981,4978984,short,3994.21,3997.1234769261655,loss,-32.43476926165458,29.134769261652455,3
4978988,4978989,4978991,long,4002.19,4006.9387684220924,win,44.18768422092326,29.349619419605112,2
4979903,4979904,4979904,long,4006.63,4005.297316246719,loss,-16.626837532808896,13.32683753281046,0
4980426,4980427,4980433,long,4016.43,4014.948802611675,loss,-18.111973883247448,14.8119738832495,6
4980620,4980621,4980622,long,4008.1,4009.814899993017,win,13.848999930172976,10.598887472293939,1
4984116,4984117,4984118,short,4088.99,4090.8049032525646,loss,-21.44903252564818,18.149032525648625,1
4984612,4984613,4984616,long,4051.44,4053.4006094535926,win,16.306094535924966,12.117487352239417,3
4987137,4987138,4987139,short,4081.62,4083.950999349766,loss,-26.60999349765989,23.30999349765911,1
4987297,4987298,4987314,long,4077.35,4079.92133119574,win,22.413311957401856,15.892034584303076,16
4988179,4988180,4988181,short,4048.69,4049.7871922281815,loss,-14.271922281814842,10.971922281814603,1
4988190,4988191,4988195,short,4047.94,4049.1383083562205,loss,-15.28308356220423,11.98308356220399,4
4990880,4990881,4990881,long,4036.86,4034.684701216901,loss,-25.052987830991515,21.752987830990786,0
4990883,4990884,4990886,long,4037.36,4035.1582193861577,loss,-25.31780613842402,22.01780613842207,2
4991160,4991161,4991164,short,4077.77,4079.46711748713,loss,-20.27117487130072,16.971174871302363,3
4993187,4993188,4993190,long,4066.27,4068.5758997499274,win,19.758997499274482,14.251543571863285,2
4993190,4993191,4993193,long,4069.37,4071.7260192008875,win,20.260192008876583,14.561305320689227,2
4994246,4994247,4994251,short,4035.85,4036.9282367467354,loss,-14.082367467354562,10.782367467354259,4
4994254,4994255,4994257,short,4035.29,4033.5730258799545,win,13.869741200455064,10.611706551579342,2
4994302,4994303,4994304,short,4033.85,4032.3412926563537,win,11.78707343646165,9.32452004725818,1
4997232,4997233,4997236,short,4245.8,4244.263132101838,win,12.068678981621996,9.498565501620048,3
4997626,4997627,4997635,short,4261.72,4259.0061106710045,win,23.838893289957195,16.77311080961663,8
4998241,4998242,4998256,long,4272.1,4268.573445946731,loss,-38.56554053269137,35.26554053269591,14
4998256,4998257,4998260,short,4265.34,4268.361246542048,loss,-33.512465420481746,30.212465420479305,3
4998438,4998439,4998439,long,4243.88,4246.195490405023,win,19.854904050225013,14.310818325231606,0
