{
  "short_net": 14978.999999994096,
  "short_n": 3520,
  "short_pf": 1.1195842214930303,
  "short_dd_pct": -18.347185196789535,
  "short_wr": 1.278409090909091,
  "short_avg_bars": 2.1167613636363636,
  "corr_daily_with_long": -0.11370926430915203,
  "record_old": 61102.0,
  "record_new": 76081.99999999409,
  "delta": 14979.999999994092,
  "verdict_additive": true
}