{
  "candidates": [
    [
      0,
      4,
      1.7284605278872625,
      24.700842844281578
    ],
    [
      22,
      4,
      -0.43967475786200655,
      -6.149309421829376
    ],
    [
      23,
      4,
      -0.8742220992947046,
      -12.490254508625371
    ],
    [
      0,
      6,
      1.875791233727466,
      22.98061335089057
    ],
    [
      22,
      6,
      -0.9067200765275588,
      -10.909461544622474
    ],
    [
      0,
      8,
      1.6655440105099757,
      16.98608791510852
    ],
    [
      21,
      8,
      -0.6725251076040214,
      -6.281944067867908
    ],
    [
      22,
      8,
      -1.118545976324284,
      -11.692783196624768
    ]
  ],
  "results": [
    {
      "hr": 0,
      "dir": 1,
      "sl": 15,
      "tp": 15,
      "mh": 8,
      "net": 1705.150000005915,
      "pf": 1.0491094687688651,
      "wr": 56.92864529472595,
      "nn": 1934,
      "h1": -1413.0299999970084,
      "h2": 3118.180000002907,
      "both": 0.0
    },
    {
      "hr": 22,
      "dir": -1,
      "sl": 20,
      "tp": 30,
      "mh": 8,
      "net": -6371.999999995911,
      "pf": 0.7630125523013869,
      "wr": 48.204503956177724,
      "nn": 1643,
      "h1": -3069.499999998018,
      "h2": -3302.4999999978727,
      "both": 0.0
    },
    {
      "hr": 23,
      "dir": -1,
      "sl": 20,
      "tp": 10,
      "mh": 6,
      "net": -4367.499999996792,
      "pf": 0.742025989368149,
      "wr": 45.3257790368272,
      "nn": 1412,
      "h1": -3863.499999998492,
      "h2": -503.9999999981428,
      "both": 0.0
    },
    {
      "hr": 21,
      "dir": -1,
      "sl": 10,
      "tp": 20,
      "mh": 8,
      "net": -10000.00999999788,
      "pf": 0.4581960764767048,
      "wr": 16.508644729503626,
      "nn": 796,
      "h1": -10000.00999999788,
      "h2": -10000.449999998204,
      "both": 0.0
    }
  ],
  "best": {
    "hr": 0,
    "dir": 1,
    "sl": 15,
    "tp": 15,
    "mh": 8,
    "net": 1705.150000005915,
    "pf": 1.0491094687688651,
    "wr": 56.92864529472595,
    "nn": 1934,
    "h1": -1413.0299999970084,
    "h2": 3118.180000002907,
    "both": 0.0
  }
}