{
  "n_up": 1105,
  "n_covered": 876,
  "n_uncovered": 229,
  "discriminators": [
    [
      "dist_sma200",
      -0.9837523574811371
    ],
    [
      "slope50",
      -0.9318479130468308
    ],
    [
      "dist_ema50",
      -0.7180371658057345
    ],
    [
      "rsi",
      -0.41011919529359514
    ],
    [
      "adx",
      0.378359791677924
    ],
    [
      "ret20",
      -0.2619421521794787
    ],
    [
      "vol_z",
      -0.10642510839370915
    ],
    [
      "atr_pct",
      -0.032325656117398384
    ]
  ]
}