{
  "short_net": 30852.74999999124,
  "short_n": 3881,
  "short_pf": 1.348556612806101,
  "short_dd_pct": -4.11825017088469,
  "short_wr": 0.515331100231899,
  "short_avg_bars": 1.1167224942025251,
  "corr_daily_with_long": -0.01954755343069197,
  "record_old": 61102.0,
  "record_new": 91955.74999999124,
  "delta": 30853.74999999124,
  "verdict_additive": true
}