{
  "base_net_full": 14978.999999994096,
  "gated_net_full": 14192.74999999583,
  "keep_frac": 0.6808873720136519,
  "gate_info": {
    "top": [
      "atr_pct",
      "ret20",
      "slope50",
      "vol_z"
    ],
    "thresholds": {
      "atr_pct": 0.1285223730949519,
      "ret20": -0.07894046411098254,
      "slope50": 0.0037947228492903303,
      "vol_z": -0.1029028555437553
    },
    "dirs": {
      "atr_pct": 1,
      "ret20": 1,
      "slope50": 1,
      "vol_z": 1
    },
    "K": 2,
    "ranked": [
      [
        "atr_pct",
        2.996245733788193
      ],
      [
        "ret20",
        2.057451649601959
      ],
      [
        "slope50",
        1.443572241183213
      ],
      [
        "vol_z",
        1.4219567690556083
      ],
      [
        "dist_ema50",
        0.6474402730377428
      ],
      [
        "adx",
        0.5466439135379946
      ],
      [
        "dist_sma200",
        0.2654152445961984
      ],
      [
        "rsi",
        0.06632536973818814
      ]
    ]
  },
  "oos_base_net": 16584.99999998872,
  "oos_gate_net": 13101.499999992346,
  "oos_improve": -3483.499999996373,
  "wf": [
    [
      1,
      1448.5000000026812,
      2367.000000001788
    ],
    [
      2,
      -2804.249999997397,
      -1275.7499999983102
    ],
    [
      3,
      6671.749999995733,
      5105.749999997541
    ],
    [
      4,
      9913.249999992968,
      7995.749999994776
    ]
  ]
}