{
  "segment": [
    75000,
    150000
  ],
  "n_trends": 2211,
  "n_up": 1105,
  "n_down": 1106,
  "attribution": {
    "LONG_trend_pullback": {
      "adx": 0.3854000559590806,
      "atr_pct": 0.279454701949315,
      "slope50": -0.4687420955768978,
      "rsi": -0.5987510626242739,
      "dist_ema50": -0.3878292114126605,
      "dist_sma200": 0.47028638285483093,
      "ret20": -0.542407201045606,
      "vol_z": 0.4891017569492538,
      "_n_got": 39,
      "_n_miss": 1066,
      "_top": [
        [
          "rsi",
          -0.5987510626242739
        ],
        [
          "ret20",
          -0.542407201045606
        ],
        [
          "vol_z",
          0.4891017569492538
        ]
      ]
    },
    "LONG_macd_regime": {
      "adx": -0.3731785109860789,
      "atr_pct": -0.28302907218182055,
      "slope50": 1.0057541218769708,
      "rsi": 0.7491710092787721,
      "dist_ema50": 1.0585214520943484,
      "dist_sma200": 1.457272081867792,
      "ret20": 0.5289800168491519,
      "vol_z": -0.09609263142548592,
      "_n_got": 630,
      "_n_miss": 475,
      "_top": [
        [
          "dist_sma200",
          1.457272081867792
        ],
        [
          "dist_ema50",
          1.0585214520943484
        ],
        [
          "slope50",
          1.0057541218769708
        ]
      ]
    },
    "SHORT_ma_confluence": {
      "adx": -0.24169020596606272,
      "atr_pct": -0.03966638507854561,
      "slope50": -0.45735886119102026,
      "rsi": -0.6218707608749016,
      "dist_ema50": -0.5692070285747988,
      "dist_sma200": -0.2635178468029587,
      "ret20": -0.48617988885204855,
      "vol_z": 0.12862286126022462,
      "_n_got": 706,
      "_n_miss": 400,
      "_top": [
        [
          "rsi",
          -0.6218707608749016
        ],
        [
          "dist_ema50",
          -0.5692070285747988
        ],
        [
          "ret20",
          -0.48617988885204855
        ]
      ]
    },
    "LONG_bb_meanrev": {
      "adx": -0.10380208624813515,
      "atr_pct": 0.2291030044403437,
      "slope50": 0.07953627156485822,
      "rsi": -0.26478236085206347,
      "dist_ema50": -0.17784776052112294,
      "dist_sma200": -0.11924498742656332,
      "ret20": -0.14647563927884302,
      "vol_z": 0.1803810757268568,
      "_n_got": 589,
      "_n_miss": 516,
      "_top": [
        [
          "rsi",
          -0.26478236085206347
        ],
        [
          "atr_pct",
          0.2291030044403437
        ],
        [
          "vol_z",
          0.1803810757268568
        ]
      ]
    }
  }
}