{
  "best": {
    "rsi_p": 7,
    "rsi_thr": 25,
    "sl": 80,
    "tp": 400,
    "mh": 48,
    "net": 2561.87999999977,
    "pf": 1.0557119855533454,
    "wr": 37.11734693877551,
    "n": 784,
    "h1": -901.1999999996806,
    "h2": 3463.079999999476
  },
  "wf": [
    [
      1,
      -1423.799999999841,
      177
    ],
    [
      2,
      522.6000000001695,
      184
    ],
    [
      3,
      -402.4800000001196,
      199
    ],
    [
      4,
      3865.5599999995957,
      224
    ]
  ]
}