{
  "base_net_full_usd": 14978.999999994096,
  "top_discriminators": [
    [
      "atr_pct",
      1.2740767005717015
    ],
    [
      "ret20",
      -0.6941677000612179
    ],
    [
      "vol_z",
      0.43646834653049615
    ],
    [
      "dist_ema50",
      -0.3736358351066563
    ]
  ],
  "best_gate": [
    [
      "atr_pct",
      0.14237170238499874,
      0.8747281293793633
    ]
  ],
  "oos_base_net_pip": 6633.9999999952925,
  "oos_gate_net_pip": 3477.599999997745,
  "oos_base_n": 1758,
  "oos_gate_n": 793
}