{
  "K": 6,
  "by_level": [
    [
      0,
      262,
      1617.5999999996893,
      1.1404205672379657,
      47.32824427480916,
      6.174045801525532
    ],
    [
      1,
      245,
      1984.159999999707,
      1.1862347570132623,
      47.755102040816325,
      8.098612244896763
    ],
    [
      2,
      124,
      609.5199999998495,
      1.1072117075916321,
      45.16129032258064,
      4.915483870966528
    ]
  ],
  "best_lvl_IS": 1,
  "oos_base": 733.9999999996999,
  "oos_gate": 980.7999999997155,
  "oos_improve": 246.80000000001564
}