{
  "baseline_net_150k": 14978.999999994096,
  "candidate_net_150k": 27851.949999999677,
  "gain": 12872.950000005581,
  "walk_forward": [
    4638.960000002346,
    473.1100000021961,
    7362.8699999993805,
    15193.919999995574
  ],
  "wf_all_positive": true,
  "corr_with_long": 0.20141938664935424,
  "new_total": 88954.94999999968,
  "record_prev": 76082.0,
  "verdict": true
}