{
 "base_net": 726.7199999998985,
 "base_gross_loss": 5277.510000000073,
 "base_n": 770,
 "signature": {
  "adx14": {
   "win": 21.759182996849717,
   "loss": 21.87066271900789
  },
  "rsi21": {
   "win": 57.35790993549967,
   "loss": 57.12132502027762
  },
  "dist_ema200": {
   "win": 0.5714031503102712,
   "loss": 0.6746721318008516
  },
  "bw_pct": {
   "win": 0.13034132360604483,
   "loss": 0.12652445502060936
  },
  "brk_strength": {
   "win": 0.3489116165642082,
   "loss": 0.33599681877385035
  },
  "atr_pct": {
   "win": 0.11208050138409052,
   "loss": 0.1353373750138071
  },
  "dow": {
   "win": 1.917763157894737,
   "loss": 1.9313304721030042
  },
  "hour": {
   "win": 9.098684210526315,
   "loss": 9.506437768240342
  }
 },
 "filters": {
  "بدونِ فیلتر (مبنا)": {
   "n": 770,
   "net": 726.7199999998985,
   "dnet": 0.0,
   "gross_loss": 5277.510000000073,
   "dloss": 0.0,
   "wr": 39.48051948051948
  },
  "ADX>=20 (روندِ کافی)": {
   "n": 437,
   "net": 124.93999999994875,
   "dnet": -601.7799999999497,
   "gross_loss": 3001.2500000000373,
   "dloss": -2276.2600000000357,
   "wr": 39.816933638443935
  },
  "ADX>=25 (روندِ قوی)": {
   "n": 297,
   "net": 105.74999999996612,
   "dnet": -620.9699999999324,
   "gross_loss": 1970.3700000000256,
   "dloss": -3307.1400000000476,
   "wr": 40.06734006734007
  },
  "RSI<=70 (نه اشباعِ خرید)": {
   "n": 767,
   "net": 697.6199999999013,
   "dnet": -29.09999999999718,
   "gross_loss": 5258.170000000071,
   "dloss": -19.340000000001965,
   "wr": 39.24380704041721
  },
  "RSI<=75": {
   "n": 769,
   "net": 739.5099999998989,
   "dnet": 12.790000000000418,
   "gross_loss": 5264.720000000072,
   "dloss": -12.790000000000873,
   "wr": 39.531859557867364
  },
  "dist_ema200<=3% (نه کش‌آمده)": {
   "n": 768,
   "net": 754.8899999998982,
   "dnet": 28.16999999999973,
   "gross_loss": 5249.340000000073,
   "dloss": -28.170000000000073,
   "wr": 39.58333333333333
  },
  "dist_ema200<=5%": {
   "n": 770,
   "net": 726.7199999998985,
   "dnet": 0.0,
   "gross_loss": 5277.510000000073,
   "dloss": 0.0,
   "wr": 39.48051948051948
  },
  "brk_strength>=0.15 (شکستِ قاطع)": {
   "n": 672,
   "net": 993.5799999999128,
   "dnet": 266.86000000001434,
   "gross_loss": 4450.140000000061,
   "dloss": -827.3700000000117,
   "wr": 41.66666666666667
  },
  "brk_strength>=0.30": {
   "n": 574,
   "net": 732.5799999999256,
   "dnet": 5.860000000027071,
   "gross_loss": 3866.4800000000514,
   "dloss": -1411.0300000000216,
   "wr": 41.11498257839721
  },
  "atr_pct>=0.20 (نوسانِ کافی)": {
   "n": 90,
   "net": -296.5600000000236,
   "dnet": -1023.2799999999221,
   "gross_loss": 1030.3100000000181,
   "dloss": -4247.200000000055,
   "wr": 22.22222222222222
  },
  "not-Friday (بدونِ جمعه)": {
   "n": 648,
   "net": 416.89999999991244,
   "dnet": -309.81999999998607,
   "gross_loss": 4416.210000000064,
   "dloss": -861.3000000000093,
   "wr": 38.88888888888889
  },
  "session 7-20 UTC (Lon+NY)": {
   "n": 543,
   "net": 328.3099999999311,
   "dnet": -398.4099999999674,
   "gross_loss": 3790.660000000049,
   "dloss": -1486.850000000024,
   "wr": 38.30570902394107
  }
 },
 "best_filter": "brk_strength>=0.15 (شکستِ قاطع)",
 "best": {
  "n": 672,
  "net": 993.5799999999128,
  "dnet": 266.86000000001434,
  "gross_loss": 4450.140000000061,
  "dloss": -827.3700000000117,
  "wr": 41.66666666666667
 },
 "halves": [
  218.67000000002446,
  760.3599999998888
 ],
 "wf": [
  161.78000000001234,
  56.89000000001217,
  437.6899999999735,
  332.46999999991596
 ],
 "half_ok": true,
 "wf_ok": true,
 "verdict": true
}