{
 "base": {
  "thr": null,
  "n": 2625,
  "net": 20434.949999996126,
  "gloss": 5578.950000000078
 },
 "candidates": {
  "0.15": {
   "thr": 0.15,
   "n": 1889,
   "net": 24060.899999996735,
   "gloss": 5001.450000000072
  },
  "0.2": {
   "thr": 0.2,
   "n": 1706,
   "net": 22057.529999997045,
   "gloss": 4848.09000000007
  },
  "0.3": {
   "thr": 0.3,
   "n": 1398,
   "net": 24859.039999997076,
   "gloss": 4522.960000000061
  }
 },
 "best_thr": 0.3,
 "best": {
  "thr": 0.3,
  "n": 1398,
  "net": 24859.039999997076,
  "gloss": 4522.960000000061
 },
 "halves": [
  2584.840000000353,
  17340.52999999749
 ],
 "wf": [
  1401.950000000188,
  1016.4400000001497,
  4612.849999999606,
  8880.409999998516
 ],
 "half_ok": true,
 "wf_ok": true,
 "robust": true,
 "verdict": true,
 "delta": 4424.09000000095
}