{
  "S140": {
    "baseline": {
      "net": 7655.100000000035,
      "n": 305,
      "wins": 121,
      "losses": 184,
      "wr": 39.67213114754099,
      "pf": 1.2686708914071358
    },
    "k_variants": {
      "k>=1": {
        "net": 7655.100000000035,
        "n": 305,
        "wins": 121,
        "losses": 184,
        "wr": 39.67213114754099,
        "pf": 1.2686708914071358
      },
      "k>=2": {
        "net": 8578.450000000048,
        "n": 287,
        "wins": 118,
        "losses": 169,
        "wr": 41.11498257839721,
        "pf": 1.322828959301901
      },
      "k>=3": {
        "net": 9919.940000000053,
        "n": 259,
        "wins": 109,
        "losses": 150,
        "wr": 42.084942084942085,
        "pf": 1.3943803638737446
      },
      "k>=4": {
        "net": 6255.069999999987,
        "n": 178,
        "wins": 76,
        "losses": 102,
        "wr": 42.69662921348314,
        "pf": 1.4272650085827712
      },
      "k>=5": {
        "net": 3973.970000000003,
        "n": 125,
        "wins": 54,
        "losses": 71,
        "wr": 43.2,
        "pf": 1.456140089093761
      },
      "k>=6": {
        "net": 1362.7900000000354,
        "n": 64,
        "wins": 27,
        "losses": 37,
        "wr": 42.1875,
        "pf": 1.3386612989401216
      }
    },
    "best": {
      "filter": "score≥3 از 6 تأیید",
      "net": 9919.940000000053,
      "n": 259,
      "wins": 109,
      "losses": 150,
      "wr": 42.084942084942085,
      "pf": 1.3943803638737446
    }
  },
  "S142": {
    "baseline": {
      "net": 21012.37000000003,
      "n": 211,
      "wins": 75,
      "losses": 136,
      "wr": 35.54502369668246,
      "pf": 1.7066318715225182
    },
    "k_variants": {
      "k>=1": {
        "net": 21362.690000000028,
        "n": 209,
        "wins": 75,
        "losses": 134,
        "wr": 35.88516746411483,
        "pf": 1.7254695006674776
      },
      "k>=2": {
        "net": 17235.72000000003,
        "n": 205,
        "wins": 71,
        "losses": 134,
        "wr": 34.63414634146341,
        "pf": 1.6434578544311629
      },
      "k>=3": {
        "net": 17502.40000000005,
        "n": 167,
        "wins": 62,
        "losses": 105,
        "wr": 37.12574850299401,
        "pf": 1.9004218541002174
      },
      "k>=4": {
        "net": 11300.830000000027,
        "n": 132,
        "wins": 47,
        "losses": 85,
        "wr": 35.60606060606061,
        "pf": 1.893171141151776
      },
      "k>=5": {
        "net": 5503.400000000005,
        "n": 85,
        "wins": 31,
        "losses": 54,
        "wr": 36.470588235294116,
        "pf": 1.7890416772404625
      },
      "k>=6": {
        "net": 1758.050000000021,
        "n": 20,
        "wins": 9,
        "losses": 11,
        "wr": 45.0,
        "pf": 2.537173534786534
      }
    },
    "best": null
  },
  "S81": {
    "baseline": {
      "net": 25488.32000000008,
      "n": 259,
      "wins": 73,
      "losses": 186,
      "wr": 28.185328185328185,
      "pf": 1.605610859040425
    },
    "k_variants": {
      "k>=1": {
        "net": 26149.850000000086,
        "n": 254,
        "wins": 70,
        "losses": 184,
        "wr": 27.559055118110237,
        "pf": 1.6347174216975087
      },
      "k>=2": {
        "net": 22641.690000000064,
        "n": 230,
        "wins": 66,
        "losses": 164,
        "wr": 28.695652173913043,
        "pf": 1.6841158583381575
      },
      "k>=3": {
        "net": 12388.55000000008,
        "n": 166,
        "wins": 45,
        "losses": 121,
        "wr": 27.10843373493976,
        "pf": 1.6505009548623424
      },
      "k>=4": {
        "net": 4210.270000000042,
        "n": 61,
        "wins": 16,
        "losses": 45,
        "wr": 26.229508196721312,
        "pf": 1.801562279870083
      }
    },
    "best": null
  },
  "S81_tp_sweep": {
    "TP300": {
      "net": 9375.960000000141,
      "n": 313,
      "wins": 116,
      "losses": 197,
      "wr": 37.06070287539936,
      "pf": 1.3013769346016335
    },
    "TP400": {
      "net": 7276.220000000121,
      "n": 295,
      "wins": 95,
      "losses": 200,
      "wr": 32.20338983050847,
      "pf": 1.2554538592518478
    },
    "TP500": {
      "net": 10350.63000000011,
      "n": 288,
      "wins": 87,
      "losses": 201,
      "wr": 30.208333333333332,
      "pf": 1.3238211827482322
    },
    "TP600": {
      "net": 13103.320000000109,
      "n": 285,
      "wins": 82,
      "losses": 203,
      "wr": 28.771929824561404,
      "pf": 1.378949730739121
    },
    "TP800": {
      "net": 24875.790000000037,
      "n": 276,
      "wins": 80,
      "losses": 196,
      "wr": 28.985507246376812,
      "pf": 1.5898473132389308
    },
    "TP1000": {
      "net": 27684.280000000042,
      "n": 272,
      "wins": 76,
      "losses": 196,
      "wr": 27.941176470588236,
      "pf": 1.5950312257123798
    }
  },
  "S143": {
    "baseline": {
      "net": 3933.990000000402,
      "n": 197,
      "wins": 67,
      "losses": 130,
      "wr": 34.01015228426396,
      "pf": 1.2490716769835049
    },
    "k_variants": {
      "k>=1": {
        "net": 3895.6100000004026,
        "n": 196,
        "wins": 66,
        "losses": 130,
        "wr": 33.6734693877551,
        "pf": 1.247011595996721
      },
      "k>=2": {
        "net": 4692.300000000412,
        "n": 183,
        "wins": 64,
        "losses": 119,
        "wr": 34.97267759562842,
        "pf": 1.31449120627015
      },
      "k>=3": {
        "net": 3689.6500000003107,
        "n": 150,
        "wins": 51,
        "losses": 99,
        "wr": 34.0,
        "pf": 1.3264238161590995
      },
      "k>=4": {
        "net": 1111.2700000001678,
        "n": 115,
        "wins": 33,
        "losses": 82,
        "wr": 28.695652173913043,
        "pf": 1.1304699534132525
      },
      "k>=5": {
        "net": 319.710000000141,
        "n": 101,
        "wins": 28,
        "losses": 73,
        "wr": 27.722772277227726,
        "pf": 1.0454763990987694
      },
      "k>=6": {
        "net": -192.77999999992608,
        "n": 42,
        "wins": 12,
        "losses": 30,
        "wr": 28.57142857142857,
        "pf": 0.9284685941581808
      }
    },
    "best": null
  }
}