{
  "S142": {
    "baseline": {
      "net": 21012.37000000003,
      "n": 211,
      "wins": 75,
      "losses": 136,
      "wr": 35.54502369668246,
      "pf": 1.7066318715225182
    },
    "best": null
  },
  "S81": {
    "baseline": {
      "net": 25488.32000000008,
      "n": 259,
      "wins": 73,
      "losses": 186,
      "wr": 28.185328185328185,
      "pf": 1.605610859040425
    },
    "best": null
  },
  "S143": {
    "baseline": {
      "net": 3933.990000000402,
      "n": 197,
      "wins": 67,
      "losses": 130,
      "wr": 34.01015228426396,
      "pf": 1.2490716769835049
    },
    "best": {
      "k": 2,
      "tp": 40,
      "be": null,
      "trail": null,
      "net": 4604.680000000491,
      "n": 234,
      "wins": 102,
      "losses": 132,
      "wr": 43.58974358974359,
      "pf": 1.268798053545055
    }
  }
}