{
  "user_note_spec": {
    "xau_new_pip": 3.3,
    "xau_old_pip": 5.0,
    "forex_comm": 0.0
  },
  "candidates": {
    "SHORT_MA SL30/TP30/H12": {
      "old": {
        "n": 3332,
        "net": -10001.95999999929,
        "h1": -9616.389999999274,
        "h2": -10000.100000000702,
        "wf": [
          -8136.0,
          -8040.0,
          -8211.0,
          -9545.0
        ],
        "maxdd": -10511.9299999993
      },
      "new": {
        "n": 3335,
        "net": -10000.320000000009,
        "h1": -9050.530000000017,
        "h2": -9793.60999999988,
        "wf": [
          -6846.0,
          -6983.0,
          -7194.0,
          -9281.0
        ],
        "maxdd": -10543.050000000014
      },
      "gate_old": false,
      "gate_new": false,
      "revived": false
    },
    "SHORT_MA SL25/TP20/H8": {
      "old": {
        "n": 3586,
        "net": -10002.749999999256,
        "h1": -9962.24999999926,
        "h2": -10002.190000000464,
        "wf": [
          -8904.0,
          -9102.0,
          -8723.0,
          -9881.0
        ],
        "maxdd": -10017.649999999274
      },
      "new": {
        "n": 3581,
        "net": -10001.700000000012,
        "h1": -9683.630000000014,
        "h2": -10001.999999999978,
        "wf": [
          -7967.0,
          -8526.0,
          -7858.0,
          -9730.0
        ],
        "maxdd": -10217.700000000004
      },
      "gate_old": false,
      "gate_new": false,
      "revived": false
    },
    "SHORT_MA SL20/TP15/H6": {
      "old": {
        "n": 3744,
        "net": -10000.809999999386,
        "h1": -10000.809999999386,
        "h2": -10002.040000000019,
        "wf": [
          -9634.0,
          -9572.0,
          -9487.0,
          -10001.0
        ],
        "maxdd": -10108.159999999414
      },
      "new": {
        "n": 3741,
        "net": -10000.980000000029,
        "h1": -10000.980000000029,
        "h2": -10001.56000000005,
        "wf": [
          -9203.0,
          -9171.0,
          -8993.0,
          -10000.0
        ],
        "maxdd": -10198.480000000025
      },
      "gate_old": false,
      "gate_new": false,
      "revived": false
    },
    "S71_EURUSD_comm0": {
      "new": {
        "n": 2077,
        "net": -6750.3399999976555,
        "h1": -5556.789999998441,
        "h2": -2694.7099999981983,
        "wf": [
          -2727.0,
          -3914.0,
          -2652.0,
          -105.0
        ],
        "maxdd": -7867.65999999785
      },
      "gate_new": false,
      "revived": false
    },
    "S71_AUDUSD_comm0": {
      "new": {
        "n": 1866,
        "net": -5370.589999998784,
        "h1": -3202.219999999281,
        "h2": -3143.9999999993106,
        "wf": [
          -2848.0,
          -474.0,
          -3213.0,
          43.0
        ],
        "maxdd": -5718.539999998939
      },
      "gate_new": false,
      "revived": false
    },
    "S149_pullback_both_comm0": {
      "new": {
        "n": 3791,
        "net": -9311.479999996836,
        "h1": -7070.549999997334,
        "h2": -7698.669999998131,
        "wf": [
          -4003.0,
          -5131.0,
          -6114.0,
          -4035.0
        ],
        "maxdd": -9952.479999996887
      },
      "gate_new": false,
      "revived": false,
      "params": {
        "sl": 30,
        "tp": 45,
        "hold": 64
      }
    },
    "S149_pullback_long_comm0": {
      "new": {
        "n": 2246,
        "net": -7315.639999997072,
        "h1": -3763.159999998038,
        "h2": -5720.809999998428,
        "wf": [
          -2554.0,
          -1665.0,
          -4434.0,
          -2320.0
        ],
        "maxdd": -8173.27999999709
      },
      "gate_new": false,
      "revived": false,
      "params": {
        "sl": 30,
        "tp": 45,
        "hold": 64
      }
    },
    "S149_pullback_short_comm0": {
      "new": {
        "n": 2287,
        "net": -8240.909999997397,
        "h1": -4888.63999999809,
        "h2": -6568.389999998537,
        "wf": [
          -2834.0,
          -2856.0,
          -5039.0,
          -3013.0
        ],
        "maxdd": -8482.439999997498
      },
      "gate_new": false,
      "revived": false,
      "params": {
        "sl": 30,
        "tp": 45,
        "hold": 64
      }
    }
  },
  "revived": []
}