{
  "comm7": {
    "Hour14_Short (s152)": {
      "net": -6139.469999998267,
      "n": 2127,
      "h1": -3876.1099999989283,
      "h2": -3686.3699999989094,
      "wf": [
        -2493.0,
        -1852.0,
        -2069.0,
        -2039.0
      ],
      "both_ok": false,
      "wf_ok": false,
      "pass_all": false
    },
    "MeanRev_Short_ma100_z2.5 (s150)": {
      "net": -3551.6199999988303,
      "n": 1184,
      "h1": -1620.5399999993897,
      "h2": -2334.219999999372,
      "wf": [
        -316.0,
        -1355.0,
        -1343.0,
        -1097.0
      ],
      "both_ok": false,
      "wf_ok": false,
      "pass_all": false
    },
    "MeanRev_Long_ma100_z2.5 (s150)": {
      "net": -4878.749999999092,
      "n": 1209,
      "h1": -3900.5199999994766,
      "h2": -1369.8699999993714,
      "wf": [
        -2473.0,
        -1930.0,
        -1859.0,
        607.0
      ],
      "both_ok": false,
      "wf_ok": false,
      "pass_all": false
    },
    "H4_MeanRev_Long_ma30_z1.8 (s151)": {
      "net": 875.030000000319,
      "n": 420,
      "h1": -1337.919999999869,
      "h2": 2900.2700000001987,
      "wf": [
        -150.0,
        -1204.0,
        2296.0,
        459.0
      ],
      "both_ok": false,
      "wf_ok": false,
      "pass_all": false
    }
  },
  "comm0": {
    "Hour14_Short (s152)": {
      "net": -4407.119999997962,
      "n": 2127,
      "h1": -2634.4599999988322,
      "h2": -2418.6299999988114,
      "wf": [
        -1752.0,
        -1079.0,
        -1308.0,
        -1272.0
      ],
      "both_ok": false,
      "wf_ok": false,
      "pass_all": false
    },
    "MeanRev_Short_ma100_z2.5 (s150)": {
      "net": -2074.2499999986785,
      "n": 1184,
      "h1": -700.869999999335,
      "h2": -1467.9399999993238,
      "wf": [
        218.0,
        -919.0,
        -851.0,
        -652.0
      ],
      "both_ok": false,
      "wf_ok": false,
      "pass_all": false
    },
    "MeanRev_Long_ma100_z2.5 (s150)": {
      "net": -3657.829999999003,
      "n": 1209,
      "h1": -3230.4899999994423,
      "h2": -385.1599999993141,
      "wf": [
        -2073.0,
        -1463.0,
        -1428.0,
        1225.0
      ],
      "both_ok": false,
      "wf_ok": false,
      "pass_all": false
    },
    "H4_MeanRev_Long_ma30_z1.8 (s151)": {
      "net": 1719.570000000329,
      "n": 420,
      "h1": -1015.2599999998638,
      "h2": 3282.4800000001887,
      "wf": [
        -1.0,
        -1015.0,
        2478.0,
        640.0
      ],
      "both_ok": false,
      "wf_ok": false,
      "pass_all": false
    }
  },
  "revived": []
}