{
  "S140": {
    "baseline": {
      "net": 7655.100000000035,
      "n": 305,
      "wins": 121,
      "losses": 184,
      "wr": 39.67213114754099,
      "pf": 1.2686708914071358
    },
    "variants": {
      "DXY<EMA200 (رژیمِ نزولیِ دلار)": {
        "net": 3913.2999999999683,
        "n": 182,
        "wins": 72,
        "losses": 110,
        "wr": 39.56043956043956,
        "pf": 1.2785976782696225
      },
      "قیمت>EMA200 (روندِ صعودیِ طلا)": {
        "net": 4258.079999999987,
        "n": 169,
        "wins": 67,
        "losses": 102,
        "wr": 39.64497041420118,
        "pf": 1.3189014060456814
      },
      "ATR14>ATR100 (نوسانِ بالا)": {
        "net": 8388.860000000011,
        "n": 257,
        "wins": 107,
        "losses": 150,
        "wr": 41.63424124513619,
        "pf": 1.3658200060527665
      },
      "ATR14<ATR100 (نوسانِ پایین)": {
        "net": 850.4100000000963,
        "n": 178,
        "wins": 66,
        "losses": 112,
        "wr": 37.07865168539326,
        "pf": 1.0713692256563643
      },
      "MACD hist>0 (مومنتومِ مثبت)": {
        "net": 5204.65999999998,
        "n": 211,
        "wins": 86,
        "losses": 125,
        "wr": 40.758293838862556,
        "pf": 1.325747907848314
      },
      "RSI∈[35,70] (غیرِاشباع)": {
        "net": 8750.980000000058,
        "n": 277,
        "wins": 114,
        "losses": 163,
        "wr": 41.15523465703971,
        "pf": 1.3340296913415066
      },
      "EMA50>EMA200 (روندِ ساختاری)": {
        "net": 3894.889999999965,
        "n": 155,
        "wins": 64,
        "losses": 91,
        "wr": 41.29032258064516,
        "pf": 1.3146488314848366
      },
      "DXY<EMA200 & قیمت>EMA200": {
        "net": 2807.449999999999,
        "n": 127,
        "wins": 51,
        "losses": 76,
        "wr": 40.15748031496063,
        "pf": 1.3055777781405944
      },
      "قیمت>EMA200 & MACD>0": {
        "net": 4518.950000000026,
        "n": 129,
        "wins": 56,
        "losses": 73,
        "wr": 43.41085271317829,
        "pf": 1.5086696548572351
      }
    },
    "best": {
      "filter": "RSI∈[35,70] (غیرِاشباع)",
      "net": 8750.980000000058,
      "n": 277,
      "wins": 114,
      "losses": 163,
      "wr": 41.15523465703971,
      "pf": 1.3340296913415066
    }
  },
  "S142": {
    "baseline": {
      "net": 21012.37000000003,
      "n": 211,
      "wins": 75,
      "losses": 136,
      "wr": 35.54502369668246,
      "pf": 1.7066318715225182
    },
    "variants": {
      "DXY<EMA200 (رژیمِ نزولیِ دلار)": {
        "net": 9671.02000000004,
        "n": 134,
        "wins": 47,
        "losses": 87,
        "wr": 35.07462686567165,
        "pf": 1.7735640182692245
      },
      "قیمت>EMA200 (روندِ صعودیِ طلا)": {
        "net": 10973.490000000042,
        "n": 125,
        "wins": 47,
        "losses": 78,
        "wr": 37.6,
        "pf": 1.9040905945162159
      },
      "ATR14>ATR100 (نوسانِ بالا)": {
        "net": 8374.620000000028,
        "n": 109,
        "wins": 39,
        "losses": 70,
        "wr": 35.77981651376147,
        "pf": 1.8470960230703786
      },
      "ATR14<ATR100 (نوسانِ پایین)": {
        "net": 13509.320000000072,
        "n": 179,
        "wins": 64,
        "losses": 115,
        "wr": 35.754189944134076,
        "pf": 1.6994653558236665
      },
      "MACD hist>0 (مومنتومِ مثبت)": {
        "net": 14247.19000000009,
        "n": 168,
        "wins": 60,
        "losses": 108,
        "wr": 35.714285714285715,
        "pf": 1.7341827140848152
      },
      "RSI∈[35,70] (غیرِاشباع)": {
        "net": 20100.11,
        "n": 191,
        "wins": 70,
        "losses": 121,
        "wr": 36.64921465968586,
        "pf": 1.8405533403448755
      },
      "EMA50>EMA200 (روندِ ساختاری)": {
        "net": 14316.410000000062,
        "n": 122,
        "wins": 48,
        "losses": 74,
        "wr": 39.34426229508197,
        "pf": 2.1324661045104363
      },
      "DXY<EMA200 & قیمت>EMA200": {
        "net": 6797.400000000034,
        "n": 93,
        "wins": 35,
        "losses": 58,
        "wr": 37.634408602150536,
        "pf": 1.921475195380019
      },
      "قیمت>EMA200 & MACD>0": {
        "net": 9087.790000000034,
        "n": 110,
        "wins": 42,
        "losses": 68,
        "wr": 38.18181818181819,
        "pf": 1.865479905793079
      }
    },
    "best": null
  },
  "S81": {
    "baseline": {
      "net": 25488.32000000008,
      "n": 259,
      "wins": 73,
      "losses": 186,
      "wr": 28.185328185328185,
      "pf": 1.605610859040425
    },
    "variants": {
      "DXY<EMA200 (رژیمِ نزولیِ دلار)": {
        "net": 7687.190000000082,
        "n": 140,
        "wins": 34,
        "losses": 106,
        "wr": 24.285714285714285,
        "pf": 1.5383107111169945
      },
      "قیمت>EMA200 (روندِ صعودیِ طلا)": {
        "net": 17883.760000000057,
        "n": 154,
        "wins": 47,
        "losses": 107,
        "wr": 30.519480519480517,
        "pf": 1.9246424872823766
      },
      "ATR14>ATR100 (نوسانِ بالا)": {
        "net": 11772.860000000052,
        "n": 187,
        "wins": 53,
        "losses": 134,
        "wr": 28.342245989304814,
        "pf": 1.5750679460651853
      },
      "ATR14<ATR100 (نوسانِ پایین)": {
        "net": 6932.110000000055,
        "n": 116,
        "wins": 33,
        "losses": 83,
        "wr": 28.448275862068968,
        "pf": 1.5947409331759281
      },
      "MACD hist>0 (مومنتومِ مثبت)": {
        "net": -98.63999999999942,
        "n": 1,
        "wins": 0,
        "losses": 1,
        "wr": 0.0,
        "pf": 0.0
      },
      "EMA50>EMA200 (روندِ ساختاری)": {
        "net": 21542.880000000092,
        "n": 241,
        "wins": 66,
        "losses": 175,
        "wr": 27.385892116182575,
        "pf": 1.6031156248215255
      },
      "DXY<EMA200 & قیمت>EMA200": {
        "net": 7729.1100000000515,
        "n": 90,
        "wins": 26,
        "losses": 64,
        "wr": 28.888888888888886,
        "pf": 1.8674558842839988
      }
    },
    "best": null
  },
  "S143": {
    "baseline": {
      "net": 3933.990000000402,
      "n": 197,
      "wins": 67,
      "losses": 130,
      "wr": 34.01015228426396,
      "pf": 1.2490716769835049
    },
    "variants": {
      "DXY<EMA200 (رژیمِ نزولیِ دلار)": {
        "net": 1424.990000000189,
        "n": 112,
        "wins": 31,
        "losses": 81,
        "wr": 27.67857142857143,
        "pf": 1.167497105512186
      },
      "قیمت>EMA200 (روندِ صعودیِ یورو)": {
        "net": 257.5400000001646,
        "n": 117,
        "wins": 32,
        "losses": 85,
        "wr": 27.350427350427353,
        "pf": 1.031317755929709
      },
      "ATR14>ATR100 (نوسانِ بالا)": {
        "net": 3098.8100000002833,
        "n": 145,
        "wins": 49,
        "losses": 96,
        "wr": 33.793103448275865,
        "pf": 1.292058701837784
      },
      "ATR14<ATR100 (نوسانِ پایین)": {
        "net": 2143.4700000002413,
        "n": 136,
        "wins": 48,
        "losses": 88,
        "wr": 35.294117647058826,
        "pf": 1.2289660226117398
      },
      "MACD hist>0 (مومنتومِ مثبت)": {
        "net": 1462.8000000002576,
        "n": 166,
        "wins": 53,
        "losses": 113,
        "wr": 31.92771084337349,
        "pf": 1.1203200968614833
      },
      "RSI∈[35,70] (غیرِاشباع)": {
        "net": 3743.96000000037,
        "n": 175,
        "wins": 62,
        "losses": 113,
        "wr": 35.42857142857142,
        "pf": 1.2882867621524414
      },
      "EMA50>EMA200 (روندِ ساختاری)": {
        "net": 3857.5000000001983,
        "n": 102,
        "wins": 35,
        "losses": 67,
        "wr": 34.31372549019608,
        "pf": 1.4826435982003294
      }
    },
    "best": null
  }
}