{
  "S142_best": {
    "baseline": {
      "net": 21012.37000000003,
      "n": 211,
      "wins": 75,
      "losses": 136,
      "wr": 35.54502369668246,
      "pf": 1.7066318715225182
    },
    "adaptive": {
      "net": 20817.070000000014,
      "n": 256,
      "wins": 107,
      "losses": 149,
      "wr": 41.796875,
      "pf": 1.6231420598671769
    },
    "params": {
      "tp_long": 500,
      "tp_short": 150,
      "score_thr": 3,
      "keys": [
        "price>EMA200",
        "EMA50>EMA200",
        "ATR14>ATR100",
        "MACD>0",
        "RSI∈[35,70]",
        "DXY<EMA200"
      ]
    }
  },
  "S81_best": null
}