{
  "S142": {
    "baseline": {
      "net": 21012.37000000003,
      "n": 211,
      "wins": 75,
      "losses": 136,
      "wr": 35.54502369668246,
      "pf": 1.7066318715225182
    },
    "best_wr40": {
      "k": 3,
      "tp": 250,
      "be": null,
      "trail": null,
      "net": 9369.100000000039,
      "n": 222,
      "wins": 90,
      "losses": 132,
      "wr": 40.54054054054054,
      "pf": 1.478382879906704
    }
  },
  "S81": {
    "baseline": {
      "net": 25488.32000000008,
      "n": 259,
      "wins": 73,
      "losses": 186,
      "wr": 28.185328185328185,
      "pf": 1.605610859040425
    },
    "best_wr40": {
      "k": 0,
      "tp": 180,
      "be": 120,
      "trail": null,
      "net": 7152.4300000001895,
      "n": 354,
      "wins": 149,
      "losses": 205,
      "wr": 42.090395480225986,
      "pf": 1.3105347980386077
    }
  }
}