{
 "m15_h18-21 (کامل)": {
  "net": 7378.760000000111,
  "n": 438,
  "wr": 39.726027397260275,
  "pf": 1.2064897366029863
 },
 "m15_h18-20 (بدونِ۲۱)": {
  "net": 9071.390000000127,
  "n": 416,
  "wr": 41.105769230769226,
  "pf": 1.2633387338047546
 },
 "m15_h21 تنها": {
  "net": 4592.560000000052,
  "n": 340,
  "wr": 40.0,
  "pf": 1.215023093904286
 },
 "m15_confirms": true,
 "s_m15_record": {
  "net": 7660.570000000025,
  "n": 205,
  "wr": 39.02439024390244,
  "pf": 1.378250066904792
 },
 "s140pp_m5": {
  "net": 9213.460000000003,
  "n": 272,
  "wr": 44.48529411764706,
  "pf": 1.3822550887009069
 },
 "wf": [
  2248.0,
  2889.0,
  963.0,
  1058.0
 ],
 "wf_ok": true,
 "halves_ok": true,
 "delta_vs_m15_record": 1552.9,
 "delta_vs_raw_m5": 559.9,
 "verdict": "accept"
}