{
  "کلِ H1 (۲۰۱۱+)": {
    "SoS": null,
    "Inertia": null
  },
  "هم‌تراز M15 (۲۰۲۰+)": {
    "SoS": {
      "label": "SoS(SignsOfS SL250/TP750/mh96",
      "ok": true,
      "net": 12765.489999999958,
      "wr": 48.31460674157304,
      "n": 267,
      "pf": 1.6908289683529674,
      "h1": 1507.1599999999999,
      "h2": 9529.030000000028,
      "wf": [
        583,
        880,
        1898,
        5992
      ],
      "sl": 250,
      "tp": 750,
      "mh": 96
    },
    "Inertia": null
  }
}