{
  "friday_full": {
    "net": 8491.700000000168,
    "wr": 48.61386138613861,
    "n": 1010
  },
  "friday_aligned": {
    "net": 4181.8500000001095,
    "wr": 43.76278118609407,
    "n": 489
  },
  "per_layer": {
    "S139_Overnight": {
      "n_days": 1622,
      "inter": 333,
      "pct_of_fri": 97.65395894428153,
      "corr": 0.381242725371455
    },
    "S140_Monday": {
      "n_days": 329,
      "inter": 17,
      "pct_of_fri": 4.9853372434017595,
      "corr": -0.23543353536011408
    },
    "S141_TurnOfMonth": {
      "n_days": 161,
      "inter": 35,
      "pct_of_fri": 10.263929618768328,
      "corr": 0.32073096449856897
    },
    "S142_MidMonth": {
      "n_days": 162,
      "inter": 35,
      "pct_of_fri": 10.263929618768328,
      "corr": 0.20352257711416136
    },
    "S144_EndOfMonth": {
      "n_days": 161,
      "inter": 31,
      "pct_of_fri": 9.090909090909092,
      "corr": 0.07389115520348177
    }
  },
  "n_fri_days": 341,
  "union_days": 1639,
  "inter_union": 336,
  "pct_union": 98.53372434017595,
  "indep_days": 5,
  "indep_net": -528.58,
  "overlap_net": -10666.819999999996
}