{
 "XAUUSD_H1": {
  "tf": "XAUUSD_H1",
  "cand": {
   "tf": "XAUUSD_H1",
   "side": "long",
   "ema": "20/50",
   "k": 5,
   "pen": 1.0,
   "max_gap": 40,
   "second_pen": true,
   "sl": 250,
   "tp": 500,
   "net": 1750.1,
   "wr": 56.25,
   "n": 96,
   "pf": 1.554,
   "wf": [
    [
     760.2,
     62.1,
     29
    ],
    [
     345.6,
     76.2,
     21
    ],
    [
     279.7,
     43.5,
     23
    ],
    [
     420.3,
     43.5,
     23
    ]
   ],
   "wf_ok": true,
   "both_ok": true,
   "accepted": true
  },
  "overlap": {
   "time": 61.5,
   "brooks": 14.6,
   "union_noTL": 68.8,
   "s215": 0.0,
   "full_union": 68.8,
   "indep_share": 31.2
  },
  "raw": {
   "net": 1750.1,
   "wr": 56.25,
   "n": 96
  },
  "indep": {
   "net": 781.5,
   "wr": 50.0,
   "n": 30,
   "pf": 1.981,
   "h1": -112.4000000000022,
   "h2": 893.8800000000003,
   "wf": [
    -8,
    -106,
    -131,
    930
   ],
   "passes": false
  },
  "overlap_part": {
   "net": 985.3,
   "wr": 59.09,
   "n": 66
  },
  "total": 96
 },
 "XAUUSD_H4": {
  "tf": "XAUUSD_H4",
  "cand": {
   "tf": "XAUUSD_H4",
   "side": "long",
   "ema": "10/30",
   "k": 5,
   "pen": 1.0,
   "max_gap": 80,
   "second_pen": true,
   "sl": 200,
   "tp": 300,
   "net": 972.3,
   "wr": 52.94,
   "n": 34,
   "pf": 1.732,
   "wf": [
    [
     342.6,
     60.0,
     10
    ],
    [
     276.4,
     50.0,
     8
    ],
    [
     30.2,
     41.7,
     12
    ],
    [
     343.4,
     75.0,
     4
    ]
   ],
   "wf_ok": true,
   "both_ok": true,
   "accepted": true
  },
  "overlap": {
   "time": 47.1,
   "brooks": 8.8,
   "union_noTL": 50.0,
   "s215": 0.0,
   "full_union": 50.0,
   "indep_share": 50.0
  },
  "raw": {
   "net": 972.3,
   "wr": 52.94,
   "n": 34
  },
  "indep": {
   "net": 459.8,
   "wr": 52.94,
   "n": 17,
   "pf": 1.628,
   "h1": 374.64999999999964,
   "h2": 85.14999999999995,
   "wf": [
    343,
    31,
    93,
    93
   ],
   "passes": false
  },
  "overlap_part": {
   "net": 532.8,
   "wr": 52.94,
   "n": 17
  },
  "total": 34
 },
 "XAUUSD_M15": {
  "tf": "XAUUSD_M15",
  "cand": {
   "tf": "XAUUSD_M15",
   "side": "long",
   "ema": "10/30",
   "k": 5,
   "pen": 0.3,
   "max_gap": 80,
   "second_pen": true,
   "sl": 250,
   "tp": 500,
   "net": 1164.5,
   "wr": 51.3,
   "n": 384,
   "pf": 1.094,
   "wf": [
    [
     640.8,
     53.2,
     94
    ],
    [
     20.9,
     51.1,
     92
    ],
    [
     489.9,
     61.6,
     86
    ],
    [
     112.2,
     42.0,
     112
    ]
   ],
   "wf_ok": true,
   "both_ok": true,
   "accepted": true
  },
  "overlap": {
   "time": 52.9,
   "brooks": 13.8,
   "union_noTL": 58.9,
   "s215": 0.0,
   "full_union": 58.9,
   "indep_share": 41.1
  },
  "raw": {
   "net": 1164.5,
   "wr": 51.3,
   "n": 384
  },
  "indep": {
   "net": -43.6,
   "wr": 50.0,
   "n": 158,
   "pf": 0.991,
   "h1": 214.43999999999858,
   "h2": -258.03999999999485,
   "wf": [
    205,
    -118,
    401,
    -929
   ],
   "passes": false
  },
  "overlap_part": {
   "net": 1245.0,
   "wr": 52.21,
   "n": 226
  },
  "total": 384
 },
 "XAUUSD_M5": {
  "tf": "XAUUSD_M5",
  "cand": {
   "tf": "XAUUSD_M5",
   "side": "long",
   "ema": "10/30",
   "k": 5,
   "pen": 1.0,
   "max_gap": 40,
   "second_pen": true,
   "sl": 300,
   "tp": 450,
   "net": 2520.0,
   "wr": 50.0,
   "n": 738,
   "pf": 1.106,
   "wf": [
    [
     165.6,
     44.7,
     170
    ],
    [
     245.7,
     53.6,
     168
    ],
    [
     1340.2,
     53.8,
     182
    ],
    [
     508.3,
     48.2,
     218
    ]
   ],
   "wf_ok": true,
   "both_ok": true,
   "accepted": true
  },
  "overlap": {
   "time": 54.5,
   "brooks": 11.2,
   "union_noTL": 59.2,
   "s215": 0.0,
   "full_union": 59.2,
   "indep_share": 40.8
  },
  "raw": {
   "net": 2520.0,
   "wr": 50.0,
   "n": 738
  },
  "indep": {
   "net": -382.7,
   "wr": 47.84,
   "n": 301,
   "pf": 0.955,
   "h1": 40.67999999999778,
   "h2": -244.43999999999693,
   "wf": [
    32,
    9,
    142,
    -406
   ],
   "passes": false
  },
  "overlap_part": {
   "net": 2810.4,
   "wr": 51.49,
   "n": 437
  },
  "total": 738
 }
}