{
 "XAUUSD_D1": {
  "tf": "XAUUSD_D1",
  "cand": {
   "tf": "XAUUSD_D1",
   "side": "long",
   "ema": "20/50",
   "k": 3,
   "pen": 0.6,
   "max_gap": 80,
   "sl": 250,
   "tp": 500,
   "net": 1559.2,
   "wr": 48.72,
   "n": 39,
   "pf": 1.708,
   "wf": [
    [
     190.8,
     42.9,
     7
    ],
    [
     727.1,
     66.7,
     9
    ],
    [
     284.2,
     41.7,
     12
    ],
    [
     385.5,
     45.5,
     11
    ]
   ],
   "wf_ok": true,
   "both_ok": true,
   "accepted": true
  },
  "overlap": {
   "time": 48.7,
   "brooks": 5.1,
   "union": 48.7,
   "indep_share": 51.3
  },
  "raw": {
   "net": 1559.2,
   "wr": 48.72,
   "n": 39
  },
  "indep": {
   "net": 973.6,
   "wr": 50.0,
   "n": 20,
   "pf": 1.961,
   "h1": 486.8,
   "h2": 486.8,
   "wf": [
    393,
    93,
    93,
    393
   ],
   "passes": false
  },
  "overlap_part": {
   "net": 613.9,
   "wr": 47.37,
   "n": 19
  },
  "total": 39
 },
 "XAUUSD_H1": {
  "tf": "XAUUSD_H1",
  "cand": {
   "tf": "XAUUSD_H1",
   "side": "long",
   "ema": "20/50",
   "k": 3,
   "pen": 1.0,
   "max_gap": 40,
   "sl": 150,
   "tp": 300,
   "net": 6515.5,
   "wr": 45.54,
   "n": 426,
   "pf": 1.218,
   "wf": [
    [
     913.7,
     50.6,
     79
    ],
    [
     1324.6,
     54.0,
     87
    ],
    [
     1418.6,
     43.4,
     113
    ],
    [
     1776.9,
     39.5,
     147
    ]
   ],
   "wf_ok": true,
   "both_ok": true,
   "accepted": true
  },
  "overlap": {
   "time": 53.8,
   "brooks": 5.9,
   "union": 56.6,
   "indep_share": 43.4
  },
  "raw": {
   "net": 6515.5,
   "wr": 45.54,
   "n": 426
  },
  "indep": {
   "net": 3217.3,
   "wr": 47.57,
   "n": 185,
   "pf": 1.296,
   "h1": 2656.2200000000084,
   "h2": 351.4699999999975,
   "wf": [
    1117,
    1540,
    355,
    104
   ],
   "passes": true
  },
  "overlap_part": {
   "net": 2386.6,
   "wr": 43.98,
   "n": 241
  },
  "total": 426
 },
 "XAUUSD_H4": {
  "tf": "XAUUSD_H4",
  "cand": {
   "tf": "XAUUSD_H4",
   "side": "long",
   "ema": "20/50",
   "k": 5,
   "pen": 1.0,
   "max_gap": 40,
   "sl": 150,
   "tp": 300,
   "net": 3524.5,
   "wr": 42.22,
   "n": 135,
   "pf": 1.359,
   "wf": [
    [
     863.2,
     47.6,
     21
    ],
    [
     1113.4,
     50.0,
     30
    ],
    [
     287.2,
     35.7,
     42
    ],
    [
     781.7,
     40.5,
     42
    ]
   ],
   "wf_ok": true,
   "both_ok": true,
   "accepted": true
  },
  "overlap": {
   "time": 57.8,
   "brooks": 9.6,
   "union": 63.7,
   "indep_share": 36.3
  },
  "raw": {
   "net": 3524.5,
   "wr": 42.22,
   "n": 135
  },
  "indep": {
   "net": 802.7,
   "wr": 40.82,
   "n": 49,
   "pf": 1.246,
   "h1": 1376.4099999999999,
   "h2": -477.7500000000001,
   "wf": [
    459,
    917,
    602,
    -973
   ],
   "passes": false
  },
  "overlap_part": {
   "net": 2518.0,
   "wr": 43.02,
   "n": 86
  },
  "total": 135
 },
 "XAUUSD_M15": {
  "tf": "XAUUSD_M15",
  "cand": {
   "tf": "XAUUSD_M15",
   "side": "long",
   "ema": "20/50",
   "k": 5,
   "pen": 1.0,
   "max_gap": 80,
   "sl": 200,
   "tp": 400,
   "net": 10784.7,
   "wr": 49.89,
   "n": 904,
   "pf": 1.2,
   "wf": [
    [
     108.5,
     47.9,
     190
    ],
    [
     2669.9,
     56.7,
     210
    ],
    [
     3747.9,
     54.3,
     234
    ],
    [
     1850.6,
     41.9,
     270
    ]
   ],
   "wf_ok": true,
   "both_ok": true,
   "accepted": true
  },
  "overlap": {
   "time": 55.9,
   "brooks": 6.0,
   "union": 57.9,
   "indep_share": 42.1
  },
  "raw": {
   "net": 10784.7,
   "wr": 49.89,
   "n": 904
  },
  "indep": {
   "net": 2995.5,
   "wr": 53.54,
   "n": 381,
   "pf": 1.188,
   "h1": 1986.3500000000058,
   "h2": 966.100000000001,
   "wf": [
    425,
    1562,
    1078,
    -10
   ],
   "passes": false
  },
  "overlap_part": {
   "net": 5874.4,
   "wr": 47.23,
   "n": 523
  },
  "total": 904
 },
 "XAUUSD_M30": {
  "tf": "XAUUSD_M30",
  "cand": {
   "tf": "XAUUSD_M30",
   "side": "long",
   "ema": "10/30",
   "k": 3,
   "pen": 1.0,
   "max_gap": 80,
   "sl": 150,
   "tp": 300,
   "net": 11466.2,
   "wr": 46.41,
   "n": 765,
   "pf": 1.18,
   "wf": [
    [
     405.1,
     47.4,
     154
    ],
    [
     2153.9,
     52.9,
     157
    ],
    [
     3998.3,
     51.1,
     190
    ],
    [
     2224.7,
     38.9,
     265
    ]
   ],
   "wf_ok": true,
   "both_ok": true,
   "accepted": true
  },
  "overlap": {
   "time": 55.4,
   "brooks": 9.2,
   "union": 59.9,
   "indep_share": 40.1
  },
  "raw": {
   "net": 11466.2,
   "wr": 46.41,
   "n": 765
  },
  "indep": {
   "net": 3790.7,
   "wr": 47.56,
   "n": 307,
   "pf": 1.225,
   "h1": 1747.7599999999916,
   "h2": 1938.1600000000117,
   "wf": [
    -105,
    1960,
    1488,
    349
   ],
   "passes": false
  },
  "overlap_part": {
   "net": 5471.9,
   "wr": 45.63,
   "n": 458
  },
  "total": 765
 },
 "XAUUSD_M5": {
  "tf": "XAUUSD_M5",
  "cand": {
   "tf": "XAUUSD_M5",
   "side": "long",
   "ema": "10/30",
   "k": 3,
   "pen": 0.3,
   "max_gap": 40,
   "sl": 150,
   "tp": 300,
   "net": 10655.9,
   "wr": 45.63,
   "n": 1589,
   "pf": 1.087,
   "wf": [
    [
     2038.7,
     48.8,
     334
    ],
    [
     2740.4,
     55.8,
     351
    ],
    [
     2388.8,
     45.2,
     400
    ],
    [
     783.9,
     36.8,
     506
    ]
   ],
   "wf_ok": true,
   "both_ok": true,
   "accepted": true
  },
  "overlap": {
   "time": 57.8,
   "brooks": 6.2,
   "union": 60.1,
   "indep_share": 39.9
  },
  "raw": {
   "net": 10655.9,
   "wr": 45.63,
   "n": 1589
  },
  "indep": {
   "net": 2006.7,
   "wr": 43.22,
   "n": 634,
   "pf": 1.059,
   "h1": 3462.900000000007,
   "h2": -1327.8300000000095,
   "wf": [
    499,
    2756,
    784,
    -1690
   ],
   "passes": false
  },
  "overlap_part": {
   "net": 7280.7,
   "wr": 47.23,
   "n": 955
  },
  "total": 1589
 }
}