{
  "friday": {
    "net": 3208.860000000057,
    "wr": 41.45077720207254,
    "n": 193
  },
  "s139": {
    "net": 11239.040000000277,
    "wr": 40.2073732718894,
    "n": 868
  },
  "intraday_overlap_pct": 50.77720207253886,
  "independent": {
    "net": 514.8500000000167,
    "wr": 52.083333333333336,
    "n": 48,
    "pf": 1.2438083061040885,
    "h1": 514.8500000000167,
    "h2": 0,
    "both": null
  }
}