{
  "candidate": {
    "run": 4,
    "rsi_lo": 45,
    "rsi_hi": 70,
    "clx": 1.8,
    "tp": 600,
    "sl": 300,
    "mh": 16
  },
  "raw": {
    "net": 4256.920000000086,
    "wr": 50.0,
    "n": 974,
    "pf": 1.2202666741176935,
    "h1": 456.8200000000197,
    "h2": 3492.810000000107,
    "wf": [
      387.850000000024,
      91.32000000002154,
      350.05000000003383,
      3118.9900000000725
    ],
    "wf_min": 91.32000000002154,
    "both": 1.0,
    "ok": true
  },
  "overlap_pct": 91.13601630157922,
  "independent": {
    "net": 641.9400000000151,
    "wr": 46.89655172413793,
    "n": 145,
    "pf": 1.2568078441726793,
    "h1": -10.439999999995052,
    "h2": 652.3800000000101,
    "wf": [
      -79.07999999999629,
      68.64000000000124,
      6.54000000000633,
      645.8400000000038
    ],
    "wf_min": -79.07999999999629,
    "both": 0.0,
    "ok": 0.0
  },
  "overlap": {
    "net": 4399.800000000092,
    "wr": 49.9455930359086,
    "n": 919,
    "pf": 1.2465093529339653,
    "h1": 390.97000000002845,
    "h2": 3614.6500000000924,
    "wf": [
      301.9800000000232,
      118.53000000002066,
      434.08000000003267,
      3003.62000000007
    ],
    "wf_min": 118.53000000002066,
    "both": 1.0,
    "ok": true
  },
  "n_all": 1963,
  "n_overlap": 1789,
  "n_indep": 174
}