{
  "raw": {
    "net": 2017.650000000047,
    "wr": 50.15873015873016,
    "n": 315,
    "pf": 1.2057396849740156,
    "h1": 945.8800000000156,
    "h2": 907.4300000000094,
    "wf": [
      692.7200000000048,
      251.99999999999818,
      68.70000000000618,
      696.7800000000025
    ],
    "wf_min": 68.70000000000618,
    "both": 1.0,
    "ok": true
  },
  "overlap_pct": 62.22222222222222,
  "independent": {
    "net": 404.91000000000713,
    "wr": 61.36363636363637,
    "n": 44,
    "pf": 2.3620950650923556,
    "h1": 404.91000000000713,
    "h2": 0,
    "wf": [
      404.91000000000713,
      0.0,
      0.0,
      0.0
    ],
    "wf_min": 0.0,
    "both": null,
    "ok": null
  },
  "n_all": 315,
  "n_overlap": 196
}