{
  "full_2011": {
    "net": 8266.980000000152,
    "wr": 49.94110718492344,
    "n": 849,
    "pf": 1.2176111466031971,
    "h1": 3013.8900000000776,
    "h2": 4376.130000000072,
    "wf": [
      2077.2000000000407,
      858.1000000000313,
      357.92000000000735,
      3693.470000000061
    ],
    "wf_min": 357.92000000000735,
    "both": 1.0,
    "ok": true
  },
  "record_window_2020": {
    "net": 3775.1000000000695,
    "wr": 44.73684210526316,
    "n": 380,
    "pf": 1.2074246724974835,
    "h1": 342.4500000000098,
    "h2": 3210.25000000006,
    "wf": [
      227.0500000000029,
      115.40000000000691,
      966.140000000014,
      1784.1700000000455
    ],
    "wf_min": 115.40000000000691,
    "both": 1.0,
    "ok": true
  },
  "params": {
    "sl": 200,
    "tp": 800,
    "mh": 6,
    "hours": [
      0,
      4,
      8
    ]
  },
  "incremental_share": 3775.1000000000695
}