{
  "name": "EURUSD",
  "n": 346,
  "net": -10119.012085551292,
  "ret": -101.19012085551293,
  "dd": -101.19012085551293,
  "pf": 0.6546496945920968,
  "wr": 17.4061433447099,
  "sharpe": -1.1914686577290667,
  "avglot": 1.2166473988439308,
  "net_comp": -7634.806065092138,
  "n_bull": 562,
  "n_bear": 317,
  "h1": [
    346,
    -10119.012085551292,
    -101.19012085551293,
    -101.19012085551293
  ],
  "h2": [
    439,
    -4949.576064841565,
    -49.495760648415654,
    -62.25623720132495
  ],
  "tradable": true
}