{
  "XAUUSD": {
    "name": "XAUUSD",
    "n": 1526,
    "net": 26641.493152727744,
    "ret": 266.4149315272774,
    "dd": -7.859761564368756,
    "pf": 1.2666703660178094,
    "wr": 52.94888597640891,
    "sharpe": 3.6504252932393895,
    "avglot": 0.1551310615989515,
    "net_comp": 111401.3200754518,
    "n_bull": 984,
    "n_bear": 542,
    "h1": [
      763,
      8376.112140527945,
      83.76112140527945,
      -14.707718915938075
    ],
    "h2": [
      763,
      18265.381012199712,
      182.65381012199714,
      -10.154778115202012
    ],
    "tradable": true
  },
  "EURUSD": {
    "name": "EURUSD",
    "n": 346,
    "net": -10119.012085551292,
    "ret": -101.19012085551293,
    "dd": -101.19012085551293,
    "pf": 0.6546496945920968,
    "wr": 17.4061433447099,
    "sharpe": -1.1914686577290667,
    "avglot": 1.2166473988439308,
    "net_comp": -7634.806065092138,
    "n_bull": 562,
    "n_bear": 317,
    "h1": [
      346,
      -10119.012085551292,
      -101.19012085551293,
      -101.19012085551293
    ],
    "h2": [
      439,
      -4949.576064841565,
      -49.495760648415654,
      -62.25623720132495
    ],
    "tradable": true
  },
  "AUDUSD": {
    "name": "AUDUSD",
    "n": 795,
    "net": -3678.3671072409015,
    "ret": -36.783671072409014,
    "dd": -42.58198821538403,
    "pf": 0.9340943399530207,
    "wr": 47.924528301886795,
    "sharpe": -0.7085500666935918,
    "avglot": 1.0979496855345912,
    "net_comp": -3635.975894044386,
    "n_bull": 0,
    "n_bear": 795,
    "h1": [
      398,
      -1713.8688140769045,
      -17.138688140769045,
      -33.39590231086772
    ],
    "h2": [
      397,
      -1964.4982931639752,
      -19.644982931639753,
      -33.36014863916802
    ],
    "tradable": true
  },
  "DXY": {
    "name": "DXY",
    "n": 0,
    "net": 0.0,
    "ret": 0.0,
    "dd": 0.0,
    "pf": 0.0,
    "wr": 0.0,
    "n_bull": 0,
    "n_bear": 0
  },
  "_portfolio": {
    "total_net": 12844.113959935548,
    "tradable_net_no_dxy": 12844.113959935548
  }
}