{
  "name": "AUDUSD",
  "n": 795,
  "net": -3678.3671072409015,
  "ret": -36.783671072409014,
  "dd": -42.58198821538403,
  "pf": 0.9340943399530207,
  "wr": 47.924528301886795,
  "sharpe": -0.7085500666935918,
  "avglot": 1.0979496855345912,
  "net_comp": -3635.975894044386,
  "n_bull": 0,
  "n_bear": 795,
  "h1": [
    398,
    -1713.8688140769045,
    -17.138688140769045,
    -33.39590231086772
  ],
  "h2": [
    397,
    -1964.4982931639752,
    -19.644982931639753,
    -33.36014863916802
  ],
  "tradable": true
}