{
  "name": "XAUUSD",
  "n": 1526,
  "net": 26641.493152727744,
  "ret": 266.4149315272774,
  "dd": -7.859761564368756,
  "pf": 1.2666703660178094,
  "wr": 52.94888597640891,
  "sharpe": 3.6504252932393895,
  "avglot": 0.1551310615989515,
  "net_comp": 111401.3200754518,
  "n_bull": 984,
  "n_bear": 542,
  "h1": [
    763,
    8376.112140527945,
    83.76112140527945,
    -14.707718915938075
  ],
  "h2": [
    763,
    18265.381012199712,
    182.65381012199714,
    -10.154778115202012
  ],
  "tradable": true
}