{
  "XAUUSD": {
    "name": "XAUUSD",
    "n": 1129,
    "net": 17487.040704042694,
    "ret": 174.87040704042693,
    "dd": -12.238896293302274,
    "pf": 1.2336577185901945,
    "wr": 52.524357838795396,
    "h1_net": 2050.0925136778897,
    "h2_net": 15436.948190364808,
    "n_raw": 1526,
    "raw_net": 26641.493152727737,
    "raw_n": 1526
  },
  "EURUSD": {
    "name": "EURUSD",
    "n": 18,
    "net": -157.336964714641,
    "ret": -1.5733696471464098,
    "dd": -4.095071491567905,
    "pf": 0.8314021998679315,
    "wr": 55.55555555555556,
    "h1_net": -70.8717156726616,
    "h2_net": -86.4652490419794,
    "n_raw": 879,
    "raw_net": -10119.012085550878,
    "raw_n": 346
  },
  "AUDUSD": {
    "name": "AUDUSD",
    "n": 275,
    "net": -3893.4647750734557,
    "ret": -38.934647750734555,
    "dd": -42.12400411541676,
    "pf": 0.8218292514918888,
    "wr": 41.45454545454545,
    "h1_net": -2254.6552171659196,
    "h2_net": -1638.8095579075452,
    "n_raw": 795,
    "raw_net": -3678.367107240714,
    "raw_n": 795
  },
  "DXY": {
    "name": "DXY",
    "n": 0,
    "net": 0.0,
    "n_raw": 0,
    "raw_net": 0.0,
    "pf": 0.0,
    "wr": 0.0,
    "h1_net": 0.0,
    "h2_net": 0.0
  },
  "_portfolio": {
    "total_raw": 12844.113959936143,
    "total_gated": 13436.2389642546,
    "gate_K": 40,
    "gate_thr": 0.0,
    "warmup": "gold_only"
  }
}