{
  "EURUSD": {
    "name": "EURUSD",
    "n": 353,
    "net": -10086.427037056184,
    "ret": -100.86427037056185,
    "dd": -100.8637130484431,
    "pf": 0.5669064382769201,
    "wr": 20.634920634920633,
    "n_long": 285,
    "n_short": 282,
    "h1_net": -8803.022384615031,
    "h2_net": -4053.1297228875865
  },
  "AUDUSD": {
    "name": "AUDUSD",
    "n": 402,
    "net": -10060.793291534701,
    "ret": -100.60793291534702,
    "dd": -100.60793291534702,
    "pf": 0.6144466282087323,
    "wr": 26.908396946564885,
    "n_long": 284,
    "n_short": 240,
    "h1_net": -6836.332310492863,
    "h2_net": -5222.165732867384
  },
  "XAUUSD": {
    "name": "XAUUSD",
    "n": 445,
    "net": -3067.6684795633983,
    "ret": -30.676684795633985,
    "dd": -39.77290513153686,
    "pf": 0.8827410073431127,
    "wr": 40.67415730337079,
    "n_long": 226,
    "n_short": 219,
    "h1_net": -2185.1673577809224,
    "h2_net": -882.5011217824849
  },
  "DXY": {
    "name": "DXY",
    "n": 230,
    "net": -10053.33863914736,
    "ret": -100.5333863914736,
    "dd": -100.52773209087191,
    "pf": 0.40516270302779056,
    "wr": 15.443037974683543,
    "n_long": 207,
    "n_short": 188,
    "h1_net": -8973.879482246832,
    "h2_net": -6737.074071500121
  },
  "_forex_net": -20147.220328590884
}