{
  "EURUSD": {
    "name": "EURUSD",
    "n": 318,
    "net": -10056.542127001758,
    "ret": -100.56542127001758,
    "dd": -100.55936390358318,
    "pf": 0.5871062892484553,
    "wr": 1.085521490391668,
    "n_long": 3520,
    "n_short": 3297,
    "h1_net": -10056.542127001758,
    "h2_net": -10049.31534651316
  },
  "AUDUSD": {
    "name": "AUDUSD",
    "n": 170,
    "net": -10096.395699123406,
    "ret": -100.96395699123406,
    "dd": -100.94348609429125,
    "pf": 0.3085663469806404,
    "wr": 0.3509284983184676,
    "n_long": 3401,
    "n_short": 3438,
    "h1_net": -10096.395699123406,
    "h2_net": -10077.640141867352
  },
  "DXY": {
    "name": "DXY",
    "n": 118,
    "net": -10004.508737486427,
    "ret": -100.04508737486427,
    "dd": -100.04472733227527,
    "pf": 0.10669788367204268,
    "wr": 0.11314350367716387,
    "n_long": 2723,
    "n_short": 2580,
    "h1_net": -10004.508737486427,
    "h2_net": -10050.183621352027
  },
  "_forex_net": -20152.937826125162
}