{
  "eurusd": {
    "name": "EURUSD",
    "n": 1007,
    "net": 7301.970000000922,
    "ret": 73.01970000000921,
    "dd": -2.4698350680800054,
    "pf": 1.6165699419652475,
    "wr": 67.52730883813307,
    "n_long": 1007,
    "n_short": 0,
    "h1_net": 2656.7700000004224,
    "h2_net": 4645.200000000506,
    "sharpe": 5.471424012315109
  },
  "xauusd_record": 37156.0,
  "total_net": 44457.97000000092
}