{
  "eurusd": {
    "name": "EURUSD",
    "n": 1028,
    "net": -10011.42414739413,
    "ret": -100.1142414739413,
    "dd": -100.10727139755693,
    "pf": 0.7925822239328048,
    "wr": 17.215988779803645,
    "n_long": 1007,
    "n_short": 1845,
    "h1_net": -10011.42414739413,
    "h2_net": -10004.48264101449,
    "sharpe": -1.0188956889821106
  },
  "xauusd_record": 37156.0,
  "total_net": 27144.57585260587
}