{
  "sl_pip": 150.0,
  "tp_pip": 450.0,
  "max_hold": 48,
  "full_long": {
    "net_profit": 13058.109999999033,
    "return_pct": 130.58109999999033,
    "n_trades": 946,
    "win_rate": 47.4630021141649,
    "profit_factor": 1.2352647715322111,
    "max_dd_pct": -18.2180615127135,
    "sharpe": 2.5833324463863025
  },
  "full_both": {
    "net_profit": 7933.539999999106,
    "return_pct": 79.33539999999107,
    "n_trades": 1706,
    "win_rate": 44.19695193434936,
    "profit_factor": 1.0914866895523325,
    "max_dd_pct": -24.326491370893418,
    "sharpe": 1.4919952769904874
  },
  "full_short": {
    "net_profit": -2082.9000000000688,
    "return_pct": -20.82900000000069,
    "n_trades": 774,
    "win_rate": 40.310077519379846,
    "profit_factor": 0.9300422621448705,
    "max_dd_pct": -41.51836657881354
  }
}