{
  "s88_net": 9402.609999999433,
  "s67_net": 21561.060012095015,
  "corr_daily": 0.37007150452339377,
  "combined_net": 30963.670012094528
}