{
  "s88": 13058.109999999033,
  "s67_entries": 46748.53999999658,
  "union": 33753.17999999729,
  "delta_vs_s67": -12995.359999999288
}